k,status,x,y,w,h,rx,ry,lx,ly,nx,ny
0,FAILED,,,,,,,,,,
1,OK,236,108,846,846,545.07,446.97,758.33,491.22,667.85,594.67
2,OK,220,113,884,884,544.62,459.12,767.02,508.3,669.05,626.89
3,OK,205,114,925,925,548.44,469.81,779.69,526.51,671.25,654.2
4,OK,205,122,933,933,553.32,479.4,783.99,546.63,675.34,664.88
5,OK,200,135,940,940,552.85,491.26,784.3,562.12,671.84,683.62
6,OK,198,152,934,934,545.77,509.35,777.61,573.7,669.76,697.24
7,OK,179,155,947,947,529.59,520.4,767.07,575.34,656.68,708.43
8,OK,176,165,932,932,522.62,528.88,756.44,583.41,645.42,707.76
9,OK,171,158,944,944,522.21,526.24,759.06,580.93,646.25,706.96
10,OK,180,158,947,947,528.75,527.75,767.58,576.89,658.96,711.5
11,OK,199,169,931,931,541.94,526.38,774.97,582.44,670.08,713.7
12,OK,203,175,922,922,544.17,529.52,773.58,590.83,669.79,713.64
13,OK,209,174,925,925,548.17,528.42,779.34,586.2,678.88,716.25
14,OK,209,176,920,920,546.22,531.94,776.97,586.22,677.04,714.53
15,OK,215,173,921,921,551.23,529.12,782.12,583.96,685.29,710.67
16,OK,203,168,928,928,543.8,529.41,777.13,581.07,675.09,709.72
17,OK,209,174,918,918,545.19,527.66,775.24,582.66,676.55,712.02
18,OK,199,176,923,923,537.95,524.37,769.1,580.14,668.41,721.81
19,OK,185,167,931,931,531.88,521.25,763.6,583.08,653.86,712.57
20,OK,183,170,933,933,529.06,526.72,762.01,585.61,653.21,717.28
21,OK,186,174,920,920,529.08,521.92,757.58,584.2,649.93,716.1
22,OK,170,158,947,947,529.66,506.13,762.43,578.57,641.18,720.15
23,OK,174,163,949,949,536.38,507.03,768.11,585.04,644.88,729.9
24,OK,164,167,955,955,528.09,515.44,763.32,587.22,637.72,737.52
25,OK,174,173,940,940,531.44,512.47,761.98,586.36,641.3,736.82
26,OK,178,174,937,937,534.71,513.12,763.75,589.03,644.22,733.81
27,OK,176,179,932,932,530.16,517.49,758.71,590.83,639.78,736.83
28,OK,156,167,954,954,523.24,514.0,756.4,591.16,627.5,735.98
29,OK,148,163,960,960,517.32,512.7,753.2,586.59,622.41,737.48
30,OK,170,173,928,928,524.21,513.77,751.56,587.3,630.15,724.35
31,OK,160,164,937,937,522.31,506.9,749.47,588.01,620.35,717.8
32,OK,153,142,948,948,518.59,494.34,749.17,574.78,620.39,698.32
33,OK,164,147,911,911,514.21,485.95,736.74,560.3,613.58,682.59
34,OK,187,110,867,867,517.03,442.3,728.11,514.9,618.11,609.12
35,OK,189,65,868,868,520.55,398.31,730.95,473.99,620.26,561.93
36,OK,210,52,819,819,518.78,376.66,720.14,439.42,619.61,514.35
37,OK,195,28,828,828,506.35,364.55,714.87,408.72,608.35,498.0
38,OK,220,33,807,807,517.94,367.98,722.86,402.28,627.39,488.37
39,OK,235,34,789,789,523.21,363.94,724.96,388.19,634.82,480.44
40,OK,248,49,774,774,531.61,374.54,729.98,394.23,640.04,488.32
41,OK,260,49,778,778,543.72,378.86,743.11,399.39,655.66,487.69
42,OK,264,54,784,784,551.14,379.32,751.1,407.68,661.02,499.59
43,OK,259,50,813,813,557.15,379.13,763.84,412.83,670.99,516.54
44,OK,256,57,823,823,557.68,389.58,767.06,421.92,673.57,531.11
45,OK,253,70,814,814,552.75,396.59,758.32,437.7,665.44,538.09
46,OK,246,61,829,829,549.75,393.44,759.57,432.6,666.33,537.11
47,OK,251,72,816,816,551.01,398.33,756.79,440.93,664.8,541.06
48,OK,247,71,826,826,545.1,408.3,755.11,441.66,671.37,543.73
49,OK,251,77,822,822,549.5,407.4,757.86,445.39,671.55,550.68
50,OK,250,72,832,832,553.81,405.2,764.19,445.56,674.36,552.32
51,OK,257,77,826,826,556.26,407.77,765.7,444.49,679.49,554.06
52,OK,265,74,816,816,559.91,400.24,766.47,438.87,683.03,545.77
53,OK,258,62,833,833,560.77,392.51,771.91,431.15,682.01,546.02
54,OK,255,62,843,843,564.41,391.06,777.2,434.01,682.57,554.89
55,OK,245,52,870,870,572.53,387.77,789.57,443.58,679.22,560.28
56,OK,255,73,850,850,579.86,395.91,789.97,457.73,676.68,569.32
57,OK,285,78,838,838,603.55,394.76,809.09,460.53,702.12,566.47
58,OK,321,102,821,821,633.36,403.9,832.55,474.64,729.23,586.02
59,OK,406,152,746,746,687.56,419.37,865.74,491.17,781.75,594.94
60,OK,406,156,758,758,694.86,425.53,874.28,502.61,785.63,606.64
61,OK,425,170,733,733,702.36,426.17,875.85,500.55,794.63,609.35
62,OK,420,176,730,730,694.37,437.46,867.73,510.6,789.52,609.18
63,OK,425,190,713,713,690.27,446.21,859.68,517.2,788.96,611.77
64,OK,394,173,754,754,675.78,446.57,857.92,514.09,776.97,620.5
65,OK,366,152,778,778,660.54,438.16,847.34,510.56,756.06,609.6
66,OK,359,152,791,791,656.01,443.39,847.06,513.82,757.72,615.64
67,OK,348,146,802,802,651.87,436.6,843.32,514.46,751.29,619.3
68,OK,353,150,778,778,644.7,437.61,831.51,510.42,747.25,604.68
69,OK,339,136,805,805,640.36,433.97,833.81,508.35,745.62,605.27
70,OK,321,124,822,822,629.0,430.21,828.55,500.8,736.68,605.87
71,OK,332,134,801,801,629.9,431.15,824.48,499.99,737.94,603.98
72,OK,330,132,804,804,628.03,431.0,824.2,497.11,739.16,604.17
73,OK,313,122,818,818,619.48,427.45,818.69,495.72,726.85,601.62
74,OK,311,122,810,810,614.52,424.22,811.27,493.44,720.55,596.01
75,OK,312,125,797,797,608.81,426.61,803.55,491.14,714.64,587.18
76,OK,322,135,784,784,613.86,429.67,805.18,494.25,720.18,592.29
77,OK,324,136,782,782,615.04,430.38,805.62,495.35,720.23,592.28
78,OK,321,133,787,787,613.41,428.55,805.53,492.8,719.67,591.37
79,OK,315,131,796,796,610.34,430.35,805.69,492.25,718.09,596.9
80,OK,313,129,801,801,608.75,431.23,806.35,490.9,719.05,598.24
81,OK,300,115,824,824,607.24,419.74,808.89,486.19,717.32,601.21
82,OK,309,122,806,806,604.66,423.9,803.11,484.59,720.71,597.23
83,OK,318,127,791,791,605.09,423.14,800.75,479.48,724.85,594.07
84,OK,318,125,789,789,604.36,423.07,798.96,482.05,722.44,587.02
85,OK,315,125,795,795,604.56,425.09,800.94,482.64,722.88,591.32
86,OK,316,125,787,787,600.43,424.2,795.4,479.26,720.63,585.79
87,OK,311,123,788,788,595.16,425.28,791.83,475.93,717.5,583.77
88,OK,316,125,773,773,593.54,425.74,786.3,475.32,714.55,573.0
89,OK,313,124,774,774,589.49,424.81,783.12,472.26,713.98,573.82
90,OK,326,132,767,767,601.41,421.25,791.22,475.78,722.21,581.5
91,OK,323,129,768,768,597.08,424.08,788.89,472.39,721.33,578.87
92,OK,309,121,785,785,589.7,424.05,785.5,474.08,714.77,577.92
93,OK,305,128,780,780,587.29,426.62,781.35,478.06,707.06,584.76
94,OK,301,125,777,777,581.86,423.22,774.02,478.79,700.96,575.61
95,OK,298,119,775,775,573.78,418.85,767.42,466.83,699.83,570.51
96,OK,296,109,778,778,574.58,410.47,768.1,462.54,700.54,560.42
97,OK,275,96,806,806,563.82,412.59,765.48,462.22,692.68,561.65
98,OK,255,87,825,825,556.74,404.64,760.56,465.04,676.07,564.86
99,OK,258,98,809,809,554.26,408.59,753.9,468.54,669.94,565.88
100,OK,249,87,822,822,549.83,407.79,753.95,464.01,669.47,560.75
101,OK,243,80,828,828,543.75,407.06,751.29,455.89,668.43,556.61
102,OK,238,79,830,830,541.14,405.75,748.34,458.05,661.54,557.26
103,OK,247,85,817,817,542.21,406.03,746.42,457.13,666.2,555.17
104,OK,252,87,806,806,541.07,405.61,743.73,450.18,669.44,553.97
105,OK,247,85,804,804,536.05,404.83,738.19,449.39,662.36,547.56
106,OK,243,74,815,815,536.26,389.08,740.19,439.04,662.79,549.73
107,OK,238,73,807,807,531.03,387.13,732.15,439.85,652.24,539.42
108,OK,232,73,809,809,525.46,384.28,727.42,435.82,646.39,544.48
109,OK,225,81,799,799,515.81,384.94,715.43,435.46,633.98,549.82
110,OK,212,66,805,805,502.36,383.59,705.49,424.96,624.14,533.05
111,OK,202,58,812,812,497.68,379.15,701.16,426.91,618.04,525.0
112,OK,206,54,800,800,493.04,376.73,695.52,414.5,617.88,513.83
113,OK,207,54,797,797,491.49,376.72,693.64,412.26,618.43,510.1
114,OK,198,47,812,812,492.62,370.61,696.8,415.6,614.95,513.83
115,OK,184,44,820,820,483.14,372.47,689.64,417.31,601.67,514.15
116,OK,186,50,815,815,479.72,379.34,686.38,416.79,604.54,516.14
117,OK,184,47,820,820,481.24,377.81,688.62,417.88,604.64,516.88
118,OK,183,50,819,819,479.16,379.27,686.47,418.74,601.29,520.3
119,OK,152,31,856,856,467.53,375.58,683.69,418.86,585.92,521.43
120,OK,167,42,831,831,469.28,379.43,679.71,418.51,590.97,516.85
121,OK,160,44,836,836,466.19,381.3,676.92,425.82,584.63,520.45
122,OK,165,54,824,824,464.05,388.56,672.69,426.92,586.31,525.14
123,OK,147,46,843,843,456.75,385.26,669.4,429.64,574.15,526.92
124,OK,159,64,811,811,456.39,389.11,660.62,433.38,569.61,527.83
125,OK,139,68,824,824,442.65,396.13,650.26,439.93,557.24,543.39
126,OK,131,65,832,832,435.42,398.55,646.07,437.15,554.88,545.1
127,OK,131,75,816,816,425.4,403.74,632.49,439.24,550.91,546.22
128,OK,122,76,814,814,415.03,407.86,622.17,440.17,540.39,542.45
129,OK,111,68,828,828,408.89,410.15,619.52,443.58,535.81,538.04
130,OK,101,73,838,838,407.05,413.28,619.0,454.22,528.62,550.68
131,OK,108,75,832,832,410.88,413.7,621.32,454.32,533.62,548.13
132,OK,109,78,828,828,409.84,412.36,619.29,452.57,533.26,551.98
133,OK,105,75,834,834,408.98,410.79,619.44,454.31,529.96,552.46
134,OK,113,79,823,823,409.53,412.01,617.75,451.68,535.69,549.8
135,OK,107,80,827,827,407.22,412.1,616.58,451.89,529.91,555.48
136,OK,112,82,821,821,408.39,412.28,616.37,449.76,533.05,553.52
137,OK,109,79,823,823,405.27,412.1,614.4,446.56,531.23,551.37
138,OK,82,53,855,855,398.62,389.41,612.21,442.57,513.82,545.21
139,OK,85,53,844,844,397.7,388.13,608.85,439.39,512.5,537.73
140,OK,88,58,831,831,394.28,391.19,603.09,437.58,507.93,531.9
141,OK,87,59,829,829,391.59,391.29,600.56,435.38,507.26,533.04
142,OK,89,62,824,824,391.37,393.89,599.33,435.59,506.92,535.14
143,OK,77,50,844,844,387.86,388.14,600.9,431.11,505.15,534.53
144,OK,79,44,849,849,390.1,385.83,604.35,429.17,509.24,530.3
145,OK,80,45,849,849,391.66,385.92,605.71,430.73,511.27,530.32
146,OK,77,47,849,849,390.33,386.25,604.16,432.05,506.37,532.92
147,OK,81,47,846,846,391.76,386.61,604.81,431.71,510.8,531.45
148,OK,85,49,837,837,391.42,387.72,602.34,431.87,509.79,525.65
149,OK,88,53,832,832,393.75,387.81,602.95,434.12,510.5,528.55
150,OK,92,62,819,819,391.02,397.38,598.52,435.24,509.17,526.31
151,OK,90,59,827,827,392.6,396.13,601.7,436.3,510.05,529.11
152,OK,97,63,822,822,396.31,397.13,603.71,439.23,516.16,531.65
153,OK,101,70,819,819,396.31,401.81,604.24,436.88,519.98,539.55
154,OK,111,74,815,815,402.38,407.12,610.18,437.1,531.27,540.97
155,OK,119,69,809,809,404.71,403.54,612.16,423.84,538.21,534.11
156,OK,123,61,817,817,412.34,397.8,621.84,417.08,546.03,531.67
157,OK,131,68,822,822,425.27,399.44,635.07,428.31,554.05,545.7
158,OK,155,59,805,805,441.9,389.69,647.79,414.13,570.09,520.72
159,OK,152,44,813,813,445.42,379.54,653.12,406.62,568.25,507.79
160,OK,172,38,804,804,456.41,379.39,662.68,398.72,589.84,491.05
161,OK,197,44,778,778,468.84,372.59,668.62,388.72,605.11,486.94
162,OK,207,37,759,759,480.65,346.95,672.66,383.0,595.8,468.72
163,OK,212,20,746,746,482.48,333.82,672.19,363.53,592.94,437.87
164,OK,222,21,737,737,485.9,331.82,673.84,358.48,601.04,434.52
165,OK,210,25,745,745,478.67,339.84,669.54,359.44,591.11,446.05
166,OK,193,11,787,787,481.07,344.63,682.51,367.92,591.18,451.84
167,OK,200,9,779,779,486.91,340.52,685.76,367.21,593.1,444.07
168,OK,210,13,776,776,498.12,338.04,695.08,372.55,600.01,446.84
169,OK,201,11,783,783,490.78,341.1,690.39,369.43,593.42,450.31
170,OK,194,-8,792,792,486.33,335.5,689.66,351.04,593.59,432.89
171,OK,186,-38,812,812,482.71,334.46,691.87,335.31,597.2,401.95
172,OK,180,-36,819,819,482.67,332.34,693.43,340.93,591.79,410.71
173,OK,187,-29,811,811,483.9,334.2,692.25,348.75,596.03,412.16
174,OK,176,-28,824,824,484.14,332.19,695.38,353.17,586.7,426.79
175,OK,162,-26,832,832,475.49,335.28,688.82,354.01,575.04,436.68
176,OK,165,-17,830,830,476.65,342.58,689.79,360.33,578.53,446.48
177,OK,171,-14,836,836,479.02,352.27,694.11,359.37,591.72,452.66
178,OK,175,4,826,826,480.78,365.48,693.35,372.83,589.92,465.09
179,OK,185,14,801,801,483.18,355.83,688.85,370.62,585.54,466.44
180,OK,193,16,791,791,489.53,354.85,692.73,368.89,585.27,461.78
181,OK,205,31,768,768,493.98,359.21,690.97,375.79,585.78,463.46
182,OK,207,34,762,762,492.66,365.33,688.7,376.63,586.21,459.25
183,OK,212,25,758,758,495.33,350.88,690.01,367.09,589.53,450.1
184,OK,225,33,751,751,506.95,353.49,697.97,383.29,597.65,449.4
185,OK,232,47,752,752,517.07,365.36,706.29,406.92,604.33,461.17
186,OK,244,61,749,749,525.78,368.89,713.37,413.95,618.09,479.34
187,OK,255,73,755,755,536.08,383.52,725.53,427.63,633.2,495.47
188,OK,257,73,762,762,538.31,387.91,730.65,426.79,641.93,501.96
189,OK,276,94,749,749,552.31,397.31,739.77,442.81,655.31,516.17
190,OK,276,100,755,755,554.42,404.36,743.83,448.73,658.1,528.31
191,OK,281,114,750,750,557.83,414.15,745.38,460.55,661.55,542.15
192,OK,277,114,755,755,556.71,412.74,744.48,463.49,659.38,543.91
193,OK,265,102,768,768,545.75,409.51,739.4,450.23,656.67,542.94
194,OK,243,86,780,780,534.14,398.79,729.83,444.79,634.55,530.72
195,OK,228,75,798,798,528.29,394.02,728.12,441.87,626.4,531.24
196,OK,222,79,791,791,521.95,394.42,720.5,439.74,613.92,531.75
197,OK,217,80,786,786,516.74,394.96,714.11,439.6,606.0,530.57
198,OK,235,96,762,762,527.75,394.18,716.6,447.75,611.46,533.63
199,OK,249,95,758,758,536.32,391.97,724.76,442.93,626.17,531.43
200,OK,240,86,769,769,532.65,391.56,724.6,440.59,621.37,524.79
201,OK,237,89,756,756,524.21,389.81,713.82,434.07,612.53,523.66
202,OK,226,84,767,767,517.71,391.7,710.74,433.55,605.63,523.35
203,OK,212,85,770,770,506.13,395.57,701.14,430.97,592.32,526.96
204,OK,205,84,771,771,499.12,396.38,695.39,427.31,584.66,527.45
205,OK,205,100,763,763,492.93,411.05,688.13,433.93,581.74,540.82
206,OK,204,110,753,753,487.89,418.45,681.21,435.37,576.77,546.58
207,OK,202,118,738,738,480.58,423.82,670.23,435.4,568.53,546.12
208,OK,205,121,723,723,475.03,424.15,661.09,429.7,565.62,538.34
209,OK,207,126,711,711,471.67,426.4,654.75,429.28,562.07,535.61
210,OK,211,135,699,699,474.6,426.74,654.4,437.86,555.99,537.46
211,OK,207,136,713,713,477.45,422.48,660.06,442.07,557.71,552.19
212,OK,224,149,694,694,486.28,425.45,663.39,450.22,568.61,555.22
213,OK,239,162,688,688,495.91,438.22,672.14,456.2,583.88,565.5
214,OK,243,169,695,695,500.39,449.54,678.24,469.63,592.44,572.5
215,OK,241,161,721,721,501.33,457.85,687.01,461.01,608.77,583.45
216,OK,239,157,731,731,503.15,463.91,691.36,465.15,611.59,579.97
217,OK,263,168,727,727,522.6,472.91,709.94,475.97,637.1,589.03
218,OK,291,198,696,696,534.84,494.64,714.08,489.77,655.24,599.96
219,OK,282,193,704,704,530.47,489.97,711.92,488.43,648.44,601.39
220,OK,258,175,730,730,517.19,483.15,705.07,486.42,635.3,595.61
221,OK,253,177,737,737,514.18,488.3,703.91,488.27,634.3,603.27
222,OK,242,172,747,747,504.45,491.0,696.83,484.95,631.01,603.05
223,OK,231,177,747,747,494.33,495.84,686.63,490.06,618.46,608.23
224,OK,219,175,749,749,482.01,500.12,674.26,485.08,607.96,606.19
225,OK,223,175,744,744,486.15,496.78,677.41,485.32,609.94,604.8
226,OK,228,180,738,738,487.48,497.12,677.45,488.08,611.55,607.3
227,OK,221,178,746,746,484.67,498.69,676.54,486.56,609.31,609.8
228,OK,211,161,774,774,485.97,491.19,685.13,483.96,612.2,609.79
229,OK,211,166,761,761,484.51,486.48,680.42,486.09,600.9,605.89
230,OK,214,170,753,753,484.23,488.08,678.26,488.21,599.77,605.73
231,OK,220,174,741,741,485.91,485.2,676.6,489.65,599.77,602.55
232,OK,216,163,745,745,484.46,477.33,676.24,479.92,596.81,592.1
233,OK,223,174,729,729,484.75,478.97,672.29,485.44,595.65,594.77
234,OK,224,169,728,728,487.83,469.15,674.73,483.29,595.44,591.6
235,OK,225,167,727,727,486.81,472.74,673.97,480.81,597.46,584.98
236,OK,218,151,738,738,486.34,461.92,676.08,475.26,593.97,572.9
237,OK,216,147,740,740,485.04,459.47,675.32,471.62,593.69,569.88
238,OK,217,147,740,740,486.32,456.65,676.34,471.55,592.86,569.96
239,OK,218,149,733,733,484.1,458.76,672.59,469.42,591.25,567.23
240,OK,219,153,735,735,485.34,463.32,674.28,474.34,593.81,573.11
241,OK,215,152,740,740,482.8,465.56,673.09,475.68,592.55,575.02
242,OK,220,157,729,729,483.16,464.33,670.76,473.56,591.77,574.38
243,OK,219,155,732,732,483.04,463.67,671.37,471.19,594.39,575.72
244,OK,217,158,730,730,481.64,466.05,669.44,473.68,589.87,577.52
245,OK,214,160,730,730,480.14,465.09,667.87,476.81,584.71,580.81
246,OK,215,159,731,731,480.06,464.47,668.14,475.33,585.9,579.33
247,OK,213,161,731,731,478.57,466.35,666.56,476.82,583.81,580.62
248,OK,217,166,725,725,480.05,469.8,666.46,479.87,585.48,581.51
249,OK,218,166,725,725,480.39,471.28,666.84,479.24,586.69,581.3
250,OK,221,173,716,716,480.31,472.15,664.58,479.09,586.93,586.81
251,OK,221,166,724,724,483.11,466.99,669.26,477.53,590.08,585.27
252,OK,219,164,724,724,482.67,464.86,668.89,476.85,587.78,582.77
253,OK,219,164,727,727,481.77,465.54,668.73,475.57,589.07,583.75
254,OK,222,171,717,717,480.33,466.18,664.83,475.66,588.46,588.27
255,OK,215,168,714,714,473.57,464.27,657.3,472.45,579.01,583.44
256,OK,215,170,713,713,473.68,464.03,657.22,470.02,577.99,585.03
257,OK,208,170,717,717,470.52,464.26,654.78,474.62,570.75,588.39
258,OK,206,166,720,720,470.59,460.82,655.52,473.31,570.76,586.05
259,OK,190,171,727,727,460.88,465.78,647.49,481.68,553.55,595.89
260,OK,192,174,720,720,459.2,466.99,644.02,482.54,553.02,594.12
261,OK,186,171,732,732,458.77,467.28,646.38,486.05,552.73,597.63
262,OK,169,164,743,743,443.89,470.34,634.96,478.86,541.69,596.67
263,OK,164,170,745,745,440.08,475.64,631.77,484.62,536.43,605.67
264,OK,159,178,739,739,432.65,483.5,622.9,486.91,530.22,610.64
265,OK,148,184,753,753,427.74,490.33,621.48,496.12,524.2,628.63
266,OK,151,190,745,745,427.57,492.25,619.36,499.86,523.7,628.13
267,OK,144,189,755,755,423.32,493.9,617.67,502.43,522.07,635.03
268,OK,137,189,754,754,418.96,494.8,612.86,504.96,513.27,633.07
269,OK,115,179,787,787,407.99,495.97,610.48,503.86,507.8,645.08
270,OK,137,197,757,757,412.36,507.16,607.38,506.7,520.47,644.29
271,OK,127,190,767,767,409.17,499.14,606.68,505.22,513.02,644.0
272,OK,124,187,768,768,406.59,501.94,604.39,504.42,511.13,640.18
273,OK,150,183,737,737,416.67,490.52,606.22,482.21,524.74,615.7
274,OK,148,153,748,748,418.62,469.94,610.86,459.03,530.12,590.04
275,OK,157,140,742,742,424.42,456.74,615.22,444.21,537.07,572.91
276,OK,160,123,751,751,435.7,438.28,629.17,440.33,539.16,558.2
277,OK,186,124,732,732,454.94,432.16,643.25,441.53,556.74,543.45
278,OK,209,139,710,710,471.78,433.69,653.25,455.36,566.91,544.86
279,OK,237,139,692,692,490.02,424.6,667.04,445.42,589.08,536.62
280,OK,248,139,685,685,495.55,420.14,670.93,440.4,597.26,531.9
281,OK,240,130,695,695,493.0,419.27,670.96,437.58,592.19,526.68
282,OK,243,125,696,696,498.92,413.95,676.92,436.11,595.9,522.3
283,OK,240,122,705,705,499.14,417.03,679.46,438.67,596.09,520.95
284,OK,236,122,702,702,497.82,413.2,676.56,440.39,588.4,520.97
285,OK,235,106,717,717,499.45,407.85,682.26,433.64,595.96,508.34
286,OK,238,115,714,714,502.65,417.41,684.24,445.69,597.68,513.51
287,OK,247,139,687,687,500.68,421.83,675.01,452.74,593.64,527.82
288,OK,242,143,688,688,495.39,424.6,670.11,454.62,590.05,536.32
289,OK,228,140,700,700,488.26,426.62,665.05,462.63,579.82,536.86
290,OK,219,139,700,700,480.15,428.04,657.03,463.35,570.28,533.32
291,OK,216,136,702,702,478.39,425.73,655.83,461.01,566.93,531.83
292,OK,219,142,695,695,478.82,428.06,654.26,463.65,566.23,533.39
293,OK,220,146,690,690,478.77,429.66,652.99,465.05,565.38,535.57
294,OK,223,146,689,689,479.36,430.08,653.79,462.34,568.07,534.28
295,OK,226,147,687,687,480.6,430.07,654.85,460.3,572.0,535.91
296,OK,222,139,694,694,479.06,426.37,655.62,454.48,572.5,533.35
297,OK,227,150,686,686,480.41,432.42,654.82,460.12,573.11,539.9
298,OK,227,146,686,686,479.85,429.79,654.32,457.97,573.1,534.4
299,OK,229,144,686,686,481.27,426.55,655.68,455.66,575.68,533.42
300,OK,230,149,685,685,482.98,424.97,656.32,457.3,575.82,540.93
301,OK,226,148,688,688,481.25,425.82,655.26,459.44,573.43,541.44
302,OK,225,143,692,692,480.76,425.6,655.85,458.43,574.15,536.78
303,OK,223,142,692,692,479.3,423.51,654.41,457.29,571.35,536.42
304,OK,220,144,688,688,476.59,427.8,650.93,460.03,565.36,532.57
305,OK,216,140,696,696,474.49,427.06,650.94,458.37,566.89,533.86
306,OK,220,141,693,693,476.47,425.21,652.1,457.41,567.78,533.38
307,OK,228,147,680,680,478.53,428.58,651.21,457.52,571.72,532.2
308,OK,220,136,691,691,474.85,422.03,650.55,450.34,567.86,526.77
309,OK,217,132,690,690,471.62,418.18,647.31,444.93,565.13,524.29
310,OK,221,142,678,678,468.0,428.44,641.7,446.16,565.32,525.96
311,OK,222,141,676,676,467.89,427.26,641.38,443.02,566.76,524.26
312,OK,218,138,679,679,464.81,424.92,639.01,441.4,563.51,522.43
313,OK,218,138,679,679,464.15,423.59,638.22,439.33,563.02,523.05
314,OK,217,135,683,683,465.62,422.23,640.75,438.9,564.58,523.06
315,OK,217,134,684,684,466.02,424.32,641.43,440.18,565.44,521.13
316,OK,213,134,688,688,462.67,426.4,639.24,440.6,563.16,523.39
317,OK,222,140,681,681,466.43,430.03,641.25,444.07,570.3,523.07
318,OK,215,129,689,689,464.23,420.98,641.11,435.81,566.32,519.12
319,OK,215,126,688,688,463.28,418.77,640.0,431.62,566.68,515.01
320,OK,213,125,693,693,464.15,415.92,641.98,431.06,565.41,520.21
321,OK,217,133,683,683,464.49,420.26,639.66,435.61,565.12,521.58
322,OK,217,144,680,680,464.71,427.14,639.08,443.21,563.08,534.06
323,OK,223,145,675,675,467.34,426.39,640.59,441.62,566.63,531.51
324,OK,227,145,678,678,475.5,421.96,648.57,444.8,571.38,535.4
325,OK,219,137,691,691,473.7,417.89,649.47,445.32,566.55,533.03
326,OK,236,130,678,678,482.21,409.67,655.84,428.61,582.54,519.23
327,OK,223,107,706,706,478.33,408.6,659.7,420.29,584.38,505.92
328,OK,220,108,692,692,470.89,409.53,648.59,421.75,573.96,493.07
329,OK,198,89,714,714,462.16,396.24,644.56,419.81,557.65,484.94
330,OK,197,86,717,717,462.71,393.07,646.13,415.52,556.63,483.8
331,OK,190,74,723,723,457.09,386.8,641.95,408.8,554.05,473.26
332,OK,188,54,730,730,457.69,373.94,643.97,400.02,556.32,452.94
333,OK,203,68,709,709,463.72,373.09,643.59,404.88,562.07,455.53
334,OK,183,53,735,735,453.7,371.53,640.09,405.24,553.18,453.21
335,OK,161,50,743,743,435.15,379.03,625.4,399.51,534.45,453.51
336,OK,164,60,737,737,436.35,384.82,625.05,405.45,534.76,461.77
337,OK,172,75,732,732,440.02,396.16,627.55,415.97,543.92,476.92
338,OK,167,78,730,730,436.57,396.62,624.0,412.68,535.0,482.81
339,OK,177,83,721,721,439.33,401.38,624.76,412.37,543.37,480.08
340,OK,174,81,725,725,438.16,402.51,624.59,412.14,541.46,480.59
341,OK,176,88,720,720,438.09,408.22,623.36,415.35,542.69,485.26
342,OK,171,86,727,727,437.97,405.92,624.77,418.81,537.48,485.83
343,OK,181,107,711,711,443.96,411.75,625.71,433.67,538.36,503.14
344,OK,188,110,713,713,448.16,417.53,630.75,435.98,548.96,505.48
345,OK,180,110,724,724,444.1,421.22,630.21,434.03,547.58,516.55
346,OK,181,115,719,719,441.87,427.79,627.04,435.18,547.3,518.18
347,OK,179,117,729,729,444.25,430.35,631.64,441.51,548.09,527.45
348,OK,175,122,729,729,439.78,434.57,627.22,445.36,544.99,532.6
349,OK,172,124,733,733,440.25,434.44,628.65,446.76,542.83,540.69
350,OK,183,135,717,717,442.57,441.36,627.01,452.3,547.8,540.23
351,OK,184,137,717,717,443.62,443.4,627.84,454.8,549.34,541.66
352,OK,177,130,730,730,442.88,443.19,630.57,454.13,548.33,543.18
353,OK,178,132,729,729,443.15,443.11,630.45,455.85,547.61,543.9
354,OK,174,125,739,739,442.4,440.62,632.52,448.16,549.15,544.24
355,OK,172,118,741,741,442.46,431.09,633.19,438.54,547.68,541.99
356,OK,174,119,738,738,443.27,430.4,633.13,438.09,548.5,542.24
357,OK,175,117,736,736,444.69,425.67,633.86,436.61,547.78,539.81
358,OK,197,131,715,715,456.35,428.22,639.82,444.33,561.13,540.63
359,OK,222,131,705,705,479.1,419.11,658.79,446.07,579.99,535.22
360,OK,232,143,695,695,486.29,423.06,662.51,454.68,584.89,542.23
361,OK,228,144,697,697,488.67,418.44,662.76,462.2,578.11,545.36
362,OK,238,153,678,678,493.93,419.46,661.67,467.91,576.32,540.87
363,OK,228,151,697,697,491.71,427.09,664.65,475.53,574.42,547.93
364,OK,218,153,708,708,489.89,429.22,663.76,483.96,567.27,558.97
365,OK,218,155,707,707,489.64,431.0,663.96,483.63,567.15,559.97
366,OK,202,143,719,719,478.25,427.9,655.7,480.63,555.94,550.13
367,OK,197,145,719,719,476.61,428.88,652.63,486.36,548.45,551.96
368,OK,192,149,722,722,473.77,432.6,650.95,489.45,544.73,560.97
369,OK,192,152,722,722,471.33,435.4,649.82,488.01,545.98,564.71
370,OK,194,150,727,727,474.88,433.88,654.4,487.17,550.32,565.57
371,OK,198,155,720,720,474.61,438.53,653.21,488.16,553.19,567.21
372,OK,198,151,725,725,475.22,435.81,655.17,486.09,556.39,565.99
373,OK,198,159,715,715,467.52,443.72,646.86,485.6,553.27,567.91
374,OK,210,168,690,690,466.75,451.44,641.54,483.47,556.8,559.29
375,OK,210,152,709,709,474.54,435.55,653.49,471.77,565.18,560.13
376,OK,224,156,691,691,478.57,439.19,654.18,467.53,572.75,550.17
377,OK,231,152,684,684,481.28,433.35,655.66,457.87,578.46,542.43
378,OK,228,149,684,684,479.25,432.17,653.7,457.39,574.31,537.41
379,OK,231,147,694,694,485.23,429.33,661.53,459.0,583.93,544.9
380,OK,231,148,694,694,484.73,434.03,661.46,461.66,584.06,542.97
381,OK,233,162,690,690,483.0,445.63,658.75,471.63,585.16,555.37
382,OK,226,162,696,696,480.0,451.22,656.88,479.68,580.19,555.12
383,OK,218,170,696,696,474.34,453.6,651.6,479.84,570.85,570.82
384,OK,195,168,706,706,455.1,462.52,636.11,479.81,552.3,572.29
385,OK,180,159,729,729,449.64,456.75,636.04,479.73,545.18,578.69
386,OK,167,174,727,727,435.25,466.04,621.82,481.82,532.34,601.88
387,OK,152,166,736,736,425.5,469.81,614.71,481.75,521.67,593.27
388,OK,141,156,740,740,415.66,463.9,606.01,475.84,512.66,582.88
389,OK,143,165,715,715,403.88,473.44,588.08,477.39,504.63,569.51
390,OK,107,144,723,723,371.74,462.22,557.89,453.81,472.0,553.64
391,OK,96,131,737,737,364.58,456.61,554.06,443.41,470.04,549.51
392,OK,85,105,750,750,357.85,440.61,550.34,424.41,465.96,528.71
393,OK,83,108,742,742,354.4,439.16,544.91,424.82,459.29,527.87
394,OK,83,114,721,721,349.1,443.34,533.74,422.88,445.18,516.87
395,OK,80,109,721,721,348.15,439.12,533.08,421.13,439.56,509.03
396,OK,82,111,721,721,349.45,442.8,533.91,420.58,443.27,511.17
397,OK,85,104,724,724,353.3,437.72,538.58,417.69,448.67,505.15
398,OK,91,101,737,737,362.0,437.34,550.98,418.75,462.18,511.21
399,OK,122,107,720,720,382.93,434.49,567.68,419.47,488.82,508.81
400,OK,137,111,714,714,396.36,432.56,579.87,420.09,501.73,510.29
401,OK,160,125,707,707,416.11,433.69,598.28,435.69,519.24,522.33
402,OK,162,120,718,718,420.65,431.5,605.59,428.21,529.55,528.34
403,OK,183,139,706,706,435.04,445.81,616.97,447.21,547.98,538.9
404,OK,182,132,714,714,439.69,440.24,623.24,449.48,546.57,533.46
405,OK,185,135,711,711,442.59,437.67,625.17,451.51,546.71,537.16
406,OK,187,135,713,713,445.37,437.41,628.38,451.23,550.82,539.5
407,OK,178,126,718,718,437.72,433.49,622.45,441.56,544.62,533.49
408,OK,176,124,715,715,432.9,431.44,617.15,431.21,542.56,531.69
409,OK,180,130,706,706,433.92,431.22,615.81,436.63,542.59,534.04
410,OK,188,135,699,699,440.49,429.58,620.09,441.07,545.23,534.24
411,OK,193,140,692,692,441.81,432.58,619.72,443.45,549.11,535.21
412,OK,190,138,696,696,440.44,433.95,619.43,444.58,546.99,534.0
413,OK,188,137,701,701,440.0,433.58,620.36,443.9,546.32,536.65
414,OK,186,139,704,704,439.51,435.61,620.57,445.4,546.18,542.38
415,OK,190,141,702,702,442.3,434.8,622.8,444.32,550.44,545.13
416,OK,189,141,703,703,440.26,436.46,620.98,446.04,549.98,544.22
417,OK,182,138,711,711,436.53,436.43,619.52,443.93,547.4,546.27
418,OK,170,141,720,720,430.34,444.5,615.53,454.45,538.2,553.07
419,OK,162,143,726,726,423.88,454.48,610.76,459.53,533.79,555.07
420,OK,178,153,711,711,431.93,456.73,614.89,462.67,542.65,557.36
421,OK,169,143,725,725,430.01,444.97,616.66,450.84,539.96,562.1
422,OK,173,138,719,719,429.32,441.64,614.47,440.2,543.22,554.91
423,OK,173,139,720,720,432.56,438.31,617.91,446.08,542.6,556.65
424,OK,168,135,726,726,427.55,438.41,614.63,440.96,541.82,558.2
425,OK,175,140,722,722,431.5,441.88,617.58,442.72,547.52,560.2
426,OK,165,142,729,729,423.49,450.11,611.21,442.53,542.49,566.42
427,OK,156,153,721,721,411.91,458.03,597.34,448.4,528.47,572.96
428,OK,153,153,722,722,411.57,460.29,597.54,456.58,525.28,570.05
429,OK,149,156,727,727,411.16,465.35,598.29,464.46,521.1,573.39
430,OK,147,161,727,727,407.73,469.72,595.01,463.97,519.99,581.61
431,OK,146,166,729,729,408.63,466.59,596.33,467.91,519.37,593.31
432,OK,153,173,723,723,413.9,471.41,599.96,480.71,522.79,593.01
433,OK,154,174,720,720,415.22,467.94,599.99,483.14,521.47,593.53
434,OK,162,181,707,707,418.51,470.21,599.83,486.28,522.77,589.93
435,OK,160,169,722,722,420.77,464.28,606.2,478.94,528.89,588.93
436,OK,160,164,726,726,424.88,463.85,611.19,479.99,529.5,582.87
437,OK,169,172,708,708,429.07,468.97,610.67,484.23,526.68,575.86
438,OK,169,164,720,720,432.8,465.63,617.82,479.88,534.03,575.99
439,OK,179,161,717,717,440.81,457.63,624.39,477.82,542.07,570.5
440,OK,189,163,703,703,446.58,455.43,626.19,479.25,544.53,562.25
441,OK,188,158,710,710,447.52,452.74,628.63,477.32,548.3,561.67
442,OK,194,161,707,707,452.14,453.07,632.44,478.23,551.88,564.12
443,OK,195,161,706,706,452.94,453.42,633.23,478.1,553.76,562.8
444,OK,193,164,707,707,452.01,456.55,632.26,482.43,551.62,566.44
445,OK,196,167,703,703,453.61,455.66,632.5,483.63,552.07,567.43
446,OK,195,169,703,703,453.09,458.2,632.3,484.58,550.64,570.53
447,OK,191,164,711,711,452.53,454.9,633.56,482.9,550.73,570.63
448,OK,188,163,712,712,449.85,456.67,631.44,481.9,548.3,569.56
449,OK,181,164,715,715,442.07,461.22,625.31,480.73,542.34,571.48
450,OK,172,163,723,723,437.57,459.34,622.61,479.97,537.02,579.63
451,OK,177,167,717,717,440.47,459.41,623.97,481.41,539.68,581.13
452,OK,176,165,717,717,438.35,464.41,622.24,480.6,539.0,574.22
453,OK,172,162,721,721,434.5,466.42,619.93,477.21,538.58,572.25
454,OK,177,175,706,706,436.23,466.45,617.5,481.7,535.05,582.4
455,OK,157,156,732,732,423.43,464.88,611.76,471.5,529.68,577.15
456,OK,154,157,738,738,422.68,469.77,612.5,478.06,529.53,578.48
457,OK,160,163,729,729,424.56,471.1,612.2,479.57,530.54,580.54
458,OK,165,165,725,725,425.64,471.32,612.4,476.26,536.96,580.36
459,OK,166,167,722,722,426.13,470.29,612.04,478.48,535.64,581.77
460,OK,157,161,732,732,422.49,469.32,610.81,477.63,530.35,581.21
461,OK,162,165,726,726,425.37,471.43,612.06,480.22,532.71,581.71
462,OK,164,168,723,723,426.64,470.49,612.52,480.93,531.67,582.86
463,OK,166,164,720,720,425.92,472.14,611.32,477.64,533.98,573.72
464,OK,159,161,731,731,422.22,473.07,610.47,476.15,532.02,579.01
465,OK,152,155,738,738,420.02,462.7,610.14,468.22,528.58,583.04
466,OK,148,151,747,747,417.82,463.61,610.26,465.08,529.16,584.28
467,OK,142,148,752,752,414.16,465.26,607.82,463.51,526.57,585.25
468,OK,143,150,744,744,412.29,466.61,604.03,465.27,522.55,579.93
469,OK,148,151,740,740,414.89,466.02,605.58,463.74,527.08,578.07
470,OK,144,153,745,745,414.11,464.35,605.99,466.6,522.77,586.2
471,OK,156,155,733,733,421.16,465.01,609.97,471.49,529.83,575.33
472,OK,167,166,720,720,426.89,473.66,612.29,478.86,535.15,577.71
473,OK,167,170,717,717,425.92,474.46,610.64,479.99,532.82,579.06
474,OK,177,171,713,713,431.88,470.69,615.53,476.83,542.35,581.94
475,OK,174,164,721,721,435.24,461.57,620.31,477.43,540.61,579.5
476,OK,170,158,726,726,433.58,466.79,620.28,475.7,540.45,571.42
477,OK,192,168,703,703,448.0,459.95,627.59,483.42,549.04,567.24
478,OK,206,180,678,678,450.99,466.9,624.57,486.77,552.39,562.08
479,OK,204,175,685,685,451.53,462.28,626.73,483.73,553.6,561.61
480,OK,212,180,676,676,456.32,464.22,629.19,485.62,558.97,562.34
481,OK,206,174,690,690,455.64,462.93,632.08,484.7,559.24,566.0
482,OK,205,172,693,693,454.44,460.53,631.86,479.23,559.2,566.14
483,OK,215,174,681,681,461.43,454.46,634.68,482.05,563.55,561.43
484,OK,203,170,690,690,453.01,458.58,629.63,479.15,555.04,562.44
485,OK,191,159,699,699,444.56,455.15,623.6,472.96,546.86,553.75
486,OK,179,150,723,723,441.77,451.36,627.11,469.29,546.19,562.19
487,OK,196,159,705,705,448.98,449.68,629.67,468.04,557.37,564.74
488,OK,210,168,694,694,459.62,455.18,637.67,470.27,567.28,568.41
489,OK,224,181,687,687,470.51,457.26,646.14,479.13,576.52,580.76
490,OK,224,176,692,692,471.28,455.68,648.83,472.63,581.51,580.07
491,OK,234,183,682,682,477.76,454.62,651.91,477.24,585.95,583.13
492,OK,236,185,687,687,483.86,453.91,658.45,482.19,588.6,588.41
493,OK,239,180,688,688,487.51,451.74,662.53,479.71,592.78,583.67
494,OK,221,177,706,706,478.69,457.13,658.67,483.75,580.09,591.29
495,OK,236,199,676,676,482.78,466.69,654.87,492.98,580.52,595.71
496,OK,233,196,680,680,481.29,463.68,654.07,492.17,578.81,595.95
497,OK,228,192,686,686,478.8,463.14,653.6,489.62,576.57,593.84
498,OK,231,195,683,683,479.07,465.55,653.05,491.08,579.94,593.69
499,OK,231,195,684,684,479.97,464.37,653.77,493.51,579.27,596.28
500,OK,223,188,696,696,477.03,460.5,653.79,491.11,577.85,598.17
501,OK,224,192,698,698,477.32,460.94,654.19,493.34,580.9,606.17
502,OK,220,197,700,700,475.19,463.02,652.45,496.59,577.06,615.27
503,OK,224,200,694,694,478.8,462.09,653.7,498.43,577.19,615.18
504,OK,223,195,696,696,476.98,462.6,653.49,494.54,577.39,609.07
505,OK,227,206,692,692,479.23,472.01,655.31,499.57,579.62,619.0
506,OK,230,208,686,686,480.62,470.81,654.96,499.29,578.73,618.01
507,OK,228,210,687,687,478.03,474.3,653.08,499.57,577.95,619.57
508,OK,219,210,683,683,466.44,476.58,641.53,494.35,567.65,618.5
509,OK,212,213,689,689,460.79,479.72,637.65,495.08,562.85,627.32
510,OK,212,218,684,684,459.25,486.67,635.1,498.54,562.82,629.31
511,OK,212,222,691,691,462.56,490.36,639.72,506.23,564.77,636.25
512,OK,215,225,698,698,466.32,492.7,645.3,509.64,572.62,647.75
513,OK,211,235,689,689,462.77,497.81,638.93,519.81,559.92,649.83
514,OK,190,241,689,689,445.2,502.87,620.48,530.12,535.98,654.59
515,OK,170,231,707,707,434.58,498.7,614.09,529.37,522.1,655.18
516,OK,178,234,699,699,439.34,500.08,616.97,529.9,526.56,652.93
517,OK,185,236,700,700,446.76,500.2,624.93,528.52,535.72,657.7
518,OK,176,228,715,715,443.75,501.51,625.78,530.23,532.5,655.73
519,OK,185,238,691,691,441.47,502.66,617.52,529.5,531.54,650.92
520,OK,191,236,692,692,446.08,502.91,622.83,526.22,539.8,650.37
521,OK,202,230,685,685,450.74,495.34,626.18,513.22,551.27,640.65
522,OK,198,218,700,700,452.78,488.49,632.12,505.91,554.44,639.87
523,OK,187,217,703,703,442.08,494.34,622.99,501.77,544.51,638.97
524,OK,169,204,710,710,428.42,486.98,611.16,493.99,529.87,629.03
525,OK,171,197,706,706,427.46,481.87,609.21,489.91,530.0,615.9
526,OK,156,170,733,733,423.37,463.7,611.68,478.66,526.73,601.67
527,OK,156,161,734,734,425.71,456.47,613.81,475.89,526.5,591.75
528,OK,168,163,724,724,433.48,455.99,619.05,474.22,535.41,586.12
529,OK,167,151,739,739,435.6,456.13,625.36,470.72,543.31,577.93
530,OK,161,145,737,737,430.07,451.56,619.47,464.83,533.3,568.39
531,OK,162,149,724,724,429.2,454.12,614.83,471.88,527.0,559.26
532,OK,163,156,717,717,429.18,457.91,612.66,478.74,521.18,561.03
533,OK,165,153,721,721,431.63,455.21,616.24,475.72,527.5,561.37
534,OK,185,164,707,707,445.25,456.29,625.8,479.6,542.16,566.76
535,OK,196,171,695,695,450.9,457.06,628.32,480.72,546.84,568.13
536,OK,195,166,696,696,451.41,452.97,628.76,478.94,546.5,563.2
537,OK,195,166,696,696,451.25,454.12,628.8,479.77,547.35,561.64
538,OK,187,163,706,706,447.64,458.13,627.98,481.29,543.48,563.99
539,OK,197,172,692,692,452.63,460.76,629.37,483.61,546.86,564.62
540,OK,202,175,690,690,456.99,457.97,631.66,491.5,550.96,566.51
541,OK,196,168,704,704,456.74,456.33,634.73,490.54,551.99,567.65
542,OK,197,173,702,702,456.47,460.87,634.14,494.25,550.7,571.64
543,OK,200,178,695,695,456.35,463.39,632.18,496.42,550.05,570.33
544,OK,194,174,702,702,455.36,462.18,632.83,497.42,547.68,572.19
545,OK,197,173,700,700,454.69,462.59,632.15,495.07,551.04,568.19
546,OK,182,160,721,721,450.05,454.75,632.26,490.94,543.85,568.8
547,OK,166,156,730,730,438.11,460.16,623.59,491.21,531.86,566.42
548,OK,169,157,726,726,440.4,457.48,624.21,492.38,532.8,566.97
549,OK,165,153,729,729,439.65,451.8,623.42,490.61,528.4,564.74
550,OK,171,160,718,718,439.12,458.53,620.98,491.94,530.62,564.6
551,OK,176,166,709,709,438.05,462.27,618.38,490.83,532.18,564.6
552,OK,171,160,718,718,437.91,459.94,620.37,489.58,532.19,564.85
553,OK,171,161,719,719,437.66,459.78,620.5,489.35,531.29,565.49
554,OK,170,160,720,720,437.83,458.84,620.64,489.7,531.7,566.44
555,OK,171,160,718,718,437.55,459.49,620.23,488.68,531.96,564.74
556,OK,173,162,716,716,438.64,461.33,620.82,490.57,532.87,564.49
557,OK,176,163,713,713,440.05,460.63,621.39,490.34,534.5,562.61
558,OK,176,160,715,715,440.14,458.84,621.97,488.47,535.05,561.6
559,OK,174,158,718,718,440.89,457.01,623.41,487.2,534.92,563.65
560,OK,176,164,714,714,441.75,460.21,622.97,490.92,535.63,568.07
561,OK,173,162,715,715,437.71,459.02,619.46,488.01,531.6,565.46
562,OK,168,152,722,722,436.28,453.35,619.99,482.06,530.41,560.0
563,OK,163,146,730,730,434.79,445.54,620.19,477.21,530.02,561.62
564,OK,161,146,732,732,433.12,446.32,619.07,476.72,529.0,562.5
565,OK,158,140,742,742,432.34,443.71,621.16,473.92,532.18,564.74
566,OK,160,147,736,736,433.29,445.53,620.61,474.89,530.78,570.39
567,OK,157,138,746,746,435.14,442.87,624.59,474.69,531.83,564.55
568,OK,163,142,739,739,437.09,443.33,624.84,474.54,533.34,564.65
569,OK,163,151,731,731,436.32,444.17,621.76,477.44,528.15,571.98
570,OK,165,152,732,732,438.83,445.14,624.37,479.34,530.87,573.93
571,OK,162,151,741,741,439.45,449.8,627.1,484.54,531.53,575.83
572,OK,162,156,739,739,439.87,452.12,626.8,488.51,529.49,581.22
573,OK,177,170,727,727,450.37,454.52,634.08,491.38,538.8,593.3
574,OK,177,171,725,725,452.59,456.94,635.48,495.0,534.05,590.13
575,OK,203,176,724,724,477.01,455.82,657.84,501.12,562.6,598.66
576,OK,225,190,692,692,485.81,460.1,659.63,500.14,570.65,592.27
577,OK,226,185,698,698,491.25,454.23,664.97,500.18,571.97,592.25
578,OK,234,187,695,695,498.7,452.46,671.23,500.16,578.4,592.08
579,OK,244,192,684,684,504.41,451.69,673.6,500.73,583.77,592.18
580,OK,240,186,697,697,507.24,451.18,678.92,503.91,584.6,591.02
581,OK,241,188,692,692,506.96,453.3,677.27,506.02,582.72,589.71
582,OK,246,187,692,692,508.76,457.08,680.19,506.2,590.03,585.21
583,OK,252,183,689,689,510.63,451.31,682.28,496.48,596.3,582.03
584,OK,250,182,690,690,507.49,456.72,680.53,497.6,596.54,577.47
585,OK,247,183,693,693,507.28,451.66,679.59,498.62,594.41,583.27
586,OK,245,189,679,679,497.39,459.11,667.84,498.76,585.93,578.74
587,OK,235,184,695,695,494.05,455.21,668.1,496.71,583.21,586.06
588,OK,233,182,695,695,491.61,453.67,666.46,492.55,582.94,585.59
589,OK,237,182,692,692,492.14,455.23,666.34,492.84,587.28,583.11
590,OK,235,186,690,690,490.8,459.6,664.02,498.89,582.76,584.45
591,OK,229,185,696,696,488.62,461.28,664.06,498.59,579.51,587.02
592,OK,233,185,692,692,489.96,460.79,664.14,498.47,582.21,584.3
593,OK,238,189,687,687,491.89,459.22,664.77,496.99,584.49,587.74
594,OK,228,188,695,695,484.94,465.21,660.47,499.93,577.33,589.37
595,OK,229,190,691,691,485.23,464.46,659.68,500.44,576.78,587.85
596,OK,227,185,698,698,487.19,460.92,662.79,499.76,577.93,589.32
597,OK,229,187,697,697,487.63,461.77,663.17,500.02,579.03,589.78
598,OK,223,184,702,702,485.71,461.63,662.37,500.22,575.47,590.84
599,OK,225,186,697,697,484.76,461.67,660.32,499.27,574.64,589.4
600,OK,227,191,689,689,483.02,465.06,656.75,501.58,572.8,588.06
601,OK,224,189,694,694,482.66,463.94,657.51,501.33,572.18,589.75
602,OK,227,189,691,691,483.57,462.98,657.95,499.19,574.06,588.69
603,OK,224,185,699,699,486.08,459.19,661.5,500.26,574.01,588.41
604,OK,226,186,697,697,485.4,459.5,660.68,498.89,575.18,590.21
605,OK,226,186,693,693,484.58,458.73,658.61,498.77,573.54,585.99
606,OK,226,186,695,695,485.06,460.64,659.41,500.97,575.13,587.19
607,OK,232,192,690,690,488.71,464.0,661.81,503.92,578.83,590.68
608,OK,230,190,691,691,486.13,467.18,660.03,505.29,577.89,585.47
609,OK,231,192,691,691,488.57,465.61,661.53,507.38,578.31,589.16
610,OK,229,190,693,693,487.03,462.4,660.86,503.44,576.84,590.52
611,OK,228,188,696,696,487.73,458.47,662.28,499.68,578.79,593.95
612,OK,223,182,703,703,485.06,457.47,661.47,498.05,575.36,588.53
613,OK,225,184,697,697,485.01,457.13,659.59,498.67,574.07,586.17
614,OK,232,188,692,692,489.86,460.29,663.41,501.08,580.14,589.07
615,OK,227,185,696,696,486.84,461.18,661.67,500.49,576.67,586.71
616,OK,225,184,697,697,484.74,461.13,659.29,502.77,574.01,582.88
617,OK,224,183,697,697,484.86,460.49,659.11,503.91,573.38,581.78
618,OK,230,191,688,688,486.53,465.4,658.64,507.83,575.82,583.42
619,OK,226,185,692,692,484.52,465.07,658.26,504.99,574.54,577.17
620,OK,231,178,700,700,487.61,463.5,665.04,495.03,585.88,576.89
621,OK,239,187,683,683,489.91,460.43,662.24,495.28,585.07,579.88
622,OK,236,182,688,688,489.09,455.28,662.53,491.29,584.84,580.08
623,OK,234,187,683,683,485.28,456.66,657.6,492.08,578.94,583.19
624,OK,231,186,687,687,483.79,457.21,657.47,491.18,578.31,584.32
625,OK,232,181,689,689,484.49,455.28,658.89,488.75,581.1,579.15
626,OK,228,177,695,695,483.6,455.83,659.4,490.16,579.75,575.16
627,OK,227,174,698,698,485.04,452.32,660.78,489.83,580.6,576.04
628,OK,228,175,695,695,483.98,452.44,659.23,488.7,579.32,574.89
629,OK,223,172,699,699,480.88,454.65,657.73,489.04,576.69,571.6
630,OK,223,177,683,683,476.12,452.64,646.58,496.09,568.56,562.28
631,OK,222,178,670,670,471.95,448.33,638.2,494.23,560.67,556.36
632,OK,212,166,695,695,471.83,445.23,644.45,492.61,561.14,558.4
633,OK,221,160,697,697,480.41,439.7,653.72,486.56,571.79,554.16
634,OK,241,164,683,683,489.99,438.44,661.43,477.35,590.01,553.94
635,OK,236,156,693,693,489.46,435.49,663.44,475.12,588.07,550.18
636,OK,238,163,684,684,488.84,439.78,660.69,478.41,586.71,551.3
637,OK,250,164,674,674,493.22,436.24,663.69,469.01,596.77,551.03
638,OK,232,156,692,692,484.15,439.08,659.38,472.25,586.01,548.77
639,OK,239,164,681,681,485.72,441.38,658.25,473.56,587.67,551.99
640,OK,241,166,680,680,487.21,443.04,659.51,474.67,590.35,554.5
641,OK,232,163,683,683,480.21,443.57,653.48,473.7,580.22,549.83
642,OK,233,163,680,680,480.01,443.39,652.32,475.5,580.13,548.05
643,OK,217,150,702,702,472.24,440.16,651.2,465.68,575.16,550.53
644,OK,210,144,711,711,469.31,435.78,650.32,463.42,572.1,549.5
645,OK,197,144,718,718,459.77,437.18,643.15,461.97,560.83,558.41
646,OK,199,151,709,709,457.64,441.2,638.6,465.05,559.86,558.87
647,OK,191,148,709,709,450.52,438.31,631.45,462.56,550.64,555.31
648,OK,179,147,710,710,443.91,436.36,624.57,464.86,535.3,554.42
649,OK,177,149,713,713,441.3,441.43,622.97,468.18,534.83,555.81
650,OK,173,146,714,714,438.61,440.58,620.78,465.78,531.82,553.47
651,OK,169,140,718,718,437.41,436.14,620.46,463.03,528.31,550.29
652,OK,165,134,726,726,436.36,433.3,621.4,460.04,528.33,548.86
653,OK,166,138,723,723,435.63,435.67,620.03,462.13,526.93,549.21
654,OK,167,141,718,718,436.7,433.16,619.35,462.43,525.62,552.57
655,OK,166,141,723,723,435.05,435.36,619.41,461.84,527.18,556.33
656,OK,166,149,718,718,432.03,455.63,616.02,473.37,527.07,553.15
657,OK,169,154,712,712,433.1,455.99,615.42,474.75,526.89,555.11
658,OK,158,146,728,728,425.3,455.22,612.52,467.33,525.45,558.75
659,OK,151,147,721,721,417.74,459.79,603.25,468.92,512.98,551.13
660,OK,137,159,719,719,405.5,468.32,590.29,480.5,495.68,563.19
661,OK,117,147,744,744,395.09,464.3,586.6,473.88,488.03,570.5
662,OK,118,160,733,733,390.41,468.87,579.17,476.16,483.6,581.31
663,OK,85,166,749,749,366.77,489.07,559.56,484.08,456.02,593.71
664,OK,75,176,775,775,360.61,506.99,560.16,502.99,464.26,621.95
665,OK,83,173,778,778,368.9,502.62,569.37,500.83,475.9,622.28
666,OK,121,177,751,751,394.52,493.59,587.99,495.2,502.48,610.72
667,OK,127,175,759,759,399.86,498.5,595.3,494.52,515.69,612.76
668,OK,121,157,781,781,404.28,479.45,605.26,486.06,517.34,611.31
669,OK,94,147,816,816,400.51,479.55,609.79,497.56,500.56,622.75
670,OK,121,123,828,828,431.3,455.99,643.18,480.41,533.42,605.89
671,OK,142,95,839,839,459.2,433.71,673.15,464.67,557.51,579.57
672,OK,165,57,851,851,487.49,399.2,701.81,444.62,586.34,542.7
673,OK,182,44,848,848,507.0,375.16,718.53,429.09,599.3,534.63
674,OK,189,19,844,844,511.74,348.8,723.08,399.19,605.82,508.25
675,OK,212,5,824,824,526.43,327.25,731.98,380.17,619.51,481.5
676,OK,226,-18,838,838,541.02,318.83,752.78,360.05,643.68,462.58
677,OK,238,-18,837,837,551.26,322.35,764.32,354.83,655.72,461.86
678,OK,262,-28,834,834,578.02,307.3,787.75,353.73,675.67,448.19
679,OK,295,-29,826,826,607.67,299.82,813.46,353.65,706.36,442.22
680,OK,327,-17,804,804,627.09,305.88,828.67,353.29,730.15,442.1
681,OK,328,-20,809,809,632.25,299.82,833.15,354.72,732.23,440.79
682,OK,337,-9,792,792,635.4,305.19,831.51,361.17,734.5,441.95
683,OK,354,2,776,776,646.38,308.16,837.23,367.92,744.09,443.63
684,OK,376,11,755,755,655.1,311.87,840.17,371.26,759.76,435.41
685,OK,377,27,746,746,654.07,321.21,836.51,381.34,756.47,449.84
686,OK,372,28,752,752,652.35,323.17,835.99,385.14,752.71,455.77
687,OK,393,54,725,725,659.82,334.86,835.49,397.92,764.29,466.82
688,OK,364,53,790,790,662.5,359.43,852.87,431.01,761.87,501.37
689,OK,360,96,773,773,652.87,393.56,837.96,466.66,747.27,534.93
690,OK,349,111,803,803,652.88,418.75,846.05,492.42,751.91,568.93
691,OK,335,132,791,791,630.92,437.88,824.87,500.35,732.66,585.83
692,OK,305,128,799,799,607.44,437.11,803.57,499.11,703.26,586.83
693,OK,264,123,806,806,567.93,445.21,769.29,495.97,666.01,581.86
694,OK,271,129,798,798,570.51,448.56,770.32,496.47,670.36,584.05
695,OK,268,128,807,807,568.48,455.16,771.27,501.29,673.64,583.78
696,OK,265,131,802,802,563.25,456.25,765.77,496.46,668.71,589.41
697,OK,262,122,805,805,560.01,445.46,763.49,484.96,668.04,584.75
698,OK,235,102,831,831,546.39,431.65,754.87,480.27,650.68,579.99
699,OK,224,111,833,833,534.99,441.16,744.13,489.12,642.17,590.13
700,OK,223,118,819,819,525.63,442.2,732.05,486.16,636.31,590.49
701,OK,226,116,817,817,524.42,438.8,731.38,476.45,641.49,592.2
702,OK,201,104,841,841,511.11,434.63,724.2,472.7,626.29,596.26
703,OK,200,106,833,833,506.3,434.98,717.33,473.27,620.54,591.34
704,OK,202,114,829,829,507.09,437.37,716.81,477.1,621.38,600.74
705,OK,217,130,804,804,518.18,436.41,718.38,489.25,621.1,602.93
706,OK,232,146,792,792,528.84,449.02,725.03,505.22,630.72,607.76
707,OK,228,149,797,797,527.79,453.8,725.31,509.75,626.53,612.79
708,OK,230,146,794,794,528.76,452.73,725.29,509.64,627.62,606.68
709,OK,235,149,796,796,533.17,456.4,731.14,509.25,635.15,612.11
710,OK,232,136,807,807,536.2,451.14,735.34,510.26,635.63,597.45
711,OK,231,113,829,829,544.42,429.01,747.63,494.63,645.2,593.34
712,OK,225,104,835,835,540.97,427.43,746.82,489.62,641.07,584.33
713,OK,229,103,833,833,544.59,424.58,749.16,488.79,645.02,581.5
714,OK,228,101,833,833,543.19,425.91,748.29,488.83,644.11,577.48
715,OK,231,97,832,832,545.11,420.41,750.04,483.18,647.06,574.64
716,OK,238,103,817,817,542.06,421.91,745.26,476.65,650.01,573.65
717,OK,232,99,814,814,536.75,418.43,738.52,475.43,641.38,566.07
718,OK,227,94,822,822,535.33,417.78,739.15,474.99,638.77,564.74
719,OK,216,86,830,830,529.39,412.87,735.57,468.93,630.25,561.78
720,OK,213,82,836,836,529.11,409.98,736.49,467.84,629.83,561.32
721,OK,225,92,818,818,533.71,417.07,736.66,473.95,634.58,557.49
722,OK,217,92,822,822,525.19,421.3,731.03,471.03,629.76,560.44
723,OK,219,94,813,813,522.39,421.9,726.34,468.81,627.02,555.68
724,OK,199,79,836,836,511.72,416.99,722.62,459.93,617.82,556.05
725,OK,199,88,826,826,505.71,429.64,715.63,463.99,615.09,556.99
726,OK,190,85,841,841,500.76,432.48,715.19,462.09,614.0,564.45
727,OK,201,89,828,828,504.4,437.37,716.12,462.51,619.74,556.66
728,OK,220,100,808,808,510.5,442.44,717.86,459.95,633.86,557.22
729,OK,208,108,820,820,504.37,449.13,714.83,467.69,627.33,577.77
730,OK,207,108,818,818,503.86,445.9,713.51,467.45,624.09,578.77
731,OK,202,111,821,821,500.54,449.18,710.87,470.28,618.46,583.07
732,OK,190,103,832,832,493.3,448.09,707.05,463.42,613.04,582.86
733,OK,191,110,823,823,488.84,452.26,700.57,461.89,609.45,585.2
734,OK,193,112,817,817,487.9,454.54,698.08,461.34,609.2,582.16
735,OK,192,106,824,824,489.58,452.0,701.81,458.4,613.48,581.1
736,OK,189,103,836,836,491.88,453.87,707.0,461.46,615.22,584.69
737,OK,190,102,834,834,489.51,457.66,704.2,456.51,618.85,581.31
738,OK,187,96,830,830,484.54,458.89,698.15,450.53,612.72,568.78
739,OK,183,98,828,828,481.74,459.03,694.81,451.29,607.1,569.63
740,OK,186,91,824,824,480.58,452.4,692.38,440.6,609.53,561.22
741,OK,183,92,814,814,474.94,450.24,684.4,439.32,600.82,554.41
742,OK,188,99,805,805,475.84,450.76,682.9,439.21,602.43,557.28
743,OK,175,90,824,824,471.14,455.13,682.63,437.33,599.0,559.02
744,OK,178,96,817,817,471.29,455.37,681.15,440.03,597.14,561.37
745,OK,176,96,815,815,470.19,453.02,679.71,441.59,592.95,560.12
746,OK,182,104,805,805,470.81,457.52,677.69,443.79,594.97,562.14
747,OK,176,94,814,814,469.61,451.29,678.72,437.32,593.81,557.87
748,OK,177,93,814,814,468.96,451.64,678.11,435.68,595.32,557.7
749,OK,170,92,818,818,464.07,452.33,673.94,433.32,589.39,560.62
750,OK,167,90,822,822,462.82,451.76,673.77,434.96,588.1,559.65
751,OK,161,81,832,832,459.67,451.18,673.08,431.84,588.4,553.72
752,OK,161,79,832,832,458.3,445.73,671.31,423.45,591.11,556.51
753,OK,170,85,816,816,460.87,447.84,669.83,425.95,591.84,549.36
754,OK,177,93,812,812,470.08,445.15,679.01,438.05,593.44,556.9
755,OK,181,89,809,809,471.32,439.15,679.61,434.33,595.33,550.83
756,OK,188,96,807,807,477.67,436.67,685.46,437.24,601.03,561.1
757,OK,192,89,811,811,488.49,425.87,696.57,443.79,602.06,554.4
758,OK,189,85,823,823,490.91,423.04,701.63,446.26,603.79,558.42
759,OK,187,87,818,818,494.05,420.86,701.89,455.42,594.31,554.89
760,OK,202,83,813,813,507.92,418.01,713.16,458.97,606.35,540.04
761,OK,229,97,810,810,528.1,431.74,733.29,469.2,638.03,553.91
762,OK,242,108,799,799,533.15,437.53,735.85,472.73,648.51,559.65
763,OK,253,112,788,788,540.02,435.53,740.25,468.18,653.95,560.75
764,OK,252,115,792,792,541.11,437.79,742.03,473.06,654.56,567.46
765,OK,239,104,820,820,545.47,426.11,750.42,477.33,650.08,577.42
766,OK,242,115,817,817,551.73,432.52,753.26,493.1,647.61,584.34
767,OK,258,124,809,809,564.47,435.94,763.22,498.15,661.11,589.97
768,OK,250,127,813,813,563.79,444.55,763.18,508.31,650.36,590.08
769,OK,265,134,803,803,569.69,442.64,766.41,506.43,663.97,597.02
770,OK,263,139,807,807,572.33,447.87,768.26,517.02,662.64,602.59
771,OK,280,155,769,769,571.26,452.2,758.76,516.12,663.48,594.21
772,OK,280,151,777,777,575.65,447.85,764.74,513.36,666.08,597.47
773,OK,290,157,762,762,580.31,453.29,766.73,514.26,670.31,594.13
774,OK,302,159,754,754,587.48,450.62,770.92,514.31,678.97,590.97
775,OK,309,159,753,753,594.59,448.04,778.14,510.46,685.04,591.38
776,OK,301,155,759,759,589.91,447.49,775.27,509.93,678.55,589.87
777,OK,318,162,747,747,600.78,447.22,781.31,514.09,691.06,591.28
778,OK,333,164,731,731,610.8,441.45,785.83,510.67,698.89,582.95
779,OK,316,149,758,758,602.08,441.31,786.05,506.78,697.5,582.44
780,OK,331,152,734,734,604.52,435.4,784.52,493.07,703.12,573.94
781,OK,321,141,743,743,599.69,431.14,781.0,492.03,695.46,563.74
782,OK,323,132,760,760,604.66,431.46,793.22,484.06,708.82,567.07
783,OK,332,137,747,747,603.97,430.45,790.68,476.72,713.77,568.07
784,OK,323,133,742,742,593.66,431.36,778.36,480.8,703.94,553.67
785,OK,315,144,741,741,592.49,431.21,773.62,491.01,687.62,567.17
786,OK,326,157,729,729,595.8,440.35,774.86,497.3,696.1,574.58
787,OK,318,134,748,748,592.63,436.03,778.98,485.3,699.77,556.16
788,OK,313,130,751,751,587.29,431.66,774.62,479.34,696.98,554.5
789,OK,296,104,784,784,586.21,421.72,782.4,468.99,693.4,548.38
790,OK,299,104,785,785,585.29,422.41,782.1,468.19,698.59,548.48
791,OK,308,109,764,764,588.41,415.74,777.51,470.36,697.84,540.08
792,OK,302,98,773,773,587.61,406.6,778.83,461.91,694.74,534.81
793,OK,310,111,753,753,587.79,412.53,773.66,468.24,691.64,535.47
794,OK,311,111,755,755,586.46,413.01,774.16,463.95,695.97,538.39
795,OK,300,104,766,766,583.52,407.53,773.5,460.91,689.02,540.43
796,OK,303,106,765,765,582.93,412.02,773.92,460.88,691.58,539.7
797,OK,287,99,782,782,577.32,412.15,772.62,461.74,681.06,543.25
798,OK,283,97,788,788,577.06,409.92,773.45,461.24,680.43,548.1
799,OK,287,106,777,777,572.18,418.85,767.57,462.39,680.34,548.38
800,OK,274,98,791,791,566.17,416.08,765.1,460.33,674.05,548.69
801,OK,272,103,782,782,558.95,421.18,756.05,463.2,669.78,547.03
802,OK,261,88,804,804,555.71,417.13,758.76,458.17,669.2,544.18
803,OK,262,99,797,797,552.1,427.02,754.74,460.45,667.91,550.59
804,OK,267,106,785,785,549.98,431.98,749.86,461.86,669.72,550.19
805,OK,268,105,785,785,547.07,433.37,747.84,458.12,674.07,549.59
806,OK,258,100,794,794,541.04,435.79,744.45,456.36,668.41,548.12
807,OK,260,100,794,794,544.11,432.66,747.11,457.44,669.42,549.75
808,OK,249,93,806,806,539.12,430.97,745.34,453.89,662.54,550.34
809,OK,246,88,812,812,537.86,429.9,745.89,451.86,662.76,547.2
810,OK,238,90,819,819,536.02,429.02,744.96,457.86,655.38,555.11
811,OK,242,93,815,815,536.01,432.24,744.45,456.08,659.14,557.25
812,OK,239,94,819,819,536.19,429.34,744.82,460.75,657.07,561.22
813,OK,241,92,814,814,538.24,426.74,745.53,458.77,655.27,556.39
814,OK,243,90,816,816,539.41,425.75,747.01,458.56,659.66,555.02
815,OK,245,98,809,809,537.47,431.55,743.96,460.28,658.27,559.34
816,OK,246,96,809,809,539.2,429.83,745.18,461.29,659.15,555.84
817,OK,253,101,790,790,537.59,433.56,739.78,457.0,659.03,547.9
818,OK,264,110,769,769,539.16,435.34,735.88,457.81,659.6,541.76
819,OK,251,94,797,797,538.73,425.81,741.78,455.09,659.08,545.11
820,OK,251,95,792,792,538.71,420.36,739.9,453.78,656.65,544.94
821,OK,237,82,812,812,531.64,422.4,738.92,449.38,651.36,541.76
822,OK,246,90,800,800,535.42,424.11,739.45,452.54,654.89,542.17
823,OK,232,76,816,816,527.36,418.28,736.01,443.55,649.53,537.18
824,OK,229,68,825,825,528.92,415.15,739.31,444.67,649.04,531.3
825,OK,227,66,830,830,531.14,411.98,741.69,449.0,647.7,532.23
826,OK,228,70,824,824,530.2,410.01,739.67,443.29,646.84,537.46
827,OK,226,74,823,823,528.82,412.14,738.06,446.75,641.6,541.86
828,OK,225,74,827,827,528.87,414.34,739.02,448.82,643.62,542.44
829,OK,224,73,823,823,524.02,416.23,733.58,447.48,641.76,536.84
830,OK,221,61,825,825,522.89,404.97,732.82,437.76,638.9,525.86
831,OK,226,69,824,824,525.88,411.5,735.77,442.71,645.35,535.47
832,OK,230,84,817,817,528.59,413.78,735.69,451.43,644.55,553.16
833,OK,225,86,826,826,529.18,419.52,737.72,461.12,644.04,557.73
834,OK,221,76,838,838,527.18,417.7,740.37,450.9,647.93,556.33
835,OK,227,90,821,821,525.47,427.18,735.08,455.71,643.75,559.54
836,OK,223,90,822,822,522.93,424.97,733.02,451.93,640.69,563.85
837,OK,223,97,816,816,519.0,432.12,728.21,451.66,639.2,568.54
838,OK,212,93,836,836,514.06,435.68,728.95,449.91,639.62,581.16
839,OK,215,94,826,826,512.58,438.55,725.09,448.86,637.55,571.16
840,OK,213,97,830,830,513.66,440.15,726.96,453.96,636.27,578.22
841,OK,213,100,827,827,512.57,441.97,725.14,456.9,633.25,578.48
842,OK,223,104,822,822,518.08,446.0,729.35,458.59,645.39,578.13
843,OK,218,110,819,819,514.23,446.82,723.96,469.02,635.06,580.23
844,OK,211,104,823,823,509.59,444.64,720.52,465.36,630.67,575.44
845,OK,211,100,817,817,508.57,439.32,717.61,463.99,625.55,565.58
846,OK,205,96,816,816,501.7,439.1,710.94,458.14,619.98,560.19
847,OK,203,86,820,820,502.81,430.28,712.6,455.08,618.63,551.3
848,OK,202,84,821,821,502.75,429.92,712.81,454.42,616.78,546.1
849,OK,203,82,822,822,503.48,429.04,714.0,451.32,620.15,545.89
850,OK,208,87,812,812,504.13,430.51,712.23,450.88,620.38,545.46
851,OK,210,86,807,807,503.66,429.23,710.6,447.76,619.93,540.94
852,OK,206,85,810,810,500.66,430.23,708.71,446.67,618.99,541.57
853,OK,217,95,795,795,503.9,432.57,708.05,447.32,623.11,544.29
854,OK,212,87,805,805,503.48,429.58,710.27,445.86,621.26,541.78
855,OK,214,88,799,799,504.36,426.13,709.4,443.79,620.27,540.48
856,OK,213,86,800,800,502.91,428.23,708.41,441.57,622.16,538.38
857,OK,212,87,805,805,503.19,428.36,710.06,441.76,622.86,542.96
858,OK,211,83,805,805,504.37,424.62,711.14,441.44,619.58,538.5
859,OK,209,81,809,809,504.17,423.78,711.79,441.4,619.13,538.55
860,OK,209,79,811,811,505.07,422.49,713.24,440.56,620.48,537.84
861,OK,212,82,806,806,504.35,423.33,711.43,438.75,623.38,540.29
862,OK,207,80,814,814,504.11,421.7,713.09,439.81,620.43,543.92
863,OK,212,79,803,803,504.5,415.76,710.57,434.7,618.8,535.54
864,OK,200,71,818,818,500.12,414.58,709.75,434.66,614.23,535.49
865,OK,200,61,831,831,505.6,405.32,717.6,433.94,619.54,533.89
866,OK,215,71,810,810,508.09,411.49,715.82,430.64,629.4,532.67
867,OK,213,71,810,810,507.45,408.74,715.09,429.44,626.26,534.32
868,OK,212,67,811,811,505.46,406.09,713.67,423.75,625.6,529.19
869,OK,214,67,808,808,508.0,404.36,715.1,425.3,625.49,528.53
870,OK,217,72,806,806,509.2,407.01,715.65,428.42,628.25,532.61
871,OK,216,65,811,811,509.14,405.04,716.89,426.8,629.51,526.07
872,OK,217,67,810,810,509.91,404.79,717.21,427.11,630.9,529.5
873,OK,217,69,810,810,510.54,406.91,717.89,428.65,630.38,531.77
874,OK,218,68,813,813,512.46,407.29,720.62,429.14,632.57,531.47
875,OK,214,68,815,815,509.63,407.83,718.3,431.55,628.77,531.82
876,OK,218,72,807,807,511.32,407.39,717.41,433.53,628.91,529.7
877,OK,217,70,804,804,510.03,406.16,715.62,431.71,627.1,526.34
878,OK,218,70,802,802,510.11,406.01,715.27,429.58,626.17,526.13
879,OK,219,64,810,810,514.21,401.57,721.11,427.99,631.74,523.94
880,OK,251,84,789,789,535.38,408.02,736.24,439.24,656.17,532.93
881,OK,258,93,782,782,535.87,418.88,736.03,440.73,662.32,539.58
882,OK,260,96,780,780,540.0,414.67,737.97,448.3,661.52,541.18
883,OK,250,96,793,793,539.85,416.59,739.27,460.89,653.52,547.1
884,OK,246,91,805,805,541.1,419.05,743.83,462.51,655.44,546.55
885,OK,254,101,788,788,540.04,424.52,740.2,458.85,657.02,549.85
886,OK,255,101,799,799,544.9,424.38,746.72,464.1,662.3,556.39
887,OK,260,100,798,798,547.92,423.78,750.28,459.39,670.01,557.82
888,OK,271,120,779,779,553.64,430.5,750.86,467.17,669.55,570.58
889,OK,261,110,805,805,553.87,432.4,757.51,471.87,672.02,572.88
890,OK,266,110,799,799,552.63,433.66,756.36,462.8,677.39,570.33
891,OK,264,105,807,807,552.79,432.06,758.4,462.67,678.5,570.46
892,OK,261,101,807,807,552.22,432.03,757.91,462.57,673.62,562.26
893,OK,267,109,793,793,552.94,433.33,754.63,465.61,672.63,562.39
894,OK,271,117,783,783,555.31,433.1,753.11,472.92,670.1,564.14
895,OK,269,118,787,787,555.78,433.47,754.39,474.57,669.16,569.36
896,OK,283,131,764,764,558.45,438.42,751.95,474.32,675.21,571.41
897,OK,268,115,786,786,556.51,430.34,754.05,474.6,667.68,563.74
898,OK,257,112,793,793,553.94,425.58,750.36,481.47,654.54,562.74
899,OK,247,103,807,807,548.32,421.59,749.23,475.3,652.11,565.49
900,OK,247,99,818,818,555.33,418.86,758.28,475.3,656.85,570.38
901,OK,259,112,798,798,561.45,420.57,757.3,483.2,656.82,571.37
902,OK,247,114,814,814,560.97,424.63,756.97,498.98,649.43,581.52
903,OK,247,121,812,812,564.21,428.88,757.01,509.84,646.96,585.83
904,OK,255,143,815,815,576.78,438.65,766.64,528.01,652.63,617.56
905,OK,259,154,808,808,580.15,445.43,768.52,533.8,651.76,627.87
906,OK,275,165,795,795,589.79,448.79,773.41,539.33,663.86,630.34
907,OK,276,172,789,789,584.16,456.16,770.09,538.29,663.63,635.64
908,OK,275,179,783,783,580.8,461.78,764.64,544.72,659.48,637.42
909,OK,275,181,775,775,577.51,460.89,760.48,540.9,655.79,635.3
910,OK,272,175,786,786,578.53,457.12,764.09,537.81,658.73,640.09
911,OK,275,187,768,768,575.21,463.54,756.43,542.95,652.72,639.02
912,OK,259,170,786,786,564.87,457.3,753.04,532.09,646.83,632.91
913,OK,257,171,786,786,564.05,463.54,752.76,536.73,643.37,628.42
914,OK,242,155,788,788,550.41,455.27,739.82,527.84,627.52,608.0
915,OK,230,141,807,807,543.02,447.43,738.47,517.88,625.68,605.58
916,OK,227,138,810,810,537.85,450.87,737.63,511.21,627.95,605.99
917,OK,232,137,817,817,540.66,456.91,744.09,510.75,638.47,607.03
918,OK,235,141,817,817,539.02,463.12,745.16,505.74,644.63,613.87
919,OK,241,141,814,814,539.92,471.77,747.4,502.39,652.87,609.08
920,OK,252,147,804,804,546.47,467.14,750.49,502.01,660.34,613.78
921,OK,249,136,818,818,547.6,463.16,755.3,497.89,665.48,611.14
922,OK,257,144,800,800,550.09,464.14,753.26,498.38,663.79,607.87
923,OK,268,141,801,801,559.53,458.05,762.44,495.16,676.34,606.2
924,OK,258,120,826,826,561.23,449.66,770.47,488.5,678.03,598.83
925,OK,252,108,826,826,557.05,438.19,765.37,481.66,669.37,583.81
926,OK,256,108,822,822,558.61,436.95,765.86,479.65,673.61,579.75
927,OK,257,100,818,818,559.65,428.7,765.86,471.26,671.05,569.14
928,OK,259,104,805,805,551.78,428.51,756.34,462.18,669.14,567.12
929,OK,254,92,808,808,550.73,415.85,754.65,456.84,665.08,557.4
930,OK,253,93,802,802,546.67,414.78,749.63,453.47,660.69,555.02
931,OK,261,103,779,779,542.23,423.56,741.27,448.4,659.57,548.52
932,OK,238,89,803,803,530.65,414.8,735.84,441.66,645.25,552.02
933,OK,233,90,803,803,521.82,423.58,728.2,437.88,643.88,552.0
934,OK,234,93,797,797,519.98,427.25,724.92,440.56,641.69,549.08
935,OK,234,93,800,800,521.03,429.02,726.71,442.2,645.13,550.46
936,OK,242,97,794,794,525.95,430.68,730.03,444.46,651.49,551.58
937,OK,240,94,802,802,526.97,430.43,732.47,450.93,652.33,550.1
938,OK,232,94,814,814,523.71,434.76,732.54,452.93,650.1,558.36
939,OK,236,111,807,807,524.22,442.29,731.26,459.17,651.24,577.36
940,OK,229,107,818,818,520.36,444.31,730.44,459.15,651.77,582.24
941,OK,224,109,824,824,519.29,448.28,731.08,463.38,648.64,587.95
942,OK,219,107,834,834,516.98,454.8,731.67,464.15,649.12,590.4
943,OK,226,127,839,839,526.86,472.73,742.59,486.65,656.98,613.02
944,OK,240,129,855,855,543.11,481.06,762.85,494.01,682.2,625.45
945,OK,250,145,871,871,564.7,496.69,786.79,527.4,694.48,649.26
946,OK,246,164,901,901,572.07,519.4,801.49,553.63,706.87,693.07
947,OK,255,195,898,898,577.68,550.4,806.38,584.98,716.6,722.16
948,OK,273,230,859,859,579.48,566.25,798.55,597.63,715.51,736.53
949,OK,271,232,865,865,574.48,570.17,796.17,592.78,722.51,746.85
950,OK,254,229,879,879,570.6,567.6,794.01,604.48,704.83,751.03
951,OK,255,231,874,874,569.68,569.13,791.57,606.7,703.82,749.9
952,OK,245,221,887,887,564.4,566.01,790.04,602.28,698.87,744.8
953,OK,244,221,889,889,563.31,567.38,790.12,598.86,699.88,747.24
954,OK,241,224,881,881,556.93,573.85,782.27,600.54,693.08,742.52
955,OK,232,215,899,899,555.22,568.64,785.05,596.91,692.85,745.66
956,OK,231,211,904,904,555.33,567.29,786.61,595.03,696.54,745.45
957,OK,241,218,892,892,559.76,566.95,787.52,596.24,701.48,746.84
958,OK,238,216,897,897,558.82,567.49,787.86,596.91,699.42,745.9
959,OK,233,212,901,901,555.79,567.3,786.22,594.4,695.9,744.03
960,OK,241,215,890,890,559.67,563.35,786.97,593.4,700.4,741.85
961,OK,239,212,895,895,559.61,564.13,788.37,593.14,698.48,741.2
962,OK,232,210,896,896,556.45,563.27,785.18,594.09,690.67,737.34
963,OK,236,213,896,896,558.32,566.85,787.38,594.76,696.27,741.94
964,OK,228,208,906,906,558.19,564.17,789.04,597.91,690.17,741.74
965,OK,239,216,889,889,561.01,565.1,787.47,598.06,692.35,738.58
966,OK,238,215,891,891,560.59,566.11,787.9,597.7,693.29,740.06
967,OK,229,208,904,904,557.75,563.34,788.19,597.27,690.72,740.38
968,OK,238,212,890,890,559.14,563.38,786.08,594.98,694.71,734.91
969,OK,232,209,897,897,554.85,562.92,783.86,593.72,691.06,736.75
970,OK,228,205,903,903,553.7,564.27,784.55,592.35,690.06,734.54
971,OK,220,204,902,902,542.97,566.87,774.62,585.86,683.58,735.18
972,OK,205,201,911,911,532.38,573.47,766.57,585.28,671.74,734.41
973,OK,206,202,911,911,532.9,571.64,767.05,587.27,673.65,735.13
974,OK,211,207,905,905,534.44,569.99,766.83,588.41,677.34,739.08
975,OK,204,203,913,913,531.76,570.48,766.01,591.1,671.7,739.16
976,OK,203,210,902,902,526.8,575.07,758.36,592.2,666.96,739.18
977,OK,202,207,907,907,525.39,576.24,758.55,588.36,668.56,739.52
978,OK,205,208,903,903,526.46,574.59,758.64,587.77,669.85,738.38
979,OK,210,208,898,898,530.83,571.51,761.63,587.69,673.13,735.73
980,OK,210,204,903,903,531.43,569.56,763.28,587.13,674.92,733.3
981,OK,191,199,923,923,523.59,571.87,760.56,590.13,662.86,740.66
982,OK,200,218,895,895,524.32,568.84,752.82,599.6,657.26,747.19
983,OK,188,230,892,892,515.43,565.46,740.43,611.88,641.16,763.66
984,OK,177,229,884,884,503.94,566.06,725.79,617.14,624.56,751.23
985,OK,157,230,895,895,488.67,576.81,713.68,626.79,608.68,753.91
986,OK,141,229,906,906,477.63,580.78,705.22,631.89,598.16,759.56
987,OK,123,226,923,923,468.35,580.83,699.73,635.59,584.51,766.83
988,OK,123,246,906,906,461.11,597.28,688.57,649.05,577.61,776.76
989,OK,100,246,923,923,451.12,593.86,680.56,655.84,556.95,789.35
990,OK,100,249,912,912,450.47,595.85,676.01,661.39,550.04,781.71
991,OK,94,250,908,908,440.48,595.02,666.96,652.96,543.44,784.67
992,OK,90,249,914,914,438.63,598.07,666.56,656.78,543.37,785.47
993,OK,69,232,931,931,425.52,584.77,657.89,643.79,527.16,780.14
994,OK,52,209,963,963,419.45,574.93,661.37,629.25,526.53,778.65
995,OK,55,211,955,955,419.34,574.64,659.77,626.7,525.73,775.37
996,OK,55,207,954,954,421.83,569.01,660.69,626.1,523.9,770.47
997,OK,54,206,958,958,424.07,566.71,662.57,629.6,524.0,773.84
998,OK,61,204,956,956,428.27,563.27,666.31,626.43,531.14,769.71
999,OK,63,209,950,950,430.56,565.09,666.04,631.36,529.14,771.47
1000,OK,67,215,948,948,432.63,568.07,667.82,633.81,532.63,777.24
1001,OK,64,215,946,946,429.86,568.42,664.58,633.7,527.93,776.09
1002,OK,69,215,943,943,432.14,568.99,666.75,631.61,532.27,772.47
1003,OK,75,214,939,939,435.72,564.14,668.74,628.54,536.2,770.34
1004,OK,95,242,912,912,446.22,581.17,671.22,648.23,544.67,781.57
1005,OK,84,235,927,927,440.77,581.28,670.74,645.03,539.68,784.35
1006,OK,83,236,919,919,438.54,579.77,665.39,647.18,533.32,778.11
1007,OK,82,235,926,926,437.5,580.65,667.07,644.93,537.77,785.12
1008,OK,98,243,915,915,451.12,581.62,676.45,650.67,547.29,785.28
1009,OK,107,229,926,926,464.35,579.48,692.61,648.89,561.59,770.54
1010,OK,136,245,901,901,479.34,581.46,701.89,647.55,582.81,776.93
1011,OK,147,247,902,902,485.09,582.27,709.87,641.26,599.9,784.56
1012,OK,142,217,923,923,485.46,567.15,717.77,617.72,604.46,763.64
1013,OK,163,223,898,898,499.42,563.01,724.54,616.25,612.21,755.1
1014,OK,176,233,882,882,508.39,565.71,728.64,621.19,617.34,756.1
1015,OK,189,239,869,869,512.59,564.32,729.49,619.1,624.99,754.67
1016,OK,179,232,882,882,511.39,562.38,730.1,623.98,620.61,754.05
1017,OK,159,225,902,902,500.1,562.76,723.98,624.7,609.68,759.05
1018,OK,151,219,913,913,494.92,559.24,721.41,622.17,606.11,760.68
1019,OK,148,222,908,908,490.0,563.38,717.08,619.18,601.81,762.19
1020,OK,115,214,934,934,471.25,563.75,703.73,625.42,577.81,768.1
1021,OK,77,215,932,932,437.15,570.42,671.34,622.87,533.28,767.23
1022,OK,45,207,955,955,410.92,568.43,650.85,622.2,514.73,773.01
1023,OK,30,220,933,933,382.63,583.05,621.17,612.24,491.14,774.52
1024,OK,11,212,932,932,362.39,574.78,600.53,604.65,472.84,767.45
1025,OK,5,206,942,942,359.51,574.03,600.69,601.04,472.67,766.96
1026,OK,6,199,936,936,360.06,563.95,599.14,593.88,469.59,757.03
1027,OK,23,202,925,925,373.58,561.49,610.1,590.39,479.64,753.3
1028,OK,36,145,957,957,397.88,523.26,641.9,557.13,508.19,705.97
1029,OK,67,115,907,907,404.48,480.14,637.53,496.96,520.1,649.33
1030,OK,93,38,893,893,422.93,406.36,652.64,419.42,541.46,555.99
1031,OK,109,9,854,854,424.28,371.94,644.15,377.16,538.01,499.16
1032,OK,144,2,797,797,438.24,335.36,643.11,347.13,544.99,459.11
1033,OK,167,16,751,751,440.81,335.77,634.22,337.86,547.24,445.9
1034,OK,189,45,708,708,448.07,349.9,630.44,348.46,546.94,448.97
1035,OK,202,64,694,694,453.86,363.34,632.5,357.4,555.81,462.72
1036,OK,214,83,685,685,463.23,373.9,639.64,375.7,561.63,476.67
1037,OK,228,101,663,663,468.94,387.74,639.75,383.1,565.17,478.6
1038,OK,234,109,659,659,472.48,396.45,642.14,389.12,569.57,483.3
1039,OK,241,118,644,644,475.21,402.68,641.15,397.98,568.81,480.42
1040,OK,240,115,646,646,473.66,401.81,640.09,397.11,571.04,477.12
1041,OK,223,104,665,665,467.03,397.98,638.4,400.33,559.04,474.04
1042,OK,225,110,669,669,468.57,401.47,640.83,408.99,563.5,483.92
1043,OK,228,108,671,671,470.52,401.44,643.36,404.85,570.62,482.94
1044,OK,237,108,678,678,477.7,403.41,652.23,405.81,588.19,490.46
1045,OK,240,107,681,681,478.46,400.98,653.92,400.5,594.47,494.69
1046,OK,253,114,681,681,486.99,415.16,662.28,407.39,612.85,497.42
1047,OK,264,135,666,666,487.97,434.11,658.92,420.39,620.94,508.89
1048,OK,248,147,692,692,482.3,462.76,659.0,440.18,618.52,536.35
1049,OK,246,161,701,701,482.17,485.66,659.83,453.85,622.81,554.18
1050,OK,251,178,707,707,489.63,498.06,670.7,478.54,628.78,574.72
1051,OK,244,176,721,721,488.98,491.2,674.05,476.28,626.9,588.8
1052,OK,233,176,728,728,483.31,502.07,670.23,486.52,617.53,587.43
1053,OK,242,180,718,718,488.55,498.72,673.09,488.55,621.61,584.98
1054,OK,242,188,708,708,486.18,497.34,668.26,486.95,616.65,593.14
1055,OK,236,178,717,717,483.24,493.6,667.68,483.32,614.14,584.13
1056,OK,227,167,725,725,480.21,482.87,666.67,474.4,605.58,581.01
1057,OK,221,170,716,716,474.35,483.4,658.69,475.77,592.75,577.77
1058,OK,216,164,725,725,473.46,480.96,660.0,474.36,591.0,576.12
1059,OK,219,177,712,712,471.56,491.67,654.83,484.71,588.49,579.72
1060,OK,215,170,716,716,469.28,481.76,653.67,479.21,585.76,576.7
1061,OK,218,175,709,709,468.65,486.66,651.33,482.04,585.98,574.49
1062,OK,213,173,713,713,465.19,488.59,648.88,483.11,581.47,572.48
1063,OK,213,176,698,698,460.78,488.07,640.48,480.95,574.57,565.89
1064,OK,197,166,714,714,450.71,485.6,634.28,474.45,565.94,567.78
1065,OK,202,173,712,712,452.42,501.68,634.78,481.47,572.6,566.71
1066,OK,204,176,712,712,456.89,504.3,639.41,486.23,573.16,569.52
1067,OK,204,177,708,708,454.3,504.13,635.59,483.74,571.29,570.0
1068,OK,206,177,713,713,456.95,496.13,640.0,482.79,576.35,576.83
1069,OK,199,168,727,727,455.39,492.68,641.99,477.75,576.15,578.22
1070,OK,182,162,743,743,445.5,500.69,635.55,478.05,565.9,577.96
1071,OK,169,156,760,760,441.5,498.07,636.51,481.7,560.52,582.65
1072,OK,188,179,739,739,450.41,511.4,640.19,497.34,569.49,592.99
1073,OK,193,183,747,747,456.5,515.38,647.85,496.08,580.7,608.03
1074,OK,185,193,738,738,448.61,522.15,638.1,505.99,565.94,610.15
1075,OK,171,186,756,756,440.76,527.49,634.15,505.85,561.32,612.34
1076,OK,174,185,758,758,443.04,525.49,637.2,505.81,566.23,614.11
1077,OK,198,200,732,732,456.78,526.1,644.19,506.56,578.63,615.82
1078,OK,196,198,735,735,455.26,526.44,643.64,506.62,577.2,615.41
1079,OK,193,197,741,741,455.49,524.17,645.71,508.14,576.43,618.65
1080,OK,199,203,737,737,459.97,528.9,648.92,511.44,580.01,623.13
1081,OK,203,202,738,738,463.75,526.21,653.34,512.35,586.49,624.31
1082,OK,206,206,729,729,464.96,527.27,652.13,511.99,583.16,620.73
1083,OK,214,205,732,732,472.27,522.93,660.14,506.58,595.0,627.25
1084,OK,224,206,729,729,478.88,522.93,666.18,508.86,604.07,625.14
1085,OK,224,210,724,724,479.37,522.8,665.67,512.68,601.34,626.33
1086,OK,220,209,727,727,474.25,522.95,661.03,508.25,598.9,628.9
1087,OK,223,211,723,723,476.83,523.31,662.65,511.31,598.84,628.12
1088,OK,223,215,718,718,476.53,526.61,660.9,513.56,595.71,629.49
1089,OK,219,213,722,722,473.67,526.4,659.09,511.19,594.97,629.97
1090,OK,222,219,714,714,474.81,526.65,658.37,515.0,593.14,631.41
1091,OK,219,213,726,726,474.49,530.6,660.62,512.73,598.25,632.08
1092,OK,219,208,732,732,476.52,529.52,664.23,512.71,600.77,626.9
1093,OK,219,209,732,732,477.25,528.76,665.27,513.28,600.72,629.15
1094,OK,218,206,736,736,476.48,527.88,665.45,513.09,601.15,628.86
1095,OK,218,207,735,735,476.62,529.27,665.16,513.33,600.75,627.35
1096,OK,221,211,731,731,476.94,532.07,664.22,513.83,602.21,629.55
1097,OK,221,207,730,730,477.78,528.66,665.04,511.5,602.57,625.58
1098,OK,224,209,723,723,477.04,526.49,662.39,509.37,602.0,623.02
1099,OK,228,212,717,717,478.44,523.28,662.45,509.08,601.58,625.66
1100,OK,227,213,717,717,478.51,522.01,662.85,509.12,600.59,626.67
1101,OK,224,210,721,721,477.43,520.06,662.78,508.93,598.38,626.9
1102,OK,220,210,720,720,475.63,519.06,660.77,509.61,593.19,626.22
1103,OK,224,210,718,718,477.82,520.41,662.58,511.66,596.45,623.97
1104,OK,223,212,718,718,477.41,521.88,662.03,511.41,594.89,626.43
1105,OK,223,212,718,718,477.59,520.32,662.34,511.73,595.01,627.25
1106,OK,230,219,705,705,480.06,517.96,661.47,511.39,594.07,627.35
1107,OK,225,213,713,713,478.08,517.42,661.53,509.39,593.33,626.48
1108,OK,225,211,718,718,479.65,518.7,664.34,509.19,596.88,626.98
1109,OK,224,212,719,719,478.28,518.8,663.25,509.38,596.61,628.05
1110,OK,225,212,717,717,478.74,518.78,663.26,508.98,596.73,627.75
1111,OK,223,209,721,721,477.48,517.71,662.85,507.83,595.96,625.64
1112,OK,225,211,719,719,478.59,517.25,663.43,507.91,597.71,627.61
1113,OK,221,212,718,718,476.19,520.5,661.0,510.84,593.34,627.85
1114,OK,225,214,712,712,477.28,519.38,660.34,510.77,594.94,625.13
1115,OK,226,217,708,708,476.72,521.0,658.67,510.59,593.48,627.3
1116,OK,216,209,720,720,470.86,519.68,655.91,506.61,589.82,626.02
1117,OK,213,208,720,720,468.65,518.31,653.8,507.36,586.11,623.72
1118,OK,221,214,714,714,473.01,522.15,656.54,510.1,592.29,626.81
1119,OK,214,210,724,724,469.83,522.65,655.84,509.3,590.18,629.17
1120,OK,219,213,721,721,472.12,523.22,657.12,507.93,594.54,631.13
1121,OK,220,209,722,722,473.08,520.46,658.38,504.17,598.06,629.41
1122,OK,223,211,721,721,475.32,520.41,660.45,506.08,598.7,629.51
1123,OK,218,209,725,725,471.43,523.5,657.22,503.62,596.71,630.1
1124,OK,213,203,732,732,468.93,523.71,655.93,500.61,596.36,627.15
1125,OK,208,197,741,741,467.49,520.14,657.18,498.94,594.92,625.27
1126,OK,211,200,735,735,469.57,519.4,658.19,501.92,594.03,624.53
1127,OK,210,196,741,741,469.08,519.35,658.87,499.19,596.49,624.3
1128,OK,216,198,732,732,470.97,517.35,658.22,494.61,600.19,623.95
1129,OK,215,194,730,730,470.09,511.79,656.89,489.56,598.46,618.27
1130,OK,211,192,736,736,467.56,513.16,655.81,490.41,597.63,618.62
1131,OK,210,193,734,734,465.85,513.67,653.39,489.58,594.97,619.71
1132,OK,211,193,733,733,466.53,512.86,653.89,489.85,595.27,618.51
1133,OK,212,195,730,730,468.11,510.53,655.08,491.81,593.93,620.26
1134,OK,215,196,728,728,469.61,510.44,656.1,492.11,595.56,619.62
1135,OK,218,196,727,727,471.18,508.97,657.63,491.84,598.18,619.39
1136,OK,217,198,727,727,470.31,511.26,656.6,493.15,596.56,620.77
1137,OK,214,197,731,731,469.85,512.82,657.17,494.97,595.88,621.49
1138,OK,214,200,727,727,468.41,514.57,654.61,494.13,593.8,621.85
1139,OK,208,192,740,740,466.52,514.32,656.0,492.88,595.48,621.49
1140,OK,210,194,739,739,467.51,513.48,656.69,493.33,596.14,623.03
1141,OK,207,190,743,743,467.9,511.38,658.36,493.38,594.69,620.87
1142,OK,209,192,739,739,468.18,511.19,657.51,492.76,593.63,621.2
1143,OK,214,199,729,729,469.32,513.99,656.3,495.51,595.01,622.51
1144,OK,215,200,729,729,469.46,515.99,656.11,494.57,596.55,623.05
1145,OK,211,196,733,733,467.98,514.22,655.73,493.4,594.13,621.33
1146,OK,212,194,734,734,468.45,513.17,656.39,491.78,595.92,620.04
1147,OK,217,196,727,727,471.74,509.5,657.98,490.36,596.55,619.16
1148,OK,216,194,731,731,471.31,509.75,658.55,489.44,598.27,619.48
1149,OK,214,192,733,733,469.79,509.12,657.45,487.75,596.95,618.44
1150,OK,218,195,729,729,472.1,510.99,658.65,489.06,599.88,619.59
1151,OK,215,190,734,734,471.44,508.56,659.48,488.11,599.17,615.94
1152,OK,215,189,732,732,471.99,507.47,659.58,489.74,597.73,612.49
1153,OK,214,189,735,735,471.15,508.32,659.53,490.84,596.96,613.27
1154,OK,216,189,733,733,471.94,507.29,659.94,490.02,598.82,612.41
1155,OK,214,190,735,735,471.02,511.07,659.4,492.93,597.58,613.5
1156,OK,216,191,735,735,471.73,510.93,660.02,491.42,600.23,615.88
1157,OK,211,190,743,743,470.58,513.98,661.1,494.93,599.37,619.1
1158,OK,214,191,739,739,472.25,512.15,661.93,495.46,600.14,616.57
1159,OK,209,192,738,738,469.31,512.69,658.73,498.26,592.84,617.22
1160,OK,210,195,733,733,468.3,511.63,656.68,499.11,589.51,617.84
1161,OK,209,192,738,738,468.73,512.51,658.25,498.49,592.71,617.58
1162,OK,206,190,740,740,467.32,512.02,657.24,496.36,591.63,617.4
1163,OK,205,189,740,740,465.65,512.33,655.32,494.15,590.99,615.57
1164,OK,208,190,738,738,467.04,513.24,656.26,494.02,593.39,615.12
1165,OK,206,186,740,740,466.42,510.53,656.01,491.44,592.62,612.34
1166,OK,206,185,743,743,466.76,508.76,657.33,490.81,592.67,612.32
1167,OK,206,184,742,742,466.41,509.35,656.51,490.17,593.37,611.13
1168,OK,211,187,735,735,468.56,508.53,657.1,490.73,593.45,609.62
1169,OK,211,188,733,733,468.67,508.59,656.74,491.48,592.64,608.72
1170,OK,208,185,740,740,467.68,510.02,657.31,491.36,594.29,610.74
1171,OK,209,184,741,741,468.61,508.4,658.56,490.84,595.24,610.02
1172,OK,208,183,742,742,467.67,508.44,657.95,489.86,595.88,609.72
1173,OK,211,184,736,736,469.71,504.67,658.64,488.2,594.63,608.61
1174,OK,210,183,734,734,469.39,501.53,657.7,485.97,591.83,608.14
1175,OK,209,182,736,736,468.41,503.38,656.98,484.99,592.74,607.7
1176,OK,212,182,734,734,470.26,502.05,658.65,485.77,593.93,606.02
1177,OK,211,184,733,733,468.32,503.78,656.12,485.05,592.5,605.78
1178,OK,213,182,734,734,470.34,502.58,658.62,485.85,595.61,603.97
1179,OK,216,184,733,733,471.89,502.85,660.07,486.85,599.04,605.23
1180,OK,214,178,739,739,469.98,504.09,659.07,481.31,602.77,602.94
1181,OK,211,180,741,741,467.87,508.02,656.67,479.56,601.45,606.66
1182,OK,209,178,737,737,465.15,502.28,653.15,476.41,595.92,604.55
1183,OK,213,179,730,730,466.74,502.45,652.92,475.89,597.5,600.58
1184,OK,214,183,725,725,465.76,504.37,650.51,476.67,594.51,600.31
1185,OK,213,182,727,727,466.17,503.45,651.65,476.8,593.66,600.14
1186,OK,213,181,725,725,465.79,502.46,650.66,476.6,593.6,597.25
1187,OK,212,181,727,727,465.42,503.36,650.92,477.43,592.61,598.29
1188,OK,211,181,727,727,464.92,501.53,650.82,478.23,590.77,599.52
1189,OK,211,187,726,726,465.29,506.54,651.27,486.03,589.9,603.73
1190,OK,203,184,741,741,462.99,508.49,652.32,484.18,589.9,611.89
1191,OK,204,189,739,739,463.44,510.72,652.31,487.93,590.03,616.79
1192,OK,201,185,742,742,461.58,510.19,651.18,486.83,589.26,615.45
1193,OK,218,192,731,731,472.37,503.56,659.95,487.39,601.3,618.61
1194,OK,225,206,720,720,475.3,516.95,660.21,502.06,602.7,624.17
1195,OK,215,199,734,734,469.9,517.69,658.07,498.94,600.53,624.03
1196,OK,202,196,745,745,461.53,516.65,652.3,496.57,592.3,631.1
1197,OK,179,188,764,764,450.52,520.18,646.5,503.4,574.86,630.14
1198,OK,184,195,751,751,449.39,520.8,642.17,504.37,573.2,628.06
1199,OK,196,197,742,742,457.29,518.2,647.43,498.76,582.54,627.87
1200,OK,201,189,743,743,459.71,511.21,649.49,487.45,590.45,620.99
1201,OK,200,180,746,746,462.07,502.86,653.46,486.12,589.62,612.3
1202,OK,194,175,756,756,458.87,503.1,652.57,482.45,589.04,613.97
1203,OK,202,181,737,737,460.79,501.38,649.61,481.64,585.42,608.06
1204,OK,208,186,735,735,464.94,502.74,653.33,482.83,592.72,613.28
1205,OK,219,191,723,723,470.62,502.61,656.13,485.95,597.32,610.52
1206,OK,219,187,727,727,472.85,497.43,659.72,484.05,599.28,610.1
1207,OK,219,186,736,736,474.99,502.74,663.79,486.72,605.25,614.78
1208,OK,224,187,730,730,479.62,498.16,667.23,486.59,606.13,612.95
1209,OK,217,183,739,739,477.4,492.31,667.73,486.53,600.19,615.85
1210,OK,223,187,726,726,478.62,494.73,665.44,485.16,601.43,610.07
1211,OK,232,189,720,720,485.16,494.65,670.49,490.01,606.71,606.91
1212,OK,234,186,717,717,486.72,489.8,671.27,489.16,606.29,599.58
1213,OK,229,181,725,725,485.53,486.84,672.25,489.89,604.88,599.1
1214,OK,231,184,721,721,485.51,485.23,671.16,485.73,605.43,602.57
1215,OK,229,185,720,720,482.9,489.88,668.4,488.85,602.59,602.31
1216,OK,227,186,720,720,481.71,490.73,667.27,490.72,601.03,601.62
1217,OK,223,181,726,726,481.05,486.95,668.08,488.22,598.52,602.24
1218,OK,222,179,728,728,480.69,486.12,668.12,485.84,599.38,601.29
1219,OK,228,183,724,724,484.09,486.45,670.58,486.13,602.85,604.1
1220,OK,221,177,737,737,482.31,483.52,672.02,484.59,600.91,606.95
1221,OK,229,185,725,725,484.67,487.53,671.35,487.14,604.9,607.4
1222,OK,232,188,721,721,484.56,493.02,670.11,488.57,606.96,605.75
1223,OK,232,188,721,721,486.0,491.4,671.7,487.99,606.49,607.37
1224,OK,234,194,715,715,485.33,494.84,669.43,490.92,605.51,610.94
1225,OK,230,192,718,718,482.82,494.74,667.72,490.64,603.67,609.81
1226,OK,239,196,712,712,489.84,492.17,673.24,494.57,609.03,612.19
1227,OK,245,203,705,705,491.42,494.78,672.98,493.5,612.92,617.5
1228,OK,239,196,716,716,490.26,492.87,674.74,492.38,612.11,616.72
1229,OK,237,198,718,718,489.9,496.32,674.71,496.09,611.16,618.23
1230,OK,240,202,713,713,491.23,498.2,674.95,498.59,610.05,618.59
1231,OK,237,202,715,715,489.14,496.96,673.38,497.16,608.56,622.27
1232,OK,243,209,708,708,491.99,503.06,674.34,502.72,611.9,623.35
1233,OK,246,213,704,704,494.25,506.12,675.55,508.1,611.98,623.98
1234,OK,241,205,713,713,491.51,501.94,675.21,500.52,612.47,621.41
1235,OK,239,203,714,714,490.6,498.58,674.53,496.44,610.48,623.41
1236,OK,240,203,712,712,490.46,497.55,673.91,496.19,610.01,621.74
1237,OK,241,205,708,708,490.65,497.17,673.04,496.92,609.45,621.51
1238,OK,240,205,709,709,489.78,497.63,672.47,497.02,608.7,621.63
1239,OK,234,199,719,719,488.23,494.62,673.45,495.7,606.95,622.03
1240,OK,235,200,716,716,487.89,496.19,672.34,496.59,606.73,621.17
1241,OK,234,199,719,719,488.08,494.26,673.21,496.52,606.83,621.25
1242,OK,235,198,719,719,488.67,493.13,673.93,495.96,606.93,620.0
1243,OK,236,198,718,718,490.74,492.44,675.56,496.52,608.72,620.36
1244,OK,239,194,716,716,493.04,486.57,677.4,494.24,609.41,614.63
1245,OK,245,201,706,706,495.39,489.34,677.13,498.34,609.86,614.67
1246,OK,250,201,706,706,499.11,488.37,680.77,495.38,616.43,616.27
1247,OK,254,204,702,702,501.68,489.26,682.37,496.39,619.83,617.45
1248,OK,248,202,706,706,497.76,489.24,679.51,496.17,615.05,618.12
1249,OK,246,202,706,706,495.56,491.39,677.28,497.65,612.75,616.34
1250,OK,246,202,706,706,495.14,493.39,676.95,499.36,612.85,615.02
1251,OK,247,202,707,707,495.67,491.26,677.54,497.91,613.68,617.22
1252,OK,250,201,707,707,499.24,488.35,681.23,497.21,616.77,617.1
1253,OK,246,200,712,712,497.98,488.56,681.17,498.79,615.92,618.68
1254,OK,248,204,707,707,497.9,490.13,679.7,500.03,614.59,619.71
1255,OK,253,205,702,702,500.58,489.19,681.0,500.6,617.91,618.23
1256,OK,250,204,705,705,499.27,486.86,680.21,500.78,616.05,619.28
1257,OK,243,201,713,713,495.1,487.07,678.22,499.45,612.84,620.91
1258,OK,249,205,703,703,498.19,485.33,678.44,501.53,611.71,618.93
1259,OK,244,201,705,705,494.53,486.09,675.43,500.62,608.54,614.6
1260,OK,245,201,711,711,494.87,488.79,677.81,499.13,613.88,618.21
1261,OK,244,200,708,708,495.5,487.33,677.41,499.23,611.21,616.26
1262,OK,244,207,702,702,496.64,495.13,676.76,510.85,605.04,614.46
1263,OK,254,209,702,702,503.19,489.47,683.54,502.72,617.93,624.1
1264,OK,251,203,708,708,502.93,485.38,684.73,498.94,616.22,622.3
1265,OK,259,212,697,697,506.63,489.42,685.73,502.99,618.75,624.53
1266,OK,246,201,716,716,502.81,486.04,686.56,502.01,614.61,624.17
1267,OK,244,199,718,718,500.67,487.43,685.14,499.86,613.67,624.28
1268,OK,246,200,715,715,500.8,486.54,684.52,498.09,614.29,623.31
1269,OK,245,200,715,715,500.08,486.08,683.85,496.41,614.0,622.84
1270,OK,248,199,712,712,500.84,485.93,684.02,496.08,615.92,619.03
1271,OK,245,197,714,714,501.16,483.07,684.47,497.01,612.27,619.03
1272,OK,247,201,709,709,501.3,483.55,683.34,498.15,611.38,619.97
1273,OK,245,200,711,711,499.32,485.58,682.07,496.64,611.0,619.5
1274,OK,246,202,706,706,498.91,485.76,680.4,496.85,608.44,619.27
1275,OK,248,204,703,703,499.83,486.34,680.42,498.43,608.13,617.78
1276,OK,256,208,696,696,504.24,488.65,683.2,501.07,615.32,618.56
1277,OK,260,210,694,694,506.37,489.97,684.67,500.94,619.45,619.71
1278,OK,260,209,699,699,508.59,489.44,688.06,502.38,620.73,620.48
1279,OK,261,211,695,695,508.08,489.89,686.55,504.69,618.69,619.92
1280,OK,265,217,687,687,508.97,491.8,685.38,505.26,619.89,621.49
1281,OK,269,218,685,685,511.57,492.13,687.65,504.2,624.15,622.24
1282,OK,271,221,682,682,512.08,494.12,687.24,505.81,625.79,624.88
1283,OK,264,218,687,687,506.61,495.11,683.32,503.5,619.79,622.86
1284,OK,258,211,696,696,503.71,492.82,682.88,500.25,618.89,621.9
1285,OK,259,211,696,696,503.69,493.26,682.8,497.84,622.62,623.26
1286,OK,260,211,697,697,504.85,493.92,684.19,499.9,622.57,622.78
1287,OK,255,209,700,700,502.01,492.89,682.16,499.89,618.4,622.37
1288,OK,268,220,684,684,508.09,494.61,684.18,502.59,625.08,625.93
1289,OK,263,217,688,688,505.56,494.53,682.53,502.46,621.7,623.71
1290,OK,267,218,685,685,507.06,494.63,683.38,501.69,624.47,623.77
1291,OK,269,219,685,685,507.84,494.76,684.13,502.19,626.37,624.19
1292,OK,271,222,680,680,508.94,495.7,684.03,502.83,627.01,626.09
1293,OK,276,224,678,678,512.73,497.2,687.15,506.08,630.57,625.98
1294,OK,276,227,676,676,513.02,498.47,686.79,509.76,628.18,626.52
1295,OK,277,228,675,675,514.02,498.55,687.52,509.71,629.06,626.09
1296,OK,277,228,674,674,513.53,498.2,686.69,508.8,629.32,626.58
1297,OK,278,230,668,668,512.82,500.87,684.56,513.21,626.53,622.92
1298,OK,269,226,677,677,506.91,504.65,681.17,513.32,621.59,619.46
1299,OK,275,231,670,670,511.76,505.13,683.81,517.67,623.95,621.64
1300,OK,281,234,663,663,514.12,504.86,684.4,518.52,625.66,619.82
1301,OK,285,237,659,659,516.23,507.01,685.42,520.12,627.97,620.34
1302,OK,283,235,663,663,516.29,506.7,686.48,520.41,628.4,619.14
1303,OK,288,236,660,660,519.02,505.25,688.64,517.0,633.83,622.11
1304,OK,288,233,663,663,520.21,502.08,690.53,514.48,632.92,620.94
1305,OK,284,227,672,672,520.58,497.67,693.34,509.05,633.61,623.42
1306,OK,283,227,673,673,519.75,497.73,692.61,509.57,633.61,624.08
1307,OK,284,227,669,669,518.52,497.14,690.37,509.22,631.82,620.58
1308,OK,289,233,661,661,520.34,497.91,690.29,509.63,634.17,622.81
1309,OK,288,232,663,663,519.64,497.99,690.07,508.83,634.88,624.58
1310,OK,280,228,667,667,515.24,494.33,686.58,506.86,626.42,622.89
1311,OK,282,229,668,668,517.67,494.81,689.28,508.23,630.04,625.42
1312,OK,283,226,673,673,519.27,494.07,692.14,506.82,632.93,624.56
1313,OK,282,226,672,672,519.64,493.68,692.08,507.45,632.09,625.21
1314,OK,282,226,673,673,519.13,493.75,691.79,508.39,630.75,624.81
1315,OK,283,228,671,671,519.86,494.8,692.23,509.21,630.75,624.14
1316,OK,279,225,674,674,517.96,492.54,691.02,507.3,628.85,625.1
1317,OK,276,222,677,677,515.8,492.02,689.53,508.22,625.52,621.5
1318,OK,272,219,682,682,514.23,491.7,689.34,505.85,624.98,621.86
1319,OK,268,215,686,686,512.24,491.04,688.41,504.83,622.69,619.58
1320,OK,263,213,687,687,507.23,487.7,683.82,499.64,617.31,619.9
1321,OK,262,214,686,686,506.99,487.81,683.28,500.18,616.74,620.09
1322,OK,259,212,690,690,505.65,488.72,682.82,501.42,615.41,619.87
1323,OK,260,211,690,690,506.65,487.58,683.86,500.48,616.03,619.97
1324,OK,262,213,686,686,506.72,490.23,682.82,504.6,616.33,615.1
1325,OK,263,211,684,684,506.02,492.17,681.85,503.63,616.13,609.2
1326,OK,253,193,683,683,495.16,477.1,671.04,482.87,605.23,589.59
1327,OK,255,191,667,667,489.72,469.28,661.5,475.12,600.96,577.11
1328,OK,256,168,664,664,481.6,462.9,651.73,444.22,609.49,547.15
1329,OK,258,146,667,667,480.0,456.95,648.69,424.23,617.72,518.68
1330,OK,258,138,650,650,474.3,449.95,635.77,405.24,612.87,499.04
1331,OK,260,142,645,645,473.51,444.43,635.28,406.8,611.53,503.16
1332,OK,252,143,637,637,466.71,442.6,627.96,412.4,594.58,495.59
1333,OK,258,152,613,613,462.82,441.53,618.5,415.04,588.83,489.51
1334,OK,218,115,665,665,443.78,427.43,612.53,398.15,572.14,482.07
1335,OK,212,120,665,665,438.87,431.86,607.84,404.05,564.95,486.46
1336,OK,215,120,658,658,438.54,431.08,605.87,404.44,567.06,481.06
1337,OK,217,120,664,664,442.5,434.36,611.59,408.77,572.38,482.46
1338,OK,207,107,693,693,437.11,442.7,611.81,406.41,582.43,482.7
1339,OK,195,134,686,686,429.77,463.08,602.68,427.01,560.86,510.43
1340,OK,172,126,721,721,420.29,462.13,603.53,431.33,553.41,526.24
1341,OK,162,131,736,736,418.85,469.02,607.15,447.07,548.51,541.42
1342,OK,167,143,727,727,419.02,475.34,605.09,454.41,547.96,547.92
1343,OK,175,149,709,709,421.57,471.84,603.44,454.9,547.03,544.24
1344,OK,176,152,711,711,421.43,473.82,603.68,456.01,550.05,549.24
1345,OK,174,148,712,712,421.66,467.71,604.46,454.57,547.56,548.81
1346,OK,178,156,698,698,420.03,471.47,599.07,454.74,545.41,548.36
1347,OK,171,153,713,713,418.03,476.02,600.22,452.93,545.45,555.1
1348,OK,174,154,713,713,423.27,477.76,606.05,459.01,545.64,551.83
1349,OK,177,157,709,709,426.65,474.08,609.01,463.01,545.61,554.61
1350,OK,180,160,710,710,430.76,479.02,613.23,466.82,549.52,557.6
1351,OK,185,156,710,710,435.32,472.98,617.92,464.47,553.47,555.02
1352,OK,181,159,715,715,435.68,471.83,619.82,465.6,548.93,564.21
1353,OK,187,167,707,707,440.85,473.59,622.94,475.19,548.48,567.36
1354,OK,183,172,706,706,437.48,475.78,619.31,473.9,544.4,576.1
1355,OK,178,167,713,713,436.82,471.41,620.48,474.32,539.89,574.86
1356,OK,177,160,717,717,436.6,466.32,621.33,468.63,541.66,568.72
1357,OK,180,155,721,721,438.07,460.45,623.68,460.62,550.29,570.43
1358,OK,175,152,721,721,433.74,456.71,619.29,462.72,543.64,565.54
1359,OK,169,157,717,717,427.5,457.11,612.0,466.01,534.63,568.7
1360,OK,154,149,733,733,420.42,454.88,608.73,469.08,526.95,569.39
1361,OK,136,162,727,727,404.9,465.43,591.49,480.36,501.54,578.35
1362,OK,134,153,734,734,405.43,456.58,593.14,479.36,503.97,573.51
1363,OK,130,159,730,730,400.81,459.86,587.48,483.43,497.55,576.43
1364,OK,128,169,718,718,394.2,464.23,577.98,485.86,489.64,581.04
1365,OK,125,170,713,713,388.98,464.12,571.7,481.89,483.25,580.62
1366,OK,124,169,716,716,390.06,462.73,573.26,483.64,483.28,582.54
1367,OK,119,149,743,743,397.77,454.54,586.89,483.25,489.52,572.0
1368,OK,131,151,743,743,410.12,453.42,599.04,484.36,501.1,575.13
1369,OK,145,143,740,740,426.09,450.63,614.38,480.06,510.65,562.54
1370,OK,182,165,701,701,447.01,451.64,624.85,483.07,529.2,563.44
1371,OK,223,175,684,684,475.31,459.41,648.58,491.34,568.96,558.74
1372,OK,222,162,698,698,483.22,452.22,659.65,486.72,572.02,553.39
1373,OK,217,158,711,711,484.12,449.85,661.48,495.5,572.46,553.64
1374,OK,217,167,704,704,484.68,451.16,658.89,501.11,566.38,562.43
1375,OK,226,170,701,701,490.83,455.76,664.31,505.83,575.09,559.45
1376,OK,239,170,695,695,499.61,453.17,671.71,502.68,587.77,557.06
1377,OK,237,174,701,701,500.83,456.87,675.94,501.39,587.08,569.15
1378,OK,232,163,718,718,500.49,460.54,681.59,498.56,592.95,564.56
1379,OK,231,170,712,712,498.77,462.61,677.95,502.16,587.53,570.68
1380,OK,235,177,720,720,503.31,470.03,685.16,507.05,596.44,587.04
1381,OK,231,181,722,722,503.5,471.09,685.0,511.91,590.57,593.6
1382,OK,236,188,720,720,508.77,474.37,688.15,521.52,595.51,599.0
1383,OK,228,177,736,736,506.44,472.87,690.12,519.71,593.87,595.56
1384,OK,230,184,733,733,508.55,475.83,691.0,524.61,593.05,599.94
1385,OK,222,185,730,730,499.1,482.24,683.78,517.39,584.48,601.72
1386,OK,207,184,742,742,488.75,482.98,677.0,516.38,574.48,612.18
1387,OK,205,181,748,748,487.77,483.77,677.73,515.32,575.91,610.73
1388,OK,192,169,766,766,481.81,482.99,677.34,508.42,572.16,609.76
1389,OK,187,173,774,774,477.6,488.14,675.68,510.41,571.92,622.12
1390,OK,190,171,768,768,475.2,491.87,672.66,502.63,576.04,613.42
1391,OK,187,171,772,772,472.81,498.01,671.72,502.18,574.69,614.12
1392,OK,186,165,779,779,471.89,495.82,672.5,494.53,577.81,614.23
1393,OK,181,166,778,778,465.15,503.1,665.11,489.91,576.26,615.31
1394,OK,175,155,792,792,460.37,503.56,663.44,483.19,580.37,609.04
1395,OK,183,157,773,773,458.56,505.92,655.51,476.24,581.29,594.95
1396,OK,161,140,787,787,438.53,508.91,636.21,463.65,571.03,581.48
1397,OK,149,135,791,791,429.7,503.69,628.73,460.09,560.63,578.16
1398,OK,137,124,797,797,418.48,498.4,618.27,451.12,553.61,569.59
1399,OK,137,121,789,789,414.65,495.42,612.04,447.46,548.66,559.69
1400,OK,155,137,759,759,421.76,492.76,613.07,452.66,550.92,561.15
1401,OK,153,130,764,764,423.33,492.46,616.18,453.69,551.44,552.33
1402,OK,145,125,776,776,419.55,489.05,615.83,450.75,548.38,556.77
1403,OK,154,137,763,763,424.34,491.86,617.79,456.78,550.54,562.78
1404,OK,148,130,772,772,423.57,489.7,619.89,457.66,548.2,558.86
1405,OK,147,127,775,775,420.5,488.9,616.57,451.66,551.31,559.29
1406,OK,152,135,764,764,423.77,490.5,617.81,458.09,548.09,560.63
1407,OK,153,138,764,764,424.69,493.79,618.24,458.85,549.33,563.73
1408,OK,150,135,769,769,423.22,493.19,618.39,459.66,547.76,562.04
1409,OK,154,142,763,763,425.43,498.3,618.92,463.7,548.63,565.3
1410,OK,161,149,748,748,427.78,497.75,617.69,465.37,548.35,565.22
1411,OK,164,155,743,743,428.61,505.3,616.92,470.96,548.34,564.66
1412,OK,165,153,743,743,429.85,502.81,618.4,470.09,548.72,562.81
1413,OK,156,140,756,756,426.53,490.53,619.09,461.7,545.83,561.63
1414,OK,163,145,747,747,429.29,491.06,619.62,462.09,547.9,560.72
1415,OK,162,142,751,751,431.64,489.01,623.53,463.88,546.88,558.28
1416,OK,160,142,753,753,429.99,489.99,622.21,463.29,547.35,559.76
1417,OK,157,139,759,759,429.06,488.87,622.7,462.46,548.11,561.65
1418,OK,159,141,755,755,429.15,487.27,621.93,460.98,547.74,563.16
1419,OK,157,142,757,757,427.32,489.29,620.19,460.7,546.43,565.16
1420,OK,159,143,754,754,429.61,488.11,622.32,464.4,546.04,565.16
1421,OK,159,145,753,753,429.73,489.92,622.11,465.74,544.63,565.6
1422,OK,161,148,748,748,430.57,489.87,622.03,467.44,543.71,566.62
1423,OK,160,148,748,748,429.51,489.72,620.44,464.8,544.61,567.82
1424,OK,158,142,756,756,429.7,489.02,622.64,463.66,546.85,564.89
1425,OK,159,141,757,757,429.64,487.74,622.97,462.17,547.99,565.01
1426,OK,161,143,754,754,431.2,489.11,623.88,463.94,549.53,564.88
1427,OK,165,151,744,744,432.52,490.53,622.57,466.49,547.58,568.23
1428,OK,153,140,764,764,428.24,484.86,624.0,465.19,545.02,569.46
1429,OK,152,142,761,761,425.62,484.45,620.4,463.18,542.55,570.25
1430,OK,153,142,763,763,428.33,484.68,624.18,467.39,543.1,570.04
1431,OK,156,146,757,757,428.24,488.94,622.08,469.2,544.82,570.92
1432,OK,155,142,762,762,428.11,488.76,623.12,467.38,546.89,569.23
1433,OK,152,144,763,763,425.48,489.9,620.86,469.06,543.09,571.92
1434,OK,152,143,760,760,425.49,488.77,620.25,468.71,542.78,569.23
1435,OK,149,141,766,766,425.48,487.37,621.84,469.33,540.99,569.82
1436,OK,148,141,767,767,424.84,487.25,621.55,469.2,540.2,571.15
1437,OK,149,142,765,765,424.06,487.44,620.25,468.41,540.7,571.63
1438,OK,143,142,768,768,420.17,489.44,616.86,468.09,537.43,573.77
1439,OK,145,143,764,764,420.5,487.08,616.36,468.32,536.62,573.18
1440,OK,147,145,761,761,420.92,486.47,616.35,469.96,535.55,572.29
1441,OK,141,137,771,771,420.0,484.84,617.7,467.31,534.14,568.85
1442,OK,140,139,770,770,419.59,488.09,617.11,470.67,531.85,569.67
1443,OK,144,143,761,761,420.95,484.3,616.54,472.48,530.65,569.06
1444,OK,145,145,760,760,421.76,485.75,616.99,471.56,532.05,571.4
1445,OK,143,145,762,762,419.75,487.8,615.35,472.97,532.06,572.73
1446,OK,147,148,759,759,421.75,487.65,616.88,475.01,532.95,573.25
1447,OK,140,143,768,768,418.2,489.48,615.16,472.43,531.37,573.23
1448,OK,140,140,768,768,419.2,481.51,616.8,471.88,530.97,572.34
1449,OK,133,137,776,776,414.58,484.73,613.57,467.4,529.74,574.29
1450,OK,131,136,781,781,414.25,484.8,614.78,469.69,528.06,576.42
1451,OK,133,144,772,772,414.57,483.8,613.18,474.44,524.45,581.64
1452,OK,133,143,768,768,413.35,482.1,611.0,476.0,521.93,576.52
1453,OK,138,149,754,754,413.82,482.38,607.94,476.1,519.79,574.69
1454,OK,133,150,759,759,410.64,482.2,606.05,475.09,516.5,579.91
1455,OK,131,148,760,760,408.31,482.33,603.92,472.96,516.24,579.59
1456,OK,134,149,756,756,409.63,480.69,604.2,474.07,517.99,578.13
1457,OK,133,148,759,759,410.62,479.5,606.03,476.23,516.96,577.87
1458,OK,129,146,765,765,408.25,480.32,605.32,476.89,516.49,577.75
1459,OK,130,149,763,763,408.01,482.47,604.58,479.36,516.42,581.03
1460,OK,126,149,768,768,407.25,483.0,605.04,480.31,515.73,584.45
1461,OK,126,151,767,767,406.58,485.46,604.03,480.25,514.53,585.96
1462,OK,128,154,765,765,408.17,484.42,605.33,486.05,514.21,588.73
1463,OK,116,144,775,775,403.92,478.7,603.5,485.63,502.34,581.01
1464,OK,116,145,778,778,405.13,481.05,605.29,488.5,505.37,585.19
1465,OK,118,147,776,776,405.46,481.48,605.14,486.28,507.9,586.84
1466,OK,116,142,777,777,404.9,477.89,604.78,485.31,505.13,579.79
1467,OK,119,143,777,777,405.07,480.52,605.11,482.62,509.18,581.2
1468,OK,136,157,754,754,414.98,479.9,608.91,488.86,515.15,583.73
1469,OK,129,149,767,767,414.18,475.62,611.35,486.98,512.97,584.49
1470,OK,128,142,771,771,413.66,473.57,612.01,484.01,514.59,576.9
1471,OK,130,137,772,772,415.57,470.88,614.17,480.3,518.31,571.21
1472,OK,129,129,780,780,416.94,464.68,617.59,476.34,521.29,568.34
1473,OK,126,127,780,780,415.51,465.85,615.92,478.03,516.61,563.24
1474,OK,121,132,777,777,409.86,469.62,609.75,480.69,509.26,566.63
1475,OK,103,121,796,796,403.29,467.08,607.95,479.9,498.14,566.48
1476,OK,107,124,787,787,402.42,466.28,604.92,477.32,497.14,562.39
1477,OK,100,117,793,793,399.15,467.74,603.21,473.71,491.38,557.08
1478,OK,118,114,782,782,412.01,466.01,613.25,470.69,506.36,542.81
1479,OK,131,120,770,770,417.38,466.9,615.59,467.48,517.46,543.7
1480,OK,123,114,781,781,411.79,464.59,612.92,465.17,515.06,543.88
1481,OK,126,117,774,774,412.27,466.38,611.74,465.67,515.5,542.86
1482,OK,131,120,771,771,416.69,466.06,615.27,469.99,516.73,542.35
1483,OK,129,117,775,775,416.25,465.48,615.89,469.88,516.8,540.92
1484,OK,125,118,775,775,412.89,467.8,612.5,469.43,512.71,541.92
1485,OK,122,116,778,778,412.4,465.17,612.61,470.0,509.9,542.82
1486,OK,115,112,787,787,407.94,465.83,610.73,468.09,507.43,543.28
1487,OK,113,109,791,791,408.16,464.04,611.93,468.13,506.94,542.62
1488,OK,106,105,800,800,406.25,465.34,612.18,469.42,504.73,543.34
1489,OK,107,111,790,790,403.64,465.97,606.96,470.55,499.98,545.38
1490,OK,105,110,794,794,403.31,463.65,607.69,469.18,499.35,547.88
1491,OK,113,116,788,788,410.08,467.51,612.72,480.4,503.45,546.57
1492,OK,113,116,799,799,410.43,472.05,616.1,475.85,512.72,557.62
1493,OK,123,122,785,785,413.9,471.37,616.17,475.25,514.98,554.7
1494,OK,120,119,790,790,413.36,473.2,616.83,476.13,515.35,553.6
1495,OK,118,113,794,794,413.57,468.49,618.17,471.36,515.86,551.25
1496,OK,120,114,793,793,412.67,468.96,617.01,469.37,519.06,552.53
1497,OK,117,115,795,795,410.42,472.53,615.3,470.92,517.04,553.89
1498,OK,117,115,791,791,409.13,470.85,612.82,469.12,514.87,551.66
1499,OK,110,113,794,794,404.77,470.95,609.39,472.17,507.58,548.75
1500,OK,113,114,787,787,403.86,469.25,606.56,469.95,507.34,545.55
1501,OK,113,119,781,781,403.0,468.87,604.13,474.82,503.13,547.27
1502,OK,111,113,786,786,402.01,467.48,604.46,470.13,505.96,544.34
1503,OK,102,106,791,791,395.69,464.21,599.4,462.87,498.0,539.25
1504,OK,99,102,792,792,394.55,459.3,598.57,461.6,494.96,537.09
1505,OK,104,109,779,779,395.95,458.57,596.41,464.33,490.92,535.2
1506,OK,99,114,786,786,392.11,459.61,594.58,464.81,490.81,552.09
1507,OK,87,114,787,787,384.29,460.92,586.76,471.46,475.37,548.09
1508,OK,92,110,787,787,385.93,459.71,588.66,465.1,483.37,545.38
1509,OK,77,101,793,793,373.29,458.79,577.42,458.9,470.95,537.12
1510,OK,82,107,779,779,373.37,457.3,574.08,458.0,470.01,535.23
1511,OK,87,107,774,774,375.85,458.01,575.21,460.69,472.6,529.87
1512,OK,91,113,767,767,381.06,450.41,578.23,461.74,469.11,537.05
1513,OK,92,96,781,781,382.41,445.55,583.48,451.71,481.96,523.61
1514,OK,95,95,778,778,388.18,440.57,588.19,452.21,480.37,522.29
1515,OK,104,98,770,770,394.68,433.92,592.49,446.85,485.25,526.74
1516,OK,107,98,771,771,396.46,433.15,594.69,445.49,490.13,527.54
1517,OK,118,93,781,781,412.36,429.61,612.34,450.88,504.12,526.22
1518,OK,133,92,770,770,423.63,427.79,620.68,451.05,515.55,515.53
1519,OK,135,86,784,784,431.3,422.78,631.35,450.75,523.03,521.03
1520,OK,144,82,790,790,440.78,419.29,642.15,448.48,538.0,520.3
1521,OK,145,69,796,796,444.14,412.14,646.8,442.27,542.47,507.65
1522,OK,146,68,796,796,443.88,407.27,647.15,433.91,544.24,512.38
1523,OK,134,51,812,812,434.24,406.43,642.47,424.68,543.6,498.92
1524,OK,133,59,796,796,427.34,409.68,632.13,418.32,533.02,500.02
1525,OK,137,68,789,789,428.41,410.26,631.39,418.36,532.85,510.81
1526,OK,144,67,788,788,429.76,411.99,632.58,411.13,546.22,510.68
1527,OK,148,61,791,791,434.74,409.59,638.37,409.92,550.92,503.96
1528,OK,147,57,793,793,435.7,405.52,639.91,402.01,549.72,502.96
1529,OK,162,57,793,793,448.83,407.49,652.98,404.18,566.71,501.36
1530,OK,165,34,802,802,453.69,399.51,660.21,394.23,576.92,474.97
1531,OK,173,17,793,793,457.09,371.85,661.45,373.71,579.1,455.18
1532,OK,181,-4,778,778,463.68,345.99,663.94,344.75,576.32,425.83
1533,OK,188,-34,784,784,471.0,309.32,672.85,315.17,589.9,403.94
1534,OK,194,-57,789,789,474.87,291.73,678.0,290.8,600.12,382.75
1535,OK,186,-72,811,811,476.48,288.53,685.25,287.73,602.13,379.08
1536,OK,183,-57,815,815,475.04,307.95,684.91,306.05,600.3,393.25
1537,OK,181,-38,818,818,475.28,330.5,685.94,325.59,600.88,414.67
1538,OK,187,19,794,794,476.79,356.3,680.89,370.23,589.9,470.01
1539,OK,186,40,800,800,475.58,379.18,681.0,396.4,594.53,492.61
1540,OK,186,93,792,792,478.05,423.7,679.75,453.62,585.89,539.59
1541,OK,191,120,794,794,482.78,448.63,684.93,479.97,593.08,570.4
1542,OK,201,146,771,771,485.24,459.41,680.98,492.98,589.04,586.4
1543,OK,182,136,791,791,475.63,461.1,676.87,492.1,578.53,586.74
1544,OK,183,143,800,800,479.55,467.71,682.6,502.84,585.05,601.97
1545,OK,185,152,789,789,476.43,471.93,677.12,504.24,581.62,605.72
1546,OK,185,163,783,783,474.21,482.77,673.79,511.29,579.6,611.24
1547,OK,183,158,796,796,476.77,479.94,679.5,510.69,585.83,616.86
1548,OK,184,169,785,785,471.73,492.24,672.49,516.08,581.57,619.63
1549,OK,187,166,789,789,474.35,493.25,676.59,512.94,587.37,618.19
1550,OK,185,167,790,790,473.25,496.71,675.85,515.75,586.31,618.29
1551,OK,186,168,789,789,471.76,496.44,674.22,514.37,587.11,619.17
1552,OK,186,171,786,786,474.1,495.92,675.21,519.43,583.91,620.41
1553,OK,184,171,788,788,472.06,501.06,674.06,520.15,584.83,620.59
1554,OK,189,172,785,785,472.12,502.67,673.81,517.92,589.6,619.2
1555,OK,191,173,780,780,473.68,501.99,673.84,518.07,589.82,617.96
1556,OK,189,173,786,786,473.69,504.55,675.38,521.17,590.34,619.53
1557,OK,188,172,786,786,473.53,504.4,675.37,521.27,589.11,617.96
1558,OK,192,175,781,781,473.57,503.68,674.16,519.91,590.17,618.83
1559,OK,188,172,784,784,472.07,502.77,673.3,518.74,588.34,618.5
1560,OK,182,170,792,792,470.4,503.78,673.62,520.06,585.78,621.0
1561,OK,184,170,791,791,470.89,501.04,673.91,517.44,585.93,621.1
1562,OK,180,167,795,795,470.58,498.44,674.29,517.8,582.87,620.95
1563,OK,183,169,789,789,472.97,494.14,674.64,519.52,580.83,620.11
1564,OK,186,171,785,785,473.25,494.74,674.04,519.2,582.44,619.28
1565,OK,185,171,789,789,473.09,496.62,674.98,518.8,585.76,622.54
1566,OK,188,166,789,789,475.09,492.01,676.58,517.94,588.44,615.7
1567,OK,188,167,781,781,471.41,491.58,671.5,512.9,584.77,612.36
1568,OK,184,159,777,777,472.38,472.5,668.36,513.12,575.06,601.32
1569,OK,170,150,778,778,465.04,460.99,659.52,509.51,556.94,593.02
1570,OK,150,137,782,782,449.89,450.6,645.04,499.93,535.89,582.11
1571,OK,162,146,757,757,451.27,450.53,639.86,500.28,535.65,574.29
1572,OK,143,133,773,773,441.28,446.42,632.55,501.59,521.49,565.56
1573,OK,136,127,783,783,437.74,444.65,632.42,496.81,520.82,565.89
1574,OK,134,126,777,777,432.9,441.05,627.8,486.58,514.61,565.32
1575,OK,151,137,766,766,445.49,443.08,636.21,493.84,527.17,573.13
1576,OK,138,137,776,776,441.82,442.48,633.22,499.77,515.86,579.92
1577,OK,107,145,790,790,421.17,452.94,612.52,521.78,488.03,594.56
1578,OK,114,174,755,755,413.9,465.95,597.05,531.16,477.24,605.15
1579,OK,102,177,757,757,400.82,472.81,585.58,534.97,468.17,607.9
1580,OK,95,182,761,761,390.94,480.28,579.56,533.85,465.31,618.26
1581,OK,84,191,760,760,380.98,485.17,570.2,535.24,453.01,632.04
1582,OK,59,171,790,790,370.4,474.83,567.4,526.07,440.94,631.55
1583,OK,60,180,781,781,370.36,479.08,562.66,538.13,433.51,633.14
1584,OK,61,185,769,769,365.06,482.02,556.04,534.9,430.83,631.33
1585,OK,40,172,791,791,351.41,475.59,549.48,523.81,421.38,635.64
1586,OK,37,175,790,790,348.18,480.8,545.97,528.33,418.41,636.79
1587,OK,37,173,779,779,345.16,471.78,539.62,521.38,410.57,627.9
1588,OK,25,162,794,794,339.88,471.97,538.92,519.09,405.79,623.95
1589,OK,33,165,791,791,344.02,472.62,541.76,521.21,413.93,623.39
1590,OK,38,164,789,789,351.07,469.5,547.67,521.05,415.54,621.64
1591,OK,44,162,792,792,355.25,469.05,553.43,517.59,426.2,623.96
1592,OK,63,165,780,780,371.26,467.3,565.5,518.6,438.86,617.08
1593,OK,90,181,753,753,384.34,478.5,572.75,524.21,454.7,613.51
1594,OK,89,166,773,773,392.27,466.9,583.77,521.76,462.06,610.26
1595,OK,85,142,805,805,401.5,454.04,600.35,512.95,474.76,605.92
1596,OK,95,148,794,794,408.15,457.18,603.04,518.87,478.75,603.53
1597,OK,92,139,805,805,411.0,452.98,607.75,518.27,479.8,597.62
1598,OK,100,146,799,799,416.56,452.72,610.55,521.08,485.97,603.6
1599,OK,103,147,795,795,416.33,455.4,610.31,521.37,487.03,601.19
1600,OK,102,138,800,800,417.21,450.46,613.29,513.82,489.92,594.19
1601,OK,100,134,804,804,419.57,444.87,613.87,516.46,489.01,591.54
1602,OK,96,133,797,797,406.49,444.62,602.06,507.22,485.26,587.59
1603,OK,84,127,800,800,394.83,444.34,591.9,504.47,475.95,581.28
1604,OK,94,145,783,783,389.21,458.9,585.01,506.72,483.51,590.09
1605,OK,90,150,785,785,387.06,460.91,582.78,511.28,480.3,598.51
1606,OK,72,158,786,786,365.94,476.03,565.05,512.91,466.19,609.39
1607,OK,70,170,788,788,358.87,486.46,559.86,515.31,468.96,628.32
1608,OK,60,177,805,805,345.44,511.6,552.61,519.81,475.0,642.56
1609,OK,58,181,802,802,341.52,516.12,547.97,521.16,475.2,646.69
1610,OK,52,172,809,809,332.29,518.65,540.52,510.45,477.21,637.71
1611,OK,62,184,791,791,332.85,525.1,536.37,515.32,480.72,639.68
1612,OK,61,182,799,799,330.42,536.22,535.4,516.76,488.92,636.34
1613,OK,54,173,814,814,327.18,533.31,535.55,511.23,490.84,637.82
1614,OK,65,170,810,810,331.62,533.31,538.56,507.04,505.22,631.41
1615,OK,62,168,819,819,333.91,533.58,543.55,509.38,503.58,633.75
1616,OK,72,176,810,810,341.82,534.84,549.56,515.84,509.86,638.14
1617,OK,72,172,815,815,340.31,534.34,549.04,512.47,513.92,636.0
1618,OK,85,181,802,802,346.96,536.79,552.57,515.8,522.57,638.04
1619,OK,98,190,795,795,358.62,537.88,562.71,520.24,530.89,645.07
1620,OK,108,203,775,775,360.17,544.98,558.88,527.2,532.0,645.34
1621,OK,113,196,778,778,363.49,533.92,563.37,519.54,540.97,643.34
1622,OK,107,186,792,792,364.67,534.26,567.66,513.67,539.86,641.68
1623,OK,116,197,781,781,370.73,534.46,571.58,523.79,541.42,645.91
1624,OK,112,187,781,781,363.99,524.5,564.82,514.12,540.04,635.28
1625,OK,74,187,810,810,348.13,535.4,556.67,529.51,506.64,652.89
1626,OK,50,165,837,837,335.86,532.46,550.7,514.74,493.99,642.89
1627,OK,61,180,815,815,336.01,538.62,544.87,518.78,497.11,645.91
1628,OK,62,178,817,817,337.67,540.81,547.11,521.27,497.81,642.9
1629,OK,62,172,820,820,339.21,536.04,549.55,517.73,501.44,638.8
1630,OK,60,168,826,826,339.44,532.44,551.63,517.13,501.78,638.68
1631,OK,67,176,815,815,341.43,534.63,550.7,519.1,502.49,640.5
1632,OK,69,177,808,808,340.23,535.58,547.8,519.15,502.55,636.54
1633,OK,66,172,816,816,341.88,530.52,551.68,517.53,501.82,637.25
1634,OK,69,174,813,813,342.94,530.4,551.92,517.23,503.83,637.2
1635,OK,75,177,805,805,344.83,528.86,551.8,515.49,507.47,637.77
1636,OK,74,180,802,802,343.5,531.92,549.66,517.49,504.53,637.59
1637,OK,73,175,808,808,343.85,529.91,551.43,515.31,506.68,636.9
1638,OK,76,178,804,804,345.9,531.01,552.21,513.82,508.05,638.11
1639,OK,76,178,805,805,345.76,532.94,552.37,515.67,508.92,637.55
1640,OK,68,168,820,820,343.68,531.05,554.17,513.65,507.42,634.23
1641,OK,68,169,818,818,343.49,531.03,553.47,513.77,507.01,634.4
1642,OK,63,162,829,829,343.08,529.39,555.7,511.33,505.31,633.45
1643,OK,72,172,814,814,346.74,527.85,556.14,516.71,508.24,636.89
1644,OK,67,164,823,823,344.97,526.73,556.41,512.73,506.17,631.5
1645,OK,79,176,805,805,349.05,526.83,556.14,515.82,509.86,635.13
1646,OK,59,161,834,834,345.25,522.52,559.79,513.01,500.48,638.78
1647,OK,44,145,839,839,331.47,515.34,547.06,502.59,488.05,620.07
1648,OK,36,133,844,844,325.42,507.92,542.09,491.13,482.86,610.58
1649,OK,32,134,855,855,331.9,504.48,552.12,501.07,476.61,620.22
1650,OK,37,140,859,859,339.98,505.83,561.26,507.4,481.92,631.8
1651,OK,62,156,850,850,367.29,509.91,585.84,523.99,499.15,645.73
1652,OK,60,176,837,837,366.04,520.67,580.45,543.63,483.75,657.08
1653,OK,53,173,849,849,366.94,518.26,583.71,547.06,480.65,661.56
1654,OK,57,176,842,842,368.11,520.18,583.32,547.51,482.08,660.52
1655,OK,48,169,852,852,362.26,517.09,580.0,543.76,478.81,659.92
1656,OK,52,169,850,850,364.71,515.22,582.11,541.27,480.97,660.52
1657,OK,52,176,848,848,365.71,517.43,582.23,546.98,479.12,669.51
1658,OK,50,170,849,849,365.35,509.32,581.26,543.98,476.13,663.19
1659,OK,77,176,826,826,386.02,498.15,593.65,544.43,491.61,657.57
1660,OK,105,173,823,823,407.97,494.35,616.13,534.63,520.71,654.84
1661,OK,95,173,835,835,408.2,498.3,617.7,546.85,512.05,659.04
1662,OK,97,177,822,822,408.75,495.86,613.93,547.7,506.58,654.56
1663,OK,97,157,832,832,413.01,484.66,622.41,529.98,510.0,640.28
1664,OK,110,166,811,811,419.7,479.47,622.44,529.37,510.44,638.35
1665,OK,117,163,809,809,428.6,477.39,629.51,532.92,514.41,630.82
1666,OK,125,156,809,809,434.9,473.05,637.28,522.31,523.4,622.58
1667,OK,153,155,789,789,453.7,464.98,650.05,516.9,543.46,608.44
1668,OK,152,152,790,790,454.33,464.65,650.51,518.64,541.93,603.18
1669,OK,153,152,786,786,455.39,463.69,649.47,521.12,539.72,598.31
1670,OK,178,171,772,772,469.56,476.25,659.75,534.17,564.16,609.11
1671,OK,184,173,776,776,475.88,479.05,667.78,534.91,573.98,615.77
1672,OK,186,182,768,768,473.4,488.21,664.93,537.3,572.46,620.55
1673,OK,183,185,767,767,469.01,489.94,660.69,538.25,568.15,623.65
1674,OK,164,176,790,790,461.66,486.64,658.24,539.36,559.29,629.19
1675,OK,171,185,777,777,461.96,490.73,655.64,541.27,560.06,630.33
1676,OK,162,176,804,804,460.52,495.16,662.34,541.78,566.95,638.43
1677,OK,174,189,791,791,467.06,496.19,665.06,544.35,572.04,648.34
1678,OK,181,187,775,775,466.17,494.7,660.4,540.29,573.52,631.2
1679,OK,186,204,767,767,467.04,504.23,659.99,546.69,574.9,649.06
1680,OK,182,204,773,773,466.13,506.67,660.14,551.25,574.32,652.37
1681,OK,172,198,784,784,462.07,506.97,658.68,552.89,568.69,650.51
1682,OK,179,203,781,781,464.64,509.44,661.5,550.65,575.51,656.41
1683,OK,166,192,796,796,460.86,505.45,660.96,550.17,568.53,653.45
1684,OK,158,196,797,797,453.9,507.27,653.69,554.58,558.24,657.87
1685,OK,130,185,815,815,438.43,505.71,641.91,556.75,535.7,654.71
1686,OK,106,172,836,836,427.07,499.49,633.41,561.19,519.66,650.58
1687,OK,92,174,840,840,417.24,500.15,623.2,566.38,505.37,655.0
1688,OK,89,186,822,822,407.88,503.04,608.6,570.76,492.64,657.19
1689,OK,89,187,819,819,403.43,506.51,604.69,569.89,492.22,653.87
1690,OK,77,179,827,827,396.37,502.81,599.72,566.15,482.63,650.07
1691,OK,74,180,826,826,392.23,507.11,596.61,566.27,480.69,649.99
1692,OK,68,179,839,839,392.25,509.69,599.08,572.47,478.96,654.94
1693,OK,63,183,849,849,386.93,520.62,598.67,574.96,482.43,667.22
1694,OK,63,201,845,845,382.47,537.5,594.69,585.58,481.61,685.58
1695,OK,70,211,849,849,384.82,550.25,600.22,588.42,496.96,701.17
1696,OK,66,221,846,846,387.04,548.17,598.81,599.74,486.98,714.1
1697,OK,55,217,860,860,378.72,548.66,595.93,592.08,483.54,724.18
1698,OK,51,209,866,866,379.58,542.15,597.46,589.95,480.88,718.78
1699,OK,47,195,862,862,375.65,532.41,591.93,582.05,473.01,695.2
1700,OK,46,188,871,871,376.81,526.89,595.99,574.53,476.96,697.28
1701,OK,67,198,842,842,383.76,530.03,596.07,574.44,486.66,686.48
1702,OK,79,186,838,838,397.25,510.77,605.9,565.95,495.14,673.56
1703,OK,104,187,799,799,404.76,499.69,604.74,548.17,501.52,648.79
1704,OK,102,174,793,793,406.76,481.87,603.19,537.4,492.44,631.57
1705,OK,114,176,764,764,410.71,475.18,597.66,536.37,488.61,611.73
1706,OK,119,161,763,763,413.97,461.06,601.08,521.36,493.35,594.23
1707,OK,127,160,773,773,427.33,460.05,615.63,524.47,505.51,601.62
1708,OK,126,140,793,793,434.96,450.54,627.51,518.73,514.67,589.19
1709,OK,154,146,757,757,446.22,440.48,630.25,504.92,527.46,575.57
1710,OK,153,135,762,762,449.11,432.95,633.82,499.08,527.07,567.74
1711,OK,162,138,759,759,456.64,435.99,639.37,505.19,535.09,563.93
1712,OK,161,135,762,762,459.17,435.11,642.25,506.06,535.16,561.96
1713,OK,169,145,742,742,463.22,433.25,638.53,509.15,529.84,562.03
1714,OK,170,144,744,744,468.82,428.82,641.79,511.37,529.42,561.94
1715,OK,181,150,742,742,477.84,432.62,648.77,517.85,542.41,567.59
1716,OK,187,152,738,738,481.74,428.54,652.45,512.11,545.64,571.99
1717,OK,176,144,751,751,476.88,425.35,650.98,509.88,539.25,571.64
1718,OK,170,146,754,754,475.04,429.01,649.78,513.84,533.25,576.21
1719,OK,166,141,766,766,475.46,428.42,652.45,515.77,534.6,576.14
1720,OK,167,144,755,755,472.0,428.57,647.78,512.02,529.87,572.29
1721,OK,166,149,756,756,472.45,430.79,646.57,517.79,529.38,580.52
1722,OK,166,151,755,755,470.76,431.7,645.42,517.48,528.83,581.92
1723,OK,169,147,754,754,471.41,431.08,648.48,510.83,533.35,578.19
1724,OK,166,153,750,750,468.47,435.25,644.23,515.56,527.02,582.46
1725,OK,173,158,746,746,473.15,436.68,647.62,517.29,531.99,586.45
1726,OK,169,162,751,751,469.21,439.87,645.07,520.3,531.32,594.6
1727,OK,157,162,762,762,464.12,445.99,643.38,526.05,524.04,601.11
1728,OK,161,170,752,752,462.65,449.01,640.73,525.24,523.99,605.62
1729,OK,157,171,761,761,461.77,452.73,641.13,531.5,523.05,611.49
1730,OK,156,175,758,758,460.93,455.24,640.02,532.89,521.47,614.89
1731,OK,152,175,771,771,462.33,457.35,643.71,538.0,521.95,622.48
1732,OK,156,180,767,767,466.07,459.94,645.17,543.42,523.76,625.99
1733,OK,158,182,762,762,466.52,461.2,644.11,544.84,523.61,624.53
1734,OK,157,180,763,763,465.31,459.22,643.33,542.51,522.24,622.28
1735,OK,156,179,765,765,466.58,459.25,644.49,543.86,522.17,621.57
1736,OK,160,179,763,763,468.78,458.87,646.58,542.51,525.97,619.82
1737,OK,161,179,767,767,470.14,460.91,649.19,544.55,530.14,622.79
1738,OK,164,184,767,767,473.54,462.09,652.49,545.61,532.88,630.84
1739,OK,159,186,770,770,470.18,464.73,650.14,548.26,529.06,636.99
1740,OK,154,196,764,764,464.95,470.87,642.22,556.56,520.27,642.58
1741,OK,149,193,773,773,463.13,468.28,641.82,556.23,518.28,645.94
1742,OK,143,185,782,782,460.74,463.95,642.67,550.09,516.42,645.3
1743,OK,137,179,790,790,460.65,461.87,644.09,550.05,511.99,643.67
1744,OK,136,183,788,788,460.77,462.69,643.2,551.78,508.77,647.69
1745,OK,131,179,795,795,456.95,462.2,641.69,550.66,507.06,645.95
1746,OK,140,187,782,782,463.73,462.83,643.38,554.02,510.06,649.04
1747,OK,136,181,800,800,466.98,462.06,650.87,554.97,514.86,655.27
1748,OK,150,190,787,787,472.39,464.63,653.03,556.35,524.66,657.47
1749,OK,150,195,785,785,473.02,468.63,652.3,562.34,521.62,658.73
1750,OK,135,186,801,801,460.15,474.22,646.7,562.45,517.94,654.55
1751,OK,146,201,782,782,459.08,478.89,642.9,561.12,524.71,664.79
1752,OK,151,212,768,768,455.38,487.34,636.63,566.76,524.12,666.43
1753,OK,142,211,762,762,448.34,485.7,626.3,568.48,509.83,658.04
1754,OK,141,206,766,766,444.01,480.98,626.05,557.31,513.19,659.0
1755,OK,139,204,772,772,444.91,480.68,627.59,559.13,514.08,660.36
1756,OK,139,207,764,764,443.28,483.93,623.51,562.6,510.25,655.95
1757,OK,142,201,760,760,441.14,478.66,622.68,552.13,512.22,648.23
1758,OK,125,189,780,780,436.5,471.34,621.07,550.83,501.97,647.25
1759,OK,124,187,784,784,438.58,468.96,622.5,552.3,501.56,649.03
1760,OK,125,188,785,785,441.0,471.18,623.68,558.05,502.71,645.86
1761,OK,120,184,789,789,435.99,469.82,621.99,551.92,499.69,646.74
1762,OK,126,183,802,802,451.78,469.05,636.6,561.51,509.9,654.63
1763,OK,126,181,801,801,452.4,466.6,637.41,557.84,507.82,650.59
1764,OK,131,188,788,788,452.65,469.44,634.13,560.27,507.36,650.83
1765,OK,132,183,799,799,455.16,469.32,641.02,557.68,514.93,651.44
1766,OK,135,185,785,785,454.31,466.19,636.66,553.33,509.75,646.07
1767,OK,143,189,779,779,456.38,471.21,638.14,555.89,517.14,643.57
1768,OK,140,184,794,794,461.22,470.18,644.37,561.06,521.27,647.84
1769,OK,153,196,773,773,461.87,475.11,640.35,563.19,526.97,646.33
1770,OK,146,192,774,774,457.87,472.2,636.96,559.53,519.01,642.47
1771,OK,143,194,773,773,455.03,472.52,634.81,558.38,514.33,644.88
1772,OK,146,194,770,770,457.25,473.0,636.44,557.97,515.91,642.76
1773,OK,147,194,771,771,458.81,471.64,638.36,556.27,516.7,644.27
1774,OK,143,186,779,779,455.51,468.43,638.5,550.82,517.42,640.42
1775,OK,145,193,769,769,453.61,472.05,633.48,555.03,516.15,641.29
1776,OK,135,179,786,786,452.27,466.54,636.72,549.74,513.01,636.34
1777,OK,139,183,777,777,452.45,466.45,634.8,548.65,512.04,635.63
1778,OK,136,184,775,775,447.65,467.79,630.64,547.61,508.55,635.99
1779,OK,131,181,782,782,444.24,468.77,630.01,546.34,507.96,637.67
1780,OK,132,183,779,779,443.23,469.56,628.57,546.3,507.77,637.92
1781,OK,133,183,779,779,444.63,468.27,629.37,546.68,507.92,637.02
1782,OK,135,186,773,773,444.35,468.53,627.35,547.07,507.74,636.91
1783,OK,128,179,784,784,442.28,466.6,628.02,545.88,505.0,635.84
1784,OK,127,178,790,790,443.46,466.36,631.2,544.71,507.94,640.56
1785,OK,133,183,779,779,443.04,468.59,628.9,543.94,509.74,639.13
1786,OK,133,181,784,784,446.05,467.93,632.56,545.45,511.94,641.25
1787,OK,136,185,785,785,448.93,469.35,634.17,550.43,514.59,644.76
1788,OK,149,195,764,764,450.85,473.51,631.28,551.96,521.54,641.64
1789,OK,134,183,789,789,447.32,470.26,635.03,548.13,515.88,646.1
1790,OK,130,177,801,801,449.18,468.33,638.84,549.42,517.23,646.67
1791,OK,130,177,798,798,448.63,466.31,637.23,548.28,516.57,646.02
1792,OK,133,182,790,790,446.64,469.74,633.89,549.54,517.11,645.58
1793,OK,133,185,785,785,444.25,471.6,630.89,549.27,513.47,644.43
1794,OK,135,190,774,774,443.85,472.22,626.96,551.0,509.98,642.93
1795,OK,133,185,783,783,443.56,469.68,629.5,548.09,512.18,643.7
1796,OK,126,176,792,792,441.38,466.29,630.05,543.68,509.72,640.88
1797,OK,126,176,793,793,441.64,465.58,630.47,543.55,509.39,640.13
1798,OK,132,182,786,786,444.72,468.53,631.25,546.94,513.82,642.9
1799,OK,130,177,794,794,445.21,467.43,633.74,546.8,514.84,642.75
