k,status,x,y,w,h,rx,ry,lx,ly,nx,ny
0,FAILED,,,,,,,,,,
1,OK,162,28,677,677,393.96,340.3,567.74,326.81,520.36,400.44
2,OK,139,25,687,687,378.7,336.1,555.23,323.34,498.18,407.62
3,OK,137,38,677,677,373.55,345.52,547.43,333.74,490.14,412.51
4,OK,124,36,691,691,368.43,347.68,545.84,334.93,482.37,421.44
5,OK,126,42,684,684,369.02,351.44,544.91,342.79,479.13,422.83
6,OK,121,33,700,700,369.0,348.84,549.07,337.62,483.16,423.14
7,OK,123,34,698,698,370.59,349.57,550.03,339.45,484.2,422.36
8,OK,132,39,691,691,378.04,349.91,555.98,346.36,488.08,421.39
9,OK,131,35,694,694,377.84,347.35,556.57,341.72,488.9,421.1
10,OK,138,39,686,686,381.77,347.16,558.28,342.52,492.79,420.07
11,OK,141,38,686,686,384.89,345.44,561.57,343.14,495.64,419.2
12,OK,145,36,686,686,387.23,341.41,564.01,339.33,500.4,417.7
13,OK,147,37,685,685,388.96,342.84,565.39,341.6,501.87,416.63
14,OK,151,37,686,686,392.68,341.23,569.5,342.11,508.12,419.33
15,OK,155,42,678,678,393.85,343.16,568.52,341.65,508.48,420.59
16,OK,157,35,684,684,397.3,337.92,573.39,339.55,513.16,415.87
17,OK,155,27,697,697,400.03,339.0,579.6,336.26,516.82,412.75
18,OK,152,19,701,701,400.3,333.21,580.75,331.29,515.07,407.09
19,OK,150,8,711,711,400.14,332.25,583.18,323.3,518.89,398.38
20,OK,147,-13,723,723,402.55,321.88,588.62,313.82,521.33,378.19
21,OK,124,-62,774,774,402.24,301.53,601.56,302.23,521.77,349.15
22,OK,128,-74,791,791,410.5,292.85,614.2,291.57,535.2,350.77
23,OK,121,-87,820,820,414.59,289.18,625.86,291.05,543.46,356.64
24,OK,122,-92,845,845,423.39,298.82,641.01,301.6,557.75,360.92
25,OK,130,-79,847,847,436.32,297.82,654.48,304.35,562.16,388.46
26,OK,160,-55,810,810,450.99,302.01,659.54,301.69,575.98,399.16
27,OK,147,-66,838,838,447.55,303.48,663.3,299.99,577.37,405.54
28,OK,153,-57,826,826,451.67,308.01,664.51,310.12,574.96,404.83
29,OK,143,-67,850,850,446.8,313.8,665.56,304.56,580.08,407.01
30,OK,138,-64,838,838,441.93,311.4,657.83,308.49,565.09,401.52
31,OK,147,-53,825,825,445.94,313.99,658.47,314.43,567.12,405.08
32,OK,152,-50,816,816,448.25,314.52,658.28,318.54,568.26,400.69
33,OK,153,-47,818,818,449.88,320.49,660.6,324.46,570.25,403.49
34,OK,169,-20,790,790,454.25,334.81,657.7,339.26,572.33,414.42
35,OK,162,-20,803,803,454.73,332.42,661.09,346.14,568.85,423.1
36,OK,156,-21,812,812,454.18,332.16,662.67,348.62,566.73,430.99
37,OK,153,-17,811,811,447.83,338.03,656.4,347.29,565.02,433.91
38,OK,144,-29,822,822,443.31,334.59,654.85,340.7,561.45,428.14
39,OK,145,-28,819,819,442.61,331.51,653.48,337.15,561.62,428.02
40,OK,153,-28,818,818,450.43,328.55,660.87,335.31,569.73,431.3
41,OK,156,-24,819,819,453.69,328.67,664.4,336.35,571.98,437.72
42,OK,155,-24,820,820,452.36,329.49,663.38,337.37,572.37,439.08
43,OK,153,-17,814,814,450.91,334.81,660.19,348.79,565.76,438.24
44,OK,156,-18,809,809,450.25,333.93,658.51,343.14,567.25,434.93
45,OK,146,-22,821,821,444.13,334.91,655.46,343.51,562.81,437.29
46,OK,153,-24,809,809,447.98,329.35,656.2,339.73,563.48,426.39
47,OK,170,-23,803,803,460.25,325.27,666.69,338.39,578.92,424.54
48,OK,186,-19,792,792,469.31,324.33,672.9,334.72,593.17,425.23
49,OK,182,-35,804,804,467.6,317.91,674.72,323.37,598.7,415.07
50,OK,202,-22,775,775,475.08,314.6,674.62,322.57,604.44,411.47
51,OK,199,-24,777,777,472.05,313.15,672.12,317.59,603.42,413.62
52,OK,203,-34,781,781,473.41,312.32,674.55,310.7,613.45,402.45
53,OK,203,-32,778,778,472.7,312.39,673.04,309.16,612.74,403.92
54,OK,199,-25,776,776,471.92,312.78,671.63,316.66,602.93,411.55
55,OK,189,-29,792,792,468.67,314.77,672.53,319.05,600.95,417.54
56,OK,183,-31,801,801,468.28,318.92,674.6,320.97,595.4,419.46
57,OK,187,-16,790,790,467.8,323.87,671.2,328.51,594.83,432.02
58,OK,194,-4,780,780,471.29,327.51,672.18,333.87,597.98,442.69
59,OK,181,14,794,794,467.57,342.01,671.6,356.09,587.39,473.3
60,OK,176,33,811,811,468.08,362.71,676.55,377.49,590.95,506.28
61,OK,191,68,799,799,476.05,388.98,681.57,401.08,602.48,540.37
62,OK,169,74,818,818,468.65,398.48,678.34,418.43,584.0,557.86
63,OK,160,79,825,825,462.87,401.65,674.13,423.63,577.02,571.16
64,OK,177,84,807,807,470.58,401.96,677.74,420.0,587.04,563.24
65,OK,193,65,806,806,481.88,386.75,688.8,401.81,607.65,542.66
66,OK,189,49,812,812,480.86,373.14,689.32,388.36,606.75,530.17
67,OK,206,43,782,782,484.27,360.43,685.2,372.61,611.07,502.39
68,OK,205,39,778,778,481.37,357.7,681.58,368.35,607.97,494.95
69,OK,196,34,782,782,475.99,355.82,676.96,367.66,599.41,488.31
70,OK,195,33,783,783,473.63,356.44,675.13,365.54,599.56,487.37
71,OK,198,36,778,778,472.57,360.99,672.82,366.13,602.8,488.22
72,OK,187,34,784,784,469.71,358.43,671.25,369.83,588.79,489.01
73,OK,182,26,795,795,466.91,355.0,671.14,368.17,589.09,484.63
74,OK,178,24,795,795,466.9,351.35,670.89,368.17,582.7,482.79
75,OK,171,12,810,810,461.99,350.45,670.28,361.89,585.95,479.52
76,OK,179,17,803,803,466.93,348.48,673.32,362.01,590.7,482.74
77,OK,182,21,797,797,467.79,347.62,672.36,362.95,589.93,483.22
78,OK,181,32,796,796,465.36,364.06,670.23,374.63,591.93,490.77
79,OK,184,31,789,789,466.34,358.35,669.14,372.62,589.85,485.83
80,OK,178,24,796,796,464.4,350.03,668.67,367.83,586.24,485.42
81,OK,169,16,807,807,459.38,346.52,666.6,363.09,581.15,483.45
82,OK,167,17,807,807,459.09,348.12,666.13,365.38,579.19,483.34
83,OK,169,19,801,801,457.72,348.41,663.34,365.32,577.9,482.01
84,OK,166,17,806,806,456.71,350.49,663.7,366.92,578.55,482.09
85,OK,167,16,811,811,459.54,349.23,667.78,366.76,581.77,484.91
86,OK,170,17,808,808,461.45,348.78,668.75,367.4,583.0,484.72
87,OK,166,15,811,811,457.55,351.82,665.97,365.52,581.12,481.67
88,OK,168,17,808,808,458.83,351.19,666.52,364.64,582.93,484.12
89,OK,168,18,813,813,459.9,350.81,668.65,367.59,584.2,490.0
90,OK,164,16,810,810,454.44,356.28,662.81,365.34,579.95,483.15
91,OK,167,20,810,810,456.25,360.04,664.66,366.87,585.13,488.14
92,OK,172,34,801,801,457.1,367.23,663.23,373.63,585.79,498.65
93,OK,172,39,800,800,459.11,371.73,664.93,381.93,582.86,502.31
94,OK,183,45,790,790,466.93,367.53,669.83,382.9,589.42,506.72
95,OK,181,38,800,800,465.47,364.87,671.08,376.72,594.75,506.2
96,OK,177,25,803,803,463.15,354.83,669.6,368.42,590.34,491.67
97,OK,176,21,798,798,461.71,349.99,666.94,362.59,587.64,484.02
98,OK,174,18,805,805,462.79,346.37,669.47,364.22,586.04,484.89
99,OK,174,21,796,796,460.94,347.32,665.32,363.82,581.59,483.21
100,OK,176,22,791,791,459.79,346.04,662.97,360.39,580.75,481.03
101,OK,177,23,788,788,459.65,346.12,662.09,360.19,581.76,481.05
102,OK,176,17,794,794,461.99,341.44,665.62,359.19,582.76,479.06
103,OK,177,19,792,792,461.93,342.81,665.18,359.04,582.59,479.75
104,OK,180,21,789,789,462.16,344.52,664.85,358.33,585.07,479.51
105,OK,174,15,798,798,460.24,342.41,665.29,355.71,583.84,478.99
106,OK,178,18,791,791,460.91,342.5,664.34,355.57,584.01,477.16
107,OK,182,23,787,787,462.41,345.25,664.58,359.88,587.18,480.24
108,OK,184,26,789,789,461.87,353.32,664.74,364.07,592.84,481.61
109,OK,177,22,793,793,460.19,347.23,663.75,363.21,584.76,480.83
110,OK,170,20,794,794,456.03,350.03,660.15,364.22,577.78,478.69
111,OK,172,23,792,792,454.61,353.05,658.07,366.63,579.79,479.57
112,OK,158,8,808,808,448.49,344.67,656.2,357.39,573.23,474.33
113,OK,156,6,815,815,449.28,341.96,658.64,357.14,573.0,477.68
114,OK,179,31,785,785,459.36,356.04,661.05,371.37,582.81,483.11
115,OK,168,19,790,790,452.04,349.21,655.17,362.97,572.85,473.88
116,OK,163,12,804,804,453.02,342.69,659.63,357.92,574.64,477.85
117,OK,162,9,805,805,451.86,341.12,658.59,356.34,572.92,474.79
118,OK,168,12,797,797,454.51,340.67,659.16,356.54,575.41,473.03
119,OK,160,11,802,802,448.88,345.07,654.96,359.1,570.42,473.77
120,OK,159,8,806,806,449.45,344.33,656.64,354.81,572.54,473.43
121,OK,164,12,797,797,450.73,343.77,655.8,355.45,571.83,472.27
122,OK,161,9,800,800,447.78,344.57,653.79,351.88,572.3,470.9
123,OK,149,5,811,811,440.76,345.61,649.51,355.82,563.57,470.7
124,OK,153,9,805,805,442.65,344.88,649.59,358.45,564.21,470.45
125,OK,152,7,806,806,442.97,345.19,650.01,359.05,564.27,469.76
126,OK,149,7,808,808,441.84,344.79,649.42,358.78,561.4,471.81
127,OK,147,7,811,811,439.85,344.61,648.21,358.11,560.07,473.36
128,OK,149,2,812,812,442.61,342.35,651.45,355.51,564.59,468.29
129,OK,148,2,817,817,443.17,342.27,652.88,358.67,564.42,471.3
130,OK,146,1,817,817,441.24,341.35,651.09,355.92,562.59,470.1
131,OK,140,3,816,816,434.26,345.28,644.26,354.98,558.31,473.21
132,OK,145,5,809,809,437.06,344.25,645.06,357.21,558.21,468.97
133,OK,135,4,804,804,428.35,344.3,635.21,355.13,543.11,464.11
134,OK,127,10,805,805,421.38,348.77,628.46,358.28,534.1,471.44
135,OK,115,16,806,806,412.0,350.9,619.31,360.36,521.7,482.98
136,OK,103,17,801,801,399.71,355.56,605.98,362.74,504.03,476.3
137,OK,74,2,828,828,384.75,352.41,597.74,360.56,485.6,476.02
138,OK,73,11,816,816,379.65,349.69,589.4,361.26,479.31,483.47
139,OK,63,9,814,814,369.86,351.45,579.43,356.92,465.55,477.82
140,OK,60,8,820,820,369.86,350.7,580.65,362.07,466.19,481.28
141,OK,59,9,817,817,367.37,348.88,577.44,361.2,463.49,480.31
142,OK,60,9,817,817,366.64,350.44,576.82,359.56,465.3,479.97
143,OK,60,9,812,812,362.87,351.71,571.97,355.13,464.67,477.8
144,OK,63,16,803,803,362.23,351.08,569.03,355.15,463.1,481.96
145,OK,61,14,805,805,362.54,349.71,569.83,354.49,461.5,481.5
146,OK,66,14,805,805,367.21,350.51,574.41,355.78,465.3,479.77
147,OK,63,12,810,810,367.12,351.28,575.74,357.33,465.62,480.66
148,OK,64,18,807,807,365.26,352.37,573.01,356.8,465.69,489.39
149,OK,61,17,809,809,364.34,351.27,572.65,357.8,463.07,488.19
150,OK,62,18,806,806,366.17,351.46,573.58,360.99,460.76,487.42
151,OK,63,19,803,803,364.58,354.19,571.23,359.87,460.74,484.95
152,OK,53,13,822,822,362.2,355.48,573.96,360.91,460.58,490.57
153,OK,52,18,819,819,363.62,355.54,574.16,369.08,454.74,492.43
154,OK,53,15,831,831,365.15,356.89,578.91,364.82,464.13,499.37
155,OK,59,21,819,819,365.38,359.25,576.23,363.77,465.65,498.62
156,OK,51,20,811,811,362.02,353.76,570.49,367.82,447.59,489.46
157,OK,50,15,811,811,358.89,351.89,567.43,363.53,446.87,482.69
158,OK,51,11,815,815,361.3,347.05,570.99,358.57,450.21,484.29
159,OK,45,5,822,822,359.45,345.24,570.93,356.66,448.27,482.66
160,OK,44,7,818,818,358.45,346.83,568.73,357.98,442.88,479.68
161,OK,49,7,817,817,363.07,346.19,573.21,358.97,447.76,477.66
162,OK,45,5,822,822,361.59,347.76,572.93,359.18,446.66,480.48
163,OK,48,2,824,824,363.81,342.82,575.73,355.37,451.4,479.71
164,OK,49,8,817,817,361.24,346.09,571.32,356.83,447.77,481.08
165,OK,50,10,815,815,362.59,345.87,572.26,358.13,447.44,482.81
166,OK,55,9,812,812,365.7,347.01,574.57,357.13,452.94,479.78
167,OK,53,6,818,818,365.2,347.37,575.58,356.78,454.74,479.91
168,OK,57,10,812,812,368.08,348.13,576.89,359.14,454.7,478.45
169,OK,63,12,804,804,372.43,348.55,579.2,359.56,456.06,475.43
170,OK,66,9,802,802,374.11,345.78,580.38,355.28,458.25,470.36
171,OK,63,8,807,807,372.47,345.93,580.01,355.62,457.52,472.15
172,OK,59,6,813,813,371.56,345.89,580.7,357.74,455.64,473.42
173,OK,61,3,814,814,373.49,344.81,582.83,356.07,459.55,470.6
174,OK,67,5,812,812,377.14,343.93,585.9,357.93,464.96,472.49
175,OK,63,4,817,817,373.9,343.05,584.02,356.34,463.18,474.49
176,OK,56,1,823,823,369.31,345.08,581.1,355.85,460.4,475.33
177,OK,53,-4,828,828,368.34,342.62,581.3,353.35,459.68,472.31
178,OK,53,0,825,825,366.92,342.22,578.97,354.65,457.38,476.33
179,OK,45,-7,834,834,363.38,341.02,577.91,352.5,454.37,474.83
180,OK,44,-8,835,835,363.0,340.11,577.65,352.16,452.16,473.73
181,OK,46,-5,826,826,362.95,338.9,575.38,351.09,449.27,471.51
182,OK,51,-2,816,816,363.14,341.5,573.06,351.21,450.69,467.53
183,OK,41,-11,832,832,359.88,338.15,573.79,349.3,448.85,466.73
184,OK,42,-11,828,828,359.63,336.75,572.64,348.57,446.51,464.58
185,OK,46,-4,820,820,360.23,342.11,571.08,353.01,447.27,465.65
186,OK,50,-3,820,820,361.75,343.56,572.88,352.01,453.28,467.67
187,OK,49,-3,821,821,359.65,343.83,571.1,349.65,452.85,467.64
188,OK,50,-1,819,819,360.66,343.92,571.44,351.62,453.28,468.31
189,OK,63,3,807,807,367.1,346.42,574.93,351.12,462.21,463.33
190,OK,60,0,812,812,366.54,346.33,575.58,351.63,461.02,464.67
191,OK,59,-1,820,820,370.02,353.52,581.05,360.48,462.69,462.73
192,OK,61,-7,828,828,374.09,350.05,587.18,359.85,469.49,459.18
193,OK,63,-4,824,824,373.4,351.41,585.73,353.09,470.61,464.65
194,OK,58,-9,835,835,371.97,350.08,587.12,350.38,472.33,466.11
195,OK,59,-9,836,836,373.32,346.45,588.58,352.92,473.47,469.08
196,OK,68,-6,825,825,377.78,347.1,590.15,354.01,477.0,463.36
197,OK,66,-8,829,829,377.89,345.59,591.11,354.64,476.78,462.72
198,OK,70,-3,823,823,378.96,344.34,590.6,355.42,477.58,466.27
199,OK,67,-1,821,821,376.35,348.38,587.68,356.99,472.55,466.18
200,OK,84,0,806,806,385.43,347.16,592.88,355.32,484.88,455.19
201,OK,94,-17,833,833,404.23,346.38,618.43,356.05,508.98,447.12
202,OK,124,-20,855,855,437.6,355.7,657.66,363.4,555.37,456.34
203,OK,200,16,854,854,516.16,379.27,734.84,403.39,629.26,496.17
204,OK,238,10,904,904,571.79,396.86,803.13,423.17,694.08,515.65
205,OK,354,100,847,847,666.49,442.99,879.65,489.84,781.08,579.9
206,OK,383,106,886,886,715.74,464.94,935.63,525.66,827.62,603.86
207,OK,429,130,878,878,759.25,478.19,976.7,540.08,869.79,629.24
208,OK,472,168,838,838,788.47,489.28,991.11,563.18,893.34,647.96
209,OK,468,168,852,852,789.89,491.56,995.53,567.85,896.72,659.61
210,OK,469,170,847,847,788.85,490.93,993.42,566.64,893.89,657.55
211,OK,474,167,851,851,795.01,485.74,1000.86,561.28,901.84,660.77
212,OK,470,161,858,858,794.59,485.7,1002.67,560.25,899.97,658.9
213,OK,476,162,852,852,797.62,482.22,1003.73,557.49,904.41,656.8
214,OK,482,159,851,851,800.67,481.01,1007.23,554.28,910.37,651.79
215,OK,477,152,860,860,802.58,477.18,1011.25,551.73,908.36,649.81
216,OK,481,164,849,849,805.26,482.29,1008.94,561.94,904.27,655.07
217,OK,485,174,833,833,804.31,483.16,1003.67,562.29,899.83,658.81
218,OK,470,169,855,855,805.97,481.16,1005.13,575.09,890.42,665.13
219,OK,479,182,844,844,811.31,487.07,1004.95,585.7,895.24,672.54
220,OK,472,192,842,842,809.44,488.8,1000.28,591.76,882.06,686.59
221,OK,458,177,851,851,798.48,475.36,990.82,580.39,872.38,676.79
222,OK,413,135,857,857,754.51,446.95,951.2,547.19,830.2,630.38
223,OK,396,102,828,828,715.89,412.28,911.8,496.4,806.57,577.76
224,OK,331,46,800,800,627.89,371.25,827.07,423.72,736.49,496.11
225,OK,249,25,826,826,556.27,373.2,765.78,409.8,664.67,485.85
226,OK,210,32,806,806,509.56,379.8,716.73,394.78,613.28,482.72
227,OK,187,6,812,812,488.4,359.01,697.42,368.67,594.81,461.77
228,OK,193,10,798,798,484.51,358.41,689.43,372.58,598.52,452.55
229,OK,190,4,792,792,480.71,350.99,683.91,369.21,591.1,441.59
230,OK,171,-9,807,807,464.45,356.75,672.13,365.65,581.54,428.41
231,OK,154,-25,823,823,454.69,349.86,666.18,363.15,571.54,416.85
232,OK,149,-7,797,797,441.01,350.04,646.1,358.89,551.15,428.89
233,OK,122,-11,831,831,423.76,360.65,637.75,363.36,543.28,446.59
234,OK,104,-9,853,853,418.5,369.48,638.27,370.29,533.5,464.21
235,OK,101,-10,864,864,421.53,371.66,644.08,376.04,533.65,471.81
236,OK,107,1,871,871,428.83,381.87,652.93,388.21,543.6,487.94
237,OK,107,8,868,868,428.89,388.94,652.38,387.13,543.27,495.98
238,OK,104,7,878,878,428.82,387.4,654.81,389.39,545.34,504.31
239,OK,112,15,866,866,432.19,391.72,655.15,389.23,547.89,507.5
240,OK,116,21,854,854,431.44,390.56,651.37,390.35,546.43,506.88
241,OK,114,23,853,853,429.87,392.41,649.63,393.28,541.48,506.42
242,OK,114,31,840,840,428.47,394.47,644.71,400.54,533.08,504.73
243,OK,107,23,850,850,422.83,393.19,641.75,395.38,533.24,503.22
244,OK,111,29,842,842,421.21,393.96,638.16,395.77,534.67,505.59
245,OK,113,30,837,837,422.67,389.95,638.21,395.51,533.41,504.46
246,OK,112,41,826,826,417.79,397.53,630.65,398.64,527.32,511.24
247,OK,117,39,834,834,422.58,395.09,637.47,397.33,538.31,516.68
248,OK,113,38,836,836,419.7,399.39,635.07,395.69,536.34,514.74
249,OK,116,32,840,840,421.74,397.1,637.95,388.05,543.02,512.07
250,OK,112,32,852,852,422.99,402.68,642.03,390.99,544.43,519.43
251,OK,112,32,851,851,423.62,399.09,642.8,392.78,542.72,518.2
252,OK,113,34,847,847,421.94,399.7,640.02,393.46,541.57,518.32
253,OK,112,31,846,846,421.84,396.87,639.64,392.12,540.56,514.39
254,OK,118,43,827,827,420.46,404.18,633.11,393.52,536.35,514.53
255,OK,119,41,829,829,423.19,398.7,636.7,394.94,536.78,513.23
256,OK,116,37,837,837,422.31,398.74,637.91,394.01,539.17,514.22
257,OK,123,46,825,825,424.8,405.92,637.18,397.21,540.31,515.31
258,OK,123,45,827,827,424.33,406.33,637.24,397.54,541.56,515.79
259,OK,123,47,823,823,423.4,405.64,635.18,395.9,539.91,515.81
260,OK,124,47,825,825,425.07,406.84,637.42,397.63,541.13,516.51
261,OK,120,46,827,827,422.69,408.27,635.54,397.95,538.45,515.13
262,OK,120,45,827,827,423.66,406.39,636.47,398.55,537.74,514.61
263,OK,122,45,826,826,425.22,404.07,637.96,399.36,539.51,515.12
264,OK,121,46,827,827,424.78,404.86,637.7,400.9,538.15,515.47
265,OK,122,47,826,826,425.43,407.18,638.02,400.99,539.25,516.78
266,OK,123,46,824,824,425.47,404.85,637.55,399.63,539.49,515.64
267,OK,118,42,834,834,423.87,405.16,638.49,399.63,539.33,516.43
268,OK,123,49,823,823,425.56,406.08,637.41,401.62,537.73,517.86
269,OK,119,45,832,832,424.2,406.93,638.31,400.49,539.49,519.89
270,OK,116,43,837,837,423.93,405.39,639.39,401.03,536.67,519.39
271,OK,118,46,829,829,423.54,405.34,637.07,404.01,534.95,516.9
272,OK,115,41,832,832,422.11,402.52,636.33,400.53,533.45,512.94
273,OK,115,39,832,832,422.23,402.28,636.45,399.33,533.49,510.07
274,OK,116,39,834,834,423.35,403.08,638.21,399.47,535.81,512.43
275,OK,111,37,832,832,420.6,397.26,634.77,399.49,527.21,509.36
276,OK,112,41,829,829,419.21,401.52,632.72,399.6,527.47,511.32
277,OK,108,36,834,834,416.61,397.13,631.41,395.47,527.09,511.38
278,OK,114,46,811,811,413.81,400.24,622.69,394.61,520.3,505.17
279,OK,115,44,817,817,415.31,399.05,625.78,395.37,525.74,508.44
280,OK,112,40,820,820,415.4,397.85,626.49,393.77,524.62,505.7
281,OK,115,41,820,820,417.1,398.34,628.3,392.71,527.71,507.42
282,OK,116,40,819,819,417.81,397.01,628.76,392.55,527.92,503.89
283,OK,117,42,822,822,421.52,399.94,633.19,395.25,529.78,509.2
284,OK,121,43,819,819,421.73,400.22,632.67,396.42,533.88,506.97
285,OK,120,49,823,823,422.16,405.07,634.18,403.64,535.61,516.71
286,OK,107,73,840,840,417.83,427.38,634.03,430.06,529.39,558.09
287,OK,89,85,872,872,409.53,449.48,634.05,446.88,528.48,595.78
288,OK,105,100,853,853,419.6,454.73,639.31,457.49,534.49,597.4
289,OK,97,102,856,856,413.59,454.85,633.97,458.02,527.22,603.86
290,OK,104,108,849,849,418.13,456.79,636.63,463.38,528.73,605.09
291,OK,107,113,839,839,418.23,458.02,634.34,464.37,526.1,604.59
292,OK,101,99,857,857,422.26,446.48,642.36,462.42,527.64,600.32
293,OK,103,100,852,852,422.02,447.46,640.93,462.34,527.76,598.15
294,OK,107,103,846,846,422.54,449.9,640.13,460.53,530.67,596.99
295,OK,113,107,839,839,424.59,451.31,640.37,460.19,531.69,597.39
296,OK,114,105,841,841,427.08,451.34,643.55,459.12,534.66,594.93
297,OK,114,100,846,846,427.12,450.93,644.83,455.99,539.39,593.38
298,OK,115,104,845,845,427.38,451.54,645.0,458.67,538.11,598.6
299,OK,118,106,836,836,427.23,451.51,642.54,457.22,537.3,595.42
300,OK,110,101,840,840,423.01,447.54,639.13,454.36,530.89,591.51
301,OK,114,98,834,834,423.63,441.07,638.13,451.22,532.36,584.69
302,OK,115,79,832,832,421.68,427.92,635.96,434.49,533.47,560.45
303,OK,117,84,825,825,422.3,426.35,634.61,434.3,531.46,561.81
304,OK,114,78,826,826,419.11,424.35,631.72,428.3,529.85,555.84
305,OK,115,81,822,822,417.31,426.97,629.06,428.31,529.23,556.73
306,OK,117,80,818,818,418.45,425.77,629.19,427.0,528.64,551.98
307,OK,117,79,818,818,417.7,425.9,628.34,425.37,529.72,552.0
308,OK,121,79,814,814,419.37,424.0,628.93,423.09,532.19,549.67
309,OK,120,77,816,816,421.28,421.64,631.37,424.56,531.64,548.3
310,OK,120,77,818,818,421.96,420.3,632.48,425.18,531.72,549.59
311,OK,124,79,811,811,422.0,420.77,630.81,423.49,532.96,546.93
312,OK,120,78,819,819,420.43,423.75,631.46,425.97,532.9,550.17
313,OK,120,78,819,819,420.4,425.56,631.22,425.72,532.57,549.43
314,OK,109,74,834,834,416.93,424.17,631.65,430.0,528.75,555.26
315,OK,104,77,837,837,416.1,423.36,631.42,434.89,521.11,562.11
316,OK,106,86,844,844,420.46,431.34,637.34,444.53,528.43,578.15
317,OK,109,95,833,833,418.64,440.51,633.18,447.65,525.67,578.93
318,OK,99,99,849,849,416.4,444.56,634.87,454.99,520.5,597.47
319,OK,107,101,849,849,421.32,449.38,639.99,455.17,533.21,599.28
320,OK,86,80,888,888,418.98,441.26,647.38,453.68,527.81,601.49
321,OK,99,86,869,869,423.58,439.36,646.96,453.76,532.49,594.3
322,OK,100,87,866,866,423.48,438.77,646.1,450.65,531.39,595.37
323,OK,98,85,866,866,419.92,440.24,642.84,447.5,531.15,592.57
324,OK,95,78,871,871,420.34,435.27,644.53,445.95,529.05,586.92
325,OK,94,74,877,877,420.42,434.84,645.99,445.32,532.32,584.59
326,OK,101,82,857,857,419.85,433.77,640.28,446.16,528.06,581.23
327,OK,101,86,853,853,418.8,435.15,638.07,446.77,527.52,583.1
328,OK,109,88,847,847,420.29,440.76,638.42,443.64,535.82,581.12
329,OK,109,84,849,849,421.82,435.5,640.26,441.74,536.65,579.17
330,OK,106,80,850,850,419.2,429.54,637.89,437.13,534.13,577.91
331,OK,108,81,848,848,420.09,430.94,638.54,436.41,536.17,576.49
332,OK,106,78,851,851,419.88,426.74,638.94,436.28,533.83,575.49
333,OK,109,83,847,847,419.82,431.63,637.8,437.59,535.77,578.46
334,OK,110,87,842,842,420.11,431.19,636.89,439.54,534.52,581.21
335,OK,99,73,864,864,418.86,427.8,641.32,436.43,533.4,579.58
336,OK,100,81,861,861,418.92,434.03,640.67,441.47,530.74,586.18
337,OK,89,81,885,885,416.59,440.72,644.46,446.68,531.69,603.84
338,OK,94,88,871,871,419.64,442.5,643.64,454.34,528.07,597.96
339,OK,97,101,861,861,416.48,450.0,638.05,457.25,526.83,609.46
340,OK,91,97,871,871,415.85,447.68,640.0,457.2,525.22,612.06
341,OK,97,97,862,862,419.18,444.88,640.89,456.18,527.44,605.8
342,OK,104,106,850,850,419.83,448.95,638.57,458.7,529.06,609.84
343,OK,97,107,860,860,416.0,454.23,637.4,460.63,527.83,617.9
344,OK,93,105,865,865,414.73,453.08,637.35,460.8,525.21,617.58
345,OK,100,102,858,858,419.71,447.7,640.33,458.62,528.37,609.02
346,OK,88,95,875,875,415.31,448.1,640.29,459.46,523.35,610.23
347,OK,92,96,869,869,416.14,445.66,639.64,456.9,524.11,609.66
348,OK,103,107,852,852,417.44,454.61,636.85,458.87,530.92,610.41
349,OK,106,109,845,845,418.37,454.01,635.93,458.81,529.97,606.93
350,OK,101,101,854,854,418.01,450.45,637.79,455.67,528.74,604.08
351,OK,102,98,856,856,419.56,447.23,639.89,454.7,530.96,602.97
352,OK,99,97,861,861,419.33,445.13,640.82,455.04,528.32,605.11
353,OK,94,90,870,870,418.16,446.12,642.11,453.6,529.19,601.95
354,OK,99,92,863,863,418.08,443.94,640.3,448.43,530.82,599.89
355,OK,94,89,868,868,416.55,442.71,640.03,447.99,528.86,600.76
356,OK,95,93,865,865,415.49,444.47,638.11,448.14,528.67,603.73
357,OK,99,94,862,862,416.72,445.82,638.67,447.83,533.14,603.43
358,OK,100,93,861,861,417.19,444.79,638.85,447.05,533.81,600.99
359,OK,98,90,868,868,417.81,443.61,641.28,446.5,535.54,603.05
360,OK,94,88,873,873,417.25,443.43,642.08,449.99,530.35,602.1
361,OK,87,89,876,876,413.33,444.94,638.88,451.97,525.84,605.59
362,OK,96,92,866,866,417.75,444.98,640.51,453.26,530.4,602.59
363,OK,93,93,868,868,414.55,446.99,638.01,453.91,529.64,604.22
364,OK,97,93,864,864,417.82,443.71,640.24,453.41,530.41,603.13
365,OK,100,103,853,853,415.72,447.53,635.2,455.7,527.05,606.76
366,OK,95,100,858,858,414.04,446.7,634.73,456.38,525.44,607.96
367,OK,91,94,867,867,413.04,444.61,636.18,453.77,524.53,605.45
368,OK,90,90,872,872,414.91,442.83,639.14,453.85,525.22,603.78
369,OK,90,91,872,872,415.09,443.28,639.46,454.96,526.07,605.02
370,OK,91,96,867,867,413.2,445.25,636.26,455.41,523.32,608.04
371,OK,89,93,871,871,413.07,444.81,637.22,453.52,523.6,607.02
372,OK,89,94,869,869,412.57,444.93,636.13,455.17,522.09,607.09
373,OK,91,98,863,863,411.94,446.1,634.1,453.2,522.24,609.19
374,OK,90,97,865,865,412.9,444.75,635.55,454.06,521.69,608.73
375,OK,89,97,865,865,411.62,446.38,634.36,454.42,520.78,608.23
376,OK,91,98,863,863,411.77,446.55,633.84,452.5,522.09,608.56
377,OK,90,98,861,861,410.82,446.38,632.46,452.08,519.74,606.88
378,OK,90,98,863,863,411.39,446.22,633.67,452.58,521.32,609.05
379,OK,88,94,868,868,411.07,445.32,634.63,451.16,521.37,607.88
380,OK,87,97,865,865,409.72,446.78,632.31,453.06,517.73,608.18
381,OK,92,104,859,859,409.2,453.66,630.38,459.3,523.47,610.1
382,OK,91,108,860,860,408.84,459.47,630.39,462.83,523.47,616.37
383,OK,102,126,834,834,410.13,459.65,624.86,466.79,520.76,623.72
384,OK,101,120,840,840,409.06,465.3,625.48,461.32,526.45,617.49
385,OK,107,126,828,828,408.61,466.15,621.83,461.48,527.99,617.34
386,OK,106,126,831,831,408.34,467.86,622.31,461.92,527.98,617.58
387,OK,105,122,835,835,408.42,465.98,623.44,460.62,528.65,616.61
388,OK,103,120,837,837,406.93,464.12,622.35,458.71,527.8,616.43
389,OK,102,120,836,836,407.21,463.88,622.51,458.21,526.39,616.08
390,OK,104,122,833,833,408.67,462.84,623.32,460.16,525.37,614.77
391,OK,95,117,845,845,406.12,460.23,623.83,461.49,519.85,617.55
392,OK,101,115,836,836,411.23,452.78,626.23,461.78,520.12,610.33
393,OK,103,116,834,834,411.98,453.08,626.78,459.32,521.43,610.59
394,OK,104,113,840,840,410.59,458.12,626.88,455.62,529.39,609.89
395,OK,98,108,850,850,409.88,455.48,628.8,455.43,527.65,611.73
396,OK,100,105,848,848,412.28,454.19,630.68,454.2,527.92,604.48
397,OK,95,107,851,851,409.68,453.82,628.93,457.38,521.65,609.56
398,OK,99,111,844,844,410.31,454.51,627.6,458.12,523.12,610.83
399,OK,99,107,848,848,412.47,451.45,630.78,456.92,525.92,609.34
400,OK,103,108,843,843,414.22,451.25,631.15,456.89,526.21,605.51
401,OK,112,115,829,829,417.59,452.17,631.19,455.76,528.4,604.04
402,OK,106,114,832,832,414.37,453.27,628.73,457.25,523.24,606.52
403,OK,102,112,839,839,414.26,451.37,630.29,458.92,521.55,608.5
404,OK,107,114,827,827,414.23,448.58,627.14,457.17,520.77,602.61
405,OK,104,112,840,840,412.93,454.02,629.31,455.67,527.4,609.78
406,OK,109,116,831,831,413.96,456.38,627.86,455.87,527.97,606.71
407,OK,106,110,842,842,415.04,454.16,631.97,455.69,531.83,608.8
408,OK,97,108,846,846,411.22,451.77,628.96,459.83,520.01,607.9
409,OK,99,108,849,849,411.39,454.62,630.16,454.64,526.95,609.96
410,OK,96,99,858,858,413.02,449.6,633.92,451.76,526.58,606.29
411,OK,96,97,858,858,414.55,445.04,635.36,450.38,525.78,605.38
412,OK,101,103,845,845,413.59,447.76,631.12,447.5,525.53,603.4
413,OK,101,101,841,841,414.12,441.5,630.71,446.57,521.28,599.4
414,OK,93,95,858,858,411.62,441.05,632.63,446.11,521.93,605.0
415,OK,98,99,850,850,412.91,442.95,631.83,446.49,523.88,604.94
416,OK,97,102,846,846,412.34,443.2,630.12,447.17,520.56,605.23
417,OK,90,99,860,860,409.87,446.66,631.41,449.36,520.73,610.89
418,OK,91,100,858,858,409.49,446.17,630.36,447.37,520.57,611.79
419,OK,97,97,854,854,412.33,442.66,632.15,444.34,527.01,604.68
420,OK,101,96,847,847,415.13,440.31,633.28,447.05,523.83,595.22
421,OK,97,85,861,861,417.58,434.18,639.17,444.98,526.25,591.79
422,OK,107,91,844,844,419.93,436.1,637.09,444.89,529.64,587.31
423,OK,107,89,847,847,421.33,434.46,639.36,443.55,531.1,586.01
424,OK,106,85,847,847,422.52,428.51,640.08,442.87,527.8,581.72
425,OK,99,82,856,856,419.19,430.54,639.33,442.71,524.82,585.27
426,OK,91,78,867,867,415.01,431.84,638.1,443.2,521.54,586.17
427,OK,95,77,864,864,416.78,432.17,639.11,441.72,526.77,581.83
428,OK,94,79,864,864,416.03,432.92,638.23,442.51,525.84,584.33
429,OK,96,82,857,857,415.42,434.62,635.85,444.11,523.72,582.19
430,OK,100,87,850,850,416.73,436.75,635.55,444.36,525.7,583.79
431,OK,101,84,852,852,418.25,434.07,637.34,444.51,526.67,581.91
432,OK,100,83,855,855,417.39,434.01,637.45,443.13,527.61,581.92
433,OK,100,86,852,852,416.59,435.81,635.88,443.94,527.62,585.41
434,OK,101,86,852,852,416.96,436.83,636.39,443.44,528.02,584.65
435,OK,104,85,849,849,418.24,434.4,636.74,442.59,528.61,581.07
436,OK,107,88,847,847,419.78,435.41,637.76,443.82,531.34,583.2
437,OK,104,85,854,854,420.27,435.1,639.99,443.03,532.82,585.77
438,OK,106,84,851,851,420.75,432.45,639.63,441.62,532.27,581.94
439,OK,106,86,848,848,421.21,433.59,639.34,442.94,530.7,582.42
440,OK,123,96,823,823,426.1,435.82,637.87,442.02,537.55,576.03
441,OK,125,97,818,818,427.08,434.4,637.54,442.04,536.84,574.93
442,OK,119,92,826,826,425.43,432.36,637.82,443.44,533.0,572.9
443,OK,122,96,820,820,425.85,433.81,636.78,443.4,534.08,573.49
444,OK,123,95,823,823,426.91,435.39,638.75,443.02,537.0,572.89
445,OK,122,94,822,822,426.75,433.63,638.24,442.59,534.93,573.33
446,OK,120,92,827,827,424.98,435.25,637.73,442.65,535.2,572.87
447,OK,124,99,818,818,426.29,437.96,636.92,445.06,535.54,574.92
448,OK,116,95,828,828,422.44,438.69,635.51,445.87,532.67,577.17
449,OK,122,93,822,822,426.52,434.41,637.98,443.39,535.62,569.66
450,OK,120,94,825,825,424.88,435.56,637.1,444.17,533.79,572.51
451,OK,121,95,822,822,424.79,436.78,636.45,443.68,534.9,572.78
452,OK,120,91,829,829,425.49,434.99,638.92,442.3,537.02,572.72
453,OK,119,87,834,834,426.01,433.91,640.67,441.27,539.42,572.33
454,OK,120,89,831,831,424.31,433.68,638.19,440.37,538.77,571.93
455,OK,120,91,828,828,425.25,433.42,638.35,442.57,536.71,572.97
456,OK,117,85,834,834,425.67,429.55,640.11,440.33,536.52,570.51
457,OK,113,84,838,838,422.94,430.57,638.52,439.71,535.04,571.27
458,OK,112,81,842,842,423.07,429.81,639.65,438.1,536.14,570.36
459,OK,113,81,841,841,423.32,429.54,639.82,437.41,536.06,570.28
460,OK,112,85,837,837,420.93,429.99,636.44,438.47,532.65,573.27
461,OK,116,90,831,831,423.07,432.35,636.72,442.66,533.21,574.2
462,OK,115,89,833,833,422.28,431.86,636.76,439.86,533.86,574.47
463,OK,118,91,824,824,422.15,431.67,634.39,438.2,533.16,573.04
464,OK,112,87,833,833,420.21,428.52,634.41,438.47,529.26,573.27
465,OK,111,84,836,836,420.86,426.75,635.98,437.63,530.29,571.9
466,OK,115,79,837,837,423.39,425.62,638.65,435.59,535.02,564.93
467,OK,115,76,839,839,423.59,423.64,639.52,431.48,538.13,562.83
468,OK,115,76,830,830,420.96,421.98,634.65,429.19,533.24,557.88
469,OK,112,73,840,840,421.45,421.98,637.55,429.59,535.6,560.47
470,OK,113,69,845,845,422.56,421.14,640.09,427.68,539.36,559.07
471,OK,113,70,843,843,422.01,422.33,639.06,426.48,537.78,558.91
472,OK,114,74,836,836,421.54,424.04,636.74,428.0,536.51,559.46
473,OK,117,77,832,832,422.67,425.55,636.82,429.97,536.48,558.71
474,OK,120,81,826,826,424.05,426.19,636.6,431.68,536.79,560.12
475,OK,117,79,833,833,423.19,426.97,637.54,432.24,535.92,560.45
476,OK,119,79,830,830,424.38,427.24,638.16,431.76,538.33,559.94
477,OK,117,77,834,834,423.92,425.91,638.53,431.05,538.67,560.72
478,OK,117,77,837,837,424.41,425.39,639.91,431.0,539.65,562.04
479,OK,120,79,830,830,426.3,424.78,639.92,432.13,538.75,561.54
480,OK,122,79,828,828,424.85,425.14,638.06,430.29,540.66,558.52
481,OK,120,79,828,828,424.75,424.66,637.79,431.46,536.88,558.62
482,OK,123,80,825,825,425.97,423.82,638.35,431.25,538.92,556.65
483,OK,117,77,830,830,422.66,424.44,636.34,429.43,536.25,557.24
484,OK,121,80,824,824,423.85,424.44,635.95,430.71,537.03,557.06
485,OK,120,79,827,827,423.39,423.86,636.37,429.7,537.21,559.21
486,OK,121,81,826,826,425.18,424.43,637.79,431.12,538.18,561.15
487,OK,125,85,822,822,426.03,426.28,637.64,431.09,541.05,564.31
488,OK,129,88,819,819,427.79,424.93,638.62,430.92,543.82,566.22
489,OK,127,89,823,823,427.02,429.31,638.88,435.82,543.34,568.37
490,OK,130,101,800,800,423.36,435.03,629.28,441.27,534.44,564.21
491,OK,102,78,844,844,410.49,431.51,627.75,431.42,529.32,568.66
492,OK,105,82,831,831,410.98,428.44,624.93,430.56,522.33,566.38
493,OK,110,84,832,832,414.73,430.81,628.94,429.71,532.05,571.03
494,OK,100,85,847,847,412.55,432.51,630.54,439.18,524.65,580.58
495,OK,90,82,853,853,407.96,433.62,627.43,441.25,515.1,578.72
496,OK,101,81,847,847,410.78,436.27,628.83,434.36,528.43,574.09
497,OK,101,85,846,846,412.11,438.02,630.01,439.47,527.54,578.73
498,OK,99,85,853,853,411.23,437.32,630.9,438.02,529.37,585.11
499,OK,99,89,844,844,409.02,437.62,626.4,438.05,524.99,585.99
500,OK,102,89,842,842,409.95,437.0,626.92,435.3,528.73,584.9
501,OK,99,87,845,845,409.0,434.96,626.55,434.35,525.02,584.99
502,OK,101,87,842,842,410.06,433.49,626.8,434.06,525.9,584.03
503,OK,95,90,849,849,408.74,436.31,627.39,439.2,521.16,592.19
504,OK,95,90,846,846,408.17,435.18,625.96,437.6,519.87,590.1
505,OK,93,90,848,848,407.36,435.69,625.82,438.06,518.71,591.52
506,OK,89,84,851,851,407.22,430.42,626.23,436.36,513.23,585.97
507,OK,86,88,853,853,404.44,436.15,624.13,440.11,509.99,590.97
508,OK,89,89,851,851,407.07,436.01,626.14,439.86,512.46,590.56
509,OK,90,86,850,850,407.76,430.34,626.53,438.35,514.4,588.22
510,OK,92,81,853,853,409.72,425.36,629.13,434.35,516.64,584.26
511,OK,93,80,849,849,408.36,426.02,627.08,429.63,517.72,582.03
512,OK,90,80,859,859,409.61,432.06,630.89,435.31,519.26,586.15
513,OK,99,85,839,839,409.66,428.91,625.77,433.08,518.43,577.4
514,OK,92,81,852,852,408.94,431.01,628.45,434.91,518.73,582.84
515,OK,94,84,847,847,409.55,428.33,627.68,435.51,516.24,582.94
516,OK,109,87,830,830,411.9,433.33,625.64,427.72,530.85,574.93
517,OK,109,87,832,832,412.47,431.16,626.82,429.2,530.86,575.87
518,OK,107,79,832,832,409.75,430.67,623.95,422.92,530.18,563.52
519,OK,108,74,835,835,412.42,427.46,627.45,421.28,530.45,558.77
520,OK,108,73,836,836,413.06,426.56,628.3,421.73,531.52,557.96
521,OK,109,69,837,837,412.61,424.64,627.91,415.36,535.12,554.73
522,OK,110,68,832,832,414.09,420.51,628.09,411.36,531.8,553.07
523,OK,106,69,835,835,411.6,419.61,626.68,413.14,527.24,556.92
524,OK,106,68,835,835,411.78,419.85,626.77,412.86,528.21,554.91
525,OK,102,66,844,844,410.67,423.51,627.69,413.42,530.79,557.72
526,OK,104,68,840,840,411.62,421.38,627.99,414.83,530.07,559.08
527,OK,104,70,840,840,411.99,421.47,628.33,418.68,528.79,561.49
528,OK,104,66,844,844,412.44,421.66,629.62,415.09,532.62,559.14
529,OK,103,65,847,847,410.88,422.47,628.84,413.97,532.68,558.87
530,OK,103,71,843,843,411.24,425.63,628.25,421.63,529.7,561.72
531,OK,103,72,840,840,410.95,426.75,627.12,420.88,528.23,560.99
532,OK,104,71,836,836,410.61,426.25,625.81,418.5,527.37,556.46
533,OK,105,71,836,836,411.62,424.61,626.83,419.39,526.97,557.49
534,OK,104,71,838,838,412.2,423.2,628.01,420.96,526.3,559.3
535,OK,104,73,837,837,411.43,423.47,626.93,422.18,525.1,559.48
536,OK,105,69,836,836,411.22,420.52,626.48,417.72,527.4,556.01
537,OK,109,73,826,826,411.6,419.27,624.25,416.5,527.17,554.55
538,OK,112,72,824,824,414.03,417.9,626.25,416.44,528.66,551.77
539,OK,112,74,824,824,414.44,419.59,626.78,418.86,528.44,553.58
540,OK,115,78,823,823,415.88,420.98,627.85,421.82,531.15,557.88
541,OK,111,76,834,834,414.87,424.2,629.63,421.73,534.86,563.38
542,OK,111,76,830,830,414.77,421.63,628.5,422.99,531.51,559.83
543,OK,110,77,829,829,415.83,419.88,629.35,424.66,527.07,559.79
544,OK,116,78,824,824,418.19,420.58,630.31,423.09,532.67,559.8
545,OK,117,97,812,812,416.2,435.85,625.29,436.04,525.58,570.33
546,OK,113,81,818,818,415.5,423.82,626.07,428.73,523.97,554.83
547,OK,115,75,818,818,417.07,417.46,627.79,422.51,527.38,549.11
548,OK,109,70,826,826,414.88,414.81,627.43,421.3,523.88,549.19
549,OK,115,72,817,817,417.11,409.44,627.42,416.94,524.66,548.06
550,OK,109,73,822,822,413.3,414.4,625.03,418.48,522.44,552.62
551,OK,108,70,828,828,412.47,416.92,625.78,417.65,525.89,550.73
552,OK,113,69,822,822,415.92,415.51,627.52,417.4,527.65,545.02
553,OK,114,72,815,815,414.67,413.06,624.49,414.85,523.18,544.26
554,OK,124,65,805,805,420.8,401.83,628.06,406.14,529.47,530.92
555,OK,127,67,789,789,421.65,395.1,624.5,407.69,520.39,521.86
556,OK,115,21,814,814,417.85,374.4,627.21,384.47,522.27,478.54
557,OK,128,13,803,803,424.03,361.65,630.67,366.88,531.1,465.57
558,OK,146,23,774,774,433.99,353.99,633.01,366.92,534.4,460.52
559,OK,142,13,776,776,431.04,346.58,630.71,352.64,529.65,453.3
560,OK,157,24,758,758,436.45,352.19,631.78,352.37,537.94,453.89
561,OK,158,19,776,776,444.71,355.98,644.56,358.59,549.05,456.94
562,OK,165,21,774,774,451.62,354.77,650.88,361.25,554.58,459.71
563,OK,161,14,792,792,454.01,355.32,657.8,361.22,559.15,463.41
564,OK,161,12,800,800,458.8,352.98,664.55,362.0,560.48,467.29
565,OK,173,20,792,792,465.12,357.5,669.02,361.97,571.92,472.29
566,OK,181,27,785,785,467.95,363.91,670.2,362.72,577.94,475.34
567,OK,170,19,809,809,468.34,366.28,676.56,370.34,576.93,478.43
568,OK,163,18,811,811,461.05,372.08,669.96,366.72,571.74,477.89
569,OK,173,33,798,798,466.32,382.68,671.88,377.67,575.86,484.86
570,OK,164,37,804,804,459.86,391.11,666.61,379.71,570.33,492.77
571,OK,167,49,801,801,459.39,394.62,665.34,384.76,573.62,509.43
572,OK,155,48,812,812,450.85,397.99,659.64,384.31,568.43,517.12
573,OK,160,56,811,811,456.38,397.88,665.34,396.67,570.19,525.61
574,OK,157,48,810,810,451.51,390.05,659.9,382.23,568.81,521.31
575,OK,146,48,810,810,445.19,388.38,653.85,384.62,554.13,520.26
576,OK,145,50,818,818,449.78,391.51,660.35,395.09,554.75,525.96
577,OK,171,43,800,800,465.46,371.69,671.32,378.99,574.61,512.22
578,OK,177,54,785,785,467.16,376.74,669.21,386.6,570.9,512.19
579,OK,151,52,794,794,447.23,379.71,651.41,389.6,547.3,515.34
580,OK,146,53,762,762,429.9,383.39,625.88,371.68,527.4,491.62
581,OK,146,39,770,770,433.9,377.26,631.84,366.91,530.3,476.89
582,OK,159,32,769,769,444.84,368.17,642.95,364.49,542.47,467.02
583,OK,161,15,780,780,454.83,348.4,655.42,357.72,548.53,458.02
584,OK,180,40,771,771,469.03,361.19,667.34,371.84,562.92,483.76
585,OK,180,56,773,773,470.39,378.01,669.19,389.29,563.37,501.77
586,OK,196,84,765,765,479.28,398.43,676.14,407.16,579.72,531.13
587,OK,184,93,784,784,474.38,415.96,676.16,421.79,578.14,552.37
588,OK,178,99,797,797,472.39,421.55,677.58,428.99,577.16,568.75
589,OK,161,95,810,810,460.44,426.83,669.05,431.13,567.63,571.76
590,OK,164,101,796,796,455.96,431.57,660.92,431.56,566.28,567.9
591,OK,155,76,793,793,445.24,412.84,649.38,412.31,554.7,532.21
592,OK,143,55,803,803,437.99,398.27,644.64,393.18,547.54,517.12
593,OK,147,53,807,807,443.04,395.45,650.85,395.47,553.15,516.64
594,OK,153,58,804,804,448.42,402.25,655.39,404.45,558.98,516.96
595,OK,150,42,818,818,450.91,392.61,661.5,398.55,562.74,506.57
596,OK,151,27,828,828,457.02,391.39,670.14,398.92,567.35,487.21
597,OK,159,38,813,813,459.7,394.29,669.05,402.06,567.61,491.37
598,OK,154,34,823,823,458.91,393.65,670.72,400.87,565.35,494.04
599,OK,161,43,812,812,463.97,393.85,672.65,406.34,567.54,499.21
600,OK,172,68,796,796,468.91,404.94,673.24,421.14,569.62,519.23
601,OK,172,85,802,802,469.82,417.08,675.74,432.43,574.13,547.61
602,OK,165,109,806,806,465.21,436.32,672.21,451.51,567.37,580.84
603,OK,173,130,789,789,465.86,447.53,668.59,461.99,567.82,594.38
604,OK,163,151,809,809,464.36,470.15,671.99,488.86,565.84,630.66
605,OK,166,180,802,802,465.58,489.27,670.96,511.14,566.85,663.68
606,OK,180,194,788,788,470.91,498.2,673.09,517.2,576.98,670.13
607,OK,180,191,790,790,471.47,493.59,673.62,515.82,577.63,668.6
608,OK,167,184,804,804,463.6,496.94,670.08,511.89,572.64,668.17
609,OK,173,183,796,796,467.34,491.2,671.57,510.32,572.76,662.24
610,OK,160,166,812,812,460.8,483.15,669.18,500.42,567.09,652.69
611,OK,163,155,801,801,458.66,471.81,664.68,484.79,564.35,632.45
612,OK,166,119,803,803,462.67,448.93,669.33,456.39,569.22,588.79
613,OK,171,88,804,804,463.51,431.73,670.61,429.32,579.16,550.95
614,OK,161,34,826,826,462.99,400.19,675.79,399.21,580.22,494.58
615,OK,163,27,814,814,457.83,396.55,667.25,389.75,578.73,476.06
616,OK,150,22,820,820,449.21,390.16,660.37,390.41,566.96,474.45
617,OK,165,32,801,801,455.12,388.06,661.44,392.38,572.24,474.78
618,OK,164,30,805,805,458.07,390.56,665.15,399.56,572.36,469.66
619,OK,167,33,804,804,459.22,391.77,666.07,399.51,576.52,474.55
620,OK,171,32,803,803,461.87,391.34,668.72,396.92,579.29,472.01
621,OK,170,35,801,801,463.19,394.35,669.12,405.04,575.0,471.78
622,OK,171,31,810,810,467.35,392.09,675.62,405.21,580.81,474.3
623,OK,170,32,806,806,466.55,393.68,673.48,409.1,577.49,469.6
624,OK,176,31,806,806,471.2,393.58,678.28,409.69,584.89,468.22
625,OK,174,32,807,807,469.01,393.52,676.42,407.3,582.81,470.5
626,OK,173,28,811,811,469.34,392.65,677.79,407.36,583.3,466.24
627,OK,178,31,809,809,472.42,393.03,680.14,408.98,589.07,470.53
628,OK,176,34,807,807,468.9,395.42,676.54,405.41,585.52,473.87
629,OK,185,46,791,791,472.0,395.51,675.28,408.85,586.67,480.63
630,OK,176,44,796,796,466.97,395.78,671.47,409.36,579.39,483.34
631,OK,173,60,791,791,466.81,400.6,669.91,415.17,569.54,504.07
632,OK,172,61,788,788,463.07,400.04,665.58,411.85,568.45,506.02
633,OK,170,73,783,783,459.42,407.17,660.73,419.01,562.95,515.43
634,OK,156,61,810,810,457.73,403.94,665.49,423.33,561.27,519.87
635,OK,156,94,797,797,453.33,422.61,657.58,443.49,553.48,551.35
636,OK,159,114,786,786,452.94,434.41,654.26,455.68,551.05,569.29
637,OK,150,123,796,796,447.58,446.18,651.81,464.56,546.56,587.04
638,OK,154,133,790,790,449.97,451.5,652.71,468.75,548.56,597.05
639,OK,148,132,798,798,444.62,456.02,649.74,467.11,547.26,601.97
640,OK,143,140,796,796,441.38,460.8,645.97,474.1,539.95,609.37
641,OK,147,140,795,795,443.58,460.94,647.99,474.37,543.32,607.82
642,OK,145,138,799,799,443.19,460.28,648.55,474.25,542.31,608.63
643,OK,151,140,789,789,445.92,456.33,648.28,475.02,543.91,603.01
644,OK,158,152,771,771,445.54,465.51,643.52,479.92,543.26,603.23
645,OK,144,125,804,804,443.54,454.31,650.05,469.47,546.86,592.97
646,OK,145,120,802,802,444.42,446.82,650.19,463.41,545.81,587.41
647,OK,143,119,806,806,442.81,448.75,649.88,461.97,546.36,589.95
648,OK,142,114,809,809,442.98,444.13,650.83,458.22,546.88,585.14
649,OK,142,111,809,809,442.3,441.65,650.13,456.28,546.21,581.51
650,OK,140,107,812,812,442.14,440.99,650.81,454.91,547.06,579.81
651,OK,142,106,813,813,442.66,441.06,651.74,452.67,549.22,578.73
652,OK,147,115,805,805,442.89,446.8,649.97,454.25,551.99,583.66
653,OK,151,122,793,793,443.0,449.05,647.08,457.89,549.43,584.18
654,OK,151,128,783,783,441.12,451.41,642.56,461.66,542.81,583.09
655,OK,154,142,775,775,442.04,455.71,641.17,468.58,541.78,596.94
656,OK,150,148,783,783,440.82,463.93,641.94,477.5,540.79,608.36
657,OK,149,160,779,779,437.74,475.88,638.17,484.78,538.66,617.67
658,OK,145,156,787,787,438.59,473.59,640.8,485.74,538.24,619.97
659,OK,148,157,786,786,443.01,470.01,644.63,487.85,538.87,622.12
660,OK,158,158,776,776,447.59,469.91,647.11,483.22,546.18,616.54
661,OK,155,155,785,785,445.16,472.24,647.12,481.92,548.57,618.86
662,OK,163,165,762,762,446.48,473.72,642.51,484.43,545.4,613.74
663,OK,162,161,766,766,445.6,473.92,642.68,483.0,546.84,611.23
664,OK,156,156,776,776,443.46,471.12,643.02,480.04,546.44,612.55
665,OK,154,152,781,781,442.66,469.07,643.65,477.68,546.27,611.42
666,OK,158,157,771,771,442.68,472.55,641.11,481.17,545.1,607.31
667,OK,157,153,776,776,445.85,469.3,645.41,479.93,544.51,607.87
668,OK,158,138,779,779,446.65,458.97,646.99,470.32,547.42,590.38
669,OK,153,135,786,786,447.21,454.99,648.75,474.0,544.82,591.89
670,OK,161,133,776,776,448.47,455.49,648.12,465.01,551.29,581.87
671,OK,164,137,771,771,448.26,456.47,646.56,465.7,550.92,583.79
672,OK,165,139,771,771,449.77,456.48,648.09,467.86,552.25,586.96
673,OK,164,143,764,764,449.45,455.95,645.59,471.24,546.39,587.27
674,OK,160,132,780,780,448.88,453.41,649.39,465.35,551.38,585.52
675,OK,161,133,778,778,447.96,454.78,648.18,463.88,552.32,585.82
676,OK,159,134,777,777,446.11,454.93,645.92,464.72,548.94,584.73
677,OK,165,137,774,774,450.7,457.97,649.87,465.9,555.42,587.01
678,OK,161,135,774,774,447.4,454.86,646.61,464.27,550.12,586.22
679,OK,163,135,771,771,447.21,455.52,645.7,463.38,550.27,581.69
680,OK,156,130,783,783,442.81,457.72,644.5,460.85,550.57,583.4
681,OK,156,133,779,779,443.71,454.23,644.16,464.26,547.07,585.16
682,OK,160,137,772,772,446.18,454.54,644.66,467.5,547.17,585.7
683,OK,158,137,773,773,443.7,455.17,642.55,466.1,545.05,585.43
684,OK,153,132,781,781,440.04,457.45,641.07,461.99,546.75,584.34
685,OK,158,133,775,775,442.63,454.94,642.23,459.68,548.6,583.08
686,OK,148,129,786,786,438.82,454.73,641.21,461.86,543.18,586.27
687,OK,148,132,787,787,439.83,454.86,642.31,464.76,541.3,591.06
688,OK,157,138,772,772,443.48,455.52,642.11,465.33,543.99,589.19
689,OK,154,137,778,778,444.0,452.3,643.81,466.22,543.01,594.42
690,OK,154,135,780,780,444.81,452.1,645.22,466.08,544.29,592.0
691,OK,150,135,786,786,443.01,453.34,645.11,466.73,543.46,597.04
692,OK,155,138,777,777,445.23,453.08,644.76,468.6,542.91,593.16
693,OK,148,136,786,786,442.48,454.47,644.41,468.88,540.31,596.81
694,OK,142,129,798,798,441.51,452.8,646.39,467.86,539.49,597.5
695,OK,147,137,795,795,444.15,457.62,648.46,470.49,542.95,604.18
696,OK,145,143,788,788,438.96,462.9,641.6,473.79,538.04,605.79
697,OK,151,151,779,779,440.87,465.77,641.21,477.74,540.43,608.8
698,OK,152,150,779,779,440.73,465.63,641.08,477.0,541.51,606.69
699,OK,143,139,798,798,441.61,460.01,646.44,477.95,541.51,608.76
700,OK,150,145,784,784,441.86,460.95,643.26,476.6,541.55,606.44
701,OK,153,153,775,775,441.96,465.34,641.0,478.87,539.71,609.2
702,OK,144,145,788,788,437.44,465.74,640.23,474.85,538.92,609.21
703,OK,150,156,775,775,437.71,471.05,637.26,479.11,538.16,611.83
704,OK,151,163,774,774,436.42,479.84,635.85,483.12,541.3,619.05
705,OK,147,162,783,783,437.36,476.69,638.75,488.16,539.15,625.49
706,OK,142,161,787,787,435.28,476.02,637.8,486.98,534.61,626.78
707,OK,152,175,773,773,437.12,483.9,636.07,494.22,539.54,633.88
708,OK,141,163,796,796,437.46,480.42,641.88,495.41,538.9,636.07
709,OK,148,183,783,783,438.05,490.23,639.32,504.82,540.53,651.12
710,OK,142,183,804,804,439.48,500.79,646.1,512.96,546.83,663.54
711,OK,154,212,777,777,440.2,516.04,639.93,527.59,544.02,678.79
712,OK,137,218,793,793,432.08,526.61,636.11,538.1,533.4,695.9
713,OK,139,222,795,795,437.61,528.8,640.92,552.0,533.27,697.79
714,OK,137,221,794,794,433.44,533.87,637.43,546.39,533.04,697.59
715,OK,139,212,790,790,432.15,520.82,635.21,532.63,535.73,687.72
716,OK,142,193,790,790,434.14,503.89,637.35,516.3,539.2,666.04
717,OK,137,181,797,797,430.4,496.57,635.42,504.22,537.22,658.01
718,OK,136,179,803,803,428.43,504.93,635.11,501.23,542.91,657.43
719,OK,136,177,806,806,431.95,501.56,639.45,502.8,543.45,658.73
720,OK,144,188,799,799,434.89,510.34,640.68,509.69,549.65,665.01
721,OK,144,188,792,792,431.86,508.55,635.94,505.36,546.54,662.68
722,OK,141,183,799,799,432.26,502.97,637.97,502.94,545.85,661.14
723,OK,129,177,807,807,426.43,499.54,634.2,505.26,535.17,658.58
724,OK,124,174,809,809,422.37,496.02,630.54,503.1,530.23,657.36
725,OK,117,174,819,819,420.58,498.24,631.48,506.45,526.44,665.02
726,OK,108,167,825,825,413.9,495.81,626.33,501.99,520.78,660.11
727,OK,119,180,803,803,415.4,500.83,622.09,503.92,522.7,659.7
728,OK,119,180,804,804,416.67,499.0,623.48,506.75,523.75,663.05
729,OK,116,183,810,810,417.19,505.34,625.62,512.39,522.28,667.69
730,OK,127,182,801,801,421.92,502.9,628.3,506.03,529.29,660.48
731,OK,127,175,804,804,425.1,494.86,632.14,501.15,530.06,657.62
732,OK,130,158,798,798,426.74,479.96,632.15,483.89,529.63,632.12
733,OK,143,140,790,790,434.17,463.38,637.65,463.75,540.39,606.95
734,OK,146,121,797,797,442.63,446.35,647.5,458.14,543.68,586.97
735,OK,149,101,809,809,447.32,437.31,655.75,440.63,554.64,572.04
736,OK,155,78,812,812,454.65,419.33,663.67,426.11,562.99,547.18
737,OK,165,78,794,794,459.71,411.76,663.92,422.3,563.84,534.32
738,OK,167,70,803,803,463.73,407.37,670.26,417.0,571.0,531.37
739,OK,165,61,806,806,461.66,404.85,669.21,407.76,572.35,521.81
740,OK,169,64,799,799,462.76,405.11,668.41,409.19,570.99,518.9
741,OK,163,58,810,810,461.62,403.53,670.23,407.67,570.84,521.02
742,OK,171,63,800,800,465.14,403.42,671.01,410.87,575.88,519.26
743,OK,168,70,797,797,462.13,406.21,667.3,415.61,568.2,527.01
744,OK,170,79,794,794,465.15,410.69,669.18,425.02,568.66,534.46
745,OK,177,91,776,776,464.03,418.6,663.42,430.74,566.79,535.23
746,OK,174,99,782,782,463.13,424.66,664.19,435.84,568.0,549.82
747,OK,165,101,791,791,458.56,429.08,662.05,439.22,560.39,557.92
748,OK,165,100,793,793,459.7,427.69,663.53,440.17,560.94,560.01
749,OK,157,95,806,806,458.53,427.67,665.65,443.09,559.53,560.9
750,OK,161,102,801,801,458.16,433.59,664.21,441.94,562.79,566.71
751,OK,158,97,807,807,457.26,431.95,664.88,440.12,562.71,564.09
752,OK,165,102,795,795,458.5,432.51,663.24,439.78,563.22,562.06
753,OK,168,103,790,790,460.55,431.46,663.94,440.45,563.79,560.52
754,OK,171,105,787,787,461.42,432.08,663.79,441.37,566.17,560.3
755,OK,169,105,790,790,461.14,433.0,664.34,443.33,566.13,561.92
756,OK,170,105,792,792,461.19,435.24,665.04,441.39,569.46,564.59
757,OK,171,106,789,789,460.76,434.79,663.84,440.46,568.23,563.56
758,OK,172,110,785,785,460.8,434.62,662.81,443.32,566.47,566.38
759,OK,174,112,782,782,462.07,434.94,663.14,444.4,567.57,566.9
760,OK,172,112,787,787,462.77,435.35,665.21,447.76,567.43,569.21
761,OK,166,110,791,791,459.21,435.6,662.5,449.09,562.78,568.22
762,OK,167,111,788,788,458.91,437.43,661.43,449.36,563.21,567.2
763,OK,171,119,782,782,461.24,440.13,662.21,452.52,564.03,575.65
764,OK,172,117,782,782,460.38,441.53,661.65,449.05,566.53,571.04
765,OK,173,123,775,775,459.28,443.32,658.61,454.73,562.0,572.44
766,OK,163,117,792,792,454.9,444.76,658.78,452.67,562.53,578.18
767,OK,164,128,784,784,452.5,450.95,654.26,459.24,558.77,585.42
768,OK,157,132,787,787,449.94,451.03,652.36,462.46,550.05,593.92
769,OK,162,145,776,776,452.56,449.96,651.27,472.49,548.51,604.81
770,OK,155,150,779,779,449.0,456.39,648.38,478.48,540.03,612.06
771,OK,157,167,771,771,446.3,470.71,644.22,486.56,539.56,626.81
772,OK,159,177,769,769,446.16,478.15,643.55,493.8,542.39,637.14
773,OK,159,179,782,782,449.45,485.19,650.3,500.86,550.37,648.48
774,OK,164,186,771,771,448.66,487.56,646.91,500.98,550.62,649.15
775,OK,156,183,779,779,445.3,485.97,645.49,500.21,546.19,651.38
776,OK,158,183,774,774,445.39,487.49,644.38,498.76,547.01,648.75
777,OK,160,186,773,773,446.71,489.18,645.44,502.46,547.38,649.67
778,OK,155,182,776,776,443.41,485.73,642.88,499.3,544.82,648.89
779,OK,156,196,778,778,444.28,501.03,644.34,511.38,546.7,663.82
780,OK,148,187,788,788,440.45,497.57,643.19,508.4,542.31,660.52
781,OK,161,185,772,772,446.11,486.59,644.59,498.7,550.32,650.3
782,OK,159,174,778,778,446.14,479.06,646.18,491.49,550.0,641.14
783,OK,164,182,763,763,447.11,479.71,642.91,494.97,546.15,638.91
784,OK,150,170,784,784,441.82,479.38,643.31,490.89,542.15,640.07
785,OK,148,167,786,786,441.13,478.04,643.35,488.73,541.25,637.94
786,OK,153,172,780,780,442.98,481.81,643.74,490.85,543.65,639.52
787,OK,159,178,766,766,442.15,480.85,639.16,490.1,544.06,636.95
788,OK,148,175,778,778,438.41,480.28,638.36,493.3,536.12,642.77
789,OK,146,177,784,784,439.76,482.47,641.12,496.35,537.46,648.81
790,OK,150,176,783,783,440.64,482.76,641.91,495.81,541.63,644.99
791,OK,150,173,786,786,442.48,481.18,644.45,495.48,544.36,644.38
792,OK,152,177,780,780,442.04,482.15,642.56,495.05,543.67,646.25
793,OK,152,179,778,778,442.87,483.86,642.75,496.88,540.86,645.73
794,OK,156,176,772,772,443.28,482.2,641.9,491.67,542.89,637.93
795,OK,162,169,762,762,446.33,471.88,642.35,483.63,542.95,623.33
796,OK,152,160,776,776,442.57,470.75,642.07,482.28,539.16,620.99
797,OK,153,156,776,776,443.02,465.64,642.51,477.27,541.0,617.89
798,OK,153,155,779,779,443.15,465.24,643.59,476.16,542.39,617.82
799,OK,156,160,768,768,442.7,467.86,640.24,478.95,539.72,616.21
800,OK,158,165,762,762,443.67,465.81,639.32,482.41,537.76,619.4
801,OK,163,172,757,757,445.95,470.63,640.34,485.67,539.77,622.56
802,OK,156,168,769,769,444.49,469.98,641.73,486.93,538.07,627.01
803,OK,154,168,771,771,443.24,470.65,641.09,486.91,537.09,628.22
804,OK,166,183,752,752,446.53,478.39,639.74,492.51,541.61,633.52
805,OK,163,172,765,765,445.8,472.92,642.61,483.09,547.54,631.04
806,OK,160,178,765,765,443.34,480.45,640.11,489.66,543.78,636.18
807,OK,159,176,763,763,442.58,477.16,638.73,489.07,539.88,632.8
808,OK,167,174,755,755,446.58,474.74,640.84,485.86,544.31,622.79
809,OK,157,155,775,775,442.64,466.07,642.02,472.65,545.75,615.53
810,OK,160,157,767,767,444.12,465.58,641.47,473.46,544.64,610.9
811,OK,160,157,765,765,444.22,463.19,640.96,474.54,542.72,611.08
812,OK,160,158,765,765,442.81,463.93,639.65,473.09,543.14,611.66
813,OK,163,161,758,758,442.7,466.8,637.84,473.19,544.5,611.63
814,OK,163,163,758,758,442.9,467.19,637.88,474.46,543.9,613.41
815,OK,161,159,763,763,443.84,463.57,639.96,474.7,543.39,612.5
816,OK,157,160,766,766,442.38,466.21,639.32,476.33,541.1,614.78
817,OK,160,160,769,769,444.86,468.21,642.6,478.62,545.47,615.39
818,OK,176,165,753,753,454.99,460.61,648.3,476.02,553.25,614.49
819,OK,169,159,753,753,443.27,469.63,637.2,466.57,550.02,603.71
820,OK,166,154,760,760,446.03,464.11,641.76,469.24,549.39,602.1
821,OK,167,150,758,758,447.01,460.43,642.22,467.04,548.17,596.06
822,OK,166,147,755,755,444.5,456.27,638.77,463.36,546.21,589.05
823,OK,162,147,761,761,442.12,459.12,637.91,465.2,545.98,592.95
824,OK,165,140,760,760,444.08,457.31,639.83,460.41,549.86,581.25
825,OK,167,138,759,759,444.16,455.71,639.7,458.91,550.47,578.39
826,OK,164,137,760,760,441.29,459.09,636.95,456.61,550.04,577.96
827,OK,163,138,761,761,440.65,458.48,636.6,455.78,549.37,579.96
828,OK,163,136,763,763,441.44,456.49,638.04,456.53,549.6,579.46
829,OK,164,142,761,761,441.14,460.43,637.05,458.76,549.33,584.69
830,OK,164,140,763,763,442.58,457.35,639.09,459.87,549.76,583.57
831,OK,162,139,765,765,441.66,458.14,638.65,460.3,549.66,583.41
832,OK,168,150,748,748,443.62,458.93,636.16,465.3,545.64,586.75
833,OK,160,146,758,758,439.8,458.3,634.96,466.7,541.4,589.48
834,OK,166,151,746,746,440.83,458.45,632.88,463.83,542.32,587.07
835,OK,171,163,740,740,442.99,466.44,633.56,469.96,545.36,599.15
836,OK,165,152,754,754,442.83,460.06,636.91,465.53,545.76,597.13
837,OK,166,155,753,753,442.14,464.31,636.16,465.72,546.68,597.45
838,OK,169,157,749,749,442.84,464.59,635.86,466.14,547.35,598.58
839,OK,158,146,766,766,440.03,460.5,637.39,462.31,545.26,597.47
840,OK,157,139,771,771,438.95,457.74,637.61,457.5,547.37,591.89
841,OK,155,134,776,776,439.15,456.29,638.92,457.87,547.12,587.62
842,OK,152,135,774,774,438.13,450.67,637.1,460.86,540.53,588.4
843,OK,155,136,768,768,436.51,454.11,634.37,458.13,543.43,584.92
844,OK,153,128,779,779,437.77,449.56,638.35,453.74,547.02,583.43
845,OK,148,120,786,786,435.81,447.61,638.13,450.5,545.32,577.86
846,OK,146,118,791,791,435.75,448.15,639.59,450.1,545.86,577.2
847,OK,145,115,795,795,436.6,445.12,641.24,449.55,546.1,578.5
848,OK,139,111,805,805,434.33,445.2,641.61,447.83,545.84,579.57
849,OK,144,117,793,793,435.3,446.31,639.43,450.62,543.79,579.1
850,OK,143,114,795,795,434.85,444.27,639.54,445.41,543.79,577.61
851,OK,141,111,799,799,433.08,444.35,638.77,445.02,544.14,576.85
852,OK,141,107,795,795,433.57,437.94,638.39,441.94,541.52,569.28
853,OK,140,106,796,796,432.93,438.45,638.04,440.73,540.87,570.31
854,OK,140,108,791,791,430.75,440.22,634.47,440.24,539.3,565.85
855,OK,134,97,805,805,430.88,433.44,638.03,438.91,537.92,563.55
856,OK,140,103,801,801,434.15,437.92,640.5,441.39,544.44,567.88
857,OK,140,109,796,796,433.05,440.58,638.06,443.11,541.1,573.61
858,OK,144,112,794,794,435.62,443.88,640.04,446.86,545.37,572.98
859,OK,150,112,792,792,440.27,442.44,644.31,446.81,550.69,573.11
860,OK,156,121,782,782,442.52,447.32,643.94,451.91,551.97,576.01
861,OK,156,116,786,786,445.14,441.22,647.28,451.24,553.07,573.64
862,OK,160,119,781,781,446.57,440.7,647.52,451.74,554.58,573.0
863,OK,158,123,778,778,444.19,443.88,644.38,454.14,551.42,575.53
864,OK,159,120,781,781,445.32,441.86,646.07,452.48,553.46,574.26
865,OK,164,126,771,771,445.07,445.39,643.64,452.73,553.88,573.05
866,OK,162,128,774,774,444.99,448.86,644.35,455.06,554.54,579.91
867,OK,163,133,773,773,443.53,454.41,642.64,455.71,554.95,583.55
868,OK,162,132,772,772,442.85,452.84,641.8,454.08,553.76,583.3
869,OK,162,135,766,766,444.16,449.52,641.16,460.75,548.79,581.79
870,OK,162,134,769,769,443.88,451.01,641.84,459.01,550.37,582.01
871,OK,156,117,784,784,442.72,444.06,644.54,447.41,553.24,572.85
872,OK,145,95,788,788,433.78,430.28,636.78,429.14,542.73,549.87
873,OK,148,84,790,790,439.24,418.89,642.6,426.02,545.37,537.08
874,OK,149,78,799,799,442.84,416.51,648.48,423.47,551.29,534.33
875,OK,151,80,795,795,443.32,417.11,647.98,424.55,552.25,533.93
876,OK,152,80,792,792,443.48,417.71,647.17,426.23,551.2,531.94
877,OK,153,82,785,785,442.11,416.55,644.06,423.55,548.2,528.63
878,OK,152,83,784,784,441.67,415.93,643.44,425.36,545.84,530.02
879,OK,151,83,786,786,440.59,417.5,642.99,424.75,546.35,532.1
880,OK,147,82,788,788,438.4,418.81,641.31,424.99,543.24,531.37
881,OK,149,85,784,784,439.27,417.98,641.14,426.0,542.43,532.06
882,OK,149,86,780,780,438.15,416.29,638.97,424.95,539.71,532.4
883,OK,139,83,797,797,432.88,421.2,638.2,426.4,539.66,539.35
884,OK,160,115,768,768,439.99,446.17,637.87,443.74,550.48,555.0
885,OK,162,136,756,756,439.51,454.64,634.16,455.55,544.89,574.83
886,OK,143,107,793,793,434.55,440.2,638.72,441.52,543.16,565.23
887,OK,143,96,794,794,434.44,434.35,638.98,433.47,544.78,552.72
888,OK,147,93,795,795,436.37,431.81,641.18,427.72,549.98,552.15
889,OK,141,81,797,797,432.95,422.94,638.11,423.13,544.22,536.27
890,OK,150,88,784,784,439.04,420.62,640.77,426.1,545.26,536.68
891,OK,145,80,791,791,435.17,421.23,638.83,420.99,543.19,530.11
892,OK,141,75,796,796,434.27,419.86,639.29,420.23,541.74,526.86
893,OK,143,72,792,792,435.25,412.89,639.13,417.14,540.96,521.6
894,OK,138,71,796,796,432.22,416.84,637.14,414.71,538.51,522.31
895,OK,143,74,790,790,434.17,416.65,637.5,412.78,541.39,524.67
896,OK,148,78,781,781,436.69,417.67,637.8,415.51,538.89,520.65
897,OK,148,77,780,780,438.52,414.63,639.32,414.58,538.76,520.46
898,OK,143,73,783,783,435.61,412.87,637.13,416.02,532.33,514.65
899,OK,142,70,788,788,435.76,412.88,638.73,415.35,535.25,515.43
900,OK,140,69,791,791,434.22,411.46,637.82,414.68,534.81,516.84
901,OK,141,70,791,791,435.19,411.9,638.84,415.39,536.95,517.62
902,OK,141,72,786,786,433.01,414.25,635.56,413.1,535.25,517.46
903,OK,140,70,789,789,432.14,413.22,635.41,411.15,535.42,515.98
904,OK,141,70,788,788,433.61,411.64,636.44,411.08,536.56,516.97
905,OK,142,69,786,786,432.79,410.1,635.24,409.28,536.46,515.97
906,OK,148,75,777,777,435.28,414.81,635.29,410.87,537.59,514.64
907,OK,155,83,769,769,439.86,419.23,637.89,417.54,540.77,515.79
908,OK,155,84,770,770,440.74,419.62,639.12,419.33,541.52,518.85
909,OK,153,83,775,775,440.67,418.35,640.25,422.35,540.45,521.61
910,OK,154,86,774,774,441.29,420.15,640.72,423.13,541.15,525.57
911,OK,150,83,781,781,441.09,416.26,642.16,424.1,540.02,526.73
912,OK,154,89,775,775,442.87,418.76,642.18,428.88,541.19,529.72
913,OK,156,90,771,771,442.6,418.81,641.0,428.25,540.97,528.26
914,OK,154,87,778,778,443.33,418.24,643.43,429.01,542.92,528.83
915,OK,151,85,781,781,441.89,418.4,642.73,427.86,540.53,528.47
916,OK,152,87,775,775,441.43,418.85,640.81,425.93,538.84,527.1
917,OK,154,88,776,776,443.79,417.97,643.49,428.46,541.7,528.97
918,OK,154,87,778,778,443.66,418.85,643.71,429.05,543.02,528.41
919,OK,152,86,778,778,442.66,418.09,642.66,428.69,540.05,528.5
920,OK,151,85,781,781,442.49,418.34,643.38,428.65,540.65,528.06
921,OK,153,87,776,776,442.85,418.18,642.5,428.15,541.08,527.42
922,OK,156,89,773,773,442.95,419.12,641.86,426.77,541.66,528.08
923,OK,151,86,774,774,440.02,418.04,639.15,425.85,537.53,525.79
924,OK,151,86,773,773,438.07,418.43,637.17,423.04,537.13,523.28
925,OK,153,87,772,772,438.3,420.64,637.02,425.56,540.5,523.26
926,OK,151,85,776,776,438.45,421.09,638.16,426.45,540.77,523.82
927,OK,147,80,783,783,436.3,419.26,637.88,422.49,539.71,522.5
928,OK,145,82,787,787,435.69,419.94,638.44,423.92,539.71,528.21
929,OK,145,84,786,786,435.67,419.61,638.11,426.31,541.1,532.76
930,OK,142,78,794,794,435.36,419.76,639.68,424.78,541.72,529.2
931,OK,143,90,780,780,431.96,422.91,632.85,429.9,534.17,534.05
932,OK,142,95,771,771,428.69,424.0,627.08,429.71,526.47,534.12
933,OK,139,92,777,777,431.64,419.5,631.3,433.66,522.94,534.14
934,OK,142,83,804,804,447.63,415.82,653.24,440.84,539.34,542.07
935,OK,218,112,740,740,486.55,419.83,676.82,429.62,596.14,539.71
936,OK,203,95,792,792,498.58,420.45,701.74,440.0,597.86,552.57
937,OK,205,88,842,842,526.61,422.1,739.79,462.33,619.99,576.19
938,OK,222,104,824,824,542.92,426.2,750.3,471.56,622.16,584.48
939,OK,249,103,802,802,557.78,418.76,759.97,460.81,641.8,568.83
940,OK,252,110,792,792,555.19,425.65,756.03,462.06,640.94,568.41
941,OK,254,114,791,791,556.64,426.05,756.74,463.62,641.61,573.45
942,OK,252,102,799,799,558.33,417.15,759.69,460.15,643.42,564.36
943,OK,246,103,798,798,553.98,416.52,754.25,462.19,637.16,565.12
944,OK,238,97,808,808,550.34,415.88,753.75,460.16,632.97,564.14
945,OK,233,97,813,813,546.25,416.84,751.09,460.45,629.87,567.84
946,OK,235,97,811,811,547.64,414.08,751.65,458.89,632.27,567.68
947,OK,235,90,811,811,548.36,407.51,751.25,457.47,630.81,559.17
948,OK,229,88,817,817,545.84,406.9,749.88,458.46,627.02,560.48
949,OK,227,82,822,822,543.99,408.62,750.75,453.88,629.36,554.83
950,OK,224,78,829,829,543.49,408.22,752.51,452.03,629.71,554.15
951,OK,222,77,832,832,543.27,407.23,752.69,452.39,628.67,556.33
952,OK,214,95,837,837,536.89,426.76,748.19,469.78,622.66,578.9
953,OK,222,99,811,811,533.63,417.19,738.63,457.09,619.23,571.81
954,OK,232,84,779,779,529.35,397.37,726.99,432.05,615.26,532.73
955,OK,217,49,797,797,518.1,386.38,721.93,411.71,610.15,496.02
956,OK,201,20,789,789,496.79,366.74,699.41,382.54,592.56,454.22
957,OK,187,14,793,793,484.98,363.26,688.66,378.76,581.05,449.69
958,OK,171,-5,809,809,471.99,357.48,679.64,375.75,575.74,433.31
959,OK,165,1,802,802,465.22,360.09,671.42,374.06,564.54,437.63
960,OK,172,14,795,795,468.08,368.78,672.5,378.38,568.74,449.67
961,OK,172,17,804,804,471.85,380.78,678.88,389.01,573.64,454.66
962,OK,171,13,829,829,483.76,384.46,696.44,402.98,581.13,461.63
963,OK,185,38,811,811,490.41,394.99,698.21,415.04,587.59,482.97
964,OK,195,49,795,795,495.66,396.19,699.44,415.67,587.23,488.05
965,OK,190,50,805,805,495.0,396.39,701.33,417.15,587.25,498.09
966,OK,191,51,800,800,493.16,398.71,698.69,413.98,587.76,497.22
967,OK,193,53,796,796,493.39,400.04,697.6,418.68,587.23,492.72
968,OK,192,35,805,805,493.17,395.36,700.09,406.69,592.51,473.38
969,OK,186,27,814,814,491.58,390.64,700.69,405.67,591.78,470.8
970,OK,183,19,822,822,492.16,388.89,703.14,407.1,590.96,462.31
971,OK,179,14,828,828,489.63,389.54,702.18,406.07,591.99,459.28
972,OK,182,19,826,826,491.3,392.11,703.1,411.11,593.43,464.07
973,OK,180,19,827,827,489.51,390.55,701.85,407.58,591.59,464.94
974,OK,180,17,829,829,489.7,391.03,702.4,408.93,592.0,463.65
975,OK,179,16,829,829,489.75,390.65,702.55,409.04,591.1,461.32
976,OK,181,18,827,827,490.66,390.43,702.75,409.04,592.93,463.71
977,OK,182,27,823,823,489.97,397.81,700.99,416.51,591.26,470.24
978,OK,185,38,812,812,489.23,401.1,697.8,416.92,589.78,480.28
979,OK,178,30,823,823,489.3,397.6,700.04,421.28,585.21,474.19
980,OK,182,40,811,811,486.61,403.91,695.03,418.12,583.63,479.12
981,OK,178,44,813,813,483.32,402.71,692.19,417.66,580.95,491.44
982,OK,179,50,811,811,483.8,403.58,692.01,418.83,580.65,499.42
983,OK,186,63,797,797,487.86,405.31,692.35,422.92,579.78,508.74
984,OK,183,66,793,793,483.45,409.52,687.15,424.74,573.45,506.9
985,OK,182,66,797,797,482.87,412.74,687.7,426.79,576.21,510.06
986,OK,180,73,800,800,483.54,417.78,688.86,436.23,574.01,520.62
987,OK,181,72,798,798,483.99,417.47,688.69,436.37,574.02,516.34
988,OK,182,68,793,793,480.28,412.13,684.12,426.11,575.21,509.07
989,OK,185,70,787,787,483.02,410.38,684.97,427.4,572.5,509.02
990,OK,178,41,809,809,483.29,394.62,690.68,413.8,577.89,487.73
991,OK,176,40,811,811,481.19,394.93,689.46,410.49,578.43,489.04
992,OK,179,33,812,812,483.08,397.63,691.75,410.28,583.44,474.6
993,OK,171,26,818,818,479.05,392.75,689.41,403.55,577.44,473.52
994,OK,170,18,825,825,480.93,391.92,692.88,406.11,578.91,462.36
995,OK,173,27,812,812,479.44,391.89,688.35,402.48,575.63,469.38
996,OK,172,22,816,816,479.93,390.02,689.6,402.36,575.56,465.68
997,OK,170,18,823,823,480.27,388.29,691.78,403.14,577.09,463.56
998,OK,174,22,814,814,481.2,387.75,690.28,401.78,577.61,465.06
999,OK,172,23,823,823,480.3,393.59,691.74,407.66,580.98,467.62
1000,OK,177,28,814,814,481.34,391.09,690.64,404.27,583.69,472.6
1001,OK,177,35,812,812,481.23,392.87,689.93,405.44,581.95,484.41
1002,OK,170,42,816,816,476.1,405.45,685.65,419.91,575.72,488.6
1003,OK,179,44,807,807,479.66,398.82,687.11,410.73,581.72,491.08
1004,OK,180,38,809,809,480.96,393.85,689.02,405.55,584.06,485.92
1005,OK,181,40,807,807,481.32,394.21,688.9,406.19,584.22,486.11
1006,OK,178,36,812,812,481.44,392.73,690.12,406.76,582.71,485.14
1007,OK,180,40,808,808,481.97,394.91,689.56,408.6,584.22,487.63
1008,OK,175,43,811,811,478.55,396.17,686.98,409.47,578.13,494.81
1009,OK,180,41,805,805,482.01,395.18,688.93,409.09,578.54,485.2
1010,OK,173,26,816,816,478.76,392.23,688.64,401.6,579.4,472.87
1011,OK,172,21,819,819,480.36,388.96,690.81,401.28,577.48,465.06
1012,OK,170,11,833,833,483.66,389.75,697.35,410.08,583.17,454.63
1013,OK,172,17,819,819,479.05,389.86,689.68,400.42,578.16,457.39
1014,OK,173,16,820,820,481.49,389.64,692.31,403.66,579.87,456.15
1015,OK,173,16,825,825,484.46,389.27,695.84,411.0,581.84,456.44
1016,OK,180,34,816,816,488.23,399.63,696.8,425.85,584.13,471.67
1017,OK,182,49,801,801,484.33,402.9,690.04,418.4,578.1,488.53
1018,OK,185,60,792,792,484.38,408.32,687.94,421.17,577.83,498.2
1019,OK,186,54,795,795,485.26,405.98,689.56,419.72,579.21,489.91
1020,OK,191,62,788,788,487.86,409.68,690.36,424.04,581.41,496.08
1021,OK,190,69,784,784,486.97,412.61,688.19,428.85,577.7,503.2
1022,OK,189,71,780,780,483.32,411.46,683.72,424.39,574.92,504.29
1023,OK,189,76,776,776,482.35,413.72,681.85,427.23,571.93,508.85
1024,OK,194,83,770,770,483.64,416.7,681.59,430.12,576.47,513.09
1025,OK,192,82,774,774,481.74,418.12,680.89,427.59,577.03,516.62
1026,OK,187,93,778,778,477.92,427.26,678.14,433.27,574.69,534.02
1027,OK,181,87,790,790,477.57,430.11,680.74,438.95,573.85,530.7
1028,OK,176,86,791,791,475.6,423.15,678.9,437.22,565.16,532.8
1029,OK,171,81,799,799,472.02,424.68,677.7,433.42,566.28,531.21
1030,OK,176,84,790,790,470.68,428.58,674.03,429.7,570.81,529.51
1031,OK,176,78,796,796,471.69,423.37,676.64,421.74,574.89,531.09
1032,OK,182,83,780,780,474.09,423.31,674.97,427.84,569.92,521.56
1033,OK,179,68,789,789,472.19,419.47,675.48,418.24,573.06,506.58
1034,OK,175,58,796,796,470.82,411.8,675.78,416.49,572.79,498.74
1035,OK,171,60,799,799,469.2,414.44,674.86,420.42,569.93,501.2
1036,OK,171,56,799,799,469.88,414.24,675.5,419.79,569.2,494.16
1037,OK,173,70,785,785,464.23,420.63,666.51,418.78,565.14,504.6
1038,OK,174,70,785,785,465.46,420.06,667.66,421.06,567.42,503.72
1039,OK,174,70,787,787,465.03,420.78,667.65,420.32,568.85,505.94
1040,OK,178,70,791,791,468.19,421.5,671.86,419.71,577.11,510.03
1041,OK,174,61,802,802,468.7,417.42,675.23,417.14,578.67,506.83
1042,OK,172,57,796,796,465.0,416.24,670.07,418.06,572.64,493.26
1043,OK,172,54,803,803,465.01,416.99,671.79,416.4,578.95,494.58
1044,OK,172,51,804,804,465.52,419.15,672.47,416.41,580.25,489.37
1045,OK,177,63,789,789,465.15,419.56,668.22,416.06,576.98,496.94
1046,OK,174,59,796,796,465.1,419.46,670.11,416.9,577.41,496.25
1047,OK,173,64,788,788,463.62,417.63,666.63,420.68,569.17,497.7
1048,OK,174,63,788,788,464.4,418.87,667.4,420.27,570.18,495.85
1049,OK,173,66,786,786,463.42,417.81,665.83,419.92,567.72,499.95
1050,OK,167,61,791,791,459.84,416.18,663.51,417.21,563.02,496.91
1051,OK,169,64,785,785,459.35,417.59,661.53,415.0,563.12,497.1
1052,OK,169,68,790,790,459.94,420.96,663.43,416.03,567.48,509.27
1053,OK,170,70,786,786,460.32,420.47,662.59,416.0,564.66,509.15
1054,OK,170,71,785,785,458.98,421.87,661.09,415.25,564.83,507.47
1055,OK,171,72,782,782,459.42,421.39,660.89,417.51,564.76,507.59
1056,OK,169,70,787,787,458.5,422.01,661.15,416.75,564.82,507.03
1057,OK,161,62,798,798,455.66,420.96,661.06,415.38,562.62,505.52
1058,OK,165,70,785,785,454.85,422.59,656.93,418.66,559.36,505.09
1059,OK,167,69,780,780,455.35,420.56,656.32,417.96,558.27,499.81
1060,OK,165,72,785,785,454.94,422.53,657.17,418.43,558.5,508.9
1061,OK,163,70,787,787,455.08,419.88,657.71,418.42,557.49,508.26
1062,OK,160,66,794,794,454.77,418.7,659.17,417.47,558.54,508.31
1063,OK,163,71,789,789,455.0,421.07,658.1,419.58,558.04,511.05
1064,OK,166,75,779,779,454.39,421.89,654.95,419.27,555.78,508.66
1065,OK,167,76,778,778,455.8,423.37,656.16,421.31,557.55,508.13
1066,OK,166,72,785,785,455.99,421.7,658.12,418.67,560.63,508.71
1067,OK,169,72,783,783,458.05,421.15,659.62,417.96,562.41,507.17
1068,OK,170,73,779,779,457.72,420.83,658.46,418.28,560.33,505.22
1069,OK,168,72,781,781,456.91,420.24,658.06,418.08,559.45,506.2
1070,OK,168,74,781,781,456.74,422.18,657.78,419.69,560.17,508.36
1071,OK,168,73,779,779,456.22,420.75,656.94,418.59,558.14,504.49
1072,OK,167,71,782,782,455.76,422.39,657.19,418.65,559.75,505.18
1073,OK,169,72,782,782,456.51,425.27,657.83,416.68,564.42,505.51
1074,OK,169,72,786,786,457.86,426.22,660.18,419.1,566.93,507.53
1075,OK,173,81,776,776,459.13,428.06,658.92,423.04,563.73,513.6
1076,OK,167,73,797,797,460.18,423.75,665.52,418.99,568.47,521.78
1077,OK,168,87,797,797,461.62,434.43,666.8,430.81,568.64,537.49
1078,OK,170,88,796,796,463.46,436.48,668.35,432.5,572.08,539.07
1079,OK,183,97,780,780,467.44,443.96,668.19,435.92,578.2,536.05
1080,OK,174,92,790,790,464.37,437.47,667.86,434.75,572.61,539.16
1081,OK,178,97,787,787,465.89,442.81,668.44,439.91,575.91,540.5
1082,OK,180,103,776,776,466.73,446.47,666.6,443.8,571.27,537.86
1083,OK,167,111,798,798,463.87,451.94,669.19,457.58,566.87,566.62
1084,OK,172,122,786,786,460.95,458.98,663.3,456.11,569.54,574.28
1085,OK,167,133,789,789,456.49,467.03,659.79,463.69,565.5,590.14
1086,OK,173,143,787,787,464.35,467.81,666.76,475.76,568.22,601.39
1087,OK,174,149,795,795,465.72,478.83,670.45,482.74,574.05,612.51
1088,OK,181,153,782,782,467.09,477.55,668.58,478.32,577.59,610.76
1089,OK,170,139,801,801,465.53,470.11,671.67,474.81,573.0,606.83
1090,OK,184,145,782,782,471.09,467.32,672.54,471.96,579.25,603.12
1091,OK,177,131,787,787,466.64,457.54,669.18,461.72,572.85,589.6
1092,OK,192,128,770,770,473.44,448.2,671.62,452.86,582.85,576.21
1093,OK,197,125,755,755,473.56,442.98,667.88,449.78,577.4,558.86
1094,OK,203,105,753,753,478.15,419.32,671.72,431.42,584.85,538.04
1095,OK,201,82,768,768,484.3,405.28,681.48,419.42,588.85,519.93
1096,OK,205,66,775,775,496.07,390.67,694.23,413.89,589.63,504.86
1097,OK,223,67,768,768,510.26,388.49,706.42,414.43,607.49,501.52
1098,OK,242,81,758,758,528.94,390.99,721.49,422.6,618.3,513.33
1099,OK,231,60,796,796,528.89,395.8,732.8,417.21,627.47,511.44
1100,OK,233,56,785,785,530.04,383.8,730.08,413.92,620.03,497.33
1101,OK,235,72,768,768,525.7,394.72,721.53,422.36,615.05,503.95
1102,OK,236,78,767,767,525.48,398.58,721.45,422.86,615.02,513.18
1103,OK,237,77,772,772,531.35,402.81,728.03,431.3,617.74,510.75
1104,OK,239,81,785,785,537.54,406.57,737.23,438.51,625.02,524.77
1105,OK,240,78,788,788,539.38,410.09,740.17,438.98,629.11,520.69
1106,OK,238,79,783,783,537.69,408.12,736.97,439.69,622.17,517.58
1107,OK,242,87,768,768,535.11,411.65,730.87,439.26,619.97,517.61
1108,OK,240,84,775,775,532.13,411.22,730.4,434.04,623.22,521.08
1109,OK,240,84,775,775,532.36,408.58,730.51,433.18,624.4,522.97
1110,OK,240,89,767,767,529.43,412.69,725.69,435.73,620.16,520.43
1111,OK,242,84,769,769,532.04,408.39,728.2,435.39,622.22,515.97
1112,OK,239,80,774,774,529.02,410.03,727.2,431.73,624.36,513.91
1113,OK,238,74,781,781,531.33,405.07,731.53,425.27,626.18,513.82
1114,OK,239,74,785,785,533.98,404.62,734.83,428.86,628.29,516.42
1115,OK,239,76,784,784,536.31,405.46,736.46,432.83,627.3,517.52
1116,OK,239,80,779,779,534.44,406.56,733.33,433.86,623.15,518.99
1117,OK,243,83,777,777,537.88,406.75,735.94,434.98,626.63,522.11
1118,OK,240,84,781,781,535.8,407.72,735.21,434.59,625.8,527.71
1119,OK,238,83,788,788,538.02,407.64,738.57,438.53,625.84,532.21
1120,OK,237,85,789,789,536.83,408.02,737.5,440.77,625.17,533.95
1121,OK,233,76,798,798,537.54,405.51,740.63,437.08,625.11,528.87
1122,OK,233,75,792,792,534.26,403.15,736.05,432.58,623.15,524.26
1123,OK,244,78,778,778,538.48,404.21,737.05,430.38,630.16,517.89
1124,OK,248,78,776,776,541.08,402.23,738.92,430.19,632.06,516.34
1125,OK,244,66,788,788,543.38,398.39,744.17,427.14,633.56,507.34
1126,OK,246,64,787,787,542.46,398.96,743.67,423.53,635.15,504.42
1127,OK,247,67,790,790,546.92,397.77,748.29,427.71,636.95,511.75
1128,OK,249,65,789,789,549.18,395.8,749.83,428.06,638.06,507.45
1129,OK,257,78,776,776,551.76,400.15,749.3,430.77,640.05,517.46
1130,OK,250,69,792,792,550.73,400.1,752.19,432.23,641.35,515.55
1131,OK,253,80,786,786,553.73,407.31,752.54,445.17,639.55,520.35
1132,OK,250,84,789,789,553.25,407.58,752.56,446.66,636.9,530.73
1133,OK,254,89,783,783,553.42,411.1,751.04,451.17,638.84,530.49
1134,OK,253,88,786,786,553.13,411.43,751.69,450.79,639.76,531.82
1135,OK,250,85,797,797,553.86,408.15,755.36,447.75,642.11,539.27
1136,OK,256,89,784,784,554.82,412.01,753.09,450.12,643.0,532.8
1137,OK,264,96,772,772,558.15,409.26,753.35,447.71,644.32,536.04
1138,OK,259,83,790,790,561.21,405.79,760.65,445.85,649.01,530.96
1139,OK,264,86,783,783,562.57,407.84,760.57,445.49,650.12,527.56
1140,OK,267,91,775,775,563.51,407.86,759.16,446.94,648.16,529.27
1141,OK,271,95,767,767,562.75,410.02,756.91,446.11,648.56,528.94
1142,OK,271,95,767,767,562.9,410.58,757.08,446.22,649.92,528.56
1143,OK,271,95,768,768,563.4,410.32,757.65,447.15,650.09,529.86
1144,OK,269,92,773,773,564.15,408.28,759.3,448.32,649.61,528.46
1145,OK,271,92,772,772,564.45,408.93,759.54,447.42,652.15,529.17
1146,OK,271,92,772,772,564.85,409.02,760.0,447.5,652.66,529.45
1147,OK,264,91,783,783,562.26,409.39,759.83,449.53,649.9,535.11
1148,OK,271,94,775,775,565.56,410.36,761.45,449.13,652.87,532.87
1149,OK,272,93,773,773,565.35,408.52,760.7,446.61,653.65,530.72
1150,OK,273,95,768,768,565.51,408.59,759.53,447.08,653.0,531.86
1151,OK,271,97,772,772,564.3,410.72,759.68,447.5,652.25,537.29
1152,OK,270,94,774,774,564.84,408.79,760.31,447.88,653.32,533.67
1153,OK,273,97,770,770,565.15,412.6,760.16,448.2,653.35,535.55
1154,OK,264,96,789,789,562.46,417.09,762.89,450.16,653.52,546.97
1155,OK,263,94,791,791,563.22,415.15,764.07,449.65,653.58,545.68
1156,OK,266,97,784,784,564.23,414.98,762.97,451.13,652.6,545.44
1157,OK,269,99,779,779,564.27,414.43,761.7,449.98,653.22,543.85
1158,OK,267,96,782,782,562.99,414.1,761.35,448.29,653.91,543.95
1159,OK,270,100,774,774,564.13,414.18,760.29,450.16,653.05,542.86
1160,OK,270,99,776,776,565.35,414.77,761.91,450.27,654.37,543.21
1161,OK,271,100,773,773,564.69,417.04,760.4,453.52,653.06,538.62
1162,OK,263,97,777,777,556.81,418.49,754.17,451.5,647.14,535.58
1163,OK,257,95,790,790,558.82,419.87,758.67,458.27,646.35,542.92
1164,OK,257,105,792,792,557.22,432.32,758.36,465.71,649.34,554.79
1165,OK,270,123,781,781,564.2,436.64,762.03,472.93,658.3,572.54
1166,OK,272,163,745,745,555.1,456.92,744.23,489.38,638.92,598.06
1167,OK,253,129,782,782,553.03,441.33,751.45,475.95,637.55,581.74
1168,OK,249,89,798,798,552.37,415.71,754.47,452.4,643.95,543.23
1169,OK,259,94,777,777,553.24,413.4,750.25,449.07,642.67,533.2
1170,OK,259,90,781,781,554.72,409.61,752.77,444.57,645.26,533.99
1171,OK,260,94,772,772,553.01,413.75,748.82,448.33,642.93,530.55
1172,OK,259,92,780,780,552.79,414.75,751.08,447.24,646.6,534.03
1173,OK,259,96,777,777,551.58,420.19,749.68,448.85,644.83,535.04
1174,OK,257,95,777,777,549.77,419.51,747.75,449.25,642.34,532.12
1175,OK,256,96,775,775,549.23,419.45,746.42,450.47,639.01,532.58
1176,OK,253,92,781,781,550.77,413.99,748.48,450.57,638.03,532.29
1177,OK,253,94,780,780,549.27,417.09,747.28,450.54,639.66,534.39
1178,OK,259,101,772,772,551.71,419.05,747.73,451.74,640.65,538.62
1179,OK,257,101,774,774,549.71,422.82,746.68,453.3,640.54,538.68
1180,OK,256,98,778,778,551.3,418.92,749.03,450.62,641.41,541.07
1181,OK,252,96,780,780,548.45,417.11,746.68,449.13,637.92,540.5
1182,OK,252,93,783,783,546.8,414.14,746.14,444.52,639.98,538.7
1183,OK,253,92,783,783,547.95,414.08,747.4,444.41,642.08,538.34
1184,OK,250,90,786,786,547.71,413.65,747.79,444.32,640.19,538.81
1185,OK,250,88,788,788,548.37,412.8,748.97,444.07,640.07,536.34
1186,OK,247,86,790,790,546.86,412.27,747.82,443.62,638.55,534.79
1187,OK,251,88,785,785,547.45,411.36,747.35,441.85,638.9,534.47
1188,OK,253,89,785,785,548.18,414.16,749.02,438.49,642.69,536.77
1189,OK,250,85,789,789,548.66,407.25,749.48,438.4,640.4,536.8
1190,OK,247,82,794,794,548.48,406.37,750.39,438.2,639.08,536.55
1191,OK,245,85,793,793,546.13,407.3,747.45,441.32,635.37,539.01
1192,OK,244,83,792,792,545.42,406.9,746.5,441.51,634.17,535.37
1193,OK,249,89,782,782,543.16,412.56,742.74,439.89,637.55,535.54
1194,OK,244,98,776,776,536.43,422.88,734.86,445.88,629.06,537.94
1195,OK,240,101,781,781,535.63,429.62,735.07,456.76,625.95,539.56
1196,OK,239,102,789,789,535.28,430.03,736.72,456.46,630.61,548.86
1197,OK,242,104,777,777,532.77,428.62,730.97,455.65,628.77,543.3
1198,OK,239,100,784,784,532.73,425.07,732.67,452.69,630.63,547.11
1199,OK,236,94,785,785,534.03,417.51,733.68,450.04,623.99,539.13
1200,OK,242,95,781,781,538.31,416.18,736.8,448.47,628.33,537.7
1201,OK,250,98,768,768,538.8,421.31,734.99,446.41,633.02,531.83
1202,OK,253,96,768,768,540.4,419.58,736.46,446.3,637.19,528.75
1203,OK,252,93,775,775,543.53,413.8,740.37,446.44,637.67,530.72
1204,OK,253,90,775,775,542.95,415.81,740.51,443.85,638.61,525.12
1205,OK,244,85,791,791,541.59,414.21,743.09,444.24,636.41,531.0
1206,OK,250,86,787,787,545.05,415.18,745.79,442.69,641.06,529.44
1207,OK,254,88,787,787,548.8,414.52,749.63,442.57,645.39,534.12
1208,OK,253,88,787,787,548.63,412.77,748.97,443.61,644.27,534.36
1209,OK,256,89,783,783,550.81,411.37,749.77,444.93,645.43,533.43
1210,OK,254,88,785,785,547.65,414.3,747.7,442.71,646.07,533.24
1211,OK,251,85,789,789,548.17,412.72,748.87,443.94,642.65,530.82
1212,OK,249,83,793,793,546.98,412.9,748.88,443.27,642.82,531.38
1213,OK,252,86,789,789,547.09,414.88,748.46,441.83,645.7,532.72
1214,OK,252,85,788,788,546.22,415.7,747.79,439.51,645.68,531.58
1215,OK,251,86,788,788,546.93,414.14,747.93,441.63,644.04,533.99
1216,OK,253,86,786,786,548.19,411.84,748.34,441.88,644.18,532.06
1217,OK,261,92,775,775,552.28,411.0,748.94,445.18,647.11,531.04
1218,OK,263,93,772,772,553.05,413.74,749.3,446.29,648.64,529.22
1219,OK,259,92,778,778,552.34,412.08,749.49,447.81,646.38,533.66
1220,OK,260,94,776,776,551.22,413.43,748.42,446.06,647.69,535.17
1221,OK,259,93,778,778,550.09,414.67,748.18,444.89,647.79,534.92
1222,OK,257,92,780,780,549.22,414.16,747.87,444.58,645.83,535.18
1223,OK,258,92,778,778,549.15,413.8,747.5,443.07,645.71,534.95
1224,OK,256,92,780,780,548.9,414.41,747.5,444.43,644.8,535.75
1225,OK,257,93,778,778,548.5,414.52,746.89,443.58,645.94,535.37
1226,OK,258,95,777,777,549.64,414.82,747.22,446.23,644.95,536.45
1227,OK,260,99,775,775,548.93,417.37,746.33,446.83,646.44,540.09
1228,OK,261,100,772,772,550.74,418.04,747.11,448.52,645.89,540.6
1229,OK,260,100,771,771,548.27,419.25,744.86,446.56,643.67,538.48
1230,OK,261,103,768,768,549.15,421.52,744.83,450.67,644.7,539.77
1231,OK,263,99,771,771,550.85,417.43,747.28,446.78,648.52,536.3
1232,OK,261,95,774,774,551.42,413.7,748.22,445.36,646.65,535.35
1233,OK,262,97,770,770,550.84,414.53,746.71,445.2,646.82,535.66
1234,OK,258,91,777,777,549.02,411.49,746.69,442.75,644.74,532.25
1235,OK,257,86,782,782,550.58,408.92,749.32,441.83,646.14,529.02
1236,OK,264,93,771,771,553.13,411.48,749.21,443.57,648.36,530.18
1237,OK,266,94,769,769,554.73,411.94,750.01,444.69,648.3,529.68
1238,OK,266,99,769,769,555.8,413.83,750.97,448.03,648.17,536.22
1239,OK,265,97,770,770,553.79,415.61,749.79,446.53,649.13,534.85
1240,OK,272,102,760,760,556.83,415.7,749.86,448.2,650.79,533.78
1241,OK,271,101,763,763,557.05,414.94,750.81,447.67,650.35,533.76
1242,OK,270,104,761,761,556.07,417.32,749.49,448.62,648.86,535.3
1243,OK,265,96,770,770,554.7,413.52,750.33,446.72,648.57,532.73
1244,OK,264,92,770,770,553.45,410.28,748.98,442.95,648.44,528.28
1245,OK,261,91,777,777,552.78,412.52,750.54,443.75,646.6,531.61
1246,OK,264,94,773,773,553.25,417.0,750.24,445.3,648.94,530.85
1247,OK,265,94,774,774,555.45,414.28,752.4,444.86,650.75,533.62
1248,OK,266,96,772,772,557.91,412.78,753.87,446.38,649.86,535.66
1249,OK,269,99,766,766,558.17,413.34,752.78,446.38,650.26,536.08
1250,OK,268,97,770,770,558.83,411.88,754.07,446.07,651.07,535.07
1251,OK,268,95,770,770,558.87,411.03,754.27,445.38,651.25,533.54
1252,OK,271,95,768,768,559.29,410.13,754.32,442.74,654.24,531.8
1253,OK,271,97,767,767,557.96,411.56,753.17,442.47,653.49,533.3
1254,OK,270,98,768,768,558.45,414.12,753.42,447.69,652.17,534.84
1255,OK,271,98,771,771,558.4,415.02,754.48,446.62,655.59,536.29
1256,OK,273,95,766,766,560.31,411.25,754.7,444.9,654.51,528.26
1257,OK,273,93,765,765,559.85,409.66,754.09,443.24,653.29,524.9
1258,OK,272,97,764,764,558.91,411.89,753.13,444.18,653.19,530.6
1259,OK,273,96,764,764,559.11,412.03,753.39,443.48,654.1,529.58
1260,OK,270,94,770,770,557.33,413.62,753.58,442.67,654.69,531.6
1261,OK,267,96,771,771,555.81,415.33,752.4,443.96,650.43,534.21
1262,OK,267,94,770,770,558.01,411.12,753.62,444.23,649.9,531.1
1263,OK,273,97,762,762,559.36,411.9,753.31,441.83,651.88,530.3
1264,OK,269,94,766,766,557.2,412.27,752.24,442.03,649.6,528.68
1265,OK,271,95,764,764,559.39,410.46,753.6,441.97,650.62,528.41
1266,OK,264,91,781,781,556.19,412.93,754.81,445.45,654.29,533.72
1267,OK,258,92,782,782,551.79,416.84,750.78,447.61,647.05,534.07
1268,OK,254,97,783,783,548.85,422.05,748.31,452.63,641.63,540.06
1269,OK,254,104,786,786,545.79,434.73,746.93,457.9,647.71,549.36
1270,OK,253,132,782,782,540.26,452.06,741.19,467.12,647.32,587.68
1271,OK,241,160,790,790,535.13,477.61,737.74,495.92,635.7,623.79
1272,OK,218,132,804,804,520.35,459.83,726.42,480.53,618.59,598.23
1273,OK,201,110,820,820,504.32,453.82,715.41,461.06,613.2,583.25
1274,OK,208,130,797,797,499.79,466.36,704.8,457.87,611.7,594.05
1275,OK,198,130,795,795,489.69,467.26,694.37,458.67,599.31,592.26
1276,OK,195,134,795,795,484.84,473.08,689.12,460.6,597.2,596.98
1277,OK,189,135,806,806,482.19,477.26,689.08,460.39,599.89,607.87
1278,OK,194,148,791,791,481.33,489.66,683.71,465.28,596.31,608.59
1279,OK,170,111,822,822,469.96,466.52,680.31,443.52,588.11,589.77
1280,OK,166,109,821,821,465.63,464.38,675.8,440.97,582.27,587.02
1281,OK,166,103,817,817,465.64,457.2,674.95,436.46,579.68,575.18
1282,OK,158,97,823,823,460.86,458.04,671.88,437.19,573.16,569.89
1283,OK,160,89,821,821,464.27,450.1,675.4,438.06,572.07,554.49
1284,OK,157,88,821,821,460.48,450.1,671.36,435.64,569.06,553.49
1285,OK,154,86,824,824,458.82,451.84,670.34,433.91,569.03,553.34
1286,OK,158,92,821,821,460.88,455.39,671.56,438.52,571.02,558.18
1287,OK,158,92,817,817,458.54,454.84,668.25,436.74,568.98,555.99
1288,OK,159,94,815,815,458.89,456.04,668.05,437.04,569.27,556.38
1289,OK,157,96,813,813,455.94,458.88,664.09,435.7,567.64,557.95
1290,OK,158,99,811,811,455.78,459.36,663.36,437.25,567.97,560.28
1291,OK,144,96,827,827,448.52,461.82,659.98,436.38,561.28,570.27
1292,OK,139,100,835,835,446.03,468.86,659.33,441.43,560.71,580.74
1293,OK,135,104,833,833,441.29,471.48,653.75,442.13,555.85,584.98
1294,OK,136,104,832,832,440.73,472.85,652.35,439.18,558.29,584.7
1295,OK,144,100,826,826,449.24,462.06,660.9,441.19,560.34,575.59
1296,OK,149,97,824,824,453.63,460.61,664.85,439.54,564.45,568.45
1297,OK,154,91,814,814,454.64,452.96,663.15,431.85,564.57,555.05
1298,OK,158,85,810,810,458.8,444.5,667.0,430.03,564.88,543.85
1299,OK,149,81,821,821,451.47,447.87,661.9,426.54,561.57,545.44
1300,OK,144,77,825,825,449.75,446.69,661.1,426.06,557.74,543.17
1301,OK,147,81,823,823,452.0,446.13,663.22,429.61,559.05,547.67
1302,OK,143,77,829,829,450.49,445.45,663.3,428.55,559.05,546.96
1303,OK,146,76,831,831,453.19,445.09,666.51,428.63,562.73,545.6
1304,OK,146,75,830,830,453.72,444.12,666.78,427.66,562.96,545.65
1305,OK,144,75,832,832,452.48,444.08,666.29,428.79,560.62,546.73
1306,OK,151,82,819,819,453.6,445.89,664.04,430.46,561.2,545.74
1307,OK,146,76,828,828,452.79,444.41,665.49,427.92,561.37,544.92
1308,OK,146,78,822,822,450.82,446.63,661.5,424.59,558.81,544.35
1309,OK,145,69,823,823,449.94,438.55,661.24,420.17,556.73,531.21
1310,OK,145,70,815,815,448.36,435.93,657.24,416.32,552.54,528.47
1311,OK,139,57,824,824,445.83,429.21,657.22,409.79,550.88,520.03
1312,OK,144,61,814,814,447.99,428.72,656.66,409.58,551.21,518.08
1313,OK,152,73,796,796,450.31,429.03,654.59,412.4,548.74,521.61
1314,OK,148,64,808,808,450.72,426.17,658.11,410.45,550.47,518.14
1315,OK,137,55,826,826,446.06,429.13,657.86,410.02,548.64,517.38
1316,OK,138,65,820,820,446.51,433.34,657.14,417.55,545.2,524.78
1317,OK,137,68,824,824,446.29,435.65,657.77,418.12,547.09,533.34
1318,OK,140,68,819,819,447.17,435.39,657.37,417.14,547.46,528.28
1319,OK,150,73,812,812,454.25,437.14,662.96,422.94,554.24,528.72
1320,OK,157,80,797,797,455.97,435.58,660.64,421.68,552.2,527.44
1321,OK,154,70,805,805,455.74,427.77,662.76,417.48,552.88,523.07
1322,OK,153,57,814,814,458.32,418.86,667.76,411.89,557.98,514.14
1323,OK,155,51,822,822,461.19,417.56,672.69,409.27,565.07,511.58
1324,OK,162,60,806,806,466.24,411.55,673.74,410.95,560.36,514.75
1325,OK,164,65,794,794,465.52,415.31,669.9,412.82,555.61,511.79
1326,OK,161,48,813,813,465.75,407.7,674.93,400.56,565.65,504.22
1327,OK,156,41,819,819,465.47,408.3,676.3,402.66,561.09,495.97
1328,OK,166,29,815,815,473.27,396.87,683.02,392.97,568.77,478.2
1329,OK,169,32,819,819,474.2,404.54,685.13,397.88,577.93,482.51
1330,OK,180,36,805,805,483.37,394.0,690.77,397.85,578.3,481.11
1331,OK,184,53,795,795,483.97,404.16,688.64,412.0,576.15,493.68
1332,OK,185,73,783,783,486.93,410.94,688.01,427.11,565.71,509.25
1333,OK,180,70,787,787,482.47,409.37,684.62,425.71,563.26,509.53
1334,OK,173,73,791,791,477.38,413.51,680.66,426.34,557.17,516.24
1335,OK,174,71,794,794,480.43,412.02,684.37,427.63,560.71,516.56
1336,OK,181,77,783,783,482.45,414.52,683.63,428.1,562.48,514.89
1337,OK,181,69,788,788,481.83,411.32,684.62,420.91,568.5,510.35
1338,OK,177,59,788,788,480.57,405.14,683.19,414.76,560.94,497.93
1339,OK,185,56,783,783,482.4,403.83,683.99,407.64,569.48,489.99
1340,OK,189,56,781,781,486.99,405.64,687.98,411.26,571.7,484.03
1341,OK,187,56,785,785,487.42,406.82,689.47,416.63,570.19,485.54
1342,OK,186,57,785,785,486.64,406.65,688.61,416.55,570.12,486.56
1343,OK,188,59,782,782,487.32,407.99,688.66,416.8,570.4,487.65
1344,OK,188,60,780,780,486.72,409.7,687.54,415.87,570.62,488.34
1345,OK,184,49,791,791,486.91,404.61,690.36,413.78,570.51,480.37
1346,OK,185,45,791,791,485.56,398.98,689.25,404.44,572.73,478.4
1347,OK,181,45,796,796,483.35,402.89,688.31,407.58,573.97,481.86
1348,OK,181,43,799,799,482.6,402.11,688.47,406.26,574.6,481.46
1349,OK,176,38,803,803,480.63,398.69,687.33,404.83,570.64,478.11
1350,OK,180,42,796,796,484.31,396.91,689.12,403.92,570.67,479.69
1351,OK,182,44,792,792,484.21,399.14,688.24,404.05,570.87,480.18
1352,OK,182,41,793,793,484.58,396.63,688.68,404.42,569.64,474.9
1353,OK,181,41,795,795,484.47,397.11,689.1,403.86,570.08,476.85
1354,OK,184,44,792,792,486.69,399.31,690.36,407.91,572.84,478.34
1355,OK,183,42,794,794,485.96,396.6,690.32,404.27,571.98,478.54
1356,OK,185,44,792,792,488.87,397.46,692.48,409.97,572.48,478.17
1357,OK,185,50,786,786,483.76,403.2,686.26,405.04,572.07,482.71
1358,OK,178,57,799,799,484.37,403.94,689.76,416.08,567.87,503.46
1359,OK,177,56,803,803,482.8,404.82,689.48,411.57,571.77,506.13
1360,OK,186,75,780,780,484.8,418.27,685.54,427.44,567.92,508.75
1361,OK,190,66,782,782,487.0,415.57,688.45,420.19,574.59,496.19
1362,OK,188,70,779,779,483.36,418.49,683.98,419.28,571.3,499.53
1363,OK,185,63,784,784,482.16,415.36,684.07,416.0,571.2,496.29
1364,OK,193,69,774,774,486.16,417.62,685.57,416.89,574.16,495.02
1365,OK,189,69,783,783,487.04,412.76,688.59,420.65,572.8,504.03
1366,OK,193,77,774,774,488.34,420.49,687.57,425.05,573.52,507.18
1367,OK,193,78,787,787,489.3,420.82,691.98,426.65,581.45,519.69
1368,OK,184,87,801,801,485.99,433.53,692.35,437.45,580.69,538.95
1369,OK,188,90,816,816,493.45,440.48,703.33,449.77,593.69,552.19
1370,OK,188,111,808,808,494.03,449.56,701.67,465.12,587.62,573.79
1371,OK,186,137,796,796,487.73,469.35,692.63,479.11,578.49,596.05
1372,OK,162,135,824,824,474.08,477.51,686.15,482.77,568.64,614.24
1373,OK,152,156,824,824,462.68,498.14,674.86,500.23,559.83,637.55
1374,OK,149,189,817,817,454.34,525.29,664.7,520.48,554.75,671.7
1375,OK,129,196,833,833,438.9,537.95,653.03,524.11,545.86,693.53
1376,OK,112,183,854,854,430.25,534.92,649.8,522.71,538.54,692.05
1377,OK,119,204,833,833,428.34,551.78,642.18,535.46,536.53,697.83
1378,OK,120,204,831,831,428.04,545.15,641.58,530.79,535.58,701.43
1379,OK,121,196,830,830,427.7,540.0,640.82,522.02,538.52,691.0
1380,OK,117,164,834,834,426.4,515.07,640.28,495.8,535.5,657.01
1381,OK,128,164,803,803,424.19,509.91,628.92,481.19,531.71,635.58
1382,OK,134,139,784,784,423.65,482.19,624.04,457.13,529.22,592.92
1383,OK,130,127,789,789,420.05,472.24,622.21,451.09,528.48,582.2
1384,OK,125,113,788,788,414.61,468.1,615.43,438.8,523.86,560.69
1385,OK,123,115,786,786,412.52,467.63,613.35,441.99,519.61,562.62
1386,OK,132,115,781,781,420.08,466.7,619.13,437.84,525.89,557.73
1387,OK,131,115,786,786,419.56,470.08,620.13,442.62,528.46,561.6
1388,OK,130,106,797,797,424.87,463.14,629.13,442.67,529.89,556.01
1389,OK,134,104,789,789,427.4,458.14,629.62,438.93,529.13,548.13
1390,OK,135,99,792,792,432.17,451.82,636.11,443.7,528.86,543.23
1391,OK,129,91,805,805,430.8,447.6,638.01,439.14,528.87,543.72
1392,OK,134,94,801,801,433.98,448.97,639.99,438.87,532.13,545.22
1393,OK,134,95,807,807,436.02,452.85,643.57,442.25,534.4,549.09
1394,OK,138,98,805,805,436.73,455.29,643.52,439.24,540.89,554.34
1395,OK,133,94,810,810,434.08,454.08,642.01,437.59,539.87,553.15
1396,OK,136,99,804,804,434.72,456.1,641.03,439.02,538.64,554.67
1397,OK,134,97,808,808,434.67,455.61,642.05,438.93,539.32,555.41
1398,OK,136,97,806,806,435.31,454.85,642.27,439.24,540.21,554.81
1399,OK,137,101,799,799,435.49,454.65,640.97,441.53,534.64,553.48
1400,OK,138,103,799,799,436.35,455.89,641.95,445.0,534.9,554.54
1401,OK,137,101,800,800,436.29,455.14,641.9,443.72,535.48,553.85
1402,OK,139,105,792,792,437.34,453.18,641.27,445.79,531.72,553.74
1403,OK,140,102,792,792,437.71,453.71,641.28,442.46,533.62,549.07
1404,OK,139,101,795,795,437.03,453.11,641.43,442.52,533.62,550.06
1405,OK,138,99,799,799,436.85,452.21,642.39,440.52,535.96,549.74
1406,OK,143,102,791,791,438.92,452.05,642.34,440.68,536.6,548.68
1407,OK,142,101,793,793,437.98,451.94,641.96,440.82,536.77,548.15
1408,OK,139,96,796,796,437.0,450.94,641.55,437.73,535.54,545.04
1409,OK,143,97,795,795,439.99,450.47,644.46,438.94,537.91,544.46
1410,OK,143,95,798,798,442.69,447.99,648.08,439.39,539.68,544.98
1411,OK,138,93,805,805,440.55,449.76,647.77,440.76,536.66,545.75
1412,OK,138,92,804,804,439.16,450.93,645.79,437.42,539.09,544.11
1413,OK,135,88,812,812,437.2,452.38,645.52,434.79,542.13,545.35
1414,OK,138,98,798,798,437.13,453.8,642.28,440.95,534.57,547.17
1415,OK,134,96,804,804,434.88,456.42,641.32,439.89,535.65,549.7
1416,OK,132,90,812,812,433.15,453.92,641.23,433.61,540.13,549.81
1417,OK,134,93,806,806,435.29,454.79,642.12,438.14,535.64,546.64
1418,OK,137,96,800,800,437.06,452.4,642.6,439.74,534.78,546.04
1419,OK,137,97,800,800,436.4,454.91,641.75,439.18,536.28,548.28
1420,OK,136,97,806,806,436.17,455.43,643.08,439.73,538.59,552.99
1421,OK,136,99,802,802,434.48,455.65,640.5,439.89,538.16,553.81
1422,OK,140,102,800,800,439.28,455.11,645.15,446.76,538.71,554.91
1423,OK,137,100,803,803,436.47,456.25,643.02,445.93,536.29,551.03
1424,OK,137,96,802,802,436.91,453.64,643.38,444.36,537.42,546.85
1425,OK,137,100,803,803,435.7,453.32,642.35,443.27,538.06,553.94
1426,OK,139,102,800,800,436.2,455.61,641.89,445.21,539.39,553.84
1427,OK,139,101,801,801,437.8,453.91,644.05,446.41,537.91,552.31
1428,OK,139,102,797,797,437.9,453.26,642.98,446.4,534.56,550.89
1429,OK,135,96,804,804,434.81,455.58,641.41,443.28,536.92,548.29
1430,OK,133,96,806,806,433.93,455.61,641.17,444.5,534.58,549.3
1431,OK,133,100,801,801,432.58,456.82,638.36,443.87,532.13,550.95
1432,OK,133,100,800,800,432.09,457.74,637.78,443.9,532.47,549.86
1433,OK,136,101,798,798,433.91,456.22,639.07,443.65,534.79,550.26
1434,OK,135,99,800,800,433.0,456.45,638.55,441.08,535.28,549.75
1435,OK,133,98,802,802,432.7,456.66,638.7,442.57,533.2,549.86
1436,OK,136,102,795,795,433.31,455.76,637.72,443.59,530.82,549.6
1437,OK,139,106,791,791,436.01,454.87,639.54,446.75,532.15,552.66
1438,OK,139,107,789,789,434.7,455.49,637.78,447.27,530.33,552.14
1439,OK,141,103,791,791,436.2,453.5,639.8,443.83,534.03,548.74
1440,OK,137,103,793,793,432.36,455.08,636.2,441.58,532.5,550.07
1441,OK,138,107,789,789,432.24,458.44,635.03,446.08,532.0,551.2
1442,OK,138,108,784,784,431.13,458.44,632.75,446.53,529.79,548.56
1443,OK,133,98,798,798,429.65,455.36,634.7,442.44,532.12,546.52
1444,OK,139,109,783,783,431.27,456.87,632.67,446.51,529.12,549.57
1445,OK,142,115,777,777,432.39,459.07,632.22,447.83,527.89,553.22
1446,OK,140,112,779,779,431.81,457.21,632.15,447.0,526.93,551.59
1447,OK,141,111,785,785,432.8,461.4,634.49,447.55,534.31,552.48
1448,OK,138,108,789,789,432.16,460.82,634.85,448.01,531.64,549.72
1449,OK,137,101,792,792,433.48,455.24,637.26,443.77,531.61,544.77
1450,OK,127,93,800,800,427.55,452.37,632.53,432.83,525.5,544.91
1451,OK,137,95,790,790,433.89,447.27,637.12,435.34,529.57,540.45
1452,OK,137,93,791,791,434.37,443.27,637.91,432.15,529.5,539.63
1453,OK,138,88,790,790,435.35,441.64,638.36,429.16,531.08,532.25
1454,OK,145,94,776,776,438.41,440.14,637.99,429.58,529.21,529.98
1455,OK,146,83,783,783,440.32,433.29,641.83,425.4,533.82,520.02
1456,OK,140,77,780,780,433.35,427.72,633.91,416.52,527.27,513.64
1457,OK,142,75,772,772,433.37,417.67,632.24,413.39,523.6,507.03
1458,OK,139,70,772,772,431.39,408.75,630.19,411.63,520.63,501.94
1459,OK,138,67,778,778,434.63,406.27,634.97,413.23,520.59,503.11
1460,OK,146,63,779,779,440.92,407.61,641.63,411.18,530.53,494.63
1461,OK,147,62,786,786,446.43,407.49,648.66,413.41,534.11,500.92
1462,OK,141,48,824,824,452.82,408.07,664.72,418.15,548.78,507.67
1463,OK,151,69,810,810,456.5,417.55,664.55,431.55,551.83,525.31
1464,OK,144,72,821,821,457.05,422.99,667.88,440.44,547.26,534.27
1465,OK,154,82,803,803,459.7,430.1,665.94,444.18,548.9,529.23
1466,OK,149,83,817,817,459.78,435.95,669.67,451.65,550.96,539.57
1467,OK,152,97,808,808,460.97,444.24,668.35,461.15,548.73,549.82
1468,OK,146,87,824,824,459.93,441.61,671.58,457.85,552.22,549.71
1469,OK,152,95,811,811,461.31,441.85,669.39,461.14,548.81,549.9
1470,OK,148,85,819,819,460.63,437.24,670.7,455.23,549.83,542.55
1471,OK,156,94,799,799,460.77,440.56,666.13,454.92,548.48,539.42
1472,OK,145,90,802,802,450.88,439.49,657.16,450.83,538.83,538.41
1473,OK,145,94,801,801,451.5,440.57,657.38,452.79,537.2,542.27
1474,OK,147,87,807,807,454.08,438.4,661.71,449.71,542.33,536.22
1475,OK,149,90,796,796,455.15,437.31,659.93,448.43,538.18,534.15
1476,OK,150,88,800,800,456.92,437.61,662.55,449.06,540.62,534.08
1477,OK,144,78,817,817,457.69,431.46,667.76,444.73,542.09,535.68
1478,OK,154,84,799,799,460.22,431.31,665.78,442.87,543.48,530.84
1479,OK,155,85,797,797,460.85,430.75,665.78,442.35,543.22,531.06
1480,OK,161,91,790,790,463.92,434.32,667.12,446.13,547.22,532.27
1481,OK,161,87,795,795,464.96,430.08,669.11,444.09,549.29,531.13
1482,OK,147,75,815,815,458.82,425.3,668.17,438.8,546.48,532.36
1483,OK,143,75,812,812,455.59,424.88,664.28,437.34,539.75,532.5
1484,OK,144,81,802,802,452.26,427.24,658.47,437.65,534.9,532.55
1485,OK,138,77,813,813,450.04,427.89,659.29,437.74,534.95,533.79
1486,OK,139,76,810,810,450.2,427.37,658.61,437.56,534.38,530.37
1487,OK,138,67,818,818,451.13,425.21,661.58,433.34,538.43,523.81
1488,OK,139,71,813,813,449.72,426.51,659.03,432.82,536.28,525.97
1489,OK,139,73,810,810,449.33,427.77,657.98,432.53,535.24,526.46
1490,OK,140,74,810,810,451.39,427.33,659.92,435.34,535.26,527.58
1491,OK,138,68,813,813,450.32,425.03,659.51,434.51,534.37,519.41
1492,OK,144,80,802,802,453.24,426.9,659.46,437.46,535.45,531.22
1493,OK,144,77,806,806,452.74,427.5,660.08,435.25,537.98,530.49
1494,OK,138,74,812,812,449.73,429.53,658.81,435.86,534.07,529.0
1495,OK,142,76,807,807,451.44,428.47,659.14,434.83,534.81,526.66
1496,OK,139,71,808,808,449.89,427.22,657.91,432.84,533.16,520.21
1497,OK,134,63,820,820,448.22,426.68,659.36,432.61,534.93,518.02
1498,OK,126,63,830,830,444.57,429.61,658.45,431.44,532.39,526.4
1499,OK,136,68,818,818,448.15,427.83,658.79,430.79,536.87,526.43
1500,OK,145,75,805,805,452.1,426.08,659.31,432.62,539.29,525.64
1501,OK,148,72,805,805,456.08,422.36,663.04,433.09,541.71,521.31
1502,OK,147,66,807,807,456.01,419.66,663.52,430.97,540.73,513.18
1503,OK,146,67,810,810,456.58,419.99,664.89,432.34,543.07,518.03
1504,OK,149,70,809,809,457.67,420.79,665.64,433.69,544.56,521.99
1505,OK,152,73,796,796,455.93,423.16,660.79,431.87,542.31,515.35
1506,OK,147,71,808,808,456.01,422.89,663.75,434.27,543.55,522.55
1507,OK,145,82,800,800,451.38,430.72,657.29,435.48,536.22,531.48
1508,OK,138,78,812,812,447.83,434.59,656.91,438.66,536.05,533.21
1509,OK,139,77,825,825,452.21,437.26,664.52,444.66,544.81,537.52
1510,OK,137,76,835,835,451.02,436.42,666.05,441.36,550.5,547.17
1511,OK,134,76,840,840,449.91,443.15,666.3,444.7,549.96,549.16
1512,OK,139,71,832,832,452.63,435.49,667.02,437.71,550.95,538.16
1513,OK,140,65,834,834,454.91,429.04,669.59,432.26,551.91,534.1
1514,OK,133,68,835,835,448.76,433.21,663.9,431.7,544.18,537.59
1515,OK,141,66,831,831,454.54,429.41,668.66,431.35,551.26,531.71
1516,OK,149,68,823,823,459.49,428.42,671.53,430.94,556.43,529.22
1517,OK,142,60,829,829,456.66,421.66,670.1,427.0,550.12,524.83
1518,OK,138,52,837,837,454.39,418.72,669.84,423.91,551.59,518.84
1519,OK,141,55,833,833,456.47,418.35,670.99,425.41,551.75,520.4
1520,OK,142,57,830,830,456.16,421.31,669.98,426.58,551.07,520.65
1521,OK,147,61,826,826,459.91,423.19,672.44,430.43,554.81,523.05
1522,OK,145,69,821,821,457.96,424.82,669.13,435.52,547.42,527.88
1523,OK,149,72,817,817,458.42,427.29,668.52,437.13,550.74,528.2
1524,OK,147,71,817,817,456.66,428.94,667.02,435.25,549.62,526.85
1525,OK,143,66,822,822,455.4,427.76,667.11,434.75,548.3,524.65
1526,OK,146,71,817,817,455.15,429.99,665.59,435.3,548.02,527.24
1527,OK,146,68,819,819,454.94,427.33,665.75,432.12,550.05,525.15
1528,OK,146,68,819,819,454.74,428.75,665.61,431.5,551.27,525.41
1529,OK,146,66,818,818,455.51,426.02,666.19,431.51,549.49,522.03
1530,OK,146,68,814,814,455.0,426.72,664.62,431.84,547.3,522.22
1531,OK,142,68,820,820,454.21,427.58,665.12,435.9,544.39,524.76
1532,OK,144,64,825,825,456.49,426.36,668.94,434.03,549.55,522.45
1533,OK,144,66,825,825,456.86,428.42,669.21,436.49,549.35,523.9
1534,OK,142,70,821,821,454.62,429.83,665.79,437.58,545.03,526.34
1535,OK,143,71,821,821,455.96,429.93,667.27,439.68,546.04,528.59
1536,OK,144,69,825,825,457.81,429.98,669.93,440.29,549.14,528.29
1537,OK,145,73,824,824,456.16,432.41,668.24,441.37,552.24,534.73
1538,OK,147,79,817,817,455.34,435.54,665.65,443.17,549.61,536.44
1539,OK,145,75,824,824,454.88,435.33,667.11,441.4,553.16,537.29
1540,OK,146,78,820,820,455.47,435.78,666.6,441.88,552.45,538.32
1541,OK,146,77,824,824,457.08,436.8,669.12,444.95,553.13,537.13
1542,OK,146,78,823,823,456.18,436.58,667.94,443.53,553.55,538.27
1543,OK,144,78,824,824,455.75,437.01,667.7,445.07,552.27,540.54
1544,OK,147,82,812,812,454.44,436.76,663.42,442.68,548.02,537.07
1545,OK,149,84,813,813,454.73,438.46,664.19,442.66,551.73,539.62
1546,OK,146,81,817,817,454.31,438.78,664.58,442.94,549.73,538.38
1547,OK,146,80,819,819,454.77,437.4,665.75,442.43,551.07,539.69
1548,OK,143,79,820,820,453.08,437.14,664.22,442.35,548.86,540.23
1549,OK,144,79,818,818,453.54,436.82,664.22,441.14,548.85,538.1
1550,OK,144,76,822,822,455.4,436.97,667.06,443.09,549.56,535.87
1551,OK,145,78,817,817,453.61,436.76,664.09,441.23,547.49,533.68
1552,OK,147,80,811,811,452.7,434.83,661.42,440.43,548.35,533.68
1553,OK,150,81,808,808,453.43,435.66,661.48,439.6,550.74,533.77
1554,OK,148,80,810,810,451.99,438.22,660.69,440.83,551.28,532.25
1555,OK,138,75,816,816,446.22,435.64,656.35,438.44,542.52,529.28
1556,OK,130,64,832,832,443.26,431.53,657.42,432.05,541.79,528.77
1557,OK,139,63,818,818,445.3,425.93,655.95,423.86,546.56,520.33
1558,OK,137,44,838,838,453.43,408.19,668.87,419.46,551.83,512.9
1559,OK,160,51,813,813,465.65,404.61,674.74,416.43,562.85,503.54
1560,OK,161,44,815,815,464.69,402.64,674.59,407.93,566.99,497.99
1561,OK,154,34,827,827,460.96,405.43,673.93,405.12,568.28,490.6
1562,OK,148,32,834,834,459.01,404.53,673.81,405.63,565.06,493.04
1563,OK,142,27,840,840,455.6,402.03,671.96,403.94,561.82,492.22
1564,OK,146,31,831,831,455.12,402.01,669.13,403.84,560.78,489.17
1565,OK,148,30,832,832,456.58,402.5,670.75,401.37,564.44,490.15
1566,OK,148,36,822,822,454.08,406.6,665.88,403.64,559.26,489.66
1567,OK,152,37,820,820,456.94,404.48,668.21,403.9,562.08,491.74
1568,OK,149,40,822,822,456.15,406.15,667.79,407.4,559.74,496.52
1569,OK,147,43,824,824,455.18,405.85,667.28,406.64,558.72,503.79
1570,OK,147,43,824,824,454.96,406.15,667.06,408.09,557.13,503.12
1571,OK,146,38,828,828,454.7,405.65,667.83,406.22,559.51,499.43
1572,OK,149,46,818,818,453.69,408.7,664.42,407.16,557.67,502.61
1573,OK,144,46,821,821,450.64,410.11,661.97,409.35,552.44,503.13
1574,OK,145,51,817,817,451.18,410.7,661.6,409.14,551.52,508.44
1575,OK,147,54,813,813,451.06,411.51,660.55,410.46,550.76,509.48
1576,OK,147,52,814,814,451.67,411.16,661.18,409.99,552.02,507.74
1577,OK,147,53,814,814,451.04,414.28,660.65,411.94,552.53,507.18
1578,OK,146,52,817,817,451.32,412.76,661.81,411.58,552.94,509.31
1579,OK,145,48,823,823,451.42,411.76,663.39,411.86,554.94,508.17
1580,OK,146,52,818,818,452.22,410.93,662.83,413.66,553.76,511.22
1581,OK,143,46,824,824,450.25,407.63,662.46,407.19,555.13,509.73
1582,OK,144,51,823,823,450.0,410.74,661.97,411.85,554.12,514.11
1583,OK,144,54,816,816,449.02,409.87,659.16,410.82,550.29,515.52
1584,OK,142,53,818,818,448.79,408.23,659.56,412.06,547.94,514.83
1585,OK,145,59,815,815,450.6,410.79,660.53,413.84,549.87,521.26
1586,OK,140,56,824,824,448.95,411.77,661.05,414.9,550.58,524.51
1587,OK,133,52,832,832,443.87,416.03,658.04,413.84,548.56,522.84
1588,OK,138,70,810,810,442.51,421.68,651.01,421.25,541.15,529.65
1589,OK,141,69,798,798,440.09,419.04,645.68,416.2,538.77,519.68
1590,OK,128,62,815,815,431.98,419.71,641.9,415.58,534.87,521.82
1591,OK,123,75,817,817,426.79,429.23,637.01,423.7,531.93,541.38
1592,OK,115,70,827,827,422.89,430.95,635.66,422.48,528.61,539.98
1593,OK,116,68,827,827,422.0,433.18,634.55,419.59,530.1,536.76
1594,OK,122,73,813,813,424.08,434.73,632.96,419.48,529.41,532.11
1595,OK,122,68,814,814,424.99,428.68,634.51,419.38,529.09,526.92
1596,OK,130,62,805,805,432.15,413.92,639.36,413.47,529.65,515.85
1597,OK,121,42,811,811,425.32,397.89,634.17,396.87,522.63,497.92
1598,OK,132,17,819,819,438.62,371.94,649.45,376.53,539.86,477.88
1599,OK,138,-6,812,812,445.25,347.91,653.71,362.98,539.35,445.73
1600,OK,175,-2,779,779,468.91,339.38,668.33,360.58,560.42,424.05
1601,OK,201,-7,750,750,481.62,323.75,674.03,340.49,575.72,404.7
1602,OK,216,-9,741,741,497.32,315.72,686.28,343.04,581.15,394.38
1603,OK,243,11,730,730,518.1,326.9,703.86,355.23,605.87,411.06
1604,OK,261,30,705,705,522.56,334.15,702.76,355.89,614.65,420.28
1605,OK,266,40,703,703,526.83,340.7,706.33,364.33,618.7,431.45
1606,OK,275,49,687,687,528.36,346.89,703.93,369.24,620.37,426.23
1607,OK,281,55,677,677,529.17,349.09,702.34,368.51,623.71,428.11
1608,OK,286,62,671,671,529.18,356.04,701.06,373.6,628.44,429.76
1609,OK,275,60,682,682,521.8,363.51,697.22,373.77,623.41,433.45
1610,OK,283,64,695,695,531.73,372.39,709.9,390.08,639.68,442.71
1611,OK,276,67,697,697,522.58,380.45,701.9,387.54,636.27,447.74
1612,OK,266,73,704,704,519.1,386.14,700.08,395.64,627.59,460.89
1613,OK,252,62,725,725,510.9,390.42,697.67,394.14,624.76,456.64
1614,OK,237,82,731,731,501.59,408.12,689.75,417.19,610.12,482.65
1615,OK,222,87,747,747,493.6,420.25,685.69,431.56,602.29,494.21
1616,OK,213,112,723,723,472.7,434.94,658.84,427.68,583.42,516.08
1617,OK,197,112,736,736,460.92,451.18,649.92,436.39,575.27,516.67
1618,OK,184,118,755,755,456.61,453.89,650.95,445.17,568.57,540.52
1619,OK,180,134,741,741,448.36,462.24,639.19,455.64,556.69,549.81
1620,OK,169,130,751,751,445.29,453.45,638.61,457.13,547.38,555.11
1621,OK,175,141,733,733,444.47,458.76,633.14,462.33,543.56,554.31
1622,OK,177,151,717,717,439.05,472.11,623.81,468.31,539.74,547.8
1623,OK,163,146,731,731,433.32,467.36,621.72,467.43,528.48,555.02
1624,OK,154,137,753,753,435.39,462.79,629.16,471.61,528.71,560.46
1625,OK,150,154,750,750,433.53,471.44,626.41,483.19,520.21,581.2
1626,OK,136,175,755,755,426.39,489.06,620.3,503.01,504.39,608.57
1627,OK,141,194,737,737,420.59,503.79,610.5,507.24,504.41,618.99
1628,OK,129,191,754,754,418.53,504.0,612.28,516.76,496.86,627.0
1629,OK,133,209,741,741,418.91,512.72,608.92,529.96,493.4,637.79
1630,OK,124,232,740,740,410.88,530.43,600.73,548.11,482.51,665.01
1631,OK,114,230,761,761,408.55,531.88,603.12,555.34,483.35,678.32
1632,OK,106,236,794,794,406.97,553.94,611.16,564.15,498.03,707.0
1633,OK,95,259,792,792,392.44,581.81,596.51,579.4,488.17,729.95
1634,OK,93,259,805,805,390.85,591.25,598.02,580.4,495.91,738.14
1635,OK,104,297,765,765,388.31,610.24,585.15,599.71,487.15,754.43
1636,OK,92,292,770,770,377.02,613.21,574.71,598.53,479.08,750.13
1637,OK,83,302,768,768,366.0,622.72,562.83,602.05,470.05,761.05
1638,OK,79,300,768,768,364.23,613.85,561.66,602.92,464.46,759.82
1639,OK,72,289,782,782,358.24,616.61,558.36,593.19,469.02,755.66
1640,OK,65,283,788,788,352.52,616.5,553.76,590.28,466.14,752.25
1641,OK,70,281,781,781,356.34,609.4,555.99,585.56,464.76,746.19
1642,OK,64,277,785,785,354.15,602.7,555.32,583.37,458.62,745.2
1643,OK,74,273,773,773,358.93,598.33,556.92,578.37,462.48,731.43
1644,OK,86,278,762,762,369.03,594.63,565.05,583.0,467.2,730.94
1645,OK,71,264,784,784,365.45,586.89,567.23,576.88,460.99,730.31
1646,OK,63,252,804,804,365.22,582.4,572.14,573.91,462.15,730.55
1647,OK,65,245,806,806,369.52,575.15,577.06,570.37,464.45,724.24
1648,OK,59,244,818,818,367.27,579.86,577.91,571.76,464.8,731.01
1649,OK,81,257,781,781,372.66,584.18,572.81,563.72,470.65,720.82
1650,OK,65,235,821,821,373.26,575.08,584.47,566.38,472.21,720.34
1651,OK,78,236,803,803,380.92,564.27,587.86,563.52,473.82,710.77
1652,OK,81,233,800,800,381.59,563.09,587.55,559.75,478.31,705.72
1653,OK,87,225,782,782,381.54,549.34,582.81,546.36,475.8,684.57
1654,OK,90,222,775,775,383.75,544.41,583.43,543.22,471.98,674.48
1655,OK,105,217,762,762,391.63,533.66,587.97,532.3,484.1,663.26
1656,OK,109,215,761,761,396.95,528.58,592.88,534.04,484.36,658.78
1657,OK,124,220,749,749,404.35,531.33,597.29,533.56,495.51,657.05
1658,OK,127,223,741,741,403.95,532.87,594.88,532.68,494.71,653.94
1659,OK,115,217,756,756,402.48,528.12,597.03,537.67,487.24,658.79
1660,OK,117,217,757,757,403.65,529.4,598.54,536.49,489.89,658.43
1661,OK,116,217,756,756,402.43,529.34,597.09,536.06,489.7,658.1
1662,OK,116,218,755,755,401.02,530.38,595.45,535.21,489.58,659.07
1663,OK,118,218,752,752,402.42,529.08,596.09,534.27,490.34,656.5
1664,OK,117,216,754,754,401.31,529.08,595.6,532.38,490.65,655.75
1665,OK,119,219,751,751,401.16,530.48,594.56,533.33,490.57,657.1
1666,OK,121,220,748,748,402.46,530.93,595.15,533.27,492.72,656.81
1667,OK,120,219,751,751,402.85,529.7,596.15,533.49,491.37,657.92
1668,OK,120,217,750,750,403.12,527.8,596.31,531.38,492.25,655.2
1669,OK,122,219,746,746,402.46,531.12,594.62,531.7,492.49,654.51
1670,OK,123,220,744,744,403.44,529.5,594.99,531.4,491.63,653.91
1671,OK,120,215,754,754,403.1,528.52,597.42,530.56,495.27,655.69
1672,OK,117,216,752,752,400.83,528.98,594.61,532.41,490.19,653.92
1673,OK,123,221,746,746,404.07,529.17,596.24,535.08,492.67,656.56
1674,OK,120,227,746,746,402.18,531.12,594.24,538.54,488.74,666.98
1675,OK,122,227,746,746,402.85,532.8,594.87,537.21,492.78,666.71
1676,OK,124,226,745,745,404.36,533.13,596.25,537.96,493.17,662.28
1677,OK,119,223,744,744,400.88,530.51,592.48,535.68,485.94,658.74
1678,OK,118,225,743,743,399.75,530.8,590.97,536.68,484.27,658.27
1679,OK,112,219,750,750,395.83,529.92,588.95,532.85,482.83,657.62
1680,OK,110,217,753,753,393.79,530.8,587.77,531.67,481.73,656.65
1681,OK,110,218,752,752,395.09,528.43,588.64,532.63,480.23,657.58
1682,OK,111,220,751,751,395.74,529.51,589.02,534.18,480.12,658.55
1683,OK,115,223,746,746,398.57,531.03,590.73,534.96,483.13,660.62
1684,OK,114,218,751,751,398.48,527.05,591.77,531.02,484.18,657.49
1685,OK,116,216,749,749,398.86,526.49,591.66,529.03,485.83,653.95
1686,OK,118,216,748,748,400.39,525.65,592.99,527.91,488.76,654.22
1687,OK,119,216,749,749,401.77,524.57,594.64,529.59,489.58,654.1
1688,OK,117,217,749,749,400.05,525.72,592.88,529.75,486.74,654.4
1689,OK,117,217,748,748,400.12,526.88,592.81,530.03,487.1,655.4
1690,OK,120,216,746,746,401.2,525.27,593.35,527.76,489.27,652.09
1691,OK,117,216,748,748,399.4,525.43,592.07,527.6,487.17,654.11
1692,OK,117,215,749,749,399.44,525.94,592.38,526.71,487.68,651.9
1693,OK,115,215,748,748,398.28,526.34,591.01,527.9,485.08,651.84
1694,OK,117,216,749,749,399.14,525.38,592.01,527.31,487.46,653.87
1695,OK,115,214,751,751,398.8,525.29,592.11,527.17,486.35,653.19
1696,OK,118,218,747,747,399.47,527.36,591.8,530.21,486.55,655.07
1697,OK,119,232,737,737,398.65,536.93,588.55,540.98,481.24,661.92
1698,OK,113,213,757,757,398.54,524.74,593.45,529.31,486.21,655.06
1699,OK,122,216,750,750,403.4,528.19,596.69,528.64,494.18,655.58
1700,OK,112,219,751,751,395.76,527.23,589.23,529.67,482.68,660.69
1701,OK,110,214,758,758,395.46,525.74,590.77,527.2,485.43,661.31
1702,OK,109,217,761,761,395.53,527.75,591.48,530.27,485.31,665.11
1703,OK,103,224,761,761,390.0,533.26,586.08,535.93,478.96,674.87
1704,OK,98,232,768,768,389.07,542.8,586.8,544.48,477.71,689.28
1705,OK,100,235,772,772,391.32,544.86,590.18,546.55,482.14,697.03
1706,OK,97,224,781,781,390.03,539.88,591.14,539.91,483.73,688.73
1707,OK,97,219,768,768,387.51,530.13,585.23,533.82,477.27,675.79
1708,OK,105,213,755,755,386.81,530.85,581.23,524.72,480.38,653.19
1709,OK,105,205,720,720,375.28,524.32,558.9,499.21,464.09,619.12
1710,OK,92,177,727,727,365.94,499.78,551.58,475.91,451.91,592.22
1711,OK,87,143,717,717,357.14,473.58,538.7,439.71,442.33,546.88
1712,OK,109,130,688,688,368.23,456.44,540.74,416.05,452.45,513.43
1713,OK,125,108,687,687,384.84,434.24,558.55,400.59,464.91,485.76
1714,OK,144,100,688,688,403.07,420.75,579.2,400.29,484.93,478.2
1715,OK,147,89,708,708,416.94,411.38,598.75,396.99,495.84,483.06
1716,OK,172,98,691,691,434.0,410.58,611.82,403.19,511.54,479.38
1717,OK,172,89,706,706,440.23,406.05,622.12,407.74,520.5,478.74
1718,OK,180,87,705,705,446.49,402.22,628.06,407.84,528.26,473.98
1719,OK,188,94,695,695,450.0,405.7,628.84,412.78,531.92,474.49
1720,OK,185,93,694,694,445.59,402.16,624.21,410.95,529.88,473.91
1721,OK,184,96,703,703,446.02,413.38,627.05,420.06,534.29,477.4
1722,OK,180,102,701,701,442.87,418.3,623.39,424.18,528.57,483.55
1723,OK,184,123,681,681,441.95,427.97,617.15,435.1,520.24,495.91
1724,OK,175,121,688,688,437.32,430.26,614.52,435.47,513.03,497.35
1725,OK,169,124,692,692,433.07,430.26,611.27,435.98,509.68,506.89
1726,OK,170,130,688,688,431.16,435.09,608.47,435.32,510.02,513.01
1727,OK,173,131,684,684,431.98,438.44,608.09,441.24,510.49,507.26
1728,OK,167,136,696,696,430.85,441.63,609.99,446.62,510.86,525.7
1729,OK,177,142,688,688,436.42,442.84,613.4,450.2,517.88,527.23
1730,OK,176,142,697,697,437.93,443.19,617.37,450.67,520.67,534.56
1731,OK,184,151,683,683,441.63,445.26,617.26,453.95,520.81,535.06
1732,OK,179,150,687,687,437.66,446.48,614.53,451.55,519.91,537.63
1733,OK,171,146,703,703,435.36,447.54,616.35,456.21,519.17,542.8
1734,OK,171,147,698,698,433.9,449.32,613.59,456.58,517.25,539.55
1735,OK,173,148,689,689,432.69,448.34,610.11,452.67,513.46,533.67
1736,OK,170,142,696,696,431.8,447.27,611.07,449.15,515.53,531.89
1737,OK,166,137,701,701,429.71,444.76,610.36,446.57,513.36,529.38
1738,OK,169,138,694,694,431.19,443.8,610.04,446.14,513.37,526.2
1739,OK,172,136,694,694,434.02,441.06,612.7,443.65,516.51,524.83
1740,OK,175,139,688,688,434.73,441.58,611.89,444.34,516.13,524.89
1741,OK,176,140,688,688,435.04,444.37,612.26,447.37,517.65,523.17
1742,OK,175,136,690,690,435.43,441.58,613.2,444.78,517.02,520.5
1743,OK,176,139,687,687,434.09,443.86,610.92,446.23,516.32,519.21
1744,OK,173,142,684,684,432.18,443.82,608.39,444.65,511.08,525.07
1745,OK,177,146,672,672,432.84,442.98,605.9,445.53,506.95,521.34
1746,OK,171,135,685,685,430.9,443.14,607.31,436.75,508.86,514.9
1747,OK,162,130,690,690,424.75,438.34,602.6,440.01,500.99,512.76
1748,OK,157,130,690,690,420.7,438.12,598.31,441.43,495.86,511.35
1749,OK,153,139,690,690,416.59,445.55,594.37,446.34,491.3,523.79
1750,OK,158,145,687,687,419.63,447.44,596.5,451.36,495.51,527.94
1751,OK,155,147,693,693,418.19,448.74,596.76,452.87,496.16,535.47
1752,OK,156,154,687,687,416.67,455.38,593.6,457.26,494.48,538.25
1753,OK,157,155,687,687,418.1,455.93,594.96,460.49,493.63,538.63
1754,OK,159,158,683,683,419.08,454.83,594.88,458.32,493.75,541.83
1755,OK,158,156,685,685,418.75,454.18,595.18,456.7,494.21,541.13
1756,OK,156,157,682,682,416.72,455.82,592.31,457.81,491.2,540.18
1757,OK,155,156,684,684,415.6,457.25,591.83,458.15,491.94,540.14
1758,OK,156,157,685,685,416.64,457.39,592.96,458.92,492.52,540.84
1759,OK,155,157,686,686,416.67,456.1,593.49,458.07,492.09,543.77
1760,OK,155,156,689,689,417.04,455.94,594.5,459.55,493.14,543.03
1761,OK,156,156,690,690,418.24,455.75,596.06,459.13,495.19,546.02
1762,OK,152,153,701,701,417.49,458.97,598.05,461.73,497.59,546.36
1763,OK,153,153,705,705,419.64,458.47,601.06,463.6,500.96,549.51
1764,OK,156,154,704,704,421.84,459.49,603.08,463.6,504.28,551.42
1765,OK,154,151,707,707,421.56,457.02,603.69,461.77,501.65,550.58
1766,OK,157,151,703,703,422.79,457.33,603.95,459.14,503.57,547.26
1767,OK,152,147,715,715,421.41,458.92,605.43,461.28,505.06,549.14
1768,OK,162,159,702,702,425.85,463.99,606.59,467.15,510.11,555.33
1769,OK,167,170,693,693,426.12,473.07,604.69,472.81,510.64,560.33
1770,OK,162,167,706,706,426.24,473.4,608.19,475.58,513.22,565.64
1771,OK,162,164,709,709,428.39,469.73,610.88,476.47,513.03,564.56
1772,OK,161,160,715,715,431.21,465.07,615.0,475.61,514.62,565.42
1773,OK,159,160,717,717,429.51,466.31,614.02,476.48,513.34,565.95
1774,OK,157,159,718,718,427.35,467.85,612.0,476.13,513.78,565.17
1775,OK,157,166,711,711,424.88,473.39,607.92,478.55,507.74,567.17
1776,OK,158,169,705,705,423.67,476.03,605.2,478.77,506.91,566.54
1777,OK,162,171,698,698,425.36,475.61,605.13,477.71,507.06,563.64
1778,OK,174,165,701,701,433.43,471.0,614.09,472.77,524.51,560.11
1779,OK,179,172,697,697,436.9,479.71,616.3,476.65,529.37,562.16
1780,OK,180,175,696,696,436.75,482.17,615.91,479.66,529.73,566.64
1781,OK,181,177,697,697,438.34,480.76,617.94,478.02,531.27,571.41
1782,OK,178,176,706,706,440.11,482.92,621.83,480.95,532.8,577.36
1783,OK,177,186,701,701,436.33,488.91,616.91,484.07,528.86,586.06
1784,OK,179,188,695,695,436.67,486.78,615.74,483.15,527.46,585.84
1785,OK,187,198,689,689,440.07,493.66,617.41,487.86,533.81,595.09
1786,OK,183,199,695,695,439.81,489.74,618.93,488.5,530.76,603.09
1787,OK,180,198,694,694,437.87,490.48,616.52,488.19,528.14,602.06
1788,OK,174,187,700,700,433.66,490.56,613.84,484.98,526.1,588.06
1789,OK,173,188,697,697,430.15,490.63,609.51,483.46,523.17,585.09
1790,OK,167,174,706,706,430.69,479.97,612.56,478.47,519.78,574.94
1791,OK,162,169,710,710,426.23,479.58,609.18,477.76,516.33,570.75
1792,OK,159,171,711,711,425.01,479.17,608.21,480.0,511.75,573.09
1793,OK,160,170,709,709,425.1,478.02,607.85,478.47,512.28,571.37
1794,OK,159,170,711,711,424.24,478.73,607.33,477.96,512.38,571.87
1795,OK,161,170,706,706,426.35,477.93,608.21,477.14,512.25,569.47
1796,OK,169,175,695,695,429.36,477.87,608.41,477.27,514.05,567.61
1797,OK,167,165,705,705,429.67,472.42,611.25,471.69,519.15,562.15
1798,OK,168,162,709,709,430.14,472.12,612.7,469.37,523.6,562.88
1799,OK,174,165,698,698,432.1,474.45,611.89,470.49,524.45,556.74
