k,status,x,y,w,h,rx,ry,lx,ly,nx,ny
0,FAILED,,,,,,,,,,
1,OK,-67,197,754,754,214.86,520.75,407.11,493.68,309.84,641.7
2,OK,-78,207,756,756,207.7,533.25,400.02,502.72,297.75,653.86
3,OK,-74,214,761,761,210.82,538.45,404.5,508.94,305.78,664.75
4,OK,-70,219,763,763,213.89,543.71,408.57,516.47,310.88,670.01
5,OK,-61,221,762,762,223.82,545.36,418.62,521.75,320.53,671.64
6,OK,-53,221,756,756,226.68,549.45,419.0,519.27,327.82,665.08
7,OK,-46,223,761,761,233.72,547.94,428.25,523.89,337.23,671.12
8,OK,-41,228,755,755,234.83,550.54,427.29,523.4,341.25,673.89
9,OK,-45,230,756,756,232.34,557.1,424.41,525.39,338.77,675.37
10,OK,-42,231,755,755,234.43,556.25,426.7,526.39,340.82,675.76
11,OK,-38,230,751,751,235.35,554.41,426.45,523.92,343.44,672.59
12,OK,-28,211,746,746,244.32,535.34,433.83,504.4,351.76,649.36
13,OK,-16,197,736,736,251.95,513.73,439.91,488.26,360.02,630.81
14,OK,5,174,715,715,266.04,480.76,449.86,468.21,367.5,589.29
15,OK,20,157,699,699,273.53,454.47,453.25,445.14,376.41,563.97
16,OK,34,119,690,690,288.08,407.22,465.37,419.35,383.09,514.79
17,OK,53,120,667,667,300.32,394.75,470.85,416.61,388.16,502.31
18,OK,90,133,632,632,321.71,393.27,483.21,414.13,410.62,495.83
19,OK,112,145,612,612,336.85,396.0,492.38,421.25,423.3,494.93
20,OK,119,137,624,624,349.31,390.54,507.06,421.09,434.48,492.85
21,OK,124,144,635,635,355.7,401.43,516.61,431.01,446.22,507.01
22,OK,142,170,632,632,378.88,424.91,537.89,459.42,458.66,530.62
23,OK,159,189,638,638,401.5,434.83,559.2,480.74,476.81,559.69
24,OK,176,187,628,628,415.49,426.48,569.83,474.81,488.92,551.49
25,OK,186,181,619,619,419.83,420.42,572.27,467.31,495.0,536.2
26,OK,172,172,627,627,410.13,413.82,564.08,463.03,482.95,531.78
27,OK,154,166,632,632,395.87,411.23,552.51,455.38,466.97,532.32
28,OK,129,161,644,644,373.53,418.86,535.49,454.42,448.58,530.43
29,OK,128,175,635,635,368.95,426.27,528.82,460.79,442.9,541.43
30,OK,127,177,638,638,367.56,429.35,528.06,464.21,445.5,547.04
31,OK,119,181,643,643,361.96,431.05,523.3,468.37,438.05,555.52
32,OK,117,188,643,643,358.96,434.95,520.46,472.0,436.96,565.29
33,OK,99,186,663,663,349.68,442.56,516.64,478.38,428.31,574.69
34,OK,64,197,706,706,332.07,471.33,512.36,495.31,413.76,618.57
35,OK,30,207,725,725,307.66,490.85,493.01,513.84,385.15,636.75
36,OK,-11,218,780,780,289.79,520.18,488.62,548.05,370.54,682.81
37,OK,-55,225,826,826,265.05,549.13,476.66,571.3,347.08,715.82
38,OK,-62,234,833,833,262.49,561.19,475.31,587.94,339.38,726.4
39,OK,-61,247,863,863,273.56,582.38,494.58,606.45,356.85,762.94
40,OK,-48,273,854,854,285.54,596.11,503.45,625.02,363.75,789.79
41,OK,-36,278,847,847,293.28,601.12,509.83,626.71,372.56,788.73
42,OK,-42,263,866,866,296.94,594.36,518.29,621.34,376.19,784.97
43,OK,-29,260,857,857,303.52,591.65,522.95,615.17,385.86,773.52
44,OK,-30,251,863,863,305.99,583.77,526.71,610.66,386.89,767.22
45,OK,-28,228,887,887,315.0,571.32,541.84,597.57,403.45,757.94
46,OK,-3,223,880,880,337.64,557.56,561.25,593.81,424.95,750.41
47,OK,81,234,845,845,403.28,557.02,617.56,595.25,497.45,735.97
48,OK,124,229,836,836,446.73,546.69,656.7,594.39,533.6,724.32
49,OK,158,211,817,817,476.13,515.06,680.44,565.51,555.18,698.45
50,OK,199,197,771,771,495.1,490.66,689.48,531.27,577.34,654.85
51,OK,246,167,759,759,537.97,455.47,727.05,504.88,618.88,613.82
52,OK,270,160,743,743,557.04,446.36,741.5,497.32,634.5,591.12
53,OK,289,177,736,736,571.59,457.37,755.22,504.14,652.58,609.3
54,OK,278,187,750,750,564.92,472.4,752.37,518.64,648.28,629.24
55,OK,273,215,745,745,552.38,501.1,739.85,542.29,644.49,654.3
56,OK,243,231,776,776,536.81,522.22,731.53,566.77,629.58,693.98
57,OK,188,235,798,798,495.08,533.07,695.8,577.63,579.21,712.88
58,OK,151,234,825,825,468.02,546.59,676.81,586.14,554.01,726.57
59,OK,110,234,834,834,431.18,555.81,643.36,588.96,518.09,729.81
60,OK,91,222,846,846,413.67,556.03,630.47,578.77,506.83,723.81
61,OK,88,210,838,838,408.91,539.88,623.47,563.8,497.9,706.45
62,OK,92,201,832,832,411.55,527.55,624.09,554.19,498.86,693.32
63,OK,73,201,852,852,399.89,538.25,618.03,562.43,490.35,705.03
64,OK,59,205,862,862,391.06,544.07,611.69,568.08,479.58,715.98
65,OK,69,226,834,834,388.51,555.43,602.3,575.61,476.87,720.57
66,OK,57,230,823,823,372.87,558.47,584.39,572.86,458.73,718.21
67,OK,6,186,821,821,317.92,527.43,529.08,514.89,410.49,672.75
68,OK,5,173,773,773,294.56,504.91,490.2,468.04,391.04,632.22
69,OK,11,158,728,728,285.36,470.41,469.9,437.56,373.81,591.94
70,OK,23,140,703,703,286.73,448.33,463.89,410.45,373.28,553.71
71,OK,22,138,687,687,281.61,443.32,453.07,399.96,363.23,540.81
72,OK,32,140,688,688,289.21,448.6,459.56,399.56,378.08,545.4
73,OK,50,138,681,681,304.56,444.3,473.7,397.93,392.13,535.05
74,OK,72,133,657,657,317.78,435.91,479.53,386.48,403.17,510.95
75,OK,81,132,644,644,323.54,427.63,482.72,380.5,404.33,504.5
76,OK,94,133,631,631,329.67,426.31,484.43,377.02,411.81,494.96
77,OK,102,127,623,623,334.74,420.13,486.77,368.44,417.19,483.02
78,OK,105,128,619,619,336.35,419.24,488.01,369.62,417.0,480.92
79,OK,103,140,625,625,337.43,429.73,490.55,380.22,417.79,499.23
80,OK,93,133,644,644,334.17,434.66,491.58,381.98,418.25,503.57
81,OK,91,139,645,645,333.0,437.83,491.2,387.14,414.95,510.97
82,OK,89,140,659,659,333.96,444.87,496.02,394.32,421.19,519.38
83,OK,96,141,656,656,340.17,447.24,500.52,394.16,428.74,517.94
84,OK,98,140,662,662,343.65,447.99,505.53,394.55,434.7,521.94
85,OK,96,139,646,646,338.47,439.51,497.67,391.41,419.94,509.85
86,OK,104,131,645,645,346.32,430.51,505.49,382.71,426.15,501.27
87,OK,110,126,647,647,351.21,427.13,510.33,377.33,436.24,497.4
88,OK,116,120,639,639,351.88,422.18,508.02,369.76,440.36,483.02
89,OK,114,122,641,641,351.51,425.28,507.44,370.93,439.36,487.35
90,OK,111,122,647,647,350.28,425.39,508.16,372.38,439.58,491.29
91,OK,118,106,644,644,355.83,405.33,515.52,360.23,445.5,473.95
92,OK,129,88,639,639,363.83,388.85,520.35,338.12,455.15,450.72
93,OK,136,91,614,614,364.68,379.12,516.04,333.5,447.43,440.87
94,OK,138,85,619,619,366.99,379.19,518.58,329.54,453.08,433.97
95,OK,137,85,621,621,365.04,380.67,516.69,329.81,453.17,435.4
96,OK,130,81,630,630,362.43,382.39,516.66,331.62,451.17,435.93
97,OK,127,77,642,642,363.16,381.02,521.0,331.86,454.38,440.65
98,OK,120,72,663,663,363.07,385.33,525.8,333.81,458.59,446.44
99,OK,115,70,686,686,364.35,391.88,533.61,340.9,467.71,459.68
100,OK,126,85,673,673,369.84,401.15,536.04,351.92,472.73,466.68
101,OK,126,107,666,666,370.18,411.46,535.76,366.84,466.0,491.2
102,OK,132,132,670,670,379.05,432.34,546.78,391.94,472.56,521.93
103,OK,143,133,676,676,391.82,432.8,563.06,401.03,484.91,525.37
104,OK,162,143,666,666,408.72,429.62,579.64,413.52,495.85,531.39
105,OK,170,147,668,668,416.82,432.66,588.14,416.27,506.72,538.4
106,OK,170,146,676,676,418.86,439.14,591.98,419.35,512.23,539.14
107,OK,176,155,672,672,422.99,445.1,595.44,428.99,515.64,546.48
108,OK,182,175,677,677,428.14,463.08,601.43,443.72,525.27,572.83
109,OK,170,186,700,700,424.45,486.26,602.33,457.28,528.27,601.27
110,OK,161,194,709,709,418.64,496.73,599.11,469.01,522.19,613.2
111,OK,161,205,695,695,416.62,501.89,594.22,479.13,512.44,614.92
112,OK,157,200,706,706,415.26,507.87,594.99,479.78,516.32,614.03
113,OK,150,201,711,711,409.76,509.68,590.53,479.79,511.61,618.44
114,OK,148,198,719,719,407.19,511.0,588.78,474.5,516.63,621.77
115,OK,159,181,728,728,413.69,518.26,590.42,455.58,544.12,605.0
116,OK,164,178,736,736,417.01,525.33,592.83,454.18,560.79,603.53
117,OK,151,189,741,741,406.86,532.0,586.05,466.2,546.9,619.6
118,OK,126,193,747,747,387.71,533.01,571.48,475.82,519.08,628.76
119,OK,108,200,746,746,373.77,531.34,560.46,485.7,495.61,639.0
120,OK,101,203,749,749,370.11,530.9,558.05,487.83,486.18,644.96
121,OK,102,204,751,751,373.1,535.25,561.87,492.57,486.64,644.59
122,OK,103,205,754,754,377.32,532.91,568.1,496.05,487.3,651.3
123,OK,110,205,763,763,386.61,532.26,580.46,499.61,499.17,656.77
124,OK,115,209,760,760,394.04,530.29,588.09,504.19,500.11,661.29
125,OK,137,220,738,738,407.59,530.72,596.17,507.52,511.64,659.49
126,OK,133,204,754,754,409.19,520.9,602.02,498.42,516.3,652.53
127,OK,147,198,727,727,412.47,501.6,598.61,481.04,514.81,630.95
128,OK,144,187,727,727,409.93,491.2,596.16,470.95,511.95,618.99
129,OK,162,157,699,699,414.51,459.44,592.72,433.88,519.21,565.75
130,OK,164,127,682,682,417.18,426.71,591.56,404.65,506.74,520.65
131,OK,195,105,642,642,432.02,391.6,596.09,370.44,519.1,472.38
132,OK,200,72,646,646,436.63,369.72,599.94,338.19,527.85,436.27
133,OK,206,71,615,615,427.8,368.08,579.1,320.75,523.27,412.96
134,OK,206,67,596,596,423.38,357.75,570.69,314.7,511.91,393.86
135,OK,203,67,587,587,416.7,352.13,562.7,312.96,502.74,389.34
136,OK,203,78,583,583,416.56,360.95,561.67,321.96,499.46,396.89
137,OK,194,100,600,600,416.15,380.44,567.41,348.21,496.49,435.7
138,OK,194,114,604,604,417.45,394.19,569.9,362.58,499.33,454.6
139,OK,191,123,606,606,414.88,399.64,568.18,369.87,497.01,467.31
140,OK,197,132,594,594,415.96,402.66,566.54,374.73,496.83,471.12
141,OK,192,129,606,606,415.22,403.68,568.84,375.39,499.76,476.25
142,OK,187,124,615,615,413.26,401.49,569.28,373.56,498.73,475.61
143,OK,179,128,628,628,409.32,409.9,568.65,381.36,497.21,489.5
144,OK,173,136,632,632,406.67,421.5,566.37,389.36,492.96,500.26
145,OK,179,156,655,655,416.78,443.18,583.32,416.62,513.21,537.46
146,OK,184,173,654,654,419.44,459.67,585.54,432.31,519.51,554.72
147,OK,178,186,654,654,413.73,469.8,580.01,442.71,513.13,570.91
148,OK,185,188,651,651,420.23,469.42,586.0,444.44,518.6,570.82
149,OK,182,178,665,665,421.71,466.87,590.71,439.42,523.51,567.51
150,OK,184,171,664,664,424.14,460.02,593.55,436.5,523.76,559.34
151,OK,184,174,658,658,422.84,459.11,590.89,437.82,519.34,558.27
152,OK,184,179,662,662,423.77,462.91,592.96,442.54,522.1,568.61
153,OK,169,178,678,678,413.53,470.15,586.66,447.11,516.36,577.26
154,OK,131,175,697,697,385.52,478.88,562.13,447.28,485.98,584.0
155,OK,111,172,716,716,372.08,484.81,553.63,452.17,475.95,592.85
156,OK,90,175,746,746,359.82,503.7,548.23,466.03,473.03,611.94
157,OK,70,191,777,777,352.52,521.75,551.38,498.72,465.12,649.0
158,OK,75,243,769,769,355.64,561.12,552.77,541.39,464.11,702.79
159,OK,70,262,781,781,353.82,585.52,554.62,571.75,467.38,726.14
160,OK,68,266,795,795,357.2,594.08,561.41,579.4,471.82,740.26
161,OK,68,256,811,811,362.46,592.56,570.58,576.08,480.05,739.29
162,OK,65,243,833,833,369.57,588.56,583.57,572.54,487.15,739.3
163,OK,97,258,803,803,390.09,591.97,596.24,574.65,503.31,736.11
164,OK,123,269,792,792,414.14,595.13,618.03,589.06,523.59,739.33
165,OK,87,261,823,823,393.64,598.61,605.49,595.98,498.04,746.92
166,OK,54,250,823,823,361.11,587.3,572.83,580.03,464.53,738.67
167,OK,39,251,859,859,357.85,603.27,578.78,594.53,468.74,762.25
168,OK,37,261,866,866,365.74,604.4,588.83,607.4,464.11,783.05
169,OK,69,270,874,874,397.99,611.22,622.73,621.61,501.87,797.98
170,OK,139,301,847,847,456.53,625.85,673.13,651.67,559.89,810.2
171,OK,170,280,840,840,485.1,601.06,699.5,629.79,589.12,785.29
172,OK,208,249,818,818,512.86,568.22,722.23,591.71,618.14,737.14
173,OK,279,236,755,755,557.19,523.95,748.45,559.49,659.99,684.6
174,OK,310,193,757,757,592.62,478.28,782.97,520.93,689.8,642.58
175,OK,358,193,715,715,622.67,458.71,801.12,503.86,719.94,619.92
176,OK,334,168,733,733,605.06,447.97,789.69,487.22,702.64,601.74
177,OK,295,159,762,762,579.14,458.69,773.27,487.82,677.0,608.54
178,OK,263,189,774,774,553.36,493.55,750.93,520.57,648.93,645.14
179,OK,254,194,771,771,539.37,500.4,736.69,522.98,640.21,647.66
180,OK,191,199,800,800,488.51,519.22,694.2,531.04,591.31,673.13
181,OK,163,197,810,810,464.92,527.7,673.47,533.12,567.12,675.27
182,OK,142,201,816,816,446.61,534.89,656.82,531.22,550.07,685.89
183,OK,144,209,809,809,442.76,543.13,650.92,534.37,549.25,687.89
184,OK,135,214,818,818,437.22,552.78,647.51,539.98,546.11,699.75
185,OK,126,220,820,820,429.63,559.01,640.45,544.83,538.85,708.36
186,OK,131,225,818,818,431.4,562.05,641.73,548.48,544.19,713.19
187,OK,144,234,811,811,438.54,571.59,646.87,555.76,556.06,715.5
188,OK,139,223,835,835,444.09,568.16,658.69,552.4,560.87,721.18
189,OK,149,227,844,844,460.05,565.94,677.34,567.6,574.11,732.4
190,OK,172,228,825,825,474.19,560.82,686.54,563.56,588.15,717.85
191,OK,185,228,812,812,483.8,551.24,692.75,560.11,594.75,712.73
192,OK,190,224,811,811,487.27,546.86,696.08,553.66,599.89,709.25
193,OK,199,218,805,805,494.34,539.66,701.53,548.53,605.51,697.63
194,OK,192,218,815,815,491.6,542.29,701.18,552.38,602.06,704.4
195,OK,199,217,821,821,500.68,541.41,711.88,552.29,612.51,707.64
196,OK,223,228,809,809,518.59,547.7,726.66,559.83,633.12,711.5
197,OK,237,219,797,797,527.5,533.67,732.18,548.73,640.56,694.17
198,OK,222,179,789,789,513.01,491.71,715.49,510.3,618.7,646.87
199,OK,194,129,760,760,476.63,440.33,672.15,446.77,573.89,574.79
200,OK,165,103,726,726,438.17,415.32,624.8,405.84,525.58,522.92
201,OK,138,59,709,709,403.86,375.79,585.29,355.68,490.68,462.21
202,OK,116,45,705,705,381.53,366.07,561.38,341.51,466.2,440.72
203,OK,90,55,685,685,350.1,368.48,524.66,342.7,426.64,440.4
204,OK,69,62,691,691,330.76,381.29,505.61,348.19,411.25,450.38
205,OK,41,90,699,699,306.81,408.51,482.01,366.95,386.19,490.79
206,OK,40,132,681,681,299.69,437.87,470.18,396.24,375.2,528.91
207,OK,31,170,680,680,289.0,470.48,458.53,426.6,369.07,573.45
208,OK,13,171,710,710,280.51,487.0,457.26,439.86,368.05,589.87
209,OK,18,185,724,724,287.54,505.02,467.94,457.98,382.27,614.22
210,OK,14,185,745,745,291.93,509.27,479.24,467.22,388.0,626.78
211,OK,18,189,756,756,298.77,522.73,487.63,475.76,399.44,635.93
212,OK,22,193,758,758,304.76,524.26,494.83,479.9,402.49,642.28
213,OK,31,194,755,755,311.77,524.77,500.77,479.27,410.44,641.54
214,OK,34,188,769,769,318.81,520.64,512.58,479.37,420.72,645.45
215,OK,39,186,783,783,329.79,521.01,528.47,486.19,431.03,650.95
216,OK,63,201,767,767,346.93,529.98,541.8,498.2,448.71,655.49
217,OK,71,208,781,781,360.43,541.64,559.57,512.91,463.37,669.22
218,OK,86,231,793,793,380.51,564.46,582.94,536.62,483.58,703.94
219,OK,106,246,805,805,401.38,583.17,607.6,562.49,512.99,724.17
220,OK,123,274,801,801,417.41,602.9,623.14,588.21,527.29,753.77
221,OK,151,257,793,793,443.5,579.06,647.61,576.89,550.24,728.28
222,OK,186,213,774,774,474.34,522.92,672.91,540.4,572.76,670.03
223,OK,210,191,758,758,492.07,493.95,686.17,514.52,590.54,637.01
224,OK,230,176,753,753,508.63,474.08,701.18,497.57,608.26,619.89
225,OK,235,175,762,762,516.79,476.14,711.68,499.57,618.7,626.0
226,OK,252,196,747,747,527.9,489.3,718.25,517.29,628.24,634.9
227,OK,250,205,752,752,527.65,503.46,719.77,528.7,629.26,647.14
228,OK,232,211,760,760,514.09,508.16,708.18,533.4,614.79,662.17
229,OK,218,210,765,765,502.19,509.4,697.57,534.82,600.42,663.01
230,OK,189,203,782,782,481.61,516.2,682.15,535.8,579.69,662.58
231,OK,180,197,782,782,473.07,514.49,673.72,530.98,570.34,653.28
232,OK,201,212,756,756,481.29,513.44,674.69,535.69,580.03,656.58
233,OK,202,214,760,760,484.15,515.12,678.37,538.93,583.16,662.35
234,OK,222,231,752,752,501.0,522.16,692.06,553.91,599.73,677.71
235,OK,217,229,768,768,503.45,523.87,698.46,557.17,601.52,685.71
236,OK,235,235,774,774,519.35,534.03,717.13,558.73,627.09,697.77
237,OK,249,236,777,777,531.4,535.73,729.37,564.29,643.77,699.63
238,OK,237,234,782,782,525.0,535.29,724.11,565.1,632.77,700.06
239,OK,207,225,787,787,499.77,529.75,700.83,555.93,601.34,693.79
240,OK,152,214,791,791,447.7,529.19,651.29,539.49,544.81,683.82
241,OK,125,218,772,772,413.9,536.2,612.82,533.71,509.95,674.7
242,OK,94,189,794,794,391.72,514.56,596.08,511.77,488.12,659.3
243,OK,85,183,800,800,385.01,513.53,590.96,507.46,482.66,656.3
244,OK,114,192,777,777,404.28,514.94,604.25,508.77,501.29,649.27
245,OK,141,200,780,780,431.27,518.45,632.13,520.02,530.83,662.24
246,OK,182,203,775,775,470.04,512.91,668.94,531.13,568.62,658.99
247,OK,191,200,780,780,481.38,513.14,681.32,532.25,581.89,658.83
248,OK,188,198,780,780,478.38,511.23,678.43,530.34,578.55,656.11
249,OK,176,198,778,778,467.63,508.19,667.01,528.84,563.44,655.77
250,OK,134,192,788,788,431.46,509.59,634.28,519.58,524.64,658.69
251,OK,100,175,791,791,397.74,502.38,601.35,499.11,491.0,640.47
252,OK,91,153,794,794,387.32,486.88,591.39,473.8,486.71,620.84
253,OK,116,140,787,787,410.72,463.51,613.32,461.81,507.41,603.42
254,OK,157,130,779,779,447.69,448.52,648.12,455.72,545.82,587.87
255,OK,186,122,771,771,474.73,433.63,672.34,452.02,569.21,572.28
256,OK,194,130,763,763,478.4,436.05,674.39,451.69,574.15,578.56
257,OK,165,126,784,784,459.27,441.11,660.78,455.57,555.28,587.74
258,OK,146,125,784,784,441.12,443.56,642.72,454.68,535.65,585.96
259,OK,121,139,782,782,416.38,458.04,617.72,466.45,508.86,599.35
260,OK,123,162,773,773,413.26,480.45,612.35,483.02,507.0,615.03
261,OK,146,176,774,774,434.78,490.24,634.13,493.88,532.92,634.06
262,OK,161,184,772,772,449.61,495.08,648.37,503.35,546.08,641.66
263,OK,182,195,776,776,470.23,506.98,669.35,523.24,570.96,651.16
264,OK,184,206,781,781,475.14,517.71,675.4,536.82,573.32,664.84
265,OK,186,218,781,781,479.36,526.26,679.03,551.19,573.44,678.49
266,OK,187,229,784,784,481.59,535.02,682.08,558.99,577.59,696.29
267,OK,171,218,802,802,471.74,532.56,677.2,553.4,569.97,695.41
268,OK,168,218,804,804,469.85,532.4,675.93,553.26,568.2,697.23
269,OK,174,219,799,799,473.09,533.14,677.96,553.39,570.79,693.78
270,OK,185,226,787,787,479.21,537.15,681.11,555.61,577.43,692.58
271,OK,193,231,782,782,486.87,538.75,686.97,561.32,582.61,695.64
272,OK,193,229,785,785,486.05,537.98,687.31,558.45,584.94,695.64
273,OK,181,225,797,797,479.05,537.94,683.33,557.06,577.16,700.06
274,OK,181,227,792,792,478.11,539.67,681.14,559.16,575.13,696.89
275,OK,169,196,805,805,471.6,518.54,677.95,539.68,567.72,668.54
276,OK,156,173,791,791,454.79,488.43,658.24,499.19,547.38,642.36
277,OK,142,128,768,768,433.69,440.47,631.28,450.88,520.29,578.47
278,OK,133,83,748,748,418.75,399.47,611.45,398.79,500.56,516.31
279,OK,131,32,701,701,396.77,346.91,576.55,329.41,476.49,425.91
280,OK,142,22,651,651,392.09,319.94,558.64,300.92,460.29,385.22
281,OK,129,-9,658,658,381.7,302.09,548.7,273.26,452.55,353.41
282,OK,140,1,624,624,380.73,303.23,537.97,269.36,445.62,341.33
283,OK,152,7,597,597,383.04,300.61,533.21,267.57,442.71,325.96
284,OK,155,13,596,596,384.99,305.23,534.81,271.34,447.75,335.0
285,OK,177,32,572,572,398.0,312.85,542.43,283.5,456.18,338.54
286,OK,177,31,588,588,402.15,319.78,549.62,285.32,467.33,347.53
287,OK,180,42,586,586,404.55,329.03,551.14,293.31,468.54,360.57
288,OK,182,51,575,575,403.18,329.85,547.19,294.8,464.16,365.03
289,OK,177,49,582,582,400.7,328.16,546.78,294.86,462.39,369.28
290,OK,156,56,588,588,384.0,337.29,530.64,299.67,443.35,382.65
291,OK,145,46,600,600,377.18,332.77,527.29,295.54,438.63,378.29
292,OK,125,45,601,601,360.52,330.63,511.43,295.56,415.37,378.53
293,OK,114,47,617,617,354.66,340.94,509.23,304.36,413.33,388.54
294,OK,93,62,657,657,351.26,361.12,518.51,334.8,407.68,432.69
295,OK,100,80,704,704,371.03,392.09,551.24,372.48,443.26,482.57
296,OK,125,124,720,720,397.35,430.99,582.6,424.01,480.91,540.6
297,OK,151,152,736,736,429.97,449.97,618.96,466.36,514.9,583.48
298,OK,171,202,741,741,452.0,493.74,642.27,508.77,535.54,644.3
299,OK,174,211,750,750,460.08,505.71,652.14,525.89,542.9,658.17
300,OK,200,224,747,747,482.58,512.27,672.79,541.32,570.23,667.26
301,OK,207,225,747,747,488.44,515.56,678.99,541.7,577.44,667.68
302,OK,222,231,744,744,503.01,517.56,692.18,548.46,592.1,674.97
303,OK,226,236,745,745,507.53,521.38,696.99,551.45,595.36,681.06
304,OK,236,247,733,733,510.91,528.04,697.96,553.65,599.64,685.48
305,OK,217,244,745,745,500.94,531.66,690.94,558.85,583.55,688.05
306,OK,229,236,743,743,508.33,523.74,698.16,548.53,597.99,678.1
307,OK,206,240,752,752,496.05,529.93,686.65,563.66,574.32,685.71
308,OK,206,234,751,751,492.8,527.63,684.22,555.58,575.33,678.31
309,OK,204,236,755,755,491.46,530.56,684.04,557.87,574.88,682.25
310,OK,149,234,789,789,454.06,541.54,656.02,564.77,531.62,703.19
311,OK,137,247,753,753,430.47,545.94,623.96,559.2,500.31,695.23
312,OK,112,243,758,758,407.8,543.38,602.41,557.2,477.37,694.7
313,OK,88,239,785,785,393.94,548.68,595.1,567.7,466.42,704.45
314,OK,68,235,796,796,378.09,549.93,582.07,569.64,452.4,707.33
315,OK,64,240,794,794,371.65,555.92,575.46,573.87,449.28,710.29
316,OK,65,260,785,785,365.99,572.2,567.61,586.29,447.87,725.41
317,OK,67,267,791,791,370.3,578.46,573.31,594.27,452.88,738.19
318,OK,80,254,800,800,387.17,570.83,592.45,589.8,470.86,729.46
319,OK,94,238,811,811,407.78,553.13,614.36,584.41,488.71,719.22
320,OK,137,234,789,789,438.93,543.77,641.15,564.27,523.12,703.88
321,OK,150,208,804,804,459.7,521.57,664.76,549.85,543.73,686.24
322,OK,193,197,781,781,488.34,503.73,687.51,531.75,578.89,656.61
323,OK,229,204,755,755,511.86,496.06,703.63,528.67,604.49,650.81
324,OK,245,217,750,750,527.31,505.68,717.64,539.08,619.08,662.04
325,OK,254,215,746,746,534.83,503.92,724.34,535.79,624.98,656.29
326,OK,240,192,774,774,533.25,492.03,729.35,527.38,623.81,649.68
327,OK,246,192,761,761,531.6,489.35,725.16,520.46,623.78,640.11
328,OK,238,189,767,767,528.53,486.46,723.05,521.48,617.58,640.6
329,OK,236,200,752,752,520.26,493.48,711.76,523.34,609.97,643.8
330,OK,228,202,758,758,514.35,496.54,707.18,527.71,604.99,651.48
331,OK,202,194,768,768,491.07,495.68,687.39,520.35,583.8,648.53
332,OK,174,190,782,782,467.03,505.58,668.15,515.51,563.67,652.85
333,OK,150,217,770,770,439.16,526.31,637.41,526.47,532.87,677.7
334,OK,144,242,760,760,429.22,550.03,624.96,546.84,522.77,696.46
335,OK,125,249,756,756,407.9,557.9,602.46,547.44,501.53,702.17
336,OK,96,237,775,775,387.83,556.01,586.98,541.33,480.46,701.24
337,OK,84,223,772,772,375.18,540.33,573.75,528.23,467.46,683.83
338,OK,85,225,775,775,377.61,540.26,577.15,536.75,467.81,685.86
339,OK,91,203,777,777,382.36,522.81,582.33,515.42,476.33,663.7
340,OK,110,189,768,768,401.21,503.46,599.04,505.79,489.64,641.53
341,OK,169,188,747,747,450.79,487.01,642.97,496.3,537.82,630.35
342,OK,199,166,745,745,479.0,467.16,670.17,483.42,569.2,602.31
343,OK,206,148,767,767,493.96,456.98,690.23,479.47,586.11,595.37
344,OK,217,148,757,757,500.68,453.65,694.46,474.42,593.97,589.46
345,OK,204,144,748,748,484.62,444.26,676.81,458.24,576.22,584.81
346,OK,180,135,750,750,462.25,440.43,655.3,446.24,551.91,577.91
347,OK,149,119,728,728,426.4,423.74,613.76,419.51,507.67,544.78
348,OK,140,83,717,717,411.26,390.19,595.77,381.28,493.29,497.31
349,OK,139,38,684,684,396.47,350.74,571.65,331.1,478.63,420.19
350,OK,139,22,662,662,390.18,334.31,558.21,305.88,467.37,386.51
351,OK,139,17,650,650,387.67,332.73,552.53,303.93,458.14,365.97
352,OK,138,15,652,652,387.85,333.22,553.44,305.65,458.07,363.77
353,OK,140,14,655,655,389.85,333.7,556.25,305.8,461.35,363.14
354,OK,139,12,658,658,391.25,335.84,558.35,307.45,462.75,361.77
355,OK,141,25,657,657,391.64,340.82,558.94,314.97,463.3,379.55
356,OK,132,44,662,662,385.2,355.15,552.8,323.95,457.39,411.54
357,OK,115,41,701,701,381.23,365.11,560.18,340.11,459.32,431.3
358,OK,117,71,686,686,381.5,380.95,556.62,356.69,451.37,460.52
359,OK,119,85,691,691,385.47,391.23,562.31,371.81,455.74,480.46
360,OK,126,95,695,695,392.59,400.12,570.79,384.08,466.24,492.46
361,OK,144,108,684,684,407.14,403.33,582.95,393.71,477.1,503.0
362,OK,145,113,699,699,411.28,412.13,590.84,398.8,488.31,520.5
363,OK,148,120,704,704,417.07,419.45,598.05,408.73,492.54,530.86
364,OK,142,110,719,719,415.49,419.21,600.38,408.96,495.09,525.74
365,OK,133,123,718,718,404.52,432.4,588.96,418.03,487.79,539.79
366,OK,117,133,712,712,384.99,442.51,567.19,421.55,469.95,546.04
367,OK,100,136,725,725,371.57,452.45,556.54,427.17,461.04,556.48
368,OK,78,145,742,742,356.93,468.71,546.16,441.74,447.78,576.96
369,OK,85,150,740,740,362.43,475.48,551.56,452.34,453.11,577.74
370,OK,109,166,730,730,382.93,478.43,570.75,468.15,471.89,590.1
371,OK,112,165,754,754,394.66,479.74,588.91,474.71,487.55,607.25
372,OK,140,177,740,740,418.59,481.62,609.26,484.28,506.24,612.6
373,OK,167,194,722,722,439.4,484.67,625.39,489.24,524.75,624.97
374,OK,158,200,749,749,439.8,499.57,632.6,501.98,528.58,647.32
375,OK,173,199,741,741,450.4,495.81,641.37,497.67,540.35,642.97
376,OK,180,200,743,743,459.86,494.59,650.85,504.83,547.11,643.51
377,OK,185,208,744,744,466.45,501.31,657.32,518.46,554.06,650.89
378,OK,191,197,760,760,477.37,497.3,672.02,517.29,568.53,647.99
379,OK,179,206,749,749,461.8,502.43,654.28,515.42,548.87,651.68
380,OK,155,217,736,736,435.3,511.17,624.84,511.25,517.88,659.69
381,OK,154,207,734,734,430.76,504.2,619.85,501.82,518.2,645.92
382,OK,142,197,745,745,421.04,501.48,612.82,494.31,512.75,641.62
383,OK,138,208,736,736,415.96,505.53,605.39,503.51,502.22,647.85
384,OK,136,211,738,738,414.67,513.09,604.77,509.37,502.11,649.66
385,OK,128,216,744,744,409.25,520.45,600.9,515.29,495.52,659.52
386,OK,127,214,744,744,407.72,520.02,599.23,511.51,495.4,656.87
387,OK,132,212,739,739,409.92,517.43,600.02,507.82,498.24,650.92
388,OK,132,209,738,738,410.75,513.5,600.56,504.77,497.45,648.57
389,OK,143,219,723,723,415.84,515.78,602.02,509.2,499.52,647.72
390,OK,150,217,733,733,426.79,513.1,615.53,510.76,512.2,654.29
391,OK,162,216,745,745,440.59,516.0,632.56,518.22,532.15,659.64
392,OK,166,202,776,776,457.3,513.91,656.88,524.23,552.39,662.83
393,OK,194,201,778,778,482.9,512.59,682.62,527.49,583.38,660.4
394,OK,243,233,763,763,522.4,533.51,718.28,550.86,628.14,687.05
395,OK,253,235,769,769,535.72,538.03,732.5,560.52,640.96,690.24
396,OK,273,249,761,761,553.57,544.51,747.67,571.23,656.36,700.73
397,OK,291,268,748,748,566.11,558.08,757.56,579.65,669.62,715.75
398,OK,289,266,751,751,564.6,557.99,757.01,577.6,667.24,714.83
399,OK,252,238,761,761,535.32,536.65,730.57,553.28,631.74,692.3
400,OK,227,213,757,757,510.5,513.86,704.99,527.41,602.5,661.54
401,OK,195,191,753,753,478.57,492.96,672.25,503.61,567.75,636.01
402,OK,176,190,756,756,461.47,494.25,656.23,497.37,550.42,640.31
403,OK,163,196,752,752,446.41,503.58,639.99,496.85,535.7,644.37
404,OK,164,201,747,747,444.53,505.49,636.96,500.36,533.67,646.39
405,OK,156,214,751,751,440.29,517.54,633.61,514.45,526.23,663.35
406,OK,165,218,749,749,447.04,523.55,639.87,521.59,536.11,662.27
407,OK,168,205,763,763,455.29,513.91,651.87,518.03,545.53,656.64
408,OK,170,200,775,775,461.68,511.73,661.25,518.85,554.28,660.42
409,OK,183,207,776,776,474.15,517.77,673.71,529.1,568.47,666.59
410,OK,188,207,776,776,478.53,518.98,678.16,529.08,575.54,667.28
411,OK,199,212,766,766,486.04,520.46,682.99,533.83,579.58,663.86
412,OK,211,222,761,761,493.92,524.81,689.53,537.33,590.98,673.64
413,OK,226,227,764,764,510.1,532.77,706.5,544.29,608.78,679.92
414,OK,234,226,777,777,520.48,534.13,720.06,548.68,623.91,687.18
415,OK,268,242,743,743,540.86,539.05,731.46,555.72,643.58,679.5
416,OK,288,247,744,744,560.02,539.22,750.37,560.28,665.6,688.79
417,OK,265,251,763,763,547.85,548.05,743.45,568.27,647.67,706.19
418,OK,272,253,760,760,551.84,553.03,746.86,569.58,655.8,706.63
419,OK,265,257,757,757,544.52,551.41,738.53,570.97,645.98,709.19
420,OK,250,254,764,764,533.83,554.19,729.66,572.9,633.75,708.64
421,OK,213,252,783,783,500.87,568.61,702.48,566.65,606.79,719.56
422,OK,160,239,799,799,460.53,562.47,666.35,563.67,555.81,713.5
423,OK,138,259,787,787,436.91,574.91,639.5,572.94,525.53,730.64
424,OK,127,259,777,777,423.28,571.82,623.33,574.56,507.92,722.05
425,OK,120,243,790,790,419.61,562.82,623.02,567.96,510.25,712.57
426,OK,132,243,796,796,430.85,564.0,635.75,563.09,528.18,719.09
427,OK,168,238,792,792,463.74,551.11,667.61,560.87,563.9,713.02
428,OK,188,234,787,787,482.12,542.69,684.31,557.93,580.65,703.79
429,OK,213,235,786,786,506.07,546.31,707.99,559.85,606.25,703.93
430,OK,267,249,758,758,544.07,546.12,738.57,563.59,651.02,701.82
431,OK,258,242,760,760,538.2,542.15,733.15,559.24,640.48,695.24
432,OK,231,224,771,771,517.14,529.85,715.21,544.44,616.75,681.25
433,OK,202,199,770,770,487.98,509.97,686.08,520.52,588.88,653.19
434,OK,179,194,760,760,464.69,497.93,660.17,507.71,555.77,646.24
435,OK,168,191,738,738,446.28,490.57,636.37,490.8,533.2,629.78
436,OK,147,195,736,736,426.26,492.08,615.79,496.06,509.06,631.99
437,OK,143,195,740,740,421.79,497.42,612.39,495.06,509.6,635.22
438,OK,133,208,738,738,411.35,509.81,601.46,506.36,498.22,647.06
439,OK,137,212,732,732,415.46,507.68,603.9,511.3,497.85,646.95
440,OK,149,210,730,730,426.12,501.2,614.03,507.37,509.61,646.98
441,OK,145,199,746,746,428.64,497.72,620.82,502.25,511.68,645.0
442,OK,174,190,717,717,444.36,477.17,628.88,480.98,528.47,618.49
443,OK,151,140,741,741,432.91,440.21,623.56,448.76,515.26,576.95
444,OK,164,131,704,704,433.48,419.47,614.84,422.62,509.15,545.94
445,OK,174,111,703,703,442.33,396.6,622.88,409.18,517.63,522.67
446,OK,178,99,708,708,448.73,387.75,630.12,405.53,524.78,510.5
447,OK,179,103,708,708,449.76,390.57,631.2,408.64,526.45,514.97
448,OK,192,110,706,706,458.59,398.04,639.89,411.46,540.84,522.76
449,OK,198,122,708,708,467.39,406.55,648.45,428.05,546.92,535.76
450,OK,212,160,709,709,479.91,434.98,660.01,464.82,562.29,578.3
451,OK,240,198,695,695,498.53,465.72,675.41,493.05,588.16,611.22
452,OK,250,215,708,708,513.26,489.84,693.54,516.94,605.03,635.18
453,OK,240,232,713,713,504.75,511.35,686.74,535.33,596.73,654.31
454,OK,246,245,727,727,513.58,524.58,699.43,546.98,611.83,680.4
455,OK,225,247,732,732,498.26,531.23,685.47,553.56,590.19,684.85
456,OK,210,252,741,741,489.24,538.31,678.57,562.59,577.58,694.25
457,OK,209,257,741,741,486.11,544.14,676.0,563.7,578.42,700.76
458,OK,197,252,753,753,480.26,541.09,672.86,564.63,571.36,704.37
459,OK,208,248,745,745,487.41,538.24,678.0,559.75,578.51,692.49
460,OK,203,243,753,753,489.0,533.92,680.93,561.03,575.0,691.01
461,OK,211,238,753,753,495.64,529.47,687.71,556.34,582.98,685.36
462,OK,218,239,741,741,498.28,526.32,687.29,551.91,585.0,679.98
463,OK,216,236,747,747,499.75,524.78,690.3,551.36,584.49,681.49
464,OK,215,233,751,751,500.02,522.37,691.44,550.86,585.04,680.58
465,OK,214,233,747,747,496.8,523.61,687.36,550.82,581.92,676.26
466,OK,211,238,745,745,494.41,527.82,684.22,556.06,577.03,679.67
467,OK,207,235,753,753,493.09,528.35,685.2,555.17,577.76,681.18
468,OK,206,236,752,752,491.34,532.11,683.52,555.31,578.08,682.01
469,OK,207,237,752,752,492.46,532.52,684.68,556.4,579.05,681.85
470,OK,208,236,752,752,492.55,532.03,684.89,554.72,581.1,681.53
471,OK,208,235,751,751,491.63,530.43,683.72,552.58,579.92,680.22
472,OK,210,237,743,743,491.42,528.32,681.24,551.78,577.41,677.35
473,OK,214,237,742,742,493.84,528.59,683.79,550.74,581.6,677.56
474,OK,215,235,747,747,496.33,530.88,687.67,550.67,585.21,676.39
475,OK,208,236,755,755,492.5,535.05,686.14,552.76,581.17,682.71
476,OK,209,236,754,754,495.15,533.15,688.21,554.33,582.13,684.03
477,OK,210,236,758,758,496.73,532.08,690.83,552.55,584.76,689.28
478,OK,218,243,747,747,499.86,533.47,691.18,554.53,587.1,688.14
479,OK,215,240,753,753,499.4,532.48,692.12,554.42,587.23,688.84
480,OK,214,237,755,755,498.29,532.56,691.87,550.25,588.8,686.8
481,OK,218,242,749,749,500.24,533.16,692.08,553.18,588.7,689.47
482,OK,217,241,751,751,499.77,534.19,692.26,552.05,589.93,689.52
483,OK,214,237,758,758,500.74,532.93,694.74,553.66,589.13,689.45
484,OK,213,238,756,756,498.68,535.23,692.62,552.41,587.82,689.63
485,OK,210,237,761,761,497.59,534.85,692.72,553.96,585.58,690.43
486,OK,211,237,760,760,499.48,534.7,694.19,554.22,586.46,689.94
487,OK,206,222,772,772,497.41,527.05,695.44,544.76,588.02,680.9
488,OK,207,209,772,772,499.57,510.5,696.88,534.25,589.56,668.15
489,OK,212,205,759,759,496.41,505.69,690.93,524.88,589.21,653.36
490,OK,204,191,765,765,493.18,489.75,688.83,513.6,581.86,646.2
491,OK,192,171,760,760,480.49,479.36,675.61,494.44,567.59,616.55
492,OK,197,172,751,751,482.58,469.67,674.98,489.57,567.13,614.48
493,OK,209,145,746,746,491.67,446.43,682.44,469.28,577.41,579.79
494,OK,220,149,724,724,496.42,439.91,681.61,461.56,576.52,572.82
495,OK,219,148,733,733,497.68,442.47,685.24,464.65,579.99,574.6
496,OK,217,155,738,738,496.82,453.82,685.85,474.38,582.39,585.55
497,OK,198,168,758,758,485.07,474.74,679.78,489.01,573.18,613.7
498,OK,193,172,765,765,482.68,478.99,679.15,494.2,571.06,622.15
499,OK,191,173,765,765,479.25,483.27,676.05,495.1,569.97,621.89
500,OK,192,170,764,764,480.55,482.5,676.81,495.69,571.12,615.14
501,OK,191,169,762,762,478.56,480.14,674.21,494.21,567.8,613.72
502,OK,191,170,758,758,478.99,474.75,673.45,491.56,564.4,615.07
503,OK,189,150,753,753,473.5,460.03,667.05,472.59,561.45,587.34
504,OK,182,153,735,735,461.6,452.84,650.7,460.4,542.5,584.26
505,OK,173,147,697,697,441.43,440.59,620.89,439.12,511.26,551.6
506,OK,164,140,678,678,427.28,423.54,601.75,419.35,491.49,536.96
507,OK,144,96,689,689,411.45,386.41,588.91,385.51,476.11,494.69
508,OK,132,81,680,680,395.95,372.03,571.12,369.71,461.01,472.63
509,OK,120,87,673,673,382.23,368.78,555.62,372.03,444.57,475.79
510,OK,106,81,677,677,367.86,367.39,542.21,372.5,432.98,469.98
511,OK,106,80,677,677,366.79,367.44,540.96,373.19,434.17,467.51
512,OK,102,73,693,693,366.76,370.58,545.38,371.44,440.33,468.22
513,OK,114,89,676,676,375.97,372.38,549.82,384.02,441.94,477.76
514,OK,132,104,692,692,401.13,385.99,578.47,405.09,466.65,505.73
515,OK,156,115,707,707,428.73,400.91,609.73,421.16,499.31,526.09
516,OK,184,123,716,716,459.4,411.41,642.66,432.24,533.87,541.13
517,OK,205,133,720,720,481.59,417.33,664.88,444.92,557.52,556.02
518,OK,208,139,720,720,481.01,424.53,665.3,445.54,564.12,563.82
519,OK,203,131,731,731,475.5,425.31,663.35,439.25,567.11,560.41
520,OK,190,122,726,726,460.98,418.04,647.55,430.21,553.14,546.42
521,OK,185,103,719,719,449.25,403.73,634.32,405.56,546.95,519.4
522,OK,167,77,722,722,435.19,380.48,621.04,384.51,528.44,494.46
523,OK,155,72,727,727,425.09,376.06,612.16,381.35,518.32,493.09
524,OK,152,74,720,720,418.46,378.81,603.98,377.34,514.35,490.94
525,OK,154,89,714,714,417.8,390.68,601.66,389.25,513.56,503.98
526,OK,146,105,713,713,409.04,407.69,592.53,402.9,504.11,518.54
527,OK,139,112,719,719,404.08,416.9,589.25,410.13,500.17,530.18
528,OK,126,126,733,733,397.93,436.04,586.63,427.69,493.35,553.69
529,OK,124,154,729,729,394.72,457.04,582.36,450.39,488.27,582.65
530,OK,136,163,744,744,412.24,468.46,603.82,472.56,508.41,601.14
531,OK,158,195,716,716,426.94,483.02,611.32,490.85,513.46,620.18
532,OK,150,200,727,727,426.29,489.01,613.08,501.78,506.56,631.38
533,OK,170,211,725,725,443.65,495.08,629.9,507.27,528.23,645.23
534,OK,173,214,728,728,449.33,497.42,636.05,514.92,532.93,650.87
535,OK,178,217,720,720,450.0,498.88,634.95,513.68,534.05,647.8
536,OK,177,210,726,726,450.9,497.64,637.62,506.65,537.07,645.6
537,OK,180,213,722,722,451.58,499.19,637.41,506.92,538.81,646.51
538,OK,176,207,738,738,455.25,496.12,644.91,509.37,541.8,651.01
539,OK,178,205,743,743,459.41,494.0,649.94,510.82,544.77,651.22
540,OK,179,200,743,743,459.44,491.24,650.23,504.67,545.72,645.95
541,OK,179,199,741,741,458.86,489.83,649.25,501.39,545.49,642.78
542,OK,184,204,729,729,459.91,488.91,647.12,502.7,542.61,641.22
543,OK,182,205,725,725,457.4,489.19,643.72,501.64,539.01,640.37
544,OK,178,200,736,736,457.38,489.8,646.45,502.11,541.68,641.69
545,OK,179,200,733,733,457.33,488.86,645.72,500.7,540.39,638.95
546,OK,177,199,736,736,456.01,491.65,645.39,501.3,540.43,637.57
547,OK,171,196,747,747,453.49,492.49,645.81,501.27,539.14,642.34
548,OK,171,202,743,743,450.9,497.49,642.1,502.49,538.19,647.07
549,OK,169,207,743,743,449.15,501.32,640.46,508.35,537.18,651.58
550,OK,175,208,735,735,451.74,499.44,640.86,507.54,538.92,648.48
551,OK,172,191,730,730,447.92,484.68,635.94,487.8,533.21,626.58
552,OK,122,129,725,725,400.5,432.86,587.12,428.09,475.28,551.63
553,OK,78,91,734,734,363.03,405.41,551.93,397.75,433.13,515.61
554,OK,58,113,723,723,339.03,422.06,524.56,406.39,407.36,533.81
555,OK,47,140,679,679,313.26,427.04,487.62,412.04,372.41,538.8
556,OK,29,161,667,667,292.11,441.3,463.16,424.89,347.07,555.07
557,OK,8,159,702,702,282.41,457.11,461.75,434.13,347.81,574.79
558,OK,33,158,692,692,302.38,450.37,479.92,434.67,368.75,566.16
559,OK,45,131,751,751,329.86,455.67,522.56,438.03,415.37,566.37
560,OK,68,139,752,752,352.15,458.16,545.48,448.52,440.64,578.11
561,OK,110,153,744,744,390.78,463.15,582.47,465.54,479.21,586.7
562,OK,150,164,742,742,428.94,466.72,619.67,478.65,517.74,598.41
563,OK,207,200,715,715,475.15,477.8,658.33,497.6,561.6,627.25
564,OK,205,200,735,735,480.26,487.69,668.71,506.1,570.53,637.25
565,OK,203,200,750,750,485.67,494.32,677.4,518.29,574.9,644.45
566,OK,219,209,731,731,494.1,497.41,680.96,519.74,582.27,641.08
567,OK,220,213,732,732,496.96,500.35,683.68,525.88,582.42,645.89
568,OK,216,213,736,736,494.36,501.8,682.21,527.62,580.41,648.51
569,OK,208,208,746,746,489.35,502.32,680.01,525.56,577.76,650.02
570,OK,201,205,748,748,483.36,501.08,674.94,522.56,572.31,646.67
571,OK,192,202,757,757,477.91,496.75,671.33,520.6,565.56,651.49
572,OK,193,200,753,753,478.23,494.1,670.59,519.61,564.45,646.36
573,OK,199,192,747,747,483.87,481.47,673.95,510.44,565.88,634.72
574,OK,208,174,716,716,490.55,445.23,668.25,494.49,554.23,594.45
575,OK,198,162,730,730,490.78,435.43,669.97,492.73,546.26,590.78
576,OK,194,158,740,740,488.64,441.11,672.22,492.31,549.48,590.98
577,OK,193,157,731,731,482.36,433.72,664.66,481.3,544.28,586.74
578,OK,192,154,730,730,474.2,439.68,659.58,471.83,548.22,583.67
579,OK,178,166,714,714,453.22,448.01,635.68,470.17,526.19,588.69
580,OK,168,152,711,711,441.27,438.43,623.72,453.41,513.65,570.02
581,OK,162,150,709,709,434.95,434.92,616.68,453.42,507.48,563.9
582,OK,157,156,724,724,434.85,444.28,620.12,465.53,512.15,581.74
583,OK,158,165,723,723,434.43,452.83,619.46,473.88,512.46,589.91
584,OK,161,193,719,719,434.88,479.96,619.71,492.42,514.67,619.7
585,OK,165,197,718,718,437.76,486.04,622.52,495.64,517.86,622.78
586,OK,150,188,755,755,436.88,488.53,631.1,497.67,520.87,637.27
587,OK,152,191,749,749,437.37,488.67,630.04,498.31,519.45,636.99
588,OK,163,193,728,728,439.8,485.21,627.05,494.28,521.27,624.55
589,OK,156,193,728,728,434.84,485.51,621.99,496.47,513.04,624.89
590,OK,155,194,724,724,433.1,483.82,619.23,497.05,509.43,621.64
591,OK,153,192,725,725,430.43,483.96,616.75,496.46,507.77,618.23
592,OK,148,184,738,738,430.43,480.42,620.06,493.64,510.41,619.4
593,OK,149,177,737,737,429.36,471.47,618.67,484.36,510.17,613.03
594,OK,115,137,749,749,405.26,436.5,597.23,456.59,478.31,576.22
595,OK,100,115,750,750,391.21,424.09,583.96,435.61,463.52,551.79
596,OK,76,106,751,751,369.03,418.1,562.37,426.4,436.68,541.19
597,OK,60,107,747,747,354.39,415.81,546.12,431.56,417.16,537.79
598,OK,19,137,742,742,312.74,441.02,503.74,443.55,372.87,574.42
599,OK,-1,147,741,741,292.92,449.1,483.69,450.72,350.87,585.48
600,OK,-13,150,728,728,276.23,446.71,463.79,443.71,332.24,583.4
601,OK,2,155,692,692,279.9,434.43,458.15,436.86,328.25,566.37
602,OK,34,124,700,700,310.85,416.79,490.94,410.93,368.74,534.53
603,OK,51,95,719,719,331.61,403.14,516.73,394.9,397.1,509.79
604,OK,103,80,685,685,369.86,375.15,546.12,370.63,432.16,471.97
605,OK,122,61,688,688,390.24,364.74,567.25,355.89,454.86,449.97
606,OK,137,44,686,686,404.77,345.58,581.34,338.63,468.02,433.66
607,OK,165,47,644,644,418.74,329.44,584.44,323.17,473.8,412.13
608,OK,173,23,630,630,423.14,309.33,585.11,298.6,473.42,373.13
609,OK,177,11,626,626,422.08,304.26,582.86,291.93,478.23,351.72
610,OK,180,10,609,609,420.39,296.34,576.31,277.88,471.47,342.47
611,OK,180,12,605,605,418.38,297.48,573.19,280.63,468.99,340.73
612,OK,182,18,594,594,416.62,300.1,568.51,282.38,467.1,339.8
613,OK,182,15,599,599,416.23,301.05,569.72,284.42,469.19,335.49
614,OK,178,14,605,605,414.14,304.27,569.03,285.95,469.0,337.77
615,OK,173,13,614,614,412.57,305.23,569.77,288.79,469.04,344.01
616,OK,173,22,607,607,410.54,306.41,566.16,291.07,464.38,352.82
617,OK,166,25,610,610,405.67,311.8,562.0,294.69,459.54,357.24
618,OK,163,37,607,607,401.03,321.64,556.23,303.5,454.65,367.77
619,OK,155,41,615,615,395.11,326.8,552.32,307.22,451.46,380.81
620,OK,153,41,618,618,394.72,328.21,552.78,310.1,450.57,381.83
621,OK,143,44,623,623,388.07,329.24,547.61,311.56,440.97,390.11
622,OK,135,44,633,633,384.45,333.66,545.97,311.11,438.66,398.12
623,OK,133,46,637,637,382.56,337.37,544.88,312.56,438.72,403.86
624,OK,132,46,637,637,381.98,335.51,544.33,312.31,436.91,404.26
625,OK,134,46,634,634,383.36,335.57,545.35,314.26,438.67,402.07
626,OK,140,52,633,633,387.94,340.68,549.59,319.97,443.61,406.18
627,OK,147,60,635,635,396.06,341.48,559.2,328.58,451.05,419.97
628,OK,152,54,638,638,401.94,340.11,565.89,327.15,458.79,412.89
629,OK,164,44,650,650,417.44,331.83,584.79,325.26,478.81,409.82
630,OK,182,56,645,645,434.15,337.37,600.42,335.58,491.8,420.63
631,OK,201,56,677,677,463.3,345.79,637.56,354.49,528.94,439.17
632,OK,203,60,692,692,472.47,351.79,650.3,363.81,537.18,454.41
633,OK,212,60,698,698,484.28,356.08,663.75,367.71,549.31,456.57
634,OK,228,61,694,694,498.13,357.16,676.55,368.7,563.84,453.84
635,OK,255,69,688,688,520.69,357.55,697.34,371.72,589.43,462.52
636,OK,270,74,682,682,533.96,356.71,708.74,375.25,602.0,465.17
637,OK,272,65,689,689,536.54,355.22,713.22,371.04,608.43,456.2
638,OK,270,75,693,693,537.25,361.56,714.86,380.22,606.94,471.75
639,OK,273,87,687,687,539.3,364.18,714.12,391.07,606.87,484.06
640,OK,260,79,698,698,527.97,368.2,706.8,385.71,602.48,479.23
641,OK,241,83,698,698,510.76,370.76,689.37,390.5,581.08,484.67
642,OK,213,73,734,734,496.29,372.69,684.36,392.16,571.58,498.52
643,OK,196,79,730,730,477.36,375.81,664.55,394.09,551.52,504.46
644,OK,192,85,716,716,469.63,375.55,653.22,393.74,539.84,502.08
645,OK,185,82,714,714,461.83,373.11,645.26,386.92,531.4,499.25
646,OK,176,76,719,719,453.33,371.92,638.32,379.77,525.22,495.12
647,OK,169,72,702,702,439.09,368.74,620.02,371.35,510.57,476.23
648,OK,153,71,697,697,421.98,366.13,601.47,367.52,491.86,471.42
649,OK,128,80,695,695,392.71,377.27,571.34,365.84,469.96,484.25
650,OK,84,90,709,709,354.21,399.39,535.23,374.51,432.69,502.35
651,OK,49,100,698,698,315.35,406.3,491.61,371.24,393.77,509.96
652,OK,46,111,690,690,309.22,412.85,483.1,375.66,385.84,517.93
653,OK,48,108,696,696,314.54,411.55,491.19,381.31,390.72,517.3
654,OK,54,117,715,715,328.67,425.97,511.63,404.86,403.66,532.89
655,OK,69,120,738,738,349.26,440.18,538.37,420.62,434.1,547.81
656,OK,96,130,724,724,366.47,446.45,551.8,426.13,457.67,548.88
657,OK,102,144,717,717,371.06,451.32,555.03,435.19,458.26,562.55
658,OK,108,149,721,721,375.86,461.18,559.58,434.78,469.24,571.26
659,OK,107,151,723,723,375.14,462.61,559.79,437.59,468.9,574.71
660,OK,94,155,728,728,365.96,469.15,551.57,442.25,459.12,582.41
661,OK,99,155,730,730,371.53,468.28,558.28,445.72,464.7,583.79
662,OK,120,144,741,741,396.66,450.59,587.44,447.65,488.15,579.66
663,OK,147,146,732,732,423.73,439.82,611.41,457.25,509.52,576.75
664,OK,176,168,710,710,446.46,447.22,627.68,471.06,525.38,587.97
665,OK,189,173,704,704,458.4,446.07,637.93,472.17,535.34,591.45
666,OK,211,175,700,700,480.05,444.34,657.11,479.01,554.79,589.0
667,OK,217,174,707,707,487.46,447.79,666.57,480.54,564.57,590.56
668,OK,213,172,706,706,482.98,447.25,662.43,476.64,560.56,588.26
669,OK,201,174,706,706,471.17,450.69,651.63,473.29,548.39,593.78
670,OK,180,179,707,707,451.88,455.37,632.99,474.39,525.06,601.07
671,OK,161,174,713,713,433.44,455.34,616.58,470.15,509.03,598.45
672,OK,142,168,710,710,414.13,453.42,596.72,464.21,489.4,587.76
673,OK,132,159,707,707,400.43,447.73,582.66,448.13,480.17,576.37
674,OK,119,132,719,719,392.06,432.47,577.18,430.34,471.99,551.29
675,OK,123,127,715,715,395.24,424.42,579.29,424.69,473.6,544.2
676,OK,133,119,708,708,404.82,410.98,586.94,421.64,478.4,529.99
677,OK,149,111,704,704,421.38,398.29,601.36,419.42,491.7,517.16
678,OK,168,102,708,708,442.81,386.94,622.89,416.1,511.96,511.77
679,OK,179,97,704,704,452.24,378.79,630.94,409.39,520.6,504.64
680,OK,198,98,699,699,466.97,374.44,643.91,408.03,538.67,502.97
681,OK,211,100,699,699,480.73,373.09,656.3,413.44,552.98,505.89
682,OK,217,110,695,695,484.95,383.35,659.46,423.28,557.62,512.46
683,OK,216,107,700,700,485.4,384.06,661.37,423.09,559.82,511.32
684,OK,212,107,708,708,484.02,387.66,662.56,425.17,560.19,516.42
685,OK,218,107,707,707,490.07,385.07,667.65,425.2,563.79,515.32
686,OK,217,108,711,711,489.52,389.93,668.89,426.93,565.39,518.66
687,OK,212,109,714,714,486.17,392.91,666.82,427.12,563.3,522.9
688,OK,215,113,711,711,488.04,391.97,667.38,428.95,563.83,526.27
689,OK,209,114,713,713,480.95,396.56,661.89,427.82,559.36,528.77
690,OK,206,117,709,709,477.25,397.77,657.17,428.45,554.21,529.61
691,OK,203,121,714,714,475.55,403.73,656.99,434.47,555.17,538.51
692,OK,189,131,719,719,465.47,410.45,647.73,443.5,539.75,554.59
693,OK,174,138,713,713,449.57,423.36,630.64,454.36,520.83,550.2
694,OK,163,143,722,722,440.63,431.92,624.82,457.69,515.77,563.57
695,OK,158,152,727,727,433.97,445.11,620.08,465.4,516.21,576.43
696,OK,155,160,731,731,432.82,451.45,619.95,472.24,514.6,589.35
697,OK,137,167,744,744,418.26,468.66,609.55,481.46,505.59,603.92
698,OK,129,180,738,738,405.12,484.42,595.1,485.96,496.16,614.52
699,OK,99,204,753,753,382.02,514.42,575.86,506.23,472.52,650.31
700,OK,94,208,754,754,377.53,519.26,571.52,510.02,468.61,656.35
701,OK,107,210,741,741,386.28,512.02,577.14,510.47,474.23,649.59
702,OK,105,193,757,757,391.27,503.11,586.35,501.97,478.99,639.69
703,OK,111,182,763,763,399.08,494.64,595.54,494.58,487.42,631.92
704,OK,116,184,761,761,402.49,493.92,598.46,493.78,493.09,635.3
705,OK,122,185,751,751,404.09,492.29,597.57,491.85,494.06,628.23
706,OK,124,185,745,745,405.69,490.37,597.48,492.21,491.86,623.75
707,OK,123,185,738,738,403.96,485.09,593.98,490.55,485.23,621.19
708,OK,126,186,734,734,405.02,482.87,594.02,485.49,487.57,622.47
709,OK,126,181,728,728,402.15,481.07,589.59,479.09,485.91,611.26
710,OK,114,173,732,732,391.25,476.64,579.87,473.47,474.69,603.39
711,OK,84,157,739,739,362.75,470.39,552.22,453.11,448.91,592.02
712,OK,52,151,739,739,334.33,463.9,523.75,444.75,413.64,587.27
713,OK,31,173,673,673,291.9,460.04,461.82,425.38,357.37,576.98
714,OK,12,193,638,638,261.05,469.58,420.23,428.2,321.61,575.47
715,OK,-26,203,639,639,226.9,474.86,386.34,434.03,280.37,590.58
716,OK,-37,191,659,659,223.2,470.98,388.91,434.5,279.6,588.14
717,OK,-17,188,652,652,238.8,467.27,402.59,430.12,298.9,579.79
718,OK,12,188,640,640,262.34,464.25,423.67,429.94,322.18,570.61
719,OK,32,171,668,668,292.87,452.49,463.07,426.44,355.33,570.84
720,OK,49,155,698,698,319.89,453.57,498.32,430.81,388.34,567.7
721,OK,80,138,721,721,356.75,444.38,542.27,435.32,431.32,556.43
722,OK,111,143,706,706,381.59,443.49,563.42,438.05,455.88,552.44
723,OK,148,149,711,711,418.15,437.46,601.16,445.84,498.29,566.52
724,OK,158,160,719,719,435.1,444.48,619.1,464.74,508.37,584.15
725,OK,178,180,708,708,449.72,459.57,631.24,477.11,525.46,601.36
726,OK,190,187,712,712,461.36,465.58,643.92,484.1,540.46,612.8
727,OK,199,191,712,712,469.33,468.76,651.73,487.74,551.12,616.54
728,OK,211,205,701,701,475.56,476.47,655.11,496.49,557.52,623.56
729,OK,200,200,727,727,476.08,478.73,661.7,503.21,557.86,635.49
730,OK,207,202,725,725,480.52,482.37,665.92,503.94,566.19,635.76
731,OK,203,196,734,734,480.7,483.32,668.46,505.67,566.52,632.81
732,OK,214,202,723,723,485.85,484.81,670.98,505.84,572.16,631.65
733,OK,212,197,727,727,486.37,480.54,672.29,502.11,571.39,629.8
734,OK,222,189,730,730,498.46,468.34,684.19,496.87,583.02,625.85
735,OK,270,190,703,703,537.31,453.78,712.6,499.46,617.88,606.67
736,OK,296,178,699,699,566.79,439.23,737.27,497.44,639.32,586.79
737,OK,318,184,677,677,579.75,432.07,743.15,493.31,650.67,581.67
738,OK,330,191,667,667,588.88,432.87,749.91,492.74,658.28,586.8
739,OK,332,192,670,670,590.93,436.3,753.3,494.47,663.36,589.25
740,OK,314,188,684,684,575.66,443.01,745.1,490.89,653.03,594.16
741,OK,288,172,712,712,562.53,444.35,739.04,493.91,638.87,587.3
742,OK,268,176,711,711,540.55,448.68,718.28,492.43,618.18,592.69
743,OK,234,166,730,730,515.34,448.21,699.52,485.67,592.53,595.37
744,OK,227,175,716,716,502.39,455.32,684.11,486.44,578.55,595.38
745,OK,217,168,730,730,496.35,453.88,681.91,484.83,575.33,597.99
746,OK,215,172,732,732,493.46,461.01,680.3,486.73,576.3,602.81
747,OK,212,176,742,742,495.04,466.42,683.91,495.26,577.18,613.66
748,OK,208,186,741,741,491.43,481.31,680.5,506.78,571.67,619.33
749,OK,177,197,767,767,469.59,498.45,666.35,517.5,553.23,653.04
750,OK,157,244,715,715,429.76,533.85,613.86,527.22,506.47,671.91
751,OK,134,240,724,724,411.25,534.8,597.56,527.49,488.07,672.96
752,OK,130,245,714,714,404.1,533.44,587.89,526.88,479.52,673.93
753,OK,128,237,718,718,404.03,527.16,588.83,520.32,477.77,668.88
754,OK,145,241,705,705,413.41,528.71,594.69,519.38,490.62,662.86
755,OK,154,226,710,710,423.95,520.77,606.86,516.48,503.61,643.73
756,OK,168,191,750,750,454.88,485.45,647.48,501.42,535.72,639.61
757,OK,193,195,740,740,475.95,480.51,664.82,506.12,556.8,637.05
758,OK,207,196,738,738,488.04,482.69,676.35,507.99,571.6,634.66
759,OK,212,197,738,738,492.52,485.14,680.88,509.78,575.51,635.13
760,OK,210,192,746,746,493.52,484.96,684.12,509.37,578.88,634.36
761,OK,226,196,735,735,505.44,482.87,691.51,517.08,588.32,626.64
762,OK,227,203,733,733,507.61,481.45,692.23,521.27,586.61,637.58
763,OK,223,205,737,737,503.14,486.31,689.64,521.71,586.56,643.04
764,OK,218,205,741,741,500.89,487.97,688.35,524.2,582.55,645.87
765,OK,193,203,766,766,485.4,500.51,680.34,530.64,570.28,658.12
766,OK,179,226,757,757,464.58,521.79,658.82,538.19,553.11,679.94
767,OK,157,250,748,748,441.05,545.33,633.57,551.33,525.24,701.58
768,OK,179,264,723,723,451.88,543.67,637.58,556.87,535.47,700.85
769,OK,183,251,738,738,462.21,531.85,651.01,553.32,548.07,697.93
770,OK,197,246,728,728,473.89,520.8,659.37,549.17,556.65,685.67
771,OK,203,199,755,755,492.58,486.35,683.84,522.04,572.74,648.73
772,OK,227,197,725,725,503.46,476.31,687.44,508.36,582.68,626.8
773,OK,230,190,714,714,508.56,463.55,687.75,504.79,575.87,609.91
774,OK,238,187,713,713,512.72,463.37,692.98,498.89,586.83,606.08
775,OK,256,207,700,700,523.7,474.34,699.75,513.3,601.66,621.75
776,OK,247,204,731,731,529.95,478.81,711.12,529.82,603.91,634.37
777,OK,258,206,731,731,540.6,481.69,721.94,531.94,616.57,636.16
778,OK,256,208,733,733,538.57,483.96,721.14,532.42,615.19,640.01
779,OK,247,212,728,728,527.29,488.68,709.89,530.84,604.29,642.71
780,OK,235,212,727,727,514.33,491.81,697.92,528.87,590.79,641.24
781,OK,221,210,728,728,499.72,489.28,684.53,521.17,578.43,643.82
782,OK,200,203,746,746,485.78,492.94,675.84,521.68,567.19,646.21
783,OK,188,202,759,759,476.12,497.29,670.36,519.84,562.2,654.79
784,OK,176,206,755,755,462.89,503.02,656.76,519.18,547.81,655.29
785,OK,169,212,752,752,454.86,510.26,648.35,521.41,539.97,661.82
786,OK,167,212,754,754,453.71,510.89,647.59,522.39,538.73,662.36
787,OK,174,212,752,752,459.41,507.31,652.49,522.53,544.15,662.47
788,OK,174,212,753,753,458.16,509.28,651.8,520.22,546.49,662.94
789,OK,184,221,744,744,461.79,517.06,653.3,526.13,554.73,665.89
790,OK,171,215,765,765,459.34,515.62,655.76,529.64,550.15,671.39
791,OK,175,225,766,766,463.75,522.49,660.2,540.32,555.7,685.84
792,OK,173,224,775,775,465.25,523.54,663.83,543.29,555.59,690.34
793,OK,186,226,764,764,474.2,522.74,669.73,545.28,564.51,682.62
794,OK,191,226,767,767,481.83,522.84,677.44,550.6,568.56,682.53
795,OK,196,232,769,769,487.93,530.26,684.02,557.31,574.29,688.94
796,OK,204,243,754,754,490.11,537.6,682.78,561.96,576.29,691.98
797,OK,208,247,744,744,490.95,537.69,681.11,561.89,575.67,689.89
798,OK,195,238,765,765,484.16,538.42,680.24,558.76,573.68,693.25
799,OK,193,238,765,765,482.65,537.14,678.33,559.34,571.27,691.91
800,OK,197,239,763,763,484.92,537.25,680.16,558.53,575.19,692.29
801,OK,199,238,762,762,485.56,538.24,680.97,556.73,578.3,692.18
802,OK,198,235,763,763,483.57,536.4,679.27,554.14,576.88,687.95
803,OK,187,231,772,772,478.09,535.25,675.95,554.2,570.07,689.8
804,OK,187,230,765,765,474.35,533.83,670.53,550.7,566.38,683.34
805,OK,187,228,762,762,474.28,528.15,669.47,547.73,564.27,680.93
806,OK,175,220,773,773,467.04,523.14,665.12,542.18,556.46,680.12
807,OK,159,221,781,781,455.27,530.13,655.88,543.98,543.93,685.05
808,OK,153,230,771,771,446.2,535.77,644.36,547.11,531.46,688.75
809,OK,147,224,775,775,441.58,529.78,640.79,540.96,527.9,687.69
810,OK,146,220,754,754,433.79,519.92,627.84,528.3,517.09,670.04
811,OK,153,230,730,730,429.01,523.43,616.92,529.15,514.4,664.21
812,OK,127,218,751,751,407.4,525.71,600.75,520.98,501.04,664.47
813,OK,107,216,749,749,388.35,522.73,581.26,521.43,478.57,658.4
814,OK,89,212,754,754,374.08,523.57,568.35,521.81,462.39,655.92
815,OK,77,204,756,756,359.21,520.32,553.4,506.62,453.73,651.41
816,OK,77,196,751,751,357.85,512.24,550.77,499.63,450.35,637.5
817,OK,83,189,742,742,362.3,501.91,553.08,490.94,450.92,624.55
818,OK,84,158,766,766,368.59,487.27,564.98,467.82,468.62,606.21
819,OK,106,140,748,748,378.91,461.87,569.85,435.95,487.0,579.27
820,OK,105,117,741,741,374.82,443.83,563.65,415.48,481.17,546.09
821,OK,90,109,751,751,365.06,438.78,556.88,412.98,469.25,542.26
822,OK,79,108,756,756,356.77,439.27,549.96,414.06,460.96,546.16
823,OK,73,110,753,753,349.05,442.05,540.77,413.26,453.66,545.38
824,OK,54,101,750,750,332.76,430.75,524.39,405.65,430.97,534.43
825,OK,48,119,737,737,322.95,438.66,510.97,412.78,415.1,548.8
826,OK,34,108,736,736,310.92,428.94,498.22,400.27,400.26,537.88
827,OK,45,123,706,706,310.78,433.3,490.31,403.67,397.43,535.29
828,OK,44,117,724,724,315.47,435.28,499.5,405.45,405.5,539.27
829,OK,49,109,740,740,325.81,431.49,514.98,409.14,418.17,538.52
830,OK,72,111,750,750,349.18,441.44,540.47,414.72,449.81,545.1
831,OK,77,107,758,758,356.19,440.02,549.59,412.75,459.47,545.67
832,OK,90,109,750,750,365.43,441.68,556.44,413.31,469.74,542.07
833,OK,83,119,753,753,360.82,450.58,552.75,422.9,462.82,553.89
834,OK,73,144,747,747,352.82,469.87,543.92,447.03,444.58,577.19
835,OK,65,146,754,754,348.61,473.84,541.81,453.2,439.65,584.14
836,OK,60,144,760,760,345.34,474.58,540.09,453.84,437.36,585.52
837,OK,63,150,752,752,346.66,476.57,538.96,454.02,436.01,586.84
838,OK,65,147,747,747,346.67,474.26,537.7,450.4,435.17,578.4
839,OK,69,134,752,752,349.01,463.86,540.75,436.89,446.32,570.92
840,OK,80,118,752,752,358.31,446.62,550.35,421.96,457.92,554.61
841,OK,86,111,752,752,363.79,438.5,556.21,417.56,464.98,546.68
842,OK,88,110,750,750,364.15,438.84,555.79,415.42,466.51,544.39
843,OK,92,111,747,747,366.58,438.88,557.25,413.73,469.89,542.34
844,OK,91,110,750,750,367.24,437.24,559.22,416.33,469.13,543.77
845,OK,91,115,748,748,366.92,441.77,558.13,418.71,468.19,548.94
846,OK,94,118,747,747,369.18,443.55,560.24,419.85,471.19,551.54
847,OK,94,118,748,748,370.18,444.51,561.25,420.04,471.71,552.1
848,OK,95,120,746,746,370.35,446.44,560.75,421.29,470.78,553.91
849,OK,93,121,747,747,369.51,445.84,560.45,422.42,468.95,555.86
850,OK,93,121,747,747,368.91,445.97,559.86,422.37,468.19,555.02
851,OK,92,121,746,746,368.6,445.92,559.32,423.16,466.93,554.59
852,OK,93,121,747,747,368.53,447.43,559.23,422.41,468.17,554.4
853,OK,102,127,735,735,373.59,447.29,561.33,422.34,471.39,553.43
854,OK,102,121,743,743,376.83,445.55,566.61,421.08,476.18,551.8
855,OK,108,130,733,733,379.72,446.45,567.15,424.36,476.4,557.86
856,OK,110,133,730,730,380.97,447.08,567.83,425.7,476.96,560.51
857,OK,106,133,734,734,378.6,448.46,566.42,427.88,474.81,563.56
858,OK,105,131,736,736,377.7,449.01,565.95,427.61,474.87,561.28
859,OK,105,132,739,739,378.06,449.91,567.34,428.87,476.44,564.29
860,OK,99,140,740,740,372.82,456.81,562.04,433.02,470.91,576.73
861,OK,91,134,753,753,369.73,456.53,562.35,433.02,469.93,576.23
862,OK,91,136,756,756,370.11,461.18,563.05,434.05,473.21,580.9
863,OK,94,143,750,750,371.23,466.83,562.43,439.57,472.67,584.06
864,OK,93,143,752,752,370.48,467.54,562.23,439.37,473.2,584.64
865,OK,96,145,747,747,370.98,466.93,561.26,438.93,472.98,584.48
866,OK,95,143,750,750,371.28,467.22,562.2,438.64,473.57,584.87
867,OK,95,143,750,750,371.72,466.15,562.9,439.03,472.97,584.95
868,OK,97,144,747,747,372.32,466.53,562.68,438.5,473.19,582.64
869,OK,96,144,747,747,371.43,467.44,561.87,439.82,473.22,582.35
870,OK,92,143,751,751,368.63,467.91,559.97,440.28,470.43,583.39
871,OK,93,143,750,750,369.67,467.73,561.01,440.31,471.91,583.83
872,OK,91,143,751,751,368.13,467.83,559.56,440.46,469.81,583.49
873,OK,92,143,750,750,368.76,468.15,559.67,439.44,471.08,583.23
874,OK,94,144,748,748,369.93,467.78,560.62,440.19,471.93,583.71
875,OK,95,145,747,747,370.55,466.4,561.07,439.86,471.26,584.24
876,OK,94,145,749,749,369.74,466.02,560.81,439.23,470.88,585.67
877,OK,96,144,748,748,371.7,466.11,562.3,438.19,474.06,584.3
878,OK,97,143,749,749,372.08,465.72,562.67,436.38,475.42,583.13
879,OK,95,144,747,747,370.66,464.5,561.04,437.42,471.8,583.26
880,OK,97,145,746,746,372.22,464.88,562.58,438.41,472.99,584.9
881,OK,98,145,745,745,372.81,464.26,562.94,437.93,473.27,584.2
882,OK,100,145,745,745,374.39,464.96,564.39,438.3,475.01,584.31
883,OK,102,151,738,738,374.98,468.57,563.39,443.28,473.3,584.97
884,OK,105,151,737,737,377.7,468.57,566.14,444.91,475.02,582.94
885,OK,107,153,731,731,378.83,466.88,566.02,445.77,473.27,581.05
886,OK,119,152,726,726,388.31,462.09,574.64,445.04,483.49,577.37
887,OK,122,152,723,723,390.05,460.06,575.45,443.45,483.6,574.5
888,OK,117,144,730,730,389.22,455.12,576.61,439.57,482.71,572.56
889,OK,119,145,731,731,390.62,454.78,578.39,439.61,484.15,572.95
890,OK,122,144,727,727,391.91,454.01,578.46,438.83,485.91,569.02
891,OK,122,135,726,726,394.47,442.84,581.1,432.49,483.65,560.0
892,OK,133,122,717,717,403.41,427.02,587.92,419.51,488.33,538.18
893,OK,150,116,702,702,416.84,413.04,597.77,412.08,496.28,522.21
894,OK,165,58,720,720,439.85,370.96,625.16,378.21,517.73,461.54
895,OK,196,34,691,691,458.46,340.71,635.84,354.97,535.6,411.73
896,OK,212,18,673,673,474.8,322.3,646.95,343.42,537.02,375.23
897,OK,217,-1,671,671,478.49,306.85,650.13,327.39,540.85,352.46
898,OK,223,-10,664,664,478.69,298.12,648.94,314.11,546.64,338.18
899,OK,210,-12,678,678,470.38,307.98,644.55,320.92,541.87,340.2
900,OK,211,14,676,676,471.43,323.82,644.17,345.7,540.43,370.78
901,OK,203,33,687,687,467.5,339.7,642.62,365.68,538.25,399.83
902,OK,181,45,714,714,455.21,357.65,637.91,377.68,529.51,437.35
903,OK,179,48,726,726,460.75,363.13,646.04,388.52,532.0,447.42
904,OK,179,59,733,733,463.62,367.15,650.03,397.77,533.46,468.88
905,OK,183,64,734,734,468.19,373.27,654.66,404.75,539.17,473.29
906,OK,181,64,736,736,467.76,373.59,654.46,405.89,537.73,476.02
907,OK,190,73,731,731,474.32,375.14,659.03,412.12,543.69,484.11
908,OK,197,79,723,723,478.45,375.45,660.61,413.74,546.73,486.4
909,OK,201,91,714,714,480.08,379.48,659.63,419.1,546.35,497.61
910,OK,200,93,709,709,476.36,380.91,655.37,417.59,543.59,496.65
911,OK,197,90,712,712,474.47,382.17,654.37,417.2,543.48,492.82
912,OK,197,88,717,717,475.19,382.61,656.26,418.47,544.57,492.01
913,OK,201,90,721,721,479.99,383.78,662.16,420.27,552.08,498.29
914,OK,200,84,730,730,483.13,382.54,667.24,420.7,555.92,496.91
915,OK,207,95,717,717,485.14,384.33,665.81,422.53,555.92,503.01
916,OK,205,94,718,718,484.23,384.07,665.32,421.08,554.25,503.42
917,OK,204,88,723,723,482.77,384.84,665.53,420.21,557.11,496.59
918,OK,202,85,726,726,482.4,383.13,666.0,418.37,555.92,495.97
919,OK,203,89,724,724,484.0,382.91,666.84,419.29,556.56,502.05
920,OK,204,91,723,723,483.94,383.61,666.75,419.67,556.59,503.06
921,OK,206,91,720,720,485.26,385.54,667.43,420.75,557.36,500.13
922,OK,206,90,724,724,486.2,384.97,669.64,418.98,559.23,503.82
923,OK,207,92,725,725,487.95,385.09,671.03,421.55,558.76,504.91
924,OK,208,94,720,720,487.75,384.71,669.4,421.74,558.4,505.12
925,OK,204,94,722,722,484.99,384.88,667.29,421.66,555.35,506.74
926,OK,205,95,721,721,484.95,385.03,666.85,422.61,554.65,507.58
927,OK,206,96,718,718,484.92,385.76,666.22,422.7,556.06,507.01
928,OK,205,97,718,718,483.72,386.38,664.94,423.6,553.92,507.57
929,OK,203,93,724,724,484.03,385.21,666.47,423.72,555.1,506.71
930,OK,202,91,724,724,482.53,386.62,665.49,422.95,554.26,502.9
931,OK,204,89,723,723,483.17,385.78,665.9,422.28,556.25,497.86
932,OK,203,90,725,725,483.49,385.67,666.35,423.21,556.05,499.85
933,OK,205,92,726,726,485.33,389.75,668.99,425.19,559.6,503.53
934,OK,207,96,720,720,485.39,389.54,667.35,424.99,558.69,506.0
935,OK,209,104,709,709,482.04,391.4,661.55,424.88,555.66,508.82
936,OK,201,109,706,706,474.48,396.11,653.75,426.61,545.36,513.81
937,OK,180,112,716,716,457.9,402.63,640.82,426.57,528.3,525.8
938,OK,165,132,707,707,440.28,419.6,621.67,436.95,506.33,542.2
939,OK,145,125,708,708,417.67,421.08,599.82,428.91,489.93,533.57
940,OK,138,123,711,711,409.28,421.01,592.47,425.78,485.72,533.76
941,OK,131,112,717,717,405.1,413.87,589.74,418.14,481.53,524.21
942,OK,128,101,723,723,405.8,406.06,591.91,409.81,480.92,516.25
943,OK,141,97,708,708,414.37,397.48,596.68,397.65,485.83,505.86
944,OK,167,87,712,712,440.86,384.49,624.1,394.64,513.53,497.37
945,OK,187,77,708,708,457.42,379.23,639.74,381.43,534.95,482.32
946,OK,197,52,716,716,467.81,361.88,652.13,364.89,550.46,456.75
947,OK,183,58,716,716,456.19,368.01,640.57,368.99,534.53,463.96
948,OK,169,73,713,713,440.97,382.1,624.63,378.5,518.41,479.16
949,OK,160,82,715,715,433.42,389.27,617.52,388.21,509.16,490.72
950,OK,161,97,704,704,432.52,394.15,613.75,395.02,503.96,503.66
951,OK,157,109,699,699,427.22,402.02,607.2,400.47,495.94,515.43
952,OK,151,123,682,682,415.01,410.93,590.45,401.01,482.28,522.21
953,OK,142,122,690,690,408.54,414.51,585.9,404.89,477.27,525.43
954,OK,138,122,692,692,405.79,417.51,583.86,408.43,474.69,524.47
955,OK,137,126,697,697,405.14,420.22,584.54,413.61,475.23,531.21
956,OK,136,128,701,701,406.29,422.96,586.74,419.73,476.19,536.28
957,OK,133,128,707,707,404.65,426.28,586.63,421.03,477.39,539.16
958,OK,132,130,709,709,403.94,426.86,586.51,424.54,477.64,542.61
959,OK,129,125,708,708,400.05,424.88,582.3,422.88,474.89,536.12
960,OK,108,117,713,713,381.25,423.1,564.36,409.84,456.06,531.05
961,OK,88,107,723,723,365.89,419.94,551.46,405.55,439.6,524.31
962,OK,79,105,719,719,356.74,416.97,540.73,396.12,429.2,522.53
963,OK,73,111,719,719,351.4,420.54,535.55,400.18,422.33,530.4
964,OK,74,110,731,731,354.5,427.42,541.56,406.65,431.36,533.31
965,OK,87,100,734,734,365.63,423.71,552.79,397.35,450.37,523.97
966,OK,144,124,709,709,410.67,426.98,592.83,414.21,495.46,535.74
967,OK,167,121,718,718,437.95,423.93,622.93,419.78,521.8,538.88
968,OK,193,112,724,724,466.49,413.59,652.88,419.74,550.99,532.83
969,OK,193,117,726,726,469.93,415.74,656.63,424.71,550.13,541.08
970,OK,184,117,722,722,457.2,420.21,643.15,422.72,540.01,536.09
971,OK,166,129,715,715,441.68,424.78,625.68,432.2,512.62,543.55
972,OK,144,141,713,713,421.29,430.8,604.53,444.19,488.37,557.94
973,OK,136,142,718,718,410.78,435.49,595.56,440.61,487.87,564.5
974,OK,130,129,723,723,403.31,431.52,589.54,426.1,487.49,551.67
975,OK,118,121,730,730,395.84,425.94,583.8,423.69,477.23,547.72
976,OK,125,122,731,731,401.76,427.12,590.12,424.33,485.5,549.15
977,OK,134,123,725,725,407.41,424.61,594.02,422.69,491.54,546.69
978,OK,137,127,721,721,409.13,428.42,594.76,422.48,492.21,550.32
979,OK,137,128,728,728,413.05,429.45,600.62,428.8,496.31,556.7
980,OK,141,134,723,723,414.48,432.47,600.67,432.77,497.12,557.48
981,OK,146,134,715,715,416.77,433.19,600.98,432.15,497.21,550.04
982,OK,145,134,716,716,417.97,434.42,602.4,433.54,497.7,551.62
983,OK,151,137,717,717,422.84,436.56,607.54,435.44,504.63,555.36
984,OK,151,140,721,721,423.92,436.97,609.5,438.98,505.83,562.38
985,OK,148,138,724,724,422.99,437.88,609.41,439.24,505.3,563.2
986,OK,148,138,725,725,421.81,437.42,608.48,438.77,505.04,562.78
987,OK,143,137,721,721,416.52,436.22,602.14,438.07,497.53,558.74
988,OK,140,137,724,724,415.86,436.42,602.26,439.53,495.36,560.99
989,OK,150,145,725,725,425.67,440.53,612.16,448.58,505.79,569.78
990,OK,150,153,728,728,427.05,448.76,614.48,456.25,508.15,581.93
991,OK,156,158,723,723,430.62,450.09,616.53,459.44,511.88,583.69
992,OK,156,160,721,721,429.47,451.72,615.07,460.58,510.75,585.24
993,OK,151,151,728,728,425.69,448.39,613.14,454.78,510.98,578.83
994,OK,149,147,728,728,424.31,447.0,611.72,450.88,509.16,574.89
995,OK,138,133,734,734,416.28,437.29,605.42,439.31,499.46,562.14
996,OK,136,119,731,731,412.02,425.71,600.27,424.15,496.67,544.76
997,OK,134,109,721,721,408.15,412.38,593.98,411.18,487.83,527.54
998,OK,128,96,725,725,405.37,402.17,592.23,402.45,483.13,514.56
999,OK,126,92,715,715,402.12,391.9,586.25,397.51,472.95,504.04
1000,OK,124,78,721,721,401.51,380.01,586.96,388.39,473.81,492.9
1001,OK,123,71,710,710,395.87,369.77,578.61,376.51,469.96,479.31
1002,OK,112,66,712,712,387.69,366.31,570.88,376.9,457.67,472.67
1003,OK,105,63,705,705,377.07,363.8,558.43,370.34,446.39,463.92
1004,OK,97,52,711,711,372.14,360.12,555.0,368.28,440.88,451.75
1005,OK,90,50,707,707,365.21,360.91,547.27,363.98,430.61,445.13
1006,OK,90,54,702,702,363.8,360.03,544.47,363.34,428.36,449.24
1007,OK,95,59,704,704,367.78,363.97,549.08,366.92,437.24,458.26
1008,OK,99,61,700,700,370.75,366.09,550.93,368.5,437.91,456.47
1009,OK,106,73,707,707,380.89,369.69,562.48,383.25,447.09,476.41
1010,OK,113,69,718,718,389.86,375.36,574.42,386.31,462.77,476.44
1011,OK,119,81,716,716,396.91,382.4,580.55,397.93,466.54,489.15
1012,OK,124,88,714,714,400.35,388.49,583.45,405.26,471.81,493.37
1013,OK,129,97,718,718,404.86,396.45,588.99,414.19,480.2,507.21
1014,OK,132,97,725,725,407.68,399.48,593.9,414.28,487.37,512.38
1015,OK,132,105,721,721,406.4,405.28,591.55,418.04,486.48,519.91
1016,OK,127,108,726,726,399.87,416.73,586.75,418.52,486.84,525.45
1017,OK,125,115,715,715,394.85,414.92,578.82,422.46,477.6,525.57
1018,OK,90,119,734,734,369.95,427.85,558.89,429.37,449.96,544.76
1019,OK,72,125,743,743,355.03,437.47,546.26,432.2,435.85,557.54
1020,OK,58,128,724,724,337.33,438.47,523.44,426.18,410.75,549.54
1021,OK,50,132,710,710,326.84,436.99,509.3,425.46,393.91,543.28
1022,OK,43,146,692,692,311.12,443.11,488.48,425.83,378.62,551.11
1023,OK,34,163,669,669,293.75,447.86,464.29,423.79,357.62,558.51
1024,OK,28,159,671,671,289.85,447.16,461.22,423.96,351.48,554.28
1025,OK,33,153,680,680,298.55,444.34,472.75,426.43,360.95,551.6
1026,OK,40,147,692,692,311.81,436.28,490.02,430.37,372.89,552.72
1027,OK,44,129,712,712,321.98,430.8,505.26,424.64,386.42,544.07
1028,OK,58,108,739,739,344.15,420.96,534.54,423.16,416.36,533.27
1029,OK,82,122,717,717,361.64,422.95,545.94,432.97,427.62,532.29
1030,OK,130,119,731,731,418.98,405.33,602.36,448.37,479.77,542.66
1031,OK,180,141,704,704,458.14,414.63,634.31,457.18,518.13,551.7
1032,OK,224,134,722,722,504.49,418.6,686.15,457.93,576.52,553.27
1033,OK,248,124,740,740,532.57,410.55,716.65,459.65,612.16,553.74
1034,OK,215,116,738,738,496.92,412.78,685.07,439.44,577.79,544.7
1035,OK,187,117,715,715,459.85,408.32,643.37,422.28,537.52,533.76
1036,OK,123,104,728,728,398.8,413.13,586.3,408.55,483.07,526.29
1037,OK,96,106,740,740,375.15,424.0,565.25,411.13,463.57,535.71
1038,OK,92,101,746,746,371.48,423.43,563.08,408.18,463.37,533.39
1039,OK,101,108,740,740,380.45,422.86,570.82,415.45,467.32,538.28
1040,OK,119,107,741,741,399.89,416.96,590.72,419.79,484.59,536.22
1041,OK,131,113,739,739,410.72,420.12,600.98,423.78,495.82,542.98
1042,OK,140,117,733,733,416.63,421.99,605.32,425.58,502.92,543.27
1043,OK,136,116,732,732,412.74,420.68,601.37,423.9,497.67,543.42
1044,OK,133,115,734,734,411.25,420.43,600.29,424.2,496.16,542.92
1045,OK,131,117,732,732,408.93,420.76,597.46,425.1,492.44,543.86
1046,OK,133,117,731,731,409.74,421.81,597.92,425.21,493.46,542.12
1047,OK,137,125,726,726,411.79,426.02,598.8,430.09,495.83,549.19
1048,OK,136,122,730,730,411.97,425.67,599.96,428.4,497.45,547.28
1049,OK,137,124,731,731,411.86,428.64,600.03,430.6,499.68,548.61
1050,OK,139,125,728,728,412.77,429.39,600.16,430.7,500.53,549.02
1051,OK,145,135,723,723,417.59,431.04,603.81,436.92,501.52,558.8
1052,OK,146,134,724,724,418.72,431.05,605.08,436.64,504.88,559.46
1053,OK,143,134,724,724,416.47,431.92,603.0,435.69,501.33,559.2
1054,OK,140,134,728,728,414.93,433.6,602.35,436.67,500.95,561.67
1055,OK,149,129,729,729,421.25,431.28,608.96,433.34,511.15,555.12
1056,OK,147,124,728,728,420.54,427.26,608.14,430.31,508.64,548.95
1057,OK,149,133,729,729,423.8,431.96,611.61,436.14,510.21,560.51
1058,OK,152,133,725,725,424.41,430.51,611.03,435.71,511.61,557.8
1059,OK,150,124,729,729,422.72,424.93,610.5,428.27,513.16,549.62
1060,OK,153,126,728,728,424.36,429.44,611.88,431.02,517.07,550.21
1061,OK,158,129,724,724,426.64,431.61,613.01,430.36,521.91,551.55
1062,OK,159,130,728,728,428.52,432.83,616.06,433.29,524.41,555.95
1063,OK,165,133,720,720,430.71,434.58,616.05,431.44,527.12,554.97
1064,OK,165,132,721,721,430.29,432.76,615.91,429.65,526.9,553.53
1065,OK,166,131,720,720,430.86,433.81,616.24,428.95,528.87,552.61
1066,OK,169,132,720,720,434.07,433.4,619.58,430.07,531.93,552.68
1067,OK,165,131,724,724,432.31,434.94,618.65,430.64,530.48,554.72
1068,OK,166,132,724,724,433.52,434.82,620.04,431.66,531.04,554.99
1069,OK,168,133,721,721,432.66,434.31,618.38,430.1,530.81,553.85
1070,OK,161,128,731,731,430.92,432.88,619.28,428.95,528.79,555.82
1071,OK,156,130,727,727,426.17,432.64,613.34,429.89,519.43,554.92
1072,OK,151,125,734,734,424.21,431.97,613.16,430.22,517.94,554.5
1073,OK,148,128,733,733,421.59,430.91,610.28,431.32,513.44,557.0
1074,OK,143,120,738,738,418.94,427.08,608.98,427.76,510.1,551.51
1075,OK,141,118,741,741,417.05,427.31,607.79,424.96,510.69,550.54
1076,OK,148,123,731,731,419.31,429.3,607.48,425.56,513.08,550.4
1077,OK,142,117,739,739,417.72,427.4,608.08,423.64,510.82,548.36
1078,OK,128,119,735,735,401.49,433.31,590.16,419.03,496.02,547.1
1079,OK,109,120,737,737,382.29,438.65,571.0,416.9,477.56,549.21
1080,OK,107,115,736,736,382.07,432.34,570.92,414.94,475.42,543.21
1081,OK,121,117,730,730,393.38,429.8,581.05,418.74,485.93,540.15
1082,OK,130,110,739,739,403.73,427.93,593.58,415.84,500.54,537.48
1083,OK,136,108,745,745,411.3,426.15,602.69,414.31,509.22,540.44
1084,OK,142,108,741,741,416.31,424.12,606.78,413.7,514.32,537.54
1085,OK,143,108,734,734,416.66,422.16,605.61,413.18,510.83,533.4
1086,OK,140,109,739,739,414.2,423.64,604.35,414.68,509.51,538.31
1087,OK,137,105,745,745,413.56,421.31,605.25,414.55,509.27,536.1
1088,OK,141,112,740,740,415.84,428.3,606.38,422.29,512.39,540.15
1089,OK,141,110,738,738,414.81,423.48,604.87,416.28,510.61,539.28
1090,OK,140,106,741,741,414.65,420.97,605.48,413.85,510.94,536.07
1091,OK,140,106,742,742,414.5,422.92,605.35,413.91,512.78,537.35
1092,OK,137,105,740,740,411.85,422.54,602.28,413.99,508.81,533.58
1093,OK,139,107,738,738,412.95,422.45,602.96,414.85,509.43,533.44
1094,OK,136,105,744,744,412.42,422.58,603.86,414.26,508.76,536.48
1095,OK,139,111,738,738,412.76,425.98,602.75,418.59,508.74,539.06
1096,OK,143,117,733,733,413.63,429.95,602.18,421.89,510.35,542.01
1097,OK,139,111,736,736,412.4,425.41,601.91,418.18,508.05,536.92
1098,OK,140,106,741,741,413.44,423.38,604.06,413.64,512.58,535.42
1099,OK,142,107,738,738,414.24,424.91,603.9,413.6,514.27,534.33
1100,OK,148,109,730,730,416.68,424.97,604.23,411.52,517.05,530.17
1101,OK,147,108,728,728,415.39,424.77,602.31,411.21,514.1,527.39
1102,OK,144,108,732,732,414.44,424.45,602.74,412.73,513.22,530.95
1103,OK,146,111,729,729,414.65,426.44,602.14,416.15,511.88,530.22
1104,OK,146,110,733,733,414.31,426.11,602.68,412.08,515.59,533.0
1105,OK,141,105,739,739,413.84,422.01,603.77,410.24,512.8,532.16
1106,OK,139,107,738,738,412.18,423.23,602.02,411.9,508.93,535.13
1107,OK,140,107,739,739,412.57,424.14,602.49,411.15,510.79,535.24
1108,OK,138,106,741,741,411.67,423.86,602.22,410.96,510.04,535.85
1109,OK,138,106,739,739,411.07,423.88,600.91,411.32,509.87,533.66
1110,OK,139,107,734,734,410.05,422.77,598.6,410.78,508.89,531.29
1111,OK,137,107,734,734,408.12,424.81,596.59,409.82,507.42,532.68
1112,OK,139,109,732,732,408.2,425.27,596.0,409.69,508.87,534.39
1113,OK,139,106,735,735,408.84,423.86,597.52,408.63,510.34,531.64
1114,OK,138,110,737,737,408.63,425.78,597.73,410.48,509.53,538.48
1115,OK,140,112,735,735,409.91,427.06,598.59,411.67,511.31,539.12
1116,OK,138,110,737,737,409.4,425.66,598.76,413.08,509.46,537.89
1117,OK,138,110,739,739,410.52,424.73,600.72,415.63,508.81,539.04
1118,OK,138,113,734,734,409.54,425.77,598.43,416.32,506.27,539.27
1119,OK,137,113,735,735,409.17,427.05,598.28,417.29,506.28,539.24
1120,OK,138,116,732,732,409.46,428.07,597.93,420.34,505.51,541.76
1121,OK,137,122,732,732,407.74,435.63,595.91,424.69,505.35,546.04
1122,OK,134,161,721,721,401.9,464.28,587.26,454.07,493.47,584.25
1123,OK,127,175,733,733,401.17,479.77,589.75,472.97,492.53,606.2
1124,OK,131,177,735,735,404.36,486.6,593.25,475.9,499.15,608.31
1125,OK,125,176,744,744,401.42,489.57,592.53,476.54,498.47,614.49
1126,OK,129,179,740,740,403.87,490.54,594.01,477.69,500.2,615.51
1127,OK,131,180,736,736,404.87,490.48,594.09,477.63,500.18,613.17
1128,OK,132,181,737,737,405.37,490.71,594.68,478.15,500.74,614.27
1129,OK,128,178,742,742,403.19,490.38,593.76,477.01,500.28,615.41
1130,OK,129,178,745,745,403.99,491.88,595.35,476.75,503.86,615.87
1131,OK,128,179,743,743,402.77,491.77,593.55,477.66,500.58,615.57
1132,OK,126,179,743,743,401.24,491.7,592.1,477.96,498.1,616.05
1133,OK,125,174,743,743,400.99,489.22,592.01,476.53,497.48,609.04
1134,OK,122,176,739,739,397.02,489.02,586.83,475.85,491.06,608.8
1135,OK,116,177,743,743,391.4,491.98,581.96,474.49,489.19,613.58
1136,OK,113,177,742,742,388.92,492.18,579.17,474.48,485.82,613.35
1137,OK,113,177,744,744,389.27,493.01,580.02,474.8,486.76,614.56
1138,OK,114,178,743,743,389.17,492.88,579.6,475.15,487.14,614.61
1139,OK,113,179,742,742,388.36,494.45,578.49,474.49,486.45,616.44
1140,OK,111,180,742,742,386.42,495.66,576.45,475.25,484.26,618.13
1141,OK,113,183,738,738,386.27,497.44,575.24,476.01,484.3,619.02
1142,OK,111,181,741,741,385.17,496.27,574.89,476.01,482.81,616.84
1143,OK,112,183,738,738,385.57,497.09,574.4,476.13,483.94,618.38
1144,OK,108,178,746,746,383.73,496.1,574.71,474.66,482.93,618.2
1145,OK,107,174,750,750,383.53,493.02,575.58,472.67,484.91,616.92
1146,OK,111,169,742,742,385.23,482.48,575.67,465.43,484.15,606.2
1147,OK,100,160,748,748,377.39,478.76,568.77,456.96,476.62,601.75
1148,OK,100,161,745,745,375.47,476.98,566.31,455.91,473.18,599.79
1149,OK,106,164,744,744,379.27,482.05,569.38,457.36,483.43,602.76
1150,OK,119,170,742,742,386.18,490.01,574.56,457.45,501.57,608.65
1151,OK,134,169,743,743,394.24,494.14,580.79,451.05,522.88,609.28
1152,OK,113,163,754,754,380.4,493.02,570.37,452.68,506.19,608.47
1153,OK,100,170,748,748,369.27,494.43,558.16,456.02,486.14,613.93
1154,OK,99,178,742,742,367.91,498.13,555.88,462.98,479.54,618.98
1155,OK,106,183,739,739,373.78,499.29,561.07,465.31,483.41,622.13
1156,OK,109,178,743,743,379.63,499.55,568.55,469.75,486.79,615.06
1157,OK,123,175,729,729,387.93,493.13,573.39,464.15,493.7,600.19
1158,OK,125,175,735,735,390.87,492.83,578.17,464.61,501.21,605.96
1159,OK,127,176,744,744,394.43,495.09,583.86,466.09,509.47,615.73
1160,OK,121,173,750,750,390.64,495.36,581.11,463.83,507.53,617.22
1161,OK,116,170,746,746,385.68,489.51,575.76,462.19,497.93,611.49
1162,OK,111,171,745,745,380.34,490.21,570.19,461.52,492.03,611.1
1163,OK,107,170,745,745,376.22,493.47,565.2,460.67,487.52,607.92
1164,OK,103,172,744,744,373.45,496.45,561.88,461.92,484.05,610.55
1165,OK,103,169,750,750,374.88,492.71,565.32,460.51,487.07,613.09
1166,OK,102,161,753,753,375.47,488.22,566.8,456.81,485.79,603.3
1167,OK,107,166,749,749,378.56,489.93,568.68,457.83,489.72,606.38
1168,OK,96,151,764,764,374.34,483.32,568.66,452.87,486.42,597.93
1169,OK,81,136,759,759,360.74,468.13,553.68,437.33,463.33,578.9
1170,OK,58,114,771,771,344.32,453.42,541.18,428.15,443.52,557.38
1171,OK,60,117,762,762,345.38,452.79,540.25,430.27,440.58,554.99
1172,OK,53,122,767,767,339.89,458.92,535.8,432.92,434.88,565.75
1173,OK,46,124,776,776,336.65,463.43,534.75,436.9,433.63,574.48
1174,OK,41,156,765,765,327.88,484.43,523.33,459.55,420.99,604.44
1175,OK,38,204,759,759,320.77,526.16,513.74,494.09,417.98,656.28
1176,OK,49,244,765,765,330.37,570.61,524.23,535.76,436.3,700.22
1177,OK,44,242,773,773,328.15,575.01,523.85,538.48,435.6,701.0
1178,OK,51,238,780,780,337.11,576.89,534.17,538.32,446.65,699.64
1179,OK,69,233,771,771,351.78,564.57,547.62,532.42,458.97,688.46
1180,OK,87,222,759,759,364.22,546.35,557.91,519.09,471.24,670.16
1181,OK,80,194,761,761,361.78,515.67,556.74,496.52,461.24,641.91
1182,OK,82,148,761,761,363.81,472.35,558.12,447.39,464.16,596.7
1183,OK,93,120,754,754,371.11,450.91,563.36,423.53,473.55,556.8
1184,OK,116,104,730,730,387.26,423.31,574.09,402.93,482.77,524.89
1185,OK,128,93,721,721,396.59,403.81,581.74,390.56,487.97,510.47
1186,OK,144,75,720,720,415.29,386.14,600.58,379.1,500.81,487.98
1187,OK,150,77,718,718,421.73,381.94,606.72,377.93,504.01,493.19
1188,OK,167,69,707,707,435.75,373.67,617.68,368.4,514.59,473.35
1189,OK,190,55,704,704,457.31,353.26,638.54,358.59,537.6,459.8
1190,OK,216,33,691,691,478.07,331.72,655.83,342.24,555.62,419.59
1191,OK,223,27,690,690,487.51,333.54,665.14,334.54,561.67,411.85
1192,OK,233,45,702,702,499.79,351.12,680.38,357.16,578.72,437.93
1193,OK,232,62,708,708,501.23,370.21,683.56,372.34,581.33,461.07
1194,OK,257,103,709,709,521.98,399.75,704.29,412.33,609.06,508.8
1195,OK,241,125,726,726,512.61,425.64,699.18,438.0,602.43,545.99
1196,OK,233,157,722,722,505.35,448.1,690.41,467.04,591.62,579.64
1197,OK,202,141,767,767,487.8,461.48,684.83,474.7,584.66,581.19
1198,OK,201,171,740,740,478.86,472.65,669.01,484.66,569.31,605.21
1199,OK,165,185,751,751,452.07,484.29,645.38,493.29,532.83,631.64
1200,OK,148,190,746,746,434.82,490.44,626.94,492.67,512.81,634.57
1201,OK,149,184,752,752,435.63,488.19,629.33,490.7,517.97,631.48
1202,OK,152,185,751,751,436.33,489.22,629.71,489.27,521.31,631.95
1203,OK,156,180,739,739,436.07,476.07,626.33,481.46,519.5,619.93
1204,OK,159,175,733,733,436.47,471.26,625.32,472.39,520.45,611.49
1205,OK,168,170,721,721,440.61,461.05,626.31,466.93,522.76,596.84
1206,OK,166,165,723,723,439.63,457.49,625.88,461.89,523.12,593.07
1207,OK,154,158,729,729,429.33,455.8,617.15,457.64,514.73,588.41
1208,OK,157,175,719,719,427.31,468.45,612.54,468.31,512.83,601.12
1209,OK,161,188,719,719,428.21,484.44,613.21,477.63,520.39,614.12
1210,OK,159,191,716,716,425.54,488.83,609.55,478.52,517.77,616.28
1211,OK,158,199,714,714,425.28,492.65,609.08,484.31,514.4,624.33
1212,OK,155,193,718,718,425.12,485.54,610.08,482.28,510.46,620.79
1213,OK,166,193,713,713,433.47,483.88,617.06,481.14,518.89,616.45
1214,OK,160,188,723,723,431.32,481.36,617.57,480.68,517.58,618.42
1215,OK,159,189,720,720,431.81,478.62,617.33,479.69,514.33,619.27
1216,OK,160,188,719,719,432.62,476.9,617.66,480.0,514.51,616.96
1217,OK,162,191,717,717,433.48,477.31,618.14,481.96,514.73,618.55
1218,OK,160,184,732,732,435.88,479.4,624.51,476.84,523.13,623.0
1219,OK,191,199,723,723,459.79,488.22,645.9,493.62,551.17,630.71
1220,OK,207,204,732,732,476.45,495.3,664.93,503.12,576.61,640.9
1221,OK,237,219,749,749,508.11,512.37,700.31,528.89,618.01,666.22
1222,OK,238,214,741,741,507.11,507.25,697.35,523.82,615.35,653.93
1223,OK,224,207,736,736,496.97,497.55,685.71,515.77,593.35,643.55
1224,OK,213,199,715,715,479.63,483.66,663.55,493.59,570.22,624.78
1225,OK,175,152,736,736,454.36,445.4,643.46,458.86,538.92,589.09
1226,OK,162,142,713,713,430.71,435.04,614.35,435.76,515.32,562.37
1227,OK,148,117,706,706,413.22,413.01,595.17,410.15,498.38,529.4
1228,OK,137,109,708,708,401.72,410.19,584.02,402.95,489.71,520.17
1229,OK,142,113,701,701,404.94,411.73,585.37,404.07,490.56,519.99
1230,OK,145,112,707,707,410.77,414.04,592.76,404.51,494.51,521.87
1231,OK,148,121,713,713,415.48,422.49,598.79,413.42,502.23,537.94
1232,OK,150,124,724,724,418.84,431.93,605.14,423.34,512.06,544.44
1233,OK,154,129,725,725,421.43,436.1,608.04,427.68,518.63,551.95
1234,OK,143,131,739,739,418.48,436.03,608.89,436.34,510.59,564.23
1235,OK,132,128,751,751,411.19,441.19,604.54,436.48,507.77,569.08
1236,OK,130,130,752,752,411.18,441.95,604.91,438.99,505.63,573.04
1237,OK,133,132,744,744,411.05,441.46,602.69,437.53,504.88,569.78
1238,OK,142,131,738,738,417.17,438.32,607.11,434.14,511.25,565.13
1239,OK,143,135,737,737,417.09,440.7,606.91,436.02,511.38,568.95
1240,OK,140,134,738,738,414.89,441.77,604.98,435.97,509.04,569.03
1241,OK,137,132,742,742,413.97,440.63,604.99,435.3,507.78,568.25
1242,OK,140,135,738,738,415.29,440.59,605.24,436.25,508.57,569.67
1243,OK,136,134,739,739,412.21,441.14,602.41,435.3,504.65,569.53
1244,OK,135,132,744,744,412.02,440.34,603.62,434.83,506.6,570.83
1245,OK,138,133,743,743,414.59,440.78,605.83,436.49,509.73,571.01
1246,OK,138,136,742,742,414.41,443.77,605.35,438.67,509.59,573.35
1247,OK,145,142,734,734,418.16,444.78,607.26,443.98,511.39,575.33
1248,OK,142,147,732,732,415.4,449.14,603.9,447.72,506.76,578.69
1249,OK,137,145,740,740,413.01,451.5,603.67,449.41,506.01,581.54
1250,OK,131,142,746,746,408.78,453.44,600.94,448.44,504.14,580.83
1251,OK,142,150,732,732,413.51,453.59,601.87,447.83,509.25,581.95
1252,OK,113,136,752,752,392.02,454.89,584.98,437.91,490.94,578.49
1253,OK,120,137,746,746,396.21,452.85,587.62,437.56,494.67,575.93
1254,OK,112,128,761,761,393.98,448.65,589.68,438.01,492.46,573.06
1255,OK,113,130,757,757,393.88,448.59,588.49,437.39,490.97,573.71
1256,OK,113,129,756,756,394.07,448.8,588.51,436.92,492.17,572.74
1257,OK,107,125,762,762,390.85,448.08,586.77,435.25,487.84,570.8
1258,OK,109,132,749,749,388.98,448.98,581.55,437.14,482.36,570.3
1259,OK,107,129,750,750,386.44,449.41,579.04,433.13,482.34,566.97
1260,OK,109,132,748,748,389.03,447.95,581.36,436.38,482.61,570.18
1261,OK,115,136,742,742,392.08,449.86,582.93,437.93,486.49,570.36
1262,OK,108,134,748,748,388.03,447.96,580.33,438.26,479.84,574.75
1263,OK,113,134,741,741,390.24,448.76,580.61,434.75,481.74,568.2
1264,OK,134,137,728,728,409.53,438.63,596.93,435.59,494.36,566.26
1265,OK,142,135,721,721,413.84,435.94,599.43,433.57,497.66,557.19
1266,OK,137,124,727,727,411.15,428.63,598.34,426.58,495.55,547.77
1267,OK,129,118,728,728,404.55,427.06,591.98,420.52,489.3,542.13
1268,OK,130,117,719,719,401.43,426.53,586.46,416.91,484.54,531.69
1269,OK,125,105,722,722,398.27,413.84,584.21,408.15,482.65,521.73
1270,OK,123,98,719,719,394.13,407.23,579.06,398.63,477.5,511.85
1271,OK,121,82,715,715,389.15,396.82,572.68,381.72,475.21,490.22
1272,OK,121,70,705,705,387.76,381.64,568.6,364.88,468.94,471.78
1273,OK,119,45,709,709,386.56,371.04,567.83,348.27,468.82,439.85
1274,OK,122,43,702,702,387.31,370.44,566.76,347.72,470.45,429.17
1275,OK,129,37,690,690,389.55,358.59,565.87,335.66,471.58,418.17
1276,OK,129,33,682,682,387.99,355.8,562.06,331.23,466.04,405.9
1277,OK,128,42,673,673,383.94,358.2,554.93,330.22,460.13,412.0
1278,OK,122,47,679,679,379.37,361.92,551.89,333.08,457.73,426.49
1279,OK,116,43,695,695,379.02,363.8,555.95,336.31,460.11,431.48
1280,OK,118,48,693,693,380.54,365.29,557.37,341.08,459.62,434.84
1281,OK,116,51,697,697,380.5,367.45,558.89,347.09,460.26,441.23
1282,OK,117,54,695,695,380.76,367.83,558.6,348.03,458.96,444.55
1283,OK,118,57,693,693,381.08,369.47,558.14,347.35,459.86,448.99
1284,OK,116,53,697,697,380.53,369.36,558.42,345.12,459.39,444.8
1285,OK,121,60,684,684,381.66,369.6,555.98,344.73,457.98,447.92
1286,OK,121,51,696,696,386.59,365.37,564.7,344.04,464.21,444.07
1287,OK,121,51,697,697,385.66,365.91,564.13,345.36,464.27,443.69
1288,OK,114,47,700,700,380.58,368.27,559.24,344.24,459.82,439.72
1289,OK,103,62,683,683,366.19,369.2,540.66,347.47,436.08,448.93
1290,OK,97,64,681,681,360.74,369.75,535.02,350.94,426.97,448.23
1291,OK,88,66,682,682,353.26,370.75,527.82,351.81,417.88,454.55
1292,OK,93,71,672,672,353.72,372.64,525.81,353.16,418.45,452.37
1293,OK,87,73,669,669,347.26,372.9,518.31,352.11,410.22,451.81
1294,OK,82,68,680,680,345.31,377.21,518.74,352.23,413.07,452.44
1295,OK,74,67,696,696,342.45,380.07,520.23,357.52,412.78,461.52
1296,OK,69,65,703,703,340.42,379.38,520.35,359.97,410.86,462.85
1297,OK,66,76,702,702,335.88,385.19,515.98,368.98,408.2,478.89
1298,OK,59,87,700,700,327.8,392.98,506.87,372.15,400.82,492.07
1299,OK,60,84,705,705,330.04,391.83,510.61,371.71,404.64,492.07
1300,OK,63,89,700,700,332.29,391.45,511.51,372.33,405.68,496.15
1301,OK,68,78,707,707,338.36,384.1,519.54,366.6,413.38,487.25
1302,OK,70,72,705,705,341.69,376.22,522.8,362.8,412.73,479.85
1303,OK,75,61,695,695,343.62,363.6,522.34,354.39,411.07,457.38
1304,OK,66,62,696,696,334.7,369.86,512.97,350.98,405.25,460.1
1305,OK,52,88,701,701,321.42,391.23,500.52,369.18,393.5,496.31
1306,OK,30,102,697,697,297.08,406.43,473.72,373.65,371.85,511.49
1307,OK,23,115,685,685,286.48,414.98,459.67,381.68,358.45,516.74
1308,OK,17,114,684,684,281.32,413.81,454.75,383.17,350.77,514.83
1309,OK,19,104,687,687,284.45,407.58,458.36,374.95,354.1,504.38
1310,OK,50,85,691,691,316.73,394.99,492.46,367.46,385.74,480.08
1311,OK,87,70,697,697,355.3,376.32,534.25,362.3,427.12,466.82
1312,OK,133,65,706,706,402.39,383.21,583.52,367.55,480.6,460.9
1313,OK,159,81,727,727,432.23,394.84,619.43,393.67,518.22,494.86
1314,OK,172,113,706,706,440.64,413.97,622.36,415.23,520.29,518.72
1315,OK,171,126,705,705,437.78,426.5,619.26,424.17,517.61,532.21
1316,OK,156,133,708,708,425.72,430.86,608.17,429.27,504.68,544.66
1317,OK,142,130,713,713,411.76,431.76,595.15,424.77,494.48,545.45
1318,OK,127,120,706,706,390.93,433.54,571.18,409.69,479.04,526.21
1319,OK,104,108,729,729,372.61,435.32,557.27,401.98,472.42,527.33
1320,OK,76,96,749,749,348.87,434.42,537.73,394.6,456.87,526.74
1321,OK,63,98,747,747,329.76,442.73,514.63,389.09,450.62,527.76
1322,OK,52,144,727,727,310.93,480.38,487.92,419.5,432.25,564.97
1323,OK,37,168,716,716,293.59,490.04,470.06,436.4,410.17,590.29
1324,OK,24,156,727,727,287.23,479.31,467.79,430.01,396.82,584.23
1325,OK,30,150,714,714,295.04,462.97,475.2,425.98,389.38,571.44
1326,OK,48,119,721,721,318.68,434.02,502.0,405.16,407.58,538.56
1327,OK,62,108,735,735,337.58,425.99,525.24,400.62,428.27,537.16
1328,OK,97,93,726,726,368.64,408.22,554.71,389.13,459.26,514.43
1329,OK,109,90,722,722,379.41,402.32,564.22,380.83,469.65,511.56
1330,OK,118,80,716,716,389.05,390.28,572.72,374.88,473.04,494.44
1331,OK,124,70,714,714,395.26,375.46,579.08,366.78,476.59,484.88
1332,OK,125,53,722,722,399.87,366.15,585.41,355.62,479.69,468.42
1333,OK,128,48,717,717,403.77,358.6,588.32,356.07,477.92,456.42
1334,OK,138,57,702,702,408.72,357.25,589.65,358.78,479.41,459.5
1335,OK,135,51,711,711,409.46,354.67,592.57,357.73,480.78,457.75
1336,OK,137,53,713,713,412.01,355.26,595.52,359.46,483.64,461.82
1337,OK,137,49,716,716,412.17,354.75,596.68,357.45,485.62,459.23
1338,OK,135,50,717,717,411.48,355.45,596.09,358.71,484.02,460.47
1339,OK,136,56,714,714,412.03,359.37,595.92,362.48,483.89,465.25
1340,OK,132,52,714,714,406.75,360.49,590.57,358.93,479.76,459.71
1341,OK,132,45,705,705,402.2,358.75,583.74,351.06,475.22,441.04
1342,OK,127,50,697,697,396.0,354.22,575.43,351.61,464.87,444.31
1343,OK,104,62,699,699,374.99,366.69,554.97,361.45,441.76,459.87
1344,OK,94,75,693,693,362.74,371.44,541.15,369.35,428.65,472.2
1345,OK,67,79,700,700,338.23,387.2,517.92,371.43,406.09,478.69
1346,OK,60,84,697,697,328.84,390.07,507.31,369.99,398.87,484.36
1347,OK,52,81,691,691,317.21,387.88,493.24,360.96,389.17,478.4
1348,OK,43,82,694,694,311.2,389.39,487.72,361.48,381.87,483.85
1349,OK,45,90,691,691,310.49,391.42,486.2,363.3,381.74,493.34
1350,OK,47,89,692,692,313.7,395.49,489.52,365.86,385.81,490.26
1351,OK,44,84,698,698,312.06,398.72,488.8,365.31,387.54,485.16
1352,OK,32,95,698,698,299.67,403.56,476.35,369.8,375.59,503.26
1353,OK,21,119,683,683,283.78,415.75,456.65,383.43,354.07,521.2
1354,OK,21,122,680,680,283.63,416.09,456.16,385.57,353.1,523.33
1355,OK,32,129,676,676,292.02,419.65,463.04,387.26,362.87,530.85
1356,OK,37,101,705,705,306.25,411.57,485.05,379.6,383.7,512.4
1357,OK,70,94,727,727,348.2,404.25,535.03,391.86,425.81,517.88
1358,OK,99,103,723,723,374.67,412.03,560.75,402.67,452.62,520.75
1359,OK,122,104,723,723,397.72,408.96,583.95,407.97,475.5,522.21
1360,OK,122,111,723,723,398.88,415.49,584.99,415.35,475.24,530.36
1361,OK,120,109,726,726,396.45,417.96,583.42,414.01,476.07,528.27
1362,OK,125,111,719,719,398.67,416.35,583.87,414.33,478.38,524.99
1363,OK,129,110,711,711,401.38,408.75,584.6,411.9,475.9,520.68
1364,OK,133,112,710,710,405.08,411.26,587.8,414.2,480.28,522.95
1365,OK,138,117,709,709,408.99,414.99,591.55,415.34,484.98,528.22
1366,OK,135,112,718,718,409.93,413.03,594.81,413.93,487.24,529.94
1367,OK,139,118,715,715,411.52,416.27,595.76,414.87,488.5,535.44
1368,OK,144,119,715,715,417.08,416.85,601.27,418.1,493.18,536.33
1369,OK,152,125,711,711,425.01,417.02,608.13,423.46,498.0,541.43
1370,OK,158,127,708,708,430.56,418.01,612.66,425.83,504.18,540.09
1371,OK,161,128,700,700,432.85,415.81,612.95,424.61,500.23,537.52
1372,OK,165,124,701,701,435.26,412.61,615.67,417.59,506.53,533.47
1373,OK,165,111,710,710,437.71,405.35,620.41,412.98,512.03,524.28
1374,OK,167,106,712,712,439.89,401.33,623.09,412.02,515.66,518.48
1375,OK,166,102,709,709,438.36,395.42,620.77,404.61,511.47,512.54
1376,OK,162,101,714,714,436.92,397.81,620.52,406.15,510.29,514.68
1377,OK,163,106,707,707,434.86,397.52,616.71,407.14,506.46,516.39
1378,OK,161,107,706,706,433.73,398.18,615.29,407.9,505.31,517.42
1379,OK,159,108,705,705,430.44,399.04,611.82,407.86,501.31,516.88
1380,OK,155,102,713,713,428.94,397.98,612.47,405.55,503.24,514.24
1381,OK,147,101,718,718,423.12,401.44,607.88,407.29,497.78,516.15
1382,OK,144,106,707,707,414.76,403.0,596.79,405.05,489.61,514.07
1383,OK,136,103,713,713,407.91,404.97,591.61,407.45,484.27,513.0
1384,OK,131,98,715,715,405.97,398.69,589.93,404.82,479.58,509.23
1385,OK,128,97,710,710,401.85,398.92,584.65,401.17,474.7,505.19
1386,OK,125,97,715,715,398.16,401.65,582.42,401.69,473.8,507.55
1387,OK,134,96,727,727,413.59,398.08,600.19,413.11,488.38,514.24
1388,OK,175,109,708,708,447.73,397.17,628.61,420.56,520.56,517.39
1389,OK,200,106,716,716,473.24,395.75,655.68,421.93,552.22,519.69
1390,OK,202,110,720,720,477.81,398.69,660.96,427.75,554.69,528.33
1391,OK,182,119,714,714,457.07,407.15,639.65,428.89,531.3,535.82
1392,OK,190,118,709,709,459.95,408.18,641.72,425.11,538.26,528.97
1393,OK,201,106,730,730,478.79,404.67,665.3,427.73,560.15,527.66
1394,OK,229,119,727,727,504.66,415.31,689.4,445.94,588.61,534.94
1395,OK,225,122,727,727,499.22,419.09,685.04,442.62,585.73,539.29
1396,OK,195,115,737,737,473.43,412.48,662.26,431.67,559.0,545.68
1397,OK,171,122,722,722,444.25,421.22,630.15,427.12,528.38,541.88
1398,OK,148,119,721,721,420.63,421.77,606.3,419.83,504.45,537.58
1399,OK,146,113,727,727,420.2,418.61,607.37,418.35,505.63,533.81
1400,OK,146,113,725,725,419.54,416.9,606.24,417.38,503.25,534.68
1401,OK,152,123,720,720,423.78,424.23,609.24,421.73,507.51,543.22
1402,OK,154,124,723,723,426.42,425.2,612.77,425.37,511.65,544.85
1403,OK,156,127,718,718,428.44,425.09,613.25,428.22,511.02,545.77
1404,OK,157,129,723,723,429.49,428.79,615.73,433.47,514.3,550.44
1405,OK,155,132,722,722,428.51,429.74,614.32,435.2,511.02,554.31
1406,OK,158,135,719,719,429.28,432.07,614.41,434.95,512.47,554.77
1407,OK,163,134,718,718,434.3,430.91,619.29,435.75,519.17,554.24
1408,OK,170,138,717,717,438.98,433.84,623.72,436.21,524.78,558.03
1409,OK,170,127,727,727,441.22,429.91,628.35,430.01,532.07,551.11
1410,OK,164,118,730,730,438.4,425.29,626.33,424.6,527.4,541.29
1411,OK,165,117,732,732,438.38,425.85,626.98,424.07,531.04,542.89
1412,OK,170,115,732,732,443.0,423.97,631.46,423.71,536.24,538.83
1413,OK,175,114,732,732,447.38,423.59,636.01,423.59,541.9,537.98
1414,OK,175,120,732,732,447.02,426.07,635.52,425.97,541.51,546.44
1415,OK,174,121,731,731,446.07,424.9,634.24,426.45,539.48,546.82
1416,OK,168,125,729,729,439.96,428.02,627.68,428.38,531.97,551.22
1417,OK,165,124,728,728,437.49,427.66,625.04,430.28,527.35,547.16
1418,OK,168,121,729,729,439.12,427.49,626.83,428.77,531.33,543.57
1419,OK,172,124,725,725,442.37,426.92,629.14,430.4,533.72,544.73
1420,OK,176,124,723,723,444.65,426.41,630.93,429.18,536.9,542.48
1421,OK,176,119,722,722,443.67,425.22,629.67,425.31,538.16,536.7
1422,OK,170,115,730,730,441.3,424.9,629.28,424.81,535.77,536.98
1423,OK,167,116,732,732,438.13,426.93,626.59,425.33,533.69,538.63
1424,OK,166,120,729,729,436.12,428.03,623.85,426.8,530.84,542.23
1425,OK,169,123,725,725,436.15,429.93,622.8,427.64,533.49,541.45
1426,OK,171,124,723,723,436.8,429.61,622.99,426.53,534.94,542.04
1427,OK,168,123,724,724,435.37,430.88,621.94,427.54,532.39,542.42
1428,OK,170,120,726,726,438.55,427.72,625.66,426.31,535.62,540.05
1429,OK,166,112,732,732,436.24,425.87,624.75,422.18,534.72,533.36
1430,OK,165,109,731,731,434.05,421.22,622.35,416.08,532.11,529.73
1431,OK,165,106,727,727,431.64,417.49,618.65,409.0,531.99,525.99
1432,OK,162,102,731,731,430.53,418.12,618.53,408.39,530.24,522.56
1433,OK,161,107,726,726,428.91,419.32,615.68,409.75,526.41,526.15
1434,OK,160,107,729,729,428.57,419.76,616.04,409.45,526.27,528.45
1435,OK,160,104,732,732,429.79,419.7,618.06,410.16,528.94,525.51
1436,OK,160,106,730,730,429.31,420.79,617.15,411.27,526.92,526.71
1437,OK,157,111,730,730,426.0,425.0,613.7,413.5,524.57,533.12
1438,OK,156,113,729,729,422.69,424.66,609.91,411.44,525.24,536.68
1439,OK,150,109,729,729,418.53,421.02,606.03,412.23,516.93,530.57
1440,OK,148,107,728,728,417.26,418.59,604.59,411.75,514.65,527.72
1441,OK,150,107,725,725,416.85,417.82,603.45,410.16,514.24,524.66
1442,OK,148,105,729,729,416.56,417.04,604.31,411.26,513.84,525.28
1443,OK,149,105,727,727,416.62,417.35,603.76,410.03,513.81,523.65
1444,OK,147,104,731,731,416.23,417.18,604.28,410.4,514.09,525.37
1445,OK,149,108,727,727,416.39,419.08,603.56,411.83,514.47,526.94
1446,OK,148,108,726,726,415.71,419.08,602.45,411.96,513.77,527.9
1447,OK,148,110,723,723,413.66,420.19,599.49,410.21,512.91,528.25
1448,OK,146,110,721,721,411.24,420.65,596.5,409.38,510.06,526.63
1449,OK,143,108,723,723,409.26,421.02,595.05,408.47,507.51,525.05
1450,OK,143,110,721,721,408.86,419.35,594.3,409.19,505.56,526.81
1451,OK,141,109,724,724,407.91,420.89,594.03,410.43,506.17,527.79
1452,OK,136,106,735,735,407.14,420.97,596.38,412.79,505.41,529.91
1453,OK,133,106,736,736,405.35,421.65,594.75,412.98,503.58,531.57
1454,OK,129,107,738,738,402.17,424.14,592.0,414.15,499.54,534.82
1455,OK,129,111,732,732,400.54,425.75,588.76,413.83,497.35,534.63
1456,OK,127,119,728,728,396.1,437.18,583.08,424.38,492.63,536.42
1457,OK,128,148,709,709,391.48,455.37,573.45,440.86,482.67,557.8
1458,OK,127,155,717,717,394.08,458.6,578.52,448.98,484.27,572.69
1459,OK,125,155,722,722,394.69,463.83,580.36,453.69,485.44,575.01
1460,OK,121,156,734,734,395.08,467.19,583.8,457.72,487.58,584.54
1461,OK,126,160,731,731,398.54,468.17,586.7,463.14,490.73,584.77
1462,OK,125,159,735,735,398.55,470.59,587.88,464.4,491.17,586.24
1463,OK,121,156,736,736,395.62,468.64,585.17,462.19,489.47,583.36
1464,OK,118,167,729,729,389.33,474.25,577.01,466.02,481.0,592.38
1465,OK,115,167,733,733,388.87,474.43,577.56,468.88,479.58,595.3
1466,OK,111,165,738,738,387.5,476.1,577.37,469.33,479.07,596.73
1467,OK,115,168,733,733,389.09,476.75,577.76,470.31,479.25,595.57
1468,OK,117,167,741,741,393.66,477.77,584.52,471.74,486.12,599.65
1469,OK,115,164,745,745,393.83,475.73,585.66,469.42,485.99,601.23
1470,OK,123,167,743,743,399.66,476.31,590.81,469.46,493.18,603.63
1471,OK,122,167,747,747,399.66,479.13,591.91,469.8,495.54,606.58
1472,OK,117,169,746,746,395.78,482.81,587.64,473.47,489.73,607.18
1473,OK,118,163,747,747,396.0,476.53,588.2,469.68,489.95,600.78
1474,OK,124,167,732,732,398.16,474.33,586.52,466.5,489.22,595.94
1475,OK,141,167,723,723,410.98,465.44,597.29,463.15,501.4,591.94
1476,OK,147,159,722,722,419.74,455.43,605.57,457.54,504.96,584.78
1477,OK,150,157,725,725,423.91,451.66,610.57,456.63,508.57,585.08
1478,OK,159,165,712,712,427.3,455.16,610.7,461.44,511.35,584.61
1479,OK,154,166,717,717,424.79,456.67,609.21,463.89,508.7,587.92
1480,OK,141,160,730,730,416.58,458.22,604.62,462.06,501.71,590.27
1481,OK,142,158,720,720,414.33,451.76,599.78,454.56,497.42,584.29
1482,OK,147,143,716,716,419.26,434.7,603.58,440.73,499.95,564.84
1483,OK,159,135,710,710,428.93,430.69,611.87,434.81,508.74,547.64
1484,OK,172,131,710,710,442.51,423.63,625.33,430.99,521.7,545.15
1485,OK,172,127,708,708,443.06,420.35,625.14,429.54,519.68,537.14
1486,OK,160,129,710,710,433.74,421.79,616.52,430.05,506.71,543.95
1487,OK,152,128,717,717,422.92,428.22,607.61,429.06,505.48,545.03
1488,OK,150,119,725,725,419.08,426.36,605.65,422.25,512.54,537.81
1489,OK,151,99,719,719,415.83,407.32,600.82,400.75,511.85,513.66
1490,OK,129,67,737,737,401.15,387.41,590.46,374.69,499.66,490.04
1491,OK,118,61,731,731,388.54,382.5,575.87,364.56,485.26,479.13
1492,OK,115,72,723,723,383.08,389.79,568.42,371.44,476.76,485.72
1493,OK,105,71,736,736,376.77,399.48,564.72,373.98,476.29,492.77
1494,OK,102,74,740,740,374.36,403.23,562.87,374.63,475.53,499.4
1495,OK,110,93,730,730,381.2,412.91,567.95,390.66,476.74,514.63
1496,OK,131,141,701,701,391.65,443.42,571.0,423.31,481.09,549.09
1497,OK,142,184,721,721,409.72,482.43,594.74,467.64,503.03,614.51
1498,OK,158,211,715,715,424.98,506.53,608.82,496.23,513.91,635.81
1499,OK,160,236,717,717,422.9,537.34,606.05,514.31,522.5,664.07
1500,OK,141,252,722,722,410.79,548.56,596.24,533.98,502.46,686.27
1501,OK,121,246,734,734,394.53,553.63,582.28,532.04,488.62,685.03
1502,OK,122,266,715,715,388.46,567.39,570.91,543.18,479.07,692.23
1503,OK,96,258,745,745,372.53,574.67,562.15,545.03,469.27,700.74
1504,OK,91,255,753,753,369.96,575.8,561.06,543.03,469.47,704.31
1505,OK,87,262,757,757,367.32,585.34,559.58,552.62,468.23,711.02
1506,OK,92,259,752,752,369.03,584.71,559.12,548.03,473.26,705.07
1507,OK,81,255,760,760,363.03,579.0,556.22,547.17,462.57,708.18
1508,OK,81,254,763,763,363.53,578.28,557.12,545.14,464.6,709.01
1509,OK,94,252,744,744,369.6,568.84,558.93,539.7,468.03,695.32
1510,OK,81,250,756,756,361.91,571.6,554.09,539.84,461.63,700.8
1511,OK,87,253,746,746,365.43,568.88,555.54,541.01,461.26,697.67
1512,OK,91,246,751,751,369.43,565.25,561.16,539.63,466.83,690.28
1513,OK,83,251,753,753,363.12,569.51,555.21,542.4,460.03,699.89
1514,OK,102,248,731,731,374.58,557.3,561.01,530.85,466.84,683.17
1515,OK,92,223,751,751,370.14,546.29,561.36,516.7,468.55,666.17
1516,OK,98,221,740,740,374.17,539.05,562.37,509.42,469.68,659.3
1517,OK,105,203,739,739,378.27,526.95,565.87,494.43,476.19,634.25
1518,OK,101,198,747,747,377.5,521.5,567.33,490.48,476.69,636.07
1519,OK,104,197,745,745,380.09,519.87,569.57,490.14,479.06,633.54
1520,OK,112,203,731,731,383.93,518.39,569.98,489.82,478.64,632.63
1521,OK,111,189,744,744,391.84,502.74,583.07,490.31,480.1,626.11
1522,OK,139,191,731,731,413.07,493.96,601.3,491.54,501.4,619.6
1523,OK,151,193,726,726,422.12,492.07,608.96,488.66,514.0,623.55
1524,OK,150,193,718,718,421.2,484.03,606.01,487.52,505.66,619.75
1525,OK,143,193,722,722,416.32,486.02,602.24,489.08,499.1,621.76
1526,OK,141,184,723,723,413.33,481.34,599.64,482.18,498.64,609.81
1527,OK,130,168,743,743,408.03,472.86,599.33,470.39,500.26,607.2
1528,OK,127,161,736,736,401.84,467.66,591.3,463.01,495.28,593.01
1529,OK,121,152,727,727,393.55,456.29,580.55,448.18,481.61,579.36
1530,OK,110,128,731,731,385.49,440.89,573.22,428.27,471.27,552.59
1531,OK,107,125,721,721,378.39,435.34,563.13,416.87,464.89,544.26
1532,OK,112,93,725,725,385.31,408.06,571.71,397.87,469.79,507.82
1533,OK,122,71,703,703,388.43,381.56,569.08,368.33,469.22,470.56
1534,OK,134,55,701,701,401.4,361.56,581.93,360.07,477.18,450.03
1535,OK,152,53,680,680,412.42,352.63,587.51,357.12,485.02,431.66
1536,OK,172,44,659,659,425.03,333.63,594.85,336.12,492.34,412.69
1537,OK,173,30,657,657,425.22,327.86,594.5,328.28,493.88,388.68
1538,OK,168,16,666,666,423.87,323.02,595.45,321.0,492.5,376.64
1539,OK,166,11,670,670,424.8,321.89,597.37,322.6,492.78,371.02
1540,OK,170,23,662,662,425.37,323.37,595.97,325.0,491.86,384.55
1541,OK,164,27,671,671,423.52,329.27,596.39,333.03,489.13,394.39
1542,OK,160,33,684,684,424.08,336.29,600.35,339.07,493.63,412.83
1543,OK,164,30,691,691,429.24,342.53,607.11,347.36,501.14,406.85
1544,OK,174,48,684,684,437.09,348.34,613.09,357.2,508.24,427.56
1545,OK,175,43,702,702,441.61,351.43,622.39,357.57,520.78,434.93
1546,OK,181,49,693,693,442.89,353.36,621.23,357.97,522.4,435.18
1547,OK,193,48,688,688,453.09,349.49,630.06,357.68,532.59,432.28
1548,OK,201,45,690,690,462.01,344.67,639.4,355.55,542.56,430.16
1549,OK,206,43,681,681,463.9,344.45,638.71,357.35,541.29,416.51
1550,OK,213,35,688,688,474.41,343.22,650.82,359.73,551.95,407.58
1551,OK,226,43,677,677,481.8,340.78,655.37,357.98,560.38,414.45
1552,OK,228,37,683,683,486.46,338.92,661.53,357.13,565.81,408.83
1553,OK,228,36,680,680,486.08,337.78,660.39,355.58,563.32,406.99
1554,OK,226,33,689,689,488.34,336.86,664.5,358.09,565.06,407.37
1555,OK,228,37,689,689,489.48,340.04,665.69,360.81,566.61,413.54
1556,OK,222,40,696,696,484.96,344.86,663.24,362.84,567.65,423.75
1557,OK,217,47,697,697,480.49,346.7,659.05,364.98,560.96,435.99
1558,OK,216,53,692,692,477.31,351.72,654.69,369.27,558.29,438.06
1559,OK,208,53,704,704,472.4,357.02,653.46,368.89,558.59,448.4
1560,OK,200,52,710,710,467.83,358.99,650.48,369.96,551.93,450.1
1561,OK,198,51,715,715,467.25,360.04,651.08,370.86,550.88,451.6
1562,OK,194,47,718,718,467.19,356.86,651.64,370.85,548.18,448.24
1563,OK,199,55,702,702,466.31,359.9,646.67,374.0,544.93,446.57
1564,OK,187,46,722,722,462.75,361.32,648.38,371.25,542.27,449.7
1565,OK,187,53,724,724,462.08,364.74,648.33,374.64,543.87,461.85
1566,OK,183,60,725,725,461.18,367.76,647.02,384.86,536.54,469.36
1567,OK,179,76,727,727,456.75,383.85,642.94,402.78,535.5,485.3
1568,OK,177,100,714,714,451.3,397.02,634.32,415.43,526.3,508.91
1569,OK,173,120,703,703,442.92,412.24,623.68,424.11,516.23,525.06
1570,OK,172,130,696,696,442.03,418.01,620.92,431.07,510.41,533.17
1571,OK,168,133,698,698,437.47,423.76,616.84,434.15,506.96,536.48
1572,OK,175,137,693,693,441.55,425.16,619.86,434.96,512.11,536.95
1573,OK,168,133,704,704,438.81,425.52,619.94,435.64,511.36,540.15
1574,OK,168,133,706,706,439.37,426.37,620.95,435.45,513.62,541.95
1575,OK,164,135,706,706,435.81,427.67,617.59,435.77,507.98,545.88
1576,OK,163,132,709,709,435.77,425.34,618.15,434.62,508.74,543.69
1577,OK,164,134,703,703,434.49,425.55,615.37,435.03,506.98,540.9
1578,OK,160,131,710,710,434.01,424.92,616.61,436.0,504.95,543.12
1579,OK,159,134,707,707,430.21,426.78,612.13,435.57,503.96,544.41
1580,OK,156,133,710,710,428.52,425.99,611.24,435.04,502.27,545.64
1581,OK,160,130,714,714,434.53,425.17,618.15,435.23,508.67,544.38
1582,OK,166,130,711,711,439.63,423.4,622.3,434.37,512.38,542.26
1583,OK,167,125,721,721,443.1,422.5,628.36,433.92,519.26,542.59
1584,OK,168,125,719,719,443.19,421.84,628.07,432.67,518.74,541.82
1585,OK,166,123,720,720,442.5,421.73,627.65,432.55,517.47,539.91
1586,OK,166,124,721,721,441.84,423.25,627.21,433.24,517.76,541.44
1587,OK,168,125,724,724,444.66,424.82,630.91,434.39,522.97,544.65
1588,OK,167,127,717,717,441.95,423.31,626.33,434.9,516.3,541.82
1589,OK,159,125,724,724,438.01,424.93,624.06,436.14,511.9,545.07
1590,OK,167,124,728,728,446.33,425.18,633.35,436.93,523.71,546.48
1591,OK,172,136,717,717,446.98,430.63,631.31,442.82,522.02,552.92
1592,OK,164,132,718,718,440.64,428.54,625.05,442.46,513.73,547.68
1593,OK,157,132,720,720,436.35,428.15,621.27,442.62,506.64,549.45
1594,OK,165,135,717,717,441.49,428.93,625.72,442.75,514.09,550.24
1595,OK,174,138,720,720,450.75,430.41,635.05,450.02,526.49,556.73
1596,OK,168,140,719,719,445.1,428.85,628.93,451.34,517.1,558.68
1597,OK,159,138,724,724,439.98,428.56,625.27,448.93,511.31,561.4
1598,OK,156,134,721,721,435.43,426.62,620.42,444.01,504.23,554.12
1599,OK,163,128,704,704,439.34,414.76,619.32,436.65,501.33,534.38
1600,OK,181,118,697,697,452.49,400.23,629.85,428.07,518.36,519.41
1601,OK,185,90,714,714,464.5,379.12,645.22,413.33,530.91,498.58
1602,OK,204,57,710,710,483.37,350.4,662.03,389.34,546.7,455.11
1603,OK,221,54,696,696,496.02,340.53,669.82,384.28,555.99,443.11
1604,OK,236,58,673,673,499.56,340.92,669.51,374.58,559.57,431.72
1605,OK,243,54,674,674,504.97,341.01,675.57,372.9,570.53,425.26
1606,OK,239,52,681,681,502.81,341.54,675.81,371.22,569.21,429.57
1607,OK,231,54,695,695,501.52,342.71,677.28,376.18,568.56,443.41
1608,OK,216,54,724,724,495.93,357.41,680.09,386.59,569.8,460.08
1609,OK,200,58,733,733,483.81,359.84,669.74,392.25,556.14,473.91
1610,OK,188,70,733,733,473.58,367.09,659.22,401.69,542.56,488.63
1611,OK,196,90,711,711,471.5,378.1,652.05,409.28,540.59,496.62
1612,OK,192,96,704,704,464.37,383.8,643.92,409.63,534.36,499.6
1613,OK,192,95,709,709,464.57,382.9,645.38,408.51,537.37,502.34
1614,OK,195,95,707,707,466.22,383.03,646.54,408.29,539.81,500.39
1615,OK,190,92,712,712,463.42,384.06,645.4,407.04,538.79,500.62
1616,OK,192,91,719,719,467.3,385.41,650.85,409.98,542.98,502.81
1617,OK,189,92,720,720,465.92,388.42,649.85,412.59,540.96,504.9
1618,OK,199,101,703,703,469.4,388.0,648.83,413.1,540.96,504.43
1619,OK,194,105,710,710,467.39,392.7,649.01,415.06,541.09,516.45
1620,OK,187,105,717,717,460.93,400.1,644.72,418.7,537.63,518.51
1621,OK,178,123,709,709,451.5,415.95,633.58,429.76,522.66,532.56
1622,OK,177,154,704,704,446.07,442.16,627.3,449.78,522.6,566.7
1623,OK,171,162,711,711,442.2,450.61,625.01,461.45,519.82,579.87
1624,OK,169,184,711,711,440.37,466.24,622.94,480.88,517.36,604.51
1625,OK,176,196,707,707,447.7,473.31,629.14,488.01,521.0,617.65
1626,OK,187,194,713,713,458.84,475.53,641.76,490.37,536.18,618.94
1627,OK,191,195,718,718,464.88,475.19,648.77,494.56,543.22,624.07
1628,OK,197,193,706,706,466.02,469.24,646.88,488.35,544.69,613.65
1629,OK,192,190,703,703,459.01,467.14,639.4,483.19,537.27,608.55
1630,OK,187,190,702,702,454.39,466.23,634.55,482.68,531.76,609.53
1631,OK,182,184,709,709,452.02,463.55,633.93,480.36,529.19,605.85
1632,OK,178,176,715,715,451.1,457.64,634.46,474.94,528.9,600.15
1633,OK,180,176,712,712,451.62,457.99,634.29,475.08,529.1,599.31
1634,OK,182,173,717,717,455.54,456.88,639.6,472.04,534.29,599.24
1635,OK,186,167,718,718,460.58,450.63,644.4,469.85,538.02,591.89
1636,OK,189,168,715,715,462.95,449.17,645.69,471.01,538.85,590.44
1637,OK,191,166,712,712,464.16,447.05,646.2,470.26,539.99,586.27
1638,OK,196,181,703,703,464.67,456.36,644.43,478.61,540.73,597.74
1639,OK,193,181,705,705,463.2,455.73,643.24,479.85,538.47,599.19
1640,OK,176,162,724,724,454.03,447.1,639.21,468.39,530.56,590.41
1641,OK,168,145,708,708,441.8,432.42,623.48,448.62,513.06,559.28
1642,OK,158,135,709,709,430.15,427.29,612.32,439.98,503.56,546.2
1643,OK,149,140,719,719,423.87,433.79,608.84,443.35,500.88,560.57
1644,OK,151,150,718,718,427.78,436.97,611.81,454.65,501.72,573.81
1645,OK,145,149,714,714,417.0,438.29,600.56,447.84,496.52,570.73
1646,OK,137,152,711,711,407.23,439.97,590.11,446.76,486.67,571.86
1647,OK,134,140,719,719,406.22,436.4,591.28,438.27,488.71,560.78
1648,OK,140,141,713,713,409.89,435.79,593.4,438.5,492.04,558.0
1649,OK,144,135,707,707,412.26,426.1,594.27,431.91,491.04,547.26
1650,OK,162,130,691,691,428.77,413.51,606.35,423.64,497.45,531.67
1651,OK,202,102,694,694,468.5,386.07,646.07,407.41,541.88,502.66
1652,OK,218,73,704,704,489.48,365.18,669.28,389.23,560.85,474.51
1653,OK,273,69,657,657,526.26,342.83,691.48,379.99,593.69,433.45
1654,OK,279,64,657,657,529.31,341.58,695.6,373.65,602.05,427.94
1655,OK,288,75,654,654,535.83,346.31,700.87,380.42,611.86,441.42
1656,OK,278,74,671,671,534.52,349.34,703.85,383.69,606.94,451.84
1657,OK,273,90,677,677,533.99,360.31,703.26,402.47,603.88,475.69
1658,OK,279,102,679,679,538.35,370.22,708.76,409.68,612.98,492.49
1659,OK,275,122,690,690,540.11,391.59,712.89,433.34,615.22,523.42
1660,OK,268,136,706,706,538.06,408.54,715.12,450.08,616.43,548.84
1661,OK,273,153,714,714,548.81,424.33,725.71,474.26,623.39,571.59
1662,OK,281,170,711,711,554.37,437.31,729.94,489.39,630.05,586.68
1663,OK,271,172,717,717,550.03,443.41,726.75,496.79,619.78,590.14
1664,OK,275,177,705,705,548.31,446.83,722.66,497.34,620.09,587.84
1665,OK,292,174,693,693,556.83,438.67,728.32,488.34,634.15,576.84
1666,OK,295,164,677,677,553.31,424.26,722.16,468.18,628.32,558.61
1667,OK,297,143,676,676,555.16,409.21,725.01,447.96,630.33,534.9
1668,OK,297,117,693,693,558.32,398.4,733.22,433.53,640.85,511.77
1669,OK,291,107,689,689,554.53,383.53,727.25,423.84,629.65,500.18
1670,OK,290,102,682,682,548.54,381.82,720.96,414.89,628.1,488.82
1671,OK,283,103,680,680,541.61,378.49,713.51,412.48,620.04,491.57
1672,OK,272,103,689,689,534.56,381.77,708.79,415.29,610.68,497.22
1673,OK,269,101,690,690,532.74,381.61,707.39,414.78,609.23,495.64
1674,OK,269,99,690,690,533.21,380.06,707.7,413.33,609.53,492.64
1675,OK,261,96,692,692,526.87,378.08,702.46,408.79,601.32,492.41
1676,OK,252,86,685,685,516.16,365.34,690.39,393.52,585.35,477.61
1677,OK,226,69,701,701,497.53,357.63,676.71,380.56,566.48,470.03
1678,OK,200,76,711,711,475.73,364.89,657.32,388.61,545.04,485.26
1679,OK,177,79,709,709,453.51,369.33,634.88,390.76,519.41,487.71
1680,OK,149,88,701,701,421.65,381.36,602.0,389.98,487.92,491.77
1681,OK,139,94,689,689,405.34,387.17,582.69,389.7,472.39,488.61
1682,OK,132,98,689,689,396.46,394.28,573.99,389.97,468.37,492.5
1683,OK,121,100,685,685,383.51,401.11,559.02,382.83,455.49,492.1
1684,OK,103,91,701,701,370.53,400.34,549.64,378.4,446.51,492.73
1685,OK,105,97,694,694,370.26,403.45,547.45,380.37,445.51,496.98
1686,OK,115,97,699,699,380.65,404.2,559.8,385.82,457.82,497.58
1687,OK,118,107,705,705,385.79,413.68,566.71,398.66,465.39,513.42
1688,OK,142,124,694,694,405.29,419.99,583.93,416.35,484.27,524.98
1689,OK,147,125,707,707,414.07,421.65,596.3,422.8,496.28,533.84
1690,OK,152,133,705,705,422.26,424.2,603.59,433.24,496.08,542.63
1691,OK,157,137,698,698,425.95,425.86,605.54,435.68,498.01,543.07
1692,OK,173,140,706,706,443.65,429.87,625.11,440.4,517.92,551.57
1693,OK,192,139,698,698,459.73,422.43,638.71,440.29,534.04,546.45
1694,OK,203,122,708,708,472.09,409.43,653.42,429.45,551.85,532.98
1695,OK,197,126,707,707,465.98,411.99,647.15,429.11,544.12,537.57
1696,OK,174,134,702,702,443.76,422.44,624.27,433.21,516.26,543.22
1697,OK,166,139,698,698,434.4,429.17,614.24,433.63,507.06,545.18
1698,OK,163,141,703,703,432.42,430.88,613.38,438.52,505.12,551.23
1699,OK,170,143,700,700,438.88,430.69,619.02,438.92,511.83,551.89
1700,OK,184,142,701,701,450.61,430.99,631.23,434.74,527.94,552.37
1701,OK,193,144,696,696,459.95,423.85,638.87,436.53,534.3,554.81
1702,OK,191,124,721,721,466.73,413.19,651.67,430.5,543.62,547.07
1703,OK,199,121,707,707,468.87,405.13,649.99,424.56,545.43,533.98
1704,OK,190,121,708,708,461.23,408.17,642.9,423.23,536.77,536.03
1705,OK,188,122,701,701,454.76,407.79,634.99,418.57,531.2,531.09
1706,OK,180,123,700,700,449.56,407.57,629.3,420.34,522.55,532.68
1707,OK,179,128,695,695,445.45,413.05,624.26,421.18,518.97,533.39
1708,OK,182,128,696,696,449.57,410.64,628.38,423.77,521.13,536.58
1709,OK,182,117,704,704,451.06,406.16,632.04,416.94,527.66,526.83
1710,OK,180,105,720,720,452.25,407.71,637.7,414.37,536.98,519.58
1711,OK,194,107,707,707,459.55,400.32,641.65,405.78,544.43,517.61
1712,OK,193,111,707,707,457.78,405.46,639.81,408.21,543.28,522.66
1713,OK,193,117,701,701,457.51,407.13,638.04,412.47,540.2,524.44
1714,OK,193,116,704,704,458.52,408.16,639.74,413.19,542.62,526.12
1715,OK,189,115,712,712,458.32,410.53,641.64,416.35,541.92,530.42
1716,OK,186,118,714,714,455.99,413.28,639.91,418.19,539.76,534.88
1717,OK,181,122,714,714,450.76,418.02,634.57,421.74,533.69,539.0
1718,OK,178,127,711,711,446.82,423.39,629.89,425.15,529.13,541.7
1719,OK,180,125,712,712,450.03,420.3,633.41,423.16,531.94,540.83
1720,OK,180,124,715,715,450.56,419.52,634.75,423.93,532.96,541.8
1721,OK,183,127,711,711,451.5,420.58,634.53,425.44,534.49,541.36
1722,OK,180,126,713,713,449.05,421.18,632.71,424.54,531.38,542.71
1723,OK,182,125,711,711,450.29,420.41,633.46,423.7,533.95,539.87
1724,OK,178,122,714,714,448.65,419.6,632.47,421.45,531.22,538.18
1725,OK,181,123,713,713,449.34,420.23,632.86,421.51,533.12,538.87
1726,OK,180,121,714,714,448.94,418.98,632.97,420.54,533.05,536.43
1727,OK,174,125,713,713,443.07,424.41,626.78,423.45,526.69,538.41
1728,OK,174,127,708,708,442.06,426.4,624.48,426.51,524.4,536.81
1729,OK,170,121,719,719,439.56,425.66,624.57,420.14,526.46,538.31
1730,OK,171,121,721,721,441.18,426.38,626.92,420.67,528.41,540.03
1731,OK,173,119,721,721,442.87,424.81,628.61,419.14,531.84,537.42
1732,OK,171,120,720,720,441.28,425.56,626.76,419.59,528.65,537.56
1733,OK,171,119,720,720,441.17,425.24,626.42,419.43,528.62,537.27
1734,OK,171,119,719,719,440.25,424.53,625.24,418.98,527.41,535.05
1735,OK,172,122,716,716,441.19,424.54,625.64,420.27,527.19,538.76
1736,OK,171,120,718,718,441.63,422.68,626.5,419.66,527.69,536.97
1737,OK,170,122,719,719,440.1,424.14,625.17,421.54,526.24,540.08
1738,OK,173,125,715,715,440.88,425.75,625.06,422.42,527.25,540.96
1739,OK,171,126,715,715,439.64,426.5,623.75,423.33,525.01,542.68
1740,OK,172,125,715,715,440.77,425.57,624.91,422.24,526.7,541.7
1741,OK,171,125,715,715,440.07,424.88,624.24,423.14,524.39,541.93
1742,OK,165,122,720,720,437.0,424.83,622.56,422.55,521.6,541.39
1743,OK,168,124,719,719,437.86,425.97,622.94,422.71,524.05,541.66
1744,OK,169,124,717,717,438.3,425.13,623.06,421.61,524.19,540.72
1745,OK,168,124,715,715,437.73,425.18,621.77,421.55,521.13,539.81
1746,OK,167,124,716,716,436.8,426.79,621.17,422.09,522.9,541.04
1747,OK,169,126,714,714,437.48,426.87,621.43,422.9,523.01,542.56
1748,OK,170,128,713,713,439.72,426.18,623.33,424.47,522.44,542.94
1749,OK,171,126,714,714,440.03,426.47,624.05,424.68,524.05,542.07
1750,OK,173,130,711,711,440.81,427.23,623.95,425.92,525.22,544.56
1751,OK,171,129,712,712,439.44,428.0,622.87,426.48,523.91,544.37
1752,OK,171,129,712,712,439.3,427.87,622.7,425.76,524.02,543.8
1753,OK,173,129,711,711,440.35,427.64,623.48,425.5,524.28,543.24
1754,OK,172,132,711,711,440.23,429.69,623.46,427.5,523.5,545.93
1755,OK,172,131,711,711,439.93,429.72,622.92,427.1,523.47,544.73
1756,OK,173,132,708,708,440.26,427.63,622.61,427.56,523.19,544.6
1757,OK,168,130,712,712,436.5,429.51,619.85,425.83,521.39,544.71
1758,OK,164,128,717,717,432.53,429.84,617.25,424.96,519.39,545.6
1759,OK,164,130,713,713,431.71,429.9,615.34,424.88,518.28,545.55
1760,OK,162,129,714,714,429.89,430.66,613.74,423.99,516.85,546.45
1761,OK,163,129,714,714,431.34,431.08,615.05,424.37,518.3,545.48
1762,OK,162,126,716,716,431.71,428.74,615.98,423.84,517.31,543.64
1763,OK,163,125,716,716,433.32,426.59,617.65,423.96,518.5,542.66
1764,OK,164,125,715,715,433.87,425.76,618.09,422.57,517.95,540.8
1765,OK,164,123,716,716,435.04,424.47,619.48,422.62,518.31,539.89
1766,OK,163,122,718,718,434.88,424.15,619.67,421.66,517.27,539.78
1767,OK,166,124,713,713,435.15,424.43,618.87,420.54,517.58,538.78
1768,OK,166,126,711,711,435.39,424.1,618.44,422.13,516.81,539.35
1769,OK,165,125,713,713,434.83,424.97,618.49,422.07,516.78,540.03
1770,OK,165,124,717,717,434.83,426.37,619.44,421.89,519.58,540.27
1771,OK,166,125,713,713,434.61,425.32,618.26,422.55,517.96,538.82
1772,OK,165,125,715,715,434.03,425.84,618.25,423.06,518.02,541.38
1773,OK,164,125,716,716,434.62,425.83,618.91,423.5,517.71,542.43
1774,OK,167,124,715,715,436.65,423.88,620.81,421.86,519.29,539.86
1775,OK,168,125,711,711,436.64,424.4,619.81,421.13,518.78,539.0
1776,OK,164,123,716,716,435.3,425.1,619.66,421.55,518.43,539.58
1777,OK,167,127,711,711,435.37,425.47,618.59,422.49,517.98,541.24
1778,OK,166,127,712,712,435.35,426.81,618.73,425.21,518.81,540.23
1779,OK,173,128,704,704,439.74,425.04,621.05,426.34,521.13,535.71
1780,OK,169,125,712,712,438.55,425.18,621.81,423.39,521.45,537.74
1781,OK,167,124,714,714,438.16,424.6,622.09,422.83,519.39,539.13
1782,OK,170,126,708,708,438.08,425.28,620.52,422.08,520.01,538.2
1783,OK,168,124,712,712,437.91,423.99,621.3,421.68,519.44,537.59
1784,OK,165,121,720,720,437.4,424.04,622.72,422.23,521.21,539.07
1785,OK,163,122,718,718,434.37,424.81,619.38,422.24,518.44,540.35
1786,OK,162,122,718,718,432.73,424.7,617.68,420.78,517.75,539.78
1787,OK,165,127,712,712,434.07,428.26,617.53,426.47,517.72,539.62
1788,OK,169,128,709,709,436.91,427.23,619.55,426.86,519.49,538.65
1789,OK,165,120,719,719,436.78,423.15,621.92,420.03,520.11,536.97
1790,OK,167,122,716,716,437.94,423.96,622.28,420.48,521.53,538.29
1791,OK,170,124,711,711,438.69,422.91,621.9,420.41,520.84,536.69
1792,OK,173,126,707,707,439.45,424.64,621.59,421.27,521.64,536.57
1793,OK,173,126,704,704,440.13,422.92,621.51,421.21,520.92,534.5
1794,OK,173,123,709,709,440.17,422.21,622.84,419.21,522.8,534.27
1795,OK,171,122,713,713,439.11,423.44,622.61,419.38,523.32,536.46
1796,OK,171,123,711,711,439.55,423.1,622.64,418.86,522.88,535.41
1797,OK,173,123,709,709,440.4,422.95,623.03,420.06,523.2,534.21
1798,OK,171,123,710,710,439.65,423.27,622.46,419.05,522.93,535.24
1799,OK,170,122,711,711,438.33,421.35,621.36,418.87,520.16,534.07
