k,status,x,y,w,h,rx,ry,lx,ly,nx,ny
0,FAILED,,,,,,,,,,
1,OK,268,61,725,725,527.36,382.94,714.09,378.45,639.55,465.45
2,OK,269,65,719,719,527.31,383.3,712.49,379.67,636.9,467.83
3,OK,268,60,727,727,527.48,384.31,714.6,377.59,641.37,466.07
4,OK,266,59,727,727,526.71,383.01,713.84,377.29,639.65,465.68
5,OK,271,63,721,721,528.54,383.17,714.09,377.92,640.73,465.68
6,OK,269,62,722,722,527.81,383.84,713.57,377.44,640.67,466.67
7,OK,275,69,710,710,529.47,383.21,712.42,379.3,639.3,467.69
8,OK,268,63,722,722,527.26,383.33,713.26,379.18,638.72,467.01
9,OK,272,69,714,714,528.85,384.38,712.72,381.3,637.54,469.72
10,OK,275,71,709,709,529.99,383.88,712.64,380.51,637.56,469.62
11,OK,273,72,708,708,528.58,385.19,711.01,381.56,635.49,469.87
12,OK,270,64,718,718,528.4,382.98,713.21,378.56,638.38,465.41
13,OK,274,72,708,708,528.95,384.83,711.18,380.78,636.08,470.34
14,OK,274,73,708,708,529.52,385.23,711.74,381.05,636.78,471.72
15,OK,273,71,711,711,529.17,384.57,712.38,382.28,636.18,470.49
16,OK,272,70,712,712,528.81,384.13,712.21,380.53,636.73,470.43
17,OK,272,71,712,712,529.1,384.3,712.41,381.02,637.19,471.4
18,OK,273,69,713,713,529.72,382.97,713.34,380.87,638.08,468.22
19,OK,274,69,711,711,529.15,383.85,712.1,377.48,638.39,468.22
20,OK,273,70,708,708,527.71,382.19,709.92,375.95,636.44,470.22
21,OK,271,69,714,714,528.03,386.1,711.69,379.0,637.85,470.45
22,OK,272,68,714,714,527.79,386.21,711.48,377.17,639.19,469.76
23,OK,275,70,709,709,529.2,380.61,711.76,376.87,638.27,470.06
24,OK,275,67,711,711,529.23,378.94,712.34,374.54,639.89,467.79
25,OK,276,69,709,709,529.65,378.75,712.32,374.95,639.93,469.47
26,OK,275,68,710,710,530.02,379.32,712.86,375.93,639.66,469.61
27,OK,277,70,708,708,530.62,383.56,712.97,377.07,641.39,469.35
28,OK,276,67,713,713,530.15,382.91,713.71,376.12,643.24,467.83
29,OK,275,67,713,713,529.31,381.68,712.75,375.69,640.99,467.6
30,OK,273,66,714,714,528.18,382.06,711.96,375.03,640.53,467.6
31,OK,274,66,712,712,529.46,381.11,712.75,375.99,640.71,467.4
32,OK,272,64,716,716,528.72,381.87,713.01,376.05,640.19,465.49
33,OK,273,66,715,715,528.77,382.37,712.71,375.96,640.78,467.08
34,OK,268,60,722,722,526.61,382.74,712.49,374.58,639.88,464.68
35,OK,268,58,724,724,526.97,382.28,713.3,373.42,641.67,463.39
36,OK,275,65,713,713,529.97,378.91,713.44,373.5,641.42,467.63
37,OK,277,67,707,707,530.49,377.82,712.5,373.63,639.56,465.1
38,OK,274,66,710,710,529.67,378.32,712.38,373.99,638.47,466.13
39,OK,275,65,712,712,530.43,377.81,713.71,374.04,640.71,466.97
40,OK,275,65,712,712,530.58,378.25,714.03,373.7,641.55,466.95
41,OK,268,54,728,728,526.65,382.7,713.79,372.35,644.25,459.32
42,OK,265,56,728,728,524.27,386.2,711.38,374.57,641.95,461.3
43,OK,268,59,724,724,527.85,382.19,714.36,376.42,640.64,463.28
44,OK,269,59,724,724,528.58,382.41,714.88,376.47,641.91,463.0
45,OK,270,58,725,725,529.04,382.0,715.68,376.6,643.3,462.47
46,OK,270,59,724,724,528.7,382.58,715.15,376.46,644.06,464.06
47,OK,271,60,722,722,529.31,382.34,715.17,376.83,642.79,464.05
48,OK,269,59,722,722,527.82,382.31,713.61,375.88,640.57,462.8
49,OK,265,57,725,725,524.46,382.65,710.9,372.98,637.27,462.12
50,OK,265,59,724,724,524.61,384.08,710.76,374.86,636.59,464.05
51,OK,268,61,721,721,526.53,383.19,712.11,375.05,637.62,464.4
52,OK,268,62,720,720,526.48,383.12,711.74,375.85,637.35,464.6
53,OK,267,59,722,722,526.1,382.91,711.82,374.57,638.01,462.7
54,OK,265,61,720,720,524.46,382.76,709.79,374.65,633.85,463.37
55,OK,267,62,718,718,524.83,382.4,709.65,374.02,635.14,464.75
56,OK,267,64,716,716,525.05,382.31,709.37,374.87,634.64,466.41
57,OK,271,68,711,711,525.9,382.43,708.96,375.99,634.91,467.51
58,OK,271,71,708,708,526.38,383.83,708.68,378.41,633.37,470.23
59,OK,273,70,707,707,527.6,381.54,709.78,377.22,634.92,468.55
60,OK,271,69,708,708,526.69,382.13,709.1,376.88,633.86,468.29
61,OK,272,73,706,706,526.03,383.82,707.82,377.09,633.41,472.35
62,OK,270,71,708,708,525.4,382.53,707.8,377.65,632.39,471.49
63,OK,272,69,708,708,526.71,380.01,708.89,374.35,635.24,470.55
64,OK,274,71,706,706,527.65,380.83,709.3,374.71,636.37,471.92
65,OK,278,72,705,705,530.05,380.09,711.66,375.31,639.31,472.18
66,OK,277,73,703,703,529.2,380.69,710.24,375.88,637.71,471.37
67,OK,279,74,702,702,530.62,380.95,711.45,375.92,639.43,471.74
68,OK,276,74,703,703,528.57,382.17,709.58,376.35,636.44,472.72
69,OK,272,72,708,708,527.09,383.22,709.39,379.24,633.91,471.63
70,OK,274,71,707,707,528.14,383.23,710.13,378.08,636.66,468.16
71,OK,272,70,710,710,527.62,384.03,710.54,379.44,635.43,468.66
72,OK,276,72,705,705,529.06,383.88,710.61,379.38,636.8,467.81
73,OK,275,69,708,708,529.95,382.32,712.2,379.47,637.05,466.83
74,OK,274,71,709,709,529.34,383.23,711.81,380.1,637.15,468.55
75,OK,271,71,709,709,527.06,382.97,709.62,380.35,632.37,469.46
76,OK,275,71,706,706,529.31,382.05,711.14,378.58,635.88,468.83
77,OK,272,71,709,709,527.95,383.83,710.44,380.32,634.51,468.21
78,OK,274,72,708,708,528.55,386.01,710.91,379.3,636.3,469.35
79,OK,275,73,706,706,529.83,385.48,711.58,380.74,636.92,470.59
80,OK,273,72,709,709,528.46,384.61,711.05,380.17,634.89,470.67
81,OK,274,72,709,709,529.8,384.43,712.27,380.45,636.45,471.53
82,OK,272,71,712,712,529.17,384.74,712.49,380.7,635.17,471.67
83,OK,270,69,715,715,528.09,384.23,712.25,380.1,635.23,471.56
84,OK,273,70,715,715,530.82,384.26,715.02,380.97,637.6,472.89
85,OK,271,70,716,716,529.57,385.27,713.82,380.84,636.61,472.97
86,OK,273,71,713,713,530.07,384.58,713.69,380.22,636.45,471.73
87,OK,271,70,716,716,529.43,385.56,713.66,380.17,637.81,473.95
88,OK,271,70,717,717,529.03,385.85,713.66,380.36,636.88,473.98
89,OK,269,67,718,718,528.28,384.87,713.1,378.98,636.11,471.61
90,OK,271,70,713,713,528.64,384.92,712.28,379.77,635.38,470.36
91,OK,271,71,712,712,529.04,384.66,712.27,381.28,634.68,472.51
92,OK,271,72,712,712,528.44,386.31,711.77,382.64,634.89,471.87
93,OK,271,71,710,710,528.47,384.6,711.23,380.49,633.85,471.12
94,OK,271,73,711,711,528.29,386.25,711.36,381.51,633.7,472.68
95,OK,270,72,712,712,527.0,387.24,710.37,380.62,633.46,472.4
96,OK,271,71,712,712,528.52,385.69,711.97,381.48,634.5,471.62
97,OK,269,71,713,713,525.96,387.36,709.59,380.51,632.39,470.83
98,OK,270,72,711,711,526.91,387.4,709.81,380.78,633.0,471.55
99,OK,268,68,716,716,526.72,386.71,711.1,380.17,634.31,469.18
100,OK,267,67,718,718,526.54,385.7,711.51,380.42,633.25,469.29
101,OK,265,64,722,722,526.15,386.43,711.91,379.99,634.41,467.27
102,OK,270,68,715,715,527.36,385.46,711.46,379.89,634.72,468.74
103,OK,266,63,723,723,526.0,385.81,712.04,378.93,635.48,466.84
104,OK,266,63,722,722,526.2,385.73,711.93,378.56,635.91,466.27
105,OK,268,66,716,716,526.51,385.29,710.88,378.23,634.06,466.66
106,OK,274,72,709,709,529.35,385.1,712.0,381.5,635.99,469.99
107,OK,274,71,709,709,529.72,384.59,712.19,380.46,636.67,468.68
108,OK,271,67,715,715,527.83,384.82,711.79,378.37,637.46,466.93
109,OK,274,71,708,708,529.14,383.79,711.47,380.1,635.98,469.07
110,OK,272,67,714,714,528.41,384.74,712.26,378.4,638.07,467.42
111,OK,270,67,714,714,527.72,384.17,711.53,378.72,634.65,467.62
112,OK,273,71,711,711,528.7,384.4,711.72,381.26,636.53,469.55
113,OK,272,65,717,717,528.83,383.25,713.57,378.94,638.96,466.25
114,OK,273,63,718,718,529.83,382.4,714.66,377.52,642.29,464.68
115,OK,272,65,717,717,528.92,383.05,713.63,379.45,639.34,466.4
116,OK,268,55,728,728,528.46,381.51,715.74,375.04,643.39,461.33
117,OK,270,58,727,727,528.98,382.81,716.05,375.71,644.28,464.3
118,OK,272,60,721,721,529.04,383.72,714.56,374.39,643.81,462.88
119,OK,271,58,724,724,529.3,382.57,715.67,375.19,643.93,462.13
120,OK,271,59,723,723,528.66,383.22,714.57,374.77,642.87,461.99
121,OK,271,58,723,723,529.06,382.89,715.1,375.42,643.01,460.61
122,OK,269,60,725,725,527.54,385.48,713.96,376.51,642.56,463.07
123,OK,271,63,719,719,526.74,390.15,711.49,378.64,642.14,461.09
124,OK,271,61,723,723,528.2,389.07,714.24,380.04,644.73,461.13
125,OK,271,61,722,722,527.41,389.23,712.92,377.75,645.44,462.07
126,OK,272,63,720,720,527.64,390.01,712.72,379.08,643.91,462.32
127,OK,268,58,728,728,528.12,383.58,715.38,376.03,643.95,465.46
128,OK,270,59,727,727,528.67,383.88,715.75,376.26,644.43,465.85
129,OK,269,63,718,718,528.23,380.61,713.06,377.19,636.33,467.08
130,OK,271,62,718,718,530.28,376.5,715.19,376.57,637.68,467.45
131,OK,267,66,713,713,524.94,379.82,708.62,375.24,630.84,468.46
132,OK,260,55,725,725,522.11,378.96,708.68,371.5,628.92,458.81
133,OK,256,51,728,728,519.16,378.64,706.53,369.64,627.57,457.3
134,OK,259,53,721,721,520.57,374.61,706.2,369.08,626.22,456.15
135,OK,270,55,715,715,527.23,369.44,711.47,368.23,636.13,456.19
136,OK,264,46,727,727,524.24,368.82,711.47,364.37,636.71,452.2
137,OK,257,44,732,732,520.82,370.37,709.23,365.4,632.9,452.85
138,OK,256,47,728,728,519.43,370.87,706.73,364.91,628.68,455.18
139,OK,256,45,728,728,518.84,370.16,706.18,363.62,627.6,451.73
140,OK,258,46,727,727,520.05,370.01,707.12,364.21,629.56,452.33
141,OK,259,47,725,725,519.71,371.17,706.36,362.94,629.9,451.51
142,OK,259,47,725,725,520.04,370.7,706.52,362.98,629.78,451.53
143,OK,258,46,726,726,520.12,370.19,706.92,364.02,628.97,451.88
144,OK,261,46,722,722,520.35,369.5,706.29,361.97,630.99,450.12
145,OK,265,49,719,719,522.43,370.33,707.36,362.82,633.63,450.11
146,OK,264,50,717,717,521.36,371.26,705.83,363.34,630.66,450.25
147,OK,262,50,719,719,520.55,371.48,705.47,363.29,629.53,450.85
148,OK,260,48,720,720,520.23,371.22,705.49,362.9,628.69,450.6
149,OK,261,48,721,721,520.21,371.8,705.72,363.16,629.96,449.48
150,OK,259,45,725,725,519.48,370.9,705.97,362.43,629.57,447.96
151,OK,259,46,722,722,519.95,370.82,705.68,362.3,628.85,447.8
152,OK,261,48,721,721,520.26,371.06,705.75,361.86,629.85,450.05
153,OK,259,46,722,722,519.6,369.46,705.43,361.54,628.55,449.04
154,OK,259,43,724,724,519.97,369.58,706.2,360.66,629.95,445.7
155,OK,261,42,724,724,521.29,368.24,707.52,359.68,632.12,445.86
156,OK,262,43,723,723,521.58,368.16,707.74,359.64,632.55,445.1
157,OK,259,42,727,727,520.85,368.8,707.82,361.13,630.96,445.35
158,OK,261,43,723,723,520.91,368.33,707.01,360.47,630.69,444.72
159,OK,260,45,722,722,520.86,369.0,706.63,361.28,629.91,447.79
160,OK,261,47,721,721,520.77,370.51,706.16,362.2,629.25,448.47
161,OK,259,50,718,718,518.79,378.13,703.46,366.59,626.1,446.72
162,OK,260,49,719,719,519.32,378.63,704.03,366.47,627.97,443.88
163,OK,261,48,719,719,520.73,375.89,705.76,366.67,628.58,443.28
164,OK,261,49,719,719,519.91,378.02,704.67,366.78,628.08,444.47
165,OK,258,49,720,720,518.45,378.38,703.65,367.28,625.86,446.17
166,OK,255,45,726,726,517.84,378.28,704.47,366.65,626.38,444.19
167,OK,256,43,726,726,517.85,377.91,704.32,364.46,628.48,442.53
168,OK,257,45,724,724,518.18,377.93,704.38,365.66,627.03,443.27
169,OK,258,44,722,722,518.81,376.32,704.35,364.73,628.17,441.14
170,OK,258,48,722,722,518.15,376.31,703.91,365.29,627.09,447.37
171,OK,260,49,721,721,518.87,377.23,704.22,364.5,629.76,447.37
172,OK,257,48,722,722,517.5,378.45,703.0,365.5,626.88,446.78
173,OK,258,48,723,723,517.81,377.65,703.6,364.99,627.49,447.12
174,OK,259,50,719,719,517.77,378.67,702.59,365.11,627.6,447.16
175,OK,261,50,719,719,519.45,377.01,704.35,365.61,628.95,448.58
176,OK,256,47,724,724,517.5,377.13,703.53,365.05,626.2,447.12
177,OK,259,48,721,721,519.29,372.15,704.71,363.55,626.94,450.11
178,OK,258,44,724,724,519.36,369.44,705.64,360.61,628.39,448.14
179,OK,257,45,724,724,519.09,370.38,705.3,361.53,627.59,448.81
180,OK,259,44,724,724,519.86,369.25,706.29,361.13,629.31,448.51
181,OK,258,45,725,725,519.64,369.67,706.19,361.84,628.7,448.91
182,OK,265,50,716,716,522.41,370.4,706.69,362.76,631.45,449.96
183,OK,267,49,716,716,524.22,368.69,708.51,362.08,634.62,449.3
184,OK,266,49,717,717,523.42,369.47,708.05,361.65,633.42,450.1
185,OK,266,51,715,715,522.81,370.74,706.87,361.71,631.83,449.89
186,OK,266,48,717,717,522.46,369.23,706.96,360.73,633.42,447.89
187,OK,257,45,717,717,515.6,369.2,699.96,358.49,623.33,442.81
188,OK,259,49,710,710,514.95,372.31,697.59,361.15,621.98,442.14
189,OK,257,40,713,713,512.48,370.5,695.57,357.13,623.24,429.82
190,OK,252,41,713,713,509.41,367.09,692.62,354.42,615.36,435.19
191,OK,249,38,716,716,509.09,365.5,693.02,350.82,614.02,434.52
192,OK,248,41,712,712,507.0,368.33,689.71,351.73,611.08,435.31
193,OK,249,41,713,713,505.56,367.13,688.15,348.03,613.82,436.53
194,OK,247,48,707,707,503.55,371.45,684.78,352.7,607.65,441.08
195,OK,248,45,710,710,505.91,370.69,687.94,354.38,609.34,438.7
196,OK,249,45,707,707,505.59,371.01,686.67,352.56,609.85,435.78
197,OK,250,32,718,718,508.36,367.91,692.51,350.07,618.32,424.08
198,OK,249,40,708,708,505.73,370.09,687.03,350.7,610.64,428.91
199,OK,247,43,709,709,504.01,370.61,685.74,352.13,607.83,433.7
200,OK,247,44,708,708,504.18,371.28,685.64,353.59,607.68,434.57
201,OK,245,48,708,708,502.63,370.68,684.13,353.83,605.5,442.63
202,OK,249,51,703,703,502.94,371.61,683.29,355.53,607.34,442.32
203,OK,244,42,715,715,502.53,369.35,685.8,350.15,609.81,439.29
204,OK,246,40,715,715,504.23,369.37,687.41,350.35,610.96,435.27
205,OK,244,37,716,716,503.22,370.39,686.36,348.65,611.2,431.72
206,OK,250,40,715,715,507.23,370.03,690.25,350.14,616.96,435.26
207,OK,251,41,717,717,508.74,372.6,692.56,354.23,618.47,435.2
208,OK,255,47,710,710,511.13,373.67,693.24,357.46,618.29,439.05
209,OK,255,48,710,710,512.75,372.23,695.12,359.6,618.02,441.79
210,OK,257,51,709,709,513.62,373.02,695.91,361.86,618.16,443.13
211,OK,258,52,709,709,514.6,373.03,696.87,361.72,620.2,445.49
212,OK,258,53,708,708,514.45,373.99,696.3,361.36,619.56,446.88
213,OK,259,48,712,712,515.89,373.31,698.64,359.27,623.05,443.04
214,OK,255,44,721,721,515.18,372.75,700.24,358.46,622.67,443.39
215,OK,253,42,725,725,513.76,374.69,699.74,358.22,623.28,442.12
216,OK,255,45,721,721,514.23,376.96,699.12,358.5,625.02,443.82
217,OK,255,44,722,722,514.98,376.91,700.16,359.14,626.12,443.59
218,OK,256,40,727,727,516.75,374.79,703.22,358.69,628.77,441.0
219,OK,255,42,726,726,516.4,375.81,702.57,359.43,628.34,443.22
220,OK,256,40,729,729,517.51,374.87,704.54,359.63,630.7,442.34
221,OK,261,48,720,720,520.02,374.14,705.17,362.03,631.14,448.1
222,OK,263,48,719,719,520.09,374.67,704.84,361.22,631.64,446.76
223,OK,261,47,721,721,519.93,373.69,705.11,360.58,631.27,447.31
224,OK,262,48,719,719,519.6,375.33,704.27,361.3,630.7,445.75
225,OK,262,47,718,718,519.87,375.43,704.21,360.0,631.69,445.0
226,OK,260,45,722,722,518.95,375.22,704.26,360.5,630.88,444.38
227,OK,258,44,723,723,517.85,375.12,703.56,360.13,628.94,442.81
228,OK,256,42,725,725,516.16,375.85,702.01,358.99,627.18,441.1
229,OK,258,44,721,721,517.42,374.44,702.53,359.37,626.63,442.62
230,OK,255,42,723,723,516.03,374.01,701.61,358.98,625.07,441.21
231,OK,256,44,722,722,516.55,373.84,701.84,359.27,625.37,444.87
232,OK,255,46,719,719,515.71,373.2,700.4,359.36,621.86,444.06
233,OK,256,46,719,719,516.44,372.46,701.08,359.3,623.24,444.57
234,OK,255,43,723,723,515.63,373.64,701.27,358.21,624.97,443.11
235,OK,252,40,726,726,514.39,373.53,700.68,357.33,624.16,441.36
236,OK,255,42,722,722,515.64,373.09,701.07,358.05,624.46,440.92
237,OK,254,42,725,725,515.18,374.53,701.14,358.06,624.72,442.09
238,OK,253,42,724,724,515.3,373.8,701.29,358.95,623.37,442.5
239,OK,256,42,725,725,516.85,374.36,702.93,359.0,626.78,442.31
240,OK,256,43,724,724,517.66,374.37,703.6,360.34,627.02,443.36
241,OK,256,44,723,723,516.96,374.74,702.65,359.9,625.89,443.96
242,OK,258,44,723,723,518.21,374.42,703.81,360.21,628.22,442.82
243,OK,258,42,724,724,517.85,375.06,703.74,359.59,629.3,441.73
244,OK,260,45,722,722,519.25,374.72,704.76,361.51,630.28,445.29
245,OK,259,44,724,724,519.49,373.41,705.63,361.98,630.1,445.22
246,OK,263,49,717,717,519.97,375.71,704.11,361.48,630.45,446.7
247,OK,260,49,717,717,518.47,374.99,702.71,361.78,626.49,446.18
248,OK,262,48,718,718,519.79,374.55,704.23,361.79,630.38,446.35
249,OK,261,49,718,718,518.63,375.67,703.22,362.56,629.15,447.47
250,OK,261,48,717,717,518.79,375.65,702.91,362.17,628.84,445.02
251,OK,259,47,721,721,518.07,375.2,703.35,361.98,628.48,447.16
252,OK,258,47,720,720,517.79,375.61,702.86,362.76,626.77,445.85
253,OK,259,48,718,718,518.19,375.25,702.65,362.7,627.03,445.83
254,OK,258,48,721,721,518.46,372.72,703.94,363.14,625.25,448.32
255,OK,262,51,715,715,519.17,374.28,702.94,362.61,627.13,448.61
256,OK,260,51,714,714,518.62,375.02,701.95,362.22,625.08,447.85
257,OK,261,51,714,714,518.98,375.12,702.47,362.92,626.74,448.6
258,OK,260,51,716,716,518.82,374.29,702.81,362.86,625.38,449.86
259,OK,260,50,718,718,519.31,373.36,703.96,363.1,626.95,451.29
260,OK,259,50,719,719,519.09,373.3,703.94,362.66,626.46,450.48
261,OK,256,48,720,720,517.58,373.27,702.62,362.2,623.44,449.53
262,OK,257,48,721,721,517.69,373.43,703.1,361.74,623.95,448.86
263,OK,260,49,719,719,519.8,373.63,704.69,362.06,627.67,449.12
264,OK,259,47,722,722,520.01,373.84,705.61,362.17,628.97,449.52
265,OK,261,49,720,720,520.86,373.5,705.94,362.65,629.45,450.15
266,OK,258,47,723,723,518.99,374.12,704.76,361.75,627.97,449.35
267,OK,261,48,720,720,520.08,374.67,705.13,361.38,629.73,449.19
268,OK,259,46,725,725,519.62,374.42,705.95,362.17,629.31,449.24
269,OK,263,50,718,718,522.35,374.11,707.04,363.16,631.25,450.24
270,OK,265,48,721,721,523.58,372.75,708.87,362.21,634.27,448.93
271,OK,266,50,719,719,523.77,373.32,708.75,362.88,634.37,450.44
272,OK,266,52,716,716,523.54,374.97,707.57,363.85,633.42,451.49
273,OK,267,50,717,717,524.24,374.12,708.56,363.69,633.61,448.05
274,OK,269,52,713,713,525.74,373.53,709.09,364.32,634.0,448.67
275,OK,270,52,714,714,526.78,373.22,710.56,365.0,636.69,449.45
276,OK,270,52,713,713,526.3,373.04,709.77,364.95,634.92,448.78
277,OK,268,51,717,717,525.22,374.13,709.68,364.87,634.91,448.97
278,OK,266,49,717,717,523.91,374.16,708.23,362.74,633.62,446.72
279,OK,266,51,717,717,523.68,374.9,707.9,363.47,633.23,449.7
280,OK,264,52,716,716,523.28,375.01,707.37,365.1,630.66,450.32
281,OK,266,51,717,717,523.67,375.59,708.03,364.37,632.85,449.6
282,OK,266,53,716,716,524.58,374.42,708.81,365.92,632.57,452.27
283,OK,268,54,714,714,525.56,375.25,709.15,366.86,633.28,452.36
284,OK,268,54,714,714,525.0,375.79,708.62,366.68,633.59,452.36
285,OK,269,54,713,713,525.57,375.8,708.96,366.68,633.97,450.24
286,OK,268,52,715,715,525.31,375.8,709.16,366.08,633.54,448.14
287,OK,269,56,712,712,525.78,375.79,709.09,367.76,633.41,453.12
288,OK,267,52,718,718,526.15,375.09,710.94,368.52,634.37,451.47
289,OK,272,57,711,711,527.65,376.66,710.67,369.03,635.85,453.08
290,OK,271,55,713,713,527.36,375.0,710.96,367.43,636.18,450.99
291,OK,268,52,716,716,526.62,374.58,710.8,367.14,635.28,450.31
292,OK,268,53,714,714,525.54,374.63,709.3,366.16,634.56,451.32
293,OK,269,54,715,715,525.9,374.39,709.83,366.37,634.64,452.38
294,OK,267,53,717,717,525.54,374.44,710.09,367.8,633.55,452.55
295,OK,271,56,711,711,527.1,374.04,709.96,366.34,635.36,452.02
296,OK,267,52,716,716,525.02,374.56,709.31,366.29,633.0,451.49
297,OK,268,53,717,717,525.87,374.23,710.36,366.99,634.72,451.91
298,OK,269,54,714,714,526.43,374.42,710.1,366.65,635.18,451.51
299,OK,271,54,713,713,526.29,374.68,709.86,366.37,635.99,450.84
300,OK,271,53,713,713,526.26,374.53,709.75,365.18,636.19,449.87
301,OK,268,52,715,715,525.32,374.27,709.36,365.8,633.46,449.85
302,OK,269,52,714,714,525.85,374.22,709.5,365.66,634.45,449.77
303,OK,268,53,714,714,525.35,374.64,708.89,365.13,634.16,450.53
304,OK,267,52,716,716,524.69,375.5,708.79,365.02,634.88,450.17
305,OK,268,51,716,716,525.43,374.68,709.64,365.58,635.11,449.61
306,OK,268,50,717,717,525.2,375.46,709.59,364.42,635.89,447.43
307,OK,269,52,715,715,525.23,374.85,709.08,364.72,635.52,449.33
308,OK,271,52,714,714,527.09,374.14,710.76,365.54,637.14,448.62
309,OK,269,53,714,714,526.83,374.46,710.51,366.75,635.11,450.87
310,OK,268,54,715,715,526.14,374.75,710.32,368.63,633.24,451.84
311,OK,267,53,717,717,526.01,374.94,710.48,368.99,632.56,451.23
312,OK,271,56,713,713,527.19,374.98,710.71,367.85,635.97,452.83
313,OK,267,52,718,718,526.29,375.19,711.11,367.9,634.9,450.72
314,OK,269,55,714,714,526.81,376.09,710.49,369.16,634.78,453.35
315,OK,270,55,715,715,526.9,375.4,711.0,368.99,635.35,452.51
316,OK,268,53,716,716,525.94,375.24,710.16,368.28,634.39,450.84
317,OK,268,54,714,714,525.96,374.99,709.7,367.7,633.85,452.49
318,OK,266,52,718,718,524.97,374.9,709.76,367.15,633.61,451.67
319,OK,269,55,712,712,525.9,375.32,709.09,367.28,633.35,452.16
320,OK,267,53,716,716,525.3,374.55,709.67,367.22,633.2,451.22
321,OK,268,54,715,715,525.22,375.33,709.3,367.5,633.1,452.51
322,OK,266,51,718,718,525.32,374.96,710.01,367.54,633.39,450.34
323,OK,267,53,716,716,525.5,374.73,709.75,367.57,633.23,451.77
324,OK,267,53,717,717,525.56,375.38,710.02,367.97,633.31,451.34
325,OK,264,51,721,721,523.76,376.64,709.16,367.42,632.47,450.46
326,OK,266,54,717,717,524.91,375.56,709.52,368.81,631.93,452.74
327,OK,266,53,717,717,524.8,376.32,709.36,368.77,632.28,451.17
328,OK,263,49,723,723,523.73,374.96,709.9,368.39,631.26,449.75
329,OK,267,53,717,717,525.32,375.76,709.92,368.29,632.77,450.78
330,OK,265,53,718,718,524.47,375.8,709.29,368.22,632.34,452.07
331,OK,266,53,718,718,524.82,376.04,709.7,368.27,633.57,452.61
332,OK,264,51,720,720,524.39,376.4,709.55,367.58,632.88,450.03
333,OK,265,51,720,720,524.67,374.97,710.1,368.41,632.93,450.79
334,OK,266,53,717,717,524.29,376.5,708.77,367.94,632.31,451.74
335,OK,266,54,716,716,524.45,376.38,708.64,367.8,631.93,452.45
336,OK,267,55,715,715,524.44,376.01,708.46,367.07,632.49,452.76
337,OK,265,50,719,719,523.78,375.41,708.63,365.95,632.32,449.04
338,OK,264,49,720,720,523.69,375.29,709.02,366.17,632.63,448.84
339,OK,266,51,717,717,523.83,375.4,708.26,365.25,632.53,448.59
340,OK,265,50,718,718,523.27,376.55,707.85,364.69,633.84,448.26
341,OK,263,49,721,721,522.34,376.02,707.7,364.36,632.41,448.2
342,OK,264,48,720,720,522.64,375.68,707.78,363.46,633.56,448.31
343,OK,264,49,719,719,522.45,375.37,707.18,363.94,632.47,448.26
344,OK,267,52,715,715,523.49,375.72,707.27,363.44,634.02,449.74
345,OK,266,50,716,716,523.2,376.11,707.16,363.26,633.76,447.72
346,OK,266,51,716,716,523.51,375.79,707.46,364.22,633.36,448.56
347,OK,266,51,716,716,523.91,375.73,707.91,364.52,633.89,448.73
348,OK,266,52,714,714,523.34,375.81,707.0,364.16,632.17,449.78
349,OK,266,50,716,716,523.64,375.67,707.74,363.7,633.36,447.38
350,OK,268,51,716,716,525.21,373.43,709.32,364.43,634.94,449.25
351,OK,270,52,712,712,525.94,375.16,709.15,364.7,636.23,447.77
352,OK,269,52,714,714,525.57,374.71,709.24,365.0,635.72,449.71
353,OK,268,52,717,717,525.96,371.44,710.63,365.9,633.91,451.62
354,OK,268,51,717,717,525.74,371.59,710.3,365.08,634.36,450.35
355,OK,265,49,721,721,524.69,371.29,710.39,364.58,633.28,450.54
356,OK,267,51,717,717,525.21,371.92,709.72,365.13,632.99,451.41
357,OK,265,46,721,721,524.71,374.14,710.31,365.63,633.5,443.99
358,OK,266,49,719,719,525.05,374.08,710.06,365.69,634.33,447.71
359,OK,266,50,718,718,524.92,372.66,709.75,364.1,634.2,450.62
360,OK,268,53,715,715,525.87,371.92,710.0,366.12,633.82,452.84
361,OK,268,53,715,715,525.93,371.7,709.99,365.59,633.85,452.69
362,OK,271,54,711,711,526.27,373.15,709.29,363.77,634.76,450.76
363,OK,268,53,715,715,526.01,371.35,709.98,365.17,633.09,452.24
364,OK,269,56,711,711,525.37,373.21,708.33,365.69,632.49,453.91
365,OK,265,51,718,718,524.57,372.79,709.22,365.01,632.68,451.56
366,OK,266,50,718,718,524.4,372.18,709.21,363.46,633.38,450.25
367,OK,263,48,723,723,523.33,372.33,709.42,364.93,632.27,450.33
368,OK,262,48,723,723,522.07,373.21,707.93,363.71,631.9,450.3
369,OK,264,49,720,720,523.28,373.38,708.52,363.61,632.74,450.27
370,OK,265,49,721,721,523.98,375.34,709.42,365.99,634.45,447.58
371,OK,270,56,711,711,524.37,383.74,707.01,369.52,635.13,446.3
372,OK,265,51,718,718,523.3,375.91,707.87,365.98,632.64,450.11
373,OK,260,47,724,724,520.81,376.34,706.86,363.86,631.79,449.24
374,OK,259,48,725,725,519.79,375.15,706.19,363.02,630.43,452.07
375,OK,260,47,725,725,521.02,373.74,707.52,362.78,631.23,450.15
376,OK,259,48,724,724,520.58,374.89,706.77,363.43,630.24,451.5
377,OK,260,47,724,724,521.6,373.78,707.74,362.91,631.22,450.86
378,OK,261,48,723,723,521.45,373.67,707.33,363.15,630.81,451.27
379,OK,260,49,723,723,520.62,374.76,706.4,363.29,630.25,452.81
380,OK,264,51,718,718,521.65,374.92,706.33,363.62,632.12,452.59
381,OK,261,50,723,723,521.29,374.34,707.2,364.49,630.66,453.07
382,OK,260,50,723,723,521.01,373.48,706.99,365.27,629.79,452.92
383,OK,260,48,725,725,520.85,372.56,707.37,364.95,629.91,452.35
384,OK,261,49,723,723,520.8,374.11,706.88,364.44,630.85,452.71
385,OK,258,48,726,726,520.94,372.49,707.72,366.02,629.65,454.41
386,OK,257,47,727,727,519.27,373.74,706.35,364.21,628.19,451.74
387,OK,258,47,726,726,520.38,373.45,707.23,365.02,629.13,451.39
388,OK,256,44,730,730,519.51,372.82,707.24,363.36,629.61,450.44
389,OK,255,45,730,730,519.01,373.17,706.84,364.19,628.68,452.11
390,OK,260,49,725,725,520.65,373.87,707.18,364.57,630.8,452.92
391,OK,260,48,724,724,520.98,373.35,707.32,363.93,631.11,452.2
392,OK,258,47,726,726,520.83,372.64,707.76,364.67,629.61,452.55
393,OK,259,46,726,726,520.55,373.45,707.29,363.67,630.79,450.69
394,OK,256,45,731,731,520.01,372.12,708.04,364.74,629.74,452.19
395,OK,256,44,731,731,519.27,372.33,707.33,363.6,629.15,450.98
396,OK,257,45,728,728,519.72,372.71,706.97,363.56,629.18,449.9
397,OK,261,49,722,722,521.2,372.78,706.99,364.15,630.72,453.28
398,OK,261,50,722,722,521.39,372.65,707.27,365.05,630.0,454.12
399,OK,264,52,719,719,522.26,373.67,707.17,363.6,631.97,453.71
400,OK,261,49,722,722,521.36,373.43,707.19,363.8,631.64,451.99
401,OK,257,46,729,729,520.06,372.07,707.71,365.59,628.77,452.75
402,OK,258,46,726,726,520.78,372.11,707.73,365.18,629.25,450.93
403,OK,262,51,721,721,521.65,373.15,707.11,365.16,630.47,453.1
404,OK,264,50,720,720,523.33,371.15,708.67,365.29,632.12,452.59
405,OK,262,52,720,720,521.81,373.29,707.25,366.32,630.44,455.06
406,OK,263,52,718,718,522.47,372.61,707.28,365.85,630.82,454.19
407,OK,263,52,719,719,521.7,374.55,706.69,366.18,630.13,452.93
408,OK,259,49,722,722,520.29,373.65,706.15,365.78,628.14,452.27
409,OK,263,51,718,718,521.54,373.82,706.29,364.98,630.26,451.05
410,OK,262,51,720,720,521.88,373.05,707.13,365.25,630.89,452.9
411,OK,263,51,719,719,522.15,372.7,707.15,364.27,631.23,452.04
412,OK,263,52,719,719,522.14,372.53,707.26,365.35,630.54,453.28
413,OK,260,48,723,723,521.08,372.7,707.12,364.65,629.13,449.97
414,OK,263,51,719,719,522.13,371.92,707.3,365.35,630.05,452.52
415,OK,264,53,717,717,521.82,373.16,706.35,365.18,630.25,454.68
416,OK,261,50,721,721,521.13,372.62,706.7,365.0,629.32,452.87
417,OK,265,54,715,715,521.77,374.72,705.58,364.84,630.91,453.56
418,OK,263,57,710,710,518.4,386.56,700.69,371.39,626.8,445.8
419,OK,256,49,723,723,516.89,379.89,702.58,366.0,625.0,449.0
420,OK,256,48,725,725,517.53,375.76,703.89,363.92,625.74,450.9
421,OK,258,49,722,722,519.17,374.0,704.78,364.22,627.09,452.33
422,OK,262,52,719,719,520.93,374.06,706.02,365.09,629.05,453.47
423,OK,261,50,721,721,521.16,373.27,706.79,365.27,629.62,452.41
424,OK,262,51,720,720,521.89,373.48,707.04,365.12,630.53,452.86
425,OK,259,48,724,724,520.84,372.89,707.05,364.79,630.01,452.38
426,OK,263,51,718,718,521.8,374.12,706.53,364.64,631.46,452.18
427,OK,262,49,721,721,521.25,373.15,706.86,364.29,630.18,451.04
428,OK,260,50,722,722,521.08,373.5,706.87,365.03,629.63,453.08
429,OK,263,52,720,720,522.23,373.2,707.61,366.03,631.27,454.78
430,OK,268,54,715,715,523.99,373.3,708.1,365.43,634.32,454.53
431,OK,262,51,721,721,521.43,373.56,706.99,365.02,631.05,453.46
432,OK,263,52,718,718,521.43,374.71,705.95,364.32,631.37,453.94
433,OK,261,50,722,722,520.76,374.91,706.41,364.66,630.74,452.77
434,OK,258,49,725,725,519.33,375.61,705.8,364.77,627.98,451.92
435,OK,258,49,724,724,519.51,375.43,705.67,365.04,627.93,452.11
436,OK,257,47,726,726,520.01,374.4,706.65,365.23,628.6,450.99
437,OK,260,48,724,724,520.99,374.33,707.13,365.14,630.33,451.61
438,OK,261,50,722,722,520.87,374.48,706.71,364.83,630.64,453.15
439,OK,264,52,718,718,521.93,375.58,706.65,364.47,633.38,453.77
440,OK,260,49,723,723,520.06,374.65,706.04,364.38,629.21,452.2
441,OK,259,49,723,723,519.81,374.94,705.7,364.77,628.17,452.02
442,OK,263,51,720,720,521.99,375.19,707.21,364.62,633.38,453.79
443,OK,263,53,718,718,521.48,375.56,705.99,365.07,632.11,454.3
444,OK,261,51,720,720,520.3,375.83,705.33,364.43,629.99,452.7
445,OK,264,53,717,717,521.08,375.92,705.32,364.13,630.88,453.25
446,OK,264,52,718,718,521.83,375.55,706.5,364.89,632.32,453.44
447,OK,263,52,720,720,523.1,372.69,708.38,366.67,632.25,455.3
448,OK,265,53,719,719,523.55,371.83,708.67,365.1,633.71,455.64
449,OK,265,53,718,718,523.48,372.84,708.15,365.02,633.65,455.61
450,OK,262,50,719,719,519.95,379.85,704.67,365.96,630.7,446.22
451,OK,261,52,721,721,520.18,378.67,705.38,365.31,630.69,453.5
452,OK,261,49,724,724,521.32,374.35,707.5,363.85,632.22,453.34
453,OK,257,47,729,729,519.75,373.88,707.24,364.22,630.28,452.95
454,OK,258,47,727,727,519.86,374.14,706.9,363.81,630.15,451.52
455,OK,259,48,726,726,520.35,375.11,707.02,363.76,631.26,452.75
456,OK,259,48,726,726,520.78,374.26,707.48,364.11,631.27,453.84
457,OK,262,51,720,720,520.98,375.59,706.14,363.66,631.69,452.74
458,OK,264,50,721,721,522.29,373.48,707.66,363.86,633.11,451.44
459,OK,262,48,724,724,522.96,371.44,709.48,365.88,632.01,453.29
460,OK,264,51,721,721,522.92,372.42,708.54,365.87,632.78,454.5
461,OK,262,50,722,722,522.78,372.11,708.58,365.31,632.07,453.64
462,OK,266,52,717,717,523.51,371.93,708.01,364.51,632.39,452.6
463,OK,264,51,719,719,523.04,371.72,707.99,365.14,631.66,451.92
464,OK,262,48,722,722,522.6,371.26,708.51,364.34,631.81,451.31
465,OK,265,52,718,718,523.14,373.62,707.87,365.0,633.23,453.12
466,OK,262,49,722,722,522.47,371.95,708.43,365.43,631.86,453.01
467,OK,264,51,719,719,522.75,372.13,707.67,364.11,631.76,452.24
468,OK,267,51,717,717,523.86,372.84,708.2,363.8,634.18,451.33
469,OK,266,53,716,716,524.15,373.49,708.31,365.03,633.77,453.75
470,OK,264,52,718,718,522.61,373.9,707.27,363.79,631.78,453.17
471,OK,260,49,722,722,519.84,376.25,705.31,363.12,630.65,451.32
472,OK,259,50,723,723,519.23,377.22,705.12,364.52,628.48,452.54
473,OK,260,50,722,722,519.66,377.41,705.08,364.08,629.82,453.02
474,OK,260,50,723,723,520.4,376.87,706.17,364.33,630.56,452.05
475,OK,262,52,717,717,520.35,377.04,704.65,363.85,629.03,450.51
476,OK,263,51,719,719,521.11,376.89,705.87,363.81,630.91,450.76
477,OK,264,51,719,719,521.9,376.84,706.62,363.71,632.28,450.44
478,OK,262,50,720,720,521.47,376.99,706.52,364.21,631.59,450.27
479,OK,262,51,720,720,520.92,377.64,706.01,364.63,631.13,452.22
480,OK,265,54,716,716,522.46,377.76,706.4,365.47,632.81,453.63
481,OK,262,51,718,718,520.31,377.58,704.81,363.88,630.06,450.55
482,OK,263,52,719,719,520.99,377.34,705.75,364.53,630.82,451.14
483,OK,261,50,720,720,520.95,377.55,706.03,364.83,630.32,450.2
484,OK,261,49,723,723,521.38,376.37,707.16,364.7,631.32,450.8
485,OK,261,51,723,723,521.06,377.3,706.9,365.31,630.6,453.03
486,OK,259,49,724,724,520.09,376.73,706.13,364.95,629.29,452.17
487,OK,262,53,719,719,520.51,377.74,705.21,364.59,630.27,453.2
488,OK,261,54,718,718,519.91,378.23,704.36,364.74,629.64,454.69
489,OK,264,54,715,715,520.59,378.11,704.36,364.33,629.86,452.47
490,OK,260,50,720,720,519.52,378.17,704.52,364.02,629.75,450.47
491,OK,261,52,719,719,519.01,379.94,703.56,364.61,629.04,451.49
492,OK,260,51,720,720,519.19,378.95,703.94,363.99,628.89,451.14
493,OK,263,53,716,716,520.67,377.8,704.46,363.98,630.57,452.2
494,OK,259,50,720,720,518.97,378.72,703.99,364.98,628.42,449.09
495,OK,260,51,720,720,519.76,378.56,704.62,364.58,629.4,450.86
496,OK,263,52,718,718,521.98,377.17,706.5,365.39,631.24,452.14
497,OK,263,51,719,719,521.82,376.72,706.63,364.81,630.9,451.13
498,OK,265,52,717,717,522.34,376.81,706.59,364.2,632.59,451.36
499,OK,264,53,716,716,521.7,378.02,705.66,364.85,631.34,451.4
500,OK,263,50,719,719,520.68,378.77,705.26,363.84,632.41,448.01
501,OK,259,48,722,722,519.83,377.12,705.49,364.41,628.64,448.67
502,OK,261,50,720,720,520.9,376.61,706.07,365.51,629.58,449.85
503,OK,261,50,721,721,520.5,376.08,705.96,364.56,629.12,451.11
504,OK,262,53,718,718,520.94,378.09,705.43,365.87,629.82,453.12
505,OK,265,53,717,717,522.5,377.3,706.79,366.01,631.98,450.92
506,OK,260,49,721,721,519.66,377.03,704.92,365.17,628.13,448.65
507,OK,256,47,726,726,517.9,378.64,704.3,364.84,627.29,449.51
508,OK,260,50,721,721,519.11,377.92,704.38,364.12,628.96,449.71
509,OK,259,49,722,722,519.94,376.61,705.51,365.98,627.71,449.96
510,OK,258,50,722,722,519.21,376.71,704.98,365.95,626.1,450.74
511,OK,259,50,722,722,519.6,378.25,705.13,366.04,628.02,450.59
512,OK,256,46,727,727,517.53,377.91,704.2,363.6,627.62,447.97
513,OK,258,49,722,722,518.2,378.0,703.69,364.32,627.72,450.08
514,OK,259,51,723,723,519.17,377.84,705.04,365.76,628.03,452.51
515,OK,259,49,723,723,519.65,376.45,705.61,364.78,628.66,450.14
516,OK,260,49,722,722,519.7,377.66,705.13,363.67,630.73,449.91
517,OK,259,50,721,721,518.87,377.31,704.08,364.68,626.8,449.91
518,OK,260,50,721,721,519.45,378.78,704.61,364.7,629.44,449.55
519,OK,258,49,722,722,518.75,377.76,704.14,364.89,627.85,450.61
520,OK,258,50,722,722,518.5,378.16,703.9,364.92,627.36,451.04
521,OK,258,48,724,724,519.21,377.63,705.33,364.44,629.0,450.35
522,OK,260,49,723,723,519.91,376.87,705.79,364.41,630.13,451.25
523,OK,256,46,726,726,516.96,379.38,703.26,362.93,628.6,448.01
524,OK,256,48,724,724,517.13,379.24,702.92,364.52,626.7,450.11
525,OK,257,49,724,724,517.69,379.16,703.71,364.93,627.85,450.14
526,OK,257,48,724,724,518.1,378.51,704.17,364.9,627.54,449.86
527,OK,258,49,725,725,518.68,377.97,704.81,364.38,629.23,451.0
528,OK,257,49,725,725,517.98,378.79,704.22,365.21,627.37,451.73
529,OK,258,49,724,724,519.44,377.33,705.44,364.71,629.43,451.09
530,OK,256,47,726,726,517.59,379.37,704.01,363.94,628.33,449.87
531,OK,259,48,722,722,519.26,377.92,704.8,363.92,628.84,448.09
532,OK,257,48,725,725,518.47,378.28,704.64,364.28,628.36,450.02
533,OK,259,51,720,720,518.71,378.8,703.67,363.86,628.15,450.8
534,OK,259,49,722,722,519.01,377.42,704.6,363.9,628.25,450.76
535,OK,260,51,721,721,519.47,376.98,704.91,365.15,627.97,452.18
536,OK,260,52,721,721,519.84,377.52,705.07,364.89,628.78,453.19
537,OK,257,48,725,725,518.37,377.31,704.54,364.52,627.05,450.41
538,OK,262,52,719,719,520.5,377.7,705.25,364.62,629.52,450.88
539,OK,259,50,723,723,519.9,376.73,705.65,364.97,628.57,451.18
540,OK,261,52,719,719,520.35,376.65,705.15,364.89,628.83,451.39
541,OK,261,53,721,721,520.65,376.64,706.15,366.34,628.89,454.96
542,OK,258,51,722,722,519.52,376.95,705.24,365.51,627.28,453.13
543,OK,257,48,726,726,518.53,377.79,705.09,364.52,628.38,450.93
544,OK,257,49,725,725,518.63,377.4,704.86,364.1,627.89,452.05
545,OK,255,48,726,726,517.11,380.03,703.5,365.15,627.05,450.91
546,OK,257,48,725,725,517.92,379.91,704.01,365.21,628.58,449.4
547,OK,256,49,726,726,517.67,380.47,704.21,366.68,628.08,450.73
548,OK,256,49,727,727,518.09,380.5,704.94,366.61,627.45,450.82
549,OK,258,51,723,723,518.17,379.68,703.77,365.56,627.39,451.93
550,OK,257,51,722,722,517.33,381.31,702.74,365.55,627.5,451.98
551,OK,257,53,722,722,517.57,381.61,702.98,366.93,626.26,454.23
552,OK,257,54,723,723,517.77,381.43,703.45,367.72,626.04,455.66
553,OK,257,52,723,723,518.16,380.78,703.97,368.64,625.0,452.85
554,OK,257,50,724,724,518.95,379.81,705.06,368.11,626.67,451.8
555,OK,257,52,723,723,517.57,381.41,703.22,366.86,626.46,453.6
556,OK,259,54,719,719,518.37,380.48,703.06,366.22,626.91,453.26
557,OK,259,55,721,721,517.85,381.31,703.01,366.76,627.9,456.17
558,OK,259,60,718,718,518.62,382.28,703.03,370.1,626.28,462.03
559,OK,260,58,719,719,518.91,382.51,703.56,368.57,627.43,459.36
560,OK,262,59,719,719,520.38,383.2,704.99,369.54,630.43,460.33
561,OK,261,60,716,716,519.42,382.89,703.48,369.86,627.15,461.48
562,OK,262,61,715,715,519.57,382.09,703.43,369.84,627.67,461.73
563,OK,258,57,720,720,517.97,382.83,702.75,368.47,627.14,459.17
564,OK,262,62,714,714,519.21,383.78,702.69,370.09,627.72,462.51
565,OK,262,59,717,717,519.89,382.82,704.09,369.41,628.87,458.91
566,OK,261,61,716,716,519.56,382.96,703.5,370.18,627.32,461.56
567,OK,259,57,720,720,519.47,382.33,704.46,369.38,628.0,458.99
568,OK,260,57,721,721,520.17,382.88,705.48,371.58,627.78,457.55
569,OK,261,58,716,716,519.05,384.9,702.91,369.85,627.55,455.08
570,OK,263,63,710,710,518.67,388.37,700.97,373.5,627.61,456.55
571,OK,259,59,718,718,518.39,385.92,702.64,369.74,627.29,459.31
572,OK,260,57,719,719,519.0,382.25,703.69,368.2,627.48,458.75
573,OK,258,55,723,723,518.39,381.06,704.27,368.64,626.94,458.49
574,OK,259,58,719,719,518.69,380.99,703.5,369.04,626.36,459.9
575,OK,258,55,720,720,518.88,379.94,703.99,368.9,626.23,457.56
576,OK,258,53,723,723,518.51,379.82,704.4,367.37,626.56,455.63
577,OK,258,53,723,723,518.38,380.01,704.23,367.25,626.9,454.9
578,OK,259,55,721,721,519.41,380.67,704.66,368.66,627.05,456.46
579,OK,258,52,725,725,519.16,380.99,705.41,368.67,627.72,454.64
580,OK,259,53,721,721,519.51,380.71,704.7,368.12,627.31,452.06
581,OK,258,55,722,722,519.32,381.58,704.98,369.73,627.17,456.91
582,OK,260,52,721,721,518.94,379.77,704.23,366.15,628.57,451.97
583,OK,258,52,721,721,517.66,380.07,702.86,365.3,625.8,452.65
584,OK,258,51,723,723,518.09,380.72,703.78,366.67,627.25,452.13
585,OK,256,50,726,726,518.46,379.53,705.08,367.91,626.26,453.29
586,OK,256,47,727,727,517.7,379.0,704.44,365.58,627.4,449.32
587,OK,255,49,726,726,517.74,378.95,704.36,365.93,626.44,452.02
588,OK,255,46,729,729,518.14,378.07,705.39,365.19,626.99,449.6
589,OK,256,48,726,726,518.21,377.89,704.81,365.65,626.61,450.72
590,OK,253,45,731,731,516.86,378.38,704.61,365.19,625.32,448.8
591,OK,253,45,730,730,516.88,378.23,704.54,364.92,625.65,450.4
592,OK,254,46,728,728,516.94,377.96,703.83,364.2,625.78,449.83
593,OK,257,48,725,725,517.71,378.81,704.0,364.34,627.26,449.67
594,OK,258,49,723,723,518.17,379.14,703.8,364.42,627.89,449.12
595,OK,254,48,727,727,517.15,378.44,703.88,365.88,624.89,450.08
596,OK,256,50,724,724,517.8,380.04,703.86,366.13,626.38,452.15
597,OK,258,51,720,720,518.77,375.66,703.87,364.23,626.57,453.74
598,OK,261,53,719,719,519.97,374.32,704.94,364.54,627.82,455.71
599,OK,262,53,717,717,520.31,374.58,704.77,364.99,627.79,454.02
600,OK,258,50,722,722,518.99,374.39,704.7,364.59,626.41,454.51
601,OK,258,52,721,721,518.42,375.66,703.9,364.87,626.21,454.64
602,OK,259,55,717,717,517.54,378.24,701.73,364.93,625.62,455.98
603,OK,258,56,718,718,517.83,379.09,702.26,366.9,625.64,458.57
604,OK,259,58,719,719,517.38,385.76,701.98,370.43,626.32,457.46
605,OK,263,63,710,710,518.67,388.28,701.09,373.6,627.22,455.11
606,OK,253,55,726,726,514.89,385.58,701.13,368.93,624.24,459.39
607,OK,254,53,724,724,515.93,382.04,701.7,366.43,624.97,456.72
608,OK,255,54,723,723,515.62,381.22,701.31,366.27,624.25,457.29
609,OK,257,58,721,721,516.41,383.45,701.58,367.91,625.2,461.24
610,OK,259,61,716,716,517.56,383.94,701.45,368.85,625.51,461.86
611,OK,260,61,717,717,518.28,384.15,702.26,369.56,626.07,461.55
612,OK,259,59,717,717,517.4,383.38,701.44,368.95,624.75,459.69
613,OK,254,55,725,725,515.53,384.1,701.48,367.27,624.84,458.39
614,OK,255,57,720,720,516.24,383.54,701.15,369.0,623.28,459.6
615,OK,254,55,724,724,515.7,383.05,701.7,368.66,623.32,459.35
616,OK,259,59,718,718,518.08,383.37,702.48,368.71,627.13,461.24
617,OK,260,61,717,717,518.26,383.59,702.46,369.98,626.03,462.03
618,OK,257,57,721,721,517.23,382.74,702.34,368.3,625.09,458.54
619,OK,253,54,727,727,514.94,382.98,701.74,368.27,623.88,459.5
620,OK,253,54,727,727,515.02,383.17,701.77,368.77,623.89,458.74
621,OK,253,54,726,726,516.11,383.67,702.49,368.68,624.61,458.61
622,OK,261,60,716,716,518.94,383.56,702.83,368.88,627.82,460.81
623,OK,264,62,712,712,520.87,382.82,703.69,369.6,629.19,461.67
624,OK,263,60,717,717,519.54,384.34,703.59,368.23,630.76,460.62
625,OK,259,59,718,718,518.42,383.48,702.67,368.35,627.3,460.8
626,OK,256,56,722,722,516.75,383.81,702.09,367.77,625.8,458.63
627,OK,256,54,723,723,516.44,382.38,701.96,366.74,625.55,456.19
628,OK,257,59,720,720,517.38,384.51,702.26,369.64,625.57,462.23
629,OK,263,64,713,713,519.62,384.33,702.61,370.03,628.22,464.09
630,OK,261,61,717,717,518.69,384.19,702.81,369.63,627.26,462.67
631,OK,257,56,722,722,517.05,383.55,702.18,367.26,626.75,459.07
632,OK,253,52,727,727,515.45,382.16,702.23,367.53,623.67,455.92
633,OK,252,54,724,724,514.69,382.5,700.61,368.08,622.15,457.58
634,OK,253,52,726,726,515.62,379.92,702.22,366.83,623.87,456.86
635,OK,258,53,721,721,518.37,376.12,703.77,365.39,626.63,457.18
636,OK,263,62,711,711,519.66,378.24,702.57,369.53,625.81,461.46
637,OK,255,54,722,722,516.54,378.65,702.19,366.46,624.12,457.9
638,OK,256,57,718,718,516.95,378.61,701.59,367.92,622.59,460.07
639,OK,254,53,725,725,515.86,378.45,702.22,366.03,623.77,457.92
640,OK,254,54,722,722,515.89,380.16,701.35,367.31,623.06,457.85
641,OK,255,58,719,719,514.73,387.29,699.53,374.14,621.61,453.36
642,OK,249,49,733,733,513.75,384.83,701.92,368.28,623.26,454.35
643,OK,253,53,726,726,516.04,381.77,702.59,368.74,623.73,458.39
644,OK,256,56,722,722,516.86,381.88,702.23,368.47,624.55,459.86
645,OK,256,57,721,721,515.94,382.7,701.16,368.28,623.73,459.33
646,OK,252,54,726,726,515.06,382.75,701.37,368.25,623.06,459.64
647,OK,253,54,727,727,515.42,381.56,702.14,368.33,623.56,459.37
648,OK,254,55,724,724,515.71,381.76,701.65,367.98,623.87,460.53
649,OK,254,53,727,727,516.13,380.52,702.85,367.45,624.54,458.67
650,OK,254,54,725,725,515.57,380.71,701.91,368.12,623.31,459.21
651,OK,255,57,722,722,516.1,382.02,701.61,369.43,623.67,461.79
652,OK,251,52,728,728,514.68,380.56,701.63,367.31,622.37,458.23
653,OK,254,55,722,722,515.86,381.36,701.46,368.2,623.08,458.85
654,OK,254,55,725,725,515.79,381.06,702.07,368.55,623.56,459.61
655,OK,252,54,726,726,514.94,381.32,701.57,368.36,622.47,460.16
656,OK,253,54,724,724,515.13,382.01,701.16,368.36,622.39,458.78
657,OK,255,57,720,720,515.92,381.2,700.91,368.88,622.4,459.73
658,OK,254,55,722,722,515.31,380.73,700.81,367.09,622.82,458.29
659,OK,256,55,721,721,516.42,380.17,701.65,367.39,624.71,457.7
660,OK,254,55,723,723,515.96,379.8,701.77,367.5,623.1,458.42
661,OK,251,52,727,727,514.25,380.28,701.16,367.08,622.06,457.05
662,OK,251,53,727,727,514.8,380.91,701.56,368.5,621.38,459.27
663,OK,252,54,725,725,514.79,381.2,701.18,368.04,621.13,458.76
664,OK,253,54,724,724,515.03,380.77,701.08,367.27,622.93,458.08
665,OK,253,55,724,724,515.16,381.47,701.08,368.72,622.06,458.99
666,OK,252,52,726,726,515.21,380.02,701.67,366.82,623.14,456.68
667,OK,251,53,728,728,515.15,381.5,702.19,368.87,623.01,460.53
668,OK,252,54,725,725,514.48,382.09,700.61,367.82,621.86,458.37
669,OK,253,54,724,724,515.42,381.58,701.35,367.5,623.04,458.5
670,OK,254,55,725,725,515.98,381.75,702.14,368.73,623.99,459.49
671,OK,254,55,725,725,515.82,382.49,701.97,368.71,623.94,460.14
672,OK,253,53,727,727,515.61,381.16,702.34,368.26,623.58,458.41
673,OK,251,53,728,728,514.8,381.96,701.87,368.93,621.95,459.1
674,OK,254,55,724,724,515.76,383.05,701.64,368.56,623.5,459.56
675,OK,253,56,724,724,515.79,383.55,701.64,369.37,623.01,459.7
676,OK,253,54,727,727,515.87,382.88,702.68,368.89,624.02,459.88
677,OK,254,54,725,725,516.28,381.55,702.4,367.83,624.4,457.99
678,OK,253,53,726,726,515.36,382.39,701.87,368.2,623.82,457.97
679,OK,254,54,725,725,515.56,382.83,701.6,367.95,624.33,458.33
680,OK,254,55,724,724,516.82,381.0,702.76,368.6,624.07,460.74
681,OK,254,54,722,722,515.83,380.55,701.19,366.76,623.22,457.81
682,OK,256,55,721,721,516.77,378.05,702.2,366.46,623.34,458.59
683,OK,254,53,722,722,516.3,377.79,701.93,365.83,622.75,458.04
684,OK,259,61,716,716,518.57,378.71,702.79,369.98,624.94,464.28
685,OK,259,60,714,714,518.62,377.13,702.52,370.2,623.41,461.77
686,OK,260,56,717,717,518.67,375.73,703.12,366.19,626.16,457.33
687,OK,260,55,717,717,517.78,376.18,702.12,365.13,626.17,456.2
688,OK,258,54,718,718,517.73,376.22,702.34,365.34,625.32,455.91
689,OK,261,56,715,715,518.36,376.24,702.3,365.08,626.08,456.01
690,OK,262,56,712,712,519.51,374.7,702.71,365.37,625.27,455.31
691,OK,257,54,718,718,517.46,374.63,702.09,365.65,623.78,456.41
692,OK,261,58,713,713,519.13,374.81,702.71,367.13,623.83,457.61
693,OK,258,54,719,719,518.6,374.27,703.77,366.96,624.69,456.87
694,OK,259,54,718,718,518.72,374.32,703.44,366.45,625.28,457.34
695,OK,257,54,720,720,518.11,374.64,703.48,367.26,623.93,457.42
696,OK,257,51,720,720,517.86,375.1,702.98,364.78,625.0,453.26
697,OK,261,53,718,718,520.0,373.78,704.84,365.94,627.6,456.06
698,OK,257,51,722,722,519.08,373.29,704.84,365.85,626.04,454.86
699,OK,257,60,713,713,513.75,388.78,696.66,371.85,621.51,453.56
700,OK,251,52,725,725,512.96,384.42,698.88,367.23,620.22,452.72
701,OK,254,55,720,720,514.96,382.51,699.7,366.9,621.39,455.94
702,OK,256,56,717,717,515.87,380.69,699.87,366.25,622.06,455.91
703,OK,255,55,720,720,515.38,382.03,700.15,366.8,622.3,456.24
704,OK,255,54,720,720,515.05,382.13,699.77,364.84,623.69,454.76
705,OK,253,54,722,722,514.3,383.22,699.47,365.97,622.81,456.1
706,OK,256,57,719,719,515.37,382.29,699.97,366.8,622.87,457.56
707,OK,256,56,719,719,515.42,382.27,700.08,367.07,622.38,456.41
708,OK,254,55,721,721,514.25,383.04,699.24,366.77,621.59,456.5
709,OK,253,56,721,721,514.15,385.92,699.22,371.43,620.61,454.28
710,OK,254,57,719,719,514.4,386.03,699.03,370.98,621.29,454.47
711,OK,252,54,723,723,513.54,385.77,699.07,370.65,620.34,452.61
712,OK,255,59,717,717,514.09,387.22,698.02,371.45,620.59,454.98
713,OK,255,58,716,716,514.28,386.99,697.94,370.81,621.23,453.59
714,OK,257,59,715,715,515.01,387.35,698.58,371.51,622.56,452.86
715,OK,259,61,713,713,515.76,388.36,698.77,373.25,622.94,454.11
716,OK,256,59,717,717,514.83,388.2,698.83,371.84,622.46,454.69
717,OK,255,57,719,719,514.99,386.93,699.63,371.64,622.26,454.19
718,OK,258,58,714,714,516.43,387.03,699.79,372.85,623.85,451.15
719,OK,260,63,708,708,516.1,387.85,697.86,373.43,622.43,454.09
720,OK,256,59,716,716,515.3,387.96,699.24,374.09,621.43,453.28
721,OK,259,60,715,715,516.64,387.75,700.35,375.51,623.71,453.45
722,OK,254,57,721,721,514.69,387.57,699.97,375.07,621.35,453.76
723,OK,254,56,720,720,514.93,386.74,699.97,373.6,621.89,452.54
724,OK,253,55,722,722,514.52,386.62,700.16,373.98,622.15,452.84
725,OK,256,58,716,716,515.18,386.76,699.26,374.49,622.16,452.71
726,OK,255,56,720,720,515.38,386.15,700.42,373.54,622.67,453.36
727,OK,258,59,719,719,516.98,386.96,701.92,375.78,625.09,455.4
728,OK,256,59,718,718,515.74,387.43,700.33,375.14,622.1,454.87
729,OK,255,57,721,721,515.49,387.4,700.72,374.31,622.59,454.28
730,OK,254,57,722,722,515.45,386.97,701.14,376.04,622.45,455.27
731,OK,253,55,725,725,514.76,386.44,701.13,375.42,622.23,454.46
732,OK,248,52,728,728,512.44,386.07,699.35,372.43,619.56,454.33
733,OK,250,54,726,726,513.41,386.95,699.86,373.84,621.34,454.74
734,OK,252,56,725,725,514.27,387.3,700.62,373.92,621.96,457.27
735,OK,251,54,726,726,513.77,387.02,700.22,373.38,621.37,455.26
736,OK,252,53,726,726,513.92,386.73,700.49,372.7,623.54,453.18
737,OK,253,55,724,724,514.54,387.09,700.59,373.84,623.26,454.67
738,OK,252,56,724,724,514.18,387.59,700.14,374.29,622.36,455.32
739,OK,250,52,729,729,513.45,386.26,700.75,372.56,622.43,452.84
740,OK,252,54,726,726,513.9,388.02,700.41,374.26,623.0,453.68
741,OK,251,56,726,726,514.24,388.38,700.86,376.47,620.91,455.93
742,OK,251,55,727,727,514.35,387.81,701.1,374.79,620.71,455.04
743,OK,251,55,726,726,514.54,387.68,701.1,375.58,621.1,455.36
744,OK,250,55,726,726,514.32,388.96,700.78,375.98,620.41,455.06
745,OK,254,60,721,721,514.12,390.21,699.31,376.16,621.71,456.83
746,OK,251,57,724,724,513.85,389.55,699.96,376.37,620.89,456.07
747,OK,253,55,725,725,514.1,388.24,700.38,374.7,622.96,453.74
748,OK,252,58,723,723,513.76,388.68,699.58,375.84,620.41,456.07
749,OK,250,56,724,724,512.9,390.38,698.75,376.12,619.07,453.95
750,OK,250,55,727,727,513.38,388.22,700.06,374.55,621.0,454.97
751,OK,247,50,734,734,513.01,385.18,701.53,370.19,622.01,457.25
752,OK,247,53,730,730,512.51,384.99,699.96,370.59,619.38,458.53
753,OK,249,53,728,728,513.27,384.46,700.2,368.94,620.61,457.6
754,OK,251,54,727,727,514.11,383.25,700.67,368.19,622.19,458.31
755,OK,252,53,726,726,513.8,384.21,699.92,366.95,623.72,458.21
756,OK,251,56,724,724,513.75,384.28,699.54,368.74,620.87,459.86
757,OK,249,53,730,730,513.11,385.95,700.61,371.69,621.34,458.33
758,OK,252,58,723,723,513.98,387.6,699.53,372.9,620.77,458.36
759,OK,250,57,725,725,513.17,386.48,699.51,372.61,618.65,459.71
760,OK,251,57,724,724,513.84,387.48,699.89,373.5,620.61,459.16
761,OK,252,58,722,722,513.23,388.04,698.54,372.57,620.8,458.19
762,OK,252,58,723,723,512.88,388.33,698.32,372.07,620.7,459.16
763,OK,253,58,723,723,514.39,387.51,700.19,373.49,621.32,458.39
764,OK,250,55,729,729,513.89,386.33,701.18,372.34,621.2,459.13
765,OK,249,53,732,732,514.14,385.89,702.09,372.08,621.93,460.13
766,OK,250,55,730,730,514.79,386.1,702.31,372.26,621.98,461.25
767,OK,249,53,731,731,513.78,386.0,701.53,371.85,620.92,457.08
768,OK,251,57,727,727,514.65,387.22,701.4,374.14,621.35,459.86
769,OK,248,52,733,733,513.38,386.24,701.54,372.13,620.59,457.55
770,OK,252,53,730,730,515.62,385.16,703.0,371.16,624.89,458.36
771,OK,253,57,726,726,516.17,386.25,702.66,372.06,624.38,460.96
772,OK,255,57,726,726,517.12,386.33,703.69,372.0,626.64,461.46
773,OK,250,54,731,731,514.41,386.42,702.18,373.05,621.9,459.0
774,OK,251,55,726,726,514.41,387.01,700.72,372.5,620.89,457.51
775,OK,252,56,726,726,514.53,387.41,701.11,373.26,622.29,457.69
776,OK,252,56,729,729,515.07,387.04,702.13,371.42,624.33,462.01
777,OK,254,57,724,724,515.76,387.66,701.63,372.91,623.99,459.49
778,OK,254,57,724,724,515.07,387.84,700.96,371.97,623.98,458.63
779,OK,248,56,727,727,512.02,389.07,698.67,373.16,617.94,457.68
780,OK,248,56,728,728,511.95,389.85,698.91,375.18,619.16,457.64
781,OK,249,55,729,729,512.32,389.32,699.56,374.52,620.11,457.19
782,OK,248,54,730,730,512.11,389.52,699.46,373.64,620.28,456.91
783,OK,247,55,729,729,511.41,388.74,698.69,373.76,618.25,458.52
784,OK,250,55,727,727,512.98,388.38,699.74,373.42,620.9,456.57
785,OK,248,55,729,729,512.31,388.64,699.37,372.94,619.89,457.64
786,OK,248,55,729,729,511.88,389.7,699.14,374.36,619.91,456.67
787,OK,247,54,731,731,511.76,388.63,699.46,374.94,618.78,457.35
788,OK,247,54,728,728,511.79,388.98,698.59,374.18,618.56,455.66
789,OK,250,55,727,727,512.99,388.52,699.59,373.06,621.56,455.79
790,OK,249,55,726,726,512.45,388.37,698.91,372.9,618.6,456.86
791,OK,256,57,719,719,515.08,380.64,699.84,366.41,623.22,459.68
792,OK,260,59,713,713,518.19,376.41,701.59,366.93,623.94,459.23
793,OK,264,62,708,708,520.46,376.29,702.62,368.85,625.36,460.77
794,OK,264,65,707,707,519.55,377.76,701.36,369.71,623.99,462.59
795,OK,259,59,715,715,517.05,377.51,700.84,367.55,623.31,460.36
796,OK,259,59,715,715,516.96,377.39,700.91,367.5,623.69,460.06
797,OK,255,56,719,719,514.32,387.38,698.86,373.16,623.36,451.66
798,OK,255,57,718,718,514.23,385.14,698.59,369.98,622.14,454.98
799,OK,254,53,721,721,514.68,381.09,699.83,367.79,621.71,453.46
800,OK,252,53,722,722,514.16,380.92,699.66,368.82,620.8,454.05
801,OK,253,52,725,725,515.11,380.5,701.36,368.83,622.21,454.06
802,OK,248,52,729,729,512.04,383.69,699.33,369.54,619.77,457.38
803,OK,250,55,724,724,512.64,384.54,698.48,369.18,620.1,457.79
804,OK,254,56,720,720,515.0,382.13,699.99,368.06,622.02,457.77
805,OK,253,56,723,723,514.62,382.65,700.28,368.7,622.23,458.83
806,OK,253,56,720,720,514.13,383.19,698.95,368.23,621.33,457.79
807,OK,255,55,720,720,515.54,381.7,700.34,367.7,623.4,456.1
808,OK,255,56,720,720,515.44,382.49,700.34,368.76,622.12,458.02
809,OK,252,53,724,724,513.75,382.88,699.61,367.14,622.1,456.5
810,OK,252,54,724,724,514.64,382.1,700.63,367.96,621.71,458.01
811,OK,250,51,728,728,513.7,381.29,700.56,366.07,622.23,456.54
812,OK,253,55,722,722,514.67,382.66,700.05,368.6,621.9,457.09
813,OK,252,53,724,724,514.62,381.19,700.6,368.09,621.86,456.82
814,OK,254,54,722,722,515.63,380.05,701.18,367.4,622.64,456.36
815,OK,252,52,727,727,514.23,381.09,700.88,366.34,623.36,456.31
816,OK,250,53,726,726,513.04,381.74,699.41,366.72,621.45,457.82
817,OK,251,51,727,727,513.37,380.12,700.13,366.03,621.67,456.66
818,OK,251,52,727,727,513.07,381.51,699.65,366.12,621.85,456.58
819,OK,251,54,725,725,513.28,381.47,699.48,367.11,621.1,458.66
820,OK,253,54,724,724,514.63,381.32,700.6,367.19,623.08,457.9
821,OK,253,55,723,723,514.12,381.92,699.78,367.61,622.26,458.42
822,OK,257,55,719,719,516.44,378.09,701.31,365.73,623.87,457.31
823,OK,255,54,720,720,516.17,377.49,701.11,365.48,622.36,456.61
824,OK,260,58,715,715,517.54,378.76,701.23,366.28,624.73,458.47
825,OK,256,56,718,718,516.2,378.75,700.62,366.11,622.87,458.76
826,OK,257,55,718,718,516.78,377.35,701.36,366.23,624.22,457.25
827,OK,257,54,718,718,517.05,377.07,701.76,365.97,623.86,456.32
828,OK,252,55,722,722,513.65,384.1,699.04,369.63,619.85,456.83
829,OK,251,56,722,722,512.68,383.46,698.06,368.07,618.8,458.75
830,OK,253,56,721,721,513.7,382.28,698.81,366.87,621.56,457.51
831,OK,253,54,722,722,513.91,382.33,699.3,366.92,621.89,457.33
832,OK,259,55,716,716,517.86,374.79,702.03,365.54,624.72,456.18
833,OK,261,55,714,714,519.15,373.68,702.9,366.34,625.05,455.79
834,OK,262,60,710,710,519.06,375.63,701.68,368.19,624.39,459.42
835,OK,258,61,715,715,515.35,388.15,699.11,374.94,623.08,454.81
836,OK,249,52,728,728,512.88,382.54,699.8,368.46,620.2,456.94
837,OK,256,55,719,719,514.78,378.71,699.55,364.7,622.94,457.67
838,OK,255,55,720,720,515.8,377.68,700.87,366.05,623.12,458.49
839,OK,257,57,718,718,516.09,380.03,700.51,367.73,623.77,458.72
840,OK,254,53,722,722,514.9,379.08,700.34,366.62,622.63,456.96
841,OK,256,56,719,719,514.73,381.45,699.39,366.06,623.73,457.41
842,OK,254,54,722,722,514.78,381.36,700.11,366.62,623.64,457.76
843,OK,254,54,722,722,514.58,381.7,699.91,366.95,622.84,457.08
844,OK,258,54,719,719,517.28,376.35,702.09,365.24,625.74,455.49
845,OK,256,52,720,720,517.14,374.96,702.25,365.92,623.36,454.37
846,OK,257,52,718,718,517.27,373.44,702.1,365.37,623.71,453.31
847,OK,257,54,719,719,516.97,375.37,701.93,366.91,623.71,456.07
848,OK,259,55,718,718,518.47,375.61,703.33,368.15,625.14,457.35
849,OK,255,52,724,724,517.17,375.64,703.31,366.43,624.09,457.0
850,OK,254,52,722,722,515.35,377.32,700.9,366.13,621.93,456.06
851,OK,254,54,720,720,515.25,379.33,700.21,367.33,621.59,456.4
852,OK,254,52,722,722,515.49,377.9,701.05,366.57,623.19,455.15
853,OK,255,53,720,720,516.19,377.54,701.45,367.2,622.55,455.53
854,OK,257,55,718,718,516.6,377.48,701.13,366.58,623.8,457.24
855,OK,256,54,720,720,516.1,377.31,701.31,366.01,623.43,457.22
856,OK,252,51,727,727,514.74,377.81,701.56,366.17,622.55,457.14
857,OK,254,52,723,723,515.28,378.9,701.01,366.32,623.08,455.29
858,OK,254,50,725,725,515.68,377.21,702.07,366.37,624.05,452.69
859,OK,254,49,725,725,515.72,376.68,702.18,365.41,624.44,452.23
860,OK,258,54,718,718,517.97,374.17,702.9,367.09,623.95,456.39
861,OK,260,55,717,717,519.06,374.39,703.45,366.09,626.49,456.39
862,OK,260,54,718,718,519.32,374.25,704.01,366.17,627.28,456.24
863,OK,254,53,722,722,514.06,386.49,699.58,372.12,624.58,450.17
864,OK,251,49,724,724,512.84,378.1,698.71,363.53,621.42,452.15
865,OK,258,52,717,717,516.98,373.79,701.48,365.0,623.19,451.36
866,OK,256,49,720,720,516.61,374.18,701.72,364.01,622.93,449.33
867,OK,260,54,715,715,518.07,374.04,701.99,365.68,624.35,452.84
868,OK,257,52,718,718,517.21,373.8,702.06,365.49,623.2,452.36
869,OK,258,54,714,714,517.21,374.15,700.98,365.24,622.68,452.81
870,OK,258,55,715,715,516.32,375.73,700.11,365.93,622.22,453.81
871,OK,254,52,719,719,515.31,375.66,700.28,365.72,620.01,452.48
872,OK,255,52,718,718,516.21,375.02,700.94,365.83,620.97,453.25
873,OK,256,54,719,719,516.37,376.02,701.39,367.11,622.14,455.24
874,OK,252,55,722,722,512.98,387.2,698.4,372.93,621.94,452.08
875,OK,254,56,718,718,513.32,385.2,697.71,371.64,620.63,452.23
876,OK,253,52,720,720,513.54,380.44,698.49,366.26,621.11,451.59
877,OK,251,51,723,723,512.59,380.64,698.19,365.34,619.72,451.6
878,OK,250,47,723,723,511.47,379.94,696.85,363.15,619.3,446.06
879,OK,249,49,724,724,511.69,380.64,697.59,364.97,618.87,450.73
880,OK,250,52,726,726,512.81,381.94,699.21,366.74,621.38,456.53
881,OK,252,54,722,722,513.24,380.98,698.62,367.14,620.53,456.93
882,OK,252,50,723,723,512.76,379.62,698.32,364.62,620.95,450.16
883,OK,248,50,727,727,511.11,380.46,697.72,366.1,618.37,453.43
884,OK,250,50,723,723,510.74,380.92,696.07,363.59,618.61,449.93
885,OK,247,47,726,726,510.87,380.45,697.18,364.13,617.64,448.34
886,OK,247,48,729,729,511.45,379.58,698.8,365.73,618.42,451.37
887,OK,250,47,729,729,513.04,379.68,700.17,365.3,622.1,451.34
888,OK,249,46,729,729,512.14,378.47,699.45,363.91,621.31,450.21
889,OK,255,49,723,723,516.5,373.83,702.42,365.04,622.94,450.77
890,OK,256,49,720,720,516.72,373.35,701.94,363.93,623.39,450.13
891,OK,255,47,722,722,516.3,373.15,701.97,362.65,624.24,449.03
892,OK,254,46,724,724,516.19,372.7,702.46,362.62,623.34,448.9
893,OK,257,50,718,718,517.42,372.61,702.26,364.3,623.47,451.26
894,OK,258,52,718,718,518.45,373.56,703.29,365.94,624.74,453.94
895,OK,260,56,716,716,518.63,375.39,702.93,366.68,625.78,457.43
896,OK,258,54,718,718,518.1,375.06,702.8,366.5,623.99,455.94
897,OK,252,54,721,721,512.04,387.31,697.01,371.44,619.58,449.39
898,OK,250,48,728,728,513.7,377.05,700.7,362.97,622.06,454.12
899,OK,253,48,725,725,515.55,372.67,701.99,363.26,621.9,453.45
900,OK,256,52,720,720,517.36,373.58,702.68,365.18,623.81,455.3
901,OK,254,52,724,724,516.21,376.0,702.33,365.78,623.75,457.25
902,OK,254,50,724,724,516.57,374.81,702.91,365.32,624.14,455.37
903,OK,256,52,720,720,516.83,373.76,702.05,364.97,623.12,455.13
904,OK,255,49,722,722,516.74,372.52,702.38,363.45,623.71,452.6
905,OK,257,48,721,721,516.94,372.25,702.53,362.74,624.55,450.34
906,OK,257,49,721,721,517.22,373.03,702.64,363.7,624.88,450.66
907,OK,258,51,719,719,517.64,373.58,702.73,364.54,624.57,452.55
908,OK,254,50,724,724,516.22,375.57,702.43,366.15,624.15,454.95
909,OK,254,49,725,725,515.87,375.49,702.45,365.2,623.95,453.26
910,OK,251,47,727,727,513.46,375.83,700.48,364.45,621.05,451.21
911,OK,250,47,726,726,513.71,375.63,700.44,365.2,620.55,450.07
912,OK,248,46,729,729,512.74,376.96,700.15,365.01,619.48,449.54
913,OK,251,47,726,726,513.9,375.78,700.67,364.9,620.8,450.99
914,OK,253,51,722,722,515.36,375.56,701.13,366.42,621.42,453.04
915,OK,252,48,724,724,514.9,375.29,701.07,365.44,621.35,450.03
916,OK,250,45,728,728,513.99,375.21,701.26,364.84,620.59,449.45
917,OK,250,44,728,728,514.05,374.44,701.28,364.22,620.58,447.59
918,OK,253,50,723,723,514.28,375.62,700.21,365.18,621.25,451.65
919,OK,252,49,724,724,514.53,375.67,700.89,366.29,620.96,452.35
920,OK,253,50,724,724,515.64,375.45,701.83,366.17,622.62,453.65
921,OK,252,49,724,724,514.42,376.3,700.74,366.0,621.17,452.8
922,OK,251,49,725,725,514.06,375.4,700.57,365.81,620.26,451.51
923,OK,250,45,728,728,513.87,374.95,701.15,364.65,621.43,449.13
924,OK,252,49,725,725,514.55,375.76,701.02,365.61,622.08,452.25
925,OK,255,49,722,722,515.69,375.53,701.42,365.33,623.47,450.75
926,OK,253,49,724,724,515.59,375.22,701.73,366.2,622.48,451.42
927,OK,254,51,720,720,515.06,375.73,700.37,365.69,621.12,453.19
928,OK,255,49,721,721,516.2,373.22,701.74,364.68,621.95,450.87
929,OK,257,49,719,719,516.89,372.44,701.72,362.55,624.12,449.63
930,OK,258,50,718,718,517.29,372.49,701.94,363.18,624.75,451.53
931,OK,256,50,721,721,516.96,373.64,702.33,364.59,623.83,451.46
932,OK,256,50,721,721,516.78,373.62,702.12,364.07,623.87,451.78
933,OK,257,53,718,718,517.56,374.47,702.35,366.63,623.7,454.42
934,OK,256,52,718,718,516.19,374.21,701.02,365.75,621.62,452.29
935,OK,254,49,721,721,515.95,374.0,701.37,364.94,621.08,450.2
936,OK,255,50,720,720,516.94,373.59,702.28,364.93,622.28,450.9
937,OK,255,50,720,720,516.5,373.98,701.84,364.73,622.23,451.52
938,OK,257,50,719,719,517.03,373.64,701.93,364.85,622.69,450.41
939,OK,256,52,719,719,516.78,374.36,701.75,365.7,622.71,452.81
940,OK,255,51,720,720,516.53,374.31,701.84,365.76,622.31,452.64
941,OK,255,51,721,721,516.51,373.33,702.05,365.37,621.67,453.43
942,OK,255,50,720,720,515.81,373.95,701.08,364.27,621.67,451.8
943,OK,254,49,722,722,516.48,372.95,702.21,364.24,621.34,451.44
944,OK,253,49,722,722,515.86,373.16,701.51,364.7,620.83,452.88
945,OK,249,46,729,729,512.86,374.79,700.38,363.77,619.88,451.49
946,OK,250,46,729,729,514.2,374.5,701.82,364.9,620.27,450.91
947,OK,251,49,725,725,514.27,376.1,700.75,365.4,619.83,451.25
948,OK,248,47,728,728,512.53,379.1,699.71,366.04,619.22,450.51
949,OK,248,46,730,730,512.97,378.26,700.45,364.56,620.9,451.29
950,OK,254,49,724,724,516.1,374.55,702.44,364.61,623.0,452.62
951,OK,254,50,722,722,515.84,375.92,701.57,365.77,622.8,452.94
952,OK,256,53,721,721,516.88,375.48,702.39,367.19,623.58,456.12
953,OK,254,48,727,727,516.83,374.64,703.86,365.79,624.63,453.0
954,OK,256,53,722,722,517.37,375.5,703.08,367.09,624.61,456.77
955,OK,256,53,721,721,516.29,375.58,701.84,365.86,623.15,455.55
956,OK,255,51,722,722,516.55,375.46,702.24,366.03,623.04,453.68
957,OK,256,52,721,721,516.86,375.19,702.44,365.88,623.79,453.61
958,OK,253,50,723,723,515.39,374.86,701.51,365.6,621.21,452.02
959,OK,255,50,722,722,516.56,375.4,702.19,366.01,622.84,453.1
960,OK,254,50,723,723,516.24,375.05,702.21,366.06,621.8,452.09
961,OK,255,52,720,720,515.87,376.01,701.11,365.98,622.12,454.49
962,OK,255,50,723,723,516.54,375.09,702.52,366.78,622.75,452.89
963,OK,253,51,723,723,515.42,376.39,701.48,366.84,621.48,454.03
964,OK,254,49,723,723,515.27,375.48,701.16,365.57,622.24,451.3
965,OK,254,50,722,722,516.27,374.82,702.03,366.91,621.21,452.54
966,OK,255,50,723,723,516.29,375.36,702.41,366.56,622.79,452.53
967,OK,253,50,724,724,515.97,375.19,702.34,366.71,622.08,453.4
968,OK,254,50,724,724,516.76,374.93,703.07,367.02,623.12,453.05
969,OK,256,53,721,721,516.57,376.4,702.07,366.73,622.91,454.68
970,OK,252,47,726,726,516.08,375.06,702.75,366.04,622.5,451.36
971,OK,254,49,723,723,515.37,374.81,701.37,364.9,621.75,450.68
972,OK,252,53,721,721,513.72,382.17,699.1,370.38,619.38,451.44
973,OK,253,52,722,722,514.72,381.32,700.29,369.82,621.58,451.53
974,OK,254,54,720,720,514.66,381.4,699.61,369.77,620.89,452.68
975,OK,252,53,720,720,513.16,382.19,697.97,367.6,619.89,452.57
976,OK,252,52,722,722,513.35,380.94,698.85,366.85,621.09,453.09
977,OK,253,53,720,720,513.05,381.94,697.89,366.16,620.93,452.53
978,OK,251,51,723,723,512.47,382.12,697.97,366.11,619.99,450.86
979,OK,251,51,722,722,512.47,381.71,697.91,367.11,619.08,451.16
980,OK,252,52,723,723,512.72,382.1,698.33,367.14,620.58,452.09
981,OK,253,52,722,722,513.6,380.15,698.95,364.58,622.38,454.79
982,OK,257,52,719,719,516.78,375.96,701.62,365.12,624.27,452.98
983,OK,259,54,717,717,518.21,375.25,702.53,364.86,624.91,455.26
984,OK,256,49,720,720,516.84,373.86,702.06,363.18,623.97,451.17
985,OK,257,50,721,721,517.86,372.19,703.29,363.61,624.45,452.86
986,OK,257,51,721,721,517.27,373.33,702.84,364.25,623.97,453.99
987,OK,256,49,722,722,517.08,373.78,702.65,363.74,624.27,452.8
988,OK,257,52,720,720,517.84,373.8,703.17,364.75,624.54,455.05
989,OK,258,53,718,718,518.57,374.51,703.39,365.53,625.01,455.5
990,OK,261,55,715,715,518.96,374.24,703.04,365.47,625.43,455.35
991,OK,261,54,715,715,519.19,374.13,703.02,364.81,626.78,453.17
992,OK,262,54,714,714,519.68,374.11,703.37,365.45,626.96,453.06
993,OK,257,52,721,721,517.36,375.08,702.87,366.67,625.05,455.11
994,OK,257,53,720,720,517.51,375.61,702.83,366.68,625.15,456.54
995,OK,254,51,724,724,516.28,375.25,702.58,366.72,623.63,455.94
996,OK,255,51,722,722,515.94,376.63,701.66,365.92,624.43,453.74
997,OK,253,50,725,725,515.17,377.6,701.57,367.02,622.04,453.06
998,OK,253,49,724,724,514.62,378.19,700.82,365.99,622.59,451.78
999,OK,253,51,725,725,515.32,376.9,701.75,367.28,621.63,454.29
1000,OK,253,52,724,724,515.17,377.68,701.51,367.78,622.34,455.28
1001,OK,254,53,722,722,515.65,378.3,701.27,368.17,621.84,456.04
1002,OK,256,54,721,721,516.33,377.78,701.73,367.3,623.41,455.49
1003,OK,251,51,726,726,514.49,377.61,701.19,368.22,620.56,455.73
1004,OK,249,45,730,730,513.37,378.07,700.88,365.47,621.48,449.7
1005,OK,251,48,726,726,514.68,376.8,701.5,366.3,621.76,451.66
1006,OK,250,48,728,728,513.54,377.24,700.62,366.17,621.0,452.84
1007,OK,254,54,722,722,514.91,380.47,700.53,367.27,622.89,457.21
1008,OK,254,55,721,721,514.37,380.86,699.63,367.53,621.75,457.42
1009,OK,255,57,719,719,515.08,380.99,699.92,368.56,622.02,459.04
1010,OK,254,56,721,721,514.58,380.89,699.69,367.48,621.73,458.32
1011,OK,253,54,723,723,514.45,380.9,700.18,367.83,622.57,457.46
1012,OK,255,54,721,721,514.69,379.89,699.84,366.93,622.95,456.16
1013,OK,253,56,722,722,514.08,382.26,699.47,368.01,621.88,460.15
1014,OK,254,57,721,721,513.85,382.54,698.96,367.09,622.99,460.49
1015,OK,254,57,721,721,514.24,382.18,699.43,367.91,621.99,460.24
1016,OK,253,57,723,723,514.34,382.92,699.98,368.5,622.52,460.46
1017,OK,255,59,719,719,514.61,382.69,699.27,368.12,622.09,461.65
1018,OK,251,55,724,724,513.69,381.79,699.66,368.17,620.78,460.43
1019,OK,253,55,722,722,514.15,381.32,699.68,367.64,622.42,458.49
1020,OK,254,58,721,721,514.2,383.01,699.25,368.52,622.04,461.56
1021,OK,251,56,724,724,513.54,383.66,699.34,368.82,620.47,461.26
1022,OK,251,54,726,726,513.63,382.41,700.0,368.09,621.33,459.16
1023,OK,250,52,727,727,512.85,382.77,699.28,366.57,620.87,456.23
1024,OK,253,55,724,724,514.1,383.14,699.89,367.72,623.18,460.22
1025,OK,253,55,723,723,514.34,381.95,700.11,367.25,622.22,459.33
1026,OK,254,55,722,722,514.41,381.98,699.73,367.65,623.0,457.68
1027,OK,254,56,721,721,514.43,381.58,699.72,367.36,622.04,458.19
1028,OK,254,55,723,723,514.59,381.98,700.11,366.81,622.92,457.65
1029,OK,254,58,721,721,514.17,382.93,699.24,367.93,621.67,460.63
1030,OK,250,54,727,727,513.12,382.71,699.68,368.09,619.87,458.72
1031,OK,250,53,727,727,513.12,381.48,699.92,367.2,620.31,459.39
1032,OK,252,54,724,724,514.1,381.5,700.03,367.44,621.48,457.8
1033,OK,254,56,721,721,514.78,381.16,699.94,367.58,621.6,457.85
1034,OK,254,54,723,723,515.09,380.14,700.81,367.29,622.42,457.75
1035,OK,253,53,724,724,515.16,380.16,701.1,367.51,621.96,458.06
1036,OK,254,54,722,722,515.16,380.1,700.74,367.24,622.44,457.31
1037,OK,255,56,720,720,515.21,379.94,700.27,367.78,622.58,459.51
1038,OK,254,55,723,723,514.57,381.08,700.22,366.9,622.65,458.12
1039,OK,253,54,724,724,515.1,380.2,701.24,368.15,622.89,459.33
1040,OK,253,54,722,722,514.35,380.98,699.8,367.09,621.97,457.83
1041,OK,254,55,721,721,514.84,380.67,699.99,366.88,622.44,457.69
1042,OK,253,54,724,724,514.78,381.1,700.81,367.96,622.23,457.49
1043,OK,252,54,724,724,514.43,380.77,700.57,367.94,621.55,457.96
1044,OK,253,55,725,725,514.43,382.3,700.68,367.82,622.81,459.52
1045,OK,253,56,722,722,514.45,383.23,699.88,367.95,622.69,459.42
1046,OK,253,56,723,723,514.36,381.65,700.01,368.0,621.66,459.2
1047,OK,252,55,724,724,513.89,382.73,699.92,368.17,621.75,459.55
1048,OK,250,52,729,729,513.9,382.79,700.95,367.75,622.27,458.1
1049,OK,249,51,730,730,513.68,382.3,701.07,367.83,622.44,457.66
1050,OK,247,49,732,732,512.71,381.95,700.69,366.91,620.62,455.83
1051,OK,251,54,726,726,513.88,382.83,700.45,368.57,621.3,459.46
1052,OK,253,55,723,723,514.16,381.95,699.76,367.04,622.18,457.52
1053,OK,254,56,723,723,514.87,382.43,700.44,367.96,623.62,459.36
1054,OK,253,57,723,723,513.81,383.31,699.43,368.06,621.72,460.64
1055,OK,249,53,729,729,513.31,383.8,700.35,368.56,620.55,459.22
1056,OK,252,55,724,724,514.34,383.0,700.29,368.27,621.93,458.98
1057,OK,251,55,724,724,514.01,383.11,699.93,368.48,620.93,459.09
1058,OK,252,55,725,725,513.83,384.58,699.74,368.05,622.89,459.39
1059,OK,253,57,723,723,513.93,383.76,699.49,368.68,621.87,460.77
1060,OK,252,55,724,724,514.03,383.06,700.11,369.65,621.64,459.61
1061,OK,251,56,724,724,513.77,383.91,699.56,369.43,620.5,460.62
1062,OK,251,56,724,724,513.75,385.1,699.62,370.56,620.58,459.72
1063,OK,251,56,724,724,513.81,384.75,699.84,370.27,620.02,459.19
1064,OK,250,56,726,726,514.08,384.13,700.59,370.18,620.5,461.47
1065,OK,251,57,724,724,513.66,384.21,699.64,369.51,620.73,461.98
1066,OK,249,54,728,728,513.03,384.0,699.96,369.54,620.5,459.86
1067,OK,254,56,722,722,514.65,383.12,700.07,368.37,623.61,460.02
1068,OK,251,57,724,724,513.64,383.27,699.67,369.25,620.9,462.31
1069,OK,250,55,725,725,513.3,384.54,699.6,370.23,619.0,458.54
1070,OK,250,54,729,729,513.69,384.1,700.79,368.99,622.02,459.58
1071,OK,251,56,725,725,513.36,383.26,699.59,369.52,620.61,461.07
1072,OK,251,55,726,726,513.34,384.62,699.69,368.86,622.28,460.07
1073,OK,252,56,725,725,513.81,383.29,700.08,368.93,622.14,461.55
1074,OK,250,54,726,726,513.04,382.55,699.5,368.45,620.55,459.92
1075,OK,254,56,722,722,514.52,382.85,699.9,368.5,623.07,460.29
1076,OK,254,58,721,721,514.63,382.36,699.94,368.91,621.61,460.42
1077,OK,252,55,725,725,514.04,382.64,700.3,368.19,621.69,458.73
1078,OK,253,57,723,723,514.63,382.16,700.5,369.19,621.75,461.0
1079,OK,249,51,728,728,513.73,381.45,700.63,367.74,620.81,457.3
1080,OK,252,53,725,725,514.29,381.77,700.47,367.07,622.08,456.84
1081,OK,254,54,723,723,514.28,381.37,699.89,366.49,623.2,456.8
1082,OK,252,54,722,722,514.16,380.56,699.77,367.91,620.16,457.72
1083,OK,253,54,723,723,514.74,380.11,700.36,366.83,622.27,457.11
1084,OK,251,53,725,725,513.93,381.04,700.01,366.98,620.98,457.61
1085,OK,254,55,721,721,514.98,380.82,700.13,367.28,622.01,457.58
1086,OK,252,53,725,725,514.64,379.7,701.1,367.63,621.52,457.69
1087,OK,254,56,720,720,514.9,381.04,700.02,368.08,621.19,457.69
1088,OK,255,55,720,720,515.28,379.34,700.23,366.83,623.84,457.38
1089,OK,252,52,724,724,514.31,380.19,700.41,366.8,622.25,455.52
1090,OK,253,52,724,724,514.29,380.34,700.31,366.62,622.93,455.0
1091,OK,253,54,723,723,514.56,380.67,700.21,367.18,622.55,456.54
1092,OK,254,53,722,722,515.42,379.45,700.84,366.88,623.24,456.58
1093,OK,255,55,720,720,515.28,381.09,700.3,367.47,622.92,456.27
1094,OK,249,50,728,728,512.29,381.88,699.11,366.91,620.46,454.78
1095,OK,252,54,722,722,513.7,381.02,699.14,367.42,620.01,456.62
1096,OK,251,53,724,724,513.49,381.96,699.4,367.2,620.98,456.07
1097,OK,255,56,721,721,515.23,381.49,700.29,367.49,623.27,457.72
1098,OK,252,53,724,724,514.25,381.0,700.2,366.8,622.0,456.44
1099,OK,252,53,725,725,514.39,380.8,700.7,367.33,622.34,457.07
1100,OK,252,54,724,724,514.49,381.48,700.44,367.5,621.56,457.65
1101,OK,252,54,725,725,514.72,381.05,700.96,367.56,621.64,458.67
1102,OK,252,53,724,724,514.61,381.57,700.5,367.94,621.64,456.87
1103,OK,252,55,725,725,514.27,382.06,700.42,368.01,622.01,459.81
1104,OK,251,53,726,726,514.38,381.99,700.69,367.55,622.28,458.23
1105,OK,251,53,727,727,514.04,382.97,700.61,368.27,621.78,458.35
1106,OK,252,55,724,724,514.35,383.0,700.35,368.85,621.77,459.75
1107,OK,252,56,725,725,514.02,383.46,700.06,368.82,621.8,460.84
1108,OK,252,56,724,724,513.89,383.86,699.86,369.18,621.23,460.44
1109,OK,252,58,722,722,513.85,384.76,699.34,369.91,620.8,461.63
1110,OK,249,54,728,728,513.67,384.61,700.52,370.5,619.9,460.05
1111,OK,249,52,732,732,513.78,384.11,701.8,369.28,622.36,459.81
1112,OK,250,54,730,730,514.56,384.98,701.92,369.69,623.65,461.49
1113,OK,249,54,729,729,513.58,384.15,700.84,369.75,620.5,461.05
1114,OK,248,53,730,730,513.0,384.33,700.41,369.45,620.11,459.33
1115,OK,251,56,724,724,513.36,385.03,699.25,369.99,619.86,459.59
1116,OK,250,56,727,727,513.46,385.48,700.18,370.93,620.72,460.93
1117,OK,250,56,726,726,513.31,386.61,699.43,369.95,621.22,460.32
1118,OK,249,53,730,730,513.66,384.05,701.03,369.22,620.78,460.19
1119,OK,249,54,729,729,513.54,384.5,700.77,369.28,620.83,460.22
1120,OK,247,54,731,731,512.32,385.33,700.07,370.25,619.44,461.97
1121,OK,251,57,724,724,513.98,385.99,699.92,371.12,620.73,460.26
1122,OK,252,57,723,723,514.2,385.0,699.96,370.87,620.88,458.92
1123,OK,252,59,723,723,513.44,387.22,699.03,371.86,620.23,460.71
1124,OK,251,59,725,725,514.01,385.1,700.41,372.29,619.25,463.46
1125,OK,250,55,728,728,514.02,384.95,700.88,370.02,620.95,460.69
1126,OK,249,56,728,728,514.0,384.55,701.11,371.09,620.07,462.39
1127,OK,251,57,725,725,513.4,385.66,699.48,371.08,619.84,460.51
1128,OK,250,56,727,727,513.56,384.64,700.34,370.34,620.52,461.07
1129,OK,252,57,724,724,514.55,383.94,700.68,370.58,620.78,461.94
1130,OK,250,55,729,729,513.91,384.65,701.1,370.66,620.62,461.22
1131,OK,253,57,726,726,515.37,384.84,701.89,370.62,623.39,463.15
1132,OK,253,58,725,725,515.09,384.69,701.29,370.11,623.17,463.71
1133,OK,252,55,726,726,515.07,384.04,701.47,369.26,623.56,461.17
1134,OK,250,54,730,730,514.57,384.37,702.01,370.0,623.28,461.89
1135,OK,250,52,731,731,514.2,383.43,701.99,368.58,623.42,458.29
1136,OK,247,51,733,733,512.41,383.91,700.76,370.19,619.72,458.25
1137,OK,250,54,727,727,512.86,385.03,699.64,370.24,620.22,456.99
1138,OK,249,52,731,731,513.44,383.27,701.41,370.48,620.59,458.16
1139,OK,246,50,735,735,512.95,384.78,701.8,371.05,620.57,456.87
1140,OK,247,50,732,732,512.72,384.88,700.75,370.16,620.95,455.32
1141,OK,247,51,732,732,513.09,384.24,701.3,371.39,619.93,456.92
1142,OK,247,50,733,733,512.51,384.37,700.69,370.22,620.6,456.2
1143,OK,248,51,730,730,512.86,385.21,700.34,370.95,620.57,454.81
1144,OK,247,49,733,733,512.43,384.6,700.8,370.49,620.12,454.06
1145,OK,249,51,730,730,513.89,384.4,701.53,371.53,621.27,454.65
1146,OK,249,51,731,731,514.4,384.15,702.22,372.49,621.56,454.94
1147,OK,250,53,729,729,514.22,385.29,701.53,372.85,621.35,455.05
1148,OK,252,53,726,726,515.49,385.13,702.08,373.38,622.93,454.17
1149,OK,253,53,727,727,515.67,385.22,702.5,374.19,623.93,454.29
1150,OK,253,53,727,727,515.07,386.02,701.9,373.67,624.0,453.05
1151,OK,252,54,727,727,514.79,385.69,701.68,373.83,621.98,454.98
1152,OK,252,56,726,726,515.67,386.13,702.2,374.6,622.7,457.64
1153,OK,252,56,726,726,515.1,386.96,701.59,374.97,622.17,458.41
1154,OK,252,54,727,727,514.93,386.54,701.69,374.34,622.7,454.98
1155,OK,249,50,732,732,514.0,386.42,702.02,373.95,622.61,453.7
1156,OK,254,52,726,726,515.76,384.83,702.37,374.08,625.46,452.39
1157,OK,248,47,734,734,512.79,382.71,701.32,367.54,623.24,453.49
1158,OK,256,56,720,720,515.93,378.9,700.89,366.8,624.4,459.73
1159,OK,261,60,712,712,519.57,375.63,702.88,368.72,624.63,459.92
1160,OK,263,61,711,711,520.05,375.48,703.17,370.04,624.48,460.47
1161,OK,260,59,716,716,519.04,377.71,703.4,369.64,625.66,460.82
1162,OK,261,59,714,714,519.66,376.31,703.54,369.62,625.65,459.79
1163,OK,258,55,721,721,518.03,376.42,703.6,368.3,625.58,458.72
1164,OK,257,54,721,721,517.78,376.92,703.21,368.08,625.27,457.34
1165,OK,250,51,728,728,513.29,385.55,700.25,370.95,622.22,453.44
1166,OK,251,55,727,727,513.65,384.73,700.41,370.52,622.03,459.55
1167,OK,256,56,721,721,516.25,379.43,701.53,367.51,623.63,458.85
1168,OK,256,56,720,720,516.07,379.51,701.18,367.08,624.82,458.8
1169,OK,258,56,717,717,515.97,378.9,700.28,366.31,624.1,457.11
1170,OK,258,54,719,719,517.09,377.63,702.06,366.24,626.25,455.98
1171,OK,259,57,717,717,517.48,378.91,701.75,367.43,626.08,458.81
1172,OK,258,58,716,716,516.51,378.69,700.65,366.99,624.87,459.32
1173,OK,257,55,718,718,516.66,377.43,701.26,366.29,624.25,458.01
1174,OK,256,56,719,719,515.86,378.47,700.73,366.63,623.46,458.47
1175,OK,259,54,718,718,518.7,375.62,703.42,366.53,626.58,456.83
1176,OK,262,59,714,714,519.86,376.21,703.62,368.89,626.35,459.95
1177,OK,262,58,713,713,519.36,374.9,702.95,368.27,625.29,458.22
1178,OK,256,52,722,722,517.7,375.02,703.42,366.25,624.64,456.82
1179,OK,257,54,721,721,517.83,375.44,703.24,367.1,624.33,458.08
1180,OK,256,52,722,722,517.67,374.94,703.3,365.83,625.01,456.16
1181,OK,257,52,721,721,517.25,374.52,702.63,364.95,624.46,455.74
1182,OK,257,53,720,720,517.62,375.75,702.83,365.63,625.05,456.7
1183,OK,258,54,719,719,517.45,375.69,702.24,365.2,625.59,456.83
1184,OK,261,52,719,719,520.35,372.77,705.43,364.92,628.33,453.86
1185,OK,258,49,722,722,519.53,372.59,705.26,364.89,626.76,453.18
1186,OK,261,57,714,714,520.36,374.33,704.08,368.51,625.13,458.03
1187,OK,260,52,719,719,519.76,372.91,704.94,365.92,626.56,454.45
1188,OK,262,56,713,713,521.05,372.32,704.56,367.5,624.8,455.99
1189,OK,261,57,715,715,520.17,373.44,704.29,369.46,623.89,457.87
1190,OK,262,52,719,719,520.83,372.56,705.81,365.61,628.7,454.6
1191,OK,264,58,712,712,522.08,373.12,705.51,369.16,626.87,458.08
1192,OK,262,56,714,714,521.12,372.69,704.9,368.08,625.17,456.14
1193,OK,259,52,720,720,519.48,372.31,704.8,365.88,625.98,455.3
1194,OK,262,58,713,713,520.2,373.17,703.79,367.86,624.56,457.77
1195,OK,258,51,720,720,519.01,371.84,704.4,364.71,625.15,453.8
1196,OK,260,57,714,714,520.34,372.43,704.25,369.3,623.24,457.61
1197,OK,259,53,719,719,519.62,371.75,704.6,365.81,624.77,455.48
1198,OK,258,52,721,721,518.49,372.64,704.17,365.03,624.68,455.7
1199,OK,257,51,723,723,518.32,373.58,704.31,365.56,625.76,456.3
1200,OK,255,50,724,724,517.6,374.21,703.89,365.65,624.41,455.82
1201,OK,252,55,722,722,513.58,385.75,698.76,370.03,621.59,455.16
1202,OK,256,56,719,719,515.7,380.65,700.46,366.81,623.33,457.37
1203,OK,259,55,716,716,517.99,375.99,701.98,365.18,625.75,456.58
1204,OK,259,56,716,716,518.21,376.82,702.18,365.78,625.37,456.88
1205,OK,259,55,717,717,517.43,376.66,701.9,365.51,624.79,455.7
1206,OK,258,55,718,718,517.61,377.11,702.2,365.72,624.72,457.31
1207,OK,260,58,715,715,518.09,377.45,702.0,365.97,625.82,458.8
1208,OK,260,58,714,714,517.99,377.45,701.54,366.18,624.71,458.57
1209,OK,262,60,713,713,520.21,376.78,703.79,369.27,625.63,460.04
1210,OK,260,54,716,716,518.78,374.88,703.01,364.79,626.15,455.04
1211,OK,263,56,713,713,520.22,374.3,703.59,365.16,627.45,455.35
1212,OK,264,60,709,709,520.53,375.49,703.07,367.45,625.7,456.92
1213,OK,252,56,722,722,513.23,386.35,698.37,369.77,621.44,457.62
1214,OK,253,56,722,722,514.06,385.07,699.39,369.35,622.03,458.41
1215,OK,250,58,722,722,512.14,387.4,697.45,372.82,617.52,458.02
1216,OK,251,58,721,721,512.75,387.13,698.06,373.52,617.46,457.19
1217,OK,255,60,717,717,513.83,386.53,697.95,372.27,620.78,458.28
1218,OK,252,60,718,718,513.01,387.28,697.44,373.52,617.78,458.43
1219,OK,250,58,722,722,512.68,387.56,698.06,374.25,618.39,458.15
1220,OK,249,55,727,727,512.38,388.23,699.05,373.6,619.54,455.64
1221,OK,250,54,726,726,513.11,387.42,699.7,373.51,620.21,455.4
1222,OK,248,54,727,727,511.36,388.09,697.93,372.84,618.64,455.33
1223,OK,249,54,726,726,512.49,387.9,698.82,372.87,619.86,455.61
1224,OK,250,55,725,725,512.26,388.65,698.48,373.74,619.81,453.86
1225,OK,250,55,724,724,511.98,387.47,697.98,373.37,619.29,455.0
1226,OK,249,56,725,725,512.08,388.79,698.34,374.6,618.63,455.85
1227,OK,250,54,727,727,513.04,388.31,699.71,374.25,620.97,454.24
1228,OK,251,55,725,725,512.76,388.75,698.81,373.55,621.17,454.41
1229,OK,248,55,726,726,511.48,388.61,698.03,374.76,618.01,455.73
1230,OK,250,54,727,727,512.47,388.23,699.09,373.06,620.42,454.23
1231,OK,248,53,730,730,511.8,389.09,699.25,373.6,620.73,455.7
1232,OK,251,58,723,723,512.74,388.95,698.31,374.17,618.63,457.07
1233,OK,253,59,719,719,513.15,389.46,697.71,373.34,620.06,456.48
1234,OK,251,57,723,723,512.77,388.53,698.37,372.84,619.67,456.95
1235,OK,251,57,723,723,512.59,389.56,698.24,374.71,619.12,455.78
1236,OK,250,56,724,724,512.69,388.34,698.44,372.41,620.29,456.39
1237,OK,251,57,723,723,512.59,387.39,698.19,371.57,619.71,456.65
1238,OK,250,55,724,724,512.87,387.41,698.79,371.93,620.13,455.42
1239,OK,252,58,720,720,513.27,387.18,698.21,372.71,619.67,456.82
1240,OK,253,57,720,720,513.96,386.45,699.02,372.7,619.83,455.36
1241,OK,252,57,721,721,513.09,387.49,698.12,372.35,619.91,455.88
1242,OK,250,54,726,726,513.47,385.16,699.95,371.23,620.71,456.8
1243,OK,254,57,721,721,514.04,386.5,699.08,371.65,622.6,454.98
1244,OK,253,59,719,719,512.7,387.29,697.23,371.93,619.69,457.77
1245,OK,253,56,723,723,513.78,386.87,699.42,372.57,623.01,454.69
1246,OK,249,53,726,726,512.39,386.39,698.87,371.59,620.34,454.48
1247,OK,251,53,724,724,513.1,386.08,699.11,371.74,621.78,452.37
1248,OK,250,54,724,724,513.04,385.94,699.06,372.74,619.77,454.07
1249,OK,251,55,722,722,512.61,387.4,697.98,371.12,620.29,454.53
1250,OK,253,56,720,720,513.34,387.33,698.09,371.95,621.09,454.27
1251,OK,252,55,723,723,512.96,386.6,698.58,371.69,620.45,454.25
1252,OK,252,55,722,722,513.57,386.29,699.12,372.4,620.48,453.41
1253,OK,253,54,723,723,514.14,385.99,699.77,372.35,621.05,451.91
1254,OK,252,53,725,725,514.66,385.68,700.95,373.56,622.06,452.33
1255,OK,251,54,724,724,513.67,386.61,699.61,372.08,620.45,453.7
1256,OK,254,55,721,721,514.13,386.81,699.15,371.93,622.47,452.31
1257,OK,253,54,722,722,514.29,386.85,699.79,372.46,622.51,451.51
1258,OK,250,54,724,724,512.39,387.47,698.37,372.58,620.19,452.08
1259,OK,253,55,723,723,514.3,387.02,700.08,373.09,622.64,452.66
1260,OK,253,55,723,723,513.68,386.68,699.31,373.01,621.61,453.85
1261,OK,250,52,727,727,512.91,385.45,699.58,370.99,620.43,452.97
1262,OK,251,53,724,724,513.1,386.08,698.96,370.67,621.11,453.23
1263,OK,248,51,731,731,512.11,385.82,699.65,370.48,620.41,455.52
1264,OK,251,54,724,724,513.42,386.26,699.43,371.73,621.19,453.02
1265,OK,251,55,724,724,513.03,386.06,699.09,371.73,620.29,456.05
1266,OK,251,56,724,724,512.85,388.28,698.67,372.81,621.0,456.61
1267,OK,252,55,723,723,513.16,386.2,698.78,371.12,620.71,455.19
1268,OK,251,55,725,725,513.54,382.77,699.78,368.1,621.06,458.61
1269,OK,256,54,720,720,517.35,375.87,702.55,365.74,624.0,457.83
1270,OK,259,55,716,716,518.4,374.97,702.55,365.8,625.09,457.25
1271,OK,260,58,715,715,517.96,376.44,701.74,365.73,625.35,458.94
1272,OK,253,56,721,721,514.46,382.02,699.55,367.67,620.69,458.46
1273,OK,253,57,721,721,514.37,383.62,699.35,368.34,621.08,460.0
1274,OK,250,54,727,727,513.54,382.94,700.2,368.44,621.06,458.64
1275,OK,254,59,719,719,514.54,389.8,699.24,376.63,620.97,454.34
1276,OK,250,56,726,726,513.35,386.43,699.83,371.42,620.85,459.23
1277,OK,254,59,719,719,514.14,385.68,698.61,370.33,619.69,458.22
1278,OK,254,57,723,723,515.31,383.28,701.0,369.07,622.35,460.09
1279,OK,252,53,726,726,514.99,383.19,701.47,368.57,622.64,457.39
1280,OK,254,57,722,722,516.09,383.73,701.36,369.06,622.86,460.71
1281,OK,255,58,722,722,515.89,384.81,701.32,369.69,624.1,461.55
1282,OK,251,53,726,726,514.18,383.54,700.43,367.5,621.9,457.53
1283,OK,251,54,727,727,514.1,383.74,700.72,368.54,621.54,459.39
1284,OK,253,55,724,724,515.13,383.13,701.14,368.69,622.18,458.99
1285,OK,254,56,723,723,515.3,383.13,701.06,369.05,621.9,458.83
1286,OK,250,55,727,727,513.46,384.8,700.03,369.19,620.4,459.79
1287,OK,252,57,723,723,513.48,384.86,698.97,369.61,619.89,459.89
1288,OK,253,58,721,721,514.08,384.32,699.19,368.64,621.32,459.91
1289,OK,255,57,719,719,514.52,382.15,699.12,367.28,621.31,457.94
1290,OK,255,54,721,721,515.34,378.74,700.73,365.96,623.48,457.44
1291,OK,257,59,717,717,516.29,379.37,700.6,367.82,622.58,460.7
1292,OK,254,56,720,720,515.32,379.98,700.24,366.94,622.0,459.36
1293,OK,255,55,720,720,515.85,378.92,700.79,367.0,622.05,457.9
1294,OK,257,58,719,719,516.76,379.36,701.52,367.64,623.98,461.06
1295,OK,252,57,722,722,513.33,383.8,698.55,368.01,620.93,460.29
1296,OK,251,54,724,724,512.66,383.45,698.34,366.93,620.65,457.33
1297,OK,251,54,724,724,513.03,382.79,698.8,366.75,620.79,458.24
1298,OK,251,55,724,724,512.79,383.36,698.54,367.47,620.44,459.72
1299,OK,252,57,722,722,513.97,383.53,699.37,368.84,620.31,459.99
1300,OK,254,59,718,718,514.22,387.66,698.52,373.2,620.43,456.29
1301,OK,252,56,722,722,513.76,387.33,699.06,372.55,621.28,455.42
1302,OK,251,53,724,724,513.3,385.88,699.14,370.82,621.77,452.12
1303,OK,253,54,723,723,513.31,387.18,698.97,372.68,622.1,451.43
1304,OK,250,50,728,728,512.92,384.91,699.94,370.38,621.64,451.55
1305,OK,255,54,720,720,515.05,386.15,699.95,372.09,623.58,450.66
1306,OK,253,53,725,725,514.27,385.95,700.37,372.17,622.99,451.29
1307,OK,253,53,723,723,514.2,386.24,699.96,371.45,622.77,450.22
1308,OK,257,56,719,719,515.86,386.01,700.45,372.19,623.95,451.89
1309,OK,257,55,718,718,515.75,386.69,700.11,371.46,625.19,450.66
1310,OK,257,57,716,716,514.91,386.29,698.54,368.82,624.6,453.14
1311,OK,254,55,720,720,513.5,387.29,697.96,369.42,622.64,452.75
1312,OK,255,56,718,718,514.29,387.25,698.3,369.28,623.32,453.53
1313,OK,257,57,716,716,515.06,387.0,698.7,369.05,624.75,452.46
1314,OK,258,55,717,717,515.88,385.85,699.85,368.35,625.89,449.06
1315,OK,254,50,725,725,515.44,383.08,701.54,367.61,623.94,449.27
1316,OK,251,48,725,725,513.8,383.65,699.85,367.51,621.17,445.66
1317,OK,252,47,725,725,513.64,383.36,699.73,367.04,621.49,444.38
1318,OK,251,48,725,725,512.89,384.57,698.88,366.84,620.45,445.44
1319,OK,253,51,721,721,512.87,385.57,697.66,366.08,621.54,446.43
1320,OK,256,53,716,716,514.63,386.73,698.06,367.67,623.07,446.28
1321,OK,256,55,717,717,514.65,387.91,698.5,370.38,621.99,448.38
1322,OK,259,56,714,714,515.98,386.33,699.21,369.59,624.5,448.79
1323,OK,257,56,717,717,515.47,386.11,699.65,371.06,622.98,451.11
1324,OK,254,51,722,722,514.65,385.32,699.9,368.99,623.52,448.6
1325,OK,258,57,716,716,515.84,387.9,699.53,370.97,625.13,450.62
1326,OK,252,53,725,725,514.05,386.34,700.31,371.65,621.95,452.05
1327,OK,253,54,723,723,514.46,385.54,700.17,371.0,622.01,452.4
1328,OK,254,53,723,723,514.58,385.19,700.13,369.52,623.33,450.81
1329,OK,255,56,718,718,514.9,385.82,699.22,371.37,621.66,451.96
1330,OK,254,55,721,721,514.31,385.81,699.56,371.53,621.31,452.33
1331,OK,254,55,720,720,514.57,385.71,699.59,371.37,622.54,451.91
1332,OK,253,54,722,722,514.11,385.7,699.7,372.55,621.12,452.59
1333,OK,252,55,722,722,513.55,387.22,698.8,372.09,621.49,454.11
1334,OK,254,58,719,719,513.74,388.67,698.36,373.17,621.29,453.95
1335,OK,254,58,719,719,513.94,388.32,698.49,373.59,621.15,454.14
1336,OK,251,55,725,725,513.09,387.78,699.17,373.81,619.94,453.53
1337,OK,253,58,721,721,513.37,389.36,698.54,375.67,621.44,455.05
1338,OK,255,59,717,717,513.92,389.43,697.98,375.01,621.37,453.58
1339,OK,252,57,722,722,513.45,389.58,699.01,376.18,620.34,454.0
1340,OK,253,57,722,722,514.41,390.05,699.98,376.44,621.29,453.12
1341,OK,254,56,723,723,515.17,388.52,701.04,376.23,622.84,452.98
1342,OK,254,57,723,723,515.21,388.87,700.93,375.42,623.12,455.2
1343,OK,254,57,723,723,515.39,389.34,701.11,375.41,623.63,454.04
1344,OK,253,57,722,722,514.78,390.52,700.32,377.58,621.91,453.81
1345,OK,252,58,723,723,513.72,390.55,699.41,377.08,620.34,454.5
1346,OK,254,58,721,721,514.6,390.68,699.92,376.82,622.66,453.74
1347,OK,259,62,717,717,516.31,390.37,700.58,376.83,625.59,456.4
1348,OK,254,59,723,723,515.14,389.59,701.01,376.55,623.6,458.26
1349,OK,255,60,721,721,515.32,389.36,700.6,377.04,623.57,456.94
1350,OK,255,58,722,722,515.43,389.72,700.86,376.54,625.04,455.73
1351,OK,257,60,719,719,515.29,391.0,699.98,377.2,624.52,455.25
1352,OK,251,57,725,725,513.12,390.78,699.43,377.39,620.86,454.41
1353,OK,253,55,726,726,515.04,388.48,701.51,375.62,624.44,455.77
1354,OK,255,58,723,723,515.52,388.89,701.31,376.17,624.73,457.03
1355,OK,257,60,720,720,516.92,388.43,701.95,376.46,625.27,457.56
1356,OK,260,62,716,716,517.58,389.36,701.67,376.43,627.33,458.57
1357,OK,255,56,725,725,516.27,388.21,702.44,374.83,626.12,455.92
1358,OK,257,59,721,721,517.01,388.28,702.26,376.42,625.92,456.78
1359,OK,256,59,720,720,515.83,389.51,700.93,376.37,624.47,456.11
1360,OK,259,62,717,717,517.29,388.78,701.42,375.67,626.35,458.27
1361,OK,257,57,724,724,517.79,387.91,703.68,373.35,628.75,458.61
1362,OK,260,62,719,719,518.49,388.71,702.93,373.26,628.74,461.41
1363,OK,261,63,717,717,518.53,389.45,702.59,373.38,628.09,460.79
1364,OK,259,60,720,720,518.58,388.03,703.52,373.57,628.93,460.46
1365,OK,260,61,719,719,517.65,388.72,702.29,374.08,628.35,460.28
1366,OK,260,60,718,718,518.27,388.84,702.43,373.15,629.59,458.91
1367,OK,262,62,719,719,519.44,389.38,704.07,373.63,631.92,460.66
1368,OK,261,63,718,718,519.33,389.35,703.51,373.94,630.19,462.94
1369,OK,262,63,717,717,519.03,389.73,703.16,373.95,629.28,461.01
1370,OK,261,62,719,719,518.78,389.55,703.41,374.15,629.29,461.16
1371,OK,261,62,718,718,518.86,389.01,703.33,374.19,629.92,461.0
1372,OK,260,62,718,718,517.94,389.48,702.04,372.49,628.47,462.24
1373,OK,258,59,723,723,517.81,388.67,703.42,373.53,628.15,460.62
1374,OK,257,60,722,722,517.27,388.39,702.73,374.75,626.49,461.01
1375,OK,259,63,716,716,517.5,389.56,701.23,375.11,626.19,461.54
1376,OK,258,59,722,722,517.79,388.21,703.2,373.49,627.92,459.81
1377,OK,257,60,723,723,517.71,388.01,703.57,374.97,626.17,460.98
1378,OK,256,58,724,724,517.48,388.8,703.29,374.47,627.16,460.17
1379,OK,261,65,715,715,519.02,389.49,702.75,376.66,626.35,461.48
1380,OK,259,62,719,719,518.74,388.52,703.44,376.4,626.65,459.87
1381,OK,261,63,716,716,519.39,388.49,703.35,376.45,627.91,459.96
1382,OK,259,63,718,718,518.52,389.73,703.09,377.17,626.88,461.25
1383,OK,258,62,722,722,518.81,388.15,704.53,376.81,627.19,463.61
1384,OK,260,63,718,718,519.4,388.04,703.92,377.72,626.86,462.74
1385,OK,259,63,718,718,518.48,388.62,703.0,377.68,625.34,462.62
1386,OK,259,65,716,716,517.99,389.9,701.97,378.46,625.79,463.69
1387,OK,261,67,713,713,517.28,392.21,700.57,379.06,625.8,462.33
1388,OK,263,70,710,710,519.36,392.11,701.88,380.64,627.35,464.4
1389,OK,263,68,713,713,519.86,389.27,703.22,379.93,627.02,464.16
1390,OK,262,67,712,712,519.33,389.5,702.41,379.66,626.17,463.11
1391,OK,261,66,714,714,519.05,389.05,702.63,379.59,625.98,462.0
1392,OK,261,64,717,717,519.12,387.76,703.52,378.06,627.04,462.42
1393,OK,262,66,714,714,519.42,388.78,703.16,379.42,627.38,463.24
1394,OK,261,66,714,714,518.82,389.23,702.55,379.37,626.03,462.83
1395,OK,261,66,715,715,519.08,389.54,702.9,379.56,626.29,463.4
1396,OK,258,65,718,718,517.72,389.97,702.34,380.07,625.49,463.34
1397,OK,258,63,719,719,517.4,389.61,702.24,379.36,625.39,459.87
1398,OK,259,63,718,718,517.34,390.66,701.9,378.47,627.35,460.73
1399,OK,261,63,717,717,517.86,389.09,702.2,376.49,628.39,461.05
1400,OK,263,64,716,716,520.08,385.37,704.09,372.44,631.23,465.25
1401,OK,263,64,714,714,520.07,383.17,703.43,370.29,629.79,467.04
1402,OK,265,67,711,711,519.66,384.19,702.26,369.7,630.34,467.36
1403,OK,264,69,711,711,518.88,385.88,701.38,371.79,628.03,470.19
1404,OK,264,64,713,713,519.68,383.66,702.73,368.89,630.05,464.03
1405,OK,262,63,714,714,518.62,384.03,701.97,369.12,628.61,465.32
1406,OK,257,60,719,719,516.91,381.82,701.64,368.79,624.0,463.24
1407,OK,256,58,721,721,516.13,382.3,701.16,367.47,624.49,462.45
1408,OK,256,59,720,720,516.35,382.41,701.41,369.2,624.02,463.44
1409,OK,258,60,718,718,517.62,383.47,701.97,369.46,624.75,463.4
1410,OK,261,64,712,712,518.75,380.63,701.86,369.9,625.19,465.03
1411,OK,264,66,710,710,519.97,381.21,702.5,370.67,626.82,466.5
1412,OK,264,68,706,706,519.59,381.06,701.18,370.89,624.55,467.01
1413,OK,260,64,712,712,518.02,380.96,701.21,370.81,622.86,465.93
1414,OK,262,65,711,711,518.73,381.28,701.48,370.43,624.22,465.95
1415,OK,263,66,710,710,519.97,381.54,702.51,371.13,626.31,467.42
1416,OK,260,62,717,717,518.17,382.49,702.38,369.32,626.7,464.48
1417,OK,257,59,723,723,517.03,387.35,702.87,373.8,627.24,460.36
1418,OK,256,60,721,721,516.38,382.57,701.67,369.65,623.04,464.06
1419,OK,256,58,718,718,516.17,380.83,700.53,367.35,622.28,460.72
1420,OK,261,65,710,710,517.7,381.48,700.22,370.28,623.26,465.1
1421,OK,255,61,720,720,515.5,385.36,700.46,370.8,622.5,465.37
1422,OK,256,59,722,722,516.72,384.41,702.07,370.19,625.06,463.3
1423,OK,255,59,722,722,516.04,384.89,701.42,370.54,623.59,464.27
1424,OK,252,59,724,724,514.29,385.75,700.2,370.14,622.08,465.1
1425,OK,249,55,729,729,513.51,384.67,700.59,369.68,620.8,461.6
1426,OK,250,57,727,727,513.39,384.6,700.04,371.13,620.35,463.28
1427,OK,250,57,726,726,512.92,385.49,699.49,371.34,620.65,462.75
1428,OK,249,56,728,728,513.34,384.31,700.24,370.71,620.8,463.39
1429,OK,249,56,728,728,512.99,385.18,699.88,371.07,620.46,462.98
1430,OK,250,56,727,727,513.36,383.96,700.05,370.55,620.18,462.74
1431,OK,251,56,727,727,513.7,384.45,700.5,369.94,621.44,462.3
1432,OK,251,57,727,727,513.86,384.1,700.68,371.39,621.09,464.25
1433,OK,249,55,728,728,512.55,384.19,699.57,369.74,620.2,462.55
1434,OK,253,60,723,723,514.56,384.76,700.32,371.01,622.32,465.57
1435,OK,251,57,725,725,513.38,384.77,699.41,369.86,621.46,462.28
1436,OK,252,57,726,726,514.17,384.29,700.67,369.91,622.87,463.14
1437,OK,251,58,725,725,513.16,385.0,699.34,370.93,620.91,462.44
1438,OK,252,58,723,723,512.82,386.14,698.27,370.09,621.28,460.26
1439,OK,251,57,726,726,513.4,384.86,699.87,370.52,621.54,462.58
1440,OK,253,60,723,723,513.84,385.38,699.63,371.0,621.52,463.88
1441,OK,253,58,723,723,513.65,384.44,699.2,368.53,621.66,462.14
1442,OK,252,56,725,725,513.9,384.37,699.81,367.7,622.79,461.09
1443,OK,252,57,724,724,513.87,383.95,699.7,368.82,621.35,462.28
1444,OK,254,58,721,721,514.17,384.25,699.31,368.4,622.48,461.08
1445,OK,251,55,724,724,513.46,383.82,699.3,368.06,620.91,459.47
1446,OK,254,58,721,721,514.61,384.2,699.78,368.64,622.27,460.87
1447,OK,254,59,721,721,514.61,384.21,699.73,369.05,622.16,461.68
1448,OK,254,59,721,721,514.76,383.91,699.98,368.84,622.34,462.27
1449,OK,254,57,723,723,514.69,383.94,700.19,368.09,623.23,461.48
1450,OK,253,56,723,723,514.07,382.14,699.75,366.72,622.85,459.95
1451,OK,254,58,721,721,514.67,381.14,699.96,367.88,621.99,462.17
1452,OK,254,57,721,721,514.41,381.48,699.58,366.38,622.32,461.07
1453,OK,253,56,722,722,514.31,382.31,699.69,366.58,623.0,460.73
1454,OK,253,55,723,723,513.93,381.08,699.57,366.11,622.58,459.13
1455,OK,253,56,723,723,514.39,381.59,699.89,366.56,622.73,460.17
1456,OK,254,58,720,720,514.74,382.26,699.59,367.66,622.49,461.94
1457,OK,253,56,722,722,514.42,381.4,699.8,367.03,622.18,461.51
1458,OK,255,57,721,721,514.55,383.1,699.48,366.15,623.73,459.95
1459,OK,255,60,719,719,514.55,384.13,699.12,368.25,622.45,462.86
1460,OK,254,58,720,720,514.95,382.97,699.87,367.69,622.36,461.49
1461,OK,255,58,721,721,514.6,383.63,699.55,367.52,622.95,461.43
1462,OK,254,58,721,721,514.54,384.1,699.53,368.03,622.33,461.72
1463,OK,253,56,723,723,514.11,382.56,699.74,367.45,621.75,459.96
1464,OK,252,57,723,723,513.46,383.47,699.05,367.78,621.2,461.18
1465,OK,252,57,725,725,514.0,384.32,700.19,369.4,621.39,462.07
1466,OK,252,57,723,723,513.58,384.13,699.26,368.54,621.05,460.62
1467,OK,251,57,725,725,513.81,383.83,699.95,368.68,621.03,462.06
1468,OK,253,58,723,723,514.49,383.77,700.27,369.31,622.06,461.92
1469,OK,252,55,724,724,514.23,383.04,700.05,368.46,621.48,460.09
1470,OK,253,55,723,723,513.66,382.04,699.33,366.52,621.9,459.15
1471,OK,253,58,723,723,514.09,383.53,699.67,369.02,621.72,461.94
1472,OK,251,55,727,727,513.5,384.02,700.24,368.9,622.19,460.82
1473,OK,252,57,725,725,514.24,383.79,700.4,369.84,622.27,463.08
1474,OK,252,56,725,725,514.13,383.41,700.18,368.91,621.89,461.08
1475,OK,250,54,727,727,512.6,383.33,699.13,368.02,621.11,459.4
1476,OK,252,56,721,721,512.54,384.22,697.34,367.05,620.83,457.81
1477,OK,251,56,724,724,512.72,383.95,698.51,368.38,620.89,460.58
1478,OK,252,57,723,723,513.26,384.16,698.89,370.43,620.71,459.75
1479,OK,251,58,724,724,513.29,384.69,699.18,370.38,620.5,463.66
1480,OK,250,55,726,726,512.89,383.36,699.43,368.74,620.75,460.97
1481,OK,251,54,727,727,513.46,382.54,700.27,368.06,621.33,459.29
1482,OK,250,55,726,726,512.77,383.22,699.24,369.31,620.33,460.99
1483,OK,251,57,723,723,512.65,383.32,698.39,368.56,619.58,460.08
1484,OK,251,56,724,724,512.85,383.5,698.73,368.47,620.43,460.94
1485,OK,251,58,724,724,513.26,384.38,699.29,370.0,621.09,463.15
1486,OK,251,57,725,725,513.59,383.61,699.73,369.47,621.23,462.91
1487,OK,253,59,721,721,513.91,383.58,698.91,368.43,621.02,462.39
1488,OK,251,55,725,725,513.46,383.27,699.51,368.29,620.89,459.88
1489,OK,253,58,721,721,513.81,383.17,699.04,369.48,620.95,461.05
1490,OK,252,56,724,724,514.24,382.55,700.1,368.89,621.24,461.25
1491,OK,254,60,720,720,514.73,383.78,699.72,369.14,621.76,463.65
1492,OK,252,57,724,724,514.22,384.1,700.03,369.04,621.21,462.0
1493,OK,252,59,723,723,514.0,385.24,699.54,369.48,620.42,462.85
1494,OK,253,59,722,722,514.87,384.46,700.28,370.41,621.03,463.69
1495,OK,253,59,723,723,514.5,384.47,700.17,370.1,621.19,463.81
1496,OK,251,55,727,727,513.88,382.25,700.71,368.61,620.82,460.87
1497,OK,252,54,726,726,514.6,382.11,701.03,368.02,622.58,459.09
1498,OK,251,55,727,727,513.89,382.83,700.67,368.18,621.75,461.0
1499,OK,252,57,725,725,514.18,384.09,700.25,369.25,622.05,462.96
1500,OK,252,54,726,726,514.64,381.7,701.06,368.22,622.66,460.45
1501,OK,252,54,726,726,514.81,380.91,701.29,367.74,622.29,460.05
1502,OK,251,52,729,729,514.08,381.04,701.36,367.13,622.49,458.85
1503,OK,254,59,720,720,515.12,381.72,699.97,368.17,622.36,463.27
1504,OK,255,58,721,721,514.98,382.9,700.14,367.93,622.51,461.88
1505,OK,252,56,725,725,513.67,383.32,699.65,367.78,621.52,461.51
1506,OK,253,56,724,724,514.69,382.94,700.72,368.22,622.65,462.08
1507,OK,250,54,728,728,514.11,382.78,701.06,368.61,621.6,461.06
1508,OK,253,59,723,723,514.25,384.56,699.99,370.07,621.05,463.48
1509,OK,252,56,725,725,514.07,382.64,700.25,368.55,620.86,462.26
1510,OK,254,58,720,720,514.24,383.52,699.1,367.86,621.58,461.84
1511,OK,252,60,723,723,513.72,384.87,699.47,370.76,619.86,464.67
1512,OK,252,61,722,722,514.49,385.4,699.93,371.44,620.35,465.61
1513,OK,252,58,725,725,514.42,384.14,700.54,369.42,621.71,463.34
1514,OK,251,58,724,724,514.08,385.34,699.8,369.71,620.93,463.31
1515,OK,253,60,722,722,514.59,384.71,699.94,370.6,620.79,465.08
1516,OK,251,57,725,725,513.56,384.13,699.6,369.28,619.75,461.69
1517,OK,252,59,722,722,514.12,384.8,699.42,370.37,620.48,462.9
1518,OK,252,58,723,723,514.37,384.19,700.17,369.89,620.22,460.99
1519,OK,254,60,721,721,514.94,384.31,700.02,369.7,621.8,463.11
1520,OK,251,58,723,723,513.41,384.45,699.01,369.62,619.17,462.61
1521,OK,251,58,725,725,514.16,384.15,700.27,370.33,620.78,464.18
1522,OK,252,59,722,722,513.5,384.52,698.91,369.81,620.0,463.09
1523,OK,253,60,721,721,514.09,384.6,699.29,369.68,621.31,463.51
1524,OK,252,59,722,722,513.94,384.84,699.39,369.98,620.35,463.48
1525,OK,252,58,722,722,513.98,384.53,699.28,369.71,620.75,462.27
1526,OK,252,59,723,723,514.19,384.48,699.96,370.2,620.83,463.85
1527,OK,252,58,722,722,513.73,384.11,699.23,369.89,620.17,462.89
1528,OK,251,57,724,724,513.56,384.05,699.49,370.04,620.99,462.73
1529,OK,255,61,719,719,514.42,383.72,698.97,369.08,622.13,464.3
1530,OK,252,59,722,722,513.84,384.39,699.33,370.11,621.35,464.14
1531,OK,251,56,726,726,514.01,384.46,700.42,370.04,621.53,462.42
1532,OK,252,58,725,725,514.13,384.33,700.26,370.0,621.09,463.95
1533,OK,254,60,721,721,514.1,385.04,699.1,369.48,621.54,464.37
1534,OK,253,59,722,722,513.92,384.84,699.35,369.65,621.73,463.4
1535,OK,253,60,723,723,514.65,384.2,700.39,371.33,622.27,465.53
1536,OK,252,59,723,723,513.49,384.4,699.09,369.51,621.35,464.37
1537,OK,253,60,722,722,514.64,383.61,700.1,371.12,621.23,465.28
1538,OK,251,58,725,725,513.58,382.97,699.83,370.26,620.62,463.98
1539,OK,252,58,725,725,513.84,383.43,700.03,369.88,621.11,464.25
1540,OK,252,58,725,725,513.81,384.84,699.93,370.3,621.23,464.41
1541,OK,251,59,724,724,513.74,384.81,699.69,371.16,620.48,464.15
1542,OK,253,58,725,725,514.32,383.86,700.53,370.51,622.76,464.56
1543,OK,253,59,722,722,514.17,384.46,699.62,370.11,622.21,464.35
1544,OK,253,60,723,723,514.03,384.07,699.63,370.15,621.41,465.0
1545,OK,252,60,722,722,513.82,385.11,699.28,370.38,621.06,465.63
1546,OK,249,58,726,726,512.75,385.34,699.13,370.94,618.78,464.14
1547,OK,253,60,722,722,514.02,385.61,699.29,370.28,621.49,465.59
1548,OK,251,59,723,723,513.32,384.92,699.04,370.14,619.55,463.56
1549,OK,251,58,725,725,513.1,385.0,699.3,369.64,620.15,463.66
1550,OK,255,62,718,718,515.07,385.31,699.38,370.17,622.25,464.88
1551,OK,253,60,721,721,514.04,384.28,699.05,369.5,621.19,464.93
1552,OK,255,62,719,719,514.95,384.65,699.57,370.18,622.04,464.96
1553,OK,254,60,721,721,514.44,384.94,699.39,368.71,622.87,463.85
1554,OK,256,62,717,717,515.2,383.6,699.27,369.18,622.74,465.4
1555,OK,255,61,718,718,514.82,383.8,699.2,368.54,622.5,464.56
1556,OK,255,58,720,720,514.71,381.63,699.55,367.74,622.94,462.28
1557,OK,253,54,724,724,514.44,379.79,700.46,366.72,623.22,460.36
1558,OK,255,58,720,720,515.56,380.68,700.53,367.86,623.76,461.98
1559,OK,256,59,718,718,515.33,381.26,699.84,367.78,622.99,462.55
1560,OK,257,62,716,716,516.15,381.89,700.09,369.52,622.45,464.37
1561,OK,254,59,720,720,514.38,382.69,699.35,368.22,622.81,463.53
1562,OK,257,63,714,714,515.89,382.6,699.28,369.44,621.97,464.4
1563,OK,256,61,716,716,515.68,381.86,699.62,369.56,622.03,463.72
1564,OK,254,59,721,721,514.74,382.05,699.82,367.95,622.5,463.65
1565,OK,255,60,719,719,514.98,382.48,699.55,368.05,622.6,463.46
1566,OK,254,60,719,719,514.43,382.87,699.13,368.39,621.08,463.93
1567,OK,255,61,719,719,514.74,383.32,699.47,368.91,621.46,464.29
1568,OK,254,60,718,718,514.44,384.18,698.62,368.51,621.32,463.08
1569,OK,254,59,720,720,514.07,383.38,699.02,368.46,621.5,463.39
1570,OK,254,60,720,720,515.0,384.64,699.84,370.24,621.72,463.59
1571,OK,253,61,720,720,514.17,384.94,698.98,370.28,620.14,464.44
1572,OK,253,59,723,723,514.11,384.73,699.76,369.39,621.22,463.84
1573,OK,255,61,719,719,514.9,385.21,699.35,369.4,622.62,463.73
1574,OK,251,59,724,724,513.52,384.64,699.34,370.36,620.49,465.01
1575,OK,250,57,725,725,512.43,384.39,698.66,369.04,620.07,462.31
1576,OK,251,58,724,724,513.08,384.07,698.96,369.89,620.45,464.78
1577,OK,251,59,724,724,513.93,384.42,699.86,371.53,621.01,465.74
1578,OK,251,59,725,725,513.09,383.69,699.39,370.69,620.38,464.86
1579,OK,251,59,725,725,513.34,384.37,699.55,370.91,619.83,464.61
1580,OK,251,58,725,725,513.12,384.09,699.3,370.08,620.0,463.87
1581,OK,252,60,723,723,513.71,384.33,699.52,370.61,621.07,464.79
1582,OK,251,58,724,724,513.07,384.18,699.16,370.64,620.36,464.15
1583,OK,252,59,724,724,514.15,384.65,700.09,372.0,621.81,465.19
1584,OK,252,60,723,723,513.82,384.0,699.51,371.08,620.46,464.55
1585,OK,252,60,723,723,513.44,392.3,699.36,379.9,620.9,457.78
1586,OK,248,58,726,726,512.2,388.09,698.74,374.83,617.83,461.67
1587,OK,249,58,727,727,512.39,386.99,699.13,373.86,619.03,462.72
1588,OK,253,61,721,721,513.5,386.93,698.59,371.81,620.3,462.78
1589,OK,249,56,728,728,513.27,385.14,700.28,371.62,619.97,462.36
1590,OK,249,59,724,724,512.47,385.42,698.49,371.33,618.34,463.86
1591,OK,254,61,719,719,513.83,385.57,698.5,370.79,619.99,462.77
1592,OK,250,59,725,725,513.48,385.71,699.69,371.12,619.08,464.11
1593,OK,251,59,725,725,513.8,385.73,699.98,372.13,619.32,464.17
1594,OK,250,58,725,725,513.15,386.14,699.24,371.21,619.39,462.74
1595,OK,251,57,726,726,513.73,385.37,700.23,370.12,621.05,462.67
1596,OK,251,58,726,726,514.71,385.11,701.09,371.1,621.48,465.68
1597,OK,255,62,721,721,515.77,385.36,701.08,371.46,623.37,466.89
1598,OK,255,61,723,723,516.39,384.98,702.03,371.05,624.45,467.19
1599,OK,255,59,725,725,516.17,384.55,702.3,370.11,625.55,466.17
1600,OK,254,59,724,724,515.72,384.44,701.72,370.11,624.27,465.21
1601,OK,254,58,725,725,515.64,383.02,701.77,369.23,623.6,463.91
1602,OK,251,56,727,727,514.59,382.85,701.25,368.52,621.89,463.08
1603,OK,253,56,724,724,515.87,382.94,701.9,368.83,622.56,461.94
1604,OK,256,58,721,721,516.62,381.66,701.72,367.52,624.57,461.52
1605,OK,255,55,723,723,516.37,379.8,702.23,367.03,624.14,459.65
1606,OK,254,54,724,724,516.55,379.43,702.65,367.32,623.72,459.25
1607,OK,257,57,720,720,517.82,379.91,702.87,368.04,625.37,460.18
1608,OK,256,54,723,723,517.48,377.86,703.35,367.32,624.37,458.17
1609,OK,254,54,724,724,516.82,378.48,702.97,368.02,623.06,459.66
1610,OK,256,56,723,723,517.54,379.83,703.27,368.05,624.86,460.26
1611,OK,254,54,725,725,516.63,379.59,702.87,367.06,624.2,459.14
1612,OK,250,54,728,728,514.33,384.86,701.19,369.84,622.2,459.31
1613,OK,250,51,730,730,513.78,385.66,701.08,369.64,622.76,455.58
1614,OK,259,56,719,719,518.56,377.62,703.32,366.63,626.44,459.33
1615,OK,264,60,713,713,521.32,376.81,704.81,368.5,627.85,460.95
1616,OK,263,64,713,713,520.0,379.67,703.33,370.65,626.76,465.56
1617,OK,262,63,712,712,519.76,379.37,703.05,370.68,625.64,464.77
1618,OK,263,61,712,712,520.96,377.37,704.16,368.7,627.1,461.85
1619,OK,263,62,713,713,520.54,377.46,703.99,369.95,626.9,463.2
1620,OK,264,62,711,711,521.0,377.64,703.85,368.75,627.39,462.04
1621,OK,263,65,711,711,520.23,379.28,703.3,371.18,626.05,466.67
1622,OK,264,68,709,709,519.91,381.85,702.17,371.84,626.28,468.62
1623,OK,260,64,714,714,518.65,380.9,702.35,371.66,625.19,467.35
1624,OK,262,66,711,711,519.14,380.46,702.07,372.5,623.94,467.2
1625,OK,260,65,715,715,518.45,381.53,702.28,372.07,624.97,468.79
1626,OK,260,66,713,713,517.9,381.51,701.2,372.04,623.29,468.34
1627,OK,251,56,727,727,514.29,386.29,701.22,373.82,621.18,459.09
1628,OK,250,55,728,728,513.83,382.66,700.8,369.35,620.91,463.73
1629,OK,258,64,714,714,516.56,382.64,700.13,370.03,622.76,466.62
1630,OK,259,66,713,713,516.85,381.79,700.26,371.66,622.2,468.14
1631,OK,256,65,715,715,515.51,382.48,699.24,371.22,620.36,468.11
1632,OK,257,62,715,715,515.75,380.52,699.55,368.94,621.3,464.32
1633,OK,259,64,712,712,516.76,380.67,699.87,369.71,621.75,465.33
1634,OK,260,66,711,711,517.33,381.12,700.22,371.46,621.86,466.94
1635,OK,260,65,711,711,517.21,381.08,700.0,370.08,622.38,465.21
1636,OK,259,64,713,713,517.33,381.0,700.57,370.48,621.87,465.91
1637,OK,260,65,713,713,517.5,381.36,700.79,370.63,623.1,466.26
1638,OK,259,66,712,712,516.88,382.14,699.87,372.08,622.12,467.73
1639,OK,259,67,710,710,516.81,381.82,699.47,371.67,621.24,467.36
1640,OK,259,67,711,711,516.34,382.08,699.1,371.27,621.06,467.95
1641,OK,262,68,707,707,518.45,381.17,700.34,371.56,622.02,466.65
1642,OK,259,68,711,711,516.59,382.73,699.51,372.74,621.18,469.21
1643,OK,260,67,711,711,516.83,382.2,699.63,371.43,621.94,468.1
1644,OK,261,69,711,711,516.98,383.55,699.79,371.37,623.66,470.76
1645,OK,258,66,712,712,516.56,382.8,699.47,371.36,621.8,468.54
1646,OK,258,65,715,715,516.14,382.73,699.9,371.41,622.15,468.67
1647,OK,260,64,713,713,517.55,380.73,700.94,369.57,623.17,465.99
1648,OK,258,65,714,714,516.4,382.49,699.96,371.26,622.36,468.45
1649,OK,259,65,712,712,516.71,382.1,699.86,370.78,622.28,467.17
1650,OK,256,64,717,717,515.83,382.08,700.08,371.34,621.13,468.1
1651,OK,260,63,715,715,518.25,379.48,702.23,370.4,624.0,465.5
1652,OK,257,63,716,716,516.65,381.04,700.85,371.32,621.85,467.06
1653,OK,258,63,714,714,517.71,379.25,701.42,370.82,622.43,465.7
1654,OK,259,64,712,712,517.79,379.9,700.84,371.18,621.37,466.04
1655,OK,261,64,712,712,519.13,379.43,702.43,370.53,624.67,465.67
1656,OK,259,62,714,714,518.48,378.77,702.04,369.59,623.28,464.3
1657,OK,261,62,715,715,519.39,378.54,703.27,369.85,625.85,464.7
1658,OK,258,63,715,715,517.19,380.34,701.11,370.59,622.2,465.79
1659,OK,258,65,714,714,517.37,380.9,701.11,371.87,622.53,468.87
1660,OK,259,62,714,714,517.78,379.07,701.45,369.11,622.87,464.54
1661,OK,259,62,715,715,517.17,380.57,700.87,368.94,623.33,463.68
1662,OK,255,55,722,722,515.75,380.0,701.2,365.09,624.89,459.9
1663,OK,260,62,713,713,517.48,380.08,700.78,368.37,623.21,462.85
1664,OK,259,60,714,714,517.63,379.13,701.31,368.0,624.36,461.92
1665,OK,257,61,716,716,517.4,379.02,701.7,370.46,622.22,464.75
1666,OK,264,62,710,710,521.31,375.71,704.04,370.72,625.68,461.47
1667,OK,265,64,709,709,521.53,376.67,703.96,371.35,626.56,462.11
1668,OK,264,60,710,710,520.94,375.45,703.66,368.57,626.53,459.12
1669,OK,261,58,712,712,519.66,375.37,702.99,367.91,624.4,457.66
1670,OK,261,60,713,713,519.62,377.31,703.09,369.08,624.2,460.55
1671,OK,261,64,711,711,519.22,379.03,702.04,370.66,622.48,463.86
1672,OK,260,57,715,715,518.92,376.16,702.87,366.57,624.97,457.38
1673,OK,264,63,708,708,520.58,377.94,702.84,369.62,625.45,462.02
1674,OK,261,63,711,711,519.01,379.23,701.84,369.91,623.45,463.1
1675,OK,263,66,709,709,519.57,380.12,702.08,371.86,623.6,465.79
1676,OK,262,67,711,711,519.35,381.23,702.17,372.49,623.64,467.96
1677,OK,252,59,722,722,513.49,387.21,698.75,370.54,621.38,461.57
1678,OK,255,64,718,718,513.23,389.88,697.32,371.92,623.15,465.15
1679,OK,262,65,708,708,517.64,381.22,699.64,368.6,624.15,463.19
1680,OK,267,67,703,703,520.43,378.53,701.2,368.48,625.87,462.61
1681,OK,267,72,705,705,521.59,382.43,703.09,374.61,626.94,470.91
1682,OK,268,61,708,708,523.25,375.89,705.43,368.22,631.19,459.56
1683,OK,265,58,712,712,522.11,374.91,705.22,367.02,628.76,457.13
1684,OK,265,65,706,706,521.08,377.05,702.81,371.57,625.17,462.03
1685,OK,267,69,703,703,520.88,378.79,701.79,372.45,625.38,464.89
1686,OK,266,66,707,707,521.22,377.81,703.12,372.15,626.07,464.73
1687,OK,263,64,711,711,520.71,377.17,703.7,372.18,624.68,463.66
1688,OK,264,64,710,710,521.22,377.05,704.14,372.36,625.71,463.98
1689,OK,266,67,707,707,521.52,377.7,703.42,372.03,626.16,465.48
1690,OK,267,57,710,710,521.96,375.2,704.58,365.37,631.88,455.45
1691,OK,261,50,718,718,519.9,372.35,704.7,364.35,628.16,450.03
1692,OK,266,50,712,712,522.04,371.11,705.13,361.84,632.03,446.19
1693,OK,264,50,712,712,520.35,371.47,703.43,361.45,629.27,446.96
1694,OK,264,49,712,712,520.13,369.75,703.21,360.63,628.85,446.33
1695,OK,262,51,713,713,519.57,369.39,703.03,361.48,626.65,448.66
1696,OK,261,47,716,716,519.09,370.08,703.2,360.26,628.45,445.78
1697,OK,260,45,719,719,518.66,369.6,703.65,359.88,628.52,445.14
1698,OK,258,45,721,721,517.96,369.9,703.33,360.71,627.03,445.93
1699,OK,257,43,724,724,517.69,368.95,704.08,360.36,627.17,445.67
1700,OK,258,44,723,723,518.0,369.22,704.1,360.25,627.27,445.98
1701,OK,258,44,722,722,517.83,370.12,703.64,359.97,628.05,445.59
1702,OK,257,41,724,724,517.8,370.51,703.97,359.14,629.04,443.09
1703,OK,258,44,722,722,517.88,370.39,703.51,359.24,628.83,445.44
1704,OK,261,44,719,719,518.76,371.02,703.72,359.67,630.55,442.55
1705,OK,260,43,720,720,518.33,370.09,703.53,358.99,629.16,442.71
1706,OK,258,42,722,722,517.39,371.37,703.02,358.75,629.03,442.3
1707,OK,258,43,721,721,517.04,371.02,702.42,358.78,627.27,442.47
1708,OK,259,42,723,723,518.18,370.65,704.1,359.27,629.8,442.86
1709,OK,257,42,724,724,517.39,370.48,703.56,359.18,627.78,444.09
1710,OK,257,40,725,725,517.66,370.14,704.15,358.48,628.79,441.46
1711,OK,257,43,723,723,517.52,369.81,703.39,358.9,627.45,444.09
1712,OK,256,41,726,726,517.27,370.01,703.86,359.46,627.44,444.77
1713,OK,255,41,726,726,516.56,370.27,703.36,359.27,626.85,444.53
1714,OK,256,42,724,724,516.84,370.7,702.83,358.86,627.54,444.03
1715,OK,255,38,729,729,516.9,369.21,704.27,358.28,627.69,442.1
1716,OK,258,44,721,721,517.33,369.78,702.79,358.56,625.94,445.61
1717,OK,257,44,721,721,516.31,370.37,701.64,357.95,625.78,445.09
1718,OK,255,43,725,725,516.29,370.0,702.77,359.52,625.04,446.33
1719,OK,251,41,728,728,515.09,370.04,702.2,359.25,623.26,446.71
1720,OK,252,43,727,727,514.93,370.39,701.87,359.94,623.09,448.42
1721,OK,249,45,728,728,514.23,371.35,701.72,364.69,619.82,450.23
1722,OK,248,45,728,728,513.25,371.73,700.5,364.66,618.21,451.01
1723,OK,248,42,730,730,513.95,370.44,701.85,362.98,619.52,447.85
1724,OK,248,45,730,730,514.15,372.3,702.16,366.35,618.36,451.81
1725,OK,247,43,732,732,514.06,372.23,702.42,365.36,618.74,450.37
1726,OK,251,43,728,728,515.39,371.24,702.68,362.41,621.58,448.99
1727,OK,252,45,725,725,515.47,370.35,702.07,361.64,621.12,449.26
1728,OK,247,40,733,733,512.18,373.28,700.56,360.13,619.97,446.15
1729,OK,241,41,737,737,508.4,381.73,697.45,363.96,615.12,445.74
1730,OK,240,40,736,736,508.11,383.23,696.84,365.06,614.18,443.14
1731,OK,245,44,729,729,509.63,384.27,696.65,367.48,616.69,441.79
1732,OK,246,44,726,726,509.47,385.19,695.61,366.33,616.6,439.86
1733,OK,250,56,713,713,509.08,392.86,691.74,372.69,612.8,442.84
1734,OK,245,53,718,718,507.25,389.52,691.09,370.38,609.0,444.34
1735,OK,241,51,722,722,504.32,390.46,689.26,370.4,609.02,445.32
1736,OK,244,55,718,718,505.49,390.56,689.67,372.71,609.67,446.86
1737,OK,242,50,724,724,506.35,386.8,692.09,369.83,610.22,446.55
1738,OK,241,49,726,726,507.56,387.12,693.66,370.09,609.33,445.8
1739,OK,243,47,727,727,507.33,386.49,693.69,368.13,612.71,444.36
1740,OK,246,51,720,720,508.0,387.82,692.4,368.88,612.87,445.03
1741,OK,246,52,718,718,506.77,387.83,690.54,367.81,612.68,444.74
1742,OK,244,50,716,716,503.73,386.57,687.13,366.22,609.22,440.43
1743,OK,245,50,718,718,505.03,386.88,688.67,365.99,612.99,441.93
1744,OK,244,50,723,723,505.38,388.63,690.4,367.47,613.65,444.44
1745,OK,246,53,718,718,506.03,388.71,689.91,368.0,613.12,445.74
1746,OK,245,53,719,719,505.97,388.1,690.06,368.54,611.78,445.8
1747,OK,244,50,722,722,505.59,388.0,690.4,367.52,612.6,446.09
1748,OK,243,50,722,722,506.01,388.41,690.94,369.12,611.09,445.15
1749,OK,244,49,723,723,506.62,387.0,691.79,368.34,611.9,443.51
1750,OK,245,51,720,720,506.24,386.7,690.69,367.46,611.64,445.42
1751,OK,240,46,729,729,505.54,386.56,692.31,368.06,610.84,444.03
1752,OK,238,47,730,730,505.55,386.53,692.79,369.59,608.4,446.41
1753,OK,239,46,730,730,505.73,386.57,692.93,369.03,609.27,444.98
1754,OK,244,48,727,727,508.78,385.05,695.4,368.85,612.61,445.91
1755,OK,242,47,729,729,508.28,384.86,695.39,368.56,611.97,447.06
1756,OK,241,45,732,732,508.14,384.45,695.93,368.6,612.86,446.52
1757,OK,241,43,735,735,508.39,383.67,697.04,367.1,615.2,446.21
1758,OK,244,47,729,729,509.11,385.96,696.14,368.69,614.79,446.24
1759,OK,247,49,725,725,509.33,387.13,695.35,369.45,616.08,445.31
1760,OK,250,54,719,719,509.94,388.61,694.43,371.15,616.99,446.19
1761,OK,246,48,726,726,509.97,384.88,696.1,366.6,616.89,447.17
1762,OK,241,46,733,733,508.5,381.9,696.59,366.68,613.31,450.26
1763,OK,242,48,731,731,508.93,382.11,696.67,367.56,613.05,452.19
1764,OK,246,51,725,725,510.14,386.0,696.18,370.04,614.39,448.09
1765,OK,248,48,724,724,511.09,385.64,696.91,369.31,616.23,444.25
1766,OK,250,49,723,723,512.62,385.39,698.24,369.02,617.18,444.6
1767,OK,250,47,724,724,512.9,384.89,698.56,367.53,619.22,443.26
1768,OK,251,47,725,725,512.57,385.42,698.71,369.34,621.84,441.9
1769,OK,255,53,717,717,512.85,388.78,696.61,370.06,621.42,443.16
1770,OK,252,51,721,721,512.34,387.13,697.35,370.59,620.8,445.09
1771,OK,253,53,719,719,512.31,388.96,696.53,370.41,619.76,444.81
1772,OK,248,49,726,726,511.26,386.81,697.54,370.69,618.35,447.2
1773,OK,249,50,724,724,511.66,386.28,697.47,371.16,619.07,447.02
1774,OK,250,51,722,722,511.32,386.97,696.5,370.89,618.85,446.87
1775,OK,252,53,719,719,511.74,387.67,696.31,371.14,618.96,445.81
1776,OK,252,52,719,719,511.73,387.67,696.17,370.81,618.1,443.79
1777,OK,251,50,723,723,511.74,386.31,697.38,370.15,619.79,443.82
1778,OK,250,51,722,722,511.69,387.71,696.86,371.06,618.98,446.53
1779,OK,250,52,722,722,511.75,387.02,697.06,370.41,618.42,448.63
1780,OK,250,51,723,723,511.62,387.0,696.96,370.1,619.27,447.17
1781,OK,248,51,725,725,511.71,385.1,697.95,370.14,616.94,449.46
1782,OK,250,44,731,731,514.87,375.13,702.73,363.05,622.08,450.09
1783,OK,252,44,728,728,516.16,374.06,703.33,363.55,622.43,448.49
1784,OK,252,46,727,727,516.03,373.66,703.03,364.12,621.1,450.4
1785,OK,251,46,728,728,515.48,374.88,702.67,364.31,621.82,451.11
1786,OK,252,46,726,726,515.89,374.35,702.65,364.29,621.23,449.46
1787,OK,250,46,729,729,515.55,374.26,703.11,365.11,620.32,450.69
1788,OK,250,45,729,729,514.87,375.04,702.43,364.72,620.84,449.63
1789,OK,250,45,729,729,515.19,374.45,702.72,364.8,620.06,449.12
1790,OK,253,50,727,727,516.42,376.68,703.41,366.11,623.01,455.22
1791,OK,251,46,728,728,515.32,375.98,702.51,365.28,621.6,451.29
1792,OK,253,49,724,724,516.04,376.01,702.2,365.76,621.28,452.14
1793,OK,252,48,726,726,515.59,375.71,702.29,365.37,621.26,452.64
1794,OK,249,46,730,730,514.81,376.29,702.61,365.29,620.97,451.59
1795,OK,253,50,725,725,516.04,376.96,702.4,366.07,621.86,454.02
1796,OK,252,49,726,726,516.24,376.1,703.01,365.69,622.24,453.61
1797,OK,255,52,723,723,516.92,376.26,702.93,366.26,622.54,455.64
1798,OK,254,51,723,723,516.26,376.57,702.26,365.6,621.97,453.67
1799,OK,251,48,726,726,514.41,378.32,701.08,366.02,620.53,451.39
