k,status,x,y,w,h,rx,ry,lx,ly,nx,ny
0,FAILED,,,,,,,,,,
1,OK,97,106,618,618,312.8,378.76,470.9,360.19,420.52,461.59
2,OK,108,107,618,618,323.0,378.77,481.62,364.32,433.14,462.42
3,OK,105,104,624,624,322.23,378.43,482.06,362.57,432.04,462.88
4,OK,105,103,621,621,321.35,375.17,480.46,359.38,431.02,458.86
5,OK,94,103,625,625,312.93,380.2,472.65,359.21,420.11,460.53
6,OK,89,105,624,624,308.31,381.08,467.66,360.51,414.31,463.75
7,OK,85,107,624,624,305.46,381.37,464.9,361.72,410.0,467.77
8,OK,89,110,621,621,307.2,382.84,465.79,362.58,412.14,468.78
9,OK,93,110,618,618,310.18,382.89,468.05,361.67,415.51,467.0
10,OK,106,115,605,605,315.82,381.84,470.2,360.13,423.68,464.07
11,OK,107,105,621,621,324.36,377.9,483.34,360.55,432.05,462.38
12,OK,114,92,639,639,340.07,370.63,503.87,353.9,445.79,460.35
13,OK,132,96,628,628,355.7,366.35,517.27,356.59,456.57,460.35
14,OK,148,91,640,640,375.67,366.08,540.28,359.3,478.14,460.66
15,OK,150,66,671,671,389.52,360.09,562.07,350.81,494.69,447.91
16,OK,156,65,669,669,401.34,353.0,573.62,354.96,493.54,445.6
17,OK,178,72,651,651,413.09,346.52,580.72,349.08,509.45,448.14
18,OK,183,71,651,651,419.05,344.36,586.67,351.75,513.77,444.81
19,OK,174,69,665,665,415.62,352.1,586.82,358.92,511.99,446.62
20,OK,165,67,684,684,412.49,359.68,588.76,362.18,513.53,458.71
21,OK,164,70,693,693,414.3,365.44,592.91,363.34,517.35,467.83
22,OK,178,78,690,690,427.86,369.5,605.46,367.38,531.11,479.33
23,OK,186,83,699,699,438.24,372.83,618.29,373.66,542.64,491.4
24,OK,198,93,709,709,451.65,388.35,634.33,387.85,562.3,507.85
25,OK,203,102,712,712,456.55,400.17,639.83,395.83,571.63,519.85
26,OK,217,123,705,705,468.27,410.85,649.93,410.88,580.72,539.37
27,OK,239,146,693,693,484.01,424.36,662.38,431.93,598.03,556.5
28,OK,298,203,661,661,526.16,462.91,695.87,475.53,645.89,597.99
29,OK,344,244,633,633,563.02,483.32,723.86,509.76,678.43,624.37
30,OK,394,275,585,585,591.9,487.2,739.8,516.13,707.51,634.17
31,OK,402,259,589,589,599.97,476.86,749.35,503.27,718.88,617.28
32,OK,352,186,639,639,568.21,438.91,732.0,454.38,693.07,564.96
33,OK,299,143,647,647,517.41,405.65,684.08,405.71,643.71,527.31
34,OK,243,94,675,675,479.82,373.91,653.47,379.72,595.28,486.62
35,OK,246,107,648,648,474.5,371.7,641.18,379.42,584.08,486.66
36,OK,241,107,644,644,464.7,371.68,630.43,375.1,579.33,485.47
37,OK,224,96,658,658,454.97,373.74,624.51,371.51,567.32,478.62
38,OK,215,94,660,660,447.75,373.43,617.78,371.98,557.27,477.12
39,OK,200,84,674,674,438.09,371.59,611.6,366.93,549.23,472.87
40,OK,192,81,678,678,432.71,369.97,607.24,366.23,542.21,472.3
41,OK,186,81,680,680,428.36,371.19,603.37,367.66,538.06,474.47
42,OK,187,84,678,678,428.43,370.8,603.07,369.17,537.3,477.19
43,OK,187,87,676,676,427.75,374.0,601.76,371.58,536.15,478.62
44,OK,188,89,674,674,428.26,372.64,601.79,373.8,535.54,480.52
45,OK,190,86,678,678,430.23,372.44,604.77,370.74,541.22,479.81
46,OK,185,84,687,687,429.93,373.68,606.8,375.75,538.15,480.66
47,OK,180,84,684,684,426.87,376.34,603.09,374.66,530.5,478.05
48,OK,204,108,659,659,437.34,387.48,607.16,386.92,545.73,487.13
49,OK,210,119,675,675,450.06,402.03,623.98,398.51,557.82,511.86
50,OK,206,131,648,648,441.33,404.11,608.12,406.06,536.31,505.89
51,OK,168,125,678,678,421.3,405.56,595.6,416.25,507.24,518.45
52,OK,155,118,687,687,408.4,405.63,585.28,407.48,499.92,515.48
53,OK,125,116,687,687,383.18,398.96,559.94,405.38,464.79,516.51
54,OK,132,116,686,686,390.79,393.82,567.06,406.6,471.51,518.22
55,OK,155,106,680,680,407.14,382.97,581.7,398.05,496.03,502.99
56,OK,171,96,689,689,427.47,372.64,603.55,393.74,515.78,498.11
57,OK,202,102,669,669,451.1,369.06,622.25,389.87,535.35,492.62
58,OK,230,89,669,669,474.96,360.19,646.45,377.78,567.6,477.35
59,OK,244,77,675,675,490.4,351.74,663.75,365.99,585.2,470.05
60,OK,256,79,669,669,498.32,354.11,670.23,364.88,597.3,466.71
61,OK,260,89,677,677,502.18,368.26,676.47,374.17,607.35,482.86
62,OK,253,90,676,676,497.42,370.71,671.34,376.63,597.82,483.94
63,OK,252,72,678,678,495.79,363.62,670.53,366.49,600.09,458.74
64,OK,239,57,691,691,488.72,353.94,666.61,358.67,591.94,448.74
65,OK,223,54,691,691,471.28,356.62,649.12,350.51,576.7,446.37
66,OK,200,51,706,706,454.53,365.91,635.96,352.3,562.66,450.08
67,OK,181,62,718,718,440.48,375.85,624.78,360.76,548.4,473.82
68,OK,172,79,726,726,434.31,392.02,620.88,379.2,543.92,499.41
69,OK,181,106,708,708,439.6,402.19,621.89,398.82,539.36,520.81
70,OK,173,131,717,717,435.74,428.63,620.39,423.46,534.87,552.1
71,OK,165,158,749,749,442.49,458.13,635.39,463.66,539.29,603.45
72,OK,168,169,751,751,449.28,465.35,642.42,476.31,541.39,617.34
73,OK,187,156,749,749,461.81,454.02,654.58,462.78,565.67,602.31
74,OK,191,133,758,758,468.09,438.68,663.28,444.04,574.82,583.53
75,OK,197,127,750,750,470.36,433.12,663.58,434.09,577.65,572.12
76,OK,198,127,747,747,469.82,432.51,662.29,434.43,577.32,567.09
77,OK,193,122,749,749,466.75,428.52,659.61,430.3,572.21,562.71
78,OK,185,108,758,758,463.63,421.17,658.85,424.54,567.47,551.22
79,OK,180,110,761,761,460.34,423.49,656.34,427.36,562.73,555.54
80,OK,185,126,750,750,460.11,436.16,653.33,435.85,564.18,566.85
81,OK,177,133,761,761,457.16,442.63,653.0,447.91,559.3,581.18
82,OK,173,145,756,756,454.64,450.82,649.27,458.37,551.74,592.35
83,OK,171,140,760,760,454.58,447.63,650.02,456.7,550.3,589.79
84,OK,184,124,758,758,465.6,432.17,660.51,442.17,563.38,570.52
85,OK,200,126,742,742,477.12,426.15,667.66,440.13,570.98,562.17
86,OK,205,131,738,738,483.22,424.85,672.09,445.59,570.47,564.91
87,OK,207,130,739,739,484.77,425.9,674.1,444.26,573.73,564.64
88,OK,201,134,746,746,481.64,430.69,673.05,448.43,572.12,574.9
89,OK,203,133,740,740,481.3,429.41,671.02,447.78,570.9,568.98
90,OK,200,134,749,749,481.59,432.02,673.56,452.22,572.17,575.39
91,OK,201,135,752,752,481.67,437.1,674.64,453.61,577.0,578.46
92,OK,192,141,761,761,475.63,444.85,670.83,461.63,570.79,590.5
93,OK,180,158,751,751,466.37,451.55,658.66,472.85,548.13,605.29
94,OK,164,155,770,770,459.77,455.21,656.88,477.25,539.98,614.96
95,OK,168,158,767,767,462.06,456.21,658.17,479.21,543.43,614.36
96,OK,166,148,771,771,458.95,454.37,656.76,471.19,545.48,604.73
97,OK,171,149,763,763,460.74,451.72,656.59,469.17,547.04,599.74
98,OK,170,136,771,771,460.63,445.14,658.5,461.65,550.86,588.75
99,OK,161,133,770,770,451.41,447.12,649.43,457.69,542.16,585.22
100,OK,149,133,783,783,446.13,446.45,647.23,460.35,534.83,596.41
101,OK,143,126,786,786,441.28,442.51,643.3,454.61,530.61,590.95
102,OK,139,123,784,784,437.31,439.93,639.09,450.37,525.65,585.07
103,OK,145,122,783,783,441.29,438.98,642.76,448.54,531.32,582.55
104,OK,148,117,787,787,445.93,435.93,648.19,447.95,536.48,578.68
105,OK,157,117,786,786,454.56,435.51,656.58,448.41,546.12,578.85
106,OK,177,140,759,759,462.85,442.01,657.52,460.5,552.01,587.69
107,OK,184,148,756,756,467.57,448.67,661.71,464.34,559.53,597.12
108,OK,179,161,761,761,467.81,457.65,662.8,477.89,554.17,614.81
109,OK,180,161,765,765,471.06,455.44,666.54,481.12,555.87,617.8
110,OK,173,160,777,777,468.07,461.62,667.06,483.95,556.01,624.48
111,OK,173,167,776,776,467.88,467.87,666.28,491.45,555.02,631.76
112,OK,175,171,777,777,469.37,473.28,668.26,494.7,558.66,635.44
113,OK,164,175,795,795,467.76,480.81,670.69,508.41,554.2,650.62
114,OK,161,183,798,798,468.04,486.95,670.96,519.6,550.69,661.71
115,OK,157,190,805,805,471.55,491.19,674.23,534.39,546.35,672.28
116,OK,161,197,808,808,476.42,496.83,679.74,540.75,553.01,683.4
117,OK,158,194,812,812,475.43,496.42,679.89,540.93,551.67,682.19
118,OK,162,200,798,798,473.58,498.2,674.58,540.49,548.29,678.8
119,OK,152,180,808,808,464.56,488.74,669.73,523.02,545.08,662.89
120,OK,156,179,794,794,463.42,482.46,665.32,514.77,541.83,653.9
121,OK,162,174,782,782,464.09,474.64,663.43,504.36,544.02,642.17
122,OK,167,169,779,779,465.55,470.9,664.45,497.21,548.38,632.2
123,OK,175,161,770,770,470.72,460.5,667.01,489.23,551.39,618.74
124,OK,178,160,764,764,471.45,456.39,666.21,484.49,551.52,613.85
125,OK,172,147,772,772,469.55,446.81,666.02,477.53,548.29,604.55
126,OK,173,144,769,769,470.59,441.84,665.92,474.41,547.5,598.67
127,OK,169,132,781,781,468.91,435.91,667.72,465.72,551.18,593.29
128,OK,174,135,771,771,469.21,436.57,665.76,465.55,551.17,590.74
129,OK,171,134,772,772,467.33,436.54,664.09,465.06,549.37,590.19
130,OK,166,134,780,780,466.7,437.35,665.2,467.92,546.21,595.4
131,OK,172,145,769,769,468.94,444.64,664.72,475.1,546.81,599.97
132,OK,176,148,769,769,472.04,446.46,667.75,477.67,550.58,603.06
133,OK,173,149,778,778,473.6,451.24,671.74,480.86,551.78,611.85
134,OK,178,154,777,777,477.54,455.74,675.21,487.68,555.89,613.52
135,OK,180,157,778,778,480.47,458.49,678.18,490.89,560.5,618.61
136,OK,187,163,774,774,483.88,466.17,681.04,495.46,566.6,620.57
137,OK,189,169,773,773,484.52,469.66,681.41,498.67,568.22,627.19
138,OK,194,177,764,764,486.16,474.05,680.68,502.97,568.7,631.04
139,OK,195,176,767,767,488.31,473.51,683.45,503.72,570.66,630.94
140,OK,198,175,765,765,489.77,472.67,684.56,502.15,573.63,628.02
141,OK,197,172,766,766,489.34,473.2,684.64,500.48,574.28,624.64
142,OK,199,173,765,765,489.87,472.02,684.96,499.61,574.65,625.02
143,OK,199,175,764,764,490.37,474.71,685.44,500.43,575.55,627.63
144,OK,197,174,767,767,488.58,474.31,684.52,499.46,574.35,627.97
145,OK,198,174,766,766,489.4,474.72,685.22,499.68,575.14,628.63
146,OK,200,178,767,767,492.42,476.35,687.97,503.5,576.87,633.32
147,OK,200,175,771,771,491.87,476.95,688.84,501.29,580.41,631.08
148,OK,203,177,762,762,492.79,476.88,687.67,500.54,579.53,629.08
149,OK,203,176,764,764,493.97,476.95,689.17,502.43,579.52,627.98
150,OK,201,179,761,761,490.66,478.2,684.95,503.74,574.81,627.88
151,OK,199,173,765,765,491.16,477.01,686.28,503.46,575.18,621.2
152,OK,202,175,763,763,491.74,477.15,686.58,502.47,577.29,622.51
153,OK,206,173,763,763,495.08,475.77,689.8,501.4,582.18,620.96
154,OK,203,174,762,762,493.56,475.67,688.06,501.11,578.79,621.94
155,OK,209,180,755,755,495.4,478.52,688.43,502.68,581.08,624.48
156,OK,204,177,764,764,493.83,478.47,689.21,502.59,581.35,629.43
157,OK,201,175,766,766,491.79,477.31,687.54,501.21,578.49,628.15
158,OK,199,173,770,770,492.04,476.7,688.77,500.92,579.14,628.52
159,OK,200,176,768,768,492.09,477.96,688.28,502.79,578.41,629.75
160,OK,205,179,762,762,493.82,478.49,688.66,502.79,580.98,630.31
161,OK,202,177,766,766,492.68,477.21,688.44,502.08,579.82,631.09
162,OK,204,181,761,761,492.58,479.82,686.97,503.96,578.66,631.7
163,OK,205,182,761,761,493.54,479.79,687.91,504.03,579.71,632.24
164,OK,203,176,765,765,492.73,476.13,688.2,500.87,580.34,628.22
165,OK,202,174,766,766,492.72,475.69,688.56,499.44,581.23,627.67
166,OK,205,176,761,761,492.74,476.08,687.31,499.14,580.03,625.16
167,OK,195,173,777,777,489.43,476.13,688.28,499.24,578.11,635.39
168,OK,190,174,782,782,488.97,475.97,688.58,502.85,574.88,641.22
169,OK,189,160,792,792,488.97,469.31,691.66,492.4,580.92,632.16
170,OK,190,156,792,792,489.69,466.41,692.43,488.37,581.81,628.1
171,OK,189,157,791,791,487.55,467.35,690.39,487.61,580.31,626.81
172,OK,193,161,785,785,487.99,470.26,689.43,488.94,581.38,627.7
173,OK,190,160,789,789,487.46,469.5,689.6,489.62,580.22,629.22
174,OK,192,162,785,785,487.91,470.14,689.01,491.13,579.82,629.23
175,OK,193,164,783,783,488.99,471.34,689.56,492.51,580.3,629.42
176,OK,192,161,787,787,488.11,470.06,689.8,489.91,581.49,629.36
177,OK,193,161,787,787,489.23,470.75,690.98,489.65,583.76,628.67
178,OK,193,156,789,789,490.11,465.2,692.04,487.8,583.0,625.44
179,OK,199,161,780,780,493.11,466.8,692.66,490.1,585.46,624.22
180,OK,206,163,773,773,495.95,471.02,694.04,491.25,590.33,618.5
181,OK,208,167,777,777,499.59,474.85,698.49,496.75,594.65,626.12
182,OK,203,158,787,787,501.04,466.14,702.18,492.06,592.37,623.62
183,OK,217,158,770,770,508.73,459.94,705.13,488.35,597.15,613.58
184,OK,222,154,759,759,510.55,451.53,703.6,482.57,596.81,599.03
185,OK,219,157,754,754,506.36,451.38,698.15,482.16,591.49,601.79
186,OK,210,155,763,763,500.4,453.91,694.54,483.94,585.12,604.56
187,OK,201,149,772,772,495.84,453.15,692.89,480.64,581.48,604.06
188,OK,200,153,775,775,495.47,456.5,693.06,484.98,581.62,610.72
189,OK,207,161,769,769,499.3,460.86,695.38,488.74,586.62,616.58
190,OK,204,158,773,773,497.15,458.41,694.25,485.96,585.34,616.26
191,OK,201,157,775,775,495.77,459.11,693.51,485.52,583.26,617.25
192,OK,206,158,771,771,497.44,459.15,694.34,484.99,586.43,615.67
193,OK,204,157,775,775,497.8,460.22,695.58,487.14,586.84,615.54
194,OK,197,155,783,783,494.59,461.38,694.33,488.36,583.41,618.56
195,OK,204,156,777,777,498.07,460.66,696.49,487.23,588.13,615.58
196,OK,207,157,773,773,498.12,461.49,695.61,485.71,589.23,614.35
197,OK,206,155,765,765,495.77,456.02,691.18,480.43,584.26,607.3
198,OK,212,151,765,765,502.21,451.23,697.01,480.59,589.84,601.74
199,OK,200,140,782,782,497.76,447.32,697.24,474.18,586.33,602.96
200,OK,200,141,782,782,497.43,448.43,697.14,474.31,586.22,603.69
201,OK,204,146,776,776,499.04,449.01,697.18,475.05,587.62,606.22
202,OK,203,148,775,775,497.01,450.22,694.96,475.98,585.72,607.02
203,OK,207,145,778,778,501.29,450.54,699.89,476.3,591.88,605.96
204,OK,211,147,776,776,503.62,451.99,702.12,475.97,596.51,606.3
205,OK,215,156,766,766,504.1,459.04,699.96,483.59,595.66,607.96
206,OK,212,159,766,766,502.26,460.75,697.56,489.04,591.09,609.15
207,OK,209,152,774,774,501.64,457.73,698.98,485.19,592.18,608.43
208,OK,213,156,764,764,501.83,457.43,696.84,483.56,591.86,606.39
209,OK,211,154,768,768,501.44,456.35,697.35,484.24,591.23,606.94
210,OK,211,155,770,770,501.75,457.2,698.22,484.94,592.29,609.74
211,OK,211,159,769,769,501.5,459.66,697.59,487.14,592.32,613.18
212,OK,209,159,771,771,500.39,460.8,696.86,489.05,589.39,614.17
213,OK,206,156,777,777,499.64,460.01,697.78,487.27,590.37,616.05
214,OK,211,159,771,771,501.57,460.59,698.36,486.9,593.28,614.45
215,OK,215,161,766,766,504.05,461.29,699.59,487.65,595.83,615.52
216,OK,211,162,768,768,500.86,462.34,697.04,488.24,591.92,617.86
217,OK,213,163,767,767,501.09,462.45,697.24,486.81,593.67,617.41
218,OK,214,164,767,767,501.35,464.08,697.62,487.1,594.52,618.97
219,OK,212,161,770,770,500.9,462.29,697.71,485.82,595.07,618.06
220,OK,210,161,772,772,501.29,462.54,698.51,488.19,593.64,618.66
221,OK,213,163,771,771,502.88,464.66,699.96,489.72,595.18,620.73
222,OK,210,162,775,775,501.9,463.89,699.62,491.65,593.39,620.49
223,OK,207,161,775,775,499.11,463.92,697.26,487.47,591.6,620.98
224,OK,207,160,778,778,500.21,465.0,699.15,488.2,594.08,622.17
225,OK,209,161,776,776,501.33,465.57,699.95,488.09,595.31,622.13
226,OK,212,162,774,774,503.73,465.22,701.66,489.67,596.89,621.91
227,OK,210,161,775,775,502.38,464.47,700.45,488.95,594.57,621.03
228,OK,211,160,778,778,503.6,464.82,702.5,489.31,597.45,622.44
229,OK,211,161,776,776,503.36,464.9,701.69,490.01,595.85,621.49
230,OK,209,161,779,779,502.1,466.55,701.27,490.12,595.66,623.25
231,OK,212,161,776,776,504.09,465.42,702.39,490.89,596.93,621.45
232,OK,208,160,780,780,502.74,465.67,701.96,490.9,595.43,623.01
233,OK,207,159,782,782,502.94,464.71,702.61,491.34,594.78,623.17
234,OK,210,162,777,777,503.82,464.7,702.06,492.76,594.61,622.72
235,OK,208,161,778,778,502.82,464.44,701.21,491.96,593.51,622.0
236,OK,210,162,777,777,503.28,465.2,701.67,492.19,594.0,621.64
237,OK,209,161,778,778,503.24,465.38,701.99,491.54,594.64,622.64
238,OK,208,160,780,780,501.93,465.85,701.28,490.05,594.92,623.37
239,OK,207,161,780,780,501.19,466.57,700.68,490.49,594.42,624.33
240,OK,204,160,785,785,499.22,468.35,700.2,489.62,593.63,626.72
241,OK,204,159,786,786,499.07,467.31,700.4,488.72,594.43,627.79
242,OK,205,160,784,784,499.14,467.61,700.09,488.47,595.18,627.39
243,OK,204,158,789,789,499.91,466.2,701.95,488.18,597.02,628.0
244,OK,207,164,780,780,499.22,470.31,699.36,488.23,596.5,628.82
245,OK,209,163,781,781,500.77,469.88,700.99,489.92,597.18,628.1
246,OK,208,165,779,779,499.8,470.65,699.49,489.61,596.23,627.92
247,OK,205,162,785,785,498.99,469.9,700.17,489.09,596.16,629.08
248,OK,206,163,782,782,498.88,471.05,699.24,490.35,595.54,628.53
249,OK,207,164,782,782,500.05,471.12,700.61,490.53,596.27,629.46
250,OK,206,161,784,784,500.45,469.35,701.27,490.83,595.99,626.36
251,OK,209,163,778,778,501.71,469.43,700.92,490.69,596.14,625.07
252,OK,210,162,780,780,505.26,467.99,704.58,493.7,596.96,623.7
253,OK,217,173,768,768,505.49,472.83,702.05,496.16,598.44,630.93
254,OK,212,169,782,782,507.28,475.13,707.12,500.69,600.74,633.36
255,OK,213,169,783,783,507.67,474.94,707.68,501.73,600.97,633.05
256,OK,213,169,784,784,507.24,475.75,707.58,501.18,602.75,634.06
257,OK,206,166,792,792,502.88,477.87,705.72,499.02,601.31,635.72
258,OK,210,168,787,787,504.21,477.19,705.85,498.65,601.7,635.67
259,OK,209,168,786,786,503.97,477.07,705.16,499.26,600.67,634.66
260,OK,209,167,786,786,503.95,476.06,705.33,497.83,601.15,634.06
261,OK,212,169,782,782,504.78,476.48,704.9,498.87,601.47,633.71
262,OK,209,167,786,786,503.94,476.81,705.18,498.94,601.14,633.84
263,OK,222,177,771,771,510.38,478.89,707.02,506.0,605.92,631.77
264,OK,217,174,774,774,507.91,477.44,705.21,505.16,601.59,631.72
265,OK,211,170,780,780,504.1,475.31,703.61,499.35,599.16,634.05
266,OK,202,161,791,791,498.16,471.35,700.68,492.56,594.94,630.09
267,OK,194,154,802,802,495.32,468.02,700.83,489.85,592.15,631.48
268,OK,196,155,799,799,495.4,468.64,700.3,488.82,592.89,629.69
269,OK,198,155,797,797,497.04,467.95,701.06,489.72,594.25,629.11
270,OK,195,153,800,800,495.9,467.34,700.78,489.2,593.31,628.84
271,OK,199,156,792,792,496.66,467.1,699.61,488.78,593.61,626.97
272,OK,198,156,792,792,495.12,467.49,698.12,488.64,591.58,627.67
273,OK,196,151,794,794,495.47,461.28,698.74,483.69,589.74,625.48
274,OK,195,145,798,798,497.42,454.82,701.19,481.69,589.17,619.85
275,OK,207,138,784,784,504.76,442.64,704.35,473.15,593.92,604.0
276,OK,217,145,762,762,506.47,442.86,700.74,471.45,594.04,596.64
277,OK,216,143,761,761,504.25,440.17,698.13,468.89,592.15,592.0
278,OK,214,145,763,763,504.1,441.07,698.31,470.27,589.99,597.35
279,OK,216,148,760,760,504.86,442.43,698.42,471.16,590.39,600.31
280,OK,212,146,764,764,504.31,440.79,698.58,472.64,587.57,600.53
281,OK,208,143,771,771,500.99,442.85,697.69,470.64,587.45,600.88
282,OK,209,146,768,768,501.7,443.81,697.65,471.36,587.4,602.64
283,OK,222,159,753,753,504.53,454.63,696.97,478.13,595.77,604.53
284,OK,217,157,754,754,502.12,454.89,694.71,479.5,591.15,602.42
285,OK,219,157,752,752,503.17,454.47,695.12,480.27,591.34,600.32
286,OK,218,159,753,753,502.27,456.05,694.71,481.02,590.98,602.51
287,OK,221,158,750,750,504.77,453.76,696.1,480.32,592.12,600.81
288,OK,225,166,742,742,505.18,458.05,694.85,482.37,593.02,603.87
289,OK,227,165,742,742,506.89,457.11,696.44,480.61,595.91,604.29
290,OK,227,168,738,738,506.62,458.85,695.12,483.96,592.7,604.31
291,OK,226,165,744,744,506.89,456.62,696.85,482.11,594.23,605.1
292,OK,224,164,744,744,505.69,456.8,695.67,482.26,591.62,603.97
293,OK,225,165,744,744,507.07,456.7,697.01,481.61,593.66,605.8
294,OK,221,156,753,753,505.47,452.35,697.61,478.14,593.94,599.99
295,OK,219,150,760,760,506.15,452.66,700.09,478.48,596.46,595.96
296,OK,226,159,748,748,507.88,455.74,698.87,480.49,597.49,599.77
297,OK,219,159,758,758,504.62,458.1,698.28,483.69,595.44,605.41
298,OK,212,155,769,769,501.36,457.98,697.64,484.33,593.9,607.69
299,OK,209,152,774,774,501.13,457.88,698.41,486.03,593.67,607.78
300,OK,208,157,780,780,500.89,462.03,700.05,487.38,595.63,619.86
301,OK,215,159,765,765,502.69,459.11,698.19,483.18,594.89,611.51
302,OK,214,156,771,771,503.49,459.21,700.56,484.51,597.38,612.06
303,OK,214,159,771,771,504.32,461.25,701.0,488.11,596.85,613.52
304,OK,218,162,764,764,505.52,463.09,700.64,487.9,598.57,614.43
305,OK,218,160,767,767,505.44,462.57,701.43,486.32,599.45,611.72
306,OK,215,157,769,769,503.64,461.48,700.27,484.23,597.52,610.21
307,OK,216,160,766,766,504.19,462.3,699.95,487.24,597.3,613.16
308,OK,213,160,773,773,501.59,464.81,699.48,487.47,597.51,616.76
309,OK,203,162,778,778,495.23,468.38,694.5,488.69,591.12,624.72
310,OK,205,160,779,779,497.12,465.59,696.49,488.52,591.95,622.41
311,OK,196,159,787,787,490.02,471.39,692.02,487.5,588.41,626.53
312,OK,198,161,785,785,491.59,472.23,693.0,489.25,588.26,626.07
313,OK,199,161,780,780,492.38,468.68,692.34,489.34,587.4,623.79
314,OK,202,160,779,779,493.54,467.38,693.06,487.85,589.36,620.89
315,OK,202,159,780,780,493.89,467.76,693.8,488.05,590.53,620.82
316,OK,200,160,781,781,492.57,468.64,692.86,488.01,588.68,622.13
317,OK,200,158,782,782,493.17,468.19,693.7,487.53,590.12,621.99
318,OK,197,159,787,787,490.7,470.28,692.51,487.81,588.46,626.55
319,OK,210,161,774,774,499.49,468.37,697.77,488.22,596.68,619.58
320,OK,201,161,781,781,492.93,468.57,693.12,486.98,589.21,625.54
321,OK,202,161,783,783,493.41,470.43,694.37,487.0,592.88,625.32
322,OK,197,159,784,784,490.59,470.19,691.7,487.33,588.32,624.39
323,OK,207,160,775,775,496.61,465.43,695.05,486.03,593.67,619.29
324,OK,210,164,772,772,498.1,469.48,695.84,489.16,595.76,621.8
325,OK,210,163,774,774,498.91,468.25,697.2,488.97,597.06,621.5
326,OK,213,162,773,773,500.92,466.76,698.8,487.69,599.51,619.5
327,OK,214,160,773,773,501.56,465.42,699.41,487.21,599.84,616.29
328,OK,217,159,773,773,504.2,464.31,702.1,485.72,603.53,615.19
329,OK,223,166,762,762,505.77,467.64,700.98,488.53,604.63,617.84
330,OK,223,165,764,764,505.94,467.58,701.82,486.63,606.36,618.33
331,OK,222,165,765,765,506.51,466.46,702.42,487.09,605.39,618.08
332,OK,222,164,768,768,506.74,467.91,703.55,486.47,608.28,619.85
333,OK,221,166,771,771,506.16,471.05,703.82,490.34,607.28,623.06
334,OK,227,167,766,766,510.46,468.92,706.89,488.53,611.67,621.33
335,OK,228,165,765,765,511.04,466.03,706.98,486.57,612.07,619.08
336,OK,225,164,769,769,509.58,467.61,706.62,486.61,611.86,620.24
337,OK,230,170,776,776,515.5,476.59,714.58,495.29,622.37,630.15
338,OK,228,171,779,779,513.65,477.7,713.63,494.83,621.79,634.09
339,OK,244,197,766,766,530.73,489.18,724.52,526.44,627.33,652.59
340,OK,238,249,776,776,525.98,541.74,723.38,572.8,627.54,716.86
341,OK,251,291,760,760,535.43,569.89,728.08,604.36,632.08,756.29
342,OK,238,272,782,782,528.28,563.83,727.45,593.51,631.08,747.75
343,OK,228,260,793,793,519.94,561.88,722.8,586.04,628.0,739.2
344,OK,226,260,791,791,517.39,561.32,719.7,584.57,624.28,738.13
345,OK,223,257,797,797,517.82,560.88,721.57,585.39,624.29,738.07
346,OK,227,252,795,795,519.66,554.54,722.92,579.49,626.75,731.14
347,OK,230,239,779,779,519.11,535.78,717.58,565.15,620.08,705.6
348,OK,227,207,770,770,518.54,496.66,712.58,537.99,609.87,667.47
349,OK,195,163,793,793,492.75,475.13,695.81,496.67,589.05,633.55
350,OK,196,150,790,790,494.23,459.9,695.97,486.17,587.09,618.95
351,OK,213,145,761,761,499.32,445.32,693.64,471.29,589.72,592.4
352,OK,213,136,754,754,498.45,434.68,690.48,462.82,586.48,578.87
353,OK,210,135,750,750,494.78,432.57,685.82,461.01,580.13,574.19
354,OK,214,138,747,747,496.97,435.1,687.26,463.5,583.25,574.05
355,OK,216,150,743,743,497.33,444.84,686.88,471.64,582.84,585.07
356,OK,220,141,742,742,498.9,439.51,688.49,463.4,588.31,573.19
357,OK,212,137,751,751,497.01,437.4,688.49,464.4,583.21,573.33
358,OK,214,147,749,749,495.81,447.68,687.41,469.72,585.07,584.56
359,OK,211,153,755,755,495.3,450.6,688.1,474.96,584.32,598.24
360,OK,217,150,746,746,499.41,446.91,689.88,472.72,587.01,587.49
361,OK,224,150,738,738,502.97,441.54,690.97,469.32,589.86,583.92
362,OK,216,144,754,754,501.61,444.6,694.09,471.21,589.61,585.95
363,OK,221,153,745,745,500.69,449.17,691.3,471.17,591.87,590.07
364,OK,219,151,745,745,498.46,449.87,689.27,471.05,589.03,587.37
365,OK,219,153,743,743,496.99,452.23,687.23,473.26,588.43,585.69
366,OK,219,149,749,749,499.0,450.39,690.8,472.1,591.98,585.25
367,OK,221,153,749,749,501.48,452.37,693.13,473.6,594.66,591.35
368,OK,218,154,749,749,497.91,451.73,689.8,472.08,590.59,594.25
369,OK,215,151,750,750,496.16,451.63,688.15,472.57,588.3,591.65
370,OK,217,152,750,750,497.36,452.98,689.59,472.92,590.54,591.76
371,OK,214,150,756,756,497.93,451.86,691.52,473.58,590.92,594.47
372,OK,212,162,752,752,496.19,458.62,688.18,483.76,584.92,606.64
373,OK,210,164,751,751,493.51,460.14,685.44,484.55,581.24,606.57
374,OK,209,159,755,755,493.89,456.52,686.88,479.45,583.53,605.44
375,OK,203,158,765,765,491.76,459.5,687.14,484.01,580.86,609.17
376,OK,202,160,764,764,492.44,460.7,687.38,487.56,579.83,611.46
377,OK,206,163,758,758,493.39,460.44,686.94,486.91,581.23,610.97
378,OK,204,159,762,762,493.41,459.07,687.92,485.29,581.09,609.1
379,OK,200,156,772,772,493.12,459.65,689.96,486.88,582.07,611.13
380,OK,202,156,774,774,494.51,460.9,692.37,485.73,585.49,614.46
381,OK,199,153,778,778,493.62,458.82,692.15,485.35,584.33,612.33
382,OK,193,153,783,783,489.36,460.83,689.58,484.38,580.24,616.25
383,OK,200,157,775,775,491.7,460.64,689.87,484.14,583.8,616.3
384,OK,202,157,775,775,494.09,461.67,692.2,485.66,585.61,616.06
385,OK,203,158,773,773,494.49,460.82,692.14,485.51,586.2,615.1
386,OK,201,158,772,772,492.98,460.72,690.27,485.72,583.03,616.72
387,OK,208,159,766,766,496.51,459.99,692.17,484.3,587.67,613.44
388,OK,207,159,771,771,496.91,460.52,693.9,486.04,588.86,615.42
389,OK,207,159,772,772,497.39,463.46,694.87,487.36,591.03,616.08
390,OK,204,158,778,778,496.62,464.2,695.62,487.13,591.36,619.59
391,OK,206,164,775,775,495.8,469.88,694.5,489.43,591.66,622.83
392,OK,200,164,782,782,493.53,473.39,693.96,492.38,589.73,628.85
393,OK,205,170,772,772,493.94,475.25,692.06,493.38,589.24,629.61
394,OK,203,168,774,774,493.2,473.92,691.67,492.66,588.75,627.02
395,OK,198,160,784,784,493.08,469.1,693.79,491.66,586.61,625.23
396,OK,207,168,773,773,496.58,474.03,694.75,492.65,592.19,626.54
397,OK,208,167,774,774,497.71,473.5,696.23,492.8,593.97,626.35
398,OK,207,168,772,772,496.37,473.5,694.29,491.72,592.67,625.95
399,OK,205,166,776,776,496.15,474.13,695.12,492.56,592.08,626.04
400,OK,210,169,772,772,498.86,474.46,696.8,492.85,595.89,627.18
401,OK,211,170,771,771,498.93,474.33,696.49,493.68,595.7,626.83
402,OK,212,171,771,771,499.54,475.46,697.15,495.34,596.49,627.92
403,OK,218,174,766,766,503.34,476.68,699.61,496.96,601.29,628.68
404,OK,216,170,772,772,502.99,474.47,700.88,494.49,603.11,627.6
405,OK,229,172,767,767,510.79,474.35,707.47,492.1,615.58,627.76
406,OK,256,180,749,749,526.54,473.33,718.7,491.26,638.68,627.36
407,OK,298,192,725,725,555.65,474.39,741.05,496.85,673.62,623.94
408,OK,314,203,702,702,561.11,476.7,740.87,495.03,680.29,623.84
409,OK,279,185,733,733,540.22,471.41,728.0,490.66,656.99,622.56
410,OK,257,182,747,747,525.84,474.2,717.65,490.16,638.44,627.98
411,OK,246,180,746,746,515.77,474.61,707.33,488.74,628.01,626.23
412,OK,248,182,745,745,517.67,474.32,708.75,490.49,628.65,627.07
413,OK,251,183,732,732,517.08,472.08,704.98,486.05,624.37,619.71
414,OK,255,174,730,730,519.89,463.81,707.32,479.97,626.66,607.96
415,OK,251,165,735,735,517.2,458.7,706.26,470.39,625.88,600.09
416,OK,246,162,740,740,514.13,459.0,704.49,469.25,623.01,601.51
417,OK,243,166,743,743,514.25,460.74,704.95,476.32,619.0,606.8
418,OK,238,163,751,751,512.75,460.88,705.42,477.12,618.09,607.78
419,OK,241,170,744,744,513.25,463.0,704.23,478.65,618.6,613.63
420,OK,236,164,752,752,512.51,460.33,705.56,477.04,616.83,611.36
421,OK,235,157,753,753,511.43,454.11,704.51,471.59,615.92,604.38
422,OK,233,152,754,754,512.95,450.15,706.02,471.69,612.33,597.66
423,OK,235,151,741,741,509.92,444.78,699.53,466.32,606.97,587.7
424,OK,232,148,742,742,508.51,442.65,698.33,464.99,604.51,584.55
425,OK,233,150,740,740,508.31,445.81,697.63,468.74,604.05,583.33
426,OK,233,151,737,737,508.11,442.05,696.14,467.71,600.2,583.51
427,OK,225,141,747,747,504.4,438.33,695.28,462.99,597.36,579.21
428,OK,233,152,736,736,507.71,443.2,695.93,466.51,601.1,586.71
429,OK,232,152,740,740,508.37,446.37,697.48,470.6,602.98,586.61
430,OK,234,143,744,744,508.77,443.25,699.26,464.9,608.24,577.31
431,OK,229,142,750,750,507.41,443.62,699.21,467.05,606.25,579.16
432,OK,226,153,745,745,504.6,447.02,694.86,471.76,597.12,592.34
433,OK,231,155,737,737,507.19,444.52,695.1,470.78,598.74,588.82
434,OK,234,154,736,736,507.8,446.19,695.87,470.65,602.23,587.15
435,OK,235,153,741,741,509.61,448.27,699.07,471.29,607.07,587.85
436,OK,237,156,739,739,509.71,450.62,698.86,470.79,609.49,590.54
437,OK,238,157,740,740,512.48,450.24,701.63,472.9,610.5,592.6
438,OK,232,154,754,754,511.92,454.22,704.55,479.08,610.0,597.2
439,OK,230,154,762,762,511.38,458.1,706.54,477.97,614.61,602.05
440,OK,235,154,749,749,510.64,454.66,702.39,475.57,612.95,592.55
441,OK,226,151,751,751,504.3,452.82,696.8,472.55,602.55,591.17
442,OK,216,153,767,767,500.6,458.48,697.28,477.43,600.8,605.87
443,OK,214,156,764,764,498.32,458.57,694.09,479.64,595.89,607.95
444,OK,212,145,774,774,497.93,454.01,696.37,472.18,601.13,602.06
445,OK,218,150,759,759,499.42,452.4,693.76,473.76,598.16,595.11
446,OK,208,145,770,770,492.63,454.85,690.3,471.66,595.46,597.21
447,OK,207,148,766,766,491.04,455.96,687.42,473.6,592.6,598.88
448,OK,210,146,763,763,491.59,450.25,687.22,467.75,593.28,596.89
449,OK,211,141,773,773,496.64,450.6,694.92,469.88,598.47,595.73
450,OK,223,151,764,764,504.47,456.31,700.45,474.87,607.54,601.07
451,OK,224,148,771,771,509.03,456.74,706.42,477.96,611.83,600.32
452,OK,223,147,771,771,509.32,455.55,706.46,479.66,609.53,597.98
453,OK,223,157,767,767,506.69,460.15,703.0,482.04,608.73,609.83
454,OK,231,172,762,762,510.41,473.66,705.74,492.52,617.19,623.58
455,OK,257,187,746,746,525.35,481.08,716.73,498.47,640.38,631.77
456,OK,252,190,757,757,526.74,484.02,720.33,508.12,637.49,640.3
457,OK,249,194,755,755,523.71,488.27,716.74,512.32,633.2,642.78
458,OK,241,188,763,763,519.68,485.88,714.72,509.51,628.49,641.87
459,OK,241,183,759,759,517.28,481.26,711.79,501.09,627.08,633.02
460,OK,245,182,753,753,518.89,478.45,711.81,497.96,627.67,628.64
461,OK,227,164,776,776,509.56,474.26,708.96,487.15,621.61,624.75
462,OK,235,150,764,764,513.91,458.52,709.94,474.3,622.73,599.2
463,OK,237,152,746,746,511.8,451.17,703.03,469.44,613.44,591.21
464,OK,238,142,737,737,509.29,440.07,698.15,458.62,609.08,572.23
465,OK,237,140,736,736,508.58,437.3,697.15,457.48,607.61,569.31
466,OK,241,139,735,735,511.6,436.66,699.71,457.23,612.05,566.54
467,OK,242,133,734,734,510.59,432.59,698.7,450.72,614.53,559.41
468,OK,245,133,730,730,512.33,429.79,699.16,450.92,614.78,555.77
469,OK,252,137,726,726,516.64,433.02,702.42,453.16,620.59,558.02
470,OK,245,129,744,744,517.28,429.62,707.67,452.21,622.84,562.36
471,OK,246,131,745,745,516.94,431.6,707.82,452.03,623.64,565.61
472,OK,246,133,742,742,517.06,431.61,706.96,452.23,622.49,567.56
473,OK,246,132,745,745,517.74,431.49,708.46,451.95,624.44,567.88
474,OK,248,133,743,743,517.79,432.04,708.33,450.47,626.07,568.29
475,OK,247,131,747,747,518.5,430.71,709.91,450.77,626.24,567.84
476,OK,244,130,750,750,517.69,432.36,709.88,451.4,625.43,569.66
477,OK,246,135,746,746,519.38,434.24,710.14,456.48,624.82,572.0
478,OK,249,147,736,736,519.89,438.47,708.1,460.95,621.99,580.54
479,OK,230,136,740,740,506.22,434.61,695.41,457.74,599.38,566.7
480,OK,215,158,732,732,489.12,449.16,676.76,468.15,579.67,590.98
481,OK,229,162,736,736,498.77,456.46,687.94,469.05,602.52,598.03
482,OK,213,161,740,740,486.82,456.57,677.04,469.56,586.0,600.1
483,OK,221,160,733,733,488.98,454.75,677.59,465.46,590.95,592.89
484,OK,216,163,739,739,487.39,459.63,677.41,470.55,587.85,600.07
485,OK,219,169,740,740,494.45,462.7,683.99,482.11,590.58,607.32
486,OK,219,167,744,744,495.81,463.49,686.5,481.74,592.38,607.24
487,OK,220,172,741,741,496.43,465.29,686.37,485.19,590.09,610.38
488,OK,217,171,745,745,494.67,465.04,685.5,484.45,588.02,611.94
489,OK,220,176,739,739,495.4,466.57,684.88,485.69,589.45,614.32
490,OK,216,167,748,748,493.64,461.89,685.44,479.1,591.23,611.76
491,OK,217,162,750,750,493.68,459.89,686.23,474.09,595.29,608.82
492,OK,222,167,738,738,495.48,458.16,684.89,474.17,593.81,607.38
493,OK,197,153,754,754,477.72,450.77,671.41,464.16,573.63,603.31
494,OK,182,120,762,762,465.28,429.46,661.36,437.61,563.08,570.02
495,OK,163,86,761,761,447.88,401.72,643.96,403.12,540.78,530.41
496,OK,156,71,742,742,431.95,392.64,622.64,378.68,527.03,498.66
497,OK,127,55,741,741,405.57,375.3,596.35,368.44,494.61,479.74
498,OK,89,44,762,762,373.77,381.78,569.03,361.06,469.86,480.15
499,OK,39,47,768,768,327.82,383.22,524.86,365.88,420.42,488.96
500,OK,40,40,752,752,325.42,368.33,518.6,353.81,411.62,472.38
501,OK,59,30,757,757,346.08,355.48,540.89,350.63,430.9,463.67
502,OK,105,9,754,754,389.65,335.25,583.91,335.97,477.94,437.76
503,OK,198,25,689,689,460.18,319.38,636.91,336.71,535.56,411.45
504,OK,233,6,699,699,498.02,309.78,676.61,332.25,578.22,389.26
505,OK,292,7,687,687,545.2,312.63,719.14,345.12,637.98,372.41
506,OK,307,3,687,687,558.13,308.7,731.43,343.93,656.63,366.56
507,OK,307,14,687,687,553.07,316.02,726.52,351.49,660.65,380.34
508,OK,286,16,687,687,532.69,319.47,706.08,354.21,639.02,381.46
509,OK,263,7,692,692,513.44,317.8,689.81,342.82,616.5,376.17
510,OK,259,24,699,699,509.3,335.24,687.92,357.82,619.07,401.46
511,OK,267,27,702,702,514.98,339.53,694.3,362.63,633.32,406.66
512,OK,276,49,689,689,518.68,346.52,694.83,368.17,634.7,430.52
513,OK,279,42,697,697,523.1,343.3,700.98,368.06,642.59,425.37
514,OK,275,39,705,705,523.43,346.1,703.12,372.34,642.18,424.16
515,OK,276,45,714,714,528.73,352.29,709.94,384.21,647.02,437.5
516,OK,273,69,711,711,528.42,363.99,708.84,395.99,638.7,468.54
517,OK,272,72,714,714,529.25,368.59,710.55,399.45,639.18,475.2
518,OK,267,82,709,709,518.2,375.44,699.61,397.06,634.56,486.23
519,OK,266,85,703,703,515.18,377.15,695.16,397.29,630.65,486.17
520,OK,265,84,703,703,511.24,380.27,691.77,393.03,631.51,485.19
521,OK,259,83,709,709,507.21,383.78,689.66,394.04,629.04,485.1
522,OK,260,87,702,702,507.28,383.69,687.96,392.71,624.76,489.44
523,OK,265,91,704,704,512.66,385.87,693.36,400.6,631.66,493.93
524,OK,264,101,700,700,510.27,396.88,690.33,407.86,629.5,500.58
525,OK,270,118,692,692,511.26,408.7,689.29,417.67,632.68,516.61
526,OK,253,131,692,692,499.87,419.03,677.9,428.36,610.19,531.03
527,OK,232,133,708,708,489.71,422.49,671.54,437.67,592.33,544.99
528,OK,208,131,729,729,478.84,422.33,665.18,444.62,572.94,558.35
529,OK,201,123,736,736,472.31,420.38,661.1,436.73,571.57,554.09
530,OK,199,121,733,733,469.04,418.35,657.24,434.52,567.7,549.28
531,OK,189,119,745,745,464.45,422.12,655.82,437.19,563.43,554.34
532,OK,191,111,744,744,463.58,419.47,654.77,430.47,567.13,541.59
533,OK,192,117,733,733,463.12,416.97,651.49,430.12,560.47,542.66
534,OK,188,110,732,732,459.53,413.01,647.57,427.26,555.17,533.05
535,OK,182,115,749,749,458.95,419.32,651.4,433.81,557.06,552.17
536,OK,194,117,737,737,464.16,419.16,653.54,431.4,565.75,545.55
537,OK,194,115,737,737,465.54,417.01,654.89,429.5,565.47,544.73
538,OK,198,121,738,738,470.0,421.19,659.63,434.51,570.51,553.59
539,OK,195,122,744,744,469.56,425.58,660.73,436.93,570.01,557.53
540,OK,201,123,740,740,472.77,424.32,663.05,436.29,574.86,557.13
541,OK,203,121,738,738,475.34,421.05,664.84,435.46,575.89,552.98
542,OK,211,122,731,731,477.71,420.59,665.59,431.43,580.9,549.89
543,OK,209,121,736,736,477.74,422.1,667.05,431.95,583.49,551.26
544,OK,210,125,736,736,477.99,426.71,667.42,434.64,584.64,555.52
545,OK,219,135,727,727,482.11,431.64,669.02,440.95,589.12,559.78
546,OK,226,138,719,719,487.51,429.68,672.21,444.04,591.27,558.01
547,OK,235,144,711,711,493.82,432.1,676.12,449.7,595.15,558.68
548,OK,232,144,713,713,493.98,429.57,676.38,451.85,592.38,559.64
549,OK,223,137,719,719,486.96,426.19,671.18,445.01,585.18,556.44
550,OK,220,135,720,720,485.23,425.5,669.84,442.08,583.93,556.23
551,OK,219,133,721,721,484.23,422.79,669.09,441.12,582.46,554.08
552,OK,220,132,714,714,483.35,420.68,666.54,437.32,579.35,549.49
553,OK,217,127,723,723,481.83,420.33,667.49,434.92,582.9,550.3
554,OK,220,130,716,716,482.44,420.57,666.41,434.5,581.88,549.72
555,OK,216,131,720,720,481.14,423.21,665.88,439.32,578.85,552.18
556,OK,213,133,724,724,478.69,427.38,664.75,441.19,579.19,557.31
557,OK,211,135,729,729,477.07,431.04,664.47,443.06,580.2,561.08
558,OK,209,133,732,732,477.62,429.91,665.74,443.24,579.24,561.55
559,OK,213,127,734,734,482.64,424.15,671.0,439.75,584.86,557.83
560,OK,214,130,731,731,482.08,424.08,669.88,438.05,583.12,559.43
561,OK,213,128,735,735,482.51,424.27,671.45,436.88,584.72,559.56
562,OK,217,129,731,731,484.08,425.7,672.07,436.91,587.29,557.68
563,OK,217,130,730,730,484.14,425.34,671.72,438.18,586.23,558.29
564,OK,224,135,716,716,486.53,425.13,670.25,441.51,585.96,553.51
565,OK,221,135,719,719,483.96,427.55,668.7,441.25,585.02,553.67
566,OK,214,130,732,732,481.74,428.1,669.97,440.54,585.78,559.06
567,OK,205,135,737,737,474.78,433.27,664.31,444.74,577.49,568.13
568,OK,205,138,737,737,475.4,434.32,664.58,448.67,576.57,572.18
569,OK,218,144,722,722,480.97,437.19,666.63,447.98,584.97,568.46
570,OK,219,144,723,723,482.3,435.64,668.08,447.6,586.66,568.61
571,OK,216,144,725,725,480.05,437.68,666.53,447.42,583.55,571.09
572,OK,212,144,732,732,479.42,439.59,667.63,451.37,583.89,575.57
573,OK,214,146,731,731,480.68,440.97,668.45,453.73,585.08,576.63
574,OK,211,143,735,735,480.01,439.52,668.74,452.93,583.6,575.11
575,OK,213,143,735,735,481.64,440.31,670.38,453.79,584.75,574.51
576,OK,214,141,735,735,482.33,438.57,671.19,451.18,586.52,571.58
577,OK,215,142,733,733,482.43,438.52,670.81,452.25,585.82,571.87
578,OK,211,141,737,737,480.38,439.03,669.89,451.9,583.88,573.91
579,OK,216,148,727,727,481.69,440.95,668.31,454.76,584.08,575.81
580,OK,214,148,733,733,481.51,443.19,669.83,457.16,585.21,579.26
581,OK,211,151,733,733,479.82,444.68,667.96,458.98,581.65,583.11
582,OK,215,155,730,730,482.99,446.21,670.28,461.97,584.66,586.4
583,OK,223,163,720,720,487.73,448.98,672.48,465.97,586.77,589.7
584,OK,227,170,714,714,490.25,450.85,673.18,469.77,586.85,595.18
585,OK,226,173,712,712,489.1,452.14,671.63,471.0,584.91,597.47
586,OK,227,176,711,711,489.43,453.73,671.74,472.26,584.86,600.09
587,OK,222,175,716,716,487.54,454.45,671.04,473.75,582.18,602.61
588,OK,225,178,712,712,489.34,454.51,671.47,475.35,583.5,604.73
589,OK,226,178,713,713,489.52,455.05,671.96,476.55,584.01,603.21
590,OK,231,182,708,708,493.96,457.15,674.9,479.41,587.51,604.55
591,OK,233,184,706,706,494.35,458.27,675.09,478.31,588.93,607.7
592,OK,232,179,717,717,495.41,458.67,679.14,476.8,593.65,608.23
593,OK,234,179,722,722,499.34,461.06,684.41,478.91,600.1,611.95
594,OK,239,180,721,721,502.89,462.46,687.67,481.07,604.48,609.48
595,OK,244,182,717,717,506.59,461.49,690.0,482.21,606.27,608.94
596,OK,249,188,711,711,508.14,464.0,690.36,482.42,609.25,613.15
597,OK,247,187,715,715,508.52,465.69,691.6,485.27,608.78,613.63
598,OK,242,183,721,721,506.6,465.65,691.35,484.64,607.01,612.71
599,OK,236,182,730,730,504.59,468.33,691.65,487.22,605.11,617.66
600,OK,224,184,743,743,498.47,475.08,688.73,494.84,598.05,626.54
601,OK,217,180,756,756,496.15,476.75,689.9,495.22,597.31,630.25
602,OK,226,186,747,747,500.73,478.81,692.18,497.81,602.04,630.86
603,OK,234,189,748,748,508.95,480.71,700.24,504.2,613.25,635.27
604,OK,242,200,745,745,513.98,486.96,703.87,514.62,619.64,643.27
605,OK,236,201,752,752,511.76,490.34,703.34,518.67,618.37,650.18
606,OK,242,204,742,742,515.89,489.32,704.01,523.44,616.63,644.47
607,OK,241,194,757,757,520.17,483.53,711.42,520.98,622.99,643.48
608,OK,239,184,767,767,521.76,477.61,715.88,514.69,625.8,638.35
609,OK,239,183,768,768,521.96,478.17,716.67,512.41,628.04,639.36
610,OK,238,186,764,764,521.09,479.47,714.89,514.06,623.66,640.83
611,OK,233,182,770,770,517.39,480.07,713.24,511.39,621.99,639.9
612,OK,234,183,768,768,517.69,479.57,712.94,510.9,621.94,640.24
613,OK,238,185,764,764,519.75,480.63,714.13,510.81,624.66,639.53
614,OK,242,187,763,763,522.3,481.79,716.75,510.54,627.98,641.49
615,OK,244,186,762,762,523.96,480.2,717.92,509.96,629.83,639.2
616,OK,251,187,758,758,528.51,479.92,721.42,510.52,636.73,638.02
617,OK,258,190,749,749,530.54,479.31,721.34,507.9,638.95,636.25
618,OK,256,189,751,751,529.72,479.54,720.98,508.28,636.88,635.43
619,OK,255,188,756,756,532.47,479.47,724.65,510.35,638.27,637.46
620,OK,261,190,753,753,536.17,479.88,727.1,513.79,643.08,636.21
621,OK,260,188,756,756,538.67,479.41,730.06,514.74,643.26,635.57
622,OK,266,191,752,752,541.44,480.83,731.87,515.64,648.21,637.07
623,OK,269,192,748,748,542.21,480.89,732.01,513.61,650.07,635.67
624,OK,271,192,747,747,542.67,480.97,732.62,511.96,650.65,634.86
625,OK,268,191,749,749,541.29,480.39,731.72,511.82,648.2,635.07
626,OK,270,192,746,746,542.29,481.0,732.2,510.89,649.83,634.65
627,OK,268,191,749,749,541.76,480.46,731.93,512.58,648.3,634.92
628,OK,268,190,750,750,542.22,480.6,732.87,511.44,650.44,634.24
629,OK,268,189,751,751,542.25,479.87,733.13,511.77,650.12,633.84
630,OK,271,191,748,748,543.29,479.82,733.38,511.43,653.52,634.53
631,OK,274,192,747,747,544.84,481.24,734.8,511.46,655.36,634.73
632,OK,275,192,749,749,546.7,482.73,737.23,513.33,656.67,635.58
633,OK,282,195,741,741,548.88,482.71,737.68,511.31,661.09,634.73
634,OK,281,194,742,742,548.67,482.29,737.72,510.01,661.98,633.87
635,OK,281,193,744,744,549.5,482.18,738.88,512.14,661.88,633.65
636,OK,281,193,742,742,548.81,482.03,737.69,510.66,661.91,632.42
637,OK,282,195,741,741,549.1,482.07,737.54,511.59,662.51,634.48
638,OK,282,196,742,742,549.62,483.61,738.54,512.6,662.24,636.05
639,OK,286,197,738,738,551.71,483.01,739.73,511.73,665.47,635.35
640,OK,286,199,736,736,551.31,485.11,738.65,513.92,663.53,635.67
641,OK,288,202,733,733,552.16,485.52,738.53,515.41,663.29,636.57
642,OK,288,202,731,731,551.1,486.0,737.38,513.53,663.05,635.56
643,OK,290,202,728,728,552.78,485.85,738.18,513.33,663.89,634.2
644,OK,292,204,729,729,554.27,487.66,739.9,516.73,665.53,635.34
645,OK,291,205,731,731,553.73,488.34,739.81,517.51,665.54,637.15
646,OK,304,217,715,715,560.16,493.41,741.95,523.26,670.98,640.8
647,OK,345,274,713,713,594.29,543.52,776.18,569.45,717.97,703.92
648,OK,358,301,707,707,605.31,562.71,784.84,593.57,727.4,730.42
649,OK,349,293,728,728,607.26,563.3,791.34,598.41,727.89,734.87
650,OK,349,290,724,724,603.82,559.93,787.71,590.24,726.99,729.02
651,OK,334,249,739,739,595.52,530.32,783.4,560.68,717.54,691.37
652,OK,324,217,755,755,590.81,510.12,783.46,536.44,715.87,664.94
653,OK,310,193,754,754,578.53,487.02,770.74,513.98,699.92,640.26
654,OK,302,155,755,755,572.48,447.56,764.42,479.02,690.38,602.46
655,OK,299,151,739,739,563.69,438.71,752.03,466.67,679.28,587.59
656,OK,289,128,737,737,554.95,416.85,742.38,446.99,666.41,560.77
657,OK,291,120,728,728,553.48,406.99,738.83,435.16,664.58,547.13
658,OK,272,88,741,741,545.13,388.87,732.61,424.45,646.05,510.15
659,OK,270,83,729,729,535.25,387.19,720.8,415.28,640.65,494.26
660,OK,252,88,726,726,515.81,395.46,702.07,412.71,621.58,498.8
661,OK,251,93,718,718,511.33,396.78,695.63,410.69,617.39,501.84
662,OK,232,93,737,737,500.38,406.47,689.84,418.38,606.35,509.87
663,OK,227,104,734,734,493.44,417.47,682.55,419.54,600.42,525.25
664,OK,219,107,736,736,487.42,420.1,676.96,424.85,593.42,529.43
665,OK,216,115,733,733,483.45,422.02,672.22,429.11,587.19,537.47
666,OK,197,123,752,752,472.82,432.75,666.39,440.84,578.39,561.46
667,OK,201,136,744,744,473.0,439.62,664.36,449.47,578.43,571.5
668,OK,199,140,749,749,474.67,442.75,666.88,458.18,575.45,578.6
669,OK,203,139,746,746,478.55,441.47,669.98,457.44,579.55,574.88
670,OK,199,143,749,749,481.09,439.32,671.41,471.09,570.2,580.48
671,OK,204,148,738,738,481.42,440.52,669.35,468.97,572.56,579.91
672,OK,206,139,737,737,479.95,434.89,668.46,457.94,574.12,569.07
673,OK,205,133,740,740,480.45,431.59,669.62,453.92,576.57,564.16
674,OK,204,141,737,737,478.7,435.74,666.91,461.1,573.14,569.81
675,OK,198,139,751,751,480.6,439.59,671.8,468.64,571.74,574.32
676,OK,206,143,740,740,487.46,436.57,674.62,472.28,570.99,572.32
677,OK,214,147,730,730,493.27,434.43,677.6,471.71,574.36,572.89
678,OK,226,139,737,737,505.26,433.21,691.72,469.03,591.07,564.74
679,OK,231,135,734,734,508.79,429.77,694.64,464.65,595.99,558.77
680,OK,236,135,737,737,510.97,430.95,698.01,462.89,604.47,559.97
681,OK,241,139,732,732,514.67,430.49,700.27,464.35,608.18,563.26
682,OK,247,142,734,734,520.3,432.1,705.8,468.28,615.58,568.41
683,OK,248,144,735,735,521.37,434.22,706.96,471.7,615.85,569.9
684,OK,253,150,733,733,523.97,439.05,709.72,472.15,622.25,576.74
685,OK,249,144,751,751,525.3,443.45,716.31,474.41,629.16,579.81
686,OK,253,152,741,741,525.35,448.42,713.5,480.28,627.18,580.24
687,OK,248,155,744,744,522.81,452.81,712.02,482.85,624.51,587.49
688,OK,243,164,749,749,520.23,458.17,710.41,491.01,619.3,602.53
689,OK,249,165,745,745,522.42,459.71,712.14,488.79,624.73,599.76
690,OK,246,160,745,745,520.44,457.19,710.34,485.14,622.41,593.76
691,OK,242,147,758,758,521.6,452.22,714.19,483.81,625.11,585.86
692,OK,252,134,753,753,528.86,437.32,720.02,470.11,633.21,567.11
693,OK,265,115,732,732,532.56,412.79,718.65,443.1,636.81,535.58
694,OK,261,104,737,737,530.56,408.19,717.78,439.36,634.55,521.62
695,OK,256,104,734,734,524.4,409.32,711.43,437.46,628.14,519.07
696,OK,258,111,724,724,520.85,413.73,705.75,438.03,626.71,521.35
697,OK,247,109,733,733,516.25,413.65,703.48,438.14,617.58,525.66
698,OK,250,121,723,723,514.61,416.75,699.25,440.65,615.3,535.31
699,OK,246,125,726,726,514.26,418.65,699.07,447.07,612.83,543.24
700,OK,240,127,728,728,509.86,424.21,695.68,449.78,606.67,545.2
701,OK,249,138,729,729,517.16,430.8,702.92,457.9,617.19,560.05
702,OK,253,147,722,722,519.29,435.32,703.09,463.14,618.47,568.49
703,OK,251,143,737,737,520.41,440.44,708.24,467.44,624.48,569.25
704,OK,259,153,731,731,525.45,444.49,711.59,472.15,629.7,578.0
705,OK,251,159,735,735,522.32,449.52,709.19,479.96,620.86,588.2
706,OK,251,157,737,737,521.69,450.4,709.27,479.06,623.08,586.7
707,OK,249,154,740,740,522.11,448.55,710.3,479.0,621.99,585.12
708,OK,255,152,736,736,524.44,448.44,711.92,476.63,628.39,578.84
709,OK,252,155,738,738,523.77,450.67,711.61,479.97,626.21,583.85
710,OK,249,156,740,740,520.96,452.57,709.48,479.95,623.48,587.65
711,OK,249,159,738,738,520.92,454.09,708.94,481.58,622.9,589.86
712,OK,251,161,740,740,522.66,457.37,711.5,483.89,626.58,592.81
713,OK,248,161,745,745,521.29,459.19,711.44,485.66,625.4,594.99
714,OK,248,161,746,746,520.7,460.16,711.25,484.6,626.43,596.41
715,OK,253,168,738,738,523.34,460.78,711.73,485.96,627.07,601.48
716,OK,257,173,729,729,523.65,461.72,709.92,485.98,626.37,602.03
717,OK,254,174,732,732,521.93,464.37,708.98,487.58,625.47,604.15
718,OK,252,175,736,736,521.52,467.72,709.64,491.22,625.86,607.18
719,OK,254,175,740,740,523.99,468.95,713.09,492.16,630.85,610.19
720,OK,257,180,735,735,525.63,470.0,713.04,497.35,628.98,611.81
721,OK,253,174,744,744,525.35,468.72,714.89,496.14,630.62,611.52
722,OK,252,173,745,745,524.12,467.26,714.27,492.45,629.82,611.6
723,OK,243,172,751,751,517.81,468.36,709.89,492.2,622.72,614.38
724,OK,248,178,747,747,521.09,472.78,711.96,496.85,625.89,617.99
725,OK,248,185,742,742,519.82,476.92,709.55,499.93,624.52,624.68
726,OK,238,182,750,750,513.53,476.9,705.07,501.22,616.97,626.91
727,OK,234,181,752,752,511.34,477.51,703.5,502.07,613.83,626.09
728,OK,230,181,756,756,509.36,478.2,702.5,502.41,611.52,628.78
729,OK,228,180,760,760,508.01,478.33,702.38,502.02,611.93,629.84
730,OK,229,182,757,757,506.94,480.18,700.72,502.73,610.63,630.34
731,OK,229,184,754,754,506.65,480.79,699.55,503.43,609.06,631.07
732,OK,228,184,757,757,506.28,481.42,699.97,503.91,609.57,631.61
733,OK,230,182,757,757,508.55,480.3,701.9,506.29,611.03,628.38
734,OK,228,182,761,761,510.14,480.61,704.01,509.76,610.71,630.44
735,OK,230,181,760,760,511.03,480.0,704.8,508.37,612.96,629.18
736,OK,230,181,760,760,510.74,480.41,704.52,508.2,613.19,628.76
737,OK,227,179,764,764,509.18,480.49,704.27,506.73,612.88,629.48
738,OK,230,181,761,761,510.15,480.49,704.5,506.4,613.21,628.6
739,OK,230,180,763,763,509.9,480.2,704.9,504.78,615.18,630.48
740,OK,231,180,762,762,511.19,481.03,705.93,505.68,616.43,629.91
741,OK,235,183,757,757,512.87,480.51,706.18,506.13,617.72,629.17
742,OK,235,184,759,759,513.08,481.81,706.91,507.55,619.25,631.43
743,OK,235,184,759,759,513.88,480.93,707.52,508.37,619.14,632.26
744,OK,236,184,761,761,515.63,481.56,709.58,509.54,620.81,632.76
745,OK,235,182,764,764,515.67,481.3,710.45,510.07,620.97,634.1
746,OK,237,185,760,760,516.88,482.54,710.57,511.03,622.04,633.96
747,OK,237,184,761,761,516.1,481.81,710.12,509.92,621.98,633.18
748,OK,239,186,759,759,516.9,483.42,710.31,511.58,622.51,634.2
749,OK,240,187,757,757,517.72,482.96,710.51,512.28,622.44,632.46
750,OK,237,186,757,757,515.3,483.05,708.26,510.87,620.05,632.96
751,OK,236,185,759,759,515.43,482.46,708.74,511.89,618.56,632.52
752,OK,238,189,757,757,516.32,485.06,709.11,513.94,619.68,635.29
753,OK,238,189,755,755,516.16,484.67,708.34,513.89,619.2,632.99
754,OK,238,190,754,754,515.67,486.57,707.79,515.51,618.67,634.56
755,OK,248,197,742,742,520.87,488.0,709.56,517.86,623.87,633.08
756,OK,244,193,750,750,519.08,486.46,709.92,516.57,623.55,636.19
757,OK,236,187,765,765,517.26,484.9,711.81,516.13,622.36,637.94
758,OK,234,188,765,765,516.18,486.43,710.69,518.22,619.85,638.9
759,OK,232,187,766,766,515.75,485.31,710.31,518.05,617.95,638.37
760,OK,236,187,765,765,517.37,485.5,712.07,515.5,622.98,638.71
761,OK,239,187,763,763,517.83,485.99,712.49,512.66,626.59,637.33
762,OK,241,188,758,758,518.55,485.98,711.86,513.34,626.04,636.17
763,OK,239,187,762,762,518.94,485.41,713.06,514.18,625.73,636.98
764,OK,239,188,761,761,517.97,485.6,711.94,513.47,625.02,637.05
765,OK,242,189,757,757,519.32,485.3,711.91,515.03,625.18,634.8
766,OK,245,189,755,755,522.14,482.52,714.1,514.33,626.59,634.91
767,OK,249,191,748,748,524.05,482.26,714.12,513.76,628.68,633.64
768,OK,250,190,749,749,523.23,482.56,713.9,512.02,630.05,632.55
769,OK,251,192,745,745,523.06,482.33,712.71,512.2,629.51,632.55
770,OK,248,190,748,748,521.79,482.77,712.24,511.71,628.39,632.46
771,OK,251,191,746,746,523.31,483.62,713.27,512.88,630.75,630.76
772,OK,248,189,750,750,522.56,482.9,713.42,512.96,629.47,630.43
773,OK,248,189,752,752,522.96,483.53,714.38,513.16,630.85,632.37
774,OK,248,189,753,753,522.64,483.63,714.33,513.28,630.68,632.55
775,OK,249,188,754,754,524.69,483.0,716.42,514.12,632.35,632.64
776,OK,250,189,753,753,524.38,482.87,715.9,513.34,631.93,633.89
777,OK,247,188,756,756,523.61,483.15,715.94,514.29,630.9,633.61
778,OK,247,188,756,756,523.4,483.99,715.92,513.74,630.95,633.84
779,OK,248,189,755,755,523.76,483.21,715.8,513.47,631.09,634.13
780,OK,250,191,750,750,524.69,483.29,715.34,514.2,631.1,633.57
781,OK,246,187,756,756,522.5,482.83,714.96,512.4,631.14,633.89
782,OK,246,186,758,758,523.7,480.94,716.6,511.45,631.51,634.02
783,OK,263,191,741,741,532.14,477.64,720.79,507.28,641.24,630.29
784,OK,254,180,752,752,528.6,473.7,720.53,498.86,637.31,627.44
785,OK,247,175,760,760,527.52,467.82,720.59,500.85,631.93,626.69
786,OK,247,176,759,759,525.65,469.42,718.94,499.44,630.57,626.49
787,OK,248,177,756,756,526.04,469.75,718.82,497.91,631.56,627.03
788,OK,243,174,762,762,524.36,469.01,718.15,499.5,627.27,627.3
789,OK,240,175,765,765,522.58,469.62,717.29,500.31,625.39,629.67
790,OK,239,172,768,768,522.63,469.28,718.26,499.2,626.28,629.31
791,OK,231,162,776,776,519.24,463.08,716.8,494.1,621.8,621.43
792,OK,237,155,768,768,524.28,455.57,718.62,492.52,622.0,605.67
793,OK,231,150,769,769,519.67,450.11,714.04,487.56,614.97,600.68
794,OK,225,155,772,772,514.29,457.58,710.38,490.28,611.24,608.79
795,OK,213,161,783,783,503.82,469.16,704.1,492.79,604.38,624.29
796,OK,220,173,771,771,504.25,476.89,701.8,497.96,608.26,629.7
797,OK,211,165,781,781,499.35,474.73,699.83,492.52,604.16,626.75
798,OK,211,168,771,771,497.33,475.02,695.1,493.91,597.42,622.68
799,OK,213,173,770,770,498.52,479.05,695.87,497.24,600.06,629.3
800,OK,219,177,759,759,499.0,478.83,693.81,496.45,600.4,626.09
801,OK,220,176,759,759,500.69,477.64,695.07,497.75,600.79,623.67
802,OK,222,180,765,765,503.27,482.09,699.46,500.67,606.67,632.77
803,OK,219,176,770,770,503.14,481.35,700.48,500.87,607.31,632.75
804,OK,218,172,770,770,501.55,479.21,699.2,496.61,605.84,627.59
805,OK,220,174,766,766,501.59,479.61,698.32,495.79,607.09,627.43
806,OK,220,176,765,765,500.4,480.79,696.89,495.8,605.51,628.18
807,OK,220,178,765,765,501.43,482.33,697.8,498.99,605.89,630.91
808,OK,224,180,765,765,505.48,483.11,701.56,503.13,610.43,631.9
809,OK,224,181,764,764,505.84,482.55,701.39,504.46,609.61,632.53
810,OK,220,176,774,774,505.38,482.0,703.52,503.75,610.19,633.65
811,OK,220,177,773,773,505.76,483.06,703.45,506.23,609.29,632.2
812,OK,222,183,760,760,504.72,481.43,699.03,505.47,603.82,634.52
813,OK,220,179,769,769,504.46,481.3,701.09,505.18,606.46,634.56
814,OK,221,177,772,772,505.43,481.81,703.05,504.25,610.51,634.97
815,OK,225,179,770,770,508.72,482.86,705.74,505.59,614.68,634.49
816,OK,227,179,769,769,509.35,481.7,705.9,505.91,614.61,633.2
817,OK,225,179,771,771,508.89,481.89,705.94,506.26,613.66,634.59
818,OK,223,177,772,772,508.82,480.72,705.84,507.47,611.65,633.38
819,OK,225,179,773,773,510.13,480.87,707.41,508.17,613.24,635.55
820,OK,225,178,774,774,511.62,481.4,709.11,508.77,614.61,636.84
821,OK,225,178,775,775,510.9,481.83,708.78,507.95,615.73,636.22
822,OK,226,181,769,769,510.39,481.57,706.68,508.66,613.37,635.29
823,OK,229,181,770,770,512.63,482.29,709.02,509.55,617.78,636.48
824,OK,236,184,763,763,516.11,483.31,710.62,510.73,621.75,633.9
825,OK,231,181,769,769,514.62,481.14,710.55,509.54,619.32,634.96
826,OK,230,181,770,770,513.91,481.46,710.05,510.12,618.22,636.67
827,OK,232,181,770,770,514.44,483.94,711.17,508.68,621.9,637.01
828,OK,232,185,767,767,513.11,485.89,709.09,510.52,618.92,637.88
829,OK,231,184,768,768,513.26,486.0,709.71,509.89,620.27,638.35
830,OK,229,183,771,771,512.12,485.44,709.13,510.8,618.12,639.34
831,OK,231,189,765,765,511.68,488.11,707.21,513.35,616.8,641.46
832,OK,226,188,774,774,512.07,489.8,709.45,518.15,616.47,647.54
833,OK,223,190,781,781,512.86,490.65,711.38,522.44,615.52,654.43
834,OK,229,204,767,767,512.28,500.7,707.8,529.3,615.54,659.09
835,OK,224,206,780,780,514.54,506.11,712.99,536.81,616.22,671.34
836,OK,223,206,782,782,513.81,508.41,713.09,537.59,616.02,671.51
837,OK,231,206,771,771,515.37,504.67,712.08,532.15,618.57,665.01
838,OK,231,205,767,767,513.97,501.12,709.25,530.49,616.41,661.7
839,OK,225,205,773,773,512.45,500.81,708.88,533.46,612.49,666.23
840,OK,222,204,778,778,511.68,501.27,709.45,533.81,612.55,668.99
841,OK,229,207,766,766,512.52,502.22,707.75,531.37,615.62,664.71
842,OK,236,217,755,755,514.95,506.86,706.95,538.23,615.6,666.05
843,OK,230,211,766,766,514.71,506.09,709.27,538.22,615.03,667.44
844,OK,225,207,774,774,512.96,505.45,710.14,535.27,614.23,669.46
845,OK,224,190,782,782,511.57,495.38,711.55,519.73,620.11,655.82
846,OK,230,175,791,791,515.72,485.82,718.77,501.1,634.05,647.4
847,OK,233,167,780,780,515.84,476.29,716.23,490.91,631.26,631.54
848,OK,233,167,783,783,516.29,476.03,717.27,491.56,632.5,632.38
849,OK,234,173,775,775,514.7,478.37,713.8,493.61,629.46,634.6
850,OK,232,171,777,777,513.89,477.2,713.23,494.81,627.11,633.62
851,OK,226,169,787,787,512.09,478.64,714.09,495.96,626.09,636.96
852,OK,229,170,783,783,513.53,478.19,714.47,495.96,626.66,636.51
853,OK,231,176,776,776,514.96,481.26,713.68,501.66,624.63,637.49
854,OK,228,182,771,771,514.3,482.12,710.67,510.91,614.15,638.37
855,OK,220,181,766,766,506.79,481.95,702.22,509.44,601.83,634.15
856,OK,217,180,765,765,502.28,481.49,698.23,502.58,599.57,633.13
857,OK,208,174,771,771,492.15,483.22,690.36,494.12,595.62,630.95
858,OK,205,177,765,765,488.01,483.44,684.65,493.8,588.87,629.87
859,OK,197,171,772,772,485.42,480.69,683.79,493.06,583.02,628.6
860,OK,203,179,761,761,487.73,480.21,682.87,497.19,581.62,629.86
861,OK,207,175,766,766,490.24,480.54,687.15,494.21,591.38,629.24
862,OK,207,171,770,770,491.38,480.28,689.39,492.15,595.13,627.01
863,OK,213,174,764,764,496.89,480.26,692.86,498.02,596.49,624.42
864,OK,212,175,767,767,495.03,481.64,692.17,496.12,597.6,627.12
865,OK,209,177,770,770,495.51,481.82,692.94,499.81,595.6,633.57
866,OK,210,176,770,770,496.8,481.49,694.34,499.67,596.21,632.5
867,OK,215,178,769,769,500.82,480.52,697.69,502.0,599.74,634.42
868,OK,217,180,767,767,502.07,481.28,698.22,504.9,601.09,633.55
869,OK,219,181,765,765,502.89,482.73,698.72,505.5,602.89,633.72
870,OK,217,182,769,769,503.86,484.65,700.39,510.12,601.87,635.81
871,OK,217,182,772,772,504.76,485.36,701.84,511.99,604.12,638.97
872,OK,218,185,772,772,505.0,486.26,702.0,513.13,604.72,643.0
873,OK,217,185,771,771,503.03,489.09,700.06,512.83,604.27,640.68
874,OK,222,186,768,768,506.29,489.7,702.61,512.92,607.56,640.12
875,OK,222,183,776,776,510.74,485.88,708.51,515.6,610.6,642.39
876,OK,224,188,780,780,515.31,489.49,713.32,523.67,614.58,650.31
877,OK,225,188,780,780,515.84,490.07,713.99,523.39,615.83,649.87
878,OK,225,191,777,777,515.09,489.49,712.17,524.64,613.11,651.67
879,OK,219,189,779,779,510.66,487.9,708.24,522.55,606.77,652.1
880,OK,218,181,778,778,509.95,483.37,707.77,515.44,606.98,642.21
881,OK,213,177,772,772,501.17,481.91,698.41,506.22,600.19,633.75
882,OK,201,173,768,768,490.07,472.92,686.57,496.55,583.33,629.67
883,OK,193,163,771,771,482.75,467.8,680.17,488.15,576.21,619.65
884,OK,194,158,773,773,483.55,465.09,681.65,485.9,578.47,613.82
885,OK,198,156,774,774,486.85,465.2,685.49,483.02,585.4,613.89
886,OK,199,156,773,773,487.13,464.43,685.33,482.64,584.92,612.09
887,OK,199,152,774,774,487.78,462.5,686.25,482.2,585.53,607.31
888,OK,198,157,773,773,486.76,464.49,684.89,483.54,583.69,612.96
889,OK,204,159,770,770,491.73,467.25,689.16,485.32,589.3,612.95
890,OK,202,158,779,779,492.0,469.03,691.73,488.1,590.24,617.11
891,OK,204,158,779,779,494.19,470.2,693.95,488.7,593.75,615.82
892,OK,212,162,776,776,499.02,473.17,698.13,489.27,602.7,618.82
893,OK,213,165,777,777,498.98,475.38,698.53,490.0,605.05,624.8
894,OK,212,166,777,777,499.67,476.2,698.88,494.64,602.51,624.09
895,OK,215,169,772,772,500.49,477.24,698.37,495.34,604.36,624.22
896,OK,215,165,784,784,504.18,476.53,704.92,498.03,609.57,626.89
897,OK,228,171,770,770,511.6,478.49,708.61,500.09,616.78,624.65
898,OK,237,176,764,764,516.71,480.3,712.18,502.05,624.73,625.4
899,OK,232,173,771,771,513.75,480.75,711.44,500.09,623.35,626.88
900,OK,232,175,767,767,512.29,479.44,708.84,498.32,621.39,627.14
901,OK,228,174,766,766,509.22,479.83,705.68,498.25,616.23,625.94
902,OK,225,174,774,774,509.29,483.36,707.76,503.3,617.4,629.76
903,OK,227,178,769,769,509.03,483.46,705.97,504.81,614.86,630.23
904,OK,227,177,769,769,508.46,484.15,705.52,503.42,616.61,629.77
905,OK,231,177,771,771,511.45,483.0,709.1,502.63,621.87,631.58
906,OK,239,179,769,769,517.66,485.55,714.67,505.77,630.36,632.03
907,OK,237,177,770,770,517.51,483.76,714.69,504.55,629.33,631.2
908,OK,237,178,770,770,517.27,486.25,714.64,506.2,629.69,631.5
909,OK,236,183,771,771,518.25,487.23,714.96,514.13,625.56,637.12
910,OK,237,182,769,769,519.07,486.03,715.35,513.37,626.64,633.99
911,OK,234,181,774,774,516.1,488.56,714.05,511.41,627.38,636.38
912,OK,235,180,775,775,518.31,485.6,716.26,511.65,627.89,635.96
913,OK,239,184,766,766,518.78,487.8,714.46,512.79,628.01,634.36
914,OK,240,185,765,765,519.22,487.41,714.57,513.18,627.91,635.3
915,OK,240,186,767,767,520.64,488.87,716.4,514.78,629.39,636.62
916,OK,239,187,767,767,519.23,489.44,715.06,515.24,627.87,637.88
917,OK,242,186,765,765,521.48,488.05,716.77,513.57,630.12,636.95
918,OK,243,190,763,763,521.54,489.46,716.31,516.2,629.92,639.21
919,OK,244,190,764,764,524.02,489.46,718.87,517.62,632.54,640.85
920,OK,244,187,769,769,526.09,487.53,721.63,518.91,632.34,639.26
921,OK,245,185,770,770,525.96,488.45,722.37,515.58,636.19,638.29
922,OK,249,185,765,765,527.08,486.33,722.3,513.29,637.98,635.32
923,OK,246,185,768,768,526.39,487.41,722.07,515.74,636.62,638.2
924,OK,243,186,775,775,527.79,488.44,724.72,520.73,635.34,641.47
925,OK,239,182,785,785,528.47,488.28,727.97,520.43,635.26,645.43
926,OK,240,185,787,787,530.47,492.3,730.56,524.5,636.81,648.68
927,OK,241,183,782,782,530.62,488.6,728.97,523.51,635.37,643.61
928,OK,240,182,778,778,526.42,486.21,724.55,515.92,632.59,641.0
929,OK,239,182,780,780,526.57,485.87,725.16,515.51,632.87,643.55
930,OK,239,182,782,782,527.91,487.08,726.65,519.34,633.5,643.09
931,OK,238,180,785,785,527.59,485.32,727.14,518.35,634.07,643.62
932,OK,244,183,777,777,528.86,486.01,726.38,518.11,636.65,641.41
933,OK,248,190,767,767,528.37,490.57,723.69,519.47,637.44,641.45
934,OK,244,187,773,773,527.16,489.36,723.99,520.14,635.24,643.12
935,OK,247,191,764,764,526.32,491.41,720.96,520.27,634.94,640.58
936,OK,247,189,763,763,526.35,490.71,720.82,518.31,633.63,637.31
937,OK,240,187,768,768,522.58,487.88,717.98,518.16,628.82,640.59
938,OK,239,186,769,769,520.3,488.65,716.38,516.41,628.95,638.58
939,OK,233,188,769,769,516.41,487.8,712.26,517.33,620.23,642.08
940,OK,227,184,775,775,512.71,488.29,710.54,514.91,617.29,641.63
941,OK,223,187,770,770,509.74,486.77,705.8,516.84,608.7,642.61
942,OK,224,188,769,769,510.19,486.25,705.97,517.02,609.46,642.66
943,OK,224,188,770,770,509.83,490.13,705.76,520.05,611.28,642.53
944,OK,218,184,785,785,511.05,488.4,710.44,522.03,610.62,647.17
945,OK,224,190,777,777,513.6,490.5,710.55,526.04,612.53,649.44
946,OK,233,204,763,763,515.86,501.65,709.98,532.93,616.06,654.7
947,OK,232,213,761,761,515.26,507.84,708.61,539.93,613.5,663.15
948,OK,230,213,761,761,514.83,505.98,707.87,540.69,610.63,663.22
949,OK,228,210,763,763,512.37,504.63,706.08,537.52,609.94,662.42
950,OK,236,213,756,756,516.34,506.28,708.29,538.78,615.83,659.64
951,OK,235,209,759,759,516.35,503.42,709.11,536.29,615.6,656.87
952,OK,223,203,776,776,513.96,501.44,710.69,537.22,611.13,663.79
953,OK,227,201,774,774,514.8,501.45,711.4,534.14,615.44,659.85
954,OK,226,196,780,780,515.98,497.99,714.15,530.44,618.22,659.21
955,OK,226,197,775,775,513.94,498.14,711.06,529.51,614.58,655.51
956,OK,224,192,777,777,512.61,493.27,710.19,525.14,614.02,651.01
957,OK,223,193,776,776,512.66,493.03,709.6,527.25,612.03,652.96
958,OK,225,195,774,774,512.87,494.81,709.58,526.68,614.2,653.75
959,OK,226,202,777,777,515.62,500.12,712.77,534.85,615.49,662.8
960,OK,231,211,770,770,518.5,506.86,713.99,540.71,617.46,670.03
961,OK,229,210,773,773,516.68,507.6,712.99,540.83,615.55,669.37
962,OK,222,212,775,775,513.02,507.96,709.33,543.68,608.23,673.66
963,OK,219,207,780,780,511.8,506.54,709.71,541.37,609.03,671.33
964,OK,226,204,773,773,513.76,504.23,710.28,535.63,613.49,661.62
965,OK,223,199,779,779,512.74,501.16,710.88,533.3,612.76,660.6
966,OK,224,203,778,778,513.69,504.86,711.34,537.22,613.59,664.94
967,OK,222,204,781,781,514.12,504.21,712.34,538.86,612.45,667.06
968,OK,224,205,778,778,514.68,505.57,711.99,539.81,613.49,667.08
969,OK,229,207,766,766,515.39,502.83,709.56,537.81,612.48,660.43
970,OK,229,212,771,771,516.12,507.83,711.78,541.35,614.95,669.95
971,OK,217,214,784,784,513.17,511.03,711.12,550.64,607.67,682.64
972,OK,224,219,778,778,516.91,513.79,713.67,551.41,611.63,684.5
973,OK,240,219,762,762,524.77,509.51,717.71,546.01,622.35,672.34
974,OK,249,210,750,750,526.03,501.91,716.48,534.55,627.62,653.76
975,OK,241,210,766,766,528.22,500.38,721.1,541.57,623.84,666.41
976,OK,242,212,769,769,529.47,503.33,723.49,543.48,626.68,669.34
977,OK,253,221,752,752,533.15,505.65,722.02,548.57,630.54,667.63
978,OK,249,215,757,757,530.32,503.34,721.25,543.22,628.9,664.04
979,OK,244,217,757,757,526.79,505.29,717.7,544.35,622.39,665.38
980,OK,242,212,765,765,529.97,501.96,722.1,546.14,622.78,664.49
981,OK,239,204,769,769,527.9,497.3,721.27,540.53,621.64,658.87
982,OK,251,216,747,747,529.81,500.37,717.53,542.36,626.14,657.36
983,OK,242,199,763,763,524.99,493.42,717.89,530.67,625.0,649.75
984,OK,238,198,765,765,521.75,494.55,715.91,528.38,623.06,650.06
985,OK,228,197,770,770,514.68,495.75,710.51,527.63,614.2,652.56
986,OK,228,195,772,772,515.09,495.16,711.4,526.46,616.07,651.66
987,OK,230,194,771,771,515.23,494.72,711.42,524.99,617.12,649.96
988,OK,228,192,774,774,515.0,494.53,712.0,524.56,617.43,649.87
989,OK,234,194,768,768,518.21,493.95,713.62,524.35,621.0,648.82
990,OK,237,196,766,766,519.9,493.88,714.87,524.37,623.36,649.32
991,OK,230,193,774,774,518.48,493.33,714.78,527.82,618.61,651.33
992,OK,232,194,772,772,519.08,492.57,714.94,527.3,619.24,650.62
993,OK,228,195,775,775,517.61,493.19,713.7,530.43,615.63,652.75
994,OK,232,195,770,770,517.74,495.37,713.16,528.55,618.79,649.95
995,OK,231,199,768,768,516.93,495.54,711.62,530.92,615.98,653.81
996,OK,231,201,769,769,516.55,499.02,711.71,532.05,616.67,654.96
997,OK,228,200,771,771,514.78,498.21,710.48,532.08,613.88,656.7
998,OK,229,201,771,771,515.2,499.52,711.05,532.08,615.13,656.73
999,OK,230,201,768,768,515.19,499.29,710.55,529.79,616.92,655.47
1000,OK,228,202,770,770,514.15,501.48,710.12,531.72,615.23,657.88
1001,OK,230,205,766,766,514.87,503.03,709.93,533.46,615.16,658.56
1002,OK,231,206,766,766,515.1,504.45,709.99,534.74,615.5,659.74
1003,OK,227,206,767,767,513.43,503.04,708.42,535.52,610.87,660.61
1004,OK,230,209,763,763,514.01,504.27,708.0,536.4,612.08,661.26
1005,OK,228,210,762,762,513.12,504.5,706.68,537.57,609.85,662.6
1006,OK,225,208,771,771,513.08,505.37,708.78,538.83,610.18,664.84
1007,OK,225,208,770,770,513.1,505.25,708.5,539.69,609.77,665.23
1008,OK,227,212,767,767,513.35,507.61,708.04,540.95,610.11,665.95
1009,OK,223,210,773,773,512.5,507.35,708.76,540.64,609.2,668.67
1010,OK,223,210,772,772,512.41,507.86,708.48,540.85,609.45,669.47
1011,OK,218,208,780,780,510.94,507.61,708.9,542.24,607.29,672.16
1012,OK,219,210,780,780,512.08,510.23,709.98,544.43,608.21,674.44
1013,OK,218,210,785,785,512.15,510.93,711.38,545.59,608.26,677.71
1014,OK,217,210,787,787,512.09,512.01,711.85,545.68,609.38,677.95
1015,OK,215,216,789,789,508.97,516.82,709.9,547.86,609.32,688.35
1016,OK,222,220,787,787,513.17,522.03,713.8,551.03,617.06,689.93
1017,OK,215,212,794,794,511.28,515.77,713.3,547.14,612.7,687.23
1018,OK,225,209,784,784,516.5,511.34,716.13,542.27,618.08,675.77
1019,OK,223,211,787,787,515.43,514.47,715.89,544.12,617.7,680.29
1020,OK,227,211,785,785,518.69,511.84,718.23,544.38,619.86,679.19
1021,OK,224,210,786,786,518.0,510.6,717.49,544.42,617.83,679.19
1022,OK,235,188,784,784,525.8,491.19,724.57,526.56,630.15,651.92
1023,OK,239,181,788,788,528.59,487.13,729.17,518.35,637.38,648.16
1024,OK,245,178,780,780,531.55,483.77,730.5,512.56,640.77,639.15
1025,OK,261,185,762,762,541.14,481.48,734.67,513.33,646.4,635.27
1026,OK,278,191,744,744,550.03,482.1,739.32,511.23,656.64,630.79
1027,OK,290,188,742,742,557.6,479.73,746.64,507.46,670.18,624.57
1028,OK,289,184,755,755,560.82,480.31,753.4,506.54,675.57,629.65
1029,OK,292,186,752,752,563.55,482.34,755.28,509.85,677.34,628.45
1030,OK,308,203,726,726,568.94,487.83,753.64,516.8,680.82,630.93
1031,OK,297,192,743,743,565.48,482.5,754.56,511.91,677.82,629.88
1032,OK,280,179,767,767,558.18,478.54,753.81,505.83,670.7,632.43
1033,OK,278,177,770,770,558.79,477.89,755.07,505.88,670.26,632.53
1034,OK,281,172,769,769,560.54,471.71,756.41,501.68,671.62,626.43
1035,OK,284,176,765,765,562.27,474.71,757.14,504.28,673.26,627.49
1036,OK,283,179,762,762,561.45,478.42,755.6,506.83,670.33,628.63
1037,OK,278,176,772,772,559.83,478.5,756.57,507.08,670.35,631.6
1038,OK,287,183,758,758,563.37,477.19,756.29,506.64,673.66,633.92
1039,OK,299,179,757,757,570.44,472.86,763.08,502.64,687.33,628.0
1040,OK,313,152,752,752,584.71,447.03,775.23,482.45,698.34,591.48
1041,OK,311,142,757,757,585.54,435.47,776.9,472.83,698.52,587.11
1042,OK,309,133,750,750,581.8,425.67,772.05,459.1,692.12,574.11
1043,OK,317,131,747,747,586.58,422.12,776.58,452.89,699.44,571.24
1044,OK,306,117,765,765,583.93,417.91,778.55,448.64,695.18,566.41
1045,OK,314,124,759,759,588.02,421.44,781.17,450.86,703.07,570.84
1046,OK,310,118,764,764,586.87,418.24,781.28,449.05,700.05,566.43
1047,OK,309,110,768,768,587.11,415.29,782.74,444.64,702.85,559.58
1048,OK,317,113,755,755,590.68,409.28,782.2,442.29,702.65,554.38
1049,OK,319,113,762,762,594.21,412.58,787.97,443.7,710.68,559.99
1050,OK,327,110,752,752,598.18,407.87,789.23,439.72,712.52,549.54
1051,OK,348,99,732,732,607.12,396.47,794.26,419.99,728.84,523.61
1052,OK,357,97,727,727,611.0,391.64,797.37,408.42,737.64,520.59
1053,OK,342,81,743,743,601.34,386.42,792.4,397.74,729.63,513.21
1054,OK,317,67,763,763,585.1,383.82,781.71,386.19,713.74,511.51
1055,OK,296,59,770,770,570.68,378.85,768.99,384.04,693.32,506.74
1056,OK,277,64,773,773,555.62,385.02,754.58,390.36,672.6,513.21
1057,OK,269,83,782,782,549.26,410.14,750.79,411.92,671.08,538.11
1058,OK,274,92,773,773,551.75,412.52,750.74,418.6,670.12,542.3
1059,OK,282,93,765,765,555.5,410.64,752.5,417.08,674.31,537.46
1060,OK,282,92,759,759,553.2,406.47,748.45,413.37,672.62,533.04
1061,OK,279,92,752,752,546.24,404.09,739.77,408.22,667.42,530.66
1062,OK,266,81,760,760,538.88,398.03,734.58,401.21,657.16,523.25
1063,OK,269,84,753,753,537.62,398.46,731.47,397.9,657.18,523.52
1064,OK,255,67,754,754,529.85,377.89,723.73,388.47,638.78,505.2
1065,OK,238,34,766,766,519.82,356.73,716.95,365.7,624.5,474.38
1066,OK,229,14,769,769,514.18,340.86,711.93,353.64,614.15,450.06
1067,OK,199,-7,778,778,489.73,332.1,689.9,340.49,588.08,428.19
1068,OK,186,2,761,761,470.26,334.23,666.22,335.47,564.62,430.63
1069,OK,142,3,766,766,431.15,337.2,628.49,333.34,521.11,437.27
1070,OK,116,18,767,767,404.31,351.99,601.67,345.18,495.77,453.83
1071,OK,86,23,797,797,386.75,371.87,591.81,362.95,480.57,476.25
1072,OK,96,39,788,788,393.57,378.13,596.33,372.21,486.73,491.04
1073,OK,125,38,774,774,415.72,372.7,614.93,366.65,509.91,481.62
1074,OK,167,37,734,734,442.68,354.64,631.74,356.26,532.62,453.0
1075,OK,178,29,716,716,445.9,342.92,630.19,346.59,535.17,431.06
1076,OK,163,7,728,728,432.8,345.21,619.81,333.06,528.18,403.66
1077,OK,168,16,706,706,430.56,347.29,611.86,333.01,521.64,398.74
1078,OK,172,24,697,697,430.37,351.75,609.18,335.81,521.68,400.79
1079,OK,151,24,730,730,422.78,364.24,609.94,346.25,517.26,422.84
1080,OK,154,39,732,732,425.88,371.54,613.83,356.54,520.78,446.04
1081,OK,154,45,736,736,427.75,373.45,617.0,365.02,523.0,458.62
1082,OK,137,44,759,759,418.1,383.01,613.14,369.96,517.61,470.91
1083,OK,143,60,755,755,420.43,395.14,614.51,383.86,523.54,486.08
1084,OK,140,67,756,756,420.19,402.48,614.67,391.59,518.98,494.1
1085,OK,151,82,743,743,426.83,406.79,618.04,397.39,521.91,504.39
1086,OK,153,78,754,754,434.25,406.05,628.47,400.44,529.49,507.03
1087,OK,149,93,755,755,431.63,416.63,626.12,414.48,524.22,525.36
1088,OK,136,107,754,754,421.32,427.31,615.55,427.4,508.23,541.47
1089,OK,133,105,754,754,417.3,428.74,611.36,424.58,507.42,539.19
1090,OK,130,111,749,749,411.86,432.67,604.64,427.47,500.16,540.74
1091,OK,126,107,758,758,410.3,434.78,605.42,427.74,502.14,542.22
1092,OK,117,101,781,781,409.6,435.21,610.84,432.34,504.67,550.03
1093,OK,114,108,785,785,408.37,439.88,610.58,437.98,503.9,562.46
1094,OK,108,115,791,791,403.3,451.58,606.83,445.85,501.42,573.1
1095,OK,106,122,791,791,401.97,457.37,605.57,453.16,500.19,580.39
1096,OK,109,132,784,784,403.21,463.12,605.0,460.07,498.62,587.15
1097,OK,109,137,785,785,403.08,469.27,605.16,465.4,498.8,592.66
1098,OK,116,133,791,791,411.5,465.27,615.11,462.44,510.41,592.54
1099,OK,122,138,790,790,418.44,465.11,622.0,468.46,513.79,599.78
1100,OK,140,143,777,777,429.59,465.39,629.56,469.11,527.16,595.94
1101,OK,154,144,774,774,441.65,464.39,641.06,467.56,541.06,597.11
1102,OK,175,147,762,762,454.8,463.7,651.15,463.24,559.25,594.24
1103,OK,185,151,759,759,464.12,464.44,659.63,465.63,566.67,595.01
1104,OK,178,153,772,772,467.74,465.33,666.01,480.33,561.18,606.33
1105,OK,184,157,771,771,472.96,467.48,670.96,481.83,567.99,609.75
1106,OK,193,165,766,766,481.75,472.13,678.09,491.15,573.18,614.93
1107,OK,188,162,789,789,482.25,478.37,684.87,494.24,581.87,627.0
1108,OK,202,182,791,791,498.61,488.09,699.93,518.87,596.02,650.98
1109,OK,202,213,794,794,500.81,519.92,702.98,551.01,597.22,685.5
1110,OK,193,223,809,809,495.69,535.78,702.17,562.93,595.44,704.87
1111,OK,187,220,810,810,490.28,535.61,697.46,560.49,590.35,702.27
1112,OK,185,203,807,807,488.0,519.25,694.06,546.83,585.27,680.42
1113,OK,191,196,789,789,486.39,507.97,688.32,530.96,584.31,661.6
1114,OK,184,178,796,796,481.56,494.69,685.3,517.02,582.14,647.21
1115,OK,200,178,780,780,487.68,489.19,687.97,504.65,593.6,640.5
1116,OK,199,171,769,769,482.04,484.14,679.74,494.37,585.48,622.31
1117,OK,197,168,760,760,479.96,476.0,675.05,491.92,578.33,612.65
1118,OK,212,168,741,741,486.09,469.3,676.26,485.63,583.39,599.94
1119,OK,208,160,753,753,485.64,466.25,679.0,480.5,585.88,599.84
1120,OK,207,152,760,760,488.3,464.71,683.47,479.04,589.57,594.06
1121,OK,200,158,765,765,484.19,468.13,680.54,483.75,582.42,605.9
1122,OK,197,161,768,768,482.58,470.79,679.78,486.95,580.82,612.59
1123,OK,198,160,767,767,482.69,469.03,679.65,484.45,582.1,609.36
1124,OK,199,160,765,765,483.81,468.06,680.01,486.47,580.77,608.48
1125,OK,199,163,763,763,483.72,468.85,679.33,487.03,579.73,610.23
1126,OK,201,164,761,761,485.06,469.63,680.34,487.6,581.14,610.11
1127,OK,203,162,761,761,486.12,468.49,681.24,486.69,582.66,608.14
1128,OK,195,160,770,770,481.18,472.21,679.03,486.31,581.23,612.45
1129,OK,194,159,774,774,481.02,472.97,679.95,487.59,582.72,612.11
1130,OK,197,165,769,769,481.87,474.79,679.42,490.53,581.38,616.26
1131,OK,197,167,766,766,482.27,475.16,678.97,490.7,581.16,617.37
1132,OK,200,169,763,763,482.64,475.73,678.59,490.63,581.64,617.03
1133,OK,199,169,767,767,482.87,476.2,680.0,490.12,583.69,621.25
1134,OK,203,173,768,768,486.62,482.44,683.89,495.34,590.3,625.75
1135,OK,212,189,772,772,496.0,494.59,693.89,514.85,601.76,646.71
1136,OK,208,194,787,787,498.9,500.24,699.93,527.1,602.7,662.13
1137,OK,206,182,792,792,500.21,491.62,702.3,519.86,604.56,651.74
1138,OK,204,174,792,792,496.19,486.92,699.16,507.82,604.22,642.92
1139,OK,204,173,771,771,486.77,482.11,685.15,492.07,593.03,630.14
1140,OK,205,169,765,765,485.68,476.23,682.39,486.57,590.69,622.24
1141,OK,209,167,751,751,486.16,468.78,679.07,483.6,585.9,608.68
1142,OK,209,164,747,747,484.73,466.42,676.7,479.26,583.89,602.95
1143,OK,206,162,750,750,483.5,466.51,676.22,479.14,583.1,601.97
1144,OK,205,166,750,750,482.51,468.21,675.26,481.47,581.59,607.31
1145,OK,207,169,749,749,484.45,470.55,676.6,486.72,582.86,609.03
1146,OK,197,174,753,753,476.05,473.51,669.38,489.04,573.96,619.89
1147,OK,197,172,750,750,476.35,471.01,668.82,488.35,572.21,615.42
1148,OK,202,171,743,743,477.35,467.98,668.0,483.47,574.55,609.4
1149,OK,206,163,743,743,479.63,465.19,670.6,476.92,580.14,598.66
1150,OK,205,165,746,746,480.44,467.26,672.1,479.05,580.97,603.16
1151,OK,205,169,749,749,482.23,468.89,674.49,483.54,580.82,610.28
1152,OK,208,169,744,744,483.94,467.43,675.04,482.72,582.42,608.84
1153,OK,207,167,745,745,482.24,467.85,673.6,483.26,581.71,604.37
1154,OK,203,171,742,742,478.56,468.98,669.22,483.85,575.36,608.06
1155,OK,199,166,753,753,478.06,466.74,671.33,484.28,576.32,609.13
1156,OK,198,170,752,752,477.16,470.03,670.12,487.16,574.74,614.12
1157,OK,197,175,751,751,476.44,470.9,669.0,489.03,572.07,620.09
1158,OK,196,174,754,754,477.34,470.61,670.72,489.38,573.82,622.12
1159,OK,195,173,753,753,476.95,467.61,669.55,490.59,569.4,619.27
1160,OK,194,172,755,755,477.11,467.95,670.35,490.69,570.17,620.19
1161,OK,196,167,752,752,478.62,464.1,670.99,487.62,570.5,610.93
1162,OK,197,170,750,750,478.79,465.9,670.59,489.13,569.99,614.09
1163,OK,193,169,754,754,476.76,468.4,669.79,490.5,568.35,614.19
1164,OK,193,172,756,756,476.42,471.29,669.89,492.93,568.87,619.16
1165,OK,192,173,757,757,475.67,471.41,669.51,492.84,568.89,619.88
1166,OK,194,172,756,756,477.06,471.31,670.62,491.79,571.44,619.61
1167,OK,199,172,752,752,478.81,471.61,671.7,489.24,575.15,616.61
1168,OK,206,170,747,747,484.87,466.89,676.18,488.31,579.28,609.78
1169,OK,202,164,758,758,485.63,466.42,679.67,488.07,580.07,609.51
1170,OK,200,170,762,762,486.36,468.91,681.21,492.96,580.06,622.35
1171,OK,200,172,762,762,486.42,469.44,681.08,494.27,578.55,624.4
1172,OK,200,172,763,763,487.62,469.06,682.11,496.72,578.7,624.15
1173,OK,199,169,770,770,488.56,470.74,685.09,497.55,581.41,625.66
1174,OK,203,164,771,771,492.04,469.85,688.81,496.06,586.39,615.56
1175,OK,217,165,761,761,500.55,465.86,694.52,493.37,598.21,611.85
1176,OK,225,162,753,753,502.96,466.0,695.28,490.96,603.23,598.32
1177,OK,224,159,749,749,501.79,461.83,692.96,487.36,600.45,592.07
1178,OK,220,158,755,755,499.73,462.03,692.55,487.26,598.42,596.55
1179,OK,210,152,769,769,496.17,462.02,692.45,487.71,594.53,597.44
1180,OK,207,164,758,758,490.84,465.85,684.43,490.61,585.77,608.56
1181,OK,208,161,771,771,494.25,469.9,691.38,492.84,593.55,611.28
1182,OK,268,154,779,779,554.75,471.53,754.45,490.48,659.78,605.56
1183,OK,278,162,772,772,562.69,478.24,760.73,494.89,667.29,609.49
1184,OK,278,156,779,779,563.27,476.09,763.24,491.75,671.1,607.2
1185,OK,287,162,770,770,570.63,475.08,768.05,492.7,675.92,611.73
1186,OK,292,166,767,767,572.79,476.56,769.74,493.11,679.34,613.61
1187,OK,289,166,771,771,572.1,478.07,769.85,495.43,679.0,615.92
1188,OK,290,160,775,775,573.14,475.73,772.19,491.26,681.91,612.2
1189,OK,293,164,770,770,574.41,478.79,772.26,492.4,683.38,613.62
1190,OK,293,168,767,767,573.87,478.97,770.86,494.88,680.99,616.03
1191,OK,290,167,770,770,571.23,480.91,769.15,494.85,681.72,617.13
1192,OK,281,163,779,779,565.18,481.8,765.42,494.33,675.22,617.72
1193,OK,283,165,777,777,566.32,482.38,766.04,494.14,677.14,618.36
1194,OK,295,171,766,766,574.01,483.13,770.75,496.72,684.21,618.87
1195,OK,295,170,767,767,574.32,483.2,771.53,496.06,684.43,617.67
1196,OK,295,169,768,768,573.71,483.77,771.28,494.43,686.04,618.01
1197,OK,292,171,769,769,572.16,484.03,769.89,495.88,682.47,620.34
1198,OK,295,175,765,765,574.08,483.81,770.77,497.36,682.8,623.77
1199,OK,296,177,765,765,575.17,484.78,771.56,499.95,683.14,626.25
1200,OK,295,179,760,760,572.98,487.26,768.12,502.02,679.54,624.93
1201,OK,293,181,768,768,573.33,491.64,770.74,505.75,683.02,631.55
1202,OK,296,183,767,767,573.44,495.33,770.79,505.61,686.38,632.68
1203,OK,295,185,769,769,575.87,494.96,773.15,512.34,684.32,634.56
1204,OK,292,185,775,775,574.41,499.94,773.57,512.22,685.53,639.05
1205,OK,294,185,776,776,575.51,501.14,775.08,511.48,689.35,639.85
1206,OK,292,183,776,776,574.4,500.12,773.93,510.28,687.47,638.7
1207,OK,289,182,776,776,571.96,497.45,771.47,509.63,683.85,637.47
1208,OK,288,182,778,778,571.41,497.26,771.46,509.23,682.96,638.93
1209,OK,289,182,778,778,572.03,498.98,772.03,509.47,684.15,638.92
1210,OK,288,185,783,783,573.02,500.9,774.39,513.27,685.5,645.02
1211,OK,284,185,787,787,571.73,500.6,773.87,515.81,682.01,649.18
1212,OK,284,186,785,785,571.3,499.75,772.75,517.56,680.02,648.0
1213,OK,286,184,790,790,572.58,504.73,775.62,516.19,688.37,649.46
1214,OK,292,186,786,786,576.12,505.4,778.16,516.05,692.95,649.27
1215,OK,295,189,783,783,577.73,506.71,779.2,517.19,695.08,649.48
1216,OK,298,192,778,778,579.91,506.81,780.01,519.62,695.43,650.21
1217,OK,298,192,779,779,580.68,507.29,780.81,521.2,694.37,648.42
1218,OK,297,193,780,780,580.53,508.35,781.0,523.16,694.79,651.96
1219,OK,295,191,785,785,579.96,508.45,781.59,521.75,694.25,651.24
1220,OK,295,192,783,783,579.56,509.18,780.7,521.86,693.66,651.73
1221,OK,302,192,779,779,584.22,507.6,784.36,522.7,698.25,648.2
1222,OK,296,191,780,780,580.41,507.83,780.76,521.75,693.15,648.89
1223,OK,296,192,779,779,579.17,507.97,779.4,522.11,691.15,648.5
1224,OK,294,191,780,780,578.9,506.96,779.32,521.34,690.66,648.55
1225,OK,297,193,777,777,579.56,507.39,779.1,521.86,691.58,647.47
1226,OK,301,197,773,773,581.47,508.31,780.18,522.39,694.57,651.61
1227,OK,298,195,776,776,580.61,507.76,779.78,522.87,693.5,652.2
1228,OK,296,193,781,781,579.88,507.7,780.46,523.33,692.52,651.72
1229,OK,296,191,783,783,580.81,506.88,781.75,523.14,693.59,650.83
1230,OK,298,190,782,782,581.87,506.61,782.75,521.9,696.28,649.59
1231,OK,303,194,774,774,584.03,505.7,782.81,522.12,697.48,649.44
1232,OK,299,187,784,784,583.58,504.54,784.76,520.37,698.08,647.02
1233,OK,295,189,786,786,580.18,508.44,782.2,520.15,695.75,650.66
1234,OK,291,191,790,790,580.73,506.08,783.45,524.5,690.76,656.98
1235,OK,290,190,786,786,578.57,506.38,780.02,525.83,687.18,651.85
1236,OK,294,192,778,778,578.6,505.02,778.21,522.02,688.78,650.05
1237,OK,296,193,775,775,578.18,503.71,777.29,519.12,688.9,649.14
1238,OK,290,185,777,777,575.29,494.62,774.58,512.13,681.4,642.66
1239,OK,298,190,768,768,580.72,497.7,777.57,518.22,685.13,642.02
1240,OK,301,198,771,771,583.71,505.74,781.45,524.83,691.38,651.4
1241,OK,295,196,771,771,580.09,502.0,777.09,526.65,683.34,649.43
1242,OK,277,170,789,789,569.59,487.13,771.34,511.8,671.62,628.98
1243,OK,268,177,779,779,559.91,486.75,758.77,512.66,656.42,633.8
1244,OK,268,174,783,783,556.55,492.28,757.68,507.69,661.3,631.26
1245,OK,263,167,787,787,553.88,486.52,755.86,502.11,657.98,626.93
1246,OK,261,165,791,791,554.42,485.77,757.39,504.6,657.83,626.14
1247,OK,265,171,786,786,555.9,489.11,757.63,505.97,660.43,630.91
1248,OK,265,175,792,792,557.64,493.59,760.75,511.19,664.23,639.65
1249,OK,268,180,785,785,558.4,494.81,759.73,513.14,662.81,641.2
1250,OK,274,187,778,778,562.57,496.9,761.86,518.38,664.81,644.87
1251,OK,272,188,777,777,558.83,497.93,757.94,518.42,661.7,644.46
1252,OK,269,188,779,779,556.78,500.08,756.5,519.31,661.12,645.78
1253,OK,262,185,788,788,555.29,499.27,756.86,522.25,656.93,648.45
1254,OK,265,189,785,785,555.51,503.12,756.92,521.71,659.02,651.04
1255,OK,269,188,784,784,560.22,500.54,760.96,522.56,662.54,649.12
1256,OK,272,189,789,789,565.87,499.56,767.27,525.91,665.96,654.84
1257,OK,279,192,783,783,569.03,500.47,769.19,524.64,672.83,653.78
1258,OK,274,184,789,789,565.22,496.08,767.41,516.79,670.23,649.76
1259,OK,273,184,788,788,564.91,493.91,766.71,516.35,669.4,651.77
1260,OK,271,181,799,799,565.06,496.9,769.95,514.91,672.75,654.99
1261,OK,263,174,809,809,560.95,494.73,768.63,512.58,669.91,653.42
1262,OK,259,172,810,810,558.15,492.17,765.98,510.39,666.36,653.4
1263,OK,266,173,803,803,560.65,493.42,766.87,509.56,671.52,647.0
1264,OK,259,171,800,800,554.52,491.25,760.02,507.13,662.23,644.66
1265,OK,255,167,807,807,551.78,490.86,759.05,506.29,661.87,642.76
1266,OK,259,164,803,803,553.33,486.55,759.52,502.34,663.89,637.51
1267,OK,259,165,804,804,554.49,489.04,761.06,504.87,665.74,637.38
1268,OK,260,169,814,814,557.32,498.02,766.48,510.43,674.08,648.53
1269,OK,267,186,803,803,565.24,500.01,770.26,526.77,669.58,661.0
1270,OK,266,188,801,801,562.77,501.11,767.64,525.46,668.31,662.92
1271,OK,251,167,807,807,549.31,486.77,756.59,502.36,655.14,645.78
1272,OK,247,143,805,805,544.54,469.62,751.5,482.79,650.04,615.28
1273,OK,255,119,789,789,546.89,444.79,749.42,460.79,650.59,574.58
1274,OK,252,103,789,789,544.4,433.67,746.98,448.79,647.13,554.72
1275,OK,254,101,786,786,543.67,433.38,745.86,444.13,650.72,551.01
1276,OK,251,104,790,790,544.0,435.44,746.83,450.12,648.1,556.32
1277,OK,250,106,791,791,542.74,436.21,745.81,451.89,647.66,558.23
1278,OK,243,103,803,803,540.24,436.72,746.32,453.58,645.74,563.69
1279,OK,250,114,790,790,543.18,440.37,745.83,459.28,645.7,569.33
1280,OK,253,120,785,785,543.7,445.01,745.3,459.82,646.13,573.54
1281,OK,262,124,781,781,551.86,445.18,752.17,464.04,653.77,574.92
1282,OK,266,124,777,777,553.24,443.59,752.4,463.55,655.43,571.36
1283,OK,263,127,776,776,550.88,446.52,749.72,466.41,651.74,574.22
1284,OK,257,124,781,781,546.17,449.48,746.62,467.57,647.92,569.55
1285,OK,254,131,785,785,544.8,459.67,746.46,475.17,647.87,579.58
1286,OK,254,129,790,790,546.67,459.19,749.52,475.17,651.46,581.38
1287,OK,264,147,781,781,552.63,466.28,753.11,482.1,655.63,600.52
1288,OK,270,143,777,777,557.81,461.1,757.03,480.65,659.65,592.45
1289,OK,262,136,784,784,553.38,460.99,754.53,479.41,655.75,586.19
1290,OK,264,142,781,781,551.78,467.1,752.34,481.9,656.39,590.34
1291,OK,264,148,779,779,550.27,470.28,750.72,481.28,655.65,598.28
1292,OK,256,148,791,791,547.85,472.2,751.34,483.0,654.1,609.54
1293,OK,258,147,790,790,548.7,474.79,752.11,482.56,657.56,606.0
1294,OK,261,152,785,785,550.89,476.15,752.84,487.26,655.78,607.2
1295,OK,268,154,781,781,554.6,474.79,755.46,487.37,661.16,608.54
1296,OK,259,147,791,791,551.11,474.19,754.44,487.09,656.23,604.8
1297,OK,261,149,788,788,552.04,472.81,754.43,486.49,656.95,606.36
1298,OK,265,153,781,781,552.65,473.27,753.59,484.29,658.3,608.05
1299,OK,273,158,769,769,556.52,475.76,754.02,490.6,658.87,602.62
1300,OK,265,153,781,781,554.28,474.55,754.86,488.43,656.94,606.09
1301,OK,266,151,781,781,555.46,472.82,756.14,487.6,657.96,603.67
1302,OK,264,150,783,783,554.9,471.93,756.02,487.76,655.54,603.43
1303,OK,265,154,782,782,554.6,474.99,755.45,488.44,657.6,609.5
1304,OK,258,153,791,791,550.71,477.78,754.07,491.8,655.57,612.56
1305,OK,262,154,788,788,553.89,476.87,756.17,492.53,657.92,612.53
1306,OK,266,154,785,785,555.75,475.73,757.19,492.36,659.66,608.9
1307,OK,268,156,781,781,557.5,475.97,757.86,494.99,659.31,607.25
1308,OK,267,157,785,785,556.98,478.43,758.39,495.12,661.46,613.04
1309,OK,266,158,786,786,555.89,479.68,757.82,494.21,661.5,616.22
1310,OK,267,161,787,787,556.48,482.17,758.74,495.85,663.86,620.95
1311,OK,266,159,792,792,557.25,483.68,760.81,497.82,665.83,620.96
1312,OK,267,159,793,793,557.81,484.26,761.7,496.78,667.86,620.24
1313,OK,268,161,793,793,558.75,485.85,762.64,498.73,668.82,623.37
1314,OK,270,162,791,791,559.61,486.98,763.0,499.53,670.29,622.42
1315,OK,270,163,792,792,559.8,488.99,763.5,501.03,671.4,624.49
1316,OK,270,164,788,788,560.01,488.17,762.52,502.01,668.66,622.83
1317,OK,272,166,791,791,561.51,489.91,764.81,502.94,672.52,627.09
1318,OK,284,176,777,777,567.63,493.37,767.5,505.6,677.3,629.84
1319,OK,286,178,772,772,568.37,493.05,766.77,505.75,677.12,629.64
1320,OK,282,176,778,778,566.86,492.42,766.87,505.62,676.13,631.06
1321,OK,278,174,785,785,565.27,493.3,766.93,506.41,674.59,633.35
1322,OK,280,180,780,780,566.98,495.72,767.27,511.92,673.33,638.06
1323,OK,278,180,782,782,567.58,494.95,768.07,513.7,671.57,638.45
1324,OK,280,182,783,783,569.2,496.96,770.03,515.14,674.38,641.54
1325,OK,285,183,778,778,571.12,497.06,770.73,514.47,678.1,639.73
1326,OK,284,182,780,780,571.15,495.64,771.11,514.29,677.35,639.87
1327,OK,286,184,782,782,572.39,499.24,773.2,514.96,682.61,642.95
1328,OK,290,187,782,782,574.35,503.28,775.22,516.98,687.61,646.8
1329,OK,294,189,781,781,577.11,503.94,777.68,518.18,691.45,648.38
1330,OK,292,186,785,785,575.87,504.43,777.86,515.78,692.33,647.21
1331,OK,284,182,790,790,572.37,502.56,775.53,515.88,685.47,646.29
1332,OK,290,188,783,783,575.46,503.25,776.46,520.18,686.09,646.34
1333,OK,290,189,783,783,574.56,505.39,775.78,519.67,687.97,648.03
1334,OK,289,188,783,783,574.84,504.44,775.91,520.73,684.88,647.26
1335,OK,291,191,781,781,575.75,506.39,776.37,522.37,687.86,648.62
1336,OK,285,188,788,788,573.4,504.72,775.58,521.91,684.01,650.7
1337,OK,278,180,798,798,571.23,502.89,776.15,519.9,682.25,647.89
1338,OK,278,178,800,800,570.77,502.36,776.33,517.7,683.69,647.78
1339,OK,278,178,798,798,570.09,502.33,775.11,516.58,681.53,645.51
1340,OK,278,179,796,796,571.34,497.47,775.3,517.39,679.73,647.96
1341,OK,273,176,801,801,567.63,497.39,773.22,514.42,677.48,646.76
1342,OK,262,170,823,823,564.39,501.81,775.59,518.84,676.06,653.53
1343,OK,256,174,818,818,560.4,500.88,769.56,525.35,666.22,653.79
1344,OK,260,180,813,813,560.75,503.91,768.79,527.44,668.25,657.63
1345,OK,255,188,812,812,558.21,512.64,765.81,537.62,661.26,664.31
1346,OK,253,189,817,817,558.75,511.19,767.39,538.64,659.79,669.25
1347,OK,256,186,821,821,561.57,511.65,771.53,536.08,665.51,668.67
1348,OK,266,189,815,815,568.49,512.06,776.95,535.82,674.1,668.74
1349,OK,280,195,803,803,576.04,515.84,781.99,536.02,683.7,667.8
1350,OK,279,195,805,805,575.32,516.32,781.76,535.4,683.88,668.93
1351,OK,277,191,813,813,576.86,516.52,784.98,539.25,685.55,668.08
1352,OK,273,190,813,813,573.84,514.31,782.16,536.62,680.46,666.67
1353,OK,275,192,808,808,574.41,514.31,781.46,535.77,680.91,667.75
1354,OK,276,194,807,807,574.92,514.86,781.66,536.38,681.4,670.12
1355,OK,275,190,808,808,573.94,515.11,781.11,534.11,681.8,665.35
1356,OK,274,190,811,811,573.95,514.03,781.83,535.13,681.16,666.11
1357,OK,275,192,806,806,574.31,513.86,780.59,536.26,680.42,666.66
1358,OK,279,195,801,801,574.83,513.52,779.97,535.54,682.14,666.67
1359,OK,281,197,798,798,576.27,513.72,780.38,536.95,683.35,667.04
1360,OK,282,198,796,796,576.58,514.12,780.16,537.35,682.17,667.48
1361,OK,283,200,794,794,576.65,514.2,779.74,537.62,682.91,668.71
1362,OK,282,199,798,798,577.91,514.12,781.89,539.03,683.77,670.54
1363,OK,282,199,798,798,576.15,515.54,780.54,537.29,683.94,670.97
1364,OK,279,197,803,803,575.29,515.55,780.92,537.32,682.83,670.9
1365,OK,276,199,803,803,573.73,515.76,779.25,539.79,678.65,674.1
1366,OK,279,196,803,803,575.84,513.98,781.29,537.82,681.94,669.82
1367,OK,277,197,802,802,573.87,515.31,779.1,537.82,680.55,670.98
1368,OK,281,200,807,807,577.62,519.24,783.96,543.64,687.66,674.71
1369,OK,277,196,807,807,574.78,515.82,781.47,538.31,682.64,671.45
1370,OK,277,195,806,806,575.65,514.85,781.99,537.19,682.74,670.24
1371,OK,281,198,801,801,577.33,514.78,782.26,538.1,683.91,670.84
1372,OK,279,198,801,801,575.91,514.73,780.85,538.04,681.04,669.94
1373,OK,277,197,804,804,575.19,515.96,781.07,537.94,681.4,671.93
1374,OK,279,199,800,800,576.22,514.78,780.85,538.67,680.92,671.44
1375,OK,277,199,799,799,573.59,514.92,778.02,538.61,676.87,670.14
1376,OK,276,195,802,802,572.61,513.91,777.9,535.97,679.19,667.38
1377,OK,272,184,808,808,570.91,505.47,777.81,528.62,678.29,659.8
1378,OK,267,178,820,820,569.72,505.15,779.98,524.91,680.02,661.34
1379,OK,270,181,813,813,569.34,504.71,777.82,524.04,678.45,661.38
1380,OK,281,193,797,797,576.2,507.64,779.84,532.69,680.59,663.62
1381,OK,282,199,804,804,579.88,515.44,785.57,539.5,686.81,674.94
1382,OK,274,203,816,816,579.95,517.37,787.55,550.13,682.24,688.97
1383,OK,268,198,828,828,578.83,517.87,789.46,550.65,680.4,690.23
1384,OK,272,197,827,827,581.79,513.26,791.85,548.31,684.29,689.84
1385,OK,281,197,813,813,584.52,511.45,791.48,544.02,687.23,679.21
1386,OK,276,183,820,820,581.79,507.23,791.57,532.71,687.16,667.67
1387,OK,291,183,796,796,583.35,501.26,787.82,517.34,693.08,653.69
1388,OK,285,158,791,791,576.24,477.14,779.24,494.14,684.05,621.95
1389,OK,287,137,783,783,572.39,461.56,773.68,474.02,683.9,588.68
1390,OK,279,114,789,789,569.6,439.38,771.94,457.79,675.4,569.08
1391,OK,270,109,787,787,561.28,435.16,763.14,454.19,664.18,561.2
1392,OK,273,117,782,782,562.49,440.68,763.24,456.93,666.6,568.96
1393,OK,274,124,778,778,563.62,443.08,762.83,464.53,663.01,572.47
1394,OK,276,141,778,778,567.5,454.94,766.64,478.07,663.96,593.79
1395,OK,285,153,771,771,571.34,463.47,768.67,485.15,670.58,603.63
1396,OK,278,157,787,787,569.55,473.39,771.23,492.46,673.43,617.7
1397,OK,288,173,775,775,575.15,484.83,774.24,500.82,676.6,628.88
1398,OK,302,178,777,777,584.91,490.93,784.61,504.7,696.1,635.54
1399,OK,298,180,774,774,582.9,491.55,781.7,507.58,689.09,634.6
1400,OK,296,179,773,773,581.74,489.22,780.07,507.71,684.34,632.19
1401,OK,294,177,777,777,579.99,491.15,779.72,505.47,684.42,633.45
1402,OK,294,180,778,778,581.85,491.2,781.37,508.54,685.78,638.23
1403,OK,290,181,783,783,579.56,494.68,780.48,511.26,683.92,641.08
1404,OK,292,182,785,785,580.81,498.02,782.47,513.93,687.56,643.4
1405,OK,292,183,783,783,580.13,496.84,781.28,511.96,685.98,644.1
1406,OK,294,180,783,783,580.77,493.94,781.85,507.7,688.96,641.64
1407,OK,293,178,781,781,580.41,491.73,781.01,507.09,687.02,637.77
1408,OK,291,175,788,788,582.64,488.51,784.66,506.9,688.29,640.56
1409,OK,293,179,785,785,581.71,491.07,783.17,508.32,687.7,643.55
1410,OK,292,177,786,786,581.29,490.43,783.1,506.61,689.34,642.29
1411,OK,291,178,782,782,579.72,489.38,780.46,505.96,684.48,640.47
1412,OK,294,178,785,785,582.65,489.62,784.02,507.66,689.77,641.89
1413,OK,294,181,782,782,582.45,491.73,783.16,508.73,688.62,644.74
1414,OK,294,177,784,784,582.7,488.18,783.86,505.16,690.72,642.5
1415,OK,295,176,787,787,583.4,488.22,785.34,505.38,692.8,642.63
1416,OK,296,184,783,783,584.46,491.07,785.14,511.26,690.88,649.3
1417,OK,297,178,794,794,587.04,492.38,790.72,511.63,699.32,649.63
1418,OK,296,181,795,795,586.83,492.98,790.57,513.48,699.14,652.94
1419,OK,292,175,807,807,585.84,495.06,792.95,511.95,702.0,653.75
1420,OK,294,176,805,805,586.28,495.69,792.98,511.16,703.86,653.94
1421,OK,294,175,806,806,587.36,495.85,794.24,512.38,704.06,652.63
1422,OK,291,176,808,808,584.5,497.69,792.0,512.27,702.04,655.08
1423,OK,289,175,811,811,583.72,498.49,792.18,512.52,701.4,655.73
1424,OK,290,176,814,814,585.96,500.95,795.07,515.69,704.21,658.45
1425,OK,286,176,822,822,585.57,504.24,796.82,518.87,703.7,664.02
1426,OK,296,186,800,800,589.02,505.7,794.09,524.79,701.77,657.21
1427,OK,281,183,815,815,580.76,506.29,789.6,527.06,692.01,664.16
1428,OK,271,181,825,825,576.76,504.17,787.72,528.49,685.75,671.11
1429,OK,275,187,813,813,575.59,506.82,783.76,529.04,683.42,668.09
1430,OK,273,189,810,810,576.69,505.82,783.11,535.34,676.57,668.98
1431,OK,269,188,823,823,575.85,507.71,786.03,535.62,680.84,676.55
1432,OK,273,188,815,815,574.62,508.25,783.22,531.52,682.35,671.71
1433,OK,266,185,818,818,572.3,504.03,781.29,531.09,674.97,670.62
1434,OK,266,181,816,816,570.48,503.3,779.17,527.49,673.44,664.3
1435,OK,257,173,830,830,566.3,498.77,779.08,520.02,672.03,666.66
1436,OK,251,172,823,823,557.35,497.15,768.65,514.04,662.12,661.16
1437,OK,263,177,802,802,559.58,497.84,765.73,512.16,667.1,651.62
1438,OK,265,178,791,791,558.92,494.19,761.67,514.15,660.61,642.87
1439,OK,258,165,797,797,553.53,485.42,758.01,504.61,656.47,631.51
1440,OK,253,157,808,808,552.96,485.17,760.55,500.56,658.99,630.31
1441,OK,255,163,801,801,551.13,486.12,756.92,500.97,657.45,633.15
1442,OK,260,167,797,797,553.78,489.3,758.51,503.6,661.31,634.32
1443,OK,255,164,801,801,551.21,488.83,756.89,503.29,657.15,633.48
1444,OK,259,170,796,796,555.67,486.76,759.77,506.17,656.89,639.6
1445,OK,258,166,797,797,554.11,482.84,758.48,500.91,657.5,637.26
1446,OK,259,163,794,794,553.92,480.2,757.6,497.48,657.39,631.78
1447,OK,270,167,786,786,559.47,484.34,761.52,498.04,667.19,630.78
1448,OK,268,169,786,786,559.91,486.92,761.45,505.78,662.75,628.11
1449,OK,265,168,788,788,557.94,485.7,760.0,505.12,660.77,629.74
1450,OK,262,168,792,792,555.89,485.84,759.04,504.84,659.35,632.91
1451,OK,261,169,790,790,555.0,485.57,757.61,505.31,656.91,632.89
1452,OK,264,165,790,790,556.87,483.23,759.57,501.3,661.22,628.85
1453,OK,264,163,788,788,555.76,482.15,758.14,498.86,660.08,625.0
1454,OK,263,163,793,793,555.89,482.71,759.35,499.12,661.19,627.78
1455,OK,261,165,796,796,556.84,484.41,760.89,503.78,660.65,633.61
1456,OK,262,166,795,795,557.44,484.27,761.18,505.08,659.18,632.4
1457,OK,260,167,801,801,557.68,485.97,762.88,507.47,659.75,638.08
1458,OK,261,165,796,796,556.69,485.86,761.07,503.25,660.11,631.66
1459,OK,255,172,799,799,553.82,488.4,758.51,509.78,653.07,644.18
1460,OK,262,181,795,795,560.14,494.51,763.12,520.85,656.74,650.18
1461,OK,267,183,797,797,566.52,496.16,769.53,526.35,662.64,651.12
1462,OK,267,183,797,797,566.08,496.41,769.21,525.85,663.0,652.74
1463,OK,265,182,792,792,561.21,495.4,763.68,519.95,659.72,648.64
1464,OK,239,162,807,807,542.28,483.98,749.23,504.48,640.18,636.44
1465,OK,221,150,820,820,527.73,482.59,738.37,497.02,629.93,630.34
1466,OK,213,146,809,809,515.35,473.68,723.02,489.05,615.67,619.01
1467,OK,217,145,799,799,516.67,469.82,721.75,486.23,613.44,611.74
1468,OK,229,140,790,790,526.86,460.2,729.17,482.42,621.64,599.52
1469,OK,247,143,784,784,538.87,462.86,739.68,484.43,639.88,596.8
1470,OK,241,125,801,801,538.84,455.12,744.08,476.09,640.94,585.59
1471,OK,237,129,802,802,536.59,458.78,742.07,478.92,637.2,592.17
1472,OK,240,135,796,796,538.03,461.77,741.94,483.76,637.1,595.07
1473,OK,242,152,789,789,536.91,469.34,739.3,488.22,634.47,613.82
1474,OK,242,151,790,790,537.34,470.86,739.98,489.29,636.92,612.7
1475,OK,244,155,789,789,537.95,474.16,740.45,491.23,637.94,617.06
1476,OK,243,155,792,792,538.53,477.15,741.95,493.83,639.64,617.96
1477,OK,237,153,799,799,534.51,478.84,739.68,495.04,636.17,618.83
1478,OK,238,153,799,799,534.63,480.41,740.01,493.64,637.83,618.69
1479,OK,244,155,799,799,539.99,478.0,745.21,494.57,643.89,623.65
1480,OK,253,162,784,784,544.88,480.13,746.02,498.84,645.5,618.78
1481,OK,252,163,786,786,545.66,483.18,747.21,501.05,645.48,620.98
1482,OK,255,165,791,791,546.78,485.54,750.01,499.71,652.96,627.66
1483,OK,253,162,795,795,547.65,485.1,751.9,499.57,651.68,627.16
1484,OK,251,166,797,797,546.99,487.94,751.64,502.38,650.31,633.38
1485,OK,250,167,799,799,546.09,490.91,751.4,503.95,650.2,635.66
1486,OK,250,168,804,804,549.31,491.21,755.46,509.73,652.65,640.52
1487,OK,255,173,797,797,550.92,492.65,755.33,511.06,653.43,641.61
1488,OK,256,175,801,801,553.36,496.91,758.55,517.65,657.01,644.02
1489,OK,266,184,786,786,558.74,499.87,759.67,523.54,660.65,642.81
1490,OK,267,184,787,787,559.39,499.25,760.43,524.82,660.86,642.0
1491,OK,264,187,788,788,555.52,505.27,757.44,525.91,660.36,647.88
1492,OK,268,193,782,782,557.98,507.11,758.03,529.96,661.25,649.6
1493,OK,259,183,793,793,554.46,498.71,757.3,522.59,655.1,648.55
1494,OK,260,181,792,792,555.28,497.36,757.85,520.73,656.53,646.22
1495,OK,264,188,785,785,556.78,500.92,757.13,527.31,655.86,647.5
1496,OK,266,191,779,779,556.29,502.5,755.42,527.92,655.52,646.56
1497,OK,260,183,790,790,555.03,498.01,756.94,524.0,654.19,645.56
1498,OK,263,185,789,789,555.92,500.32,757.8,523.61,657.28,646.87
1499,OK,262,185,795,795,559.23,502.49,762.47,528.1,658.49,648.79
1500,OK,269,194,787,787,563.2,506.89,764.12,532.88,661.89,655.16
1501,OK,263,187,795,795,562.13,500.93,764.71,530.07,657.5,654.16
1502,OK,270,194,787,787,563.48,506.28,764.36,532.45,662.24,655.81
1503,OK,267,191,788,788,562.63,504.12,763.78,531.28,660.22,654.24
1504,OK,259,186,798,798,560.18,499.87,763.57,528.88,655.74,655.89
1505,OK,264,191,797,797,563.44,502.64,766.61,532.36,659.71,660.78
1506,OK,265,188,796,796,563.59,501.11,766.4,530.22,661.17,658.12
1507,OK,266,191,792,792,564.0,501.82,765.77,531.54,660.12,658.26
1508,OK,267,190,796,796,565.62,502.75,768.5,531.73,664.07,659.19
1509,OK,274,195,788,788,568.28,506.22,769.2,533.98,668.12,659.22
1510,OK,272,192,796,796,569.81,506.57,772.78,534.6,670.58,659.84
1511,OK,271,195,796,796,569.36,508.93,772.38,536.93,667.7,663.73
1512,OK,273,194,795,795,569.91,507.25,772.76,535.04,669.79,662.08
1513,OK,274,196,792,792,570.24,508.03,772.36,536.02,670.12,663.05
1514,OK,274,197,793,793,571.26,508.28,773.41,537.67,669.32,664.68
1515,OK,272,197,794,794,570.01,509.82,772.67,537.02,668.5,664.61
1516,OK,275,202,790,790,571.28,512.3,772.94,540.11,668.06,668.64
1517,OK,273,200,790,790,571.13,508.94,772.33,539.51,666.14,666.43
1518,OK,265,193,807,807,568.4,508.69,773.87,539.46,664.97,668.95
1519,OK,265,191,812,812,571.89,508.72,778.38,541.09,668.22,671.07
1520,OK,270,194,811,811,573.79,509.85,780.52,539.32,673.42,674.08
1521,OK,272,193,804,804,574.11,508.98,779.33,537.34,672.17,668.29
1522,OK,276,196,801,801,575.25,508.79,779.62,537.44,674.64,669.53
1523,OK,287,200,782,782,577.13,510.66,777.36,533.57,680.01,660.21
1524,OK,282,197,783,783,575.55,504.18,775.29,532.6,671.8,657.84
1525,OK,282,190,790,790,574.94,503.97,777.07,527.44,678.08,655.59
1526,OK,269,182,805,805,568.73,499.25,774.68,523.6,670.59,657.08
1527,OK,265,179,808,808,566.02,500.59,773.07,522.12,669.94,655.7
1528,OK,262,177,815,815,564.45,500.54,773.46,520.31,670.73,657.86
1529,OK,260,179,816,816,564.95,500.04,773.75,523.72,666.76,663.74
1530,OK,266,182,810,810,568.96,498.85,776.22,523.15,670.24,663.3
1531,OK,270,183,805,805,570.41,497.82,776.45,521.51,671.9,660.97
1532,OK,276,185,798,798,573.27,497.68,777.46,520.46,675.49,659.56
1533,OK,272,183,802,802,571.81,497.35,776.91,522.84,672.18,659.4
1534,OK,278,187,796,796,574.25,498.92,777.88,522.93,676.54,660.18
1535,OK,277,186,799,799,573.99,499.73,778.47,522.97,677.55,659.05
1536,OK,274,184,804,804,574.09,498.52,779.76,522.67,676.84,661.44
1537,OK,276,184,803,803,574.53,497.75,779.94,520.91,677.65,660.99
1538,OK,273,183,803,803,572.65,496.82,778.13,520.28,673.58,661.0
1539,OK,267,174,801,801,567.01,486.12,771.87,511.26,665.57,651.15
1540,OK,267,166,795,795,564.77,482.2,768.01,506.56,663.2,633.26
1541,OK,266,159,796,796,561.68,480.42,765.84,497.7,664.32,626.5
1542,OK,260,158,790,790,555.61,476.32,758.45,492.38,653.46,622.34
1543,OK,270,162,780,780,560.28,476.5,760.5,491.68,660.61,621.38
1544,OK,272,163,778,778,561.28,476.46,760.87,493.34,661.93,620.05
1545,OK,270,161,782,782,562.77,476.26,763.31,494.08,660.69,618.96
1546,OK,275,170,781,781,566.77,483.19,766.98,503.83,664.15,627.89
1547,OK,268,172,788,788,565.35,485.08,766.64,510.33,659.96,635.13
1548,OK,273,176,779,779,565.18,485.95,764.49,509.64,660.79,633.77
1549,OK,270,177,781,781,562.47,488.91,762.63,509.51,659.11,636.4
1550,OK,268,179,781,781,561.01,490.75,761.03,511.89,656.52,637.75
1551,OK,271,180,779,779,562.62,490.29,761.96,512.29,659.09,637.68
1552,OK,266,181,787,787,562.04,491.84,762.92,519.42,655.8,642.97
1553,OK,262,183,797,797,562.46,497.85,765.96,524.91,656.22,652.05
1554,OK,261,180,807,807,567.62,498.22,773.14,529.29,659.6,653.77
1555,OK,263,190,807,807,571.03,504.14,776.09,538.02,660.28,666.04
1556,OK,265,190,804,804,571.83,504.43,776.27,537.62,661.7,663.43
1557,OK,268,191,800,800,572.46,504.82,775.74,537.78,663.18,661.29
1558,OK,270,192,801,801,574.23,505.51,777.66,539.7,664.11,663.08
1559,OK,265,194,804,804,570.54,509.4,775.58,539.26,662.66,668.17
1560,OK,263,193,806,806,570.56,508.3,775.7,540.65,660.39,668.19
1561,OK,263,195,807,807,569.61,510.21,774.85,542.38,660.17,671.27
1562,OK,264,199,804,804,569.99,513.36,775.04,543.17,661.39,675.08
1563,OK,262,197,808,808,568.85,514.26,774.81,543.57,661.79,673.59
1564,OK,261,198,811,811,569.22,515.05,775.59,546.53,660.22,677.04
1565,OK,259,196,817,817,567.85,517.91,776.42,546.49,663.31,676.95
1566,OK,257,195,821,821,567.27,517.41,776.63,546.52,662.54,678.5
1567,OK,255,196,820,820,566.45,518.7,775.39,548.68,659.82,680.3
1568,OK,254,196,824,824,565.96,521.03,776.22,549.99,661.05,682.2
1569,OK,252,200,824,824,564.68,524.92,775.06,553.24,659.66,686.17
1570,OK,255,202,817,817,564.24,524.06,772.6,553.9,658.06,682.3
1571,OK,252,199,823,823,562.89,523.64,772.8,552.55,658.82,682.71
1572,OK,256,202,816,816,564.15,524.11,772.58,551.21,659.99,682.94
1573,OK,258,205,811,811,564.12,524.57,771.33,551.04,658.62,682.93
1574,OK,247,196,831,831,563.85,520.49,775.41,552.66,656.23,687.23
1575,OK,245,201,830,830,561.84,524.97,773.5,554.65,654.24,693.29
1576,OK,239,198,838,838,559.38,524.56,772.91,555.16,650.95,695.16
1577,OK,232,196,843,843,553.74,524.61,768.96,552.97,646.61,695.96
1578,OK,228,192,849,849,552.18,522.52,768.78,553.27,645.46,694.64
1579,OK,231,198,842,842,551.34,527.25,766.47,555.49,645.54,696.82
1580,OK,230,196,841,841,550.16,524.75,764.49,555.22,642.96,692.5
1581,OK,233,194,853,853,555.9,528.81,773.58,558.41,653.58,697.1
1582,OK,237,198,846,846,558.54,528.64,774.24,560.02,655.45,699.65
1583,OK,230,198,852,852,554.89,528.25,772.07,558.99,650.47,704.42
1584,OK,233,198,853,853,555.74,530.5,773.49,559.33,654.03,705.02
1585,OK,234,200,848,848,554.38,533.16,771.38,557.95,653.94,703.75
1586,OK,233,197,853,853,555.17,529.02,772.97,556.96,654.22,703.32
1587,OK,236,197,850,850,558.07,526.81,774.9,557.55,655.78,703.09
1588,OK,237,199,845,845,556.85,528.17,772.5,557.07,654.21,700.82
1589,OK,237,198,844,844,557.63,526.9,772.79,557.71,654.19,699.53
1590,OK,236,198,845,845,556.96,525.05,772.24,557.59,651.96,699.77
1591,OK,235,197,847,847,556.33,525.11,772.0,557.73,652.09,699.15
1592,OK,236,199,845,845,557.6,525.21,772.61,558.43,651.86,700.56
1593,OK,238,202,841,841,556.26,529.02,770.97,557.92,652.67,701.1
1594,OK,240,203,839,839,558.77,530.45,772.66,560.27,653.96,700.47
1595,OK,239,201,844,844,560.07,528.69,774.99,560.57,655.86,702.01
1596,OK,239,197,853,853,562.78,528.29,780.02,561.32,659.18,701.9
1597,OK,237,197,864,864,565.32,534.19,785.73,565.62,664.01,708.14
1598,OK,242,193,861,861,569.37,528.03,788.82,559.97,666.62,703.71
1599,OK,246,196,854,854,570.59,527.62,788.23,558.91,668.23,704.13
1600,OK,240,194,858,858,567.55,526.56,785.96,559.97,662.16,703.24
1601,OK,238,192,865,865,565.54,528.79,786.14,559.61,664.58,704.41
1602,OK,240,200,852,852,563.33,533.6,780.82,562.25,661.71,705.85
1603,OK,237,199,855,855,561.85,532.23,779.89,562.54,658.73,705.87
1604,OK,239,201,851,851,561.68,532.45,778.86,562.35,658.96,705.82
1605,OK,239,198,853,853,562.9,529.89,780.3,560.76,659.07,703.48
1606,OK,246,203,846,846,566.18,535.46,782.07,565.69,663.94,701.93
1607,OK,243,199,849,849,565.24,529.66,781.66,560.97,662.37,702.16
1608,OK,242,199,846,846,562.79,528.18,778.56,558.57,660.16,701.44
1609,OK,240,198,849,849,562.8,527.86,779.12,560.15,658.31,701.89
1610,OK,242,199,847,847,563.05,528.5,778.94,559.03,659.99,701.58
1611,OK,240,198,852,852,562.53,529.83,780.06,557.75,660.95,704.25
1612,OK,240,200,849,849,561.85,530.05,778.64,558.91,658.31,704.92
1613,OK,241,199,849,849,562.01,529.29,778.8,558.0,659.61,703.68
1614,OK,239,198,850,850,561.42,529.32,778.6,557.27,659.73,703.07
1615,OK,239,196,857,857,564.09,529.4,782.7,559.27,661.5,704.59
1616,OK,239,194,858,858,564.8,527.73,783.66,557.41,663.39,704.73
1617,OK,241,197,855,855,564.85,528.79,783.04,559.17,662.75,705.58
1618,OK,240,200,853,853,564.15,531.1,781.62,561.85,660.6,706.09
1619,OK,242,201,851,851,564.19,531.85,781.42,561.7,661.2,706.66
1620,OK,239,193,862,862,566.17,528.51,786.04,559.33,664.74,704.95
1621,OK,238,193,860,860,565.14,527.57,784.49,559.16,662.49,704.15
1622,OK,239,195,859,859,564.46,527.96,783.59,558.25,662.65,706.11
1623,OK,244,192,855,855,568.36,524.26,786.3,555.19,665.95,699.39
1624,OK,258,194,843,843,575.76,521.23,790.47,553.42,675.94,693.68
1625,OK,269,196,825,825,579.1,517.43,789.19,548.32,679.81,683.63
1626,OK,272,193,819,819,578.23,514.57,787.49,541.79,680.61,676.54
1627,OK,276,192,813,813,578.28,514.58,786.3,537.41,682.93,670.67
1628,OK,278,192,810,810,579.13,512.09,786.17,537.51,683.51,669.6
1629,OK,278,194,804,804,578.21,510.53,783.57,537.67,680.82,667.99
1630,OK,277,193,809,809,577.29,513.09,784.12,537.24,681.53,669.98
1631,OK,276,193,809,809,576.27,513.87,783.43,536.35,681.04,670.29
1632,OK,278,195,807,807,578.1,514.04,784.7,536.9,682.03,670.83
1633,OK,284,192,810,810,583.12,516.35,790.51,537.83,691.55,668.46
1634,OK,283,197,802,802,582.46,514.6,787.25,541.81,683.75,668.55
1635,OK,276,184,808,808,577.44,505.06,783.82,530.86,680.42,659.86
1636,OK,277,181,802,802,577.05,499.4,782.01,525.48,676.93,652.16
1637,OK,278,177,804,804,574.65,498.37,780.73,518.57,683.57,650.28
1638,OK,279,180,803,803,576.64,496.75,782.18,520.29,681.04,654.92
1639,OK,300,181,780,780,583.08,496.98,783.69,509.65,698.36,638.93
1640,OK,302,177,775,775,584.7,488.14,783.8,503.82,694.17,633.24
1641,OK,293,173,784,784,581.05,485.63,782.2,504.44,689.79,635.85
1642,OK,293,171,779,779,578.62,480.58,778.54,498.93,686.28,631.72
1643,OK,283,161,795,795,575.47,476.27,779.46,493.72,683.77,631.48
1644,OK,298,164,779,779,582.82,472.4,782.7,490.22,691.62,625.23
1645,OK,292,158,793,793,582.48,471.7,785.89,490.22,693.12,628.1
1646,OK,293,162,791,791,582.27,473.61,784.96,493.9,692.55,631.48
1647,OK,289,164,792,792,579.22,476.73,782.34,496.57,689.59,634.44
1648,OK,290,165,791,791,579.67,478.58,782.46,496.71,689.39,634.03
1649,OK,287,172,792,792,582.78,481.87,785.41,505.48,682.33,644.32
1650,OK,290,179,792,792,587.33,484.36,788.97,514.54,684.23,652.2
1651,OK,283,189,802,802,591.27,495.59,792.34,542.62,677.5,661.52
1652,OK,282,197,793,793,584.34,500.64,783.91,544.63,672.49,663.73
1653,OK,270,191,797,797,574.38,499.33,775.38,540.82,662.28,659.79
1654,OK,251,173,809,809,557.42,491.22,763.39,522.94,651.09,647.51
1655,OK,238,156,808,808,541.47,482.53,748.35,504.91,639.84,628.28
1656,OK,229,151,817,817,536.01,481.05,745.33,503.6,634.31,625.82
1657,OK,223,151,819,819,532.73,481.98,742.38,504.99,628.37,626.98
1658,OK,231,154,817,817,536.63,486.05,746.26,504.35,638.25,629.88
1659,OK,236,159,804,804,536.47,486.37,742.71,503.97,637.54,628.41
1660,OK,232,159,812,812,536.74,488.68,745.08,506.85,635.95,632.97
1661,OK,231,162,822,822,538.38,492.07,749.15,512.11,641.77,645.41
1662,OK,238,167,811,811,542.28,492.46,749.71,516.7,641.37,641.29
1663,OK,240,171,809,809,544.66,493.07,751.16,520.44,641.12,644.24
1664,OK,239,172,814,814,546.59,493.8,754.15,523.88,642.8,649.3
1665,OK,242,176,813,813,550.51,496.57,757.2,530.58,644.08,651.44
1666,OK,242,179,815,815,550.27,503.42,757.82,534.21,645.45,655.04
1667,OK,243,183,817,817,551.2,506.58,759.35,536.58,647.37,661.39
1668,OK,240,178,821,821,550.53,503.51,759.45,535.59,645.47,658.11
1669,OK,240,179,819,819,549.96,504.12,758.41,536.81,644.52,656.85
1670,OK,234,180,824,824,548.23,505.96,757.29,542.57,639.75,661.38
1671,OK,235,181,823,823,548.9,505.42,757.5,542.54,640.4,661.1
1672,OK,242,189,818,818,553.69,511.25,761.46,546.54,645.85,667.36
1673,OK,242,186,823,823,555.15,508.28,763.87,545.28,647.67,668.57
1674,OK,235,183,834,834,553.36,510.07,765.02,546.91,645.53,673.17
1675,OK,243,187,820,820,555.61,510.43,763.57,546.82,647.59,665.84
1676,OK,244,185,825,825,556.15,510.8,765.97,543.69,651.87,666.83
1677,OK,241,185,831,831,557.76,509.19,768.48,546.29,649.05,673.25
1678,OK,251,180,817,817,560.79,500.36,768.19,536.22,655.26,657.79
1679,OK,251,176,815,815,558.62,497.94,766.02,530.06,653.97,652.82
1680,OK,289,173,784,784,573.61,496.19,774.96,510.33,688.37,627.94
1681,OK,311,167,766,766,584.36,483.17,781.44,494.09,706.24,612.85
1682,OK,337,150,744,744,600.98,457.97,791.84,474.08,723.43,578.03
1683,OK,336,134,753,753,600.78,450.94,794.13,464.6,727.53,564.06
1684,OK,328,134,763,763,597.73,445.73,793.66,461.47,723.48,576.55
1685,OK,322,129,773,773,597.05,443.8,795.34,462.02,721.09,577.73
1686,OK,304,151,771,771,582.0,466.46,780.37,476.85,698.32,600.4
1687,OK,280,149,797,797,567.27,476.1,772.57,481.96,686.82,616.89
1688,OK,262,151,807,807,554.43,483.77,762.23,486.28,672.17,623.36
1689,OK,248,148,813,813,544.9,483.01,754.17,487.56,659.21,622.78
1690,OK,214,143,823,823,521.5,481.5,733.29,491.36,623.62,623.19
1691,OK,197,140,816,816,509.97,474.73,719.39,492.46,596.54,612.86
1692,OK,204,136,818,818,515.85,470.78,725.28,493.48,606.02,608.76
1693,OK,217,142,805,805,521.71,469.68,727.95,490.64,614.05,608.07
1694,OK,218,143,813,813,523.27,477.36,732.24,490.25,621.76,615.28
1695,OK,221,149,811,811,524.03,482.41,732.6,495.56,623.74,620.91
1696,OK,222,161,810,810,527.25,490.2,734.98,509.43,623.3,634.0
1697,OK,225,164,809,809,531.1,491.16,738.2,512.85,625.34,634.01
1698,OK,234,165,806,806,536.11,492.31,742.94,510.76,635.02,635.33
1699,OK,235,166,805,805,537.01,492.9,743.46,512.32,635.08,635.14
1700,OK,237,167,803,803,537.52,491.91,743.31,511.21,635.61,635.43
1701,OK,233,169,808,808,536.1,494.14,743.32,512.93,635.61,643.47
1702,OK,234,171,806,806,537.43,494.69,744.0,515.93,634.99,644.39
1703,OK,236,169,811,811,541.01,492.91,748.27,517.83,638.05,643.0
1704,OK,240,172,806,806,543.13,494.17,749.61,516.43,640.88,645.28
1705,OK,236,173,810,810,543.18,495.13,749.92,522.49,637.14,648.74
1706,OK,237,173,811,811,543.23,494.76,750.24,521.72,637.32,648.26
1707,OK,241,175,807,807,544.07,497.63,750.56,521.4,641.51,647.95
1708,OK,236,171,815,815,541.85,495.73,750.4,520.06,639.9,649.19
1709,OK,240,174,808,808,544.55,495.1,751.01,521.36,641.83,648.74
1710,OK,238,174,808,808,543.02,496.1,749.59,521.99,639.42,647.54
1711,OK,238,175,811,811,545.52,495.14,751.9,527.28,637.4,650.11
1712,OK,236,174,815,815,545.17,496.22,752.76,527.2,638.14,651.45
1713,OK,239,179,813,813,548.27,498.6,754.63,533.63,639.6,655.11
1714,OK,239,178,812,812,547.27,500.15,754.01,531.06,640.98,653.32
1715,OK,243,182,806,806,548.21,502.34,753.59,533.03,641.11,654.12
1716,OK,244,181,808,808,550.6,501.87,756.43,533.2,643.46,653.19
1717,OK,242,181,817,817,551.46,505.72,759.39,537.98,645.59,658.01
1718,OK,243,182,812,812,551.47,504.72,758.24,536.16,645.13,657.06
1719,OK,250,193,801,801,553.44,510.22,757.76,539.6,646.11,661.1
1720,OK,252,194,798,798,553.86,512.11,757.28,541.48,648.34,659.78
1721,OK,254,206,794,794,555.35,518.37,757.25,551.26,645.75,671.94
1722,OK,252,204,801,801,555.91,520.77,759.82,551.81,648.02,672.57
1723,OK,253,200,819,819,559.01,527.39,768.32,553.49,661.24,679.26
1724,OK,243,189,832,832,556.5,523.08,768.95,551.85,656.8,674.05
1725,OK,234,190,849,849,558.09,519.85,773.35,558.1,651.33,689.76
1726,OK,241,196,843,843,560.68,525.17,775.33,557.64,657.6,693.89
1727,OK,238,193,855,855,559.84,528.66,778.42,556.14,662.05,697.98
1728,OK,248,194,841,841,563.06,525.78,777.93,552.48,666.75,689.0
1729,OK,245,187,849,849,562.55,522.76,779.65,548.02,668.33,686.93
1730,OK,258,194,829,829,568.34,522.33,779.78,551.52,671.16,680.24
1731,OK,259,191,828,828,569.92,518.76,781.23,547.07,672.04,677.59
1732,OK,269,193,811,811,572.38,514.94,779.46,541.67,673.89,669.25
1733,OK,276,194,805,805,573.95,517.83,780.07,540.0,679.19,664.89
1734,OK,277,195,807,807,576.01,515.86,782.49,539.15,681.4,668.66
1735,OK,278,195,810,810,578.4,517.62,785.8,538.99,685.72,671.94
1736,OK,286,200,797,797,579.36,518.31,783.69,539.09,686.66,668.69
1737,OK,283,199,801,801,578.41,518.0,783.56,540.0,685.83,670.59
1738,OK,279,198,806,806,578.34,517.3,784.45,542.43,683.21,673.21
1739,OK,276,196,814,814,578.88,518.72,787.15,543.51,684.42,675.91
1740,OK,269,200,820,820,577.94,517.51,786.51,550.47,676.11,686.2
1741,OK,267,198,826,826,576.91,519.9,787.52,550.46,678.82,687.4
1742,OK,239,197,861,861,566.31,532.62,785.62,564.61,663.44,706.97
1743,OK,218,210,858,858,550.99,539.92,768.31,580.15,634.81,719.19
1744,OK,204,226,857,857,542.51,552.04,758.26,598.21,614.93,733.03
1745,OK,209,232,854,854,544.13,559.04,760.15,600.01,621.14,740.23
1746,OK,209,231,863,863,546.29,561.67,764.96,600.94,626.36,744.2
1747,OK,212,227,864,864,548.14,560.58,767.61,597.14,631.26,740.56
1748,OK,215,215,862,862,548.37,550.62,768.0,582.8,633.98,726.06
1749,OK,207,193,884,884,549.44,532.54,774.34,567.69,637.63,719.96
1750,OK,221,186,871,871,554.32,523.57,776.91,552.34,647.2,704.29
1751,OK,235,184,853,853,560.97,514.52,778.63,544.93,652.23,691.65
1752,OK,242,183,842,842,565.57,506.48,779.62,541.05,655.24,684.38
1753,OK,242,176,832,832,561.13,498.56,773.4,528.32,649.84,670.59
1754,OK,245,165,819,819,555.95,485.85,765.55,508.72,649.11,652.42
1755,OK,253,152,805,805,554.63,474.54,761.25,491.4,652.75,625.95
1756,OK,259,147,785,785,554.46,465.87,755.89,484.61,647.94,602.78
1757,OK,245,129,799,799,545.01,460.98,750.19,476.61,640.45,588.61
1758,OK,235,133,802,802,537.72,466.1,743.88,480.89,631.9,595.2
1759,OK,229,136,809,809,533.38,472.08,741.48,484.32,629.54,602.57
1760,OK,235,145,801,801,536.55,475.47,742.47,487.42,631.77,608.98
1761,OK,234,144,807,807,536.01,478.13,743.56,486.68,635.52,612.37
1762,OK,236,154,795,795,535.64,481.19,740.07,493.95,629.77,615.19
1763,OK,235,154,797,797,536.72,482.46,741.46,497.57,628.89,615.17
1764,OK,246,161,794,794,544.77,483.94,748.43,501.61,639.98,623.74
1765,OK,251,166,788,788,546.82,487.62,749.21,504.33,642.33,624.35
1766,OK,251,162,795,795,547.26,488.01,751.39,502.74,647.24,623.82
1767,OK,250,162,797,797,546.96,488.36,751.78,502.58,647.5,624.91
1768,OK,241,158,812,812,545.78,486.64,754.04,504.38,645.71,633.48
1769,OK,244,164,806,806,546.12,490.09,752.97,508.43,645.36,636.49
1770,OK,247,169,804,804,549.16,492.4,755.18,514.25,646.43,640.21
1771,OK,244,170,808,808,548.92,492.62,755.64,517.53,643.87,643.75
1772,OK,243,175,808,808,549.04,496.75,755.66,522.46,642.28,649.87
1773,OK,246,178,808,808,552.46,500.75,758.92,527.49,645.25,650.79
1774,OK,250,185,804,804,555.68,504.01,760.81,532.78,647.14,656.33
1775,OK,246,182,815,815,555.34,504.68,763.04,535.0,647.72,659.99
1776,OK,253,189,806,806,557.67,511.65,763.28,539.85,652.43,659.96
1777,OK,252,192,803,803,556.4,511.73,760.92,542.37,648.32,659.25
1778,OK,250,197,802,802,555.14,516.05,759.79,543.61,646.44,667.18
1779,OK,247,193,811,811,555.39,515.61,762.06,546.26,646.06,666.19
1780,OK,245,196,815,815,555.91,516.66,763.4,547.78,645.75,674.76
1781,OK,241,193,820,820,554.65,516.21,763.39,547.87,643.38,674.44
1782,OK,245,200,812,812,555.16,519.85,762.21,548.76,644.11,678.27
1783,OK,244,195,819,819,555.47,518.08,764.42,546.54,646.36,677.64
1784,OK,247,198,817,817,557.63,518.09,765.98,548.35,648.62,679.05
1785,OK,248,196,815,815,557.1,517.61,764.87,548.29,649.32,674.84
1786,OK,248,197,817,817,558.16,518.38,766.47,547.76,650.96,678.1
1787,OK,248,198,817,817,558.76,518.23,766.91,548.38,650.32,680.18
1788,OK,251,201,810,810,559.57,519.15,766.09,548.9,650.66,679.93
1789,OK,250,202,811,811,558.38,520.37,765.18,549.91,649.48,680.39
1790,OK,246,199,818,818,558.17,519.17,766.7,549.86,648.69,682.38
1791,OK,248,199,812,812,557.73,519.18,764.63,548.84,648.36,677.81
1792,OK,249,199,812,812,558.36,518.58,765.42,548.56,649.39,677.38
1793,OK,248,199,813,813,557.65,517.76,764.79,547.95,648.49,677.81
1794,OK,249,196,814,814,559.31,516.56,766.68,547.11,649.25,675.97
1795,OK,248,199,813,813,558.57,517.59,765.72,547.33,647.43,678.15
1796,OK,253,199,805,805,559.31,516.34,764.48,545.94,648.96,671.04
1797,OK,264,200,796,796,565.38,516.15,768.03,546.81,658.51,665.6
1798,OK,260,194,802,802,563.87,512.84,768.18,543.88,656.25,661.95
1799,OK,259,186,805,805,564.29,504.98,769.26,535.41,656.62,656.36
