k,status,x,y,w,h,rx,ry,lx,ly,nx,ny
0,FAILED,,,,,,,,,,
1,OK,121,-59,994,994,513.59,394.47,699.33,387.44,629.58,485.51
2,OK,118,-61,997,997,512.71,394.62,698.98,388.08,627.95,484.32
3,OK,123,-54,987,987,512.73,396.25,697.16,387.92,627.91,486.4
4,OK,127,-49,978,978,512.83,398.07,695.38,387.62,629.3,487.76
5,OK,132,-44,971,971,513.31,399.31,694.44,387.28,630.37,488.96
6,OK,128,-48,976,976,512.3,399.42,694.39,387.41,630.12,488.26
7,OK,131,-44,971,971,512.27,400.41,693.48,387.07,629.92,489.78
8,OK,127,-51,981,981,513.61,398.16,696.78,387.91,630.62,485.75
9,OK,123,-55,987,987,511.67,397.52,696.08,388.43,628.39,483.89
10,OK,120,-59,993,993,510.79,398.32,696.05,386.26,628.88,482.7
11,OK,117,-64,996,996,509.36,397.31,695.25,384.76,628.51,478.83
12,OK,121,-58,989,989,510.32,396.97,694.97,386.91,628.21,480.85
13,OK,124,-57,984,984,511.31,396.84,695.1,386.29,630.45,478.91
14,OK,123,-55,984,984,510.15,397.93,693.94,386.98,627.99,481.81
15,OK,124,-55,984,984,511.2,397.66,694.95,387.24,630.15,483.52
16,OK,123,-52,982,982,509.46,398.38,692.82,386.87,627.89,485.61
17,OK,122,-53,985,985,509.41,399.03,693.21,386.8,628.02,486.34
18,OK,124,-53,984,984,511.12,398.76,694.74,386.89,629.4,486.88
19,OK,124,-53,984,984,511.24,399.45,694.88,386.35,629.52,486.88
20,OK,128,-48,977,977,511.55,400.19,693.66,386.36,629.95,487.69
21,OK,124,-52,982,982,510.86,399.75,694.05,386.59,628.73,486.44
22,OK,127,-50,978,978,511.28,400.11,693.69,385.41,629.88,487.08
23,OK,127,-48,976,976,511.81,399.54,693.83,386.63,628.88,487.47
24,OK,125,-51,981,981,511.07,399.53,694.06,385.72,629.01,487.36
25,OK,126,-49,979,979,510.93,399.09,693.57,386.85,628.09,487.69
26,OK,124,-52,985,985,510.99,399.54,694.82,386.66,629.65,487.01
27,OK,123,-52,985,985,510.68,399.82,694.39,386.1,628.92,487.21
28,OK,124,-52,984,984,511.03,400.58,694.59,386.25,630.72,487.14
29,OK,124,-50,982,982,510.71,400.97,693.8,386.23,629.22,488.49
30,OK,126,-50,981,981,511.07,401.1,693.96,386.27,630.71,487.38
31,OK,124,-51,983,983,510.1,401.16,693.44,386.32,629.96,487.48
32,OK,120,-55,986,986,509.6,403.29,693.49,388.29,625.73,480.84
33,OK,121,-55,986,986,509.14,401.56,692.92,385.74,627.86,482.4
34,OK,127,-48,975,975,509.41,401.4,690.93,383.83,628.25,486.78
35,OK,126,-51,978,978,511.33,399.53,693.66,384.22,628.63,486.04
36,OK,120,-56,988,988,510.73,399.42,694.95,384.49,627.03,485.0
37,OK,125,-55,986,986,513.65,398.48,697.5,384.82,631.27,486.22
38,OK,131,-50,978,978,516.0,398.86,698.22,383.15,634.8,488.55
39,OK,131,-50,979,979,516.01,399.27,698.35,383.2,634.27,488.3
40,OK,125,-55,989,989,513.48,399.74,697.96,385.3,632.7,486.99
41,OK,121,-57,994,994,512.52,399.85,697.89,385.84,631.64,487.25
42,OK,126,-50,983,983,512.18,401.77,695.36,385.31,630.68,489.46
43,OK,124,-51,985,985,511.56,402.14,695.07,384.96,630.03,488.62
44,OK,120,-54,991,991,510.53,402.23,695.19,386.63,627.93,488.36
45,OK,120,-57,993,993,511.43,400.08,696.64,385.51,628.35,485.59
46,OK,127,-51,983,983,513.3,399.67,696.6,385.79,631.98,487.46
47,OK,125,-55,989,989,513.93,399.6,698.4,385.29,633.74,487.48
48,OK,123,-56,992,992,513.42,399.9,698.47,385.49,633.37,487.58
49,OK,121,-57,993,993,512.28,399.65,697.5,386.99,630.27,486.25
50,OK,120,-57,992,992,510.99,400.53,695.92,385.14,629.08,486.65
51,OK,122,-54,984,984,510.89,400.58,694.34,385.66,626.39,484.48
52,OK,119,-55,988,988,509.62,400.84,693.74,385.32,626.22,484.99
53,OK,122,-54,986,986,511.31,400.82,695.1,386.32,628.21,485.25
54,OK,122,-54,986,986,511.08,399.52,695.06,386.53,627.51,485.86
55,OK,123,-53,985,985,511.94,399.46,695.64,386.91,627.02,486.34
56,OK,123,-53,985,985,511.46,400.94,695.08,386.05,628.62,484.75
57,OK,117,-60,995,995,509.73,400.27,695.21,385.76,626.23,481.86
58,OK,113,-65,1002,1002,509.12,399.73,695.85,384.84,627.25,480.13
59,OK,113,-65,1003,1003,509.01,399.89,695.95,384.9,626.35,479.89
60,OK,115,-64,1001,1001,509.29,400.84,695.77,384.39,628.55,481.05
61,OK,128,-51,979,979,512.56,399.48,695.0,384.58,630.84,485.29
62,OK,123,-55,984,984,510.8,398.96,694.09,382.46,629.04,484.91
63,OK,122,-57,989,989,511.29,397.96,695.59,383.21,630.45,484.37
64,OK,128,-53,981,981,513.39,397.38,696.29,383.62,631.35,485.38
65,OK,129,-55,982,982,514.76,395.32,698.04,382.29,633.7,484.53
66,OK,128,-55,982,982,513.68,394.86,696.9,381.63,632.73,484.25
67,OK,128,-57,984,984,515.44,393.82,699.17,382.03,633.43,483.53
68,OK,128,-56,985,985,515.56,394.2,699.33,382.45,633.96,484.06
69,OK,129,-57,985,985,515.5,393.97,699.29,382.02,634.89,482.76
70,OK,127,-58,988,988,515.81,394.06,700.19,382.84,635.44,483.86
71,OK,130,-55,982,982,516.57,394.07,699.8,382.5,635.77,483.77
72,OK,127,-58,986,986,515.15,393.86,699.2,382.04,634.18,483.74
73,OK,129,-57,983,983,515.6,392.02,699.07,381.4,634.01,481.81
74,OK,131,-54,978,978,515.28,393.55,697.84,381.01,633.47,484.15
75,OK,126,-60,986,986,512.95,392.64,696.78,378.59,633.35,480.61
76,OK,123,-56,984,984,510.47,395.74,694.03,381.49,629.53,483.92
77,OK,123,-54,980,980,508.25,396.36,690.78,379.81,627.84,484.47
78,OK,117,-60,990,990,506.58,395.95,691.01,379.78,626.32,482.39
79,OK,118,-59,988,988,506.43,396.22,690.49,379.11,626.11,482.58
80,OK,119,-58,984,984,506.27,396.15,689.57,378.83,624.65,482.0
81,OK,120,-54,980,980,505.09,397.5,687.57,379.68,623.74,484.43
82,OK,122,-52,976,976,505.07,396.57,686.86,380.27,624.15,484.03
83,OK,124,-49,973,973,505.54,397.04,686.9,381.42,624.32,485.03
84,OK,123,-54,977,977,506.01,395.92,687.8,378.16,626.31,482.29
85,OK,125,-53,975,975,506.87,396.69,688.29,377.39,627.43,482.93
86,OK,120,-59,982,982,506.17,395.47,688.92,376.29,624.92,479.94
87,OK,117,-59,984,984,504.93,395.5,688.04,376.28,623.32,480.28
88,OK,118,-61,986,986,505.55,395.48,688.8,375.15,625.89,480.32
89,OK,121,-59,983,983,506.66,394.92,689.44,375.83,627.87,480.15
90,OK,128,-53,974,974,510.02,395.07,691.44,378.4,630.0,483.26
91,OK,122,-65,988,988,510.18,391.23,694.27,375.87,631.01,476.38
92,OK,134,-59,984,984,519.4,392.26,702.75,377.37,641.28,482.44
93,OK,136,-61,987,987,523.07,391.27,707.12,378.11,643.28,479.48
94,OK,138,-57,980,980,522.97,393.13,705.62,378.62,641.92,481.8
95,OK,134,-63,989,989,521.81,391.24,706.15,377.17,642.38,479.37
96,OK,131,-63,990,990,520.26,391.41,704.98,378.72,640.33,480.49
97,OK,133,-63,988,988,520.65,388.89,705.07,376.69,641.84,479.32
98,OK,134,-59,981,981,518.73,390.51,701.74,376.31,639.21,479.89
99,OK,135,-56,977,977,518.79,390.46,701.16,378.68,636.05,481.03
100,OK,140,-52,975,975,521.78,392.96,703.9,382.22,641.88,484.18
101,OK,122,-67,1004,1004,519.21,395.39,706.83,389.34,636.87,478.43
102,OK,122,-68,1016,1016,522.79,399.21,712.64,392.66,643.61,484.44
103,OK,128,-62,1003,1003,523.02,396.94,710.46,389.52,642.05,485.11
104,OK,132,-58,997,997,524.49,397.44,710.75,389.88,643.64,486.69
105,OK,130,-59,996,996,523.26,396.88,709.38,389.23,641.38,485.62
106,OK,128,-61,1001,1001,521.85,398.31,708.84,389.08,642.16,484.65
107,OK,132,-55,993,993,521.97,400.81,707.36,389.6,642.88,487.33
108,OK,132,-51,989,989,520.25,403.26,704.84,390.44,639.68,489.47
109,OK,134,-50,987,987,522.7,401.7,707.13,392.26,640.26,489.85
110,OK,136,-46,985,985,523.69,403.69,707.66,394.43,640.71,493.91
111,OK,134,-46,986,986,523.38,404.07,707.6,395.36,640.31,494.75
112,OK,136,-45,984,984,523.46,404.26,707.35,395.13,640.86,495.26
113,OK,138,-42,980,980,523.7,404.4,706.85,395.48,640.81,496.25
114,OK,143,-36,973,973,524.75,406.43,706.35,396.11,642.83,499.3
115,OK,135,-46,985,985,522.75,403.9,706.69,394.31,639.89,493.32
116,OK,136,-46,985,985,523.62,403.62,707.69,394.27,641.5,494.61
117,OK,138,-44,981,981,523.76,403.06,706.97,393.91,641.28,494.39
118,OK,133,-51,990,990,522.95,402.56,707.91,393.43,641.19,491.92
119,OK,136,-46,983,983,522.58,402.7,706.2,392.19,641.59,493.2
120,OK,138,-45,981,981,523.78,402.88,707.0,392.92,642.34,493.62
121,OK,137,-45,983,983,523.82,403.58,707.35,394.46,641.32,494.78
122,OK,137,-44,982,982,523.99,403.74,707.48,394.96,641.1,495.14
123,OK,139,-43,981,981,525.43,404.29,708.68,395.8,641.86,494.96
124,OK,138,-45,984,984,525.83,404.61,709.57,395.84,643.5,495.02
125,OK,139,-46,984,984,526.15,404.12,710.05,395.69,644.64,494.08
126,OK,135,-50,988,988,525.24,401.91,709.85,394.43,642.45,491.77
127,OK,136,-48,984,984,523.94,402.76,707.67,393.49,641.15,491.29
128,OK,140,-48,982,982,526.45,401.76,709.91,392.4,644.42,490.12
129,OK,136,-51,992,992,525.52,403.27,710.81,393.25,646.08,492.2
130,OK,144,-45,981,981,528.99,403.06,712.22,393.83,649.05,491.63
131,OK,141,-49,986,986,528.79,403.26,712.88,393.84,648.69,491.08
132,OK,140,-49,988,988,527.93,405.29,712.45,394.77,649.06,491.07
133,OK,144,-45,981,981,528.23,405.11,711.26,393.34,648.92,491.89
134,OK,145,-44,979,979,527.93,404.84,710.61,392.98,648.83,492.46
135,OK,143,-45,980,980,527.37,404.32,710.29,393.04,647.22,491.59
136,OK,136,-51,993,993,525.61,404.67,710.94,392.52,646.74,492.23
137,OK,137,-50,990,990,525.92,404.19,710.71,393.07,646.25,492.88
138,OK,140,-49,986,986,527.59,403.42,711.7,393.69,647.83,491.22
139,OK,137,-50,992,992,526.41,404.88,711.6,393.99,647.14,492.76
140,OK,143,-47,983,983,528.68,403.84,712.12,392.88,649.06,491.47
141,OK,141,-49,989,989,527.79,404.83,712.47,394.28,650.24,491.07
142,OK,141,-48,986,986,528.15,404.75,712.31,393.51,649.68,491.46
143,OK,144,-47,982,982,528.02,405.0,711.3,392.35,650.99,489.7
144,OK,141,-49,986,986,527.62,403.86,711.72,393.35,648.43,490.76
145,OK,143,-47,985,985,528.68,404.65,712.53,393.09,649.92,491.21
146,OK,136,-53,995,995,525.83,404.22,711.58,393.53,649.17,489.32
147,OK,143,-45,982,982,528.51,404.98,711.82,394.77,648.38,493.07
148,OK,142,-44,983,983,527.76,405.12,711.38,395.39,647.68,495.11
149,OK,143,-45,980,980,528.35,403.46,711.45,394.82,647.98,492.07
150,OK,142,-46,983,983,527.2,404.02,710.86,393.95,647.39,491.73
151,OK,139,-46,987,987,526.32,405.59,710.69,394.86,646.46,494.37
152,OK,138,-48,990,990,525.94,406.81,710.8,395.2,648.69,493.91
153,OK,141,-48,989,989,527.26,406.63,711.88,394.87,651.24,492.01
154,OK,138,-48,987,987,525.69,404.79,709.96,395.28,645.28,490.73
155,OK,142,-44,983,983,527.03,406.5,710.55,396.05,648.21,492.82
156,OK,145,-43,980,980,528.48,406.65,711.58,396.75,650.29,493.06
157,OK,140,-49,989,989,526.4,405.07,711.12,394.59,649.49,490.82
158,OK,139,-45,987,987,525.91,406.93,710.14,394.98,646.87,495.15
159,OK,139,-50,989,989,526.61,404.18,711.18,393.21,648.4,490.86
160,OK,145,-46,979,979,527.14,406.54,709.92,395.11,650.36,486.75
161,OK,141,-49,983,983,526.17,400.93,709.77,389.68,647.19,489.72
162,OK,148,-42,969,969,527.53,399.92,708.28,387.91,647.85,491.71
163,OK,147,-48,977,977,529.13,398.96,711.34,386.02,649.98,489.46
164,OK,153,-42,973,973,533.38,399.48,714.99,388.99,654.65,494.96
165,OK,159,-37,965,965,536.54,400.63,716.63,388.51,657.06,496.47
166,OK,160,-40,964,964,538.76,397.42,718.85,389.71,655.9,491.83
167,OK,156,-46,972,972,537.27,396.49,718.95,388.35,656.19,489.02
168,OK,152,-50,977,977,535.42,395.0,718.01,385.84,654.43,486.66
169,OK,149,-52,982,982,534.45,396.66,717.81,385.56,655.85,487.08
170,OK,150,-49,979,979,533.91,396.73,716.64,385.56,654.26,489.03
171,OK,152,-49,976,976,535.04,395.83,717.26,385.52,654.3,488.01
172,OK,148,-50,980,980,533.31,396.36,716.43,387.53,652.32,489.06
173,OK,147,-54,981,981,532.37,393.63,715.61,385.79,651.06,484.23
174,OK,142,-58,989,989,530.58,394.04,715.28,384.98,650.6,484.35
175,OK,142,-59,989,989,530.34,393.32,715.16,384.54,650.75,482.01
176,OK,145,-56,985,985,530.86,393.95,714.94,385.25,651.21,483.92
177,OK,145,-56,984,984,531.97,393.53,715.79,385.77,650.78,484.25
178,OK,147,-54,983,983,532.59,393.99,716.22,386.27,651.91,484.59
179,OK,146,-54,983,983,532.09,394.0,715.74,386.6,650.38,483.9
180,OK,144,-57,986,986,532.56,393.26,716.77,386.7,650.94,482.93
181,OK,146,-57,984,984,532.86,393.51,716.58,384.35,652.32,482.53
182,OK,148,-55,983,983,533.23,394.99,716.9,385.48,654.04,483.69
183,OK,151,-54,977,977,533.16,393.07,715.58,382.46,653.86,481.99
184,OK,147,-59,985,985,532.12,392.27,715.95,380.97,654.51,480.51
185,OK,145,-61,986,986,531.84,391.42,715.82,379.36,653.46,478.88
186,OK,147,-59,984,984,532.65,393.74,716.41,382.31,654.72,479.47
187,OK,146,-62,985,985,532.26,388.85,716.2,378.25,653.09,478.07
188,OK,150,-58,979,979,533.66,388.36,716.46,377.79,654.46,479.3
189,OK,147,-59,981,981,531.96,388.93,715.05,376.95,652.24,479.29
190,OK,149,-58,978,978,533.1,388.35,715.76,378.85,652.34,479.03
191,OK,151,-57,976,976,533.11,388.94,715.39,378.35,653.96,480.1
192,OK,150,-56,975,975,532.05,388.14,714.13,378.7,651.72,479.23
193,OK,150,-54,979,979,532.84,394.68,715.7,385.48,655.65,480.32
194,OK,150,-50,978,978,533.61,397.78,716.37,389.58,654.42,485.79
195,OK,147,-53,982,982,532.24,396.59,715.78,388.48,652.46,485.35
196,OK,147,-52,981,981,531.79,397.26,714.96,386.98,651.91,484.34
197,OK,144,-58,986,986,531.01,394.04,715.09,383.36,651.16,482.38
198,OK,142,-59,988,988,530.24,393.57,714.71,384.43,649.81,482.56
199,OK,141,-59,987,987,529.81,392.08,714.13,382.62,647.93,482.45
200,OK,145,-57,980,980,529.89,391.31,712.82,380.37,648.68,481.52
201,OK,144,-57,981,981,530.0,391.17,713.14,380.54,648.08,481.71
202,OK,145,-57,981,981,529.83,391.21,713.04,380.11,648.75,481.92
203,OK,148,-53,976,976,530.93,392.21,713.09,379.97,650.05,484.08
204,OK,145,-55,978,978,530.15,391.67,712.73,380.57,648.56,482.51
205,OK,139,-58,996,996,530.49,399.84,716.56,392.79,650.69,483.7
206,OK,148,-48,976,976,531.43,398.63,713.78,390.34,650.07,487.12
207,OK,145,-53,983,983,531.53,396.48,715.12,388.25,649.76,485.26
208,OK,147,-52,981,981,531.96,396.88,715.18,387.76,650.63,484.92
209,OK,145,-52,982,982,532.03,396.62,715.52,388.71,649.05,485.95
210,OK,148,-49,978,978,532.7,397.37,715.34,388.36,650.6,487.18
211,OK,146,-50,980,980,532.27,397.3,715.36,388.28,649.79,487.38
212,OK,148,-51,979,979,532.19,395.44,715.18,387.22,650.65,486.02
213,OK,148,-50,977,977,532.85,394.73,715.54,388.25,649.74,485.48
214,OK,146,-49,979,979,531.68,395.34,714.68,388.7,648.5,488.25
215,OK,142,-56,988,988,531.19,394.3,715.9,388.95,648.85,485.58
216,OK,142,-53,985,985,530.01,395.56,714.11,388.73,646.92,486.61
217,OK,141,-55,986,986,530.0,394.38,714.29,388.06,646.76,485.2
218,OK,147,-48,975,975,530.95,395.78,713.1,387.74,646.6,487.7
219,OK,145,-52,980,980,530.91,394.44,713.96,386.83,648.78,486.51
220,OK,142,-55,982,982,528.68,392.08,712.14,384.3,646.14,484.03
221,OK,142,-55,980,980,527.98,391.19,711.11,383.04,644.48,484.64
222,OK,137,-59,986,986,526.95,389.84,711.23,383.96,642.21,482.81
223,OK,141,-53,978,978,527.29,391.13,710.03,383.61,643.17,485.33
224,OK,143,-51,976,976,527.54,393.13,709.85,384.41,645.06,486.7
225,OK,141,-54,983,983,527.14,393.45,710.63,383.26,646.3,487.06
226,OK,140,-55,983,983,527.59,391.23,711.3,383.97,644.45,485.54
227,OK,143,-51,980,980,528.12,395.32,711.03,385.01,646.47,487.92
228,OK,139,-54,985,985,526.05,393.96,710.06,383.83,644.62,488.62
229,OK,143,-52,983,983,528.47,395.89,712.16,387.44,647.71,487.44
230,OK,145,-49,975,975,527.24,393.53,709.36,383.37,645.88,488.27
231,OK,149,-46,971,971,529.85,393.85,711.22,384.41,648.68,489.07
232,OK,146,-49,979,979,529.7,394.85,712.54,383.92,650.54,492.08
233,OK,144,-53,984,984,529.12,394.6,712.86,382.71,651.19,491.29
234,OK,147,-51,978,978,530.62,392.32,713.25,382.78,650.15,488.6
235,OK,146,-52,980,980,530.82,393.39,713.76,383.3,651.05,489.65
236,OK,146,-47,979,979,530.82,398.27,713.93,392.92,648.16,490.14
237,OK,143,-50,982,982,530.45,394.63,714.1,389.47,647.53,490.05
238,OK,143,-50,981,981,528.61,395.14,711.8,386.61,646.95,490.16
239,OK,140,-53,984,984,528.02,393.88,711.81,386.08,644.97,488.19
240,OK,143,-50,980,980,529.16,394.5,712.25,387.12,646.04,489.7
241,OK,144,-48,977,977,528.75,394.42,711.39,386.9,644.94,490.03
242,OK,140,-52,982,982,527.6,394.38,711.09,386.94,643.65,488.98
243,OK,141,-51,983,983,528.17,394.62,711.87,387.25,644.56,489.2
244,OK,139,-52,985,985,527.23,394.91,711.31,386.89,644.43,489.69
245,OK,141,-50,981,981,527.36,394.95,710.62,386.19,644.33,489.69
246,OK,141,-51,982,982,528.15,394.61,711.61,386.8,645.17,489.37
247,OK,141,-50,980,980,527.62,395.57,710.73,386.92,644.75,490.26
248,OK,140,-50,983,983,527.18,395.89,710.8,387.97,643.92,490.98
249,OK,141,-51,983,983,527.61,395.24,711.23,386.51,644.86,489.57
250,OK,137,-57,991,991,526.63,394.99,711.66,385.52,645.98,487.47
251,OK,137,-57,991,991,526.42,395.49,711.51,385.57,645.61,487.04
252,OK,138,-55,988,988,526.57,396.6,711.14,386.95,646.26,487.89
253,OK,138,-57,990,990,526.54,395.87,711.32,384.97,647.38,486.15
254,OK,137,-58,991,991,525.93,394.54,711.01,384.5,645.59,485.52
255,OK,138,-57,988,988,526.55,394.86,710.94,384.27,646.34,485.46
256,OK,136,-57,989,989,525.8,394.01,710.68,385.9,643.05,485.13
257,OK,135,-59,990,990,525.41,393.96,710.42,385.28,642.74,483.89
258,OK,136,-57,988,988,525.32,393.88,709.89,385.09,643.33,485.58
259,OK,136,-62,992,992,527.34,391.17,712.61,382.99,645.2,481.52
260,OK,137,-62,992,992,527.36,392.37,712.61,382.0,646.71,482.66
261,OK,139,-60,990,990,527.77,392.53,712.75,383.26,647.85,483.7
262,OK,142,-56,985,985,528.79,393.66,712.79,384.86,647.77,483.78
263,OK,142,-55,983,983,528.12,394.32,711.75,384.21,646.95,484.72
264,OK,142,-57,985,985,528.72,393.96,712.74,384.35,648.48,482.24
265,OK,137,-63,994,994,528.18,392.83,713.83,383.76,647.6,480.49
266,OK,137,-63,994,994,528.2,392.22,713.96,384.99,646.94,481.31
267,OK,141,-54,982,982,527.78,393.9,711.28,384.23,646.42,485.01
268,OK,141,-57,986,986,529.28,393.44,713.44,384.7,646.87,483.14
269,OK,143,-54,984,984,530.4,395.21,714.33,387.3,648.53,486.73
270,OK,144,-53,983,983,530.62,394.98,714.33,386.06,648.38,485.73
271,OK,145,-51,981,981,530.95,395.16,714.35,388.0,648.17,486.55
272,OK,145,-50,977,977,529.22,394.86,711.75,386.02,646.52,487.37
273,OK,141,-53,982,982,527.39,394.99,710.77,384.99,645.75,487.61
274,OK,142,-53,983,983,528.52,393.72,712.12,385.19,646.2,486.82
275,OK,144,-52,981,981,530.22,395.24,713.41,386.35,648.08,486.77
276,OK,143,-52,982,982,529.76,396.63,713.25,387.35,647.87,487.98
277,OK,139,-54,985,985,527.59,394.4,711.52,385.76,643.89,486.0
278,OK,139,-56,986,986,527.12,394.54,711.34,385.16,645.01,485.59
279,OK,140,-55,985,985,527.27,394.0,711.11,383.58,646.63,485.99
280,OK,138,-57,989,989,527.36,394.93,712.1,385.94,644.88,485.45
281,OK,142,-56,986,986,529.64,395.42,713.8,386.96,648.56,484.62
282,OK,144,-55,981,981,528.05,393.87,711.24,382.67,649.6,483.12
283,OK,143,-56,983,983,527.51,394.05,710.92,382.53,649.29,483.62
284,OK,145,-51,975,975,527.11,394.04,709.03,381.38,647.07,484.78
285,OK,143,-52,979,979,526.91,395.34,709.55,382.73,647.67,485.62
286,OK,145,-56,981,981,527.8,397.44,711.1,388.12,651.96,475.77
287,OK,131,-60,991,991,520.46,393.73,705.6,385.91,640.49,482.05
288,OK,130,-56,986,986,517.12,394.56,701.28,384.68,638.68,486.03
289,OK,128,-53,981,981,513.72,394.8,696.98,385.84,630.69,485.52
290,OK,129,-55,986,986,516.17,395.54,700.34,385.89,636.52,486.36
291,OK,129,-56,989,989,516.29,396.24,700.94,385.49,638.03,486.6
292,OK,127,-62,996,996,519.04,393.77,705.15,385.98,639.14,483.24
293,OK,127,-61,996,996,519.15,394.44,705.22,386.36,638.88,484.4
294,OK,138,-55,984,984,524.33,393.64,708.14,384.89,643.86,485.51
295,OK,142,-51,980,980,526.35,396.01,709.27,383.83,646.89,488.31
296,OK,150,-43,971,971,531.5,398.82,712.76,386.79,648.22,491.83
297,OK,158,-39,969,969,537.87,400.86,718.82,390.07,657.17,495.87
298,OK,154,-46,979,979,537.47,400.56,720.1,387.88,658.08,492.12
299,OK,151,-48,989,989,538.86,403.89,723.61,393.39,660.19,494.62
300,OK,153,-44,983,983,538.02,404.2,721.66,394.56,659.42,496.51
301,OK,153,-41,977,977,535.25,404.35,717.56,392.23,656.1,496.39
302,OK,140,-50,992,992,529.33,404.54,714.36,391.28,650.59,495.45
303,OK,139,-53,992,992,529.82,402.31,714.95,391.35,649.28,490.79
304,OK,140,-52,989,989,528.58,402.19,713.24,390.9,648.26,488.98
305,OK,135,-55,993,993,525.46,401.31,710.86,389.11,644.83,487.54
306,OK,131,-60,999,999,524.1,399.35,710.75,389.74,643.53,483.93
307,OK,131,-59,996,996,523.16,398.49,709.27,389.6,642.04,484.14
308,OK,127,-64,1003,1003,522.54,396.27,709.93,389.58,641.04,481.63
309,OK,127,-63,1001,1001,521.77,396.53,708.9,389.07,639.71,481.82
310,OK,127,-63,1002,1002,522.13,397.77,709.33,389.52,640.65,483.78
311,OK,132,-59,995,995,523.96,397.17,709.84,388.14,641.32,483.94
312,OK,138,-53,984,984,525.48,397.87,709.21,388.29,642.92,485.51
313,OK,140,-50,981,981,525.8,399.93,708.88,388.04,644.19,487.74
314,OK,141,-50,981,981,526.84,399.27,710.04,387.71,645.53,488.5
315,OK,144,-50,979,979,528.43,398.23,711.21,387.57,646.66,487.06
316,OK,142,-52,981,981,527.55,396.61,710.74,387.89,645.0,485.58
317,OK,142,-52,981,981,527.42,396.27,710.55,386.44,645.1,486.18
318,OK,144,-50,975,975,527.14,395.23,709.24,384.48,644.97,484.54
319,OK,143,-53,979,979,528.36,394.62,711.23,383.9,645.69,484.06
320,OK,139,-57,985,985,526.69,393.81,710.52,382.33,644.62,483.59
321,OK,141,-56,980,980,527.54,392.25,710.6,382.35,644.6,482.57
322,OK,140,-55,983,983,526.59,394.03,710.14,382.81,644.47,483.71
323,OK,144,-53,977,977,527.63,393.91,709.98,382.7,645.34,482.73
324,OK,144,-52,976,976,527.54,394.84,709.72,384.49,645.71,484.16
325,OK,142,-51,977,977,526.01,395.93,708.23,383.33,644.33,485.53
326,OK,141,-52,979,979,525.7,394.82,708.54,384.37,643.07,485.55
327,OK,142,-50,976,976,526.14,395.72,708.27,384.88,643.35,486.09
328,OK,145,-49,972,972,527.42,394.89,708.81,384.14,644.42,485.24
329,OK,146,-48,973,973,527.84,396.34,709.5,384.29,646.67,487.15
330,OK,142,-51,978,978,527.37,395.88,709.97,385.9,645.14,487.08
331,OK,142,-50,979,979,527.05,396.52,709.8,386.53,644.54,486.8
332,OK,146,-47,970,970,527.66,395.82,708.78,385.71,645.0,486.54
333,OK,143,-50,977,977,527.01,395.92,709.32,384.78,644.15,486.05
334,OK,142,-50,975,975,526.45,394.76,708.62,385.08,642.31,484.57
335,OK,142,-50,976,976,526.63,395.62,708.82,385.36,643.15,485.97
336,OK,146,-47,970,970,527.66,395.45,708.85,384.7,644.03,486.27
337,OK,144,-47,972,972,527.2,395.76,708.71,385.0,643.63,487.74
338,OK,145,-47,971,971,527.42,395.71,708.61,384.92,643.5,486.2
339,OK,142,-47,975,975,526.36,397.19,708.38,386.66,642.57,488.71
340,OK,144,-48,972,972,527.06,395.97,708.62,385.16,644.04,486.51
341,OK,141,-51,977,977,525.87,394.98,708.29,384.52,642.09,485.28
342,OK,142,-49,974,974,525.85,395.41,707.73,384.51,642.66,487.08
343,OK,141,-50,976,976,525.57,395.38,707.9,384.92,641.5,485.99
344,OK,139,-53,981,981,525.4,394.81,708.61,384.68,642.23,485.2
345,OK,139,-51,981,981,524.69,396.11,707.85,385.4,641.96,487.37
346,OK,140,-49,976,976,525.26,396.59,707.48,387.06,641.12,487.14
347,OK,136,-53,981,981,523.28,392.99,706.62,385.53,639.0,485.92
348,OK,137,-53,980,980,524.04,392.94,707.16,385.7,639.54,485.59
349,OK,139,-52,978,978,524.45,394.1,707.07,384.82,640.66,485.5
350,OK,138,-55,982,982,524.21,393.98,707.44,381.97,643.28,484.72
351,OK,136,-55,984,984,524.52,394.84,708.36,385.65,641.48,485.59
352,OK,139,-53,981,981,524.46,394.74,707.69,385.14,642.44,485.95
353,OK,138,-54,981,981,524.03,393.91,707.22,384.14,641.71,484.93
354,OK,140,-53,979,979,524.39,393.68,707.17,384.05,642.3,484.73
355,OK,138,-54,980,980,523.7,393.59,706.8,385.38,640.81,484.5
356,OK,135,-56,983,983,522.23,392.89,705.76,383.22,639.23,483.28
357,OK,136,-55,983,983,522.3,393.71,705.93,384.6,640.18,484.1
358,OK,136,-54,982,982,523.2,393.6,706.72,384.5,640.74,485.21
359,OK,138,-54,981,981,523.83,393.8,707.06,383.92,642.13,485.07
360,OK,130,-60,993,993,522.59,394.97,708.2,389.35,637.73,481.51
361,OK,131,-59,994,994,523.48,395.3,709.2,389.1,641.37,484.02
362,OK,135,-53,985,985,523.35,396.49,707.38,389.86,638.93,486.71
363,OK,137,-53,984,984,524.3,396.64,708.19,389.04,641.76,485.99
364,OK,139,-50,980,980,524.98,396.88,708.21,389.8,642.46,487.15
365,OK,138,-50,981,981,524.74,396.87,708.07,390.18,640.35,486.65
366,OK,132,-57,991,991,522.69,396.27,707.9,389.61,639.18,485.01
367,OK,137,-49,979,979,523.59,395.63,706.7,391.65,637.45,487.13
368,OK,131,-54,984,984,520.66,394.03,704.66,390.27,633.83,484.58
369,OK,126,-57,992,992,518.79,394.22,704.38,391.77,632.62,485.58
370,OK,131,-54,987,987,521.77,393.78,706.41,391.59,634.29,486.16
371,OK,130,-58,991,991,521.12,394.92,706.37,389.26,636.49,483.37
372,OK,130,-56,991,991,522.08,396.36,707.47,392.45,636.63,485.15
373,OK,135,-52,982,982,523.8,395.03,707.43,392.02,636.86,486.46
374,OK,133,-55,984,984,523.19,393.39,707.27,391.06,636.36,483.64
375,OK,129,-58,992,992,521.98,394.84,707.43,392.03,636.92,483.34
376,OK,124,-67,1004,1004,521.18,393.73,708.95,390.3,638.21,478.23
377,OK,131,-63,994,994,523.55,392.93,709.51,389.47,640.05,477.37
378,OK,128,-68,1002,1002,522.5,393.61,709.78,387.5,643.83,475.57
379,OK,141,-60,983,983,525.82,393.69,709.63,387.55,646.38,472.24
380,OK,141,-59,983,983,526.47,394.59,710.3,389.02,646.8,474.03
381,OK,142,-59,982,982,527.11,395.07,710.77,389.13,647.16,473.85
382,OK,141,-57,983,983,526.65,395.72,710.35,389.54,645.95,476.12
383,OK,140,-62,988,988,526.22,394.34,710.9,385.88,649.59,474.57
384,OK,142,-59,983,983,525.74,393.78,709.41,386.76,648.64,475.25
385,OK,137,-64,990,990,524.8,391.86,709.94,385.99,647.52,474.04
386,OK,135,-68,994,994,525.0,389.18,710.83,384.39,646.72,472.94
387,OK,136,-70,994,994,526.11,388.58,711.87,383.51,647.86,469.58
388,OK,135,-71,996,996,525.24,388.95,711.42,382.46,648.23,469.69
389,OK,128,-74,1004,1004,523.16,388.27,710.86,383.27,644.74,472.12
390,OK,128,-72,1003,1003,522.44,389.13,709.88,383.85,643.59,472.95
391,OK,138,-63,987,987,525.5,388.77,709.97,384.3,644.99,474.88
392,OK,136,-63,990,990,525.6,390.11,710.66,384.54,645.77,477.2
393,OK,141,-61,984,984,527.53,389.48,711.39,383.27,647.79,477.09
394,OK,135,-64,993,993,525.05,390.03,710.67,385.47,644.32,477.45
395,OK,136,-63,990,990,524.87,390.67,709.95,384.82,644.75,478.13
396,OK,138,-62,991,991,526.05,391.83,711.18,384.12,648.77,478.08
397,OK,141,-62,986,986,527.6,388.85,711.84,382.81,648.51,476.46
398,OK,142,-60,984,984,528.64,389.2,712.6,383.14,648.99,478.03
399,OK,145,-56,980,980,529.67,391.15,712.81,383.71,650.1,481.04
400,OK,151,-58,978,978,533.77,388.8,716.63,383.99,655.14,477.24
401,OK,147,-60,987,987,533.67,390.99,718.16,384.86,654.23,479.09
402,OK,153,-53,975,975,534.57,393.21,716.77,386.01,655.29,479.77
403,OK,152,-51,969,969,532.83,389.35,713.78,379.32,650.58,482.31
404,OK,151,-51,969,969,531.74,388.4,712.84,380.4,648.78,482.08
405,OK,145,-59,978,978,529.54,386.32,712.26,378.84,647.31,477.99
406,OK,142,-62,984,984,529.84,386.48,713.79,380.6,647.0,477.98
407,OK,140,-63,987,987,529.2,386.13,713.72,380.27,645.82,477.38
408,OK,141,-60,987,987,529.36,389.3,713.94,383.21,646.53,480.64
409,OK,141,-57,985,985,530.07,389.65,714.27,386.43,645.11,482.53
410,OK,141,-55,985,985,529.49,390.22,713.68,387.77,645.12,485.26
411,OK,148,-49,973,973,530.94,391.37,712.94,386.7,647.73,486.41
412,OK,149,-47,971,971,530.8,392.3,712.33,387.09,647.72,487.64
413,OK,141,-55,983,983,527.88,390.65,711.75,386.01,644.51,484.71
414,OK,139,-56,984,984,526.7,391.91,710.59,386.31,643.65,484.52
415,OK,142,-52,979,979,525.97,395.2,708.74,384.47,645.01,485.71
416,OK,141,-54,978,978,525.89,393.02,708.48,383.19,644.72,483.37
417,OK,142,-54,979,979,526.7,392.64,709.67,384.25,645.04,483.33
418,OK,142,-53,980,980,526.8,393.91,709.86,385.29,646.01,484.77
419,OK,141,-56,983,983,527.02,391.98,710.74,384.01,645.92,482.18
420,OK,140,-55,984,984,527.39,392.14,711.28,385.95,645.39,484.97
421,OK,138,-59,986,986,526.73,390.76,710.96,383.61,644.38,482.19
422,OK,143,-54,979,979,526.55,391.98,709.32,382.62,646.31,482.74
423,OK,140,-56,983,983,526.16,391.83,709.86,382.86,645.74,483.26
424,OK,139,-59,986,986,526.77,390.94,710.94,382.77,646.58,482.94
425,OK,138,-59,987,987,525.94,390.63,710.42,383.29,645.38,481.84
426,OK,136,-61,991,991,525.45,389.61,710.78,383.54,644.69,481.97
427,OK,137,-60,988,988,525.75,391.3,710.29,383.04,645.55,482.52
428,OK,139,-57,985,985,526.33,390.78,710.34,383.88,645.57,482.84
429,OK,140,-60,985,985,526.91,388.36,711.06,383.09,645.55,479.56
430,OK,138,-58,985,985,525.89,389.27,710.0,384.29,643.95,482.26
431,OK,139,-59,985,985,526.49,388.87,710.61,383.43,644.93,480.73
432,OK,140,-56,980,980,526.75,389.68,709.99,384.41,642.87,481.23
433,OK,138,-61,988,988,526.71,389.11,711.51,384.62,645.31,479.67
434,OK,137,-62,989,989,526.46,387.98,711.37,384.16,643.67,478.2
435,OK,137,-61,988,988,526.95,388.97,711.59,384.72,644.58,480.77
436,OK,133,-66,996,996,525.88,389.09,712.16,383.93,644.39,478.61
437,OK,136,-63,991,991,526.46,388.56,711.69,384.12,644.07,479.09
438,OK,135,-61,991,991,525.2,390.32,710.48,383.95,643.3,481.18
439,OK,137,-59,986,986,525.66,390.78,709.87,384.14,643.62,481.95
440,OK,135,-62,994,994,527.71,390.2,713.58,386.86,645.04,482.06
441,OK,141,-58,986,986,530.22,390.77,714.65,386.44,647.23,482.21
442,OK,147,-58,981,981,532.49,390.15,715.8,382.85,651.5,479.32
443,OK,154,-59,979,979,537.42,386.64,720.52,382.15,658.07,477.42
444,OK,153,-65,985,985,538.95,383.91,723.2,381.42,659.49,473.25
445,OK,155,-68,985,985,540.53,383.9,724.61,378.59,662.1,467.5
446,OK,171,-59,961,961,546.25,380.01,725.96,377.63,666.92,464.61
447,OK,169,-62,968,968,547.58,379.12,728.66,379.52,668.51,464.96
448,OK,170,-62,968,968,548.44,379.04,729.48,380.01,669.82,466.03
449,OK,167,-62,973,973,547.26,380.2,729.23,381.15,669.51,467.55
450,OK,167,-63,971,971,547.5,379.35,729.17,381.0,667.55,465.63
451,OK,171,-60,964,964,547.67,380.09,728.01,379.31,668.85,464.42
452,OK,179,-53,955,955,550.74,379.88,729.26,380.4,672.11,467.93
453,OK,174,-56,964,964,550.44,381.71,730.77,382.88,672.75,469.73
454,OK,173,-61,969,969,552.75,379.63,733.93,383.7,671.05,465.77
455,OK,169,-61,975,975,551.43,382.47,733.7,384.05,671.27,469.38
456,OK,169,-61,976,976,552.07,383.53,734.66,385.85,671.89,470.37
457,OK,165,-62,974,974,547.8,382.17,730.04,382.49,665.52,468.1
458,OK,148,-66,977,977,534.6,379.19,717.3,375.72,647.38,466.56
459,OK,123,-79,996,996,521.21,381.03,707.21,372.3,628.25,462.28
460,OK,109,-67,970,970,499.38,387.82,679.86,370.0,599.34,457.73
461,OK,87,-67,965,965,480.78,387.15,660.32,368.67,568.75,452.84
462,OK,52,-36,926,926,439.97,403.25,610.07,370.46,506.87,467.64
463,OK,67,9,841,841,425.4,409.73,577.51,369.6,473.5,469.54
464,OK,62,22,820,820,413.37,417.94,559.29,370.43,459.3,470.57
465,OK,62,21,822,822,413.7,415.23,560.7,369.93,460.53,471.62
466,OK,71,37,814,814,418.03,424.3,564.54,382.65,464.99,485.06
467,OK,77,58,796,796,417.8,435.0,560.94,394.22,460.92,497.66
468,OK,58,40,850,850,417.06,445.87,569.6,400.74,473.99,506.93
469,OK,55,40,867,867,419.43,454.24,575.06,408.85,479.98,515.07
470,OK,48,20,898,898,424.91,452.25,586.64,407.06,489.28,508.99
471,OK,56,26,879,879,425.38,448.21,583.66,403.52,487.45,505.91
472,OK,48,21,888,888,419.75,446.88,579.8,402.29,484.55,505.59
473,OK,50,28,869,869,415.58,445.74,571.5,399.76,475.53,502.4
474,OK,50,40,859,859,412.36,448.1,567.12,404.67,469.73,513.02
475,OK,47,33,859,859,409.12,444.39,563.29,399.4,466.79,502.7
476,OK,44,31,857,857,406.51,445.11,559.38,396.93,462.72,497.84
477,OK,46,32,857,857,406.59,447.33,558.83,396.97,465.37,498.12
478,OK,47,39,850,850,405.77,448.76,557.77,402.07,462.73,503.32
479,OK,68,89,829,829,418.03,482.51,562.62,426.37,474.43,553.24
480,OK,68,84,848,848,426.09,493.67,571.44,430.1,485.78,554.25
481,OK,69,82,860,860,432.16,495.2,580.3,432.59,493.55,561.04
482,OK,59,73,889,889,432.74,502.33,586.43,438.67,496.66,564.33
483,OK,52,65,927,927,437.9,510.61,601.02,451.89,510.57,576.32
484,OK,42,63,940,940,434.47,513.47,600.44,455.41,508.01,582.33
485,OK,36,61,948,948,430.21,513.38,598.11,456.52,506.24,586.57
486,OK,42,81,927,927,429.54,522.33,593.05,464.69,500.05,595.77
487,OK,43,80,926,926,429.22,520.8,592.13,461.91,501.39,595.0
488,OK,40,70,943,943,432.29,520.96,598.03,460.81,507.46,592.09
489,OK,50,87,924,924,434.55,530.82,596.16,469.54,508.83,598.86
490,OK,40,81,938,938,429.52,527.32,594.86,468.66,507.24,603.28
491,OK,37,81,940,940,427.46,525.29,594.39,469.92,504.54,605.52
492,OK,31,66,963,963,430.19,522.15,602.14,468.72,509.47,600.31
493,OK,39,63,958,958,435.0,519.89,604.72,462.66,516.99,592.84
494,OK,38,56,968,968,437.77,520.31,609.33,462.56,521.58,589.73
495,OK,36,49,977,977,439.51,518.64,613.1,461.39,523.52,585.66
496,OK,34,47,977,977,437.47,516.61,610.97,459.41,520.56,583.7
497,OK,44,49,968,968,444.12,515.77,615.98,458.59,527.46,580.17
498,OK,46,48,973,973,446.36,515.46,619.09,458.42,531.9,582.16
499,OK,52,60,963,963,449.4,520.58,620.32,463.67,532.57,590.23
500,OK,59,62,961,961,454.69,522.83,624.63,464.21,539.01,591.53
501,OK,66,61,952,952,458.32,520.07,625.96,460.28,542.14,583.95
502,OK,75,67,944,944,463.5,520.15,630.35,462.33,547.33,588.68
503,OK,75,69,942,942,463.25,519.9,629.65,462.11,546.55,589.2
504,OK,71,62,957,957,463.91,522.18,632.73,462.73,551.31,587.61
505,OK,71,65,948,948,462.09,521.93,629.06,462.26,545.35,586.7
506,OK,72,65,949,949,462.83,522.22,630.06,462.86,546.06,586.11
507,OK,71,61,959,959,464.63,522.44,634.14,464.08,551.64,587.57
508,OK,70,56,964,964,465.85,520.92,636.41,462.6,553.86,584.88
509,OK,73,59,958,958,466.19,521.2,635.45,462.4,553.54,585.25
510,OK,79,69,945,945,465.69,523.18,632.25,464.28,553.03,589.85
511,OK,71,65,954,954,462.18,524.57,630.46,464.97,550.3,590.65
512,OK,64,67,953,953,456.35,523.16,624.75,465.01,540.86,592.59
513,OK,68,71,943,943,457.3,520.1,626.45,470.14,537.46,590.85
514,OK,63,67,951,951,456.62,511.92,629.99,472.32,533.66,592.58
515,OK,68,70,949,949,460.89,511.79,634.56,474.83,537.48,595.37
516,OK,75,65,957,957,469.14,513.37,644.22,476.56,549.48,591.27
517,OK,70,55,979,979,472.23,512.76,651.87,477.42,556.27,592.97
518,OK,68,34,1012,1012,480.11,508.83,665.32,469.69,575.32,590.78
519,OK,68,32,1019,1019,482.93,510.32,669.07,469.18,579.42,593.32
520,OK,61,23,1032,1032,481.92,507.98,671.28,470.77,578.98,589.58
521,OK,61,22,1032,1032,481.92,509.23,670.71,469.41,579.04,588.51
522,OK,66,31,1018,1018,480.99,511.11,666.24,467.43,578.05,591.15
523,OK,67,34,1016,1016,481.16,513.2,666.13,469.52,578.25,593.84
524,OK,69,34,1013,1013,481.49,511.76,665.75,467.38,577.91,590.52
525,OK,69,33,1012,1012,480.95,510.62,665.26,467.35,577.19,589.94
526,OK,70,34,1011,1011,480.96,512.25,664.63,467.02,577.88,590.31
527,OK,68,27,1027,1027,484.27,511.7,671.28,467.86,584.66,590.22
528,OK,71,29,1025,1025,486.27,514.03,672.65,469.49,586.62,590.91
529,OK,71,25,1032,1032,489.04,512.2,677.11,468.88,592.21,592.01
530,OK,66,22,1034,1034,485.78,511.9,673.91,467.03,587.63,589.5
531,OK,66,22,1034,1034,485.53,511.72,673.64,466.7,587.2,589.38
532,OK,69,21,1033,1033,487.82,508.98,675.99,465.59,589.19,588.21
533,OK,71,26,1027,1027,486.55,510.7,673.38,466.1,588.77,590.71
534,OK,70,26,1023,1023,484.98,509.41,670.94,464.08,585.34,588.51
535,OK,65,25,1023,1023,480.45,511.02,665.68,463.38,580.1,585.3
536,OK,64,27,1023,1023,480.02,512.46,665.32,464.88,578.76,588.85
537,OK,64,25,1022,1022,480.44,510.27,666.04,464.41,578.58,586.25
538,OK,68,27,1020,1020,482.33,510.17,667.57,464.88,582.24,588.13
539,OK,66,28,1022,1022,480.7,512.5,666.42,466.95,580.65,589.22
540,OK,64,28,1024,1024,479.51,515.61,664.68,466.5,581.32,590.6
541,OK,65,28,1024,1024,480.48,516.19,665.6,467.26,582.64,589.15
542,OK,65,35,1010,1010,475.99,515.44,658.25,466.01,573.87,591.06
543,OK,73,42,997,997,478.05,513.31,657.96,464.34,574.13,592.93
544,OK,69,38,1002,1002,475.63,513.15,656.14,462.79,575.42,590.72
545,OK,63,33,1008,1008,472.94,513.51,653.81,460.58,571.8,586.99
546,OK,73,45,990,990,477.17,513.4,655.53,463.71,571.47,591.87
547,OK,69,41,997,997,474.92,512.33,654.68,462.45,570.44,591.25
548,OK,66,36,1003,1003,473.86,514.1,653.97,461.64,570.54,587.94
549,OK,68,44,993,993,471.61,513.75,649.96,462.17,568.9,592.75
550,OK,61,43,993,993,465.52,515.85,643.78,463.56,559.38,589.23
551,OK,55,48,982,982,456.97,512.03,634.16,464.03,547.17,591.53
552,OK,55,55,971,971,453.48,511.56,629.04,465.28,540.63,592.68
553,OK,53,54,974,974,452.13,512.57,628.25,465.75,541.32,593.77
554,OK,47,40,993,993,452.95,512.66,631.92,463.18,544.46,584.31
555,OK,54,42,994,994,459.63,515.96,637.63,462.08,554.68,590.59
556,OK,61,35,1000,1000,468.16,514.07,646.87,458.8,566.15,585.52
557,OK,74,24,1000,1000,479.65,502.83,658.52,448.27,580.04,573.08
558,OK,84,12,1008,1008,489.25,487.36,671.27,438.33,596.2,570.82
559,OK,111,-10,1009,1009,510.81,462.37,695.16,422.11,627.36,545.81
560,OK,138,-19,995,995,528.94,448.39,711.52,412.6,650.72,527.14
561,OK,148,-26,1002,1002,540.13,438.81,725.29,409.41,667.09,526.29
562,OK,168,-28,991,991,552.95,431.54,736.51,405.52,681.9,517.1
563,OK,208,-19,952,952,574.62,420.83,752.15,408.47,704.81,500.54
564,OK,230,-11,939,939,588.82,422.9,764.14,413.65,722.04,498.09
565,OK,222,-21,960,960,590.38,419.35,769.93,418.08,724.48,500.49
566,OK,226,-14,948,948,591.03,419.12,768.25,412.57,722.31,505.35
567,OK,210,-20,964,964,585.58,418.76,765.76,415.39,708.5,508.43
568,OK,210,-20,959,959,584.45,416.06,763.76,415.23,704.17,503.45
569,OK,202,-29,966,966,581.19,414.24,761.85,413.95,700.44,495.77
570,OK,200,-30,973,973,579.28,415.32,761.17,414.26,702.63,498.36
571,OK,192,-38,983,983,576.58,412.71,760.47,410.7,698.04,494.72
572,OK,193,-37,976,976,575.73,410.64,758.22,409.58,695.04,493.81
573,OK,194,-26,963,963,572.54,413.79,752.67,414.49,688.57,496.28
574,OK,186,-30,975,975,568.37,418.09,750.65,416.87,686.62,497.46
575,OK,181,-31,973,973,563.37,416.66,745.39,416.09,680.77,493.97
576,OK,177,-34,978,978,561.03,416.14,744.0,415.89,680.73,494.53
577,OK,175,-33,982,982,560.56,416.58,744.22,417.58,680.37,499.4
578,OK,175,-29,977,977,558.81,416.59,741.62,416.22,675.79,502.02
579,OK,177,-31,976,976,560.3,414.66,742.9,415.69,678.81,500.45
580,OK,177,-32,978,978,560.49,416.04,743.36,416.59,680.16,498.74
581,OK,176,-31,978,978,560.56,414.9,743.52,417.43,678.53,500.13
582,OK,173,-28,976,976,558.07,417.15,740.55,417.46,673.48,503.96
583,OK,170,-29,978,978,557.11,416.24,739.96,417.1,671.42,504.5
584,OK,171,-28,977,977,557.09,415.44,739.85,417.69,671.35,503.92
585,OK,171,-28,976,976,555.55,417.77,738.12,416.33,671.87,503.38
586,OK,172,-27,975,975,555.45,418.1,737.8,416.47,671.5,504.7
587,OK,169,-30,981,981,555.43,417.46,738.82,416.3,672.47,503.38
588,OK,171,-28,976,976,555.99,417.27,738.47,415.72,672.47,503.97
589,OK,173,-28,976,976,556.6,417.23,739.17,415.66,674.72,505.39
590,OK,175,-29,977,977,558.94,415.96,741.6,416.49,676.14,502.88
591,OK,173,-30,979,979,558.82,416.03,741.87,416.81,675.45,502.52
592,OK,171,-33,982,982,558.2,416.63,741.8,415.65,675.15,500.98
593,OK,168,-37,987,987,556.22,418.19,740.83,415.9,675.41,496.29
594,OK,175,-27,972,972,557.95,417.15,739.79,414.18,675.0,502.59
595,OK,176,-27,972,972,557.63,418.82,739.3,412.19,676.54,502.82
596,OK,179,-33,977,977,560.74,415.69,743.32,409.22,682.46,498.19
597,OK,179,-34,974,974,559.69,415.56,741.69,407.86,681.67,495.8
598,OK,177,-36,980,980,560.42,415.74,743.58,408.27,682.17,496.31
599,OK,174,-39,985,985,559.29,416.98,743.45,410.3,681.03,492.95
600,OK,170,-45,992,992,559.2,419.13,744.62,412.45,681.96,487.96
601,OK,169,-45,994,994,559.19,416.11,745.09,412.64,681.27,490.51
602,OK,157,-39,992,992,548.34,422.28,733.61,410.99,666.52,497.71
603,OK,148,-29,989,989,539.13,430.44,723.21,412.93,653.17,510.05
604,OK,129,-10,977,977,519.6,445.6,700.5,419.98,624.54,524.79
605,OK,101,-16,1004,1004,506.07,455.41,691.47,425.49,608.79,532.72
606,OK,86,-10,1011,1011,494.32,459.43,681.45,432.77,594.15,544.45
607,OK,82,-1,1003,1003,489.28,463.51,675.33,439.68,584.43,550.08
608,OK,69,-4,1022,1022,483.43,469.05,672.24,439.31,583.35,560.53
609,OK,70,-3,1022,1022,484.55,470.71,673.07,439.72,584.77,561.17
610,OK,76,4,1011,1011,485.22,471.23,671.88,441.15,584.11,561.99
611,OK,80,9,1003,1003,485.87,471.45,671.41,443.33,584.26,563.34
612,OK,78,8,1008,1008,485.54,474.27,671.78,444.91,585.46,566.1
613,OK,75,7,1012,1012,484.71,477.29,671.0,444.2,585.65,565.94
614,OK,75,11,1010,1010,483.92,480.84,669.63,446.18,584.92,568.62
615,OK,69,3,1022,1022,483.03,479.77,671.07,445.87,584.91,566.18
616,OK,59,-4,1041,1041,479.59,477.98,671.58,445.69,582.9,571.31
617,OK,59,4,1030,1030,476.27,482.56,665.7,447.55,578.22,574.31
618,OK,62,9,1027,1027,477.61,486.47,666.01,449.31,579.48,576.35
619,OK,64,10,1021,1021,477.47,485.49,664.97,448.94,577.41,574.45
620,OK,57,6,1031,1031,474.72,486.7,663.68,448.11,576.33,575.54
621,OK,46,-1,1059,1059,473.62,490.6,667.88,452.26,580.89,584.67
622,OK,48,0,1054,1054,473.94,489.68,667.38,452.17,579.91,584.23
623,OK,56,5,1039,1039,475.44,488.27,665.98,450.18,579.55,580.01
624,OK,56,6,1044,1044,476.21,492.1,666.81,449.58,584.57,586.67
625,OK,66,7,1027,1027,480.04,484.05,668.46,446.41,584.9,575.15
626,OK,70,11,1021,1021,481.39,483.18,669.0,447.45,585.7,578.1
627,OK,60,19,1022,1022,474.1,493.19,660.81,452.06,576.46,588.54
628,OK,55,16,1028,1028,471.8,495.42,659.19,452.45,574.07,587.32
629,OK,57,18,1028,1028,473.36,495.52,661.6,456.53,576.17,589.1
630,OK,65,26,1023,1023,477.66,499.81,665.07,461.06,582.38,594.22
631,OK,64,24,1030,1030,478.48,500.59,667.26,462.26,586.94,597.69
632,OK,59,21,1033,1033,475.76,500.42,665.05,462.06,581.53,594.4
633,OK,55,25,1033,1033,472.91,504.23,662.13,464.96,575.97,598.19
634,OK,60,26,1026,1026,474.81,503.88,662.63,464.65,578.33,594.55
635,OK,58,30,1021,1021,471.18,507.68,657.12,464.48,573.53,595.2
636,OK,57,28,1024,1024,472.07,504.57,659.51,465.66,574.18,595.74
637,OK,52,15,1035,1035,470.73,493.0,660.45,454.39,574.32,590.94
638,OK,57,3,1046,1046,477.82,484.99,669.08,444.13,588.18,588.3
639,OK,61,-7,1040,1040,479.78,473.68,670.65,436.06,587.96,571.54
640,OK,66,-30,1042,1042,485.39,461.27,676.18,421.93,594.95,540.54
641,OK,72,-32,1037,1037,489.93,451.91,680.85,417.89,596.33,538.79
642,OK,83,-43,1031,1031,496.49,439.4,686.66,407.7,606.22,521.38
643,OK,109,-42,997,997,507.87,424.66,692.67,399.13,614.96,501.46
644,OK,104,-66,1012,1012,511.49,409.02,700.2,394.01,615.73,478.52
645,OK,110,-88,1007,1007,514.63,381.82,702.61,369.76,617.89,454.81
646,OK,95,-111,1037,1037,513.18,376.56,706.91,368.71,616.27,441.66
647,OK,103,-114,1020,1020,514.07,368.28,704.55,357.0,618.62,429.79
648,OK,98,-109,1024,1024,511.71,370.91,703.01,361.01,614.31,440.66
649,OK,91,-118,1041,1041,511.8,370.05,706.3,362.17,614.86,438.91
650,OK,98,-104,1020,1020,511.78,370.46,702.32,362.29,610.58,446.69
651,OK,97,-107,1029,1029,511.95,374.13,704.12,363.9,614.37,445.28
652,OK,107,-91,1023,1023,515.42,392.64,706.29,378.27,625.96,454.97
653,OK,137,-64,997,997,530.97,406.29,717.21,395.41,647.37,467.84
654,OK,162,-65,1002,1002,551.85,405.93,739.03,398.21,681.67,470.03
655,OK,202,-35,957,957,570.52,409.58,749.23,399.08,700.15,483.05
656,OK,202,-37,959,959,571.82,407.46,750.94,398.93,701.74,481.47
657,OK,201,-36,957,957,570.6,406.5,749.52,403.93,698.18,480.69
658,OK,188,-41,975,975,567.02,408.73,749.34,408.63,693.28,485.15
659,OK,185,-35,970,970,564.27,410.54,745.71,406.44,686.41,492.51
660,OK,182,-37,975,975,564.09,410.14,746.44,408.08,684.67,492.17
661,OK,190,-30,967,967,567.95,411.89,748.81,410.98,687.82,495.24
662,OK,197,-28,960,960,571.66,411.74,751.22,410.39,692.66,493.72
663,OK,198,-25,957,957,571.89,412.36,750.89,411.08,691.63,494.47
664,OK,193,-31,966,966,571.26,413.29,751.92,411.58,691.53,493.33
665,OK,194,-30,964,964,571.01,413.05,751.38,412.07,691.48,491.89
666,OK,189,-36,972,972,569.91,409.31,751.61,411.56,690.73,490.02
667,OK,184,-33,972,972,567.39,413.47,749.15,416.01,683.65,492.68
668,OK,191,-24,964,964,568.93,413.54,749.09,417.88,687.08,500.68
669,OK,188,-26,969,969,568.53,411.46,749.76,416.49,685.85,502.24
670,OK,188,-26,967,967,568.06,414.16,748.82,417.16,684.43,500.29
671,OK,189,-26,966,966,569.1,413.99,749.78,416.39,686.11,499.04
672,OK,188,-30,971,971,569.4,412.37,750.92,416.23,687.25,496.92
673,OK,192,-25,962,962,570.32,412.97,750.13,416.57,687.7,497.28
674,OK,194,-28,966,966,571.62,413.27,752.22,417.04,693.04,495.4
675,OK,196,-25,963,963,571.65,414.71,751.73,417.73,692.62,497.11
676,OK,192,-30,969,969,571.11,411.17,752.33,417.39,691.82,493.97
677,OK,194,-29,968,968,571.5,413.77,752.56,417.19,694.7,496.1
678,OK,193,-26,962,962,570.97,411.11,750.83,416.61,688.13,496.91
679,OK,189,-29,968,968,569.78,410.96,750.77,415.56,686.03,498.13
680,OK,188,-28,966,966,569.02,411.2,749.61,415.91,684.29,498.23
681,OK,196,-23,959,959,571.61,412.57,750.89,416.96,690.29,498.2
682,OK,194,-25,962,962,570.57,412.44,750.48,416.21,690.2,499.48
683,OK,196,-20,957,957,570.61,414.46,749.57,417.05,689.85,500.26
684,OK,200,-23,960,960,574.37,413.18,753.95,417.59,697.02,500.38
685,OK,193,-30,971,971,572.74,411.53,754.18,417.37,693.3,497.45
686,OK,203,-20,953,953,574.97,412.1,753.12,414.66,694.72,498.82
687,OK,204,-22,953,953,575.72,411.43,753.92,414.15,696.71,496.65
688,OK,209,-16,945,945,577.17,412.23,754.0,412.85,698.25,500.65
689,OK,209,-17,944,944,577.19,410.59,753.76,412.54,696.56,499.31
690,OK,208,-16,947,947,577.55,412.1,754.7,414.42,697.38,501.89
691,OK,209,-15,945,945,578.03,411.59,754.66,415.05,696.95,501.58
692,OK,211,-14,945,945,579.51,411.57,756.24,415.16,699.41,503.25
693,OK,212,-14,945,945,580.34,410.87,757.04,415.14,699.98,503.1
694,OK,215,-12,940,940,581.62,410.98,757.46,415.62,700.92,503.61
695,OK,214,-14,943,943,582.07,410.31,758.35,415.62,701.44,503.0
696,OK,217,-10,938,938,582.91,410.96,758.21,416.22,702.39,504.45
697,OK,214,-12,942,942,581.89,411.72,757.97,416.34,701.61,504.69
698,OK,214,-12,941,941,581.35,411.34,757.21,416.19,700.66,503.06
699,OK,211,-14,946,946,580.51,411.68,757.31,416.27,700.39,504.41
700,OK,214,-11,941,941,580.92,411.88,756.89,416.35,700.18,504.81
701,OK,212,-15,949,949,581.19,411.69,758.68,415.71,702.47,504.61
702,OK,215,-13,943,943,582.69,410.64,759.06,415.45,702.28,503.38
703,OK,217,-12,938,938,582.86,411.25,758.27,414.91,702.47,502.82
704,OK,218,-11,937,937,582.7,411.22,757.89,415.13,702.33,502.52
705,OK,217,-11,939,939,582.71,410.55,758.23,416.02,701.53,503.21
706,OK,218,-12,939,939,583.49,410.48,759.02,415.89,703.09,502.34
707,OK,217,-14,941,941,583.06,409.84,759.07,414.96,703.48,500.93
708,OK,219,-11,937,937,583.9,409.6,758.98,415.77,702.94,502.43
709,OK,218,-13,939,939,583.2,409.76,758.72,415.24,703.12,500.75
710,OK,217,-12,939,939,583.36,410.43,758.97,415.66,702.79,502.75
711,OK,217,-11,940,940,583.83,410.86,759.52,416.48,703.73,505.08
712,OK,216,-13,944,944,584.6,412.99,760.93,422.25,705.07,501.74
713,OK,216,-9,939,939,581.65,412.96,757.15,418.0,701.53,504.99
714,OK,215,-10,941,941,581.54,412.89,757.49,417.59,700.61,505.85
715,OK,216,-8,936,936,582.28,412.57,757.26,418.23,700.02,504.89
716,OK,215,-13,944,944,582.9,413.5,759.36,417.97,703.96,502.63
717,OK,214,-17,948,948,583.66,415.13,760.97,419.88,705.63,497.33
718,OK,214,-17,949,949,583.69,413.88,761.14,418.25,705.07,499.73
719,OK,212,-17,949,949,582.19,413.44,759.64,418.66,702.93,498.85
720,OK,213,-16,946,946,582.33,413.63,759.19,417.81,703.04,499.19
721,OK,216,-12,939,939,583.11,411.52,758.68,417.78,700.87,500.81
722,OK,216,-11,939,939,582.21,412.43,757.67,417.41,701.17,501.15
723,OK,214,-15,943,943,581.65,411.59,757.92,417.07,700.5,498.82
724,OK,215,-13,941,941,582.25,413.02,758.22,418.07,701.51,500.31
725,OK,213,-16,947,947,581.75,415.12,758.92,417.8,702.78,498.89
726,OK,214,-13,940,940,581.43,413.18,757.26,418.0,698.93,499.97
727,OK,215,-12,938,938,582.01,413.54,757.39,417.58,700.24,500.37
728,OK,212,-14,942,942,581.37,412.68,757.43,418.0,698.55,500.0
729,OK,214,-13,943,943,582.49,412.67,758.67,418.98,700.64,500.26
730,OK,215,-13,939,939,581.84,411.88,757.38,417.57,700.28,499.24
731,OK,212,-16,944,944,581.77,411.16,758.22,417.07,699.45,499.33
732,OK,212,-16,945,945,581.09,411.55,757.66,417.52,698.9,498.28
733,OK,213,-17,945,945,581.69,409.83,758.39,415.92,700.03,498.3
734,OK,211,-18,945,945,580.55,408.54,757.23,415.17,697.77,496.45
735,OK,205,-21,950,950,577.51,409.53,755.14,415.23,694.4,497.44
736,OK,210,-18,944,944,578.4,410.72,755.03,413.37,698.73,496.2
737,OK,211,-19,942,942,578.35,408.98,754.48,412.58,697.8,495.15
738,OK,207,-23,950,950,577.97,408.45,755.63,412.0,698.49,493.91
739,OK,209,-23,949,949,578.79,407.89,756.3,411.66,699.51,493.21
740,OK,209,-23,949,949,579.06,407.95,756.6,411.6,699.66,493.66
741,OK,209,-23,948,948,578.89,408.42,756.19,411.33,699.55,493.31
742,OK,211,-21,947,947,579.12,409.58,756.17,411.65,700.93,494.32
743,OK,209,-21,946,946,578.56,409.93,755.51,411.87,698.78,494.08
744,OK,207,-21,946,946,577.15,408.69,753.98,412.59,696.23,493.83
745,OK,204,-27,954,954,576.6,407.58,754.91,411.55,696.83,492.05
746,OK,204,-27,955,955,575.89,408.57,754.49,410.65,697.73,492.2
747,OK,203,-29,958,958,576.67,407.67,755.85,410.37,698.86,491.59
748,OK,208,-25,948,948,577.91,407.16,755.19,410.99,698.86,490.4
749,OK,209,-24,949,949,578.55,406.91,756.04,408.4,700.4,493.45
750,OK,204,-28,957,957,577.24,406.78,756.25,407.3,698.84,494.27
751,OK,206,-24,951,951,577.34,407.12,755.21,408.03,697.05,495.52
752,OK,204,-27,956,956,577.14,407.49,755.9,407.31,698.08,496.28
753,OK,206,-27,954,954,577.68,406.5,756.18,406.94,699.33,494.76
754,OK,204,-27,957,957,577.8,406.58,756.85,407.87,698.36,496.23
755,OK,206,-25,953,953,577.34,407.15,755.6,406.95,698.43,496.02
756,OK,207,-25,953,953,578.86,407.04,757.19,408.15,699.44,495.37
757,OK,206,-25,952,952,577.92,406.71,755.99,407.77,697.87,495.87
758,OK,205,-26,954,954,577.41,406.09,755.85,407.4,697.56,495.93
759,OK,202,-28,958,958,576.64,406.81,755.89,407.22,697.58,495.92
760,OK,204,-26,954,954,577.13,406.69,755.46,408.27,697.07,495.32
761,OK,205,-25,951,951,576.51,406.49,754.41,408.47,695.4,494.41
762,OK,203,-27,955,955,576.43,406.59,755.06,408.61,695.89,494.29
763,OK,203,-27,955,955,575.88,406.24,754.43,406.64,696.44,494.39
764,OK,203,-26,953,953,574.93,406.66,753.17,407.68,694.47,494.32
765,OK,202,-28,955,955,574.33,406.82,753.02,407.4,694.46,492.26
766,OK,202,-29,955,955,574.13,406.76,752.79,406.34,695.94,490.03
767,OK,203,-31,954,954,575.21,405.56,753.55,405.85,696.62,488.16
768,OK,202,-32,957,957,574.97,405.08,754.05,405.23,696.51,487.79
769,OK,199,-33,958,958,574.15,404.89,753.3,406.24,693.59,488.11
770,OK,202,-31,955,955,574.27,405.36,752.87,406.36,695.23,487.12
771,OK,198,-32,958,958,571.78,407.45,751.0,406.67,692.62,487.66
772,OK,200,-28,953,953,571.61,408.2,749.89,407.09,691.43,488.71
773,OK,199,-28,955,955,571.6,409.05,750.15,407.6,692.29,489.85
774,OK,199,-30,957,957,572.0,408.45,751.03,407.29,693.42,488.68
775,OK,199,-34,961,961,573.22,406.63,753.02,405.58,695.09,487.71
776,OK,202,-29,954,954,574.48,406.34,753.0,405.95,695.15,490.25
777,OK,203,-26,953,953,575.25,407.12,753.45,407.29,694.92,493.44
778,OK,204,-26,952,952,575.93,407.64,753.91,407.63,696.82,492.98
779,OK,201,-30,957,957,574.02,407.58,753.09,406.93,695.05,490.49
780,OK,197,-31,958,958,571.79,408.59,750.97,407.15,692.48,489.11
781,OK,197,-29,957,957,571.07,408.99,750.13,408.0,691.18,489.86
782,OK,198,-28,954,954,571.53,409.56,750.0,408.08,691.15,489.5
783,OK,193,-34,962,962,569.81,408.42,749.77,408.82,689.78,486.51
784,OK,191,-35,967,967,570.24,405.37,751.13,408.97,687.65,489.83
785,OK,184,-40,978,978,568.89,404.0,751.8,405.69,686.88,494.35
786,OK,182,-40,980,980,568.01,404.84,751.28,406.53,685.7,495.54
787,OK,183,-40,979,979,568.25,404.66,751.28,408.41,685.66,492.54
788,OK,186,-38,975,975,568.65,405.05,750.99,408.51,687.0,491.59
789,OK,186,-38,975,975,568.83,404.35,751.02,410.91,686.12,491.0
790,OK,181,-40,983,983,567.78,405.58,751.52,409.6,685.49,495.63
791,OK,178,-43,985,985,566.38,404.32,750.44,411.71,682.09,491.27
792,OK,180,-42,980,980,566.28,404.63,749.5,410.81,682.56,490.04
793,OK,175,-45,987,987,563.88,405.14,748.36,408.36,680.2,489.96
794,OK,174,-46,986,986,562.32,405.75,746.68,407.02,679.79,487.98
795,OK,173,-38,976,976,559.54,408.69,742.03,412.46,672.86,491.33
796,OK,165,-39,980,980,552.62,413.77,735.85,410.26,667.2,490.19
797,OK,158,-41,985,985,546.25,416.08,730.39,408.94,663.0,490.8
798,OK,155,-42,991,991,545.47,417.84,730.64,408.23,663.28,493.4
799,OK,150,-48,999,999,543.55,416.58,730.16,407.04,661.33,491.58
800,OK,153,-46,995,995,545.54,416.26,731.42,407.67,662.35,490.28
801,OK,154,-45,993,993,546.2,414.96,731.71,408.04,662.52,491.3
802,OK,155,-44,991,991,546.68,415.18,731.89,408.57,662.68,492.09
803,OK,152,-45,994,994,545.75,415.26,731.5,409.12,660.94,492.89
804,OK,153,-42,991,991,544.42,417.3,729.48,408.73,659.33,493.01
805,OK,155,-41,989,989,545.27,417.71,730.09,408.85,660.35,494.04
806,OK,154,-39,988,988,544.91,418.79,729.54,409.82,659.56,497.69
807,OK,155,-38,988,988,545.57,417.41,730.12,408.56,662.12,499.52
808,OK,161,-38,984,984,549.83,414.0,733.9,411.03,664.22,497.13
809,OK,164,-37,984,984,552.59,414.17,736.67,413.38,668.24,496.89
810,OK,166,-38,983,983,552.86,414.64,736.63,412.3,669.47,494.41
811,OK,169,-34,979,979,553.72,415.05,736.81,413.9,671.16,497.44
812,OK,165,-36,980,980,551.12,415.65,734.36,411.42,667.62,495.93
813,OK,164,-33,978,978,550.18,415.92,733.13,411.69,665.0,500.07
814,OK,165,-33,978,978,551.27,416.14,734.06,411.29,665.8,498.44
815,OK,160,-35,983,983,549.0,414.96,732.86,410.94,662.59,499.44
816,OK,164,-31,976,976,550.06,415.2,732.63,411.79,662.88,501.76
817,OK,164,-31,980,980,550.74,417.27,734.03,412.59,667.04,503.56
818,OK,166,-31,976,976,551.87,414.75,734.32,412.65,665.35,501.71
819,OK,168,-30,974,974,552.48,414.67,734.68,412.56,666.8,501.82
820,OK,164,-36,982,982,552.44,413.67,736.08,412.42,667.59,498.76
821,OK,166,-32,974,974,552.86,409.95,734.99,410.81,663.85,500.69
822,OK,163,-35,980,980,550.43,411.39,733.68,410.26,664.26,499.56
823,OK,165,-32,975,975,550.5,412.31,732.81,410.33,662.61,500.18
824,OK,157,-38,988,988,548.19,410.63,732.92,410.05,661.77,502.19
825,OK,155,-41,997,997,548.47,415.86,734.86,414.46,665.13,499.69
826,OK,157,-36,990,990,549.09,414.8,734.32,414.86,664.25,503.52
827,OK,159,-33,984,984,547.81,416.95,731.87,413.6,662.71,504.58
828,OK,164,-29,977,977,549.11,417.92,731.72,413.82,663.97,504.0
829,OK,163,-30,978,978,549.9,416.25,732.82,414.02,664.0,503.72
830,OK,166,-27,975,975,550.95,416.24,733.22,414.97,664.19,504.42
831,OK,164,-28,979,979,550.42,417.75,733.48,414.85,665.96,506.25
832,OK,160,-32,984,984,549.17,417.91,733.18,414.76,664.82,505.63
833,OK,161,-32,982,982,548.33,417.74,731.93,412.94,664.0,504.58
834,OK,161,-29,978,978,548.02,417.91,730.95,413.42,661.96,504.98
835,OK,158,-32,984,984,546.04,420.1,729.95,412.65,663.36,505.35
836,OK,159,-30,982,982,546.22,420.58,729.82,413.42,663.0,506.49
837,OK,161,-30,982,982,547.09,420.1,730.52,411.22,665.85,506.63
838,OK,164,-28,976,976,548.07,419.76,730.4,410.46,665.85,505.8
839,OK,162,-30,980,980,548.58,417.65,731.8,411.22,664.97,506.67
840,OK,160,-31,980,980,547.18,417.73,730.4,410.69,663.01,504.25
841,OK,163,-28,979,979,547.34,420.17,730.32,412.02,665.26,506.38
842,OK,157,-34,987,987,545.36,422.06,729.86,414.21,662.67,500.6
843,OK,155,-31,988,988,543.5,422.1,727.95,412.0,662.67,509.54
844,OK,157,-25,979,979,541.51,424.53,724.04,410.19,660.38,510.74
845,OK,158,-24,976,976,540.69,423.44,722.63,408.98,660.99,512.78
846,OK,155,-25,978,978,539.37,424.24,721.79,409.84,658.54,512.86
847,OK,154,-24,981,981,538.29,424.94,721.2,410.19,659.66,514.63
848,OK,153,-24,978,978,537.39,424.77,719.75,411.4,655.5,512.7
849,OK,154,-22,975,975,537.42,424.96,719.17,410.7,655.1,514.13
850,OK,152,-25,979,979,537.49,425.11,720.14,412.58,654.84,509.37
851,OK,149,-32,988,988,537.11,425.98,721.54,413.44,657.83,505.16
852,OK,153,-26,982,982,539.07,425.87,722.49,416.49,658.18,510.29
853,OK,155,-23,979,979,539.08,426.84,721.96,416.74,657.73,511.18
854,OK,153,-23,978,978,538.34,426.96,720.94,416.66,655.4,511.66
855,OK,154,-24,980,980,539.48,426.75,722.49,418.11,657.05,511.4
856,OK,155,-21,977,977,539.25,427.55,721.7,418.8,656.24,511.39
857,OK,150,-27,983,983,536.94,424.35,720.3,410.96,655.18,512.15
858,OK,152,-26,981,981,537.96,424.22,721.1,411.84,655.82,511.41
859,OK,156,-22,971,971,537.91,421.9,719.23,410.58,654.18,510.18
860,OK,155,-23,973,973,538.26,420.98,719.95,409.52,654.13,511.3
861,OK,156,-23,975,975,540.38,419.45,722.63,411.1,655.04,512.89
862,OK,158,-23,975,975,541.62,421.9,723.63,411.49,659.12,513.05
863,OK,160,-20,974,974,543.42,421.76,725.39,413.08,660.42,517.44
864,OK,157,-23,981,981,544.37,421.42,727.76,418.21,658.19,515.46
865,OK,158,-24,986,986,545.98,422.64,730.36,416.96,664.3,518.36
866,OK,159,-24,986,986,547.3,422.11,731.6,417.9,665.55,519.68
867,OK,160,-22,982,982,546.53,422.81,730.08,416.95,664.86,519.5
868,OK,157,-24,988,988,545.68,423.88,730.4,417.0,664.17,521.18
869,OK,160,-22,983,983,546.59,423.44,730.29,416.0,665.1,518.63
870,OK,166,-16,968,968,547.67,423.68,728.58,417.84,662.02,515.68
871,OK,162,-20,975,975,545.81,424.69,728.06,417.4,661.81,514.7
872,OK,159,-24,980,980,545.87,424.98,728.96,417.23,661.95,511.88
873,OK,161,-21,976,976,545.63,425.52,728.04,417.62,661.3,513.82
874,OK,157,-24,983,983,544.68,424.38,728.5,417.93,660.34,513.61
875,OK,157,-24,982,982,544.53,424.19,728.11,418.01,660.09,513.04
876,OK,157,-25,982,982,544.94,423.67,728.57,417.53,660.55,512.62
877,OK,158,-25,984,984,545.61,424.91,729.45,416.36,662.74,513.53
878,OK,160,-22,982,982,546.01,425.92,729.48,416.44,664.89,518.78
879,OK,162,-19,977,977,546.24,425.77,728.81,416.98,662.95,517.23
880,OK,161,-21,979,979,546.63,423.38,729.58,416.66,662.59,516.46
881,OK,159,-23,981,981,545.68,422.14,729.01,416.84,661.61,514.8
882,OK,156,-27,987,987,545.21,421.84,729.8,417.7,661.58,513.96
883,OK,157,-25,983,983,544.98,421.76,728.73,417.44,659.83,513.49
884,OK,161,-21,975,975,546.36,421.71,728.55,416.39,660.16,513.65
885,OK,160,-24,979,979,546.57,422.0,729.53,416.13,661.02,511.75
886,OK,161,-25,979,979,547.32,422.72,730.39,416.63,663.13,509.45
887,OK,160,-24,978,978,546.8,423.44,729.64,416.71,661.05,511.1
888,OK,157,-30,986,986,546.09,423.32,730.32,414.88,662.49,508.58
889,OK,158,-28,986,986,546.68,424.62,731.0,417.58,663.6,509.51
890,OK,162,-25,978,978,549.62,422.89,732.57,419.37,662.6,507.84
891,OK,162,-27,980,980,548.78,423.38,732.07,417.56,664.16,506.87
892,OK,163,-25,978,978,547.74,423.33,730.38,414.29,665.49,511.03
893,OK,164,-24,975,975,547.31,421.97,729.44,413.49,664.01,509.77
894,OK,158,-30,984,984,545.8,420.33,729.59,411.85,663.4,508.21
895,OK,161,-30,978,978,546.72,419.47,729.37,410.63,663.26,504.72
896,OK,161,-30,979,979,546.76,419.49,729.55,410.19,663.28,504.2
897,OK,160,-31,983,983,546.61,420.06,730.15,410.54,665.26,505.02
898,OK,160,-33,986,986,547.63,423.5,731.98,416.5,667.16,501.59
899,OK,162,-31,985,985,549.46,419.91,733.58,416.06,666.51,505.69
900,OK,168,-27,978,978,552.54,419.99,735.47,416.42,671.68,506.65
901,OK,165,-31,986,986,552.41,420.42,736.73,416.61,672.8,507.0
902,OK,168,-25,978,978,552.26,421.19,735.06,416.2,671.17,509.59
903,OK,170,-25,977,977,553.59,419.77,736.38,416.67,671.52,508.14
904,OK,169,-27,980,980,554.31,419.85,737.53,417.81,672.64,508.16
905,OK,167,-29,980,980,554.32,417.75,737.6,416.85,669.49,505.46
906,OK,165,-30,984,984,553.33,419.63,737.32,417.7,669.18,507.14
907,OK,170,-24,975,975,553.84,420.79,736.18,418.39,669.58,508.3
908,OK,166,-29,983,983,553.12,420.21,736.88,417.88,669.66,506.76
909,OK,165,-29,982,982,552.36,420.74,736.1,417.79,669.72,506.42
910,OK,165,-28,983,983,552.09,421.06,735.83,417.86,669.9,507.68
911,OK,164,-30,984,984,551.99,420.87,736.09,418.04,669.9,506.14
912,OK,167,-27,978,978,552.98,420.17,735.96,417.74,669.03,506.96
913,OK,169,-24,974,974,553.48,421.04,735.65,417.98,668.36,507.73
914,OK,171,-21,971,971,554.46,420.56,735.99,418.81,668.28,509.93
915,OK,171,-21,972,972,554.55,421.25,736.36,418.54,670.02,510.43
916,OK,169,-24,976,976,553.93,421.21,736.49,418.57,669.93,509.84
917,OK,171,-22,972,972,554.55,421.19,736.29,418.38,670.11,509.63
918,OK,171,-21,972,972,554.01,421.38,735.79,418.5,669.12,510.27
919,OK,172,-20,968,968,554.3,421.15,735.36,418.17,667.28,509.81
920,OK,171,-20,970,970,553.88,421.51,735.25,418.57,667.64,511.58
921,OK,172,-18,966,966,554.23,420.9,734.9,418.79,666.3,510.19
922,OK,173,-17,965,965,554.26,421.04,734.72,419.42,666.26,510.18
923,OK,170,-22,973,973,552.9,420.56,734.96,418.83,668.17,509.24
924,OK,168,-24,976,976,553.37,420.06,735.91,419.19,668.22,510.3
925,OK,168,-25,976,976,552.83,420.3,735.39,418.5,668.65,508.08
926,OK,172,-20,968,968,554.11,420.29,735.1,418.79,667.49,508.95
927,OK,171,-21,968,968,553.49,419.79,734.61,418.82,666.04,508.42
928,OK,168,-23,974,974,553.1,420.46,735.35,418.76,667.26,510.06
929,OK,168,-23,976,976,553.0,421.96,735.45,419.13,669.26,510.9
930,OK,168,-22,974,974,552.9,421.4,734.98,418.95,668.06,509.99
931,OK,170,-21,973,973,553.38,420.68,735.31,419.0,668.88,510.86
932,OK,169,-22,972,972,553.05,421.14,734.76,418.91,667.1,509.55
933,OK,169,-22,975,975,553.39,420.98,735.8,419.1,669.26,510.94
934,OK,168,-24,977,977,552.29,421.38,735.05,418.23,669.0,509.58
935,OK,170,-20,970,970,553.39,420.56,734.87,419.34,667.31,510.14
936,OK,171,-21,971,971,554.64,419.85,736.22,419.66,667.65,509.99
937,OK,173,-22,973,973,555.78,419.99,737.83,419.14,671.36,509.75
938,OK,175,-21,972,972,556.88,420.34,738.59,420.01,674.31,511.48
939,OK,174,-21,973,973,555.99,420.51,738.02,419.69,673.31,510.54
940,OK,172,-23,975,975,554.97,420.85,737.41,419.05,672.06,509.0
941,OK,175,-20,971,971,556.49,420.79,738.01,419.4,672.88,510.47
942,OK,174,-20,973,973,556.4,421.01,738.36,420.69,674.01,511.42
943,OK,176,-18,969,969,556.87,421.24,738.17,420.26,673.86,512.92
944,OK,176,-18,965,965,556.56,419.83,737.05,419.96,670.18,509.9
945,OK,175,-18,965,965,555.86,419.46,736.36,419.46,668.45,509.95
946,OK,177,-17,963,963,556.77,420.21,736.82,419.25,669.62,509.13
947,OK,176,-18,965,965,556.04,420.4,736.45,419.3,669.77,509.48
948,OK,178,-16,961,961,557.19,419.77,737.02,419.69,670.05,509.49
949,OK,176,-18,965,965,556.45,419.79,736.88,419.57,669.66,509.54
950,OK,176,-19,965,965,556.33,419.91,736.74,418.98,669.71,507.98
951,OK,177,-18,966,966,557.03,421.42,737.65,419.77,672.82,509.51
952,OK,181,-15,963,963,558.54,422.0,738.66,419.64,677.07,512.77
953,OK,181,-17,962,962,559.81,420.27,739.8,420.12,675.82,509.56
954,OK,181,-17,963,963,559.67,419.68,739.71,419.56,674.55,508.8
955,OK,179,-19,965,965,558.84,419.93,739.24,419.55,674.36,507.48
956,OK,181,-15,961,961,558.17,421.27,737.84,419.57,675.47,510.54
957,OK,176,-18,966,966,556.15,421.08,736.89,419.54,671.97,510.87
958,OK,178,-17,963,963,556.82,420.68,736.91,418.55,672.4,510.21
959,OK,177,-20,968,968,557.49,420.71,738.52,419.27,674.88,509.07
960,OK,179,-17,965,965,558.53,420.61,738.93,420.29,674.93,511.48
961,OK,179,-17,965,965,558.45,420.49,738.91,420.51,674.68,510.96
962,OK,177,-19,966,966,558.1,419.66,738.69,420.05,673.44,509.01
963,OK,178,-20,966,966,557.94,420.19,738.56,419.09,675.11,507.02
964,OK,176,-21,969,969,556.71,420.48,737.88,419.31,673.49,507.19
965,OK,177,-22,969,969,557.78,420.18,738.94,420.08,674.94,505.87
966,OK,179,-20,967,967,558.82,419.81,739.74,420.49,675.73,507.56
967,OK,177,-23,969,969,558.46,418.62,739.78,419.14,674.87,504.61
968,OK,179,-20,964,964,559.21,418.49,739.49,418.97,674.25,506.41
969,OK,182,-16,959,959,560.12,418.5,739.49,419.24,673.54,508.45
970,OK,180,-17,962,962,560.16,418.74,740.01,419.83,673.73,509.89
971,OK,181,-16,960,960,560.83,418.13,740.3,420.81,672.36,509.9
972,OK,181,-17,965,965,560.82,419.06,741.34,420.4,676.39,510.71
973,OK,183,-15,962,962,562.09,418.54,741.96,421.22,676.05,512.51
974,OK,179,-19,967,967,560.93,415.97,741.68,420.32,673.36,511.75
975,OK,181,-15,961,961,559.83,417.06,739.48,420.07,672.4,511.84
976,OK,181,-14,960,960,559.81,417.73,739.3,420.41,672.7,513.22
977,OK,179,-17,964,964,559.11,417.52,739.42,420.18,673.41,511.56
978,OK,179,-17,964,964,558.55,419.23,738.78,419.93,673.92,510.95
979,OK,179,-17,963,963,558.35,419.31,738.39,419.65,672.68,508.99
980,OK,180,-17,962,962,558.95,419.72,738.81,419.86,673.14,509.3
981,OK,181,-15,958,958,558.39,420.23,737.63,419.67,672.2,509.98
982,OK,179,-16,963,963,558.13,420.86,738.28,419.91,673.59,511.34
983,OK,177,-18,967,967,557.16,419.67,738.0,419.73,672.52,511.31
984,OK,172,-23,972,972,555.41,419.17,737.16,419.14,670.33,507.38
985,OK,172,-23,974,974,555.54,419.82,737.67,418.85,672.24,509.86
986,OK,175,-18,967,967,556.2,419.46,737.01,419.6,670.73,511.34
987,OK,173,-22,970,970,555.32,419.6,736.71,418.31,670.86,508.78
988,OK,170,-23,975,975,554.27,419.52,736.62,418.92,669.68,509.19
989,OK,170,-22,973,973,554.13,418.78,736.04,418.32,668.23,509.76
990,OK,168,-23,976,976,554.03,419.47,736.49,419.39,667.91,511.65
991,OK,170,-23,974,974,554.28,419.85,736.45,419.07,669.57,509.76
992,OK,172,-19,968,968,554.23,421.03,735.3,419.18,669.11,510.31
993,OK,172,-19,969,969,555.5,419.64,736.78,420.11,667.55,511.21
994,OK,169,-22,977,977,553.72,421.32,736.46,419.24,669.39,513.41
995,OK,172,-18,971,971,554.67,421.8,736.24,419.7,669.56,514.88
996,OK,171,-20,973,973,554.19,420.82,736.1,419.18,668.99,512.24
997,OK,169,-23,976,976,554.19,420.99,736.66,419.57,670.03,510.91
998,OK,171,-19,971,971,554.19,420.64,735.82,420.26,667.93,512.68
999,OK,171,-19,971,971,554.76,420.41,736.34,420.52,668.43,513.28
1000,OK,172,-20,971,971,554.72,420.42,736.32,419.59,668.6,510.47
1001,OK,172,-19,971,971,554.57,420.31,736.21,419.92,668.89,513.34
1002,OK,171,-22,972,972,554.82,419.11,736.66,419.62,668.3,509.66
1003,OK,172,-20,968,968,554.46,419.92,735.58,419.81,667.4,510.02
1004,OK,169,-25,974,974,554.09,419.05,736.27,418.65,667.16,506.86
1005,OK,170,-20,971,971,554.48,418.88,736.15,420.23,666.53,511.3
1006,OK,169,-24,977,977,554.93,417.7,737.63,419.43,668.69,509.78
1007,OK,176,-18,967,967,556.73,418.79,737.55,420.33,671.1,512.01
1008,OK,178,-16,963,963,558.09,418.16,738.21,420.32,671.55,510.94
1009,OK,179,-16,963,963,559.39,417.75,739.51,420.35,671.51,512.26
1010,OK,181,-14,960,960,560.35,417.84,739.81,421.56,672.06,514.05
1011,OK,184,-10,954,954,561.49,417.95,739.95,422.43,672.07,515.38
1012,OK,182,-14,961,961,561.56,417.04,741.29,421.58,673.28,513.83
1013,OK,180,-15,960,960,560.03,417.31,739.5,421.04,671.35,511.37
1014,OK,178,-18,964,964,559.99,416.19,740.17,420.8,671.09,509.75
1015,OK,179,-17,963,963,559.79,415.88,739.93,420.52,671.01,510.5
1016,OK,180,-17,964,964,561.33,416.4,741.54,421.36,672.61,512.61
1017,OK,179,-15,961,961,559.78,417.33,739.47,420.99,669.97,512.17
1018,OK,177,-17,966,966,559.68,416.91,740.26,421.1,670.34,513.71
1019,OK,181,-15,961,961,561.39,416.16,741.08,421.11,671.02,511.61
1020,OK,179,-16,962,962,560.11,416.75,739.9,420.83,671.1,512.14
1021,OK,174,-26,974,974,560.18,414.27,742.32,419.64,671.72,506.88
1022,OK,176,-22,970,970,559.37,414.8,740.8,418.05,672.73,509.74
1023,OK,175,-21,968,968,557.67,415.92,738.74,417.09,670.44,510.58
1024,OK,177,-18,965,965,557.79,416.59,738.23,416.45,670.22,512.44
1025,OK,174,-23,971,971,557.82,414.68,739.5,413.63,670.93,510.32
1026,OK,176,-24,970,970,559.91,412.79,741.41,413.87,672.16,510.33
1027,OK,178,-20,966,966,560.48,413.55,741.22,415.44,672.3,512.28
1028,OK,180,-19,965,965,561.45,413.63,741.95,415.32,672.68,513.15
1029,OK,176,-22,968,968,560.08,415.21,741.13,419.13,671.33,507.37
1030,OK,183,-12,957,957,561.13,419.17,740.16,421.29,672.86,512.34
1031,OK,180,-16,965,965,560.61,419.25,741.05,421.26,675.11,513.33
1032,OK,183,-14,963,963,561.15,421.11,741.23,420.39,678.69,513.87
1033,OK,180,-15,964,964,559.19,420.85,739.59,420.43,675.68,513.67
1034,OK,179,-16,964,964,558.44,419.93,738.7,416.72,674.67,514.95
1035,OK,177,-17,968,968,557.51,420.8,738.42,416.55,674.25,516.2
1036,OK,175,-18,969,969,555.73,419.63,736.88,415.41,672.73,515.29
1037,OK,176,-18,965,965,556.06,417.97,736.48,414.48,670.62,512.92
1038,OK,171,-20,971,971,554.53,417.38,736.11,414.58,668.05,514.31
1039,OK,172,-21,968,968,554.78,416.23,735.78,413.47,666.89,513.09
1040,OK,171,-21,970,970,554.42,417.13,735.88,414.7,667.5,512.73
1041,OK,172,-21,970,970,555.14,417.52,736.58,415.17,668.26,512.5
1042,OK,173,-20,969,969,555.52,417.82,736.65,415.4,669.63,511.92
1043,OK,174,-19,965,965,555.03,417.7,735.44,416.49,667.63,509.76
1044,OK,167,-26,972,972,552.47,415.5,734.31,414.86,663.16,506.53
1045,OK,166,-26,979,979,554.63,414.69,737.69,418.81,664.84,510.62
1046,OK,166,-32,986,986,554.86,416.6,739.21,419.17,671.34,505.37
1047,OK,167,-28,981,981,554.13,416.31,737.56,418.1,669.39,507.61
1048,OK,165,-29,982,982,554.12,414.77,737.83,417.78,667.83,507.9
1049,OK,164,-30,985,985,554.37,414.22,738.46,418.65,666.4,509.06
1050,OK,164,-31,984,984,553.55,415.3,737.55,416.88,666.73,506.03
1051,OK,166,-31,979,979,553.03,415.58,736.21,414.8,666.91,501.6
1052,OK,164,-34,982,982,552.5,415.55,736.09,414.41,666.5,500.66
1053,OK,166,-31,976,976,552.37,415.13,734.87,414.24,665.34,500.74
1054,OK,165,-31,978,978,552.51,414.78,735.45,414.21,666.01,501.67
1055,OK,166,-32,978,978,552.49,415.22,735.46,414.18,666.2,501.2
1056,OK,166,-31,979,979,552.83,415.16,735.93,414.66,666.47,502.04
1057,OK,165,-31,979,979,551.93,414.79,735.07,414.26,665.09,502.15
1058,OK,163,-34,985,985,552.15,414.64,736.37,414.58,666.42,501.72
1059,OK,163,-33,983,983,551.75,415.7,735.57,414.99,665.93,502.48
1060,OK,163,-34,985,985,552.46,415.34,736.62,414.97,667.13,501.08
1061,OK,162,-35,989,989,552.6,415.25,737.49,415.45,668.13,502.92
1062,OK,164,-32,984,984,553.94,415.98,737.9,417.32,667.43,504.54
1063,OK,167,-29,980,980,554.42,416.46,737.75,417.59,668.37,505.03
1064,OK,170,-27,976,976,555.71,415.73,738.32,417.24,669.15,505.55
1065,OK,173,-25,971,971,556.44,415.56,738.13,416.03,669.89,504.37
1066,OK,169,-29,976,976,554.91,415.67,737.42,415.46,668.96,502.99
1067,OK,165,-32,980,980,553.03,415.39,736.4,414.29,667.16,501.83
1068,OK,164,-32,982,982,552.4,416.01,736.1,414.56,667.03,503.15
1069,OK,164,-31,985,985,553.75,414.37,738.03,417.22,666.34,507.07
1070,OK,167,-29,981,981,553.61,415.76,737.14,416.04,669.36,507.21
1071,OK,168,-26,976,976,553.07,418.51,735.59,416.53,668.39,507.89
1072,OK,171,-21,971,971,553.27,419.72,734.83,417.47,668.01,510.54
1073,OK,170,-23,973,973,553.61,418.25,735.63,417.36,667.63,508.34
1074,OK,170,-22,972,972,552.98,419.96,734.78,417.1,668.19,510.06
1075,OK,172,-23,973,973,555.42,418.29,737.34,417.93,670.58,509.55
1076,OK,174,-17,967,967,555.78,418.67,736.54,419.57,668.64,513.09
1077,OK,174,-20,968,968,557.25,417.63,738.21,419.42,669.52,510.87
1078,OK,173,-20,968,968,556.48,417.51,737.58,419.15,668.25,511.02
1079,OK,168,-23,974,974,553.46,418.25,735.63,418.07,667.03,510.3
1080,OK,167,-27,978,978,552.84,417.09,735.66,415.53,668.09,508.52
1081,OK,171,-20,971,971,555.02,417.49,736.57,418.4,667.96,512.06
1082,OK,170,-23,972,972,555.07,415.95,736.91,417.89,666.9,510.63
1083,OK,167,-26,980,980,554.66,414.86,737.88,416.94,668.17,512.26
1084,OK,166,-25,979,979,552.37,417.18,735.48,417.19,666.52,512.26
1085,OK,166,-25,979,979,552.92,416.84,735.98,418.0,666.98,512.03
1086,OK,168,-25,977,977,553.43,417.14,736.11,418.03,667.9,508.96
1087,OK,167,-28,979,979,554.0,415.78,737.16,418.45,667.01,506.48
1088,OK,168,-24,976,976,556.47,414.1,738.89,420.08,665.84,512.88
1089,OK,166,-26,980,980,554.94,415.61,738.16,419.9,665.52,511.89
1090,OK,168,-25,977,977,554.95,416.25,737.69,419.67,666.36,509.0
1091,OK,166,-27,980,980,554.81,415.34,737.97,419.92,666.54,510.03
1092,OK,163,-31,984,984,552.48,416.52,736.47,417.04,666.68,506.5
1093,OK,162,-34,989,989,551.77,417.61,736.74,415.84,669.65,503.98
1094,OK,159,-38,991,991,548.52,417.87,733.87,412.8,666.98,500.43
1095,OK,159,-35,986,986,547.86,418.68,732.23,412.93,664.75,500.69
1096,OK,161,-34,984,984,548.62,418.47,732.52,412.28,665.84,501.77
1097,OK,164,-33,981,981,550.65,415.16,734.18,412.68,665.84,500.22
1098,OK,163,-33,979,979,550.39,414.99,733.41,412.28,663.47,499.26
1099,OK,165,-31,977,977,551.75,414.79,734.46,413.44,664.5,501.22
1100,OK,165,-33,978,978,551.96,414.44,734.79,413.59,665.23,499.61
1101,OK,164,-36,982,982,552.23,413.76,735.9,413.49,666.77,497.41
1102,OK,166,-35,982,982,554.02,413.47,737.66,414.31,668.61,498.34
1103,OK,166,-35,980,980,553.33,413.38,736.57,413.65,668.3,498.2
1104,OK,164,-38,982,982,552.64,412.4,736.32,412.8,666.87,494.9
1105,OK,164,-37,982,982,552.02,413.5,735.6,412.8,667.0,495.14
1106,OK,160,-38,987,987,550.42,413.79,735.0,412.23,665.11,497.08
1107,OK,162,-37,984,984,551.41,414.16,735.43,413.15,665.36,497.78
1108,OK,163,-39,984,984,551.55,413.94,735.5,411.99,667.28,494.65
1109,OK,164,-37,983,983,551.85,413.74,735.71,412.77,668.06,495.94
1110,OK,168,-34,979,979,554.15,413.74,737.2,413.7,668.55,496.39
1111,OK,166,-32,977,977,552.59,414.56,735.25,413.59,665.6,497.97
1112,OK,165,-35,978,978,552.21,413.93,735.1,412.69,665.27,496.01
1113,OK,166,-34,979,979,552.51,414.46,735.52,413.0,666.45,496.93
1114,OK,162,-35,983,983,551.46,414.01,735.38,413.39,664.2,499.11
1115,OK,166,-35,979,979,553.17,414.33,736.22,413.11,666.71,496.14
1116,OK,166,-33,979,979,552.09,415.2,735.12,413.42,666.4,499.58
1117,OK,167,-33,979,979,553.12,414.28,736.13,413.84,667.7,498.55
1118,OK,167,-32,978,978,554.02,414.2,736.92,414.71,668.3,500.85
1119,OK,166,-34,980,980,554.09,413.49,737.41,414.58,666.69,498.36
1120,OK,168,-31,977,977,553.91,414.07,736.63,414.1,668.09,500.82
1121,OK,169,-30,977,977,555.06,414.13,737.77,414.95,669.18,501.83
1122,OK,167,-32,979,979,554.53,414.17,737.66,414.64,667.21,500.11
1123,OK,168,-30,977,977,554.44,414.68,737.26,414.42,667.47,501.92
1124,OK,172,-27,971,971,556.15,415.28,737.75,415.14,668.19,502.6
1125,OK,175,-26,971,971,558.4,414.19,740.01,417.06,671.04,503.16
1126,OK,172,-30,977,977,557.58,414.52,740.33,416.79,672.68,501.15
1127,OK,174,-28,974,974,558.53,415.16,740.72,418.53,672.62,501.88
1128,OK,174,-28,972,972,558.7,415.69,740.45,417.31,672.08,501.25
1129,OK,172,-30,979,979,557.06,416.54,740.12,416.15,673.42,503.03
1130,OK,171,-28,977,977,556.0,417.1,738.75,416.97,671.48,504.33
1131,OK,167,-32,983,983,554.41,417.07,738.21,415.82,670.86,502.2
1132,OK,166,-33,984,984,554.01,416.91,738.08,416.81,670.13,502.54
1133,OK,166,-32,984,984,553.53,417.69,737.61,416.29,670.78,503.97
1134,OK,166,-31,982,982,553.99,417.29,737.62,416.74,670.08,503.26
1135,OK,169,-28,979,979,554.31,417.97,737.4,416.61,670.26,504.8
1136,OK,167,-31,982,982,554.75,417.55,738.36,417.06,669.99,504.26
1137,OK,169,-26,976,976,555.14,417.9,737.68,418.27,669.59,506.34
1138,OK,172,-25,975,975,557.02,417.11,739.3,418.76,670.64,506.96
1139,OK,171,-27,976,976,556.45,417.74,738.91,418.15,671.46,505.67
1140,OK,167,-30,980,980,555.18,416.62,738.48,417.33,669.02,504.54
1141,OK,165,-33,985,985,552.61,417.29,736.89,415.97,669.5,501.84
1142,OK,164,-33,982,982,551.77,417.37,735.49,415.8,666.46,500.08
1143,OK,163,-33,983,983,551.37,417.3,735.16,415.01,665.89,500.04
1144,OK,163,-33,983,983,551.21,417.2,735.02,415.3,665.06,501.3
1145,OK,165,-30,979,979,551.89,417.84,735.04,415.99,666.53,501.29
1146,OK,163,-32,984,984,551.38,418.75,735.34,416.47,667.51,503.89
1147,OK,162,-34,986,986,551.54,417.33,735.94,416.18,667.19,502.73
1148,OK,163,-32,985,985,551.18,418.59,735.46,416.19,667.25,503.18
1149,OK,162,-37,988,988,552.69,416.61,737.41,415.93,668.37,499.18
1150,OK,157,-41,994,994,550.46,415.21,736.37,415.25,666.46,497.89
1151,OK,157,-35,987,987,547.24,416.09,731.8,411.71,662.23,503.71
1152,OK,156,-35,986,986,545.9,415.66,730.15,410.31,660.99,504.12
1153,OK,156,-36,986,986,546.06,415.01,730.48,410.64,660.9,502.96
1154,OK,158,-35,985,985,547.26,414.26,731.52,410.99,662.12,502.61
1155,OK,157,-35,985,985,546.59,414.39,730.84,409.4,660.84,503.55
1156,OK,161,-32,979,979,547.38,414.53,730.47,409.15,662.29,503.32
1157,OK,167,-29,979,979,553.55,416.2,736.69,415.55,667.51,505.33
1158,OK,166,-32,985,985,554.35,415.68,738.5,417.66,669.87,503.56
1159,OK,169,-26,977,977,555.5,416.13,738.2,417.91,668.58,508.25
1160,OK,168,-26,977,977,554.43,416.22,737.11,417.6,668.17,507.74
1161,OK,168,-28,976,976,553.89,416.14,736.49,416.56,668.81,505.11
1162,OK,170,-26,977,977,555.63,417.2,738.26,418.97,670.67,506.66
1163,OK,171,-26,974,974,555.27,416.72,737.49,418.07,669.99,506.5
1164,OK,171,-25,974,974,555.65,417.64,737.78,418.84,670.24,507.6
1165,OK,170,-27,977,977,555.12,417.38,737.78,418.19,670.42,505.86
1166,OK,171,-24,973,973,555.12,417.31,737.16,418.0,668.74,506.63
1167,OK,169,-28,978,978,555.54,416.96,738.38,418.53,669.6,504.8
1168,OK,171,-26,977,977,555.66,416.76,738.41,418.82,671.02,506.98
1169,OK,168,-29,981,981,554.69,416.91,738.07,418.18,670.82,506.15
1170,OK,167,-29,982,982,554.79,417.18,738.49,418.39,671.27,507.45
1171,OK,169,-28,978,978,554.93,416.7,737.83,418.42,670.45,505.89
1172,OK,168,-29,980,980,555.56,416.21,738.88,418.67,670.01,505.15
1173,OK,168,-30,980,980,554.91,416.86,738.2,418.31,670.39,503.76
1174,OK,170,-27,977,977,555.62,416.98,738.29,418.35,669.99,505.56
1175,OK,167,-30,983,983,554.36,417.26,738.2,417.84,670.94,504.8
1176,OK,166,-32,985,985,553.8,417.27,737.99,418.08,670.15,504.28
1177,OK,165,-33,985,985,553.55,417.13,737.71,417.54,669.21,501.97
1178,OK,167,-33,982,982,554.74,417.15,738.36,417.05,669.64,500.47
1179,OK,167,-33,982,982,555.33,416.11,738.92,416.85,670.87,500.68
1180,OK,169,-33,981,981,555.47,415.62,738.87,415.87,671.92,499.61
1181,OK,170,-32,978,978,557.07,414.61,740.0,417.37,670.35,499.29
1182,OK,171,-30,976,976,556.59,415.5,739.07,416.95,670.56,499.87
1183,OK,172,-29,975,975,556.49,415.41,738.9,417.11,670.71,500.54
1184,OK,170,-32,978,978,556.39,415.15,739.25,416.74,670.5,498.41
1185,OK,169,-33,978,978,555.92,415.06,738.75,416.65,670.22,497.31
1186,OK,169,-34,980,980,556.69,414.42,739.92,416.63,670.56,496.87
1187,OK,170,-33,977,977,555.69,414.96,738.47,414.73,669.74,495.43
1188,OK,169,-33,977,977,555.2,415.08,737.84,413.64,669.44,495.74
1189,OK,170,-33,975,975,554.72,413.75,737.08,412.95,668.25,496.52
1190,OK,167,-34,976,976,552.56,414.15,735.15,411.37,667.08,496.05
1191,OK,171,-31,973,973,555.12,413.97,737.17,413.9,668.96,496.72
1192,OK,170,-32,977,977,555.8,414.84,738.55,415.61,669.91,497.34
1193,OK,169,-33,979,979,555.3,414.88,738.39,415.69,669.53,497.75
1194,OK,168,-35,983,983,556.22,414.26,739.98,416.96,670.05,496.99
1195,OK,168,-34,983,983,556.11,414.73,740.0,417.02,670.48,498.48
1196,OK,167,-34,982,982,555.29,415.9,739.03,416.43,670.19,498.97
1197,OK,166,-36,984,984,555.41,415.47,739.49,416.37,669.85,497.79
1198,OK,168,-34,983,983,556.8,414.52,740.6,417.66,670.09,498.62
1199,OK,167,-36,984,984,556.47,414.43,740.55,417.24,670.83,497.22
1200,OK,167,-35,984,984,556.43,414.66,740.53,417.13,670.82,498.44
1201,OK,170,-32,976,976,555.91,415.8,738.51,418.81,669.19,496.36
1202,OK,167,-31,978,978,555.24,417.37,738.07,419.61,667.27,498.15
1203,OK,155,-30,983,983,545.83,419.36,729.68,416.56,655.66,504.11
1204,OK,124,-29,995,995,520.56,434.73,705.93,419.42,629.2,510.22
1205,OK,77,-32,1021,1021,488.98,447.44,677.75,419.2,592.07,523.47
1206,OK,67,-15,1006,1006,477.59,452.7,664.48,431.37,570.45,534.52
1207,OK,58,5,983,983,461.09,465.17,642.53,435.92,547.1,543.1
1208,OK,53,10,983,983,455.67,469.16,636.92,438.09,542.69,549.8
1209,OK,45,21,980,980,448.56,478.74,628.33,443.44,533.39,561.1
1210,OK,41,24,988,988,446.29,487.97,626.83,448.24,534.13,568.38
1211,OK,59,9,993,993,461.96,477.57,643.38,438.07,558.22,552.56
1212,OK,65,3,996,996,468.37,476.47,649.04,430.86,567.58,548.91
1213,OK,73,1,989,989,471.76,472.8,650.81,426.71,573.23,541.32
1214,OK,72,9,980,980,470.26,476.69,647.02,428.51,567.25,545.96
1215,OK,68,18,979,979,464.08,483.96,640.85,435.92,563.14,555.94
1216,OK,74,28,974,974,468.28,490.29,643.55,440.55,567.69,565.42
1217,OK,77,39,971,971,468.27,500.03,641.99,446.82,568.87,575.22
1218,OK,75,38,984,984,472.34,504.51,648.38,451.13,574.97,583.92
1219,OK,64,24,1011,1011,471.46,504.03,652.36,448.95,577.52,581.71
1220,OK,73,24,1009,1009,478.78,500.49,660.45,449.59,585.61,581.88
1221,OK,85,31,995,995,484.19,503.18,662.25,449.05,591.48,580.38
1222,OK,80,23,1006,1006,483.98,500.65,664.41,447.38,592.82,578.15
1223,OK,81,18,1012,1012,486.71,501.59,667.33,445.08,598.86,574.72
1224,OK,79,13,1017,1017,486.42,498.1,669.28,445.39,597.19,571.84
1225,OK,76,12,1021,1021,485.26,498.39,668.61,444.83,596.92,573.64
1226,OK,78,21,1012,1012,484.95,499.57,667.55,449.44,593.61,579.56
1227,OK,75,23,1013,1013,481.46,498.96,664.58,450.43,589.22,585.09
1228,OK,76,26,1006,1006,479.85,502.26,660.85,451.14,587.7,582.64
1229,OK,73,26,1006,1006,478.95,501.38,660.19,451.07,584.18,582.58
1230,OK,72,25,1011,1011,479.11,503.95,661.09,452.43,585.29,583.67
1231,OK,82,36,994,994,483.05,506.38,661.65,454.61,587.29,586.48
1232,OK,76,30,999,999,480.13,504.69,658.9,450.69,581.8,580.99
1233,OK,79,29,1002,1002,483.09,503.9,663.05,451.73,587.01,583.8
1234,OK,78,26,1010,1010,485.87,503.66,668.04,453.37,590.88,584.3
1235,OK,78,27,1010,1010,485.52,504.31,667.86,455.07,590.4,585.89
1236,OK,70,19,1025,1025,482.37,506.96,666.66,454.09,590.47,581.88
1237,OK,70,24,1016,1016,479.29,506.89,661.45,452.74,586.99,584.22
1238,OK,74,30,1007,1007,480.38,508.26,661.36,456.1,584.04,584.74
1239,OK,70,30,1004,1004,476.38,510.02,655.7,454.24,579.45,582.14
1240,OK,75,35,998,998,478.72,512.72,657.34,458.62,581.91,583.29
1241,OK,72,32,1007,1007,477.06,512.13,656.4,454.81,584.25,587.1
1242,OK,63,28,1014,1014,472.49,512.2,653.32,455.27,577.9,587.04
1243,OK,63,31,1013,1013,472.15,513.59,653.26,458.17,576.78,590.05
1244,OK,66,35,1006,1006,472.36,514.98,652.21,459.81,576.88,588.79
1245,OK,66,32,1008,1008,472.79,513.36,652.73,457.13,577.4,588.21
1246,OK,62,28,1014,1014,471.96,513.41,652.92,456.49,577.46,585.59
1247,OK,67,31,1009,1009,473.56,513.96,653.72,457.78,579.19,585.85
1248,OK,68,32,1008,1008,474.07,515.64,653.52,457.67,581.12,586.44
1249,OK,67,33,1006,1006,473.26,512.49,652.9,456.48,577.26,588.03
1250,OK,65,32,1009,1009,472.31,511.26,653.19,457.14,576.8,588.9
1251,OK,62,29,1015,1015,471.35,511.65,653.12,456.72,576.88,588.94
1252,OK,65,32,1008,1008,472.09,512.49,652.1,456.46,576.04,588.45
1253,OK,65,32,1007,1007,472.11,512.3,651.89,456.22,575.27,586.6
1254,OK,66,35,1003,1003,471.68,516.44,649.65,457.35,574.31,585.16
1255,OK,65,29,1008,1008,472.76,513.77,652.09,455.51,576.4,582.71
1256,OK,63,29,1008,1008,471.33,511.16,651.1,454.19,574.28,583.63
1257,OK,67,33,1005,1005,473.27,514.19,652.49,457.65,576.81,584.69
1258,OK,64,29,1010,1010,473.04,512.3,653.2,455.79,576.09,585.03
1259,OK,63,28,1012,1012,472.34,512.32,652.66,454.53,575.78,585.13
1260,OK,61,26,1017,1017,472.3,514.39,653.56,456.98,576.31,583.63
1261,OK,66,29,1009,1009,474.16,511.31,653.71,453.43,577.85,584.74
1262,OK,70,32,1003,1003,474.8,511.34,653.24,453.52,579.02,585.05
1263,OK,67,30,1007,1007,473.47,512.79,652.26,453.63,578.89,584.7
1264,OK,71,33,1000,1000,474.7,510.44,652.91,453.59,578.33,584.13
1265,OK,71,30,1005,1005,475.83,510.08,655.09,453.3,581.02,583.12
1266,OK,67,29,1008,1008,473.89,511.94,653.52,454.47,578.99,583.65
1267,OK,63,24,1014,1014,472.62,512.85,652.73,453.34,578.48,580.82
1268,OK,69,34,1002,1002,473.46,514.46,651.17,454.76,578.15,587.22
1269,OK,69,38,999,999,472.5,516.74,649.38,456.49,576.53,587.39
1270,OK,62,30,1010,1010,471.11,514.18,650.54,455.23,574.84,586.23
1271,OK,70,36,1001,1001,473.7,514.61,651.24,455.16,578.79,587.23
1272,OK,69,36,1000,1000,473.24,514.59,650.43,454.78,577.43,587.67
1273,OK,66,39,995,995,469.06,513.78,646.47,457.41,569.49,587.63
1274,OK,64,33,1005,1005,470.28,511.55,650.32,457.82,572.38,586.82
1275,OK,66,36,1000,1000,471.0,511.18,650.39,458.08,572.32,587.69
1276,OK,66,37,1001,1001,470.96,515.38,649.7,459.56,572.74,586.88
1277,OK,67,38,997,997,470.51,513.84,648.16,457.03,572.03,587.51
1278,OK,56,24,1019,1019,468.05,513.81,649.59,455.75,572.51,581.99
1279,OK,67,35,1003,1003,471.95,512.53,651.7,458.78,574.74,587.62
1280,OK,68,34,1002,1002,473.35,510.91,653.54,459.56,575.14,586.51
1281,OK,61,26,1016,1016,471.41,512.39,653.73,458.92,575.71,583.45
1282,OK,61,27,1019,1019,471.79,513.95,654.43,459.56,577.34,586.01
1283,OK,67,33,1006,1006,473.15,511.76,653.56,458.16,576.85,587.09
1284,OK,65,25,1015,1015,474.6,512.17,656.14,456.72,579.56,581.19
1285,OK,71,35,1005,1005,475.61,513.15,655.56,458.57,581.49,588.15
1286,OK,65,29,1012,1012,473.12,512.52,654.19,457.46,578.48,586.06
1287,OK,59,23,1022,1022,471.67,513.45,654.81,458.66,576.81,583.19
1288,OK,64,29,1012,1012,472.57,513.23,653.88,458.92,577.03,584.51
1289,OK,67,30,1011,1011,473.92,513.22,654.7,457.83,579.69,584.96
1290,OK,70,33,1006,1006,474.92,512.8,655.69,460.3,580.76,586.84
1291,OK,70,42,989,989,470.1,516.17,645.79,458.09,570.22,586.29
1292,OK,62,37,1001,1001,465.97,516.93,643.58,457.78,569.44,587.49
1293,OK,62,36,1001,1001,466.78,518.16,643.83,457.02,569.75,585.08
1294,OK,65,37,998,998,469.67,516.42,646.94,457.91,570.22,585.9
1295,OK,64,33,1005,1005,470.92,513.32,650.74,458.54,572.46,584.69
1296,OK,65,29,1007,1007,472.8,512.02,653.57,459.0,574.11,579.61
1297,OK,64,33,1005,1005,471.11,514.73,650.33,457.96,573.26,584.06
1298,OK,62,32,1007,1007,470.2,515.96,649.56,458.3,571.75,583.29
1299,OK,63,31,1006,1006,470.49,514.08,649.83,457.24,572.8,583.7
1300,OK,71,39,996,996,473.38,514.14,651.61,460.05,575.55,587.49
1301,OK,67,35,1000,1000,471.57,509.86,651.39,458.69,573.33,586.48
1302,OK,66,34,1002,1002,471.74,510.96,651.33,457.19,573.97,586.27
1303,OK,60,26,1012,1012,470.04,511.32,651.34,456.88,573.28,581.87
1304,OK,67,33,1000,1000,471.51,510.4,650.62,456.5,573.52,583.88
1305,OK,63,28,1007,1007,470.05,510.38,649.8,454.42,572.76,579.95
1306,OK,64,31,1003,1003,469.33,511.44,648.3,455.1,571.2,582.21
1307,OK,60,26,1012,1012,469.25,511.02,650.07,455.07,572.9,581.02
1308,OK,61,30,1004,1004,468.23,511.33,647.3,454.84,569.61,581.71
1309,OK,61,29,1005,1005,467.81,511.26,646.95,454.11,569.95,580.27
1310,OK,61,28,1004,1004,468.24,511.54,646.94,453.79,570.08,578.77
1311,OK,62,24,1011,1011,469.87,509.62,650.03,452.52,575.17,578.46
1312,OK,62,22,1015,1015,470.35,509.16,651.64,452.87,577.33,578.34
1313,OK,66,30,1007,1007,472.23,510.63,652.08,454.8,577.1,583.54
1314,OK,62,24,1013,1013,469.99,510.5,650.88,453.99,576.87,579.47
1315,OK,59,20,1021,1021,470.44,510.17,652.93,454.05,578.16,579.81
1316,OK,68,32,1002,1002,472.55,511.63,651.69,456.54,576.98,583.07
1317,OK,64,27,1013,1013,472.33,511.8,653.81,457.66,577.29,582.11
1318,OK,69,34,1000,1000,473.48,510.11,653.06,457.87,576.24,585.62
1319,OK,68,35,1001,1001,472.14,511.75,651.19,457.04,575.17,587.37
1320,OK,67,36,1001,1001,471.44,512.22,650.44,457.08,574.48,587.51
1321,OK,55,26,1018,1018,466.65,513.35,648.36,456.7,570.51,585.27
1322,OK,57,28,1014,1014,467.03,514.09,647.77,456.37,571.48,585.01
1323,OK,69,38,997,997,471.72,513.51,649.5,457.06,574.34,588.2
1324,OK,64,33,1005,1005,470.25,510.97,650.41,457.29,573.16,586.68
1325,OK,65,34,1004,1004,471.28,512.39,650.95,457.99,574.28,587.94
1326,OK,69,36,999,999,472.24,511.25,650.77,456.46,575.41,586.65
1327,OK,61,26,1014,1014,470.2,512.58,651.15,456.02,575.68,582.73
1328,OK,68,36,999,999,471.49,511.28,650.21,457.09,573.8,585.83
1329,OK,66,31,1007,1007,472.16,512.06,651.76,455.61,576.91,585.76
1330,OK,70,38,997,997,472.77,514.05,650.83,458.83,575.75,586.07
1331,OK,68,36,1000,1000,472.5,512.14,651.62,458.59,574.6,586.97
1332,OK,69,40,995,995,471.01,516.3,647.8,458.36,573.47,588.05
1333,OK,67,36,1000,1000,471.52,514.54,649.05,455.87,574.52,586.98
1334,OK,60,25,1017,1017,470.33,514.04,651.41,455.96,575.34,582.12
1335,OK,64,30,1009,1009,470.77,513.72,650.62,456.45,575.4,584.23
1336,OK,66,26,1010,1010,473.57,509.09,654.88,456.4,578.82,579.27
1337,OK,63,25,1012,1012,471.56,511.44,652.12,454.62,577.66,578.98
1338,OK,65,27,1008,1008,472.03,511.25,651.78,454.27,577.57,580.33
1339,OK,62,29,1007,1007,469.43,511.2,649.19,455.19,572.61,581.79
1340,OK,62,26,1011,1011,470.07,510.6,651.05,455.75,573.9,580.26
1341,OK,63,31,1005,1005,469.7,511.57,649.11,455.4,571.65,583.62
1342,OK,63,32,1003,1003,468.73,512.17,647.49,455.48,571.23,582.34
1343,OK,73,32,994,994,474.46,507.36,651.71,451.2,577.67,579.55
1344,OK,75,2,1022,1022,482.64,486.11,667.11,435.99,598.11,565.21
1345,OK,117,-23,1004,1004,513.05,451.05,696.96,412.71,634.92,527.74
1346,OK,138,-29,999,999,527.16,443.11,709.15,400.9,655.91,518.43
1347,OK,161,-26,983,983,542.92,433.53,724.04,401.95,671.78,512.68
1348,OK,167,-46,997,997,552.22,420.0,737.04,395.91,687.23,497.07
1349,OK,214,-24,945,945,576.36,409.73,753.14,406.35,709.13,489.4
1350,OK,230,-18,928,928,583.15,409.0,756.71,404.3,718.38,485.68
1351,OK,220,-20,939,939,580.18,408.93,755.64,403.59,711.91,492.83
1352,OK,212,-23,942,942,574.65,410.13,750.73,403.28,704.06,491.07
1353,OK,204,-26,953,953,573.25,412.19,751.42,410.71,697.77,490.16
1354,OK,199,-28,958,958,571.27,413.4,750.4,410.27,696.63,491.12
1355,OK,190,-33,969,969,567.69,414.37,748.99,413.43,691.0,488.33
1356,OK,186,-37,972,972,565.49,412.11,747.3,415.09,688.77,485.27
1357,OK,183,-38,975,975,564.41,412.26,746.75,415.65,686.2,485.67
1358,OK,173,-45,989,989,561.43,409.46,746.32,413.61,681.46,487.3
1359,OK,178,-40,983,983,563.16,411.48,746.89,414.67,684.91,489.41
1360,OK,181,-39,980,980,564.4,410.48,747.65,414.66,686.34,489.93
1361,OK,178,-39,982,982,563.18,412.05,746.87,415.46,683.87,490.38
1362,OK,176,-39,982,982,561.65,413.6,745.25,415.14,681.09,490.9
1363,OK,176,-30,979,979,559.59,418.71,742.62,415.85,679.57,502.64
1364,OK,176,-28,977,977,558.9,419.87,741.56,416.32,679.15,503.66
1365,OK,178,-26,975,975,560.07,419.01,742.4,416.15,679.19,504.54
1366,OK,177,-27,978,978,560.1,420.49,742.96,416.22,681.99,506.45
1367,OK,177,-28,981,981,560.64,420.32,744.11,416.0,682.71,506.97
1368,OK,178,-25,980,980,561.16,420.89,744.38,417.57,683.88,510.94
1369,OK,176,-23,975,975,559.14,418.74,741.49,417.7,677.49,510.67
1370,OK,177,-21,973,973,559.65,418.8,741.56,419.32,675.82,512.86
1371,OK,177,-23,974,974,560.19,417.83,742.35,418.24,678.11,510.25
1372,OK,177,-21,973,973,559.63,419.52,741.58,418.25,676.29,511.2
1373,OK,180,-18,967,967,560.07,420.61,740.93,418.59,676.43,511.52
1374,OK,177,-22,975,975,558.1,421.15,740.48,418.22,679.23,511.96
1375,OK,177,-19,971,971,558.23,420.29,739.91,418.55,676.03,513.73
1376,OK,181,-14,965,965,558.57,423.57,739.03,420.19,677.63,515.45
1377,OK,180,-15,967,967,558.23,424.82,739.02,419.56,677.8,514.37
1378,OK,182,-17,966,966,560.17,423.49,740.8,419.37,679.68,511.42
1379,OK,180,-20,970,970,561.1,422.1,742.49,418.33,679.88,510.65
1380,OK,180,-24,973,973,560.45,421.89,742.29,416.04,682.44,507.03
1381,OK,181,-22,973,973,561.52,421.53,743.38,417.49,682.76,509.51
1382,OK,177,-24,974,974,559.68,421.54,741.7,416.31,678.82,508.82
1383,OK,181,-17,966,966,560.2,422.64,740.86,418.45,678.92,511.69
1384,OK,177,-19,974,974,558.47,424.04,740.5,419.32,679.61,514.79
1385,OK,177,-20,970,970,557.58,421.58,738.92,418.14,677.25,511.43
1386,OK,174,-24,977,977,557.18,419.31,739.99,418.39,676.51,509.62
1387,OK,173,-22,976,976,555.63,422.6,738.16,418.64,676.08,511.49
1388,OK,176,-20,972,972,556.86,422.4,738.66,419.26,677.42,511.29
1389,OK,180,-18,964,964,558.26,420.69,738.57,418.1,675.9,510.53
1390,OK,178,-19,970,970,558.35,421.22,739.72,418.52,678.37,512.62
1391,OK,178,-19,970,970,557.48,422.21,738.87,417.81,678.36,512.34
1392,OK,179,-18,969,969,557.85,423.46,739.09,418.95,679.42,512.8
1393,OK,179,-18,970,970,557.72,424.31,739.01,418.67,680.28,513.77
1394,OK,180,-15,967,967,557.53,424.68,738.27,419.57,678.88,514.63
1395,OK,181,-14,965,965,557.35,425.18,737.81,419.05,678.72,515.24
1396,OK,179,-16,968,968,557.68,424.78,738.59,419.14,679.73,514.39
1397,OK,179,-18,970,970,557.73,425.07,738.98,418.83,680.09,513.62
1398,OK,180,-15,968,968,558.97,424.8,739.96,419.18,680.39,516.4
1399,OK,179,-19,970,970,558.86,423.39,740.19,418.07,679.55,513.21
1400,OK,180,-21,973,973,559.65,422.13,741.53,417.27,681.94,511.93
1401,OK,179,-20,975,975,559.23,424.54,741.52,417.08,683.17,515.13
1402,OK,182,-15,965,965,560.02,423.35,740.41,418.21,679.53,514.61
1403,OK,183,-16,965,965,560.27,423.58,740.59,417.43,680.29,512.53
1404,OK,182,-20,969,969,559.74,423.13,740.88,416.6,681.82,509.41
1405,OK,183,-17,966,966,561.08,423.51,741.78,418.65,682.27,512.43
1406,OK,183,-16,966,966,560.18,425.06,740.66,418.44,682.98,512.33
1407,OK,181,-16,966,966,559.31,422.67,739.92,419.96,679.02,514.09
1408,OK,180,-14,965,965,558.45,423.33,738.93,420.91,676.57,515.69
1409,OK,181,-13,962,962,559.32,422.4,739.29,421.84,676.55,515.44
1410,OK,181,-15,967,967,558.78,424.19,739.62,419.05,679.78,515.55
1411,OK,181,-20,970,970,560.21,422.92,741.55,417.57,682.09,511.14
1412,OK,182,-19,968,968,560.79,423.12,741.81,417.91,682.0,510.54
1413,OK,184,-18,967,967,562.09,423.05,742.9,418.98,682.77,510.51
1414,OK,183,-17,966,966,561.35,422.87,742.04,418.68,681.0,511.81
1415,OK,181,-19,971,971,560.94,423.86,742.4,419.23,681.65,512.05
1416,OK,182,-19,970,970,561.45,424.22,742.85,419.43,683.33,511.12
1417,OK,182,-19,969,969,560.16,423.73,741.37,417.98,681.39,510.62
1418,OK,180,-15,969,969,558.44,425.58,739.61,419.29,679.69,515.6
1419,OK,180,-14,966,966,558.44,424.48,739.08,421.9,677.58,515.62
1420,OK,180,-15,969,969,558.3,425.41,739.55,422.14,679.56,515.17
1421,OK,174,-15,972,972,556.0,427.93,737.77,424.05,674.93,516.46
1422,OK,178,-14,970,970,557.62,428.47,738.96,423.39,679.36,516.94
1423,OK,183,-10,962,962,559.17,427.74,739.11,423.45,679.59,518.28
1424,OK,183,-10,962,962,560.1,426.17,740.04,424.75,679.48,517.58
1425,OK,183,-9,961,961,559.35,426.72,739.03,422.55,678.78,517.51
1426,OK,182,-10,962,962,559.16,425.8,739.09,422.58,677.62,518.0
1427,OK,183,-10,960,960,559.5,424.81,739.12,423.53,677.26,516.3
1428,OK,180,-12,962,962,558.73,423.81,738.71,422.66,674.87,515.32
1429,OK,180,-14,964,964,558.24,423.82,738.6,422.4,675.66,513.99
1430,OK,181,-13,963,963,558.86,423.96,738.93,421.7,676.56,514.31
1431,OK,178,-17,968,968,558.76,422.52,739.84,422.29,675.93,513.43
1432,OK,181,-16,966,966,559.68,423.09,740.29,420.33,678.65,512.86
1433,OK,181,-17,966,966,560.01,421.75,740.73,420.11,679.31,513.04
1434,OK,182,-15,964,964,559.94,422.52,740.3,420.59,678.55,513.39
1435,OK,181,-14,963,963,558.9,422.85,739.06,421.2,676.98,513.78
1436,OK,181,-12,961,961,557.85,423.18,737.66,421.81,674.82,514.75
1437,OK,178,-15,966,966,558.12,422.92,738.71,421.79,675.16,514.06
1438,OK,179,-14,964,964,557.99,423.81,738.24,421.92,675.0,514.49
1439,OK,179,-13,963,963,557.43,424.99,737.48,421.66,673.68,514.36
1440,OK,181,-12,961,961,557.41,423.81,737.18,421.13,674.84,514.63
1441,OK,179,-15,964,964,557.35,423.74,737.53,420.6,675.38,513.13
1442,OK,179,-15,964,964,557.66,423.13,737.89,421.02,674.84,512.55
1443,OK,181,-15,964,964,558.41,424.6,738.62,420.29,678.83,512.19
1444,OK,183,-13,961,961,558.42,424.38,738.2,419.93,678.53,512.12
1445,OK,181,-16,967,967,558.66,424.76,739.45,419.15,680.61,512.35
1446,OK,186,-15,960,960,560.9,423.51,740.48,419.65,681.46,510.3
1447,OK,185,-16,963,963,561.28,423.46,741.32,418.89,682.48,510.52
1448,OK,184,-15,962,962,560.11,423.78,739.95,418.99,680.75,511.06
1449,OK,182,-16,967,967,559.26,425.2,740.12,419.92,681.26,511.54
1450,OK,181,-16,966,966,558.74,425.34,739.29,420.15,680.52,512.3
1451,OK,182,-13,960,960,558.03,425.61,737.52,420.4,677.82,511.8
1452,OK,180,-16,964,964,557.35,425.18,737.65,419.99,677.77,510.72
1453,OK,180,-14,963,963,556.77,425.03,736.88,419.98,675.92,512.41
1454,OK,180,-14,962,962,556.76,423.87,736.6,419.8,675.5,512.58
1455,OK,180,-13,961,961,556.68,423.98,736.36,420.4,674.87,512.11
1456,OK,180,-15,963,963,557.35,423.68,737.51,420.81,675.98,511.73
1457,OK,181,-14,961,961,558.3,423.29,738.05,420.97,675.73,510.42
1458,OK,181,-13,962,962,557.99,425.69,737.76,420.77,677.92,512.88
1459,OK,186,-12,959,959,560.44,425.37,739.76,420.35,680.63,511.7
1460,OK,185,-13,959,959,560.97,423.38,740.28,419.95,679.19,510.97
1461,OK,183,-16,965,965,560.4,422.49,740.93,419.65,679.81,511.11
1462,OK,183,-13,963,963,559.89,424.01,740.02,420.46,679.9,513.98
1463,OK,183,-13,961,961,559.13,423.67,738.84,419.88,678.72,512.61
1464,OK,184,-12,961,961,559.5,423.45,739.13,420.68,678.91,514.56
1465,OK,182,-16,964,964,559.39,423.07,739.64,419.15,679.57,511.57
1466,OK,182,-17,965,965,560.06,421.95,740.57,419.91,679.46,510.0
1467,OK,183,-17,964,964,559.78,422.71,740.12,419.33,680.67,510.78
1468,OK,181,-19,967,967,559.25,422.02,740.16,418.84,679.84,509.09
1469,OK,181,-18,967,967,559.12,422.34,739.99,419.31,679.0,509.61
1470,OK,181,-19,968,968,559.28,423.33,740.21,419.06,681.56,510.15
1471,OK,181,-17,968,968,559.05,424.42,739.96,419.69,680.5,512.91
1472,OK,182,-14,963,963,558.6,424.03,738.72,420.33,678.45,512.67
1473,OK,183,-12,960,960,559.04,424.43,738.51,420.75,678.39,514.18
1474,OK,184,-12,959,959,559.54,424.49,738.85,419.97,678.53,513.39
1475,OK,183,-14,963,963,559.58,424.2,739.69,420.7,679.3,512.31
1476,OK,179,-17,968,968,557.59,424.95,738.54,420.4,678.4,512.45
1477,OK,177,-17,968,968,556.62,424.21,737.63,420.15,676.27,511.98
1478,OK,179,-16,965,965,556.75,423.94,737.22,420.85,676.19,510.08
1479,OK,178,-17,967,967,556.68,423.7,737.44,420.53,676.76,510.09
1480,OK,179,-16,964,964,557.25,422.84,737.52,420.74,676.09,510.26
1481,OK,178,-17,966,966,556.45,423.81,737.15,420.58,675.82,510.67
1482,OK,178,-16,966,966,556.89,423.96,737.62,420.55,676.43,512.07
1483,OK,176,-19,970,970,556.1,423.98,737.47,420.47,676.46,510.85
1484,OK,177,-18,968,968,556.43,423.35,737.51,420.8,676.52,510.44
1485,OK,180,-16,965,965,556.72,423.24,737.19,420.17,677.23,510.64
1486,OK,179,-15,963,963,556.27,423.02,736.29,420.29,674.3,511.06
1487,OK,176,-20,971,971,556.08,423.19,737.74,420.08,676.06,509.01
1488,OK,180,-13,963,963,557.06,424.32,737.22,421.03,675.5,513.43
1489,OK,183,-12,961,961,559.26,423.57,739.03,420.78,678.65,514.11
1490,OK,182,-16,965,965,559.77,422.59,740.29,420.39,679.69,511.66
1491,OK,182,-17,966,966,559.28,422.71,740.02,419.88,680.64,510.74
1492,OK,182,-18,967,967,560.06,421.96,740.92,419.52,680.58,510.99
1493,OK,182,-18,967,967,560.19,423.99,741.05,421.69,680.04,508.39
1494,OK,182,-18,969,969,560.7,423.32,741.93,419.52,682.64,511.76
1495,OK,184,-17,964,964,561.08,423.46,741.24,419.13,681.93,510.31
1496,OK,185,-14,963,963,561.09,423.42,741.26,419.87,681.72,512.37
1497,OK,184,-14,963,963,560.97,422.92,741.09,420.21,680.15,513.63
1498,OK,183,-16,966,966,560.5,424.14,741.17,419.24,681.98,512.67
1499,OK,183,-15,966,966,560.29,425.11,740.88,419.99,682.87,513.7
1500,OK,184,-15,965,965,559.89,425.62,740.2,419.99,682.21,513.12
1501,OK,183,-16,964,964,560.42,423.85,740.74,419.88,680.57,512.11
1502,OK,184,-13,962,962,560.09,425.19,739.96,420.49,681.06,513.25
1503,OK,185,-12,959,959,560.04,423.15,739.32,420.56,678.84,512.52
1504,OK,182,-14,964,964,558.79,424.7,739.08,421.16,680.21,513.55
1505,OK,184,-12,960,960,559.49,424.52,738.97,421.24,679.15,514.46
1506,OK,181,-14,964,964,558.07,424.43,738.42,420.44,678.56,514.38
1507,OK,183,-12,961,961,558.84,424.63,738.59,421.23,678.54,514.49
1508,OK,183,-13,963,963,559.15,424.62,739.14,420.53,680.29,513.67
1509,OK,183,-12,960,960,559.63,423.77,739.11,420.46,678.22,514.46
1510,OK,183,-14,963,963,559.24,423.64,739.35,419.95,679.27,512.89
1511,OK,184,-12,961,961,559.78,423.26,739.51,420.55,678.92,514.38
1512,OK,182,-16,964,964,559.47,422.59,739.71,420.23,679.05,511.6
1513,OK,179,-15,967,967,556.65,425.15,737.46,420.5,677.03,513.59
1514,OK,179,-13,964,964,557.03,424.77,737.26,421.12,675.67,515.22
1515,OK,179,-14,964,964,557.09,424.69,737.43,420.74,676.72,513.89
1516,OK,178,-15,966,966,557.16,424.32,737.83,420.4,676.14,513.98
1517,OK,180,-16,968,968,558.83,424.41,739.86,420.0,680.07,513.87
1518,OK,182,-15,965,965,559.28,422.9,739.77,420.28,679.26,513.49
1519,OK,176,-21,974,974,557.67,423.61,739.77,420.67,679.01,510.18
1520,OK,181,-19,966,966,558.79,419.8,739.47,417.7,679.14,510.74
1521,OK,182,-19,967,967,559.67,418.92,740.57,416.39,680.08,512.06
1522,OK,182,-18,965,965,560.02,418.93,740.54,415.59,679.61,511.68
1523,OK,184,-16,963,963,560.84,418.79,740.99,417.12,680.35,512.5
1524,OK,184,-19,967,967,560.87,418.95,741.69,416.38,682.73,511.88
1525,OK,184,-18,967,967,562.23,419.99,743.02,419.37,683.14,511.06
1526,OK,183,-20,968,968,561.72,419.97,742.8,419.75,682.03,510.0
1527,OK,183,-18,967,967,560.52,420.6,741.41,419.19,681.97,511.46
1528,OK,183,-16,962,962,560.51,419.7,740.46,419.69,678.76,511.82
1529,OK,183,-15,961,961,559.73,419.97,739.53,418.8,677.59,510.85
1530,OK,182,-15,962,962,559.47,420.82,739.37,419.59,677.78,513.26
1531,OK,184,-14,960,960,560.35,420.75,739.93,419.95,679.3,512.9
1532,OK,184,-14,961,961,559.72,421.23,739.39,419.57,679.31,513.29
1533,OK,182,-17,965,965,559.54,420.7,740.0,418.88,680.04,511.64
1534,OK,180,-19,969,969,558.07,421.67,739.27,418.18,680.11,512.01
1535,OK,181,-16,965,965,558.13,421.48,738.6,418.93,678.12,512.71
1536,OK,184,-14,960,960,560.05,421.64,739.59,420.15,679.67,512.29
1537,OK,185,-12,959,959,560.56,420.94,739.94,420.52,678.71,513.41
1538,OK,183,-15,962,962,559.87,420.65,739.75,420.33,678.52,513.37
1539,OK,184,-14,963,963,560.51,420.98,740.6,420.03,680.68,514.79
1540,OK,182,-17,967,967,559.42,422.52,740.19,420.26,680.68,512.57
1541,OK,182,-14,964,964,558.96,423.63,739.31,421.07,679.49,513.76
1542,OK,181,-15,965,965,559.55,422.71,739.95,422.14,678.16,513.23
1543,OK,183,-14,963,963,560.26,421.84,740.34,422.39,679.02,512.52
1544,OK,182,-15,964,964,559.77,422.18,740.09,421.99,678.31,512.23
1545,OK,182,-15,966,966,560.43,421.97,741.13,423.06,679.54,513.96
1546,OK,181,-15,966,966,560.39,422.11,741.02,423.2,679.22,515.2
1547,OK,180,-14,965,965,559.29,422.04,739.71,423.21,676.47,514.55
1548,OK,181,-14,965,965,559.79,422.45,740.35,422.91,677.85,514.09
1549,OK,184,-11,959,959,559.84,423.34,739.24,422.64,677.25,513.81
1550,OK,181,-15,964,964,559.35,423.11,739.65,422.79,676.89,512.92
1551,OK,181,-14,965,965,559.49,423.48,739.93,423.35,677.59,514.48
1552,OK,178,-16,969,969,558.12,423.97,739.38,422.21,676.9,514.16
1553,OK,179,-16,968,968,558.47,423.96,739.47,422.88,677.48,514.57
1554,OK,178,-19,969,969,557.76,424.41,738.95,422.27,676.57,508.31
1555,OK,173,-20,973,973,555.52,421.02,737.57,421.02,672.42,512.23
1556,OK,175,-15,965,965,554.49,421.64,734.92,419.49,669.57,514.17
1557,OK,173,-19,971,971,553.16,421.62,734.63,417.36,673.06,512.62
1558,OK,166,-25,983,983,550.51,422.27,734.22,416.24,673.5,513.19
1559,OK,164,-28,984,984,549.67,421.3,733.6,416.45,671.45,510.11
1560,OK,161,-25,980,980,546.1,421.44,729.38,416.03,665.13,513.11
1561,OK,127,-39,1000,1000,522.31,422.06,709.19,414.03,639.18,505.25
1562,OK,91,-47,1024,1024,499.58,426.77,690.49,410.72,611.97,512.41
1563,OK,59,-24,992,992,459.14,439.45,642.53,411.23,560.77,518.92
1564,OK,34,-21,984,984,435.78,440.06,617.75,412.17,526.78,517.44
1565,OK,27,15,945,945,412.51,454.21,586.0,420.53,500.26,536.8
1566,OK,15,23,917,917,390.79,457.88,557.5,417.91,471.96,525.7
1567,OK,-31,18,959,959,361.73,473.13,534.81,425.88,448.01,544.95
1568,OK,-37,22,947,947,352.77,476.15,521.19,421.27,435.91,543.22
1569,OK,-31,28,922,922,350.55,475.72,511.63,414.1,429.05,534.9
1570,OK,-21,33,913,913,356.12,478.87,514.21,414.4,435.93,532.75
1571,OK,-13,17,933,933,370.11,477.59,530.42,408.66,455.89,524.1
1572,OK,-4,6,930,930,379.03,470.22,538.71,401.34,463.82,506.99
1573,OK,14,5,918,918,392.57,462.21,552.2,398.71,475.41,498.37
1574,OK,20,7,933,933,401.57,467.16,564.79,405.53,489.17,510.38
1575,OK,24,-12,953,953,412.38,457.22,580.59,398.01,504.23,500.8
1576,OK,30,-9,942,942,416.16,451.71,583.69,396.99,503.77,501.07
1577,OK,28,-19,951,951,417.5,448.67,587.69,396.86,503.93,489.95
1578,OK,23,-23,956,956,416.44,444.28,588.1,394.41,501.54,490.96
1579,OK,29,-46,986,986,433.08,435.14,610.88,386.4,523.94,483.9
1580,OK,51,-62,999,999,455.89,421.21,638.83,382.94,552.9,472.16
1581,OK,81,-74,1005,1005,487.09,409.14,672.61,378.56,588.04,464.05
1582,OK,105,-82,1013,1013,511.15,398.79,699.83,381.57,616.52,458.81
1583,OK,129,-94,1028,1028,537.35,389.19,729.68,390.55,653.66,450.47
1584,OK,150,-79,994,994,545.61,376.27,731.2,388.09,657.14,455.28
1585,OK,145,-69,988,988,540.67,373.34,722.77,405.02,646.68,460.93
1586,OK,138,-59,975,975,525.41,380.04,705.17,411.19,636.15,461.08
1587,OK,106,-50,985,985,489.19,405.48,673.3,410.3,615.1,476.25
1588,OK,90,-41,990,990,475.04,418.2,659.9,409.34,602.76,494.95
1589,OK,102,-12,962,962,474.18,429.4,653.51,413.88,603.56,516.71
1590,OK,117,19,937,937,477.99,443.77,652.61,428.57,605.43,538.05
1591,OK,106,26,966,966,475.15,470.87,652.49,435.9,615.18,565.22
1592,OK,115,39,950,950,476.79,477.54,651.62,446.06,616.57,567.97
1593,OK,168,54,888,888,499.95,468.58,663.74,440.83,643.29,541.97
1594,OK,226,85,835,835,530.88,464.46,686.11,447.48,678.7,548.62
1595,OK,249,99,814,814,546.35,468.55,698.11,457.18,690.6,550.65
1596,OK,266,113,788,788,551.64,467.31,698.45,454.39,696.16,553.87
1597,OK,268,111,799,799,557.81,468.01,706.82,456.07,703.58,557.97
1598,OK,250,102,826,826,553.7,468.13,708.12,461.71,696.69,565.78
1599,OK,246,104,831,831,553.16,471.86,708.46,466.67,692.69,569.57
1600,OK,254,107,818,818,555.29,472.13,708.25,466.3,695.24,564.15
1601,OK,227,83,871,871,548.34,466.85,711.02,459.12,694.84,574.09
1602,OK,200,52,894,894,536.0,442.67,703.0,452.26,675.48,551.27
1603,OK,180,37,915,915,530.31,434.41,700.41,453.7,659.95,545.77
1604,OK,137,7,928,928,497.93,421.25,671.36,429.05,617.62,518.74
1605,OK,82,-27,972,972,472.33,404.76,653.06,424.85,575.17,503.34
1606,OK,17,-73,1023,1023,436.48,398.54,626.41,422.09,524.97,466.95
1607,OK,7,-71,1004,1004,426.84,387.24,612.19,417.9,499.03,461.08
1608,OK,7,-67,999,999,423.45,383.92,608.21,412.18,496.95,466.39
1609,OK,-4,-69,1006,1006,414.39,389.33,600.82,414.65,490.68,466.16
1610,OK,-23,-37,978,978,387.83,403.08,570.01,419.33,454.11,493.75
1611,OK,-30,-24,977,977,377.04,417.96,559.71,424.2,447.88,507.32
1612,OK,-58,-12,979,979,353.69,433.93,536.62,427.32,418.33,525.17
1613,OK,-61,18,947,947,338.3,450.19,514.94,437.25,399.18,540.05
1614,OK,-79,16,959,959,323.1,455.69,501.77,438.81,387.64,543.77
1615,OK,-80,21,965,965,325.14,462.41,505.15,449.34,389.86,551.72
1616,OK,-78,37,951,951,321.0,472.51,498.01,455.22,385.01,560.74
1617,OK,-84,32,963,963,319.87,470.8,499.44,456.39,385.31,562.68
1618,OK,-82,36,956,956,320.85,472.71,499.22,459.05,382.37,563.12
1619,OK,-82,26,972,972,328.07,469.14,509.61,458.37,390.82,561.79
1620,OK,-88,14,1007,1007,332.63,470.17,520.64,458.07,404.05,571.29
1621,OK,-85,9,1010,1010,337.77,467.52,526.32,456.52,409.38,566.57
1622,OK,-86,2,1010,1010,337.11,461.79,525.89,453.95,406.76,556.58
1623,OK,-78,8,988,988,340.06,456.16,524.82,451.05,401.33,551.4
1624,OK,-72,9,984,984,343.3,456.23,527.15,448.57,406.54,549.65
1625,OK,-74,6,985,985,341.45,455.23,525.53,447.61,403.87,545.44
1626,OK,-75,5,987,987,340.93,455.31,525.48,448.06,403.19,546.31
1627,OK,-74,4,989,989,342.42,456.16,527.22,447.18,406.97,546.29
1628,OK,-80,5,991,991,338.99,455.6,524.33,450.1,399.88,547.8
1629,OK,-71,4,979,979,342.45,453.17,525.36,443.54,403.22,538.98
1630,OK,-71,-5,988,988,345.99,445.13,530.73,442.06,408.64,534.77
1631,OK,-53,5,959,959,353.28,437.8,532.62,439.36,410.15,530.77
1632,OK,-44,7,953,953,360.65,434.35,538.81,440.7,414.87,529.68
1633,OK,-48,9,954,954,357.96,437.3,536.26,442.09,411.89,534.18
1634,OK,-51,6,961,961,357.55,436.44,537.28,441.79,412.16,533.33
1635,OK,-52,5,959,959,355.72,438.26,535.04,442.93,408.82,527.75
1636,OK,-52,10,951,951,353.17,440.77,531.04,441.63,405.49,529.97
1637,OK,-51,13,947,947,351.8,442.84,528.96,441.36,404.17,531.37
1638,OK,-57,4,962,962,351.4,441.64,531.38,440.43,406.61,530.35
1639,OK,-55,3,960,960,352.67,441.03,532.2,439.51,408.34,526.82
1640,OK,-56,5,960,960,351.97,441.59,531.54,440.67,406.54,529.0
1641,OK,-56,0,964,964,353.61,440.39,533.81,439.71,409.23,525.38
1642,OK,-58,-1,968,968,353.03,440.44,534.02,441.54,408.9,525.73
1643,OK,-58,0,968,968,353.91,440.54,534.91,442.95,408.74,526.55
1644,OK,-60,-2,972,972,353.52,440.3,535.21,442.94,409.31,526.91
1645,OK,-58,1,972,972,354.21,443.0,535.99,445.26,410.93,531.71
1646,OK,-58,2,973,973,354.62,443.76,536.58,445.5,410.98,532.07
1647,OK,-56,7,967,967,354.1,444.49,534.98,446.74,409.86,535.72
1648,OK,-60,4,970,970,353.02,443.52,534.42,447.4,407.92,534.4
1649,OK,-55,3,966,966,355.28,441.62,536.0,444.56,411.19,529.56
1650,OK,-60,-3,977,977,353.02,440.93,535.76,441.45,412.0,530.22
1651,OK,-61,-4,978,978,353.03,440.15,535.87,441.87,411.91,530.1
1652,OK,-65,-8,987,987,352.78,439.72,537.33,442.0,412.61,529.66
1653,OK,-66,-10,988,988,352.11,439.71,536.89,441.29,412.7,527.58
1654,OK,-63,-7,983,983,352.93,440.01,536.81,441.52,411.94,527.64
1655,OK,-63,-5,980,980,351.16,443.93,534.5,440.48,412.34,529.72
1656,OK,-61,1,975,975,351.21,443.56,533.59,443.36,410.36,532.66
1657,OK,-59,4,966,966,349.52,444.49,530.08,440.17,409.98,531.68
1658,OK,-52,11,953,953,350.43,444.39,528.62,440.36,409.16,532.08
1659,OK,-59,3,968,968,349.51,444.43,530.56,441.0,410.17,531.8
1660,OK,-63,-2,978,978,349.69,444.74,532.56,441.39,411.49,531.89
1661,OK,-60,0,971,971,349.69,443.58,531.26,440.68,410.61,529.84
1662,OK,-58,2,965,965,348.64,445.88,529.05,438.41,410.41,527.8
1663,OK,-57,2,965,965,349.84,444.64,530.12,437.97,410.94,528.37
1664,OK,-61,-2,975,975,349.14,444.91,531.31,438.85,411.89,528.49
1665,OK,-62,-4,979,979,350.2,444.31,533.3,440.22,412.43,528.47
1666,OK,-63,-4,978,978,350.15,444.62,533.08,440.22,412.25,529.0
1667,OK,-63,-8,981,981,350.14,443.48,533.5,437.17,412.87,525.34
1668,OK,-65,-9,985,985,349.35,443.89,533.48,436.88,412.78,525.77
1669,OK,-64,-10,985,985,350.05,444.95,534.17,437.78,414.92,524.57
1670,OK,-67,-10,989,989,348.79,445.74,533.61,437.35,413.72,527.71
1671,OK,-68,-10,991,991,348.65,446.7,533.72,437.66,414.73,528.52
1672,OK,-66,-6,985,985,347.48,446.62,531.44,438.42,413.63,530.11
1673,OK,-61,-2,975,975,348.37,445.48,530.57,437.31,413.35,530.16
1674,OK,-68,-8,991,991,348.03,448.06,533.21,439.16,414.84,530.99
1675,OK,-70,-13,994,994,348.23,445.7,533.94,438.11,414.26,526.61
1676,OK,-67,-12,993,993,349.1,445.41,534.66,437.71,416.2,527.55
1677,OK,-64,-9,985,985,349.45,444.73,533.55,437.16,414.78,526.81
1678,OK,-67,-12,988,988,349.0,443.98,533.68,436.85,413.05,524.79
1679,OK,-68,-13,992,992,349.35,443.92,534.65,436.11,414.65,526.31
1680,OK,-71,-16,996,996,348.98,442.43,535.24,436.78,413.8,525.06
1681,OK,-70,-16,994,994,349.23,440.81,535.09,436.4,413.62,525.14
1682,OK,-72,-17,1001,1001,348.72,443.51,535.89,437.8,415.31,527.05
1683,OK,-65,-11,988,988,352.21,442.93,537.04,439.21,415.05,526.4
1684,OK,-72,-12,996,996,346.99,444.23,533.24,437.53,412.84,531.44
1685,OK,-71,-12,994,994,347.19,442.47,533.07,436.12,412.44,531.22
1686,OK,-68,-10,988,988,347.73,442.07,532.38,434.21,412.29,530.22
1687,OK,-65,-9,984,984,349.4,440.95,533.27,433.3,413.71,529.16
1688,OK,-68,-16,995,995,349.02,440.42,534.9,431.65,416.17,527.95
1689,OK,-67,-10,987,987,348.34,440.53,532.72,433.01,412.77,529.23
1690,OK,-66,-9,984,984,348.51,441.68,532.4,434.58,412.3,528.59
1691,OK,-71,-10,990,990,346.39,442.36,531.43,435.46,409.42,531.72
1692,OK,-66,-9,983,983,348.1,441.68,531.73,433.03,411.65,527.13
1693,OK,-68,-11,986,986,347.87,441.13,532.06,434.11,411.22,527.19
1694,OK,-71,-11,991,991,346.52,441.54,531.77,435.81,409.58,530.24
1695,OK,-67,-11,985,985,348.24,441.85,532.46,435.91,411.35,524.58
1696,OK,-66,-1,976,976,345.15,445.55,527.67,440.7,407.73,532.58
1697,OK,-69,-5,983,983,344.62,445.92,528.34,438.55,409.31,530.74
1698,OK,-69,-9,988,988,345.35,448.02,529.84,436.94,413.17,528.51
1699,OK,-72,-8,989,989,343.24,448.69,527.8,437.27,410.37,529.86
1700,OK,-69,-7,983,983,343.67,448.85,527.14,435.96,410.44,527.27
1701,OK,-67,-6,982,982,344.73,448.72,527.99,435.88,412.15,527.79
1702,OK,-68,-7,983,983,343.34,448.56,526.71,434.76,411.08,526.7
1703,OK,-67,-4,979,979,343.59,448.71,526.2,435.07,410.37,528.14
1704,OK,-65,2,970,970,343.05,448.84,524.02,435.64,407.88,531.78
1705,OK,-68,-1,976,976,342.44,449.3,524.52,436.38,408.28,533.07
1706,OK,-70,-5,983,983,342.17,447.83,525.5,434.77,408.79,531.9
1707,OK,-74,-5,986,986,340.76,448.27,524.85,436.05,406.95,534.02
1708,OK,-73,-7,986,986,341.51,447.01,525.46,434.79,408.42,531.77
1709,OK,-72,-5,982,982,340.62,447.04,523.92,434.76,406.72,531.1
1710,OK,-73,-5,984,984,340.72,447.91,524.35,435.63,407.22,533.38
1711,OK,-71,-5,982,982,341.94,446.6,525.33,436.61,407.55,531.23
1712,OK,-72,-10,991,991,343.23,447.37,528.32,436.92,411.89,529.47
1713,OK,-72,-11,992,992,344.46,447.09,529.87,438.12,412.75,529.3
1714,OK,-68,-2,981,981,343.78,447.85,527.09,439.93,408.87,532.59
1715,OK,-71,-5,986,986,343.42,448.57,527.71,440.3,409.29,532.94
1716,OK,-66,-2,979,979,344.81,447.35,527.7,438.8,409.96,531.05
1717,OK,-68,-3,981,981,344.43,447.33,527.7,439.78,409.19,532.24
1718,OK,-67,-1,978,978,344.29,448.5,527.04,440.33,409.43,532.68
1719,OK,-67,-1,979,979,344.65,447.76,527.6,440.15,409.21,532.89
1720,OK,-66,-2,979,979,345.62,446.95,528.7,440.27,410.16,532.34
1721,OK,-62,5,968,968,345.12,449.19,525.85,439.61,408.9,534.13
1722,OK,-63,3,973,973,345.89,447.91,527.79,442.1,409.61,534.37
1723,OK,-68,-2,982,982,345.15,448.33,528.76,441.33,410.81,533.52
1724,OK,-65,0,974,974,344.93,447.67,527.03,439.97,408.62,531.75
1725,OK,-67,1,978,978,344.85,448.49,527.74,442.76,408.59,534.73
1726,OK,-67,-2,980,980,345.19,448.44,528.35,440.21,409.94,531.8
1727,OK,-64,1,977,977,345.94,448.84,528.48,440.46,411.03,534.63
1728,OK,-65,-1,979,979,346.29,448.08,529.28,440.24,412.17,533.74
1729,OK,-65,-1,977,977,345.92,447.69,528.58,440.11,410.53,531.83
1730,OK,-68,-2,982,982,345.03,449.07,528.41,440.65,411.09,534.23
1731,OK,-66,0,979,979,345.43,448.45,528.32,441.13,410.72,534.07
1732,OK,-65,2,974,974,345.17,448.31,527.11,440.63,409.29,534.33
1733,OK,-62,4,971,971,345.9,448.82,527.37,440.78,410.02,533.61
1734,OK,-71,-4,989,989,344.02,448.91,528.77,441.55,410.78,536.04
1735,OK,-63,3,972,972,348.37,447.54,530.06,444.98,408.4,532.64
1736,OK,-67,-4,982,982,346.18,447.96,529.69,438.45,411.93,531.54
1737,OK,-66,-2,980,980,345.63,448.2,528.81,440.98,411.45,532.71
1738,OK,-66,0,977,977,344.89,447.66,527.44,440.95,408.23,531.96
1739,OK,-68,-3,982,982,345.23,446.64,528.87,440.75,409.92,532.36
1740,OK,-67,-3,980,980,345.1,448.11,528.16,439.37,410.52,531.87
1741,OK,-64,1,974,974,345.77,448.58,527.78,440.29,410.59,533.08
1742,OK,-64,0,977,977,345.67,450.07,528.04,439.21,411.74,532.12
1743,OK,-64,0,977,977,345.35,449.36,527.87,439.39,411.58,532.11
1744,OK,-64,2,975,975,345.18,450.1,527.2,440.16,411.41,532.97
1745,OK,-63,3,973,973,345.4,450.16,527.2,440.82,410.67,534.43
1746,OK,-64,-2,979,979,346.36,449.43,529.11,438.67,414.07,531.79
1747,OK,-60,5,971,971,348.8,450.36,530.32,443.74,411.65,534.22
1748,OK,-69,-8,990,990,345.96,449.58,530.61,436.5,415.65,531.44
1749,OK,-72,-6,988,988,343.29,448.82,527.76,438.22,409.99,532.66
1750,OK,-68,0,976,976,343.34,447.89,525.62,437.65,406.73,533.81
1751,OK,-67,-1,979,979,343.93,447.7,526.68,437.21,409.19,534.33
1752,OK,-65,4,975,975,344.0,450.19,526.1,438.87,410.86,537.77
1753,OK,-64,2,973,973,344.42,449.31,526.13,438.64,409.92,533.16
1754,OK,-67,-1,986,986,344.64,451.47,528.72,440.29,415.48,539.42
1755,OK,-70,-5,992,992,343.82,451.21,528.92,439.49,416.17,538.48
1756,OK,-64,4,978,978,345.82,450.82,528.57,441.68,414.58,539.77
1757,OK,-66,0,985,985,345.48,450.87,529.49,441.27,416.15,539.33
1758,OK,-69,-2,987,987,343.22,449.51,527.39,437.91,414.28,538.65
1759,OK,-64,-2,981,981,345.66,448.5,528.68,435.53,414.97,534.76
1760,OK,-65,-1,981,981,345.99,448.31,529.07,437.16,413.6,536.85
1761,OK,-57,8,965,965,347.6,449.03,527.81,437.63,412.88,537.0
1762,OK,-64,3,975,975,345.58,448.23,527.75,438.6,410.97,537.31
1763,OK,-65,3,976,976,345.31,449.27,527.54,438.9,410.45,539.21
1764,OK,-61,0,979,979,349.4,446.32,532.29,438.46,415.42,536.6
1765,OK,-63,0,980,980,348.49,447.87,531.46,438.04,415.76,538.92
1766,OK,-66,-3,984,984,346.77,447.32,530.45,436.46,413.84,536.54
1767,OK,-64,-2,982,982,347.62,447.61,530.83,436.03,414.79,537.0
1768,OK,-64,-2,980,980,347.35,445.99,530.41,436.51,413.13,536.74
1769,OK,-64,-2,980,980,347.76,447.29,530.63,435.96,414.67,536.31
1770,OK,-64,-1,980,980,347.6,447.09,530.56,437.03,413.99,536.0
1771,OK,-66,-3,985,985,346.95,447.28,530.77,436.0,414.72,537.52
1772,OK,-66,-5,986,986,347.69,446.11,531.8,435.87,415.2,535.67
1773,OK,-66,-6,986,986,347.84,445.47,531.84,434.54,415.2,534.8
1774,OK,-66,-6,987,987,346.9,445.44,531.22,434.36,415.23,534.21
1775,OK,-68,-8,991,991,347.63,445.46,532.64,435.48,415.55,535.26
1776,OK,-64,-5,990,990,350.26,451.36,535.24,441.97,420.21,533.46
1777,OK,-64,-7,997,997,353.47,449.32,539.84,445.17,422.74,536.28
1778,OK,-70,-12,1004,1004,349.0,450.68,536.42,440.17,421.83,535.02
1779,OK,-72,-13,1003,1003,346.15,448.97,533.25,436.51,418.57,533.83
1780,OK,-71,-13,1003,1003,347.8,448.29,535.01,436.79,420.55,533.79
1781,OK,-73,-16,1007,1007,347.03,448.17,534.97,436.36,419.79,532.74
1782,OK,-74,-17,1008,1008,346.55,448.58,534.69,435.82,420.3,533.64
1783,OK,-71,-12,1002,1002,347.02,449.0,534.11,437.42,419.92,534.82
1784,OK,-74,-16,1009,1009,345.78,450.04,533.95,436.32,420.35,532.88
1785,OK,-74,-17,1008,1008,346.01,449.47,534.09,435.83,420.58,532.64
1786,OK,-72,-12,1000,1000,346.18,448.7,532.86,436.08,418.21,533.96
1787,OK,-71,-13,1000,1000,346.72,449.1,533.33,435.57,419.76,533.15
1788,OK,-69,-9,996,996,347.64,449.21,533.45,437.07,418.99,535.51
1789,OK,-71,-11,1003,1003,347.6,451.29,534.81,438.37,420.05,536.93
1790,OK,-73,-12,1005,1005,347.03,450.08,534.67,438.48,419.01,536.58
1791,OK,-72,-13,1006,1006,347.37,450.39,535.04,437.67,420.83,536.39
1792,OK,-68,-8,994,994,348.09,451.87,533.43,437.93,419.22,534.6
1793,OK,-71,-11,1003,1003,346.96,451.98,534.09,438.25,419.73,536.08
1794,OK,-71,-11,1000,1000,346.5,450.74,533.04,436.52,419.45,535.46
1795,OK,-68,-7,996,996,347.54,451.45,533.28,438.3,420.04,538.56
1796,OK,-71,-11,1003,1003,346.86,450.5,534.01,437.35,420.34,536.92
1797,OK,-70,-10,1001,1001,347.41,450.9,534.1,438.14,419.97,535.91
1798,OK,-69,-8,997,997,347.03,452.5,533.01,438.55,418.63,535.88
1799,OK,-64,-4,990,990,349.99,451.93,534.77,440.48,419.68,536.67
