k,status,x,y,w,h,rx,ry,lx,ly,nx,ny
0,FAILED,,,,,,,,,,
1,OK,47,129,685,685,300.26,427.43,476.34,417.84,391.59,519.43
2,OK,49,157,671,671,293.89,467.37,462.87,459.02,382.97,566.04
3,OK,56,168,657,657,301.85,456.73,467.41,448.13,386.14,552.33
4,OK,66,169,659,659,319.8,455.55,489.92,446.62,409.63,549.26
5,OK,77,172,658,658,330.71,460.84,500.15,453.66,420.33,552.83
6,OK,92,179,659,659,352.28,467.92,522.34,466.65,440.51,567.37
7,OK,98,170,668,668,353.69,447.79,528.3,442.65,445.66,554.98
8,OK,105,153,675,675,361.29,428.36,536.96,424.8,460.57,530.98
9,OK,107,137,677,677,354.24,421.63,528.99,410.21,457.06,506.21
10,OK,106,112,688,688,358.61,405.38,538.31,394.31,461.26,472.42
11,OK,120,106,675,675,382.53,388.41,551.24,415.67,464.88,462.82
12,OK,142,117,651,651,403.28,387.36,556.19,439.54,476.67,471.79
13,OK,140,113,649,649,381.75,384.19,542.63,428.86,463.11,462.73
14,OK,135,113,651,651,376.34,391.18,540.42,428.78,456.18,468.85
15,OK,135,114,653,653,380.45,396.82,545.25,433.22,461.54,469.73
16,OK,131,109,662,662,377.08,401.09,548.25,425.65,462.96,465.58
17,OK,126,101,677,677,377.42,404.8,554.79,422.94,471.15,466.67
18,OK,119,102,688,688,371.5,415.0,551.25,428.44,465.49,487.46
19,OK,110,105,693,693,359.7,416.35,539.1,430.01,451.33,491.45
20,OK,107,116,684,684,350.34,425.18,523.94,434.08,445.82,501.37
21,OK,99,125,686,686,344.84,428.63,521.7,441.62,439.97,524.19
22,OK,89,129,693,693,334.44,435.99,514.9,440.56,436.06,530.16
23,OK,86,135,694,694,337.2,437.86,516.25,445.23,438.81,538.3
24,OK,89,137,695,695,346.14,434.85,525.12,443.39,447.91,536.92
25,OK,93,138,694,694,349.58,433.72,527.84,443.74,449.53,534.61
26,OK,97,140,692,692,353.38,432.57,531.08,442.6,451.95,536.46
27,OK,101,142,688,688,356.38,432.72,532.28,444.07,452.95,536.59
28,OK,102,143,684,684,351.85,432.29,526.73,442.63,449.21,532.74
29,OK,102,142,682,682,350.77,430.77,525.51,442.55,446.27,528.55
30,OK,103,143,680,680,349.78,431.6,524.65,438.66,449.31,531.11
31,OK,99,142,683,683,345.83,431.9,522.62,440.45,444.12,532.93
32,OK,100,154,677,677,344.64,453.78,517.23,462.07,441.25,546.69
33,OK,102,155,684,684,357.12,438.52,533.91,459.49,455.49,553.28
34,OK,104,155,688,688,360.17,439.12,537.38,459.36,458.93,556.69
35,OK,105,157,687,687,358.38,439.7,534.23,460.54,453.43,554.3
36,OK,106,157,688,688,358.53,442.43,535.46,459.61,457.55,554.36
37,OK,105,158,691,691,356.61,446.16,534.78,460.56,458.08,560.19
38,OK,104,159,692,692,355.69,444.99,533.38,461.35,454.78,558.87
39,OK,102,156,694,694,353.72,442.96,532.27,458.95,453.12,554.85
40,OK,102,156,692,692,353.79,440.98,530.98,457.7,452.35,553.88
41,OK,101,158,690,690,350.89,442.22,527.71,453.8,452.57,560.72
42,OK,100,158,690,690,346.98,445.13,524.94,450.57,452.5,560.42
43,OK,97,158,693,693,346.68,448.12,525.75,453.53,451.33,563.98
44,OK,95,160,695,695,345.56,451.01,525.05,457.02,448.4,567.97
45,OK,95,160,694,694,349.21,447.12,527.69,458.28,447.13,563.54
46,OK,94,164,694,694,349.49,449.07,527.33,467.07,442.83,574.19
47,OK,94,165,695,695,350.96,447.49,529.43,465.01,446.09,573.35
48,OK,95,170,693,693,351.64,451.92,529.12,469.01,446.73,583.43
49,OK,106,171,686,686,364.14,453.44,538.87,465.77,463.21,564.91
50,OK,111,174,682,682,362.77,456.45,537.22,467.23,461.99,574.08
51,OK,112,177,680,680,362.82,453.56,536.66,470.86,457.79,576.03
52,OK,113,179,680,680,363.68,451.41,537.73,471.85,458.1,582.99
53,OK,112,180,680,680,361.17,453.04,535.68,471.39,456.73,581.9
54,OK,112,180,680,680,360.52,454.51,535.26,470.17,457.36,580.54
55,OK,112,184,677,677,357.85,457.91,531.1,470.78,454.91,586.32
56,OK,105,178,684,684,352.34,453.44,529.99,467.34,449.36,579.53
57,OK,99,167,692,692,347.89,447.9,527.95,455.1,450.88,560.66
58,OK,80,140,701,701,324.06,427.83,506.86,430.85,417.07,509.78
59,OK,63,116,701,701,307.12,418.77,487.82,417.31,398.03,471.14
60,OK,53,100,707,707,311.63,414.7,495.47,419.38,400.12,467.76
61,OK,52,94,713,713,322.47,414.42,507.29,427.61,407.8,476.98
62,OK,61,99,707,707,333.8,415.3,513.88,432.29,419.37,490.13
63,OK,79,116,695,695,349.89,421.12,524.63,441.03,438.96,518.07
64,OK,88,130,693,693,350.93,434.82,528.33,448.38,447.32,537.7
65,OK,96,147,692,692,357.87,449.65,535.16,465.07,453.21,560.94
66,OK,98,159,693,693,356.71,453.89,534.59,471.21,450.81,574.64
67,OK,105,175,683,683,360.07,458.93,532.44,478.2,451.87,586.05
68,OK,110,181,678,678,362.5,454.98,534.93,476.06,455.3,585.57
69,OK,109,185,680,680,359.54,458.6,534.52,477.61,453.81,593.66
70,OK,107,187,681,681,355.29,460.85,530.42,477.51,450.77,593.58
71,OK,105,189,680,680,352.41,463.28,526.87,475.37,447.28,592.71
72,OK,106,193,679,679,356.17,472.45,530.27,486.37,452.34,593.32
73,OK,106,192,679,679,354.87,462.7,529.18,477.48,450.87,591.02
74,OK,103,186,685,685,352.72,458.2,530.38,473.25,450.91,589.75
75,OK,100,183,688,688,350.34,458.37,528.04,471.13,448.05,588.44
76,OK,99,180,688,688,350.85,455.6,527.99,468.23,447.5,582.55
77,OK,99,177,687,687,350.73,454.29,527.32,466.23,447.22,574.29
78,OK,100,175,687,687,352.58,449.45,528.9,464.91,450.49,575.89
79,OK,95,167,692,692,344.36,445.91,523.66,454.7,444.78,563.84
80,OK,92,156,697,697,343.42,438.2,524.09,441.58,448.84,555.57
81,OK,92,153,692,692,343.21,439.43,520.46,442.56,443.63,550.23
82,OK,89,148,692,692,337.6,440.63,516.18,441.04,440.38,538.52
83,OK,84,149,696,696,335.38,440.25,515.48,447.24,433.94,558.23
84,OK,77,152,698,698,328.34,446.24,508.44,454.09,422.88,563.0
85,OK,71,159,698,698,323.73,451.53,503.49,462.13,415.97,574.12
86,OK,68,161,699,699,324.76,450.7,505.06,461.04,417.3,571.12
87,OK,68,163,699,699,327.01,450.02,506.57,462.02,418.69,574.38
88,OK,67,166,699,699,327.27,451.86,506.96,465.64,417.43,579.52
89,OK,67,168,698,698,327.45,452.75,506.46,465.5,417.03,579.34
90,OK,65,167,701,701,326.84,452.32,507.51,466.28,416.45,578.86
91,OK,64,167,703,703,327.5,452.09,508.72,467.69,416.51,581.09
92,OK,65,168,703,703,329.22,451.53,509.45,468.48,417.54,581.41
93,OK,67,171,701,701,329.76,455.21,509.16,469.86,418.73,583.73
94,OK,70,175,697,697,330.82,458.71,508.79,473.96,418.62,586.66
95,OK,70,176,696,696,329.41,459.49,508.37,471.41,420.0,584.74
96,OK,70,175,698,698,329.41,458.44,509.57,470.04,423.64,585.16
97,OK,73,174,697,697,329.89,459.19,509.27,464.77,429.54,583.5
98,OK,84,171,689,689,342.08,454.05,517.45,460.01,441.51,560.26
99,OK,98,170,687,687,360.51,445.91,536.21,460.76,462.04,571.86
100,OK,109,169,681,681,366.59,443.48,540.06,459.53,466.0,563.85
101,OK,115,169,677,677,366.87,442.86,539.64,458.62,465.25,564.9
102,OK,121,173,673,673,369.04,447.02,540.78,460.7,470.22,570.4
103,OK,122,174,674,674,368.49,445.52,541.7,459.83,468.68,571.72
104,OK,116,172,681,681,362.87,445.77,539.05,466.81,457.67,575.08
105,OK,107,169,690,690,357.52,444.34,536.59,464.84,452.26,578.89
106,OK,103,169,692,692,355.04,448.46,533.35,465.21,451.75,578.97
107,OK,101,171,691,691,352.29,448.95,529.42,465.36,448.05,579.85
108,OK,98,175,689,689,346.66,457.24,523.5,466.63,443.51,584.1
109,OK,92,177,691,691,341.45,459.2,519.71,470.08,436.34,586.56
110,OK,89,179,692,692,342.29,460.63,520.4,473.03,435.42,590.51
111,OK,88,182,687,687,339.69,460.62,515.26,472.22,431.03,588.48
112,OK,87,182,688,688,340.95,460.92,518.15,473.38,432.89,589.67
113,OK,87,179,691,691,342.35,461.82,521.03,470.1,439.38,582.85
114,OK,88,181,690,690,342.82,462.17,520.16,471.68,439.17,589.21
115,OK,90,181,689,689,342.75,461.39,519.8,467.82,442.74,587.8
116,OK,88,180,693,693,339.65,460.34,519.23,465.02,442.25,591.43
117,OK,83,174,694,694,329.92,463.11,509.09,457.27,434.36,574.29
118,OK,72,162,701,701,316.24,461.65,498.14,448.14,422.85,556.95
119,OK,64,156,692,692,305.0,458.09,479.65,435.66,404.6,540.86
120,OK,59,152,692,692,307.02,449.81,484.86,438.26,404.59,546.15
121,OK,57,148,701,701,314.57,452.29,497.34,444.13,415.05,553.26
122,OK,55,145,708,708,315.25,451.54,499.2,445.97,412.94,552.77
123,OK,59,149,706,706,320.23,456.09,501.38,450.52,420.71,559.56
124,OK,60,151,706,706,320.3,452.2,502.09,448.0,417.94,561.97
125,OK,59,150,708,708,319.9,448.74,502.7,446.16,416.62,562.18
126,OK,60,153,707,707,321.05,451.3,502.95,448.25,419.89,568.6
127,OK,64,159,702,702,323.31,463.22,502.88,463.64,419.76,564.98
128,OK,66,162,700,700,326.23,462.64,505.88,466.23,420.79,564.1
129,OK,68,160,705,705,327.54,465.29,510.31,453.37,431.45,569.12
130,OK,71,154,711,711,329.06,465.57,512.16,441.6,444.38,560.78
131,OK,70,149,715,715,324.42,465.89,508.16,440.24,441.77,558.16
132,OK,70,151,712,712,324.76,463.56,506.86,446.65,434.42,563.76
133,OK,69,154,713,713,323.44,466.73,506.92,449.72,438.7,571.28
134,OK,69,156,713,713,323.6,464.77,506.9,454.02,434.81,570.13
135,OK,68,160,709,709,322.93,465.25,504.76,459.28,427.85,575.26
136,OK,71,168,703,703,326.29,466.34,505.93,464.99,428.26,583.36
137,OK,70,174,703,703,327.51,467.22,508.57,473.9,423.42,595.21
138,OK,69,180,701,701,328.23,468.48,508.22,477.05,421.66,599.91
139,OK,72,185,698,698,330.95,468.87,509.63,478.94,424.31,601.22
140,OK,78,186,693,693,337.8,464.78,514.83,476.07,430.27,594.97
141,OK,81,183,695,695,343.38,460.3,522.62,474.51,435.6,594.08
142,OK,85,185,693,693,345.43,463.74,522.91,478.01,436.13,596.1
143,OK,86,188,696,696,346.04,470.81,525.94,480.75,441.81,607.22
144,OK,88,190,700,700,348.82,472.26,529.76,486.27,445.12,611.21
145,OK,89,192,702,702,349.52,473.91,530.28,488.16,446.29,611.58
146,OK,87,189,704,704,346.17,467.19,527.58,480.76,441.74,605.69
147,OK,88,186,701,701,346.69,463.35,526.16,477.53,440.44,596.17
148,OK,92,188,691,691,348.11,463.34,522.82,478.43,437.52,590.34
149,OK,92,182,690,690,347.27,453.95,524.44,468.01,441.15,581.24
150,OK,104,172,688,688,366.26,439.15,542.43,454.49,466.66,563.73
151,OK,114,167,682,682,368.15,442.33,542.18,450.19,472.51,555.38
152,OK,120,162,678,678,370.52,441.84,543.85,450.39,469.99,544.23
153,OK,118,160,680,680,363.47,440.08,538.98,449.8,466.75,556.04
154,OK,116,160,682,682,359.73,443.1,535.91,448.11,465.59,562.06
155,OK,114,160,683,683,358.17,446.09,534.38,449.08,463.31,559.74
156,OK,108,158,693,693,357.2,444.74,537.92,454.32,460.07,567.92
157,OK,106,162,694,694,358.86,448.71,537.88,459.86,458.88,576.65
158,OK,107,166,691,691,358.24,451.63,535.48,461.26,457.93,573.25
159,OK,106,168,691,691,356.93,451.15,534.61,461.89,455.71,574.41
160,OK,104,167,695,695,356.53,449.1,536.16,459.96,456.44,577.29
161,OK,102,165,698,698,354.9,447.46,535.12,458.45,457.24,576.47
162,OK,97,163,694,694,343.78,450.37,521.83,453.84,443.76,561.4
163,OK,91,156,693,693,336.78,445.17,515.3,444.14,438.94,545.67
164,OK,74,141,704,704,322.21,435.25,506.57,439.55,417.41,532.72
165,OK,70,146,705,705,325.35,446.41,507.4,447.66,424.5,562.68
166,OK,77,147,702,702,340.36,438.39,520.58,446.84,441.16,556.56
167,OK,86,151,697,697,345.65,442.44,523.83,446.72,447.69,558.59
168,OK,88,151,698,698,344.29,440.8,524.21,444.44,445.72,559.52
169,OK,95,152,692,692,349.71,441.88,526.62,444.33,455.1,552.42
170,OK,101,151,689,689,354.13,440.18,530.78,440.34,460.83,547.89
171,OK,106,152,686,686,355.43,438.67,531.36,439.55,462.02,550.26
172,OK,105,151,687,687,351.5,439.3,528.78,440.27,456.23,548.82
173,OK,101,151,692,692,349.51,442.62,529.2,446.91,452.72,557.89
174,OK,99,159,688,688,347.75,449.68,523.83,459.96,444.87,564.56
175,OK,97,162,692,692,350.87,451.9,529.74,462.83,449.17,570.88
176,OK,94,168,691,691,345.31,456.04,522.8,467.26,438.93,580.31
177,OK,95,173,688,688,349.67,454.37,525.83,468.9,442.34,580.93
178,OK,95,180,684,684,346.66,459.93,521.2,474.36,436.53,587.95
179,OK,95,183,683,683,346.1,460.89,521.63,473.2,438.22,587.04
180,OK,92,182,690,690,345.51,460.69,524.91,473.13,443.67,595.52
181,OK,91,181,693,693,344.24,461.68,523.37,471.7,443.27,591.46
182,OK,91,180,693,693,343.8,461.42,522.09,470.26,441.88,585.24
183,OK,92,179,690,690,344.38,461.27,521.58,468.12,442.3,580.43
184,OK,97,184,685,685,351.38,459.9,526.34,471.46,448.08,592.9
185,OK,106,187,681,681,364.12,457.08,537.75,476.89,459.69,593.16
186,OK,122,195,674,674,382.0,462.97,552.29,486.33,478.48,599.32
187,OK,133,202,668,668,386.08,466.62,555.28,490.72,480.56,603.95
188,OK,136,203,670,670,386.2,463.38,557.1,490.56,478.97,605.33
189,OK,137,203,671,671,385.43,465.37,556.75,489.71,480.6,604.02
190,OK,136,202,671,671,383.49,462.76,554.73,488.4,475.45,601.97
191,OK,134,200,673,673,380.61,462.2,552.78,487.39,473.92,600.34
192,OK,133,200,672,672,380.29,460.56,551.46,486.58,473.28,598.71
193,OK,132,198,674,674,379.15,461.28,551.46,486.23,473.33,596.72
194,OK,131,197,675,675,377.65,462.26,550.57,484.9,472.21,596.6
195,OK,129,194,675,675,372.84,460.92,545.9,477.5,471.58,588.8
196,OK,129,194,672,672,373.53,459.64,544.75,479.76,468.0,588.42
197,OK,130,194,670,670,374.68,456.26,545.61,476.6,470.79,592.47
198,OK,127,192,673,673,372.03,456.73,544.73,478.02,466.09,590.73
199,OK,126,193,674,674,372.58,460.83,545.24,480.26,467.21,594.81
200,OK,121,197,675,675,365.89,466.07,539.28,484.87,459.14,603.14
201,OK,116,202,677,677,362.49,473.97,536.78,491.97,455.9,612.23
202,OK,113,195,682,682,363.91,461.37,540.17,480.05,457.55,595.28
203,OK,107,190,690,690,356.55,465.07,535.89,477.65,454.77,598.7
204,OK,101,187,696,696,354.36,463.91,534.36,480.24,449.11,601.54
205,OK,100,186,692,692,352.7,461.66,529.37,475.55,446.15,590.55
206,OK,99,183,693,693,352.38,463.15,531.02,472.07,451.46,589.85
207,OK,102,184,690,690,356.43,460.05,532.94,470.93,453.79,591.05
208,OK,106,182,689,689,361.18,458.96,538.35,470.35,459.7,586.97
209,OK,113,185,681,681,367.49,459.08,540.62,473.04,463.51,585.66
210,OK,116,184,680,680,368.67,450.34,542.27,471.14,462.23,584.59
211,OK,121,182,677,677,371.19,449.49,544.14,465.38,468.64,580.4
212,OK,122,182,676,676,369.36,450.65,542.7,466.53,467.94,583.88
213,OK,119,178,679,679,366.08,448.03,541.01,466.4,463.93,576.64
214,OK,116,175,682,682,363.94,445.79,539.58,462.94,461.69,573.95
215,OK,112,170,687,687,361.06,442.64,538.52,460.25,460.16,573.72
216,OK,106,169,692,692,356.77,443.97,535.3,463.66,453.24,578.33
217,OK,101,176,687,687,347.08,455.56,522.34,469.31,442.25,585.67
218,OK,97,170,687,687,345.23,442.82,521.64,456.35,440.45,566.54
219,OK,94,158,687,687,344.66,429.28,521.18,443.8,438.86,543.57
220,OK,91,153,688,688,341.61,429.07,518.42,445.66,434.34,550.52
221,OK,92,153,688,688,344.83,432.6,521.65,448.38,441.1,556.26
222,OK,89,159,691,691,342.41,443.64,520.39,459.01,437.09,576.1
223,OK,86,162,694,694,340.06,445.34,518.86,461.52,434.27,575.52
224,OK,88,169,692,692,344.62,450.88,521.76,468.17,439.51,583.37
225,OK,90,173,692,692,346.36,452.22,523.58,470.13,443.86,586.67
226,OK,94,173,693,693,351.93,448.36,529.77,466.99,450.45,583.35
227,OK,95,171,696,696,352.2,447.79,531.28,465.77,449.56,583.13
228,OK,105,173,691,691,365.42,445.13,540.69,466.96,463.72,580.46
229,OK,119,183,673,673,372.73,455.2,539.69,481.29,467.87,577.05
230,OK,117,181,674,674,364.9,445.15,536.66,474.33,457.94,577.19
231,OK,109,180,677,677,351.44,450.31,525.07,472.54,445.84,579.69
232,OK,104,179,678,678,348.91,449.03,522.63,470.54,443.19,580.17
233,OK,102,179,680,680,349.52,449.67,524.55,467.55,447.7,583.64
234,OK,93,176,689,689,340.02,448.79,518.94,469.12,437.35,585.56
235,OK,85,176,690,690,332.19,452.98,509.32,469.38,426.81,584.3
236,OK,79,175,690,690,329.11,451.74,506.56,466.83,419.66,580.23
237,OK,75,173,693,693,328.77,453.66,507.65,465.91,420.63,581.78
238,OK,73,172,696,696,328.65,453.73,508.54,465.79,423.91,582.61
239,OK,76,173,697,697,333.9,456.94,513.48,466.1,435.02,586.07
240,OK,80,173,695,695,336.8,455.92,514.96,466.03,436.85,579.71
241,OK,82,172,700,700,339.71,455.86,521.02,467.17,441.89,584.62
242,OK,96,178,685,685,352.96,460.38,525.27,472.99,453.23,572.56
243,OK,109,184,671,671,360.1,461.25,529.07,475.07,457.55,571.83
244,OK,115,187,664,664,361.16,460.16,529.83,474.57,456.38,570.15
245,OK,116,186,665,665,359.48,459.97,530.84,472.08,457.08,570.16
246,OK,113,188,664,664,350.92,464.5,521.31,474.58,447.96,576.45
247,OK,107,184,669,669,347.29,456.97,520.52,469.28,442.73,572.1
248,OK,102,179,673,673,344.63,455.18,518.71,464.79,441.76,564.2
249,OK,94,172,680,680,338.33,450.16,515.12,462.12,434.83,565.4
250,OK,86,166,688,688,333.97,444.17,512.88,456.49,429.74,568.93
251,OK,78,155,699,699,331.34,437.68,514.07,449.13,428.4,557.96
252,OK,71,149,707,707,327.02,438.34,510.96,449.47,425.21,559.76
253,OK,65,146,712,712,324.64,437.95,508.95,450.7,419.98,560.09
254,OK,66,152,709,709,327.6,443.67,508.96,460.9,421.87,573.38
255,OK,67,170,708,708,330.82,473.06,512.77,485.63,423.79,608.28
256,OK,68,180,708,708,330.98,476.91,513.38,484.01,427.74,610.02
257,OK,72,184,701,701,332.93,468.31,511.61,480.78,426.59,597.53
258,OK,76,181,696,696,333.18,462.23,511.26,469.64,430.26,583.99
259,OK,69,160,701,701,321.28,440.74,503.46,439.87,421.12,545.01
260,OK,58,132,701,701,308.8,420.8,489.67,417.47,399.37,492.85
261,OK,55,116,700,700,313.51,417.09,493.65,421.58,400.99,482.98
262,OK,58,115,697,697,324.25,417.76,502.1,434.86,404.69,498.64
263,OK,69,116,693,693,338.88,411.37,514.52,437.33,422.61,498.21
264,OK,80,121,687,687,346.45,411.76,519.49,441.35,432.12,507.91
265,OK,87,130,683,683,349.38,417.06,521.58,447.7,434.06,527.32
266,OK,92,135,682,682,349.54,421.14,522.73,448.93,438.05,528.16
267,OK,93,136,682,682,349.17,418.67,522.86,446.36,436.95,524.26
268,OK,89,134,685,685,344.87,412.9,519.77,442.81,429.2,524.71
269,OK,83,129,693,693,338.8,413.19,517.42,439.81,426.22,522.2
270,OK,76,126,701,701,335.85,416.64,517.28,440.55,423.89,528.53
271,OK,74,136,704,704,332.91,435.34,514.71,449.47,429.61,560.81
272,OK,73,148,708,708,335.15,445.87,518.01,462.61,432.15,577.78
273,OK,81,169,693,693,341.69,465.05,515.5,482.02,430.89,587.71
274,OK,80,180,699,699,341.53,469.04,522.17,487.47,434.0,610.81
275,OK,81,185,702,702,342.27,468.69,523.21,485.27,436.43,609.93
276,OK,84,188,697,697,342.34,464.96,519.88,483.17,435.77,601.24
277,OK,81,191,703,703,337.22,477.39,519.41,489.02,437.04,615.8
278,OK,81,196,703,703,338.44,482.39,519.42,491.95,439.05,619.94
279,OK,79,198,704,704,335.39,484.31,516.84,491.28,433.87,619.86
280,OK,79,197,705,705,336.44,479.03,518.24,486.69,438.12,615.16
281,OK,79,194,704,704,334.81,473.99,515.9,479.19,438.58,611.25
282,OK,79,189,700,700,332.01,468.1,511.45,472.15,433.31,594.35
283,OK,78,187,696,696,329.46,469.76,507.66,469.79,430.58,593.83
284,OK,77,186,699,699,331.99,469.51,513.06,472.12,433.77,603.14
285,OK,77,185,701,701,332.91,467.68,513.94,474.24,434.13,601.74
286,OK,77,186,698,698,332.42,466.36,511.52,475.51,430.27,599.28
287,OK,78,185,698,698,333.36,466.62,513.3,471.54,434.7,597.77
288,OK,78,183,697,697,331.78,462.18,510.98,471.1,430.98,593.57
289,OK,81,184,695,695,338.06,461.08,516.09,475.51,435.1,596.05
290,OK,94,181,684,684,353.22,453.75,526.17,468.32,450.57,570.94
291,OK,104,177,680,680,357.8,447.28,531.7,459.99,460.1,569.0
292,OK,106,174,678,678,354.03,445.18,527.71,459.26,451.52,569.18
293,OK,106,174,676,676,352.23,448.42,525.54,460.31,450.08,569.99
294,OK,102,175,679,679,346.84,450.22,522.07,463.6,444.26,581.05
295,OK,95,173,687,687,344.14,449.43,522.75,466.19,439.45,584.07
296,OK,91,173,692,692,343.49,449.57,522.16,467.11,440.1,585.41
297,OK,91,174,691,691,344.92,447.75,521.73,467.03,440.33,582.67
298,OK,90,172,691,691,344.38,445.88,521.68,464.36,440.97,578.27
299,OK,92,171,690,690,346.69,446.21,523.59,462.45,443.58,576.45
300,OK,99,172,685,685,353.81,450.05,528.61,465.91,451.4,570.64
301,OK,103,173,684,684,356.61,451.95,531.58,470.0,452.47,572.86
302,OK,110,169,683,683,365.28,443.65,540.03,461.87,463.41,561.37
303,OK,122,168,669,669,375.73,433.92,542.66,460.21,467.14,546.71
304,OK,127,160,667,667,380.99,419.01,548.46,456.35,466.27,532.88
305,OK,127,146,674,674,382.39,415.86,554.04,451.88,468.03,511.05
306,OK,125,136,675,675,375.49,412.31,547.19,441.44,463.03,505.11
307,OK,123,136,674,674,374.16,414.86,544.53,446.28,458.13,515.08
308,OK,118,141,677,677,366.75,427.83,539.68,454.98,455.45,530.78
309,OK,114,150,678,678,362.02,440.9,536.08,460.55,454.67,549.62
310,OK,100,139,692,692,348.46,426.87,529.7,443.2,441.35,527.17
311,OK,93,133,698,698,345.94,424.87,526.96,439.71,442.78,526.67
312,OK,84,138,700,700,331.34,438.86,512.28,439.43,431.28,551.25
313,OK,77,139,707,707,328.62,443.78,512.68,437.69,433.47,556.65
314,OK,75,150,705,705,327.73,468.1,508.31,451.81,435.45,568.76
315,OK,75,158,704,704,328.63,474.05,509.07,455.5,437.33,573.04
316,OK,79,158,705,705,337.22,467.06,518.59,451.17,446.27,565.39
317,OK,81,153,707,707,339.74,457.39,522.17,448.05,446.77,553.5
318,OK,91,153,697,697,348.13,448.6,525.11,447.75,455.3,546.23
319,OK,99,148,688,688,353.05,435.17,528.15,439.58,453.79,532.55
320,OK,106,148,684,684,358.3,431.43,533.49,439.34,460.89,542.23
321,OK,109,152,685,685,357.38,441.14,534.32,445.44,466.46,558.53
322,OK,112,153,687,687,362.4,441.05,539.73,446.06,468.99,555.81
323,OK,112,156,689,689,361.29,442.57,539.34,449.4,466.06,565.61
324,OK,108,158,694,694,357.3,448.16,537.39,454.81,463.23,570.51
325,OK,103,163,696,696,352.38,451.46,532.14,460.56,455.66,579.43
326,OK,97,165,696,696,346.8,450.51,525.91,459.69,445.17,576.07
327,OK,89,163,702,702,341.67,448.07,523.6,459.44,440.84,576.6
328,OK,87,164,703,703,343.05,451.31,524.48,460.91,441.33,579.9
329,OK,84,167,703,703,339.03,455.7,519.9,462.86,437.99,585.33
330,OK,83,170,700,700,336.94,459.52,516.64,464.43,436.14,583.75
331,OK,82,174,698,698,336.51,462.45,515.72,466.75,435.05,588.03
332,OK,82,177,697,697,337.51,463.21,516.73,469.7,434.99,590.28
333,OK,81,173,700,700,335.87,459.33,516.81,462.38,436.24,581.21
334,OK,84,175,696,696,340.67,460.29,519.06,466.91,439.58,585.88
335,OK,86,174,699,699,345.45,457.81,526.33,467.64,443.75,585.36
336,OK,88,174,698,698,346.39,457.97,525.91,467.25,443.98,583.82
337,OK,90,180,693,693,344.47,463.15,521.6,472.46,439.06,592.8
338,OK,91,183,690,690,345.61,460.58,522.19,473.14,439.26,593.25
339,OK,87,179,694,694,341.29,456.32,520.86,468.94,435.71,587.98
340,OK,93,180,688,688,350.05,461.11,525.49,472.51,445.7,580.47
341,OK,91,178,691,691,344.13,457.42,522.65,468.9,440.78,586.39
342,OK,88,175,695,695,342.57,457.17,522.67,467.4,439.75,584.86
343,OK,88,176,693,693,343.25,459.58,521.34,468.54,439.7,585.39
344,OK,87,174,696,696,342.25,456.82,522.04,465.96,438.46,582.62
345,OK,92,181,690,690,350.76,462.13,526.57,477.23,441.16,590.59
346,OK,89,182,697,697,344.87,466.88,525.84,476.46,440.96,600.84
347,OK,84,182,704,704,341.45,469.8,524.6,478.96,439.8,603.73
348,OK,81,183,708,708,339.99,470.41,523.17,480.07,438.01,606.93
349,OK,80,187,700,700,334.42,471.96,512.52,479.75,427.67,600.58
350,OK,76,185,699,699,329.63,467.48,509.54,475.57,424.14,595.08
351,OK,69,174,705,705,324.78,457.76,508.0,464.44,419.69,579.15
352,OK,69,169,700,700,325.94,448.22,504.6,458.55,418.39,569.74
353,OK,69,166,699,699,326.05,447.81,505.49,457.19,420.26,574.12
354,OK,71,166,694,694,329.82,448.05,507.22,458.4,421.05,570.62
355,OK,70,166,699,699,330.6,449.01,511.32,463.66,422.2,582.65
356,OK,69,166,703,703,332.74,449.15,514.34,465.58,422.84,582.97
357,OK,67,165,707,707,333.02,448.91,515.44,467.04,421.32,583.69
358,OK,67,164,709,709,333.52,447.68,516.03,465.78,422.28,581.36
359,OK,66,163,712,712,333.37,448.93,517.04,466.04,423.62,583.91
360,OK,67,163,712,712,333.64,449.78,516.69,465.64,424.24,583.42
361,OK,65,162,714,714,331.87,448.65,515.6,464.98,422.13,583.56
362,OK,65,164,712,712,328.44,455.27,511.0,466.63,420.75,583.21
363,OK,67,168,708,708,329.21,459.62,510.68,469.08,423.88,586.51
364,OK,65,170,708,708,325.81,461.81,507.88,470.12,420.53,586.46
365,OK,63,170,708,708,322.41,460.34,504.92,468.94,418.25,585.95
366,OK,59,168,712,712,320.27,457.77,504.78,467.74,417.26,587.17
367,OK,54,166,715,715,315.22,459.49,500.35,467.09,411.12,586.39
368,OK,53,167,715,715,316.9,460.03,500.82,468.94,411.82,587.64
369,OK,55,171,710,710,318.77,461.5,500.22,471.2,410.0,588.29
370,OK,56,175,707,707,318.9,465.64,499.95,473.73,412.3,595.11
371,OK,56,177,705,705,318.09,465.77,499.32,474.68,409.8,595.21
372,OK,59,181,700,700,318.06,466.69,496.86,475.98,411.08,595.66
373,OK,57,183,698,698,313.35,467.33,492.29,476.19,406.63,594.99
374,OK,53,181,700,700,309.47,464.71,490.2,476.07,401.22,592.11
375,OK,47,182,704,704,304.31,470.51,486.7,479.49,396.75,601.13
376,OK,44,179,708,708,304.78,465.86,487.81,477.69,398.67,595.3
377,OK,41,181,710,710,302.16,470.13,485.06,481.68,394.72,602.26
378,OK,33,180,716,716,295.23,473.48,480.85,484.21,387.93,604.93
379,OK,28,180,720,720,292.48,474.81,478.68,486.0,384.54,605.16
380,OK,24,180,721,721,290.39,473.36,475.99,487.02,380.9,605.53
381,OK,21,175,721,721,287.4,465.63,472.92,476.15,378.44,591.75
382,OK,13,168,717,717,271.52,459.68,455.22,463.93,362.36,573.45
383,OK,-1,155,723,723,253.85,458.32,441.42,448.28,350.48,561.12
384,OK,-22,144,726,726,228.87,458.69,415.53,438.82,320.46,549.11
385,OK,-44,144,727,727,211.37,461.08,398.36,448.85,290.81,563.52
386,OK,-61,161,720,720,188.62,489.44,371.06,468.24,275.08,589.46
387,OK,-74,183,702,702,173.43,496.72,349.33,483.07,248.27,606.06
388,OK,-113,197,713,713,119.18,551.21,300.66,507.11,208.54,620.29
389,OK,-171,206,752,752,61.63,599.83,250.76,523.83,177.41,660.93
390,OK,-215,210,748,748,28.34,616.75,173.55,491.83,123.43,621.53
391,OK,-231,238,751,751,32.38,644.78,201.38,548.68,144.4,693.03
392,FILLED,-231,238,751,751,,,,,,
393,FILLED,-231,238,751,751,,,,,,
394,FILLED,-231,238,751,751,,,,,,
395,FILLED,-231,238,751,751,,,,,,
396,FILLED,-231,238,751,751,,,,,,
397,OK,-259,244,749,749,-15.95,636.03,155.34,547.73,104.07,659.39
398,OK,-280,211,773,773,-5.42,565.57,187.98,496.31,106.03,626.0
399,OK,-273,181,787,787,34.79,506.25,239.56,478.59,133.24,612.16
400,OK,-238,176,765,765,76.73,503.97,264.19,463.69,168.29,606.04
401,OK,-196,175,749,749,117.68,497.23,303.57,462.61,214.64,603.59
402,OK,-153,170,747,747,163.73,490.33,353.75,461.08,265.84,603.25
403,OK,-111,159,754,754,211.33,478.51,406.1,454.47,315.07,593.24
404,OK,-65,148,749,749,256.47,461.18,447.16,441.86,355.09,569.93
405,OK,-22,142,741,741,295.73,439.48,484.41,441.17,385.57,564.1
406,OK,4,132,737,737,305.93,430.64,494.86,433.13,395.33,549.05
407,OK,22,122,734,734,314.51,420.24,502.84,423.81,402.51,532.81
408,OK,34,117,728,728,321.32,416.08,506.77,428.65,402.79,526.97
409,OK,48,123,719,719,334.36,417.77,515.86,440.43,412.15,539.12
410,OK,53,124,716,716,331.68,412.42,513.69,436.89,408.29,538.32
411,OK,70,120,703,703,351.76,397.56,527.33,426.43,427.01,513.74
412,OK,87,108,692,692,361.81,385.23,536.6,403.79,442.35,482.81
413,OK,63,74,676,676,298.05,362.49,467.81,349.21,356.85,386.79
414,OK,105,53,644,644,391.62,320.59,548.31,340.34,439.53,348.69
415,OK,178,56,628,628,493.73,332.49,643.82,380.32,546.29,374.81
416,OK,217,63,620,620,500.89,337.18,649.11,390.73,552.88,390.61
417,OK,213,65,634,634,457.34,361.17,621.42,392.27,528.38,408.87
418,OK,190,60,666,666,439.71,365.76,613.58,411.09,507.77,423.15
419,OK,162,72,685,685,402.59,392.84,579.76,431.43,481.96,463.42
420,OK,141,82,701,701,389.63,404.87,572.04,433.07,475.64,484.87
421,OK,135,106,694,694,380.64,428.07,557.39,435.44,478.57,515.15
422,OK,133,120,686,686,368.19,437.07,542.28,424.56,485.58,516.01
423,OK,113,137,695,695,339.13,466.32,518.67,441.72,461.87,560.69
424,OK,108,141,692,692,349.16,441.71,526.75,437.61,460.06,540.93
425,OK,112,130,680,680,355.1,415.94,526.84,426.99,459.59,487.77
426,OK,112,121,675,675,353.42,405.51,525.55,416.23,457.89,485.12
427,OK,111,108,676,676,356.3,397.04,530.37,410.15,458.35,465.64
428,OK,116,99,674,674,364.28,393.75,537.11,407.0,464.1,453.89
429,OK,116,91,687,687,371.23,399.62,550.99,415.97,473.19,462.19
430,OK,110,91,699,699,368.29,402.73,549.79,427.35,462.71,477.3
431,OK,103,104,704,704,359.33,413.97,540.49,436.46,451.53,518.54
432,OK,101,125,698,698,356.35,428.33,533.81,447.3,447.7,546.78
433,OK,97,140,699,699,352.65,437.77,532.13,457.64,446.14,566.06
434,OK,96,155,697,697,348.24,458.01,527.22,463.33,447.11,573.58
435,OK,98,168,692,692,351.19,466.03,527.97,472.77,450.12,580.19
436,OK,94,170,695,695,345.7,462.28,525.55,466.84,444.99,578.55
437,OK,90,169,699,699,344.77,460.64,525.72,466.17,442.51,576.87
438,OK,89,170,701,701,347.05,458.9,528.3,466.27,445.14,587.1
439,OK,88,172,702,702,345.13,459.43,526.38,465.9,444.81,592.04
440,OK,90,176,701,701,345.73,463.81,526.15,466.13,451.52,597.52
441,OK,93,183,697,697,343.38,475.27,521.88,468.46,452.12,602.78
442,OK,94,187,700,700,343.79,486.17,524.4,469.25,462.62,609.87
443,OK,101,190,698,698,350.06,489.83,528.32,467.88,475.18,605.93
444,OK,111,201,688,688,355.26,494.46,529.75,482.26,480.13,616.59
445,OK,109,205,687,687,344.69,495.77,520.82,478.35,468.73,617.72
446,OK,104,204,693,693,342.25,491.68,521.71,478.29,464.13,619.86
447,OK,105,206,686,686,345.59,486.79,520.36,477.35,458.95,613.68
448,OK,107,208,681,681,350.85,485.43,524.95,483.64,459.89,614.29
449,OK,103,202,685,685,344.44,477.34,521.89,476.98,453.08,606.22
450,OK,87,175,693,693,326.48,443.1,507.03,441.85,428.99,554.78
451,OK,75,141,688,688,316.37,411.31,492.39,413.32,406.82,485.02
452,OK,66,124,687,687,315.92,413.46,492.21,425.72,397.33,480.74
453,OK,74,125,674,674,332.7,416.84,501.29,442.13,411.34,485.68
454,OK,90,131,670,670,358.66,414.96,526.5,451.22,438.91,509.03
455,OK,106,132,672,672,370.45,420.04,542.42,445.21,464.47,508.58
456,OK,121,130,679,679,382.94,434.27,559.32,443.26,490.41,505.86
457,OK,133,131,680,680,382.35,438.54,557.96,432.63,505.22,513.51
458,OK,139,137,677,677,378.77,441.82,552.52,432.66,499.53,524.69
459,OK,134,140,681,681,366.53,448.79,542.25,433.74,488.93,529.52
460,OK,127,133,689,689,365.53,441.94,544.78,429.59,483.28,514.29
461,OK,128,128,687,687,368.09,436.3,544.39,424.26,488.85,505.14
462,OK,129,136,677,677,365.58,437.3,537.4,429.37,479.1,526.3
463,OK,123,145,672,672,354.57,443.5,526.62,436.82,462.99,537.23
464,OK,112,147,679,679,346.42,441.94,523.2,440.29,454.45,542.89
465,OK,107,149,679,679,347.3,443.57,522.4,444.5,449.62,539.14
466,OK,106,153,678,678,348.78,449.13,523.44,446.62,452.23,544.78
467,OK,108,153,677,677,353.23,446.14,527.58,443.28,458.22,538.25
468,OK,111,145,672,672,355.87,429.03,527.83,431.49,454.5,515.73
469,OK,112,138,672,672,356.6,424.71,529.57,431.23,455.02,506.16
470,OK,121,143,665,665,364.9,430.87,534.52,437.66,470.22,523.31
471,OK,122,151,665,665,360.68,445.37,532.17,451.24,466.62,538.89
472,OK,114,155,674,674,350.35,454.22,526.46,451.53,461.2,552.47
473,OK,111,160,679,679,349.94,462.26,525.81,448.72,462.99,558.83
474,OK,99,155,688,688,337.23,461.76,515.85,444.4,447.38,545.95
475,OK,92,140,691,691,337.5,443.53,515.72,430.23,440.49,507.67
476,OK,87,130,691,691,335.33,427.64,513.27,425.42,430.91,506.95
477,OK,86,129,687,687,333.71,435.13,509.94,431.02,432.84,508.72
478,OK,84,128,687,687,330.81,444.33,507.34,433.51,432.41,501.94
479,OK,81,132,687,687,327.62,449.25,504.55,442.74,426.22,513.81
480,OK,79,142,689,689,327.25,455.33,504.93,446.06,430.96,546.76
481,OK,84,154,688,688,335.8,461.06,512.59,452.93,440.05,561.85
482,OK,89,160,685,685,340.3,458.81,515.87,454.8,442.97,560.38
483,OK,97,169,679,679,348.34,460.44,521.66,462.14,448.69,570.2
484,OK,98,169,677,677,345.28,458.13,519.27,456.37,445.51,560.66
485,OK,96,169,680,680,342.18,457.16,518.19,458.13,442.24,565.37
486,OK,95,173,682,682,342.17,458.17,518.54,461.32,442.82,579.49
487,OK,94,168,684,684,342.52,451.38,519.53,453.61,442.51,562.63
488,OK,91,166,690,690,339.6,452.69,519.13,453.76,443.79,574.26
489,OK,91,167,694,694,341.49,456.92,521.26,456.83,450.52,580.76
490,OK,90,171,695,695,339.55,458.92,519.01,461.5,446.75,587.48
491,OK,88,173,697,697,335.53,462.48,515.63,461.31,445.21,587.16
492,OK,87,175,696,696,334.94,462.03,514.29,461.4,444.47,588.75
493,OK,90,174,692,692,337.58,461.0,514.81,457.37,448.32,578.36
494,OK,93,173,689,689,340.42,461.02,517.3,454.42,449.45,575.98
495,OK,91,171,692,692,339.28,458.44,518.26,456.89,443.27,576.48
496,OK,94,170,686,686,344.22,450.57,519.55,455.1,444.26,568.31
497,OK,98,167,683,683,348.63,445.52,523.93,452.5,448.39,562.56
498,OK,99,163,682,682,347.91,442.98,523.39,448.91,448.18,556.98
499,OK,99,158,683,683,350.19,436.63,526.23,446.52,447.72,551.56
500,OK,102,155,681,681,352.2,432.36,527.15,441.54,450.89,549.07
501,OK,103,156,674,674,348.51,444.04,520.45,447.2,445.47,538.23
502,OK,102,163,673,673,342.13,459.72,515.45,453.86,447.14,558.47
503,OK,97,169,676,676,335.24,468.02,509.97,459.2,441.31,565.18
504,OK,93,170,679,679,333.85,468.97,509.23,457.85,440.04,562.92
505,OK,92,180,679,679,335.21,479.82,509.9,469.18,440.57,585.62
506,OK,93,188,676,676,337.15,477.76,510.64,471.42,440.66,591.46
507,OK,89,190,687,687,336.93,475.42,517.0,474.57,442.75,607.76
508,OK,92,196,684,684,341.78,479.52,517.5,481.9,444.6,609.23
509,OK,91,201,686,686,338.11,487.05,515.31,487.1,441.34,616.09
510,OK,91,208,687,687,338.67,500.28,515.9,495.42,445.31,621.42
511,OK,91,213,685,685,338.62,499.43,514.76,495.91,441.49,622.58
512,OK,98,215,674,674,346.23,487.61,517.31,489.69,445.78,613.22
513,OK,95,207,679,679,343.29,472.63,519.24,483.42,438.78,604.79
514,OK,95,199,681,681,342.0,467.82,517.76,472.88,442.48,595.53
515,OK,94,194,681,681,340.57,464.74,515.84,470.85,439.62,592.89
516,OK,93,194,679,679,339.15,467.45,513.58,475.06,436.44,598.12
517,OK,92,195,688,688,343.54,475.4,523.27,478.62,450.38,614.15
518,OK,93,196,695,695,343.87,486.51,524.74,479.52,459.01,614.65
519,OK,90,191,705,705,344.13,474.56,528.17,477.39,453.45,611.8
520,OK,94,190,696,696,344.77,472.13,522.0,468.27,451.07,595.99
521,OK,98,182,691,691,349.76,458.18,526.61,460.2,454.45,577.89
522,OK,104,174,688,688,354.59,449.21,531.07,451.14,463.26,566.62
523,OK,113,174,676,676,361.18,448.98,532.31,457.89,462.48,558.75
524,OK,118,172,674,674,366.49,446.35,539.36,458.26,468.51,562.11
525,OK,122,173,672,672,369.82,445.96,542.04,459.93,468.7,566.65
526,OK,125,173,670,670,371.14,444.35,542.71,459.43,467.91,564.53
527,OK,124,172,671,671,367.78,444.22,540.54,457.76,466.42,563.19
528,OK,118,173,674,674,361.93,445.79,535.56,464.96,456.2,572.04
529,OK,116,173,676,676,360.61,444.69,534.83,459.44,460.42,572.71
530,OK,118,172,673,673,361.95,442.46,534.34,456.03,462.67,565.76
531,OK,110,174,677,677,350.75,446.62,525.55,460.41,447.78,578.7
532,OK,103,176,682,682,345.58,458.27,522.8,463.65,447.32,586.69
533,OK,99,181,681,681,342.76,463.19,518.16,466.69,442.3,589.84
534,OK,98,187,680,680,345.53,467.77,520.39,475.79,444.38,598.02
535,OK,93,188,688,688,342.37,470.79,521.58,477.17,443.13,602.86
536,OK,93,184,687,687,341.2,463.21,518.04,464.32,442.84,584.81
537,OK,92,180,687,687,341.93,457.86,519.16,462.22,442.6,581.07
538,OK,97,168,685,685,348.97,441.75,524.89,446.82,452.14,549.96
539,OK,101,158,680,680,351.96,429.96,525.37,441.67,448.53,537.11
540,OK,107,159,672,672,358.38,433.52,528.31,453.44,448.49,542.25
541,OK,110,159,670,670,359.23,436.09,530.87,451.88,452.46,544.32
542,OK,114,160,668,668,362.19,434.81,532.58,454.3,455.13,545.34
543,OK,114,161,669,669,358.54,438.04,530.39,453.14,455.92,550.68
544,OK,112,164,668,668,356.62,440.52,527.8,459.17,449.14,556.11
545,OK,106,167,674,674,349.89,444.31,524.58,460.17,445.58,570.3
546,OK,104,169,677,677,350.92,446.22,525.58,461.42,446.77,571.91
547,OK,103,170,677,677,348.98,446.36,523.37,457.32,446.5,568.52
548,OK,98,170,679,679,341.31,450.24,516.83,456.62,439.34,572.08
549,OK,91,171,684,684,333.81,458.04,511.48,457.69,437.66,579.51
550,OK,88,173,688,688,335.45,461.14,513.8,460.4,439.28,584.68
551,OK,85,172,694,694,334.3,461.9,514.88,458.21,440.91,583.88
552,OK,81,162,703,703,331.32,455.84,514.14,442.31,446.56,568.21
553,OK,81,153,703,703,333.21,448.62,514.05,434.77,445.8,551.89
554,OK,81,144,702,702,331.3,444.52,511.23,428.72,444.71,535.99
555,OK,81,140,700,700,330.59,445.56,509.89,427.99,441.53,535.9
556,OK,88,145,690,690,338.64,450.13,513.46,435.58,447.39,538.67
557,OK,92,147,690,690,344.77,443.14,522.84,440.71,449.38,548.38
558,OK,96,148,690,690,351.61,437.08,529.29,441.89,452.78,550.55
559,OK,98,150,690,690,351.53,439.9,529.13,445.15,453.11,553.44
560,OK,104,155,685,685,357.13,441.93,532.36,448.85,458.44,556.61
561,OK,105,160,685,685,352.63,451.03,528.99,451.92,459.01,565.93
562,OK,102,165,687,687,348.24,454.61,525.61,456.25,452.28,575.94
563,OK,102,171,686,686,349.52,459.51,526.21,462.11,454.07,580.88
564,OK,102,174,686,686,349.44,458.68,526.2,461.96,453.3,579.88
565,OK,98,176,689,689,344.8,457.69,522.91,464.24,447.44,587.52
566,OK,96,180,687,687,342.41,461.49,518.93,467.02,443.94,591.39
567,OK,102,183,678,678,353.27,451.06,524.8,470.97,450.6,584.87
568,OK,110,183,675,675,362.3,445.5,533.76,469.47,463.01,581.18
569,OK,119,182,668,668,366.0,444.4,535.31,464.0,471.04,571.97
570,OK,120,180,668,668,363.78,443.09,534.33,465.92,462.69,571.98
571,OK,121,178,668,668,366.01,440.99,536.74,465.26,463.4,568.7
572,OK,124,183,663,663,370.05,449.14,537.05,478.89,458.87,571.42
573,OK,122,182,667,667,369.35,446.44,540.24,474.04,461.08,575.71
574,OK,119,182,671,671,367.29,444.32,538.32,476.01,455.46,579.03
575,OK,110,182,677,677,353.84,450.77,528.47,474.82,445.86,587.66
576,OK,103,184,679,679,348.28,454.51,522.56,474.62,439.72,587.83
577,OK,98,186,678,678,343.55,457.6,517.56,473.28,434.96,589.58
578,OK,93,186,681,681,339.48,460.26,515.53,473.16,435.27,590.58
579,OK,92,183,685,685,338.13,464.47,515.49,465.24,444.3,584.97
580,OK,91,178,685,685,337.37,461.29,514.03,460.61,442.88,572.73
581,OK,98,178,675,675,344.73,458.41,516.16,461.71,448.61,564.6
582,OK,98,177,673,673,340.96,456.48,513.66,463.36,440.33,564.84
583,OK,97,176,672,672,340.15,458.16,513.27,463.02,441.26,564.11
584,OK,98,177,670,670,341.34,460.86,513.32,465.39,442.11,564.65
585,OK,99,178,667,667,341.74,460.65,512.71,465.49,440.65,561.15
586,OK,96,182,667,667,335.94,462.89,507.65,469.83,433.22,574.22
587,OK,91,182,671,671,332.96,464.03,506.64,469.0,429.74,574.34
588,OK,90,182,674,674,334.96,465.88,509.39,470.29,432.1,574.74
589,OK,92,184,675,675,338.49,469.26,512.65,470.05,440.49,579.72
590,OK,90,178,680,680,336.4,462.26,512.97,460.85,441.06,571.06
591,OK,91,179,679,679,336.22,463.81,510.91,461.5,440.97,576.29
592,OK,91,180,680,680,336.85,462.46,512.62,464.39,440.85,582.98
593,OK,90,180,685,685,338.54,462.98,516.33,466.2,443.3,588.5
594,OK,90,180,681,681,336.63,458.15,511.26,463.16,436.13,580.03
595,OK,89,180,680,680,336.25,456.02,511.14,465.75,432.35,581.65
596,OK,88,182,679,679,334.31,459.1,509.05,467.86,430.62,584.46
597,OK,87,184,678,678,335.06,462.25,509.36,472.65,428.2,583.55
598,OK,88,186,679,679,338.14,463.06,513.21,472.91,432.47,589.87
599,OK,89,182,683,683,338.14,463.8,515.29,461.15,443.23,581.61
600,OK,92,177,681,681,341.47,449.6,516.2,457.68,442.66,569.14
601,OK,92,174,681,681,341.87,446.85,516.97,461.13,437.55,572.71
602,OK,93,173,682,682,345.86,446.21,520.84,463.14,439.55,571.55
603,OK,92,174,684,684,343.86,449.21,520.03,465.84,437.96,580.53
604,OK,92,177,686,686,345.42,455.68,522.1,467.89,440.97,586.32
605,OK,91,181,687,687,344.83,459.15,521.56,471.16,437.22,593.0
606,OK,90,178,690,690,344.13,457.5,522.49,465.06,440.29,582.03
607,OK,90,171,692,692,341.63,454.48,520.54,454.9,443.8,570.46
608,OK,92,163,690,690,343.34,454.03,520.59,450.48,447.48,548.24
609,OK,90,156,692,692,338.0,445.91,517.01,441.96,443.58,548.85
610,OK,86,146,697,697,337.71,437.44,518.39,440.58,441.72,535.29
611,OK,88,145,695,695,341.2,438.49,519.82,443.22,445.59,541.48
612,OK,86,152,694,694,335.07,447.9,513.78,452.56,439.35,565.68
613,OK,91,157,688,688,343.77,442.73,519.16,455.0,444.29,557.86
614,OK,88,162,689,689,340.15,443.18,516.79,461.87,434.05,574.01
615,OK,84,168,687,687,335.58,445.94,510.77,466.04,423.17,578.16
616,OK,82,177,684,684,333.23,460.96,508.42,474.33,423.58,588.95
617,OK,79,178,687,687,331.99,460.32,509.33,471.81,424.11,584.93
618,OK,79,175,690,690,335.62,453.24,513.95,463.68,431.17,582.56
619,OK,82,165,696,696,339.03,442.91,519.72,450.77,442.66,567.22
620,OK,88,157,687,687,342.14,432.48,516.53,442.2,439.37,538.87
621,OK,89,147,688,688,340.55,432.1,518.26,438.61,440.62,532.14
622,OK,89,140,688,688,339.74,431.33,516.85,434.11,440.96,524.65
623,OK,93,141,685,685,346.62,430.77,522.29,439.69,443.46,533.94
624,OK,98,144,683,683,349.46,433.75,524.59,442.85,449.51,538.14
625,OK,96,150,683,683,343.27,443.09,519.25,450.64,441.85,550.13
626,OK,93,153,690,690,341.79,445.84,521.34,449.85,445.28,562.05
627,OK,96,156,686,686,344.9,445.52,520.86,448.52,448.06,555.29
628,OK,95,158,686,686,340.98,448.09,518.02,448.31,446.37,559.4
629,OK,89,161,690,690,338.79,444.43,516.72,460.5,435.31,573.41
630,OK,85,163,693,693,337.5,443.35,515.97,461.59,431.45,574.53
631,OK,82,170,692,692,331.57,456.65,509.64,464.58,429.45,586.15
632,OK,83,175,690,690,336.82,467.0,513.79,475.94,434.12,578.73
633,OK,85,176,689,689,336.63,463.13,514.11,467.16,436.93,578.03
634,OK,85,176,692,692,336.35,461.25,515.29,464.71,438.94,585.24
635,OK,85,171,693,693,337.07,451.27,515.95,457.13,438.3,573.79
636,OK,84,173,692,692,337.95,451.72,515.53,465.11,432.9,583.49
637,OK,84,182,686,686,336.02,464.01,510.9,478.74,425.77,594.14
638,OK,83,186,683,683,335.75,464.56,510.31,479.43,424.89,590.27
639,OK,84,188,682,682,339.57,462.79,514.47,480.22,428.24,591.55
640,OK,83,189,682,682,338.11,461.14,513.03,480.49,423.95,592.48
641,OK,83,188,683,683,338.48,460.27,513.84,478.65,425.5,591.19
642,OK,83,186,684,684,337.8,458.64,513.67,474.04,426.26,586.4
643,OK,80,184,684,684,334.03,459.44,509.36,475.74,420.2,583.96
644,OK,80,184,684,684,333.91,460.51,509.89,474.72,422.47,585.47
645,OK,80,188,684,684,335.72,464.77,511.3,481.73,421.55,597.58
646,OK,77,190,693,693,337.07,469.04,516.92,487.19,425.5,609.99
647,OK,82,193,689,689,344.49,465.02,520.15,484.81,431.49,603.17
648,OK,84,189,687,687,342.45,460.37,518.47,476.8,430.46,591.03
649,OK,89,176,686,686,345.62,443.02,521.55,455.77,441.02,562.68
650,OK,96,166,684,684,352.72,440.1,528.23,451.02,451.26,550.74
651,OK,96,167,685,685,350.03,446.62,526.02,462.89,442.72,569.16
652,OK,95,164,686,686,349.03,444.44,525.14,460.89,438.65,557.61
653,OK,98,164,681,681,350.56,439.9,523.66,457.85,441.93,558.86
654,OK,96,170,677,677,342.78,446.75,515.47,462.52,433.7,571.1
655,OK,95,175,675,675,342.97,455.42,515.86,469.43,433.93,571.57
656,OK,88,172,683,683,333.24,457.99,511.38,457.23,432.58,573.13
657,OK,83,167,689,689,329.85,462.44,508.64,451.72,433.72,563.59
658,OK,84,172,687,687,332.18,467.08,508.51,458.13,436.53,576.83
659,OK,85,178,688,688,334.04,473.9,511.55,464.79,439.49,592.54
660,OK,86,185,686,686,337.05,473.82,513.15,473.32,435.68,597.36
661,OK,84,182,690,690,335.81,467.26,514.72,468.62,434.13,587.2
662,OK,84,181,688,688,336.38,461.96,513.34,466.67,431.77,582.66
663,OK,83,181,687,687,334.99,462.83,511.79,467.82,430.3,585.58
664,OK,82,179,688,688,336.03,461.26,513.66,467.93,430.09,582.34
665,OK,81,177,691,691,335.51,461.68,514.23,465.94,430.77,582.2
666,OK,86,174,689,689,344.24,452.0,521.13,461.68,438.86,573.75
667,OK,93,160,689,689,353.12,435.78,530.65,446.05,448.98,541.76
668,OK,100,154,688,688,360.68,431.02,536.53,449.72,452.72,542.46
669,OK,106,158,685,685,363.24,442.45,538.49,458.25,458.35,555.81
670,OK,110,167,682,682,365.53,453.26,538.72,476.86,456.26,566.2
671,OK,110,166,682,682,360.98,453.83,536.13,470.47,455.91,553.71
672,OK,107,163,681,681,355.47,446.08,529.95,460.93,448.81,549.34
673,OK,106,164,679,679,355.27,452.02,529.27,464.54,447.42,551.35
674,OK,107,167,681,681,359.78,456.72,535.66,468.36,455.5,562.24
675,OK,109,170,682,682,361.69,462.44,537.68,472.63,457.65,564.09
676,OK,105,168,687,687,356.45,452.81,534.35,468.47,449.04,564.4
677,OK,100,172,684,684,347.75,454.8,522.66,470.85,439.11,573.13
678,OK,97,179,680,680,341.75,462.64,515.72,470.66,436.91,583.12
679,OK,89,179,684,684,334.92,463.53,511.85,471.74,429.74,581.22
680,OK,91,179,682,682,341.83,463.09,517.15,470.58,437.27,574.75
681,OK,92,176,684,684,343.31,459.22,519.99,460.97,443.48,574.47
682,OK,91,173,694,694,345.52,460.84,527.13,462.6,448.27,583.01
683,OK,93,176,691,691,347.11,460.59,524.56,465.36,444.7,585.32
684,OK,93,176,686,686,343.39,454.2,518.83,463.33,438.31,576.57
685,OK,93,168,686,686,344.23,440.39,520.89,452.0,441.51,560.89
686,OK,92,159,683,683,341.77,430.05,516.82,442.52,434.95,543.9
687,OK,91,156,680,680,341.71,432.08,515.87,445.05,431.65,547.15
688,OK,94,157,677,677,345.71,435.34,518.88,449.24,437.51,550.1
689,OK,97,165,674,674,347.9,444.07,520.0,458.97,439.35,566.51
690,OK,98,171,673,673,346.47,447.19,519.2,463.32,437.17,573.59
691,OK,91,172,684,684,341.33,450.23,519.52,467.62,434.46,584.58
692,OK,89,173,688,688,343.47,451.14,521.32,466.64,437.46,584.86
693,OK,91,179,685,685,345.5,458.3,520.91,471.9,437.56,588.12
694,OK,90,183,683,683,340.98,460.89,515.84,473.99,431.3,589.33
695,OK,88,186,680,680,336.51,464.52,510.8,475.81,427.28,589.63
696,OK,87,188,678,678,337.04,463.5,510.96,476.45,425.87,587.89
697,OK,80,182,684,684,331.1,454.76,508.49,468.71,419.76,582.89
698,OK,77,165,694,694,336.04,435.95,516.89,447.77,428.95,560.09
699,OK,71,140,703,703,332.98,405.06,515.52,425.9,419.48,529.85
700,OK,69,116,709,709,336.7,390.64,520.36,408.62,423.88,503.27
701,OK,58,97,727,727,323.95,389.85,515.53,400.63,420.47,505.19
702,OK,49,87,740,740,322.81,388.34,516.34,403.44,417.28,513.88
703,OK,33,84,758,758,306.11,402.65,505.76,412.12,406.24,532.22
704,OK,13,85,774,774,286.5,411.56,489.99,420.4,388.8,546.92
705,OK,-8,105,768,768,253.58,447.06,449.44,436.63,353.69,570.31
706,OK,-39,123,771,771,218.04,462.37,417.44,452.76,316.51,599.01
707,OK,-86,134,792,792,171.4,495.25,379.39,469.28,273.33,623.05
708,OK,-126,138,824,824,153.15,516.56,372.26,492.4,261.09,636.03
709,OK,-159,151,824,824,122.2,531.11,331.79,497.05,213.7,641.33
710,OK,-186,158,827,827,104.98,524.97,317.96,504.19,192.63,648.02
711,OK,-213,162,841,841,92.37,537.17,311.48,514.43,173.89,660.51
712,OK,-209,183,820,820,103.69,550.16,307.45,519.0,186.17,677.38
713,OK,-219,207,812,812,84.65,574.03,289.99,546.39,159.37,708.66
714,OK,-234,238,792,792,58.4,594.82,255.05,563.88,117.64,731.0
715,OK,-248,255,770,770,38.29,595.08,225.85,550.31,91.86,721.62
716,OK,-257,235,784,784,54.32,549.53,257.53,516.34,110.14,695.77
717,OK,-228,166,820,820,124.27,472.09,341.65,436.14,225.02,599.28
718,OK,-179,111,824,824,176.74,420.71,388.68,397.18,284.89,533.83
719,OK,-118,87,804,804,226.97,416.91,426.42,384.9,343.71,512.5
720,OK,-67,93,780,780,257.99,425.68,452.54,411.4,369.12,535.83
721,OK,-39,76,759,759,257.65,391.32,447.31,374.12,362.52,475.99
722,OK,-27,65,707,707,227.51,382.01,391.45,340.76,314.89,405.61
723,OK,16,45,671,671,298.9,331.05,462.42,323.19,372.29,358.34
724,OK,70,43,645,645,355.72,334.34,515.29,335.4,432.87,366.95
725,OK,133,48,624,624,422.84,331.8,576.34,357.25,498.0,368.43
726,OK,171,44,624,624,447.74,315.29,603.53,356.16,519.66,368.71
727,OK,188,39,630,630,447.2,316.66,605.27,360.22,521.31,369.31
728,OK,184,48,651,651,431.9,353.36,601.27,390.7,519.27,416.35
729,OK,164,80,673,673,405.02,403.81,580.71,439.45,491.53,501.9
730,OK,127,139,691,691,358.96,485.95,541.29,501.21,441.29,612.68
731,OK,109,174,696,696,358.14,487.5,537.67,506.0,434.91,621.94
732,OK,71,193,707,707,321.46,496.87,504.41,524.1,374.95,632.37
733,OK,50,216,701,701,312.4,512.63,488.83,542.7,354.49,648.19
734,OK,59,236,703,703,339.71,529.22,519.18,556.35,412.72,675.18
735,OK,74,245,701,701,357.02,523.77,534.4,555.77,434.13,668.82
736,OK,93,258,690,690,364.53,535.86,537.93,557.93,450.8,675.45
737,OK,99,262,691,691,360.03,536.22,537.34,555.1,454.11,682.19
738,OK,103,264,689,689,359.5,534.88,535.6,552.7,454.06,677.94
739,OK,103,267,686,686,356.47,538.12,531.66,555.17,447.43,677.9
740,OK,98,257,691,691,349.87,514.78,527.63,537.4,443.59,664.33
741,OK,94,236,685,685,339.89,491.38,515.1,495.75,434.41,617.72
742,OK,61,159,689,689,289.35,390.83,467.86,383.13,373.76,473.15
743,OK,48,109,673,673,285.08,365.97,454.51,361.07,360.02,416.22
744,OK,56,86,660,660,315.68,366.28,482.32,377.71,379.99,403.15
745,OK,87,78,645,645,356.27,360.35,517.52,379.18,429.18,401.26
746,OK,109,73,649,649,369.15,371.68,537.25,376.77,462.99,417.22
747,OK,130,71,654,654,382.98,376.15,552.61,380.31,492.61,420.37
748,OK,135,84,657,657,371.96,401.84,542.3,401.07,483.59,455.31
749,OK,129,96,661,661,356.29,413.75,527.32,406.74,469.69,473.46
750,OK,116,117,674,674,348.55,434.33,525.67,428.42,458.03,535.06
751,OK,103,133,685,685,338.7,446.5,517.88,435.77,450.75,555.38
752,OK,90,141,698,698,332.74,445.06,515.76,440.73,441.17,565.6
753,OK,82,148,708,708,332.32,454.38,517.18,449.2,442.29,578.03
754,OK,78,159,706,706,330.12,459.74,511.68,461.48,433.11,587.35
755,OK,78,168,705,705,334.65,462.15,516.25,466.7,437.85,594.77
756,OK,79,175,700,700,336.69,461.17,515.44,469.52,431.73,593.32
757,OK,84,179,696,696,345.36,459.57,523.37,473.81,439.54,593.65
758,OK,83,171,699,699,341.48,446.35,521.7,460.32,437.32,578.05
759,OK,89,156,696,696,351.18,427.67,529.52,441.21,444.03,544.53
760,OK,99,146,686,686,359.5,418.41,532.57,436.48,450.05,521.17
761,OK,102,139,689,689,360.87,414.64,537.85,437.15,452.74,533.69
762,OK,104,146,691,691,359.46,433.7,537.29,450.57,456.68,558.97
763,OK,87,153,698,698,332.25,447.17,513.8,458.6,425.19,574.38
764,OK,73,149,710,710,325.31,442.47,511.26,452.34,422.55,568.1
765,OK,67,145,710,710,325.08,435.56,507.73,445.51,415.77,555.34
766,OK,65,143,709,709,327.14,434.63,509.41,444.1,418.51,551.84
767,OK,66,140,709,709,331.02,429.84,513.39,441.01,423.14,548.43
768,OK,67,142,708,708,331.18,434.16,512.94,444.22,423.84,555.7
769,OK,76,159,696,696,338.34,458.57,514.2,467.78,430.75,574.65
770,OK,83,174,686,686,340.25,467.79,514.34,478.69,431.2,583.17
771,OK,88,188,681,681,342.78,475.74,516.63,486.6,434.17,600.74
772,OK,87,184,685,685,338.51,470.3,516.09,472.52,436.66,578.92
773,OK,90,173,682,682,338.6,456.58,513.58,458.63,439.85,545.89
774,OK,89,167,681,681,333.47,460.61,508.9,458.93,435.69,544.34
775,OK,93,163,679,679,341.31,460.46,515.7,456.39,442.72,536.01
776,OK,92,157,680,680,338.46,456.55,513.57,446.83,439.1,531.84
777,OK,78,140,695,695,318.34,465.94,498.96,436.02,431.11,508.68
778,OK,73,141,700,700,317.42,484.7,494.22,442.91,436.8,525.56
779,OK,67,143,708,708,317.98,480.09,499.17,445.69,432.14,544.06
780,OK,72,145,709,709,332.14,472.21,513.64,447.29,441.86,544.82
781,OK,84,148,707,707,349.6,461.97,530.97,450.74,459.15,553.53
782,OK,91,135,707,707,352.92,443.39,535.04,435.84,460.83,515.44
783,OK,100,133,699,699,355.94,445.17,533.54,429.65,465.91,516.59
784,OK,99,136,700,700,346.0,459.7,524.59,432.56,463.89,535.47
785,OK,100,146,704,704,350.78,467.27,532.03,446.42,469.11,566.04
786,OK,101,159,701,701,348.27,476.78,526.79,453.74,467.34,579.76
787,OK,96,168,707,707,343.65,482.91,526.7,464.26,460.89,595.26
788,OK,95,174,705,705,346.09,478.49,527.13,466.12,457.06,594.49
789,OK,99,177,696,696,350.95,478.28,527.74,470.2,455.99,575.52
790,OK,96,164,701,701,347.37,462.46,529.18,454.25,455.62,552.95
791,OK,96,158,701,701,345.55,458.92,525.24,442.08,457.5,554.19
792,OK,95,154,700,700,343.83,458.74,522.87,440.88,454.98,551.9
793,OK,98,156,698,698,347.51,462.36,525.73,442.2,461.66,560.75
794,OK,97,157,697,697,344.41,465.25,522.55,444.09,458.43,558.18
795,OK,98,157,698,698,349.06,465.72,528.74,450.09,461.79,560.07
796,OK,96,157,702,702,347.08,467.47,528.36,452.46,459.22,563.92
797,OK,98,160,699,699,349.58,467.51,528.43,455.74,460.19,563.24
798,OK,102,160,693,693,351.36,463.26,528.2,452.38,461.1,551.48
799,OK,104,160,689,689,351.47,456.67,528.12,452.23,458.92,551.88
800,OK,104,159,685,685,348.72,452.13,524.1,447.11,455.27,549.67
801,OK,105,152,681,681,350.14,441.09,524.82,440.8,454.25,529.06
802,OK,106,150,676,676,348.67,438.04,521.78,438.16,454.51,530.61
803,OK,109,147,672,672,350.71,435.24,522.83,437.56,458.41,521.34
804,OK,104,148,678,678,342.13,451.27,518.34,444.4,452.04,534.31
805,OK,104,158,680,680,346.78,461.62,522.39,455.99,456.94,560.82
806,OK,104,175,677,677,347.36,474.8,520.86,473.53,447.9,586.48
807,OK,106,184,681,681,356.35,479.75,532.75,484.27,456.11,591.78
808,OK,109,194,682,682,360.12,480.46,535.73,490.81,459.52,606.62
809,OK,113,198,679,679,362.72,479.65,536.69,489.01,462.46,598.93
810,OK,111,209,680,680,353.84,501.83,529.51,500.72,462.09,624.57
811,OK,107,218,686,686,349.23,510.79,527.51,509.65,460.63,636.71
812,OK,105,217,688,688,349.71,503.06,527.72,500.44,458.62,622.36
813,OK,103,209,684,684,347.07,485.37,522.15,480.69,449.91,601.45
814,OK,96,182,687,687,335.14,468.0,512.18,451.07,446.16,542.85
815,OK,96,169,680,680,334.19,465.43,506.33,444.55,447.27,530.18
816,OK,94,161,678,678,329.58,466.58,502.07,440.5,447.09,528.87
817,OK,86,154,684,684,322.08,470.73,497.27,440.03,439.86,528.75
818,OK,80,152,691,691,323.18,478.32,501.15,453.72,436.77,534.13
819,OK,73,151,700,700,320.64,473.55,502.15,452.24,432.78,547.13
820,OK,69,153,708,708,323.28,478.42,506.85,461.52,434.84,557.37
821,OK,70,160,706,706,325.16,478.75,506.07,464.88,433.76,567.44
822,OK,73,156,708,708,331.26,471.78,513.5,457.64,441.37,552.91
823,OK,80,163,701,701,337.19,473.29,515.86,461.68,445.16,567.54
824,OK,87,167,695,695,342.7,471.85,520.32,465.05,446.99,565.17
825,OK,93,172,690,690,345.93,475.24,522.3,470.06,449.37,568.25
826,OK,97,176,688,688,348.67,472.69,525.45,466.53,452.41,577.42
827,OK,100,180,684,684,348.97,471.88,523.95,467.61,450.98,580.04
828,OK,104,182,683,683,354.21,466.69,529.88,468.01,459.03,586.55
829,OK,98,180,695,695,349.26,464.16,531.2,469.83,451.73,598.64
830,OK,98,182,700,700,352.85,470.26,534.5,474.75,458.76,600.41
831,OK,97,181,704,704,353.79,469.66,536.29,474.28,458.82,599.73
832,OK,100,177,702,702,355.42,461.36,535.71,463.93,460.55,585.94
833,OK,108,174,694,694,362.57,457.24,539.53,459.05,469.27,573.34
834,OK,104,175,697,697,352.77,466.65,533.11,465.41,460.06,587.48
835,OK,108,180,692,692,360.25,471.17,537.05,474.99,465.16,585.85
836,OK,106,179,691,691,353.91,463.68,531.53,464.56,457.21,581.99
837,OK,103,178,693,693,350.67,464.41,530.0,466.72,455.73,584.86
838,OK,104,182,692,692,352.53,469.73,530.54,471.79,458.65,593.11
839,OK,101,182,694,694,349.77,469.9,529.22,470.7,455.73,591.99
840,OK,102,187,690,690,349.66,475.75,526.55,475.5,455.35,594.6
841,OK,104,189,682,682,349.07,471.82,522.58,470.68,452.67,588.45
842,OK,103,193,678,678,346.63,473.76,520.23,473.58,448.25,597.02
843,OK,102,197,680,680,346.97,480.17,522.57,481.43,449.84,605.11
844,OK,103,202,681,681,350.29,485.9,526.08,487.87,455.21,611.99
845,OK,99,202,688,688,345.69,486.89,524.72,487.19,450.77,612.03
846,OK,98,197,690,690,347.88,478.94,526.01,481.16,452.14,599.69
847,OK,105,191,683,683,356.13,470.83,530.26,470.72,459.68,576.55
848,OK,112,181,681,681,362.38,463.63,537.15,463.78,469.04,558.86
849,OK,122,178,677,677,365.74,472.24,538.96,462.62,483.87,556.13
850,OK,124,171,681,681,367.02,468.38,543.42,460.42,483.86,550.56
851,OK,122,172,682,682,362.06,471.32,537.9,462.57,474.56,563.98
852,OK,121,175,677,677,357.12,470.12,530.09,460.68,469.82,564.3
853,OK,116,174,678,678,353.23,463.6,528.14,458.73,461.64,565.55
854,OK,108,178,680,680,348.41,461.0,524.03,466.18,448.59,582.84
855,OK,103,181,684,684,347.13,463.49,524.27,469.01,449.64,589.8
856,OK,100,180,685,685,347.1,460.92,523.8,467.57,446.35,580.8
857,OK,98,183,683,683,345.79,461.36,520.83,471.07,442.4,587.36
858,OK,94,182,687,687,343.1,462.38,521.22,471.53,442.25,588.94
859,OK,89,179,697,697,344.1,461.87,525.89,472.51,441.58,593.24
860,OK,92,182,694,694,349.1,463.31,527.13,471.36,446.35,596.11
861,OK,94,178,692,692,350.55,457.33,528.28,463.85,446.55,577.81
862,OK,100,167,693,693,356.38,449.04,535.19,456.15,460.33,555.38
863,OK,104,158,686,686,355.65,433.48,530.79,438.62,456.33,544.03
864,OK,106,151,682,682,353.91,433.15,528.72,439.81,453.59,532.71
865,OK,104,147,681,681,351.04,430.62,525.76,441.52,448.93,533.55
866,OK,108,149,678,678,355.86,437.38,529.64,439.94,457.63,539.19
867,OK,107,150,687,687,356.81,452.43,536.28,451.04,464.8,546.39
868,OK,110,153,688,688,359.48,451.6,537.16,446.08,470.98,554.62
869,OK,111,161,689,689,357.8,461.64,535.39,453.06,468.81,571.59
870,OK,112,164,688,688,359.29,461.17,536.15,458.82,465.96,563.93
871,OK,115,168,683,683,361.33,457.45,536.07,459.3,465.56,566.86
872,OK,115,178,678,678,360.2,463.5,533.49,474.04,457.66,585.1
873,OK,114,183,678,678,359.87,465.45,534.11,475.16,457.93,587.03
874,OK,114,181,681,681,362.22,463.33,538.38,470.33,464.35,577.66
875,OK,113,174,685,685,361.55,459.73,539.0,464.28,464.22,563.81
876,OK,108,163,692,692,354.8,451.3,534.91,452.17,460.53,551.25
877,OK,112,160,683,683,359.62,440.57,533.16,446.36,461.62,546.16
878,OK,117,158,674,674,361.95,436.91,533.23,441.78,461.9,540.65
879,OK,120,157,669,669,362.33,436.92,533.48,440.77,463.44,540.49
880,OK,125,160,663,663,365.39,440.19,534.93,443.34,469.23,544.04
881,OK,123,159,667,667,363.8,439.79,536.44,446.93,464.87,543.49
882,OK,122,163,671,671,363.73,453.74,537.73,456.85,470.31,556.84
883,OK,121,165,677,677,364.56,456.51,540.33,460.94,470.31,559.69
884,OK,121,172,679,679,364.69,464.41,540.11,465.22,472.41,574.07
885,OK,123,179,678,678,366.38,469.57,540.93,472.41,475.0,580.03
886,OK,123,180,677,677,365.54,465.4,539.53,467.27,472.04,574.02
887,OK,123,180,678,678,366.61,461.09,541.54,464.74,473.44,576.37
888,OK,125,179,677,677,368.22,458.25,542.31,460.5,478.27,576.1
889,OK,124,183,674,674,364.61,459.53,537.65,465.55,467.32,584.72
890,OK,116,186,684,684,360.16,465.91,538.6,475.0,464.07,602.65
891,OK,111,187,691,691,357.39,468.23,537.07,475.07,463.67,602.8
892,OK,111,185,692,692,361.32,464.03,539.77,469.42,467.02,593.18
893,OK,113,183,688,688,361.8,459.02,538.02,464.94,466.05,587.78
894,OK,110,170,693,693,359.61,446.14,539.52,452.95,464.05,565.52
895,OK,113,162,686,686,361.1,438.25,535.94,443.43,465.01,547.52
896,OK,115,159,681,681,362.07,434.44,536.15,445.76,461.01,549.96
897,OK,115,159,684,684,363.23,437.63,539.85,450.5,468.34,562.82
898,OK,117,166,681,681,364.32,450.7,538.7,460.95,464.83,570.54
899,OK,116,169,680,680,363.73,452.49,538.37,464.52,461.98,567.82
900,OK,116,171,678,678,362.2,452.96,536.36,462.97,460.32,567.94
901,OK,116,170,679,679,365.07,447.82,539.97,461.75,463.02,567.04
902,OK,116,173,678,678,364.66,450.27,538.2,466.26,459.95,570.39
903,OK,118,173,677,677,366.02,449.64,539.8,464.48,463.31,567.55
904,OK,121,177,673,673,368.1,459.24,539.95,472.71,465.17,567.6
905,OK,122,178,670,670,366.77,460.37,538.34,471.95,464.57,563.61
906,OK,120,174,675,675,366.14,461.54,541.0,472.73,464.98,556.65
907,OK,117,177,677,677,360.6,465.29,535.27,475.16,458.14,568.38
908,OK,108,185,675,675,349.86,469.46,522.64,484.6,436.71,584.32
909,OK,90,195,683,683,335.12,483.0,512.81,498.35,415.42,611.41
910,OK,67,200,702,702,317.67,496.98,503.15,504.59,399.19,630.24
911,OK,47,202,713,713,308.11,500.02,494.17,514.46,378.81,627.52
912,OK,40,207,714,714,308.89,503.38,493.03,514.17,382.03,632.43
913,OK,44,209,711,711,315.52,502.97,498.17,505.09,398.96,628.82
914,OK,43,208,710,710,311.66,496.5,494.6,501.37,393.72,625.1
915,OK,41,205,714,714,309.14,495.16,494.26,497.27,396.35,625.88
916,OK,44,207,710,710,312.43,499.98,494.57,502.9,398.99,626.48
917,OK,41,205,712,712,306.51,497.81,490.58,500.62,394.55,621.02
918,OK,36,207,719,719,301.23,508.25,488.31,510.47,393.45,634.85
919,OK,31,212,719,719,297.34,509.45,482.44,519.38,385.27,641.25
920,OK,25,213,722,722,291.61,512.21,478.28,521.22,379.54,639.91
921,OK,17,223,729,729,284.25,534.23,473.48,544.88,375.5,664.26
922,OK,20,241,723,723,294.03,546.31,478.14,561.49,377.38,680.91
923,OK,27,259,719,719,304.36,564.52,488.39,573.71,388.88,700.32
924,OK,31,272,722,722,307.34,574.17,493.69,584.87,393.74,715.58
925,OK,35,280,723,723,311.56,578.93,497.75,588.15,399.31,718.58
926,OK,39,284,722,722,312.98,576.86,498.35,587.29,400.6,715.71
927,OK,40,280,726,726,315.81,568.03,503.49,578.52,402.88,710.97
928,OK,47,273,723,723,323.24,557.81,508.52,563.27,414.08,692.42
929,OK,71,246,718,718,348.71,513.8,532.44,507.97,463.96,645.09
930,OK,96,220,706,706,368.14,481.16,546.91,477.41,482.05,606.25
931,OK,113,197,693,693,370.08,459.39,545.29,451.71,483.6,574.36
932,OK,122,184,684,684,369.38,452.65,543.23,446.84,481.95,567.86
933,OK,123,168,680,680,361.51,436.31,535.78,432.1,476.45,549.13
934,OK,96,126,694,694,322.4,413.12,504.07,394.58,434.75,474.47
935,OK,73,92,694,694,298.5,395.68,474.9,366.13,408.69,431.4
936,OK,62,75,695,695,302.76,392.78,480.57,367.54,409.05,435.14
937,OK,56,71,708,708,311.13,409.36,496.19,390.99,422.09,458.04
938,OK,67,88,699,699,328.47,420.68,506.1,411.32,430.23,485.03
939,OK,82,101,695,695,349.28,425.84,527.38,421.52,451.23,497.47
940,OK,99,117,687,687,362.25,426.97,537.52,426.02,466.08,520.63
941,OK,116,134,681,681,373.08,435.73,546.91,436.09,481.39,541.84
942,OK,119,151,684,684,371.12,456.06,547.83,463.45,472.86,565.48
943,OK,116,178,684,684,364.56,481.62,540.53,494.34,458.16,607.45
944,OK,110,192,689,689,360.77,485.2,539.04,499.25,454.15,615.25
945,OK,108,199,688,688,358.17,483.88,534.82,494.14,453.54,609.59
946,OK,106,208,684,684,351.24,494.97,526.61,500.15,449.2,619.96
947,OK,97,210,688,688,341.34,494.08,519.85,498.54,439.33,621.36
948,OK,92,210,690,690,338.14,493.34,516.44,492.38,438.72,620.1
949,OK,92,210,688,688,341.29,492.04,518.15,493.17,440.66,616.33
950,OK,96,212,683,683,347.87,489.08,522.75,495.74,443.6,617.24
951,OK,99,212,680,680,350.12,487.36,524.6,491.19,447.12,615.08
952,OK,113,192,681,681,369.01,468.45,544.68,458.58,482.66,566.44
953,OK,126,165,688,688,377.99,449.54,556.7,436.35,508.66,530.96
954,OK,147,160,670,670,387.21,448.19,554.03,429.29,520.32,525.5
955,OK,146,159,672,672,375.53,455.74,548.34,435.73,505.55,544.38
956,OK,135,163,679,679,365.5,465.29,541.64,448.89,483.69,563.05
957,OK,126,168,685,685,365.72,464.37,543.8,466.41,469.41,571.82
958,OK,124,181,687,687,372.53,476.12,549.87,485.18,473.41,596.2
959,OK,130,191,681,681,380.11,475.34,553.86,484.4,480.63,599.87
960,OK,133,192,679,679,383.25,469.63,557.64,477.9,483.34,594.11
961,OK,134,194,676,676,380.68,469.33,554.04,477.06,480.01,594.53
962,OK,132,192,678,678,376.34,468.59,551.46,477.46,477.46,590.58
963,OK,130,191,680,680,375.25,471.33,551.12,476.74,478.48,590.58
964,OK,127,190,683,683,373.59,470.25,550.4,479.02,475.34,590.23
965,OK,126,190,684,684,372.63,471.2,548.73,480.43,474.3,590.64
966,OK,125,188,686,686,373.64,470.77,550.7,479.34,476.8,588.91
967,OK,123,186,689,689,373.25,469.13,551.13,479.83,474.87,587.39
968,OK,124,183,688,688,373.07,460.93,549.88,470.35,477.31,581.84
969,OK,115,175,695,695,362.02,450.92,542.31,463.07,462.2,580.98
970,OK,104,168,702,702,356.16,447.03,537.99,463.36,450.17,578.0
971,OK,102,166,703,703,358.54,449.63,539.64,464.11,455.21,576.26
972,OK,93,164,698,698,342.54,450.67,521.18,459.09,433.88,563.35
973,OK,72,142,694,694,316.14,420.89,494.1,425.08,388.86,509.93
974,OK,52,113,692,692,298.56,394.97,476.15,405.95,367.41,459.54
975,OK,44,92,692,692,305.66,386.94,483.5,402.12,371.21,442.83
976,OK,54,86,691,691,334.67,389.19,511.05,412.18,395.17,453.18
977,OK,72,81,694,694,359.36,388.82,537.15,413.44,431.52,449.55
978,OK,90,89,690,690,372.13,400.26,546.86,426.78,445.15,466.78
979,OK,103,92,691,691,382.56,406.32,559.09,430.23,455.24,466.41
980,OK,113,97,688,688,385.46,409.12,560.97,429.73,461.76,471.08
981,OK,118,99,689,689,384.19,415.62,561.72,428.39,466.65,472.46
982,OK,125,111,682,682,387.29,423.7,560.12,444.76,466.59,491.31
983,OK,118,123,686,686,372.61,433.08,549.55,449.62,452.78,521.49
984,OK,114,130,689,689,373.09,433.25,550.21,452.25,451.75,525.75
985,OK,109,134,694,694,368.69,435.57,547.81,454.14,449.43,532.8
986,OK,106,138,695,695,367.54,436.32,546.06,455.58,448.93,536.39
987,OK,106,140,695,695,368.05,431.93,545.81,453.71,450.78,538.04
988,OK,108,146,689,689,367.0,435.49,542.19,454.4,452.33,546.46
989,OK,110,154,692,692,372.28,452.79,550.47,473.55,461.06,560.23
990,OK,117,160,696,696,379.15,462.54,559.07,477.44,479.86,564.39
991,OK,124,172,695,695,379.34,478.6,558.28,481.0,488.58,584.0
992,OK,128,176,694,694,376.32,476.9,554.75,474.26,490.8,578.85
993,OK,119,167,704,704,362.6,475.17,546.11,458.72,483.3,566.76
994,OK,114,168,703,703,356.96,476.82,536.53,455.92,476.2,576.18
995,OK,108,162,700,700,343.57,479.98,520.15,446.96,471.22,546.94
996,OK,101,159,696,696,332.18,482.31,505.59,439.61,463.34,544.31
997,OK,95,158,695,695,327.46,480.28,501.3,439.17,459.01,551.5
998,OK,87,156,704,704,326.14,476.11,505.96,437.22,456.4,569.05
999,OK,84,159,705,705,328.58,475.25,507.94,443.6,452.23,573.06
1000,OK,80,158,711,711,329.71,473.65,512.41,444.99,451.56,574.44
1001,OK,79,160,711,711,332.19,471.1,514.4,450.17,447.91,578.1
1002,OK,82,162,708,708,336.0,468.95,516.57,448.88,451.3,574.02
1003,OK,84,163,706,706,336.98,469.63,517.49,450.03,452.75,575.94
1004,OK,86,166,703,703,337.84,469.8,517.26,453.09,451.12,576.92
1005,OK,88,167,701,701,338.55,468.38,517.87,452.95,451.53,577.2
1006,OK,88,168,701,701,338.35,469.24,518.3,453.69,451.67,576.86
1007,OK,89,169,700,700,337.87,471.75,517.38,453.86,452.49,577.57
1008,OK,91,169,698,698,342.5,472.52,521.41,458.07,453.21,569.96
1009,OK,92,173,695,695,343.32,470.92,521.64,461.82,449.38,579.78
1010,OK,93,175,697,697,345.54,476.67,525.58,466.39,455.66,584.7
1011,OK,95,175,700,700,347.28,475.38,528.16,465.3,458.35,582.46
1012,OK,94,174,697,697,344.73,465.37,523.66,462.65,446.91,578.13
1013,OK,88,171,699,699,336.54,465.84,517.26,458.22,441.67,578.88
1014,OK,86,170,698,698,335.63,465.13,515.3,456.41,441.13,576.37
1015,OK,82,169,701,701,332.71,466.33,513.73,456.29,439.17,580.71
1016,OK,81,170,701,701,333.71,467.11,514.03,458.73,437.95,579.72
1017,OK,82,172,696,696,333.51,469.55,511.45,459.94,438.74,575.71
1018,OK,89,172,693,693,346.89,465.59,524.75,464.05,449.15,571.54
1019,OK,98,171,693,693,354.77,469.17,533.2,461.0,462.69,567.53
1020,OK,105,170,695,695,362.39,470.44,542.04,463.17,473.52,571.48
1021,OK,108,168,698,698,361.87,467.89,542.65,461.54,472.4,569.87
1022,OK,109,168,699,699,361.31,469.57,541.58,463.12,472.21,571.49
1023,OK,112,172,696,696,363.19,474.49,541.67,469.95,472.83,575.06
1024,OK,114,178,694,694,363.79,480.32,541.91,475.47,475.1,585.2
1025,OK,110,177,694,694,356.38,474.17,535.23,468.88,463.91,575.31
1026,OK,106,172,698,698,351.9,466.88,532.68,454.7,467.49,576.85
1027,OK,106,165,699,699,353.82,462.64,533.62,449.58,469.85,562.17
1028,OK,104,163,699,699,348.92,465.53,528.28,447.32,467.98,567.31
1029,OK,99,165,703,703,344.35,470.18,525.7,452.01,462.4,581.22
1030,OK,94,165,710,710,342.54,475.69,526.21,454.64,464.36,585.77
1031,OK,94,169,711,711,344.92,475.78,527.49,459.34,465.19,591.08
1032,OK,91,172,713,713,343.16,474.05,527.31,464.76,456.8,597.44
1033,OK,90,173,713,713,342.92,475.58,526.56,465.29,457.54,594.77
1034,OK,90,175,711,711,343.62,478.36,526.13,465.87,458.07,592.93
1035,OK,93,177,704,704,345.42,472.21,524.7,463.96,455.9,586.31
1036,OK,94,178,699,699,342.42,470.46,521.24,461.68,453.31,589.59
1037,OK,93,177,699,699,342.29,467.1,522.27,459.59,450.99,586.85
1038,OK,91,177,696,696,335.85,474.75,513.84,460.41,447.49,582.19
1039,OK,89,178,696,696,336.25,471.57,515.37,464.56,447.28,587.11
1040,OK,86,181,705,705,337.78,479.62,521.63,472.96,452.22,607.96
1041,OK,85,183,710,710,340.08,482.72,524.34,474.62,455.4,609.13
1042,OK,90,164,710,710,346.51,460.62,528.67,443.81,464.84,547.87
1043,OK,104,154,696,696,360.01,443.52,535.96,438.77,473.21,530.03
1044,OK,115,141,691,691,372.82,431.29,549.27,438.66,478.81,510.4
1045,OK,122,136,687,687,374.97,431.32,550.51,441.58,480.19,510.45
1046,OK,129,144,679,679,377.64,436.89,550.54,446.6,482.65,536.22
1047,OK,131,148,677,677,374.96,441.32,549.11,446.87,482.93,537.41
1048,OK,134,151,675,675,377.17,441.49,550.35,449.27,483.12,534.82
1049,OK,137,155,670,670,378.47,437.96,549.34,450.36,480.44,537.86
1050,OK,138,156,668,668,378.89,439.21,550.32,449.49,483.12,535.86
1051,OK,136,157,669,669,375.87,441.17,548.15,450.87,479.97,543.44
1052,OK,135,159,669,669,372.72,445.11,544.9,450.64,477.91,545.67
1053,OK,132,160,670,670,370.7,443.04,543.3,450.88,474.48,547.97
1054,OK,131,162,670,670,370.87,444.2,543.37,452.98,474.79,551.65
1055,OK,127,162,672,672,366.4,443.27,539.99,452.97,468.49,551.81
1056,OK,125,163,672,672,365.76,443.51,538.64,452.55,467.4,552.13
1057,OK,123,163,674,674,364.64,446.06,538.66,453.66,467.87,552.43
1058,OK,124,163,673,673,367.26,445.63,540.35,454.66,470.58,551.04
1059,OK,123,162,677,677,367.13,447.96,542.27,456.0,471.95,553.33
1060,OK,124,163,677,677,368.26,447.41,542.39,455.5,472.8,553.81
1061,OK,124,163,678,678,368.04,448.05,542.7,456.54,472.89,555.11
1062,OK,125,164,677,677,368.57,447.87,542.66,456.47,473.46,554.92
1063,OK,124,163,680,680,369.15,446.24,544.58,457.74,473.75,554.15
1064,OK,117,159,689,689,360.3,458.97,539.9,465.38,468.5,546.71
1065,OK,102,154,697,697,342.8,457.66,524.53,453.28,448.7,551.09
1066,OK,84,152,706,706,326.49,464.94,510.46,455.47,430.19,556.4
1067,OK,64,158,709,709,309.8,464.95,493.34,467.25,399.29,575.85
1068,OK,49,159,710,710,300.83,465.1,484.27,463.16,388.12,569.34
1069,OK,33,163,702,702,284.84,466.98,463.98,467.67,357.2,561.52
1070,OK,22,167,699,699,280.99,469.58,460.42,471.87,350.15,568.44
1071,OK,13,171,699,699,276.16,472.28,456.38,475.98,344.44,579.41
1072,OK,10,175,697,697,276.1,472.27,455.08,476.59,342.84,579.95
1073,OK,6,176,695,695,272.08,471.84,450.5,475.43,337.71,574.71
1074,OK,1,180,696,696,266.06,481.11,445.7,479.24,336.08,584.23
1075,OK,-8,178,705,705,256.71,482.94,440.49,478.4,330.57,585.8
1076,OK,-12,187,704,704,254.22,495.02,435.61,491.51,327.12,604.46
1077,OK,-24,184,717,717,242.46,492.24,430.65,486.39,321.32,605.69
1078,OK,-26,192,716,716,245.04,502.87,429.09,497.6,319.75,617.4
1079,OK,-32,193,721,721,239.4,502.49,426.65,496.3,317.04,615.22
1080,OK,-33,202,729,729,243.69,525.77,433.23,515.54,329.36,638.18
1081,OK,-32,216,739,739,250.56,544.33,443.34,540.83,338.0,667.54
1082,OK,-29,227,742,742,254.23,554.03,446.2,546.2,341.86,672.05
1083,OK,-23,244,740,740,259.18,572.22,449.27,562.66,351.44,693.9
1084,OK,-28,251,757,757,256.48,578.91,455.87,574.85,352.06,714.14
1085,OK,-25,260,762,762,265.22,586.41,462.99,585.4,360.8,721.91
1086,OK,-10,280,755,755,284.61,605.66,477.53,611.07,375.01,741.98
1087,OK,14,305,740,740,306.03,622.83,492.57,617.19,404.29,764.49
1088,OK,39,326,730,730,324.58,635.87,510.32,631.5,432.7,783.18
1089,OK,45,331,739,739,324.85,631.78,517.34,637.06,429.93,789.57
1090,OK,51,337,734,734,325.02,629.94,512.62,635.38,425.47,781.75
1091,OK,53,340,732,732,325.12,631.99,513.42,636.98,424.01,784.7
1092,OK,50,330,732,732,321.14,604.97,509.39,617.04,411.13,761.66
1093,OK,51,299,735,735,324.48,565.85,514.89,570.2,425.0,707.75
1094,OK,58,262,728,728,328.09,517.66,513.85,519.05,431.94,652.49
1095,OK,61,237,723,723,324.9,508.42,509.76,501.44,432.6,637.09
1096,OK,68,223,716,716,331.89,500.6,514.65,497.34,439.24,629.84
1097,OK,74,218,713,713,335.33,502.27,518.52,499.88,443.76,635.31
1098,OK,84,216,703,703,344.07,499.14,522.5,499.87,449.39,624.04
1099,OK,89,212,699,699,349.17,485.77,527.93,496.69,447.37,619.27
1100,OK,95,206,696,696,354.73,478.14,532.47,493.88,450.63,607.89
1101,OK,97,199,698,698,359.21,473.39,538.78,491.81,452.34,603.87
1102,OK,111,191,693,693,377.11,465.38,554.24,478.19,473.38,583.6
1103,OK,127,183,685,685,391.23,458.86,565.38,469.59,486.93,565.27
1104,OK,153,169,685,685,433.42,432.9,607.62,462.16,525.67,552.25
1105,OK,175,161,679,679,451.12,422.59,620.88,457.6,530.6,539.44
1106,OK,205,154,671,671,483.54,418.02,649.89,457.29,569.48,521.3
1107,OK,227,150,665,665,496.51,415.53,660.34,460.29,578.14,512.64
1108,OK,228,132,675,675,483.81,409.5,655.7,450.09,576.57,484.85
1109,OK,226,129,668,668,465.57,413.96,633.43,441.84,560.53,486.22
1110,OK,201,121,677,677,424.33,412.74,599.36,436.81,528.23,488.32
1111,OK,171,126,679,679,383.84,433.25,559.13,431.05,494.47,510.96
1112,OK,139,133,678,678,348.98,440.7,523.25,431.07,459.12,523.85
1113,OK,107,122,689,689,325.02,433.71,504.76,419.48,437.05,496.57
1114,OK,84,120,691,691,309.77,435.45,487.26,413.26,418.42,506.1
1115,OK,69,124,695,695,304.0,444.82,482.81,423.91,412.73,521.15
1116,OK,61,136,692,692,301.02,455.14,478.12,440.3,407.27,539.92
1117,OK,59,138,691,691,308.39,442.08,486.39,437.81,407.66,531.83
1118,OK,61,124,695,695,317.59,429.23,497.5,419.3,419.17,495.99
1119,OK,66,118,697,697,325.33,432.36,505.24,425.19,426.32,496.55
1120,OK,73,127,690,690,329.39,442.15,505.09,433.82,428.41,519.59
1121,OK,75,137,697,697,329.59,457.02,510.43,442.34,439.28,549.67
1122,OK,81,151,694,694,335.74,464.25,513.42,455.85,442.18,561.8
1123,OK,86,161,689,689,337.07,463.98,513.57,459.3,441.4,567.76
1124,OK,88,164,686,686,338.09,459.24,514.32,455.97,439.13,561.82
1125,OK,91,163,686,686,339.91,460.0,516.62,452.24,446.26,556.58
1126,OK,91,162,687,687,338.9,459.52,516.09,452.74,444.39,555.32
1127,OK,92,162,687,687,339.54,459.76,516.22,452.63,445.11,556.25
1128,OK,95,163,685,685,344.75,460.75,520.93,457.4,448.32,555.1
1129,OK,101,165,684,684,351.82,463.79,527.57,456.28,458.47,558.95
1130,OK,108,165,680,680,352.84,468.51,526.22,449.04,469.13,550.63
1131,OK,106,162,682,682,344.94,467.9,519.85,447.32,460.86,547.06
1132,OK,96,159,690,690,334.98,464.77,514.1,449.19,445.76,556.92
1133,OK,90,160,693,693,333.46,466.18,511.84,449.21,444.0,561.23
1134,OK,87,159,692,692,331.42,462.39,508.9,448.08,438.8,553.96
1135,OK,88,165,689,689,335.1,468.34,511.49,459.7,441.04,564.64
1136,OK,87,171,686,686,335.13,470.97,511.18,467.88,435.95,571.9
1137,OK,88,175,685,685,336.69,468.55,513.08,465.77,439.22,575.83
1138,OK,90,180,682,682,338.73,469.0,513.65,469.36,439.27,581.57
1139,OK,91,185,681,681,341.27,468.1,516.6,473.26,438.1,591.27
1140,OK,89,188,685,685,339.98,471.54,517.73,476.19,438.53,600.5
1141,OK,90,185,686,686,341.51,465.33,518.67,468.14,442.26,586.41
1142,OK,85,177,694,694,333.95,460.97,515.1,458.85,437.89,583.27
1143,OK,83,171,696,696,334.34,457.72,514.21,453.73,438.29,573.69
1144,OK,81,166,696,696,332.42,455.22,511.61,452.84,435.23,567.46
1145,OK,84,169,693,693,334.6,461.01,512.63,456.18,440.42,575.9
1146,OK,84,170,694,694,334.65,460.99,513.57,457.55,439.78,578.25
1147,OK,81,164,699,699,334.64,452.56,516.34,452.44,436.99,567.58
1148,OK,80,163,701,701,335.22,449.77,516.27,455.59,437.51,575.42
1149,OK,86,174,694,694,341.64,463.29,518.52,471.23,443.15,590.74
1150,OK,86,184,698,698,339.02,474.28,519.85,481.33,444.65,612.67
1151,OK,83,200,695,695,329.93,500.71,508.05,498.72,434.8,626.12
1152,OK,80,210,695,695,328.94,507.62,508.16,505.56,433.04,630.56
1153,OK,81,201,692,692,334.62,471.84,512.01,479.92,431.1,596.32
1154,OK,72,172,698,698,322.01,446.47,503.6,445.16,420.69,547.19
1155,OK,52,123,697,697,290.99,400.51,470.43,397.07,380.64,447.6
1156,OK,53,99,677,677,302.71,384.42,472.21,385.73,380.08,424.01
1157,OK,66,83,667,667,329.79,376.24,498.44,392.4,403.78,410.47
1158,OK,88,73,664,664,360.2,366.55,528.12,395.51,438.76,410.18
1159,OK,110,90,664,664,391.92,391.66,555.56,442.19,457.83,461.43
1160,OK,121,113,666,666,394.47,414.89,558.17,467.93,456.97,500.85
1161,OK,123,130,675,675,393.47,421.47,561.27,476.21,458.85,532.3
1162,OK,118,143,686,686,379.69,441.81,555.01,480.12,457.19,550.34
1163,OK,118,157,686,686,378.81,450.52,551.78,487.06,457.74,562.96
1164,OK,117,163,687,687,377.43,451.38,550.93,487.44,456.19,559.41
1165,OK,115,166,685,685,372.25,448.16,545.39,480.16,452.92,560.0
1166,OK,110,163,689,689,367.67,439.86,542.82,474.3,450.26,557.08
1167,OK,113,159,687,687,370.77,441.32,545.39,466.7,458.12,542.18
1168,OK,117,159,683,683,375.22,439.87,548.05,467.67,463.19,544.98
1169,OK,120,163,682,682,378.03,449.88,551.32,478.21,467.06,554.19
1170,OK,123,170,680,680,379.35,451.93,550.55,486.88,467.19,565.6
1171,OK,121,166,683,683,375.58,447.32,549.69,477.88,464.14,550.93
1172,OK,121,162,677,677,369.67,433.89,540.65,461.12,458.94,544.28
1173,OK,118,164,675,675,367.46,439.2,538.38,468.95,454.77,554.92
1174,OK,117,166,675,675,364.74,443.17,536.73,468.71,456.43,557.12
1175,OK,118,168,674,674,366.89,445.46,538.88,469.66,461.02,559.93
1176,OK,122,174,669,669,368.86,447.64,538.18,470.92,464.41,564.92
1177,OK,123,178,668,668,370.65,449.04,540.11,477.46,461.66,566.87
1178,OK,124,185,666,666,370.86,460.44,540.5,484.99,460.22,576.87
1179,OK,122,184,672,672,370.76,462.31,544.26,484.82,463.85,571.51
1180,OK,121,186,673,673,370.18,461.67,542.19,485.2,460.94,577.28
1181,OK,121,187,672,672,370.66,460.62,542.11,484.62,460.53,576.29
1182,OK,120,184,673,673,371.14,451.16,542.32,480.3,457.86,571.83
1183,OK,120,183,675,675,372.31,447.36,544.07,477.82,461.07,577.97
1184,OK,121,181,677,677,372.5,456.74,545.43,483.0,463.51,567.45
1185,OK,119,178,678,678,367.95,452.89,541.19,477.22,459.57,563.64
1186,OK,117,170,680,680,367.32,442.07,541.64,464.78,459.59,554.51
1187,OK,120,173,675,675,369.82,445.55,540.73,469.76,461.15,567.93
1188,OK,120,174,673,673,370.91,445.11,541.14,476.8,456.99,564.29
1189,OK,117,171,674,674,365.74,445.74,538.09,470.91,455.61,556.67
1190,OK,119,176,670,670,369.74,443.48,538.27,477.43,455.3,568.99
1191,OK,116,181,673,673,364.26,453.19,535.99,481.99,453.79,581.95
1192,OK,113,183,676,676,363.13,456.24,535.89,485.49,452.76,582.97
1193,OK,107,183,681,681,357.89,453.28,532.36,482.59,446.14,584.74
1194,OK,105,183,681,681,355.99,453.1,528.98,483.31,445.86,582.76
1195,OK,101,184,683,683,353.06,454.34,527.23,484.65,440.92,587.23
1196,OK,94,182,693,693,348.67,456.9,527.9,485.24,439.78,595.64
1197,OK,90,185,697,697,348.69,459.16,526.76,489.65,438.0,602.86
1198,OK,88,183,698,698,346.72,458.39,524.82,486.61,436.91,593.03
1199,OK,91,180,692,692,348.53,453.5,523.48,478.5,439.71,577.39
1200,OK,92,168,689,689,347.12,438.91,522.27,462.46,438.02,547.78
1201,OK,96,152,683,683,349.63,423.76,522.63,445.42,443.36,513.42
1202,OK,100,146,681,681,353.55,426.42,526.58,451.86,447.23,521.0
1203,OK,100,148,682,682,352.18,432.53,526.55,455.9,445.8,538.17
1204,OK,103,150,680,680,354.76,435.8,528.16,458.1,449.06,538.17
1205,OK,106,156,678,678,358.7,438.61,530.79,464.93,450.33,551.89
1206,OK,110,167,670,670,357.87,455.31,526.68,478.88,450.89,551.8
1207,OK,108,163,672,672,355.21,437.92,527.26,463.8,448.58,544.29
1208,OK,110,158,672,672,359.25,431.14,530.38,456.84,451.88,537.94
1209,OK,113,158,668,668,361.42,432.04,530.54,458.26,453.28,538.03
1210,OK,112,158,670,670,359.58,435.27,530.75,460.52,452.47,541.74
1211,OK,112,160,671,671,360.7,437.32,532.15,461.96,453.16,548.1
1212,OK,112,159,671,671,358.2,436.19,530.04,457.05,453.88,544.01
1213,OK,107,155,674,674,353.56,432.43,526.0,459.43,444.42,536.91
1214,OK,100,158,675,675,344.39,436.48,516.3,463.64,434.51,549.35
1215,OK,96,162,679,679,346.6,440.3,519.99,472.13,436.27,561.67
1216,OK,90,171,683,683,338.93,454.3,514.07,479.16,429.45,579.94
1217,OK,88,183,685,685,341.45,463.25,516.31,489.94,430.96,602.96
1218,OK,82,185,696,696,340.5,465.09,521.09,489.95,432.98,606.29
1219,OK,79,184,704,704,341.29,465.2,523.42,487.89,435.16,601.8
1220,OK,80,184,705,705,340.63,465.0,520.98,487.99,437.33,599.3
1221,OK,80,180,700,700,336.24,459.52,514.23,478.5,431.88,580.03
1222,OK,81,174,696,696,335.03,454.54,512.62,470.13,434.51,567.39
1223,OK,80,163,691,691,333.33,439.05,508.88,460.67,423.83,544.03
1224,OK,80,150,691,691,339.26,424.74,514.69,454.51,424.02,525.24
1225,OK,81,135,690,690,337.8,418.9,514.25,440.32,429.3,502.39
1226,OK,81,126,690,690,337.93,416.63,514.44,439.1,427.08,499.93
1227,OK,82,124,691,691,340.02,421.5,516.89,444.05,430.63,504.33
1228,OK,89,130,685,685,346.7,425.25,520.09,447.92,438.89,515.79
1229,OK,94,137,681,681,349.47,437.8,522.8,459.72,442.83,520.81
1230,OK,98,149,681,681,353.36,440.16,527.4,463.88,448.67,553.02
1231,OK,100,151,683,683,353.8,436.87,528.5,461.39,447.85,544.16
1232,OK,104,157,680,680,355.64,438.15,528.19,463.06,451.61,552.18
1233,OK,106,164,673,673,353.32,440.7,523.29,466.18,446.42,556.9
1234,OK,103,164,675,675,349.38,443.05,522.16,466.62,443.27,552.89
1235,OK,100,164,679,679,349.64,439.81,523.44,467.84,440.76,557.68
1236,OK,97,168,682,682,347.82,448.51,522.73,473.11,442.15,570.54
1237,OK,101,174,679,679,352.9,452.55,525.07,478.12,447.02,573.22
1238,OK,99,177,681,681,348.4,456.04,523.35,476.75,444.49,579.2
1239,OK,97,179,681,681,347.03,457.09,521.5,477.56,441.67,578.21
1240,OK,95,184,679,679,342.99,457.4,515.78,482.85,435.55,586.59
1241,OK,93,189,681,681,343.24,462.05,517.0,489.04,434.21,597.56
1242,OK,89,193,688,688,344.1,468.55,521.67,493.79,435.94,610.23
1243,OK,88,194,691,691,345.0,467.64,522.1,493.06,435.89,604.46
1244,OK,89,190,690,690,346.56,458.4,522.13,486.28,437.58,590.22
1245,OK,92,184,687,687,348.19,453.53,522.49,478.78,439.17,577.01
1246,OK,92,173,689,689,345.81,442.88,522.44,465.76,441.03,559.7
1247,OK,103,173,679,679,357.17,453.49,528.21,474.87,454.76,549.97
1248,OK,101,167,684,684,354.04,443.0,530.04,467.87,449.11,558.24
1249,OK,99,163,689,689,354.9,440.29,531.27,469.0,446.84,558.62
1250,OK,99,160,689,689,354.82,439.07,530.61,465.56,448.4,555.17
1251,OK,99,161,689,689,354.25,438.88,529.78,467.36,446.14,561.77
1252,OK,102,167,682,682,355.02,443.11,526.47,471.3,444.83,563.47
1253,OK,100,170,681,681,351.38,449.84,524.99,474.95,441.4,567.1
1254,OK,105,172,677,677,357.4,446.39,528.87,472.25,449.13,561.3
1255,OK,110,170,674,674,360.97,444.9,532.27,467.97,456.02,551.46
1256,OK,111,167,671,671,358.64,437.04,528.43,465.85,450.96,545.55
1257,OK,108,164,671,671,352.57,435.02,523.13,463.24,443.26,544.45
1258,OK,106,162,670,670,350.51,434.79,520.56,462.32,440.51,542.93
1259,OK,110,168,666,666,354.29,454.21,523.94,473.64,451.57,549.24
1260,OK,108,172,668,668,351.0,454.18,522.64,473.13,447.05,559.7
1261,OK,106,171,672,672,350.87,448.11,524.0,469.85,447.31,560.14
1262,OK,109,168,671,671,355.43,439.23,526.47,462.98,453.34,551.55
1263,OK,104,163,677,677,348.45,436.85,522.43,462.48,444.66,549.07
1264,OK,100,166,679,679,347.17,440.81,519.95,471.04,438.76,566.06
1265,OK,94,174,681,681,341.7,453.92,516.08,478.5,434.41,581.84
1266,OK,84,181,695,695,338.02,463.55,518.45,490.9,429.77,609.04
1267,OK,85,191,695,695,343.02,472.78,520.53,497.48,438.03,616.28
1268,OK,82,192,702,702,340.36,469.53,521.42,495.2,437.45,614.95
1269,OK,82,194,700,700,339.01,469.86,517.61,491.73,435.92,611.5
1270,OK,82,193,696,696,336.72,466.33,513.74,487.66,432.38,602.99
1271,OK,80,188,694,694,334.5,458.74,511.71,481.24,426.46,588.06
1272,OK,80,182,693,693,334.49,459.55,512.03,477.98,430.46,578.38
1273,OK,86,177,686,686,339.1,458.23,513.49,471.95,436.57,558.37
1274,OK,88,170,685,685,340.9,448.02,516.17,466.71,435.8,555.35
1275,OK,89,169,688,688,346.34,450.15,522.84,473.08,438.68,567.36
1276,OK,93,169,688,688,347.92,452.55,524.59,468.71,449.29,568.05
1277,OK,94,171,686,686,346.88,449.02,521.65,472.13,442.59,569.64
1278,OK,100,175,680,680,354.86,450.92,526.17,479.28,447.17,569.28
1279,OK,112,178,675,675,370.87,445.46,540.21,479.18,464.13,571.07
1280,OK,119,176,671,671,368.64,442.28,538.4,467.99,466.72,559.2
1281,OK,124,179,667,667,369.42,446.96,538.1,474.16,466.92,568.68
1282,OK,127,184,662,662,371.61,446.51,538.19,478.22,464.7,573.79
1283,OK,127,186,663,663,371.68,448.89,539.81,480.08,464.64,578.17
1284,OK,125,189,665,665,367.06,464.07,536.43,493.14,461.54,574.45
1285,OK,122,189,667,667,367.18,452.25,536.28,485.08,457.69,580.66
1286,OK,120,190,668,668,366.49,450.67,535.47,484.72,455.74,583.53
1287,OK,121,194,664,664,366.02,456.64,533.47,486.38,457.07,587.81
1288,OK,119,193,669,669,365.7,455.48,536.6,487.04,457.47,588.4
1289,OK,114,193,674,674,360.58,458.15,532.62,489.07,450.69,592.41
1290,OK,109,199,679,679,354.98,468.17,529.25,496.48,451.06,615.62
1291,OK,104,208,684,684,350.16,484.43,526.55,506.22,451.42,630.45
1292,OK,98,211,695,695,349.13,487.88,529.97,508.02,454.29,636.84
1293,OK,95,210,695,695,347.77,480.52,525.73,502.67,446.29,623.72
1294,OK,94,198,697,697,349.57,463.4,528.46,484.84,447.27,598.02
1295,OK,98,183,688,688,350.36,443.81,524.29,464.79,450.3,563.12
1296,OK,94,156,689,689,345.48,421.18,521.36,448.57,437.04,516.47
1297,OK,94,153,684,684,347.18,435.15,519.81,464.2,436.08,532.94
1298,OK,95,152,680,680,347.19,442.27,519.67,466.97,435.89,526.78
1299,OK,97,155,678,678,351.12,438.3,522.78,467.58,440.99,542.79
1300,OK,97,158,676,676,348.41,434.29,519.17,465.34,435.27,547.34
1301,OK,97,156,677,677,350.13,431.77,522.15,463.15,439.83,542.23
1302,OK,96,151,678,678,348.21,426.78,520.81,456.28,438.44,530.62
1303,OK,95,152,681,681,345.94,434.87,520.81,458.54,441.23,543.65
1304,OK,91,153,686,686,344.86,435.75,520.77,464.99,434.12,550.6
1305,OK,90,156,688,688,345.27,436.26,520.11,469.78,435.39,557.4
1306,OK,87,159,689,689,340.62,440.88,515.92,470.56,430.59,558.42
1307,OK,82,159,692,692,336.27,440.84,513.53,467.36,428.63,560.79
1308,OK,79,164,691,691,331.26,450.49,507.87,473.08,422.82,570.09
1309,OK,75,167,694,694,330.69,453.15,509.27,474.81,421.5,574.52
1310,OK,78,168,694,694,336.06,453.05,514.11,471.16,432.18,570.39
1311,OK,82,165,696,696,341.89,448.27,520.83,468.82,439.77,565.82
1312,OK,89,164,689,689,348.12,438.57,521.92,466.24,440.72,558.16
1313,OK,92,164,687,687,349.01,437.19,522.73,467.82,440.26,561.92
1314,OK,98,167,686,686,353.04,448.67,528.49,467.98,452.3,565.93
1315,OK,102,168,683,683,356.12,446.71,529.87,468.94,450.38,561.25
1316,OK,105,167,680,680,356.45,441.51,528.79,468.32,451.68,555.37
1317,OK,106,170,676,676,353.44,441.89,524.88,467.92,447.91,563.92
1318,OK,103,171,678,678,349.59,442.05,522.58,469.2,444.68,568.51
1319,OK,101,168,679,679,348.63,441.61,522.29,465.25,444.99,559.27
1320,OK,98,165,680,680,345.68,441.24,519.62,463.88,440.93,554.09
1321,OK,96,167,681,681,338.08,453.33,514.04,457.54,444.27,567.46
1322,OK,90,167,685,685,328.48,462.8,506.09,455.61,440.78,567.03
1323,OK,82,168,689,689,321.76,465.93,500.03,457.2,433.08,572.25
1324,OK,75,172,688,688,316.27,469.52,493.36,466.37,420.52,574.15
1325,OK,63,163,699,699,311.54,461.18,494.46,467.83,411.8,556.82
1326,OK,52,145,706,706,307.36,432.55,490.23,448.32,397.02,526.27
1327,OK,58,137,694,694,318.51,429.61,494.14,441.8,406.63,505.24
1328,OK,67,126,690,690,334.82,415.8,509.87,440.54,418.71,490.64
1329,OK,80,127,686,686,349.09,416.62,522.05,448.78,432.52,505.62
1330,OK,94,131,681,681,363.65,420.33,534.73,452.85,445.34,510.07
1331,OK,106,138,674,674,369.32,424.17,538.48,455.69,453.33,519.44
1332,OK,112,145,670,670,366.24,428.03,535.03,460.69,452.5,528.73
1333,OK,115,146,666,666,364.61,424.34,532.9,452.51,452.77,518.33
1334,OK,115,148,664,664,361.25,423.39,528.8,454.49,447.55,525.8
1335,OK,110,149,669,669,353.71,427.55,525.17,455.91,445.73,534.89
1336,OK,103,157,671,671,341.5,441.18,513.71,460.45,440.13,554.75
1337,OK,98,165,673,673,335.3,454.25,508.91,461.18,440.74,565.29
1338,OK,91,166,682,682,330.24,458.77,508.26,461.54,439.0,565.24
1339,OK,80,156,696,696,322.8,454.07,505.59,451.03,434.51,550.89
1340,OK,76,150,694,694,323.0,438.48,501.31,445.37,425.52,538.45
1341,OK,73,133,696,696,326.21,427.81,506.15,435.09,422.21,502.39
1342,OK,79,134,687,687,333.89,427.49,508.12,439.4,427.91,517.66
1343,OK,86,137,683,683,343.09,426.67,517.08,447.17,436.31,526.97
1344,OK,94,142,679,679,349.61,428.33,522.05,451.08,443.88,531.18
1345,OK,95,146,678,678,347.4,428.88,520.0,453.73,437.81,536.98
1346,OK,96,149,677,677,346.78,432.46,519.1,457.48,438.04,535.81
1347,OK,86,133,683,683,330.53,424.89,507.19,440.58,421.42,490.51
1348,OK,80,121,686,686,332.88,413.37,509.2,433.86,417.62,484.3
1349,OK,75,111,691,691,331.46,410.54,509.73,432.17,416.79,480.44
1350,OK,70,111,694,694,330.04,410.78,508.17,434.01,410.1,497.76
1351,OK,67,122,698,698,327.66,425.51,507.49,444.26,415.56,533.93
1352,OK,70,139,696,696,330.52,440.33,508.37,458.34,422.16,557.56
1353,OK,69,150,699,699,327.11,450.97,507.35,466.39,422.84,568.59
1354,OK,69,162,697,697,325.56,459.88,504.47,471.95,421.93,578.35
1355,OK,69,168,696,696,324.98,459.24,503.44,472.72,418.89,577.12
1356,OK,69,165,697,697,325.61,453.36,504.93,467.55,421.61,565.22
1357,OK,71,157,695,695,329.17,439.52,507.09,455.61,424.9,545.96
1358,OK,76,154,690,690,332.31,439.39,508.63,449.71,429.81,544.16
1359,OK,80,153,690,690,336.09,441.22,513.53,453.08,435.21,549.78
1360,OK,86,155,686,686,341.3,439.1,516.52,454.94,439.12,549.83
1361,OK,95,156,683,683,350.84,437.74,525.04,455.37,451.23,550.56
1362,OK,104,160,679,679,355.1,442.34,528.66,455.65,462.56,556.91
1363,OK,108,165,676,676,348.45,452.36,521.78,453.61,462.48,560.88
1364,OK,104,170,677,677,338.92,459.1,513.62,454.72,454.31,572.12
1365,OK,93,173,681,681,327.5,459.62,504.13,462.76,434.6,578.5
1366,OK,86,175,682,682,323.26,463.99,499.46,463.65,433.03,576.8
1367,OK,70,165,697,697,312.35,457.13,495.95,462.43,416.31,565.58
1368,OK,59,157,708,708,312.78,452.22,498.12,461.29,413.53,563.03
1369,OK,58,149,710,710,317.05,456.19,500.32,465.75,417.98,536.63
1370,OK,63,147,704,704,324.54,444.69,504.2,457.81,420.37,540.65
1371,OK,79,149,692,692,345.56,433.44,519.66,453.14,438.46,542.03
1372,OK,94,153,683,683,357.01,436.0,529.62,457.43,449.96,541.96
1373,OK,106,157,679,679,368.59,436.39,540.36,463.11,458.43,547.53
1374,OK,113,158,679,679,372.12,434.68,544.89,461.22,462.71,548.73
1375,OK,120,156,673,673,374.6,429.97,544.88,454.16,464.95,534.0
1376,OK,127,149,671,671,378.27,427.01,549.53,448.1,477.32,518.36
1377,OK,130,142,674,674,377.23,426.11,550.6,444.16,478.96,513.99
1378,OK,133,143,667,667,372.94,426.59,542.48,440.95,477.1,514.84
1379,OK,136,148,661,661,373.87,434.51,541.53,452.9,476.56,519.11
1380,OK,136,150,656,656,364.59,434.98,532.22,441.07,473.99,516.8
1381,OK,138,154,649,649,366.48,435.23,531.79,443.51,476.22,518.92
1382,OK,131,149,652,652,355.48,431.81,524.02,438.1,464.84,508.81
1383,OK,123,144,658,658,349.96,432.29,520.95,435.95,460.18,511.66
1384,OK,118,146,660,660,345.56,440.7,516.01,438.34,460.55,519.86
1385,OK,106,149,668,668,333.57,444.06,507.88,443.16,444.27,539.68
1386,OK,98,157,679,679,331.15,461.09,508.7,453.57,450.42,563.8
1387,OK,96,171,678,678,332.16,468.64,506.51,462.07,447.45,580.69
1388,OK,93,179,680,680,331.34,470.61,507.01,466.86,445.25,587.82
1389,OK,91,180,682,682,330.77,470.03,506.79,466.23,444.23,579.51
1390,OK,84,174,688,688,324.36,465.04,502.94,459.93,434.51,568.96
1391,OK,82,174,688,688,324.63,463.94,502.03,461.01,435.74,574.66
1392,OK,81,180,683,683,321.84,467.97,496.79,468.56,429.14,582.16
1393,OK,80,187,680,680,320.96,473.9,495.35,476.38,426.09,591.69
1394,OK,78,197,679,679,317.96,488.19,492.65,484.94,425.47,608.33
1395,OK,74,202,683,683,314.86,492.35,491.78,487.66,424.69,611.73
1396,OK,71,199,685,685,314.54,482.24,491.53,480.17,421.31,599.27
1397,OK,70,190,686,686,314.82,472.55,491.68,470.07,422.02,577.17
1398,OK,64,168,697,697,313.21,451.58,495.49,453.8,421.18,549.12
1399,OK,60,152,699,699,311.81,436.47,492.3,444.55,412.26,533.88
1400,OK,60,142,697,697,315.1,432.99,494.29,440.04,412.16,524.8
1401,OK,60,143,698,698,316.92,450.71,496.75,456.5,415.15,533.61
1402,OK,56,132,711,711,317.72,437.08,503.99,444.73,417.23,529.04
1403,OK,66,140,698,698,328.65,438.33,504.55,450.66,422.29,537.82
1404,OK,69,141,695,695,328.85,434.17,506.33,452.31,419.32,534.16
1405,OK,69,144,695,695,327.79,435.83,505.7,456.08,416.98,543.79
1406,OK,70,148,697,697,327.81,447.19,507.6,460.18,425.01,553.93
1407,OK,66,144,705,705,325.75,440.93,508.59,458.39,421.69,545.99
1408,OK,67,146,702,702,327.0,441.56,506.79,455.98,421.93,549.31
1409,OK,65,144,700,700,322.93,435.07,502.15,453.38,413.09,540.01
1410,OK,62,140,699,699,317.28,434.76,496.91,447.02,409.84,531.83
1411,OK,57,138,701,701,315.3,432.26,495.5,450.13,404.16,533.46
1412,OK,58,142,701,701,316.6,443.03,497.22,452.82,416.15,546.74
1413,OK,61,148,698,698,318.88,450.38,498.07,458.27,417.83,550.68
1414,OK,63,152,699,699,319.4,452.85,499.61,457.73,422.36,557.08
1415,OK,63,152,700,700,317.87,455.17,498.65,459.54,419.98,551.8
1416,OK,67,156,697,697,322.73,455.46,501.67,459.3,425.81,559.38
1417,OK,69,160,697,697,320.39,463.65,499.83,460.35,430.56,563.86
1418,OK,75,174,686,686,324.31,467.33,498.39,470.13,429.54,584.84
1419,OK,77,185,681,681,322.91,473.02,497.05,477.56,426.78,593.45
1420,OK,76,189,682,682,320.85,475.39,496.94,477.09,426.44,594.91
1421,OK,74,196,686,686,319.06,484.53,496.8,484.68,426.71,611.65
1422,OK,68,204,690,690,312.21,498.02,491.12,494.86,419.21,624.71
1423,OK,62,211,698,698,311.88,507.49,494.09,507.14,418.96,638.38
1424,OK,59,212,707,707,312.15,507.16,496.52,503.85,424.75,636.57
1425,OK,60,198,703,703,313.26,480.89,493.24,478.44,417.31,587.74
1426,OK,60,173,705,705,313.02,461.15,495.16,451.49,426.11,548.21
1427,OK,60,145,702,702,314.9,436.98,495.07,431.84,415.87,503.17
1428,OK,65,135,696,696,319.25,439.12,497.12,431.54,423.24,508.17
1429,OK,65,131,700,700,316.35,443.86,497.7,434.52,427.14,522.7
1430,OK,70,136,696,696,320.28,447.58,498.33,436.49,434.49,535.97
1431,OK,69,136,696,696,318.01,443.44,497.51,437.86,424.73,530.44
1432,OK,69,139,695,695,318.48,447.73,497.41,443.78,425.06,534.26
1433,OK,68,139,698,698,320.38,445.61,501.23,441.46,428.62,538.37
1434,OK,71,140,693,693,323.16,440.59,500.61,438.59,425.71,534.21
1435,OK,66,136,695,695,318.83,431.56,498.51,437.75,413.81,528.43
1436,OK,62,135,698,698,317.21,433.18,497.8,441.76,411.98,534.84
1437,OK,58,138,702,702,315.13,438.06,496.97,447.08,410.63,548.53
1438,OK,55,139,707,707,314.42,441.64,497.8,449.4,412.49,549.17
1439,OK,54,143,706,706,312.15,447.12,493.7,453.31,410.54,550.19
1440,OK,56,147,703,703,314.41,447.31,494.8,454.5,413.39,553.84
1441,OK,51,142,707,707,307.53,448.83,490.91,453.18,407.19,538.45
1442,OK,49,142,706,706,308.57,438.45,490.08,450.63,403.59,546.45
1443,OK,44,142,711,711,304.62,441.58,488.71,453.7,399.83,553.79
1444,OK,41,148,710,710,300.95,449.71,483.66,458.46,397.35,567.64
1445,OK,46,159,705,705,305.74,462.05,486.12,468.41,406.24,578.65
1446,OK,49,165,702,702,309.3,472.65,489.68,475.55,407.08,570.93
1447,OK,62,163,698,698,324.15,461.14,502.94,457.54,431.0,557.32
1448,OK,77,158,689,689,335.92,443.1,511.33,447.61,440.74,541.05
1449,OK,89,147,685,685,349.84,431.18,524.68,447.36,450.08,518.05
1450,OK,101,155,681,681,360.72,440.33,534.06,459.8,458.53,552.59
1451,OK,112,159,676,676,367.26,436.69,538.75,458.65,464.52,548.56
1452,OK,120,163,667,667,367.84,437.53,536.39,458.6,462.6,546.35
1453,OK,120,162,667,667,367.32,432.77,536.7,461.22,456.64,543.98
1454,OK,121,169,666,666,367.76,442.65,536.8,470.13,457.35,560.32
1455,OK,123,171,665,665,372.06,441.47,540.44,472.36,461.38,553.52
1456,OK,123,175,662,662,371.03,440.08,536.65,478.68,454.95,562.0
1457,OK,118,176,664,664,366.91,437.75,531.93,484.97,446.52,561.87
1458,OK,111,175,667,667,359.12,437.58,525.2,484.87,438.37,559.78
1459,OK,104,169,678,678,355.17,440.59,528.34,479.2,440.66,557.69
1460,OK,99,167,675,675,348.1,434.3,516.6,473.62,430.97,548.88
1461,OK,89,164,677,677,334.55,435.16,506.65,465.78,418.48,551.29
1462,OK,75,159,681,681,320.78,432.36,494.74,463.37,401.83,549.48
1463,OK,67,159,684,684,316.7,437.46,491.13,466.58,401.89,555.28
1464,OK,61,163,687,687,313.14,443.51,488.44,472.17,400.19,570.1
1465,OK,57,169,687,687,312.12,451.54,487.53,477.05,397.17,577.3
1466,OK,56,176,686,686,312.54,460.42,488.21,480.01,399.03,584.79
1467,OK,56,180,688,688,313.75,460.97,490.44,482.63,400.41,587.61
1468,OK,58,183,686,686,315.36,463.3,491.21,479.04,403.96,587.02
1469,OK,58,180,688,688,313.77,460.23,491.23,475.42,406.35,578.79
1470,OK,56,169,691,691,313.74,441.88,491.74,461.03,402.36,562.06
1471,OK,53,151,696,696,311.41,428.35,491.39,446.16,401.6,533.54
1472,OK,61,140,693,693,320.74,430.76,498.55,433.75,419.86,517.15
1473,OK,62,135,696,696,323.18,430.87,503.17,440.65,415.87,524.79
1474,OK,63,142,698,698,323.3,441.71,503.27,455.75,417.31,550.82
1475,OK,64,149,700,700,324.41,452.49,504.85,464.67,419.68,555.73
1476,OK,67,154,698,698,325.6,450.56,504.61,461.61,422.34,560.43
1477,OK,68,160,694,694,323.58,448.94,500.76,462.94,418.38,568.26
1478,OK,70,168,690,690,323.64,454.48,500.01,470.25,418.89,576.62
1479,OK,72,173,687,687,324.14,456.98,500.16,470.09,421.24,578.45
1480,OK,72,170,688,688,324.81,447.33,501.66,461.96,421.1,569.77
1481,OK,73,171,685,685,323.9,449.74,499.13,462.38,421.6,570.37
1482,OK,74,174,684,684,323.23,458.4,498.98,467.88,423.37,575.26
1483,OK,76,180,680,680,325.76,460.96,499.38,474.65,422.99,581.24
1484,OK,77,184,678,678,325.56,463.25,499.43,475.21,421.68,584.52
1485,OK,79,184,677,677,328.39,460.33,502.04,473.78,423.97,578.37
1486,OK,83,182,672,672,328.83,463.5,500.29,472.69,428.26,559.09
1487,OK,82,182,674,674,328.09,455.89,502.07,468.18,426.6,578.78
1488,OK,81,181,676,676,329.12,453.93,502.99,469.45,425.9,578.1
1489,OK,79,177,682,682,326.74,457.09,503.78,468.6,428.21,574.8
1490,OK,77,181,682,682,324.2,468.28,500.03,475.11,423.28,580.36
1491,OK,77,178,689,689,326.51,468.03,505.72,464.34,434.7,581.94
1492,OK,77,181,689,689,328.0,464.37,505.45,470.29,427.68,589.09
1493,OK,77,181,690,690,326.22,465.5,504.26,468.21,431.12,587.78
1494,OK,76,186,692,692,326.96,472.57,505.71,476.74,430.8,603.74
1495,OK,77,190,692,692,328.94,475.3,507.23,479.07,432.62,606.27
1496,OK,77,190,692,692,327.84,468.05,506.12,474.31,430.1,601.38
1497,OK,71,183,693,693,319.77,463.9,498.38,470.91,418.54,579.39
1498,OK,67,179,695,695,317.97,463.4,497.33,468.63,417.87,581.19
1499,OK,67,180,690,690,319.56,469.49,496.18,477.32,413.98,578.46
1500,OK,70,182,686,686,323.17,468.0,498.94,475.85,420.31,579.81
1501,OK,75,189,681,681,326.6,471.59,500.95,478.21,426.16,594.36
1502,OK,78,194,679,679,326.37,472.41,500.65,479.98,425.34,600.67
1503,OK,81,202,680,680,327.24,487.78,502.55,487.21,433.6,615.29
1504,OK,80,208,683,683,324.87,494.71,501.82,492.5,432.28,620.79
1505,OK,79,201,682,682,326.29,472.25,501.93,478.96,426.5,596.05
1506,OK,68,170,696,696,321.93,436.79,503.44,459.69,413.77,543.4
1507,OK,68,160,694,694,325.67,442.72,502.48,465.45,415.57,541.43
1508,OK,81,160,687,687,346.98,447.04,520.38,472.34,435.72,542.59
1509,OK,87,157,686,686,351.56,437.4,525.17,469.61,435.97,541.98
1510,OK,93,155,686,686,357.8,430.72,530.05,469.63,440.62,542.22
1511,OK,99,156,682,682,356.69,433.78,528.62,464.79,445.58,545.5
1512,OK,101,151,680,680,353.54,425.71,526.33,452.51,444.22,532.44
1513,OK,99,155,675,675,345.08,432.47,516.22,457.38,435.22,543.09
1514,OK,92,159,679,679,337.08,441.88,512.0,461.77,429.91,557.36
1515,OK,87,165,681,681,335.08,443.43,509.71,466.48,427.1,571.46
1516,OK,77,165,687,687,323.22,450.65,501.04,468.39,416.44,568.04
1517,OK,72,172,687,687,320.55,458.64,496.79,475.24,413.4,578.76
1518,OK,68,174,690,690,319.59,459.58,497.23,475.96,413.08,577.45
1519,OK,67,170,693,693,322.18,450.48,500.9,464.74,417.54,571.3
1520,OK,63,160,699,699,320.29,441.97,501.47,458.86,413.69,557.31
1521,OK,63,150,699,699,324.05,432.8,503.39,451.06,415.9,538.58
1522,OK,67,153,696,696,328.88,443.08,506.89,459.11,421.43,558.15
1523,OK,68,151,698,698,328.23,443.32,508.21,458.73,421.91,547.98
1524,OK,72,156,692,692,329.87,447.99,506.2,462.55,423.24,556.05
1525,OK,73,158,689,689,329.17,446.39,504.8,465.12,420.52,554.2
1526,OK,73,157,690,690,330.21,442.73,506.91,463.6,421.13,552.51
1527,OK,74,155,689,689,328.68,439.23,505.12,456.32,422.24,549.79
1528,OK,71,155,692,692,325.79,439.61,503.92,458.97,417.45,557.09
1529,OK,70,159,692,692,324.35,444.82,501.64,464.37,417.62,565.89
1530,OK,70,166,690,690,320.6,456.01,497.66,466.65,419.44,573.63
1531,OK,70,174,684,684,318.72,458.85,493.06,471.98,415.39,577.86
1532,OK,70,181,680,680,317.18,464.22,491.36,474.73,413.82,585.1
1533,OK,68,183,680,680,315.57,463.65,490.47,473.83,411.84,583.19
1534,OK,64,176,688,688,313.41,459.43,492.93,464.32,414.77,572.64
1535,OK,60,164,693,693,312.71,451.99,492.44,459.76,409.73,548.42
1536,OK,60,142,696,696,321.16,427.17,501.0,440.22,409.3,506.44
1537,OK,62,136,695,695,322.55,429.39,501.03,442.37,410.38,520.83
1538,OK,64,140,692,692,324.11,434.27,501.25,449.6,412.67,539.77
1539,OK,69,146,688,688,326.68,439.01,502.72,451.91,417.96,543.76
1540,OK,69,149,689,689,325.91,436.37,502.56,455.81,415.35,548.5
1541,OK,68,148,692,692,325.43,437.73,503.65,456.26,417.28,546.72
1542,OK,68,146,694,694,326.7,434.95,504.75,458.11,417.35,540.8
1543,OK,70,147,689,689,326.52,435.26,501.79,456.57,415.57,537.63
1544,OK,67,150,687,687,324.21,433.03,498.77,461.02,406.2,547.42
1545,OK,62,148,691,691,320.93,434.57,497.46,464.83,401.13,537.12
1546,OK,59,152,690,690,318.0,435.43,492.2,470.15,399.84,552.35
1547,OK,59,159,687,687,319.88,441.28,492.66,476.56,399.01,557.94
1548,OK,57,162,690,690,316.57,448.82,493.52,474.88,401.75,562.89
1549,OK,54,162,696,696,314.88,450.63,493.91,476.13,400.96,565.32
1550,OK,52,154,702,702,317.49,439.06,498.02,467.25,401.7,548.31
1551,OK,53,148,703,703,316.93,451.6,497.47,469.6,405.31,528.86
1552,OK,52,142,704,704,316.48,440.16,497.38,459.64,402.33,530.49
1553,OK,48,140,709,709,313.14,435.32,495.69,458.54,399.6,543.21
1554,OK,52,145,708,708,316.01,449.25,497.7,462.08,411.44,551.83
1555,OK,53,153,708,708,315.63,458.75,497.61,471.59,410.59,567.34
1556,OK,52,156,709,709,314.39,457.86,497.17,469.45,409.39,567.59
1557,OK,50,152,714,714,312.82,453.76,497.66,463.14,412.44,557.85
1558,OK,49,150,709,709,311.37,444.32,491.96,460.18,401.78,549.23
1559,OK,49,152,707,707,310.91,447.97,491.76,466.63,403.07,559.11
1560,OK,53,159,700,700,313.19,454.32,490.94,471.69,406.36,562.51
1561,OK,55,160,698,698,313.22,455.66,491.9,470.25,409.75,558.42
1562,OK,54,157,701,701,313.38,452.69,494.23,466.53,408.96,554.94
1563,OK,51,152,703,703,313.08,438.45,493.62,459.89,400.43,550.88
1564,OK,54,157,697,697,314.12,444.68,491.13,463.68,402.37,562.63
1565,OK,57,164,693,693,316.23,452.68,492.92,471.46,407.18,571.03
1566,OK,57,167,691,691,311.59,454.45,488.15,471.35,404.41,568.77
1567,OK,60,169,687,687,315.54,454.23,490.94,471.67,407.98,564.65
1568,OK,55,161,697,697,312.26,445.68,494.12,460.91,405.91,562.38
1569,OK,54,147,699,699,316.67,442.43,496.84,458.19,404.58,520.26
1570,OK,66,139,691,691,331.57,428.69,506.73,446.97,422.86,509.59
1571,OK,80,138,681,681,341.45,426.72,513.43,445.76,434.17,510.92
1572,OK,90,141,675,675,346.48,427.09,517.41,450.46,438.29,520.36
1573,OK,92,152,673,673,344.16,437.43,514.81,465.96,430.82,548.8
1574,OK,90,157,674,674,340.39,435.12,511.35,466.46,424.83,547.6
1575,OK,83,145,683,683,337.39,426.1,513.38,456.14,422.43,517.55
1576,OK,75,146,685,685,327.8,430.68,502.48,460.74,409.08,540.23
1577,OK,68,145,690,690,324.85,431.18,501.71,461.0,408.69,540.17
1578,OK,63,145,695,695,324.39,430.05,501.56,463.26,405.96,544.8
1579,OK,63,149,692,692,324.92,438.82,500.36,467.81,406.32,544.79
1580,OK,59,148,695,695,319.01,436.31,496.76,463.78,400.73,544.11
1581,OK,59,144,696,696,322.85,427.45,499.54,458.87,405.04,534.93
1582,OK,61,143,694,694,323.43,431.14,499.97,458.15,408.31,534.24
1583,OK,60,145,695,695,321.69,431.63,498.66,461.96,406.27,546.08
1584,OK,58,145,695,695,319.37,430.63,496.08,461.31,400.75,543.97
1585,OK,53,143,701,701,314.81,431.71,494.8,460.94,399.47,547.08
1586,OK,56,154,695,695,315.72,454.21,492.39,473.93,404.76,556.78
1587,OK,55,164,693,693,312.48,455.58,489.37,474.89,400.92,573.11
1588,OK,56,177,687,687,311.05,468.98,486.22,483.8,397.99,589.01
1589,OK,51,190,690,690,307.32,478.24,485.13,497.54,392.58,613.76
1590,OK,47,202,691,691,304.18,487.89,481.46,505.36,386.7,623.78
1591,OK,44,205,694,694,303.23,486.76,482.58,499.99,389.88,622.04
1592,OK,43,198,698,698,305.15,476.79,485.72,490.88,393.21,604.14
1593,OK,48,188,695,695,311.38,460.15,488.91,475.77,401.18,580.51
1594,OK,48,169,702,702,312.24,448.82,494.51,464.35,406.01,556.59
1595,OK,46,147,712,712,316.15,430.94,501.07,451.59,403.89,533.05
1596,OK,51,134,714,714,325.45,421.73,508.77,442.44,414.78,527.94
1597,OK,54,128,712,712,323.94,426.1,505.96,443.12,410.38,522.35
1598,OK,65,134,701,701,331.19,429.61,508.28,443.45,424.76,533.58
1599,OK,69,138,695,695,328.81,432.36,505.52,447.7,419.29,535.55
1600,OK,70,137,694,694,328.56,432.21,506.85,446.0,418.33,529.03
1601,OK,69,133,694,694,326.15,428.56,504.68,443.18,414.93,516.64
1602,OK,66,128,698,698,325.89,429.99,506.03,445.93,414.79,513.61
1603,OK,69,131,695,695,328.86,433.73,506.73,448.58,419.25,521.04
1604,OK,68,133,696,696,326.69,434.94,505.69,452.57,415.94,527.97
1605,OK,71,142,689,689,327.36,440.04,502.03,457.66,415.65,538.38
1606,OK,72,143,688,688,328.67,435.3,504.96,452.21,417.84,535.21
1607,OK,74,143,686,686,331.97,431.04,506.73,452.79,417.47,531.67
1608,OK,74,147,683,683,327.46,437.73,501.78,456.26,414.86,537.37
1609,OK,73,152,684,684,327.54,441.68,502.72,463.09,415.98,548.43
1610,OK,72,150,689,689,328.24,441.05,506.05,462.03,419.02,540.77
1611,OK,72,149,691,691,328.78,441.14,506.29,460.85,420.41,539.92
1612,OK,71,151,692,692,325.84,443.98,503.81,459.26,420.95,550.01
1613,OK,72,155,692,692,325.87,453.52,504.12,460.59,426.72,556.32
1614,OK,74,159,690,690,327.05,451.73,504.07,463.01,424.61,559.09
1615,OK,76,162,688,688,326.43,454.3,503.16,461.87,428.26,561.22
1616,OK,80,170,680,680,327.82,459.83,500.81,467.97,427.62,567.58
1617,OK,82,177,676,676,327.51,463.22,500.8,471.29,428.1,574.75
1618,OK,84,183,674,674,330.07,465.01,503.21,473.32,430.48,582.22
1619,OK,86,184,673,673,331.3,461.87,504.72,464.94,433.73,578.68
1620,OK,90,174,673,673,334.03,451.59,507.7,455.82,441.69,550.61
1621,OK,95,168,669,669,339.59,443.33,510.36,457.19,440.67,540.79
1622,OK,87,147,682,682,337.59,425.28,513.77,456.55,427.32,508.8
1623,OK,80,147,686,686,333.28,434.29,508.24,467.34,418.11,536.3
1624,OK,75,156,689,689,328.84,446.55,505.08,474.47,415.26,561.65
1625,OK,73,160,688,688,327.61,447.82,503.41,471.13,418.42,559.22
1626,OK,74,162,688,688,329.27,448.4,505.59,468.99,422.86,559.38
1627,OK,77,167,684,684,329.39,453.78,504.28,467.0,426.73,565.98
1628,OK,76,167,684,684,327.81,450.15,503.19,466.86,422.13,560.1
1629,OK,76,167,683,683,327.17,450.67,502.31,467.96,421.75,558.78
1630,OK,74,166,685,685,324.15,456.98,500.75,470.2,421.52,552.85
1631,OK,71,164,688,688,322.15,457.41,500.0,470.87,420.67,553.53
1632,OK,72,169,685,685,321.5,459.76,496.9,472.92,418.98,566.49
1633,OK,72,176,683,683,323.86,462.85,498.59,480.46,418.35,578.66
1634,OK,73,183,682,682,324.06,467.73,498.8,482.07,418.27,586.85
1635,OK,75,195,679,679,322.71,483.32,496.98,488.89,420.23,605.1
1636,OK,75,200,680,680,325.14,482.12,500.56,489.22,422.6,608.99
1637,OK,75,194,683,683,324.4,471.85,500.89,478.61,424.66,589.94
1638,OK,70,183,689,689,319.41,464.13,498.48,473.81,417.23,575.0
1639,OK,68,171,693,693,318.06,459.34,497.57,463.94,421.58,552.77
1640,OK,64,157,699,699,317.41,451.3,498.72,459.42,418.75,537.93
1641,OK,62,148,700,700,315.44,451.6,496.16,458.94,418.6,527.28
1642,OK,61,146,699,699,313.15,453.28,493.17,456.13,417.03,534.63
1643,OK,62,146,697,697,313.82,453.46,492.82,455.98,418.3,532.86
1644,OK,61,146,695,695,313.05,452.52,491.75,455.88,415.01,532.7
1645,OK,60,145,697,697,312.31,452.81,492.58,454.83,415.73,534.63
1646,OK,59,143,700,700,312.81,452.97,494.08,455.63,417.37,534.86
1647,OK,59,142,701,701,314.68,451.58,495.43,456.48,416.71,533.46
1648,OK,56,139,705,705,313.56,449.7,496.26,457.29,414.3,531.07
1649,OK,63,149,697,697,318.73,460.74,496.23,466.22,421.58,543.12
1650,OK,66,155,694,694,320.91,462.34,499.07,468.31,423.68,550.74
1651,OK,63,161,695,695,315.1,468.51,494.51,476.74,412.1,560.91
1652,OK,65,175,689,689,316.58,475.66,492.41,482.44,412.53,581.71
1653,OK,66,183,687,687,319.15,474.76,495.73,482.59,413.23,592.35
1654,OK,65,190,690,690,316.56,482.02,495.35,484.66,416.2,605.15
1655,OK,62,192,693,693,313.73,482.63,493.14,484.4,413.09,602.96
1656,OK,64,191,691,691,317.93,473.37,495.38,479.16,416.48,591.87
1657,OK,68,187,687,687,320.08,464.7,495.75,472.1,419.01,582.98
1658,OK,62,171,698,698,315.83,458.1,498.32,464.59,414.27,559.18
1659,OK,67,169,695,695,325.1,460.39,503.45,470.37,424.03,561.95
1660,OK,73,173,692,692,331.72,456.14,508.5,470.52,428.31,581.21
1661,OK,77,171,693,693,334.34,452.13,512.77,466.26,432.98,576.16
1662,OK,81,173,689,689,335.33,451.49,511.41,467.37,435.59,579.93
1663,OK,83,174,687,687,335.15,453.67,511.39,466.37,436.54,579.69
1664,OK,82,176,689,689,332.55,456.75,510.19,468.71,430.67,586.12
1665,OK,84,177,689,689,337.59,457.87,514.76,469.34,437.79,584.17
1666,OK,86,175,689,689,337.8,455.62,515.17,464.51,440.64,574.05
1667,OK,85,174,688,688,334.33,453.68,511.24,465.35,434.37,575.67
1668,OK,80,170,692,692,329.27,454.32,508.4,462.31,430.93,572.79
1669,OK,79,171,694,694,330.64,459.67,509.78,464.95,435.74,579.05
1670,OK,78,170,696,696,330.66,455.42,510.46,465.15,432.15,575.76
1671,OK,78,173,693,693,330.02,465.08,507.81,471.55,430.44,576.93
1672,OK,73,172,696,696,326.83,452.1,506.66,465.92,423.23,583.06
1673,OK,72,174,692,692,323.58,453.84,500.41,467.86,418.44,579.89
1674,OK,70,176,690,690,320.88,455.66,497.9,468.18,416.99,584.89
1675,OK,71,182,687,687,322.8,466.92,499.18,475.19,418.84,589.57
1676,OK,72,187,682,682,322.42,468.61,496.78,479.67,414.71,588.18
1677,OK,76,189,679,679,327.57,466.72,501.62,476.93,424.13,589.77
1678,OK,77,181,684,684,328.28,461.39,505.72,468.02,429.03,572.1
1679,OK,74,170,692,692,327.07,452.53,507.41,458.12,428.42,564.72
1680,OK,72,161,698,698,326.88,451.96,507.98,459.04,426.9,554.82
1681,OK,74,158,696,696,329.53,452.02,508.29,460.04,429.18,551.94
1682,OK,79,161,691,691,333.28,456.6,510.12,461.84,434.78,557.39
1683,OK,83,165,686,686,333.66,455.45,508.87,462.87,433.18,559.2
1684,OK,89,168,678,678,338.31,461.96,510.74,469.46,439.08,549.44
1685,OK,96,173,670,670,340.91,466.51,511.65,473.74,442.41,548.18
1686,OK,104,187,674,674,357.91,480.23,532.19,494.31,457.42,595.79
1687,OK,120,220,675,675,376.68,522.76,550.18,536.46,484.7,655.18
1688,OK,140,279,688,688,412.72,604.25,592.57,623.8,522.75,766.12
1689,OK,144,335,714,714,413.42,677.94,603.46,693.84,527.84,839.56
1690,OK,166,398,714,714,441.45,733.6,624.76,748.8,558.9,898.65
1691,OK,180,441,708,708,446.82,744.86,625.87,769.62,553.82,915.11
1692,OK,197,447,703,703,460.8,713.14,639.42,735.39,577.1,881.12
1693,OK,180,421,724,724,427.56,684.39,619.44,695.47,549.6,848.44
1694,OK,162,381,733,733,411.68,633.55,602.79,645.31,525.85,787.47
1695,OK,146,349,750,750,405.97,614.33,602.61,633.27,521.85,776.94
1696,OK,146,340,742,742,412.34,610.64,599.9,635.74,520.27,774.36
1697,OK,143,332,743,743,409.08,609.44,599.33,632.55,520.19,773.68
1698,OK,139,327,746,746,406.67,609.8,598.95,629.54,520.3,775.91
1699,OK,137,324,748,748,404.72,608.14,597.04,626.65,519.92,775.52
1700,OK,137,323,744,744,406.13,603.86,595.63,625.63,515.93,771.58
1701,OK,134,318,748,748,404.2,601.2,596.72,623.5,514.72,768.99
1702,OK,134,319,746,746,405.18,601.58,595.52,624.25,514.68,771.49
1703,OK,132,317,747,747,401.84,603.92,593.55,622.62,513.47,768.15
1704,OK,132,319,744,744,401.03,606.0,591.39,622.76,513.52,771.27
1705,OK,130,316,742,742,397.46,596.37,586.89,618.23,504.4,762.21
1706,OK,128,318,735,735,391.86,602.59,578.89,618.66,496.97,761.18
1707,OK,123,312,733,733,380.37,591.92,568.52,600.03,492.01,748.25
1708,OK,121,312,722,722,377.53,591.51,560.44,600.9,481.76,741.1
1709,OK,116,308,721,721,372.0,593.69,557.31,596.95,479.09,736.09
1710,OK,115,305,716,716,371.69,589.53,555.0,592.51,479.17,727.26
1711,OK,110,294,717,717,362.55,577.32,547.37,574.04,476.42,708.66
1712,OK,113,279,712,712,368.37,556.85,550.76,551.79,483.51,682.07
1713,OK,97,240,725,725,342.76,520.08,532.55,505.03,464.21,631.11
1714,OK,71,209,721,721,309.49,488.19,493.65,475.61,408.27,592.25
1715,OK,61,186,715,715,315.33,465.58,498.33,466.39,408.26,573.19
1716,OK,49,171,716,716,309.59,459.6,494.21,472.1,393.4,566.38
1717,OK,42,166,712,712,305.89,460.29,488.1,473.24,384.56,564.56
1718,OK,49,173,707,707,319.24,473.78,500.22,475.31,405.13,587.53
1719,OK,63,182,703,703,339.6,475.73,519.55,486.15,425.04,601.81
1720,OK,78,196,701,701,353.52,489.07,532.92,504.21,441.48,624.29
1721,OK,83,204,704,704,349.36,491.64,531.16,502.72,444.06,633.35
1722,OK,75,194,718,718,338.78,478.55,527.19,488.42,435.1,619.27
1723,OK,59,167,747,747,329.28,452.29,528.82,462.4,435.37,599.94
1724,OK,46,142,767,767,323.25,437.57,525.88,446.19,428.08,580.74
1725,OK,42,129,765,765,321.72,424.56,517.66,438.9,420.05,564.41
1726,OK,42,110,770,770,329.97,403.94,528.82,420.29,430.95,543.95
1727,OK,68,113,749,749,363.99,413.01,550.66,430.48,459.35,538.35
1728,OK,110,118,741,741,429.6,415.08,615.77,446.9,516.07,548.32
1729,OK,205,142,726,726,568.38,440.13,747.66,477.91,652.81,584.51
1730,OK,317,165,713,713,694.75,453.86,868.46,502.38,778.21,600.32
1731,OK,439,184,710,710,831.88,464.62,1002.55,528.66,913.83,620.46
1732,FILLED,439,184,710,710,,,,,,
1733,FILLED,439,184,710,710,,,,,,
1734,FILLED,439,184,710,710,,,,,,
1735,FILLED,439,184,710,710,,,,,,
1736,FILLED,439,184,710,710,,,,,,
1737,FILLED,439,184,710,710,,,,,,
1738,FILLED,439,184,710,710,,,,,,
1739,FILLED,439,184,710,710,,,,,,
1740,OK,528,115,701,701,865.28,344.45,1042.78,361.0,975.87,433.1
1741,OK,553,69,694,694,826.17,340.58,1003.41,340.3,932.67,397.53
1742,OK,543,71,676,676,767.79,363.11,937.15,362.35,871.94,442.23
1743,OK,509,81,677,677,717.71,381.08,892.28,380.46,823.24,481.73
1744,OK,452,83,686,686,647.0,377.97,825.93,379.16,750.34,488.62
1745,OK,393,86,697,697,593.45,385.14,775.67,393.04,695.28,500.86
1746,OK,321,94,708,708,515.42,402.35,700.01,417.58,609.77,514.16
1747,OK,252,112,715,715,450.74,426.46,636.53,438.76,544.5,551.64
1748,OK,189,138,713,713,392.25,450.62,574.06,472.5,481.35,577.95
1749,OK,145,166,698,698,359.04,457.97,532.75,485.88,440.06,599.26
1750,OK,91,192,696,696,298.01,492.78,476.03,511.89,381.83,629.94
1751,OK,46,200,709,709,269.76,495.94,454.96,513.52,362.8,636.71
1752,OK,9,206,723,723,240.67,519.4,430.78,514.95,348.49,645.55
1753,OK,-37,204,748,748,199.35,521.05,398.36,514.03,306.53,659.03
1754,OK,-84,194,774,774,163.82,511.45,370.0,512.99,271.39,658.12
1755,OK,-130,173,808,808,130.37,493.63,347.25,495.15,251.05,653.97
1756,OK,-176,163,827,827,83.19,500.13,301.12,496.6,210.57,655.07
1757,OK,-221,156,851,851,57.99,502.3,283.39,506.11,171.56,669.94
1758,OK,-241,163,857,857,58.04,519.9,280.4,529.46,171.96,681.46
1759,OK,-248,168,862,862,62.27,527.27,285.84,534.15,182.21,683.51
1760,OK,-232,176,852,852,91.32,521.99,307.86,535.32,209.41,685.03
1761,OK,-204,182,827,827,116.68,506.9,323.07,521.17,231.65,666.93
1762,OK,-186,172,824,824,135.48,492.86,347.06,502.82,244.59,650.37
1763,OK,-148,179,794,794,171.45,495.37,368.4,496.91,272.62,641.91
1764,OK,-108,185,767,767,206.17,487.44,396.6,493.22,303.54,635.56
1765,OK,-75,184,750,750,228.76,470.99,417.41,480.95,323.88,622.47
1766,OK,-47,176,740,740,248.83,462.46,436.88,465.88,348.62,604.95
1767,OK,-42,166,745,745,241.66,462.16,435.22,462.76,336.26,599.85
1768,OK,-29,158,753,753,268.13,459.62,463.67,471.07,360.88,597.47
1769,OK,-4,162,741,741,290.59,461.77,478.39,471.3,387.08,597.67
1770,OK,5,160,737,737,289.73,455.99,478.43,468.08,380.06,591.18
1771,OK,18,159,728,728,298.23,451.1,483.67,457.37,391.26,582.14
1772,OK,45,146,711,711,327.91,420.56,506.96,425.44,422.31,539.23
1773,OK,67,126,700,700,339.36,393.51,516.83,397.52,439.03,507.38
1774,OK,51,91,671,671,278.56,363.79,442.77,341.57,353.56,401.49
1775,OK,43,63,638,638,266.35,332.2,421.55,316.96,332.91,350.79
1776,OK,67,43,623,623,319.9,314.08,476.65,312.51,394.88,344.6
1777,OK,103,35,626,626,371.8,318.76,533.8,320.45,453.81,364.22
1778,OK,123,27,641,641,386.38,324.01,555.43,332.8,474.46,366.99
1779,OK,137,23,657,657,396.23,333.28,569.88,337.96,495.35,376.95
1780,OK,140,20,679,679,396.33,345.45,576.97,352.45,501.48,389.99
1781,OK,121,31,714,714,379.24,378.57,572.2,388.61,480.91,453.74
1782,OK,103,86,720,720,352.74,440.7,539.68,447.26,449.83,565.38
1783,OK,88,126,721,721,343.13,463.09,528.93,471.7,434.46,589.77
1784,OK,76,152,724,724,336.6,471.44,523.88,481.44,426.45,607.66
1785,OK,69,180,721,721,330.76,500.9,515.76,504.01,422.45,632.75
1786,OK,59,196,728,728,325.87,511.65,514.97,521.76,414.75,643.8
1787,OK,51,205,730,730,318.51,510.41,506.75,521.44,406.98,646.84
1788,OK,45,207,730,730,313.19,507.18,501.08,510.7,402.15,639.28
1789,OK,38,201,739,739,311.6,503.71,504.12,500.71,405.54,638.69
1790,OK,36,202,734,734,309.12,502.11,497.2,502.96,396.09,636.41
1791,OK,38,203,729,729,312.42,500.0,499.07,500.11,400.87,632.45
1792,OK,50,177,727,727,328.92,454.59,515.76,454.26,429.63,573.64
1793,OK,52,119,720,720,312.48,409.63,493.85,378.98,419.11,444.8
1794,OK,52,75,715,715,309.46,387.65,491.02,362.92,417.21,400.59
1795,OK,88,71,687,687,362.23,377.83,532.0,380.05,459.31,416.87
1796,OK,106,65,688,688,379.07,374.7,555.78,391.91,470.67,424.26
1797,OK,117,70,694,694,385.24,393.27,564.75,413.62,483.64,450.17
1798,OK,120,73,701,701,382.78,400.65,564.71,416.03,480.69,453.48
1799,OK,122,77,706,706,384.49,403.45,567.48,416.4,486.5,464.79
