k,status,x,y,w,h,rx,ry,lx,ly,nx,ny
0,FAILED,,,,,,,,,,
1,OK,162,188,655,655,400.42,467.76,567.65,490.05,494.22,552.33
2,OK,162,187,656,656,401.2,467.4,568.75,490.31,495.95,552.72
3,OK,162,187,655,655,400.7,467.31,567.93,490.43,494.07,551.25
4,OK,161,187,655,655,400.17,467.61,567.7,489.09,494.42,553.26
5,OK,160,187,655,655,399.23,468.65,566.89,490.12,493.37,552.34
6,OK,158,185,658,658,397.64,468.15,566.7,489.24,492.1,549.83
7,OK,158,184,658,658,397.71,468.35,566.07,488.89,492.92,549.04
8,OK,157,183,659,659,397.31,468.38,566.04,489.85,492.71,548.63
9,OK,157,183,658,658,397.69,468.41,565.88,489.36,491.75,548.34
10,OK,156,183,659,659,396.78,468.62,565.78,489.18,492.63,548.57
11,OK,156,183,659,659,397.06,468.92,565.58,488.64,492.29,547.95
12,OK,157,183,659,659,397.3,468.92,565.73,489.66,492.89,548.59
13,OK,157,184,659,659,396.95,469.09,565.37,490.13,492.18,550.6
14,OK,157,184,658,658,398.12,468.04,566.28,489.75,492.09,549.53
15,OK,156,183,659,659,397.32,467.11,566.24,488.98,491.25,547.01
16,OK,156,184,659,659,397.46,467.98,565.7,490.42,491.84,550.08
17,OK,156,183,660,660,396.91,467.17,565.75,488.28,491.42,547.74
18,OK,156,183,660,660,397.43,467.11,566.31,489.13,491.49,549.92
19,OK,156,183,661,661,397.4,467.74,566.53,489.65,492.09,549.47
20,OK,156,183,660,660,398.14,467.29,566.69,489.38,493.04,548.84
21,OK,157,183,659,659,396.36,466.9,565.31,483.92,493.18,549.84
22,OK,155,180,660,660,395.0,464.98,564.79,482.07,491.37,545.86
23,OK,155,180,660,660,395.15,465.11,564.36,482.21,492.72,547.2
24,OK,154,179,662,662,394.5,464.52,564.58,481.4,492.7,547.22
25,OK,153,178,663,663,394.79,464.64,564.97,481.2,492.05,546.23
26,OK,153,177,664,664,395.17,464.0,565.42,481.76,491.38,543.99
27,OK,153,177,664,664,394.19,464.26,564.4,481.07,490.74,546.75
28,OK,152,176,665,665,394.38,463.95,565.21,481.54,490.69,544.91
29,OK,153,176,664,664,395.84,464.54,565.9,482.27,492.27,546.58
30,OK,153,177,663,663,396.24,463.44,565.66,482.21,490.78,547.0
31,OK,154,178,662,662,395.81,464.39,565.43,481.46,491.75,548.65
32,OK,154,178,662,662,396.32,462.76,565.86,481.66,491.09,547.92
33,OK,154,178,662,662,395.92,463.2,565.72,482.49,491.4,547.52
34,OK,154,180,662,662,396.96,466.07,566.15,487.02,490.94,549.8
35,OK,154,180,663,663,396.96,465.97,566.61,487.1,491.21,548.72
36,OK,153,179,665,665,395.45,465.18,565.95,486.67,489.98,547.79
37,OK,152,178,665,665,396.01,464.6,566.11,487.27,488.74,547.93
38,OK,152,179,665,665,396.01,465.59,565.89,487.42,490.56,548.63
39,OK,151,178,667,667,394.84,466.28,565.74,487.51,489.54,547.13
40,OK,149,176,669,669,394.53,465.8,566.28,487.97,489.18,546.54
41,OK,148,175,671,671,394.24,465.86,566.1,488.09,489.44,545.5
42,OK,147,174,673,673,393.92,465.38,566.33,487.76,489.17,546.5
43,OK,148,175,672,672,394.42,465.83,565.96,486.53,490.37,547.15
44,OK,148,175,671,671,393.49,465.11,565.12,486.09,488.6,544.78
45,OK,148,175,670,670,393.61,465.97,564.78,486.46,488.5,545.35
46,OK,149,176,669,669,393.29,467.64,564.27,486.39,489.74,546.42
47,OK,148,177,669,669,391.83,468.28,563.33,486.05,487.66,546.99
48,OK,148,177,669,669,394.05,467.56,565.58,487.12,489.9,546.79
49,OK,147,176,670,670,392.27,468.09,564.11,486.85,487.12,545.93
50,OK,147,175,670,670,392.61,467.94,564.47,487.03,488.72,543.7
51,OK,147,175,671,671,392.96,469.39,564.97,488.04,489.81,546.94
52,OK,148,176,669,669,394.17,468.23,565.22,486.53,490.26,546.27
53,OK,150,178,667,667,394.41,470.23,564.79,488.4,490.19,547.19
54,OK,151,178,667,667,395.2,469.89,565.89,488.96,492.18,546.27
55,OK,152,178,666,666,395.76,467.6,565.81,487.99,491.25,546.04
56,OK,153,179,665,665,395.62,468.78,565.7,487.56,491.52,545.85
57,OK,152,177,668,668,394.78,468.1,566.65,487.01,491.97,545.15
58,OK,151,177,668,668,394.27,468.79,565.52,486.59,490.95,544.47
59,OK,150,177,669,669,393.76,470.07,565.44,488.61,490.24,546.79
60,OK,150,176,669,669,394.64,468.37,566.18,486.94,491.81,544.68
61,OK,150,177,669,669,394.23,469.84,565.64,488.05,490.78,546.9
62,OK,149,177,670,670,393.36,469.68,565.21,487.63,489.23,547.29
63,OK,149,177,670,670,393.29,469.63,565.15,487.83,489.35,545.97
64,OK,148,177,670,670,391.45,470.03,563.58,486.41,487.54,547.65
65,OK,148,177,669,669,392.51,469.1,563.97,487.2,488.1,545.61
66,OK,148,176,669,669,393.04,468.85,564.8,486.81,488.47,545.51
67,OK,148,175,670,670,393.11,468.06,565.17,486.82,489.11,546.38
68,OK,148,176,670,670,392.63,468.84,564.34,486.94,488.36,546.99
69,OK,146,174,673,673,391.89,469.1,565.27,487.14,488.56,545.67
70,OK,146,174,672,672,391.89,468.9,564.21,486.52,486.71,545.86
71,OK,146,173,673,673,392.1,468.8,564.8,487.71,487.8,543.6
72,OK,146,174,673,673,392.04,470.52,564.56,488.98,487.83,546.56
73,OK,145,174,673,673,391.4,470.15,564.12,487.83,486.96,545.44
74,OK,147,176,672,672,393.25,470.14,565.03,488.27,489.78,548.39
75,OK,147,178,670,670,392.82,470.39,564.09,488.39,487.47,548.7
76,OK,147,178,670,670,393.07,469.84,564.9,488.59,489.0,547.14
77,OK,146,177,671,671,391.64,470.94,564.2,488.61,487.62,547.64
78,OK,145,176,672,672,391.76,469.82,564.46,488.42,486.9,546.16
79,OK,145,176,672,672,391.36,470.64,563.78,488.17,487.87,547.16
80,OK,145,176,672,672,392.0,469.26,564.32,487.68,487.1,546.4
81,OK,149,180,666,666,395.24,474.48,564.06,495.39,488.12,546.42
82,OK,148,177,670,670,393.25,467.28,565.92,487.11,488.44,546.91
83,OK,148,176,671,671,393.9,466.27,566.12,485.94,489.85,546.28
84,OK,147,176,671,671,392.25,470.38,564.52,488.41,487.95,547.44
85,OK,146,176,673,673,392.35,470.05,565.15,488.74,488.17,548.45
86,OK,146,175,673,673,392.61,468.34,565.24,486.87,488.37,546.07
87,OK,147,175,671,671,393.2,468.05,564.78,487.55,487.61,545.87
88,OK,146,174,673,673,392.08,468.83,565.24,487.67,488.93,546.08
89,OK,146,174,673,673,392.69,468.08,565.13,487.37,488.8,545.04
90,OK,146,173,674,674,392.28,467.36,565.1,486.28,488.41,543.87
91,OK,147,175,671,671,392.9,468.21,564.12,486.41,487.47,546.84
92,OK,146,175,671,671,392.15,467.65,564.36,485.92,487.46,545.51
93,OK,147,178,668,668,392.34,468.27,562.62,487.61,485.73,550.49
94,OK,146,179,668,668,390.82,468.04,561.67,487.4,483.77,551.18
95,OK,146,180,667,667,389.5,468.66,560.49,485.32,484.98,551.09
96,OK,146,180,666,666,389.92,469.38,560.54,486.06,485.62,551.11
97,OK,146,179,667,667,389.7,468.55,561.23,485.44,486.33,550.02
98,OK,146,180,667,667,390.29,468.78,561.22,487.17,485.58,551.24
99,OK,146,180,667,667,389.02,468.63,559.75,487.0,484.82,549.6
100,OK,145,179,668,668,387.68,468.91,559.22,485.11,484.27,548.7
101,OK,143,180,667,667,385.18,469.72,556.51,484.1,479.74,551.14
102,OK,137,177,670,670,375.97,470.15,549.39,475.71,474.69,549.25
103,OK,129,173,673,673,365.96,469.23,540.14,468.06,465.53,547.0
104,OK,104,166,672,672,324.57,469.6,496.86,455.77,419.56,529.2
105,OK,77,160,675,675,301.23,475.08,474.04,449.42,394.13,524.97
106,OK,57,160,674,674,288.32,477.15,460.13,452.88,377.38,529.88
107,OK,46,162,670,670,283.75,473.27,453.94,452.05,367.64,531.42
108,OK,42,162,666,666,284.95,470.13,453.82,446.68,369.16,528.39
109,OK,43,147,667,667,292.54,445.49,463.4,424.0,379.96,497.63
110,OK,45,136,663,663,295.37,433.59,464.87,419.93,377.6,486.19
111,OK,45,125,666,666,293.83,432.21,465.46,414.69,381.72,476.79
112,OK,45,119,670,670,297.37,432.94,470.73,421.88,383.74,474.66
113,OK,44,124,657,657,292.01,428.05,458.08,425.78,355.78,475.67
114,OK,40,129,645,645,283.81,428.43,447.14,426.19,341.29,476.97
115,OK,39,136,634,634,284.93,427.23,445.45,427.78,335.98,480.79
116,OK,37,136,631,631,285.03,426.29,446.91,427.25,335.48,476.51
117,OK,35,131,639,639,286.84,423.15,453.46,427.9,342.12,474.38
118,OK,34,130,641,641,286.99,424.19,452.95,428.92,340.67,475.46
119,OK,32,125,647,647,287.73,422.88,456.1,427.77,345.59,472.03
120,OK,33,127,647,647,288.12,424.21,454.68,431.16,342.76,476.89
121,OK,30,134,643,643,280.56,438.04,445.53,438.58,332.93,485.28
122,OK,27,144,638,638,274.26,449.0,437.05,442.25,327.37,498.2
123,OK,18,153,635,635,259.39,458.31,422.04,447.7,309.81,505.79
124,OK,10,171,618,618,248.67,461.98,403.58,452.61,283.48,525.1
125,OK,-3,188,603,603,226.49,470.71,377.63,458.32,254.07,536.85
126,OK,-8,208,580,580,219.47,478.87,362.04,460.3,239.51,546.49
127,OK,-22,209,581,581,205.09,474.98,353.7,452.91,230.32,541.62
128,OK,-28,214,578,578,204.2,482.78,350.08,455.7,230.94,545.51
129,OK,12,179,623,623,301.36,453.0,472.52,435.35,385.18,512.07
130,OK,38,156,650,650,313.99,447.4,487.78,432.56,406.4,503.17
131,OK,67,150,654,654,338.53,453.58,507.97,448.02,430.73,498.42
132,OK,89,149,653,653,348.53,448.09,516.82,445.77,441.97,502.85
133,OK,108,147,653,653,364.13,440.32,532.4,443.05,461.04,504.03
134,OK,120,146,652,652,370.72,438.09,538.29,447.89,463.05,500.66
135,OK,127,143,654,654,374.76,436.78,543.34,449.44,468.71,496.43
136,OK,130,140,658,658,375.57,438.3,545.61,451.99,469.94,491.17
137,OK,138,139,660,660,388.68,432.47,558.17,451.51,483.13,498.25
138,OK,141,135,666,666,390.03,431.08,562.02,450.36,485.05,495.66
139,OK,147,139,663,663,394.59,437.34,563.69,454.58,487.13,500.83
140,OK,152,144,660,660,397.99,440.51,565.93,461.48,489.55,506.09
141,OK,154,147,658,658,396.46,440.78,564.35,460.31,488.1,505.53
142,OK,154,148,658,658,395.25,441.08,563.73,460.39,487.3,505.42
143,OK,153,149,657,657,394.57,442.14,562.37,462.64,485.24,506.15
144,OK,153,152,656,656,395.02,443.64,562.38,465.69,484.13,510.53
145,OK,157,159,653,653,400.79,447.57,566.51,472.53,492.23,523.0
146,OK,159,166,654,654,401.78,451.01,568.47,479.15,495.34,538.58
147,OK,162,171,655,655,406.46,454.18,573.01,483.87,499.11,539.55
148,OK,166,176,654,654,410.96,457.73,575.47,493.21,501.96,541.87
149,OK,170,179,654,654,413.43,458.95,579.0,491.95,507.34,545.0
150,OK,178,183,653,653,422.77,459.95,587.12,495.02,519.16,550.15
151,OK,188,186,647,647,431.2,458.8,593.79,489.12,528.25,546.4
152,OK,198,189,643,643,437.82,462.11,599.71,492.06,536.49,547.63
153,OK,207,191,639,639,445.68,460.76,606.03,493.89,544.12,546.0
154,OK,214,193,638,638,449.49,460.43,610.8,491.61,550.56,552.87
155,OK,217,195,638,638,448.93,462.44,610.65,493.32,549.87,556.18
156,OK,218,197,637,637,446.32,462.41,607.4,493.72,547.22,556.05
157,OK,218,198,634,634,444.6,463.63,604.74,493.2,545.46,555.29
158,OK,216,197,635,635,442.83,462.26,603.93,492.98,543.35,553.21
159,OK,216,198,635,635,442.91,463.75,603.68,494.27,543.53,553.45
160,OK,215,197,635,635,442.44,463.61,603.35,494.28,542.53,552.43
161,OK,215,198,634,634,442.82,463.61,602.96,493.98,542.36,552.82
162,OK,218,202,630,630,444.86,467.65,603.49,497.64,546.41,556.63
163,OK,220,201,632,632,449.34,463.91,609.17,499.23,551.2,555.92
164,OK,220,200,635,635,448.09,463.92,609.44,496.65,550.22,556.21
165,OK,219,199,636,636,447.49,463.41,608.24,497.79,548.35,556.15
166,OK,218,198,637,637,447.07,462.21,607.88,495.64,547.71,555.11
167,OK,218,199,635,635,445.93,464.55,605.62,499.36,545.15,554.55
168,OK,217,200,635,635,444.56,464.69,604.25,499.53,543.94,554.36
169,OK,214,197,637,637,443.43,460.06,604.44,496.03,539.97,551.19
170,OK,211,193,641,641,443.19,459.12,605.06,496.84,538.7,546.91
171,OK,209,190,644,644,441.96,457.73,604.36,494.65,537.69,544.43
172,OK,209,190,643,643,442.45,458.2,603.81,495.51,537.83,545.63
173,OK,209,190,642,642,441.91,458.46,603.15,495.57,538.04,545.09
174,OK,210,190,640,640,442.23,458.07,602.38,495.53,539.34,544.92
175,OK,210,190,640,640,443.25,456.97,603.51,495.34,539.79,545.01
176,OK,212,192,637,637,442.65,458.58,602.21,494.81,540.62,547.65
177,OK,211,193,637,637,441.51,459.7,601.81,496.11,537.99,550.03
178,OK,211,194,636,636,440.34,460.89,600.77,493.88,538.49,549.22
179,OK,209,192,638,638,438.88,460.32,600.57,492.23,536.76,547.67
180,OK,210,193,637,637,440.75,461.11,601.46,493.97,538.36,548.99
181,OK,211,194,636,636,441.03,460.02,601.25,494.0,538.9,549.63
182,OK,211,191,637,637,443.68,451.06,603.82,487.98,539.16,544.71
183,OK,211,188,639,639,444.72,450.68,605.55,488.18,539.19,544.04
184,OK,213,191,637,637,444.41,459.04,604.48,493.31,543.3,548.35
185,OK,215,194,634,634,444.2,459.77,602.95,495.21,542.46,548.06
186,OK,218,200,627,627,444.34,464.26,600.69,496.97,542.93,553.25
187,OK,216,199,631,631,443.13,462.25,603.08,495.87,542.74,551.27
188,OK,216,198,632,632,443.08,460.89,602.56,494.4,544.02,550.28
189,OK,216,198,632,632,443.62,460.38,602.51,495.26,542.97,550.64
190,OK,216,197,632,632,443.23,459.94,602.42,494.69,542.08,548.91
191,OK,215,193,635,635,442.27,457.15,603.13,491.11,544.17,545.7
192,OK,213,193,635,635,440.74,460.91,601.51,492.39,540.33,546.91
193,OK,211,189,637,637,441.13,450.4,602.28,485.73,538.33,544.03
194,OK,210,187,639,639,440.46,450.33,601.87,484.57,538.03,542.82
195,OK,212,192,634,634,441.54,459.92,600.46,493.35,539.04,549.23
196,OK,214,193,633,633,442.58,457.52,602.21,490.29,543.23,547.63
197,OK,214,194,633,633,441.65,459.99,601.27,493.64,540.62,548.94
198,OK,213,194,634,634,441.16,458.97,601.01,493.41,540.08,549.28
199,OK,210,189,638,638,440.99,449.48,602.32,485.91,536.85,542.98
200,OK,208,186,641,641,439.69,450.42,602.23,485.09,537.05,543.08
201,OK,207,185,642,642,440.49,451.34,601.93,487.94,535.99,544.31
202,OK,209,186,640,640,441.7,451.72,602.69,485.93,539.37,544.72
203,OK,210,189,639,639,442.66,458.46,603.27,493.1,540.38,546.47
204,OK,211,190,638,638,442.17,459.73,602.99,493.68,540.23,545.09
205,OK,210,189,640,640,441.0,458.38,603.07,492.51,538.91,544.18
206,OK,210,190,639,639,442.49,458.23,603.08,493.08,538.9,545.16
207,OK,210,190,640,640,442.62,457.75,603.72,494.27,538.4,544.48
208,OK,210,190,639,639,442.12,458.6,603.02,492.31,539.36,544.49
209,OK,210,189,639,639,441.78,458.35,603.15,492.59,538.58,543.27
210,OK,211,190,638,638,443.01,458.34,603.85,491.38,540.56,543.31
211,OK,212,189,638,638,443.74,456.43,604.61,490.23,541.19,541.53
212,OK,211,187,640,640,442.17,454.72,604.4,486.49,541.64,541.88
213,OK,211,187,640,640,441.63,457.56,603.48,489.08,540.74,542.67
214,OK,212,188,638,638,442.66,457.86,603.37,490.34,540.48,543.79
215,OK,212,188,638,638,442.21,458.74,603.62,491.5,540.87,542.49
216,OK,211,188,639,639,442.23,458.77,603.71,491.72,540.28,542.1
217,OK,211,188,639,639,442.34,458.52,604.23,490.36,540.9,542.14
218,OK,211,186,640,640,442.25,458.21,604.47,490.31,541.05,539.52
219,OK,211,187,640,640,442.02,458.4,603.89,491.42,540.24,542.51
220,OK,216,196,630,630,442.7,465.79,600.0,495.53,544.16,550.1
221,OK,212,192,636,636,440.7,459.34,602.88,492.92,539.49,542.2
222,OK,212,191,637,637,442.0,459.32,603.05,493.86,539.59,544.16
223,OK,211,190,639,639,442.08,459.42,603.67,493.01,540.49,543.82
224,OK,209,185,643,643,442.5,450.67,605.26,486.05,537.22,538.41
225,OK,208,183,644,644,442.45,451.33,604.99,487.07,537.56,540.56
226,OK,210,187,642,642,443.38,459.09,604.55,494.35,541.41,546.01
227,OK,210,187,642,642,442.23,458.18,604.35,492.68,540.97,541.75
228,OK,209,186,643,643,440.98,458.01,603.39,492.56,537.84,541.89
229,OK,209,187,643,643,442.15,458.83,604.14,493.58,540.26,543.59
230,OK,209,188,641,641,442.27,457.96,603.46,492.73,538.46,543.46
231,OK,210,189,640,640,443.13,459.76,604.53,493.82,541.0,543.83
232,OK,212,191,638,638,443.5,461.34,604.3,492.85,543.17,547.92
233,OK,213,192,637,637,443.05,461.64,603.86,493.49,542.56,547.68
234,OK,215,194,635,635,444.08,461.94,604.07,493.07,543.68,547.28
235,OK,217,197,632,632,446.19,460.08,604.86,494.26,543.09,554.87
236,OK,224,206,625,625,452.41,468.68,608.35,501.56,550.81,563.0
237,OK,230,209,622,622,461.51,459.95,616.19,499.02,554.06,562.69
238,OK,231,207,622,622,461.9,455.84,617.44,495.01,549.68,558.25
239,OK,231,199,623,623,461.67,442.6,617.45,483.1,548.72,543.22
240,OK,224,184,633,633,450.89,437.27,612.84,472.42,544.72,528.92
241,OK,221,175,637,637,449.13,434.24,610.66,468.69,548.08,523.18
242,OK,218,166,640,640,446.86,430.76,610.15,460.44,547.88,514.06
243,OK,216,161,643,643,447.37,430.37,611.11,460.96,548.75,514.49
244,OK,218,164,637,637,444.54,435.93,604.81,462.86,546.66,518.14
245,OK,217,164,636,636,442.54,434.73,604.58,459.63,548.35,517.49
246,OK,217,164,635,635,441.45,433.47,603.09,459.29,547.25,516.61
247,OK,216,165,633,633,441.15,435.9,601.88,462.25,542.91,518.58
248,OK,220,167,633,633,451.41,437.35,611.99,466.49,551.7,521.77
249,OK,223,169,632,632,453.73,436.96,613.58,467.92,553.23,523.64
250,OK,223,171,632,632,452.23,441.38,612.51,470.49,548.9,525.8
251,OK,222,172,633,633,448.83,441.57,610.06,469.9,548.03,526.74
252,OK,222,176,632,632,447.77,447.2,607.95,475.41,547.6,531.5
253,OK,216,173,636,636,438.77,446.75,602.26,468.18,542.41,525.41
254,OK,209,176,634,634,421.72,463.13,584.59,461.69,534.23,529.65
255,OK,195,177,640,640,403.38,470.75,569.71,460.51,522.3,540.29
256,OK,180,181,648,648,393.11,482.4,561.66,469.66,511.68,552.56
257,OK,165,182,659,659,383.69,488.41,555.59,472.28,502.17,559.24
258,OK,157,178,668,668,384.45,479.36,557.94,462.76,505.95,553.06
259,OK,157,179,669,669,391.34,475.14,563.58,464.23,509.76,563.05
260,OK,156,179,671,671,390.97,473.05,564.17,467.17,506.23,563.08
261,OK,155,179,672,672,391.26,474.38,564.8,466.51,507.52,562.27
262,OK,156,182,670,670,389.28,482.37,561.26,470.56,507.25,561.78
263,OK,154,180,672,672,386.64,480.21,559.65,466.71,505.68,559.65
264,OK,153,178,673,673,387.11,478.65,560.32,465.18,505.45,554.96
265,OK,153,177,674,674,389.06,475.38,562.83,465.07,506.99,558.5
266,OK,153,178,673,673,387.99,478.71,560.95,467.03,505.25,558.87
267,OK,154,180,672,672,388.46,482.48,561.0,470.46,505.84,560.51
268,OK,154,182,671,671,388.95,484.76,561.08,472.16,505.52,561.9
269,OK,155,183,669,669,389.87,484.73,561.48,473.37,505.06,560.18
270,OK,156,184,669,669,390.89,484.24,562.87,473.17,507.28,561.17
271,OK,158,186,666,666,392.75,482.92,563.56,474.5,508.59,561.76
272,OK,159,185,665,665,392.86,478.64,563.75,471.52,507.48,560.81
273,OK,160,185,664,664,394.13,477.7,565.14,472.6,508.49,561.18
274,OK,161,185,664,664,394.61,476.45,565.47,471.93,508.84,562.88
275,OK,160,183,666,666,394.19,473.04,566.17,468.87,507.76,562.54
276,OK,160,181,668,668,394.76,475.0,567.22,467.35,512.09,559.11
277,OK,162,180,668,668,395.33,474.86,567.41,465.82,514.72,559.65
278,OK,162,180,668,668,395.37,475.88,567.31,467.07,514.3,559.78
279,OK,164,181,665,665,396.59,476.54,566.75,466.08,515.9,555.5
280,OK,166,182,663,663,397.11,477.17,567.18,466.7,516.99,556.38
281,OK,167,183,663,663,396.99,476.7,567.58,466.74,516.71,558.56
282,OK,168,187,659,659,397.22,479.84,565.78,472.67,512.75,559.92
283,OK,168,188,657,657,396.39,480.31,565.11,472.91,512.58,560.66
284,OK,168,189,656,656,397.68,479.41,566.53,474.16,511.84,559.65
285,OK,168,188,656,656,398.68,477.29,567.77,472.99,512.55,556.16
286,OK,166,182,663,663,396.12,474.65,568.68,464.59,516.18,553.55
287,OK,165,180,666,666,398.21,472.19,570.36,465.63,515.3,557.43
288,OK,164,179,668,668,397.05,473.31,569.39,464.75,515.21,558.4
289,OK,166,179,666,666,398.71,473.34,569.75,465.36,515.81,556.14
290,OK,168,183,661,661,399.77,476.56,569.02,470.89,515.37,556.5
291,OK,168,184,660,660,398.99,477.2,568.94,471.72,514.34,558.02
292,OK,169,186,659,659,399.45,477.69,569.01,473.35,514.2,560.21
293,OK,170,187,658,658,400.13,477.74,569.23,474.15,513.91,559.24
294,OK,169,186,659,659,399.11,477.35,568.94,471.87,514.54,556.92
295,OK,169,185,659,659,399.45,476.72,569.33,471.39,513.95,555.65
296,OK,171,187,656,656,402.54,478.75,570.82,474.45,516.6,558.33
297,OK,171,186,657,657,401.41,477.16,570.79,471.89,516.53,557.17
298,OK,173,187,656,656,403.59,476.25,572.66,473.94,518.28,558.82
299,OK,173,187,656,656,403.06,475.39,571.99,472.66,517.85,556.74
300,OK,173,187,655,655,402.79,476.65,571.22,473.44,516.76,556.46
301,OK,173,186,656,656,402.79,475.59,572.19,471.35,518.02,558.0
302,OK,175,188,654,654,405.15,475.6,573.04,472.68,518.23,558.63
303,OK,175,188,654,654,403.95,475.93,572.28,470.49,517.65,558.22
304,OK,174,186,656,656,403.05,474.89,572.52,469.9,517.23,556.09
305,OK,174,186,657,657,403.42,474.48,573.01,470.56,518.29,559.16
306,OK,172,182,661,661,401.54,469.44,572.71,463.59,518.94,555.45
307,OK,171,180,662,662,401.63,470.35,572.29,463.42,518.75,554.51
308,OK,171,179,663,663,401.63,470.03,572.89,463.15,519.46,554.6
309,OK,172,181,661,661,402.36,471.17,571.88,464.06,519.32,556.69
310,OK,175,185,657,657,405.8,473.92,574.02,468.93,519.5,559.59
311,OK,177,187,654,654,405.89,475.43,573.59,470.19,519.97,559.15
312,OK,178,189,651,651,407.02,476.22,574.06,471.53,519.36,557.97
313,OK,177,188,650,650,405.83,475.24,573.18,471.41,516.13,554.45
314,OK,178,189,649,649,407.02,476.11,574.06,472.26,518.03,553.92
315,OK,181,193,645,645,409.36,478.68,574.56,478.56,517.31,555.61
316,OK,183,195,642,642,410.73,479.49,575.63,478.36,520.68,557.55
317,OK,185,195,642,642,411.1,478.69,576.77,477.49,522.51,557.04
318,OK,187,196,640,640,413.13,478.07,577.85,479.49,522.63,555.31
319,OK,187,195,642,642,412.4,478.75,578.27,479.88,523.89,554.59
320,OK,188,195,641,641,413.02,478.56,578.15,480.29,522.7,554.02
321,OK,187,194,641,641,412.5,478.35,577.74,479.1,522.48,552.95
322,OK,186,193,642,642,411.8,478.39,577.69,480.67,521.24,551.78
323,OK,185,192,644,644,410.49,476.36,576.84,478.49,520.55,550.81
324,OK,185,192,642,642,411.31,475.73,576.52,479.01,517.69,550.46
325,OK,184,192,644,644,410.12,477.11,576.56,480.16,519.63,551.9
326,OK,184,192,645,645,410.37,478.79,576.64,480.59,520.86,553.13
327,OK,184,193,645,645,410.28,479.44,576.38,480.11,520.85,554.94
328,OK,184,193,645,645,410.9,479.98,577.33,481.13,522.92,554.3
329,OK,185,194,644,644,411.72,479.74,577.67,479.86,523.14,554.66
330,OK,186,196,642,642,412.25,480.12,577.29,479.26,522.85,557.09
331,OK,184,198,640,640,407.53,481.62,571.97,479.01,515.74,561.2
332,OK,176,194,647,647,398.83,483.6,567.4,478.09,510.48,555.19
333,OK,162,189,657,657,385.54,484.98,557.42,476.76,495.95,556.19
334,OK,148,186,667,667,376.14,489.58,550.44,479.0,486.7,562.67
335,OK,139,187,670,670,370.96,493.38,543.91,478.19,478.77,564.4
336,OK,136,189,669,669,371.37,495.09,542.9,480.73,477.67,564.85
337,OK,134,189,671,671,372.15,494.35,544.79,479.55,480.49,564.7
338,OK,133,187,674,674,372.33,494.03,545.98,479.23,481.47,563.06
339,OK,134,187,674,674,374.48,491.57,547.84,479.61,483.52,562.66
340,OK,133,185,676,676,374.58,489.63,548.81,478.17,484.11,562.68
341,OK,133,184,678,678,375.55,489.31,550.3,477.78,486.9,564.04
342,OK,134,184,677,677,376.22,489.09,550.36,477.78,486.61,564.05
343,OK,134,184,678,678,376.07,488.32,550.54,477.48,486.51,564.09
344,OK,133,186,676,676,372.1,495.05,545.13,480.74,480.73,563.19
345,OK,131,185,676,676,371.18,492.48,545.16,479.25,478.67,561.84
346,OK,134,188,671,671,373.33,495.31,544.33,479.43,481.45,562.37
347,OK,130,190,672,672,365.49,499.08,537.75,477.87,476.81,571.83
348,OK,128,194,670,670,361.11,503.14,531.78,482.31,474.76,571.73
349,OK,124,201,664,664,351.63,505.91,519.83,483.09,464.36,581.18
350,OK,123,207,657,657,350.9,507.16,517.09,483.96,463.13,582.15
351,OK,123,208,657,657,352.47,506.42,520.07,483.16,466.96,581.82
352,OK,122,207,659,659,352.59,504.65,521.32,481.58,465.91,580.36
353,OK,122,205,661,661,355.41,503.12,525.27,482.34,468.65,579.18
354,OK,123,204,661,661,355.19,502.75,523.98,480.03,469.14,577.97
355,OK,123,203,662,662,355.71,503.3,525.09,479.33,470.1,577.85
356,OK,122,200,665,665,356.48,502.42,526.75,478.46,469.8,573.75
357,OK,126,200,663,663,363.88,503.68,533.16,482.83,475.17,570.61
358,OK,129,200,661,661,364.95,502.71,533.87,483.09,476.46,567.4
359,OK,130,199,661,661,365.7,502.42,535.03,482.68,477.0,567.44
360,OK,131,199,661,661,365.7,503.04,535.01,482.53,477.37,568.71
361,OK,129,198,664,664,365.42,502.32,536.28,482.73,474.28,571.38
362,OK,128,198,666,666,364.53,502.39,535.53,481.45,474.53,573.04
363,OK,128,198,666,666,364.9,502.97,535.27,481.49,474.08,572.32
364,OK,127,197,667,667,365.12,501.88,535.91,481.14,473.22,571.43
365,OK,127,196,668,668,365.33,500.46,536.62,480.86,472.93,571.11
366,OK,127,196,668,668,365.87,499.21,537.23,480.42,473.49,570.85
367,OK,127,194,670,670,365.57,498.88,537.99,479.87,474.75,570.07
368,OK,126,194,671,671,364.71,499.41,536.92,480.34,473.18,571.78
369,OK,126,193,672,672,365.23,498.44,537.57,479.69,473.58,570.51
370,OK,128,193,670,670,368.18,498.41,539.3,481.03,475.91,566.46
371,OK,130,193,668,668,369.5,498.07,540.24,482.65,475.66,563.21
372,OK,130,191,668,668,369.56,497.31,540.86,481.84,475.66,560.06
373,OK,130,190,668,668,368.55,495.61,540.28,479.88,474.25,560.02
374,OK,130,189,668,668,369.05,495.44,540.59,479.09,475.6,560.27
375,OK,131,189,667,667,370.12,496.29,541.01,480.66,475.87,559.18
376,OK,132,190,667,667,369.57,496.4,540.66,480.4,476.92,560.96
377,OK,132,190,667,667,368.86,495.61,539.84,479.82,475.76,559.05
378,OK,130,188,669,669,367.19,494.84,539.15,475.61,475.64,559.63
379,OK,133,191,663,663,371.43,499.35,540.21,484.45,476.58,556.05
380,OK,128,187,669,669,363.89,491.4,536.56,471.19,471.62,562.3
381,OK,123,180,676,676,362.19,484.57,537.31,464.48,470.92,556.44
382,OK,120,175,681,681,362.13,483.35,537.67,461.83,472.18,556.14
383,OK,117,173,684,684,360.66,484.14,536.57,462.72,470.75,558.45
384,OK,118,173,683,683,362.93,482.48,537.81,462.23,472.01,556.83
385,OK,117,172,682,682,361.46,481.94,535.9,460.87,469.21,555.51
386,OK,117,172,683,683,361.86,484.43,536.68,463.15,470.92,557.14
387,OK,118,173,684,684,362.74,483.83,538.01,463.75,471.8,558.4
388,OK,119,174,682,682,362.96,482.5,537.26,462.87,470.54,557.43
389,OK,122,175,679,679,365.65,484.61,538.99,465.5,474.45,555.46
390,OK,121,175,679,679,363.14,484.35,536.95,463.87,471.39,555.02
391,OK,122,176,677,677,364.54,484.37,537.75,465.97,471.19,555.63
392,OK,121,174,679,679,362.93,483.53,537.36,462.64,472.65,554.48
393,OK,121,175,677,677,364.45,483.42,537.42,463.73,470.83,554.47
394,OK,120,175,677,677,362.82,483.89,536.46,464.08,468.44,554.15
395,OK,121,175,677,677,364.02,484.01,537.35,464.56,470.43,553.43
396,OK,122,175,677,677,365.36,483.62,538.57,464.42,472.02,552.73
397,OK,122,174,678,678,364.69,483.65,538.29,463.31,473.14,554.35
398,OK,125,178,676,676,369.28,488.7,542.01,472.45,476.21,559.16
399,OK,127,180,674,674,369.46,488.49,541.78,473.05,475.4,559.22
400,OK,128,181,673,673,369.21,488.72,541.47,472.31,476.08,558.06
401,OK,128,182,672,672,368.39,487.15,540.46,469.89,474.62,557.49
402,OK,127,181,673,673,368.56,488.48,541.28,470.75,475.05,558.39
403,OK,127,181,674,674,368.25,487.46,541.21,469.72,474.66,559.1
404,OK,128,182,673,673,369.58,487.35,542.36,471.95,476.29,559.54
405,OK,128,182,673,673,369.86,487.22,542.81,471.44,476.82,559.68
406,OK,129,182,674,674,370.23,488.38,543.29,472.91,477.6,560.4
407,OK,130,182,673,673,370.29,486.99,542.91,470.32,478.32,559.18
408,OK,130,182,673,673,370.08,487.54,542.5,470.28,478.36,558.22
409,OK,129,182,673,673,369.02,487.17,541.43,469.64,476.43,557.71
410,OK,129,181,673,673,370.19,486.57,542.9,470.96,477.37,556.39
411,OK,131,181,671,671,371.41,485.53,543.31,470.48,479.17,556.12
412,OK,131,181,671,671,370.18,485.88,542.37,470.86,476.3,555.39
413,OK,132,180,673,673,372.0,485.81,545.23,471.62,481.45,553.53
414,OK,133,179,673,673,373.17,485.29,546.21,471.34,483.24,553.25
415,OK,133,179,674,674,372.26,486.02,545.49,471.98,481.31,554.2
416,OK,132,178,676,676,371.89,485.64,546.03,472.03,482.24,553.24
417,OK,133,177,676,676,374.75,483.89,548.61,471.9,485.24,550.49
418,OK,135,175,676,676,376.48,482.81,550.16,471.48,486.93,548.14
419,OK,140,174,674,674,383.79,482.94,556.71,475.64,494.23,540.34
420,OK,155,176,664,664,399.88,471.3,568.43,467.13,511.21,543.74
421,OK,180,183,645,645,423.06,470.08,584.64,468.85,534.22,539.93
422,OK,198,186,637,637,435.27,465.67,597.51,472.1,546.3,541.01
423,OK,213,188,632,632,446.7,462.35,607.9,476.33,557.72,541.38
424,OK,223,191,628,628,454.14,461.57,613.63,481.75,558.8,543.23
425,OK,232,195,624,624,459.65,461.47,618.13,482.55,563.83,547.86
426,OK,239,199,620,620,462.86,461.96,619.8,484.66,566.84,549.43
427,OK,244,202,615,615,463.97,462.61,619.84,484.72,568.25,549.31
428,OK,248,205,610,610,465.74,464.47,620.05,488.74,568.29,548.29
429,OK,250,206,609,609,465.71,460.72,620.67,484.91,569.82,550.16
430,OK,250,208,609,609,463.39,463.3,618.5,486.44,567.06,554.47
431,OK,247,205,613,613,460.05,461.21,617.7,480.39,567.01,551.45
432,OK,243,202,617,617,458.81,461.32,617.69,481.18,565.2,550.81
433,OK,243,203,616,616,460.66,461.36,617.76,484.58,564.49,553.14
434,OK,244,203,616,616,460.75,460.29,618.15,481.49,567.69,552.34
435,OK,243,200,619,619,459.91,457.07,618.87,477.35,568.46,550.78
436,OK,241,198,621,621,458.42,456.75,617.87,476.09,566.98,550.85
437,OK,241,197,622,622,459.54,456.04,618.88,477.28,567.28,550.18
438,OK,240,196,623,623,457.96,456.3,617.82,476.36,565.24,550.19
439,OK,238,193,626,626,457.34,453.43,617.99,474.31,564.0,547.18
440,OK,238,193,626,626,458.13,457.28,617.97,478.73,564.05,547.3
441,OK,237,195,625,625,456.99,459.15,616.63,480.07,561.51,548.59
442,OK,235,195,626,626,455.66,460.02,615.86,481.24,559.09,549.26
443,OK,234,197,625,625,453.79,463.33,613.58,482.12,558.71,550.32
444,OK,233,197,625,625,452.7,463.3,612.99,481.19,559.23,549.04
445,OK,232,197,625,625,451.24,465.09,611.71,480.65,559.33,549.77
446,OK,229,195,628,628,448.72,463.57,610.67,480.15,556.87,548.19
447,OK,229,195,628,628,449.69,464.97,610.98,480.54,558.26,549.01
448,OK,229,195,628,628,448.81,465.9,610.21,481.25,557.29,548.22
449,OK,229,195,628,628,449.42,464.07,610.75,480.38,557.26,547.33
450,OK,227,194,629,629,445.59,464.56,607.73,477.08,554.82,547.61
451,OK,226,193,631,631,445.73,464.39,608.4,476.37,557.44,546.63
452,OK,225,192,631,631,444.49,463.6,606.71,475.34,555.71,544.31
453,OK,222,192,629,629,439.81,463.54,601.26,474.82,547.54,545.24
454,OK,215,191,631,631,432.64,466.81,595.55,474.76,536.94,544.88
455,OK,203,186,636,636,419.15,467.23,584.48,466.56,525.19,539.65
456,OK,189,181,644,644,408.95,463.13,577.03,467.43,511.63,540.71
457,OK,179,178,646,646,400.42,464.36,567.65,465.03,503.39,535.88
458,OK,171,174,650,650,396.86,463.11,565.62,462.73,499.49,534.63
459,OK,168,174,652,652,397.55,463.76,566.27,464.13,502.54,538.22
460,OK,167,174,651,651,398.57,462.41,566.38,461.78,501.93,536.74
461,OK,166,173,653,653,398.8,462.18,567.47,462.06,502.89,536.68
462,OK,166,173,652,652,399.39,463.65,567.3,463.77,503.2,535.6
463,OK,166,175,652,652,397.45,472.71,565.76,474.33,502.67,534.39
464,OK,165,172,655,655,397.98,464.06,567.61,465.06,504.71,533.76
465,OK,164,171,655,655,397.55,463.61,566.65,463.99,502.83,534.87
466,OK,163,171,656,656,397.26,462.76,566.47,464.08,501.04,536.81
467,OK,163,171,655,655,398.05,462.06,566.7,462.83,500.59,535.77
468,OK,164,171,654,654,398.59,463.06,566.83,462.23,502.06,535.07
469,OK,164,171,654,654,398.83,463.52,567.35,463.35,502.67,536.06
470,OK,163,171,655,655,396.68,463.85,565.56,462.03,499.29,535.47
471,OK,161,170,657,657,395.68,462.76,565.62,462.63,498.46,536.83
472,OK,156,167,661,661,388.68,466.26,560.26,460.62,494.13,532.95
473,OK,150,165,663,663,382.99,463.01,554.14,456.67,485.79,533.42
474,OK,146,163,665,665,381.95,462.76,553.61,457.39,484.77,530.04
475,OK,145,162,664,664,383.74,461.98,554.77,456.89,486.55,529.28
476,OK,146,163,663,663,385.64,461.72,556.28,457.94,487.51,530.22
477,OK,147,164,664,664,386.29,464.94,557.63,460.81,489.81,531.25
478,OK,147,163,665,665,386.06,465.76,557.46,460.45,489.29,530.52
479,OK,148,164,665,665,386.7,466.83,558.27,461.03,491.93,532.18
480,OK,148,164,665,665,386.6,466.1,558.02,461.4,490.92,532.41
481,OK,147,163,666,666,386.57,466.7,558.51,461.65,491.2,531.53
482,OK,147,163,667,667,387.17,466.78,559.08,462.13,491.85,531.49
483,OK,149,165,665,665,388.19,467.85,559.24,463.68,492.72,534.65
484,OK,150,166,664,664,388.8,468.36,559.68,464.49,494.25,533.46
485,OK,151,167,663,663,389.26,468.21,559.99,464.75,493.46,531.53
486,OK,151,167,663,663,389.44,468.42,560.36,466.17,493.6,533.37
487,OK,151,167,663,663,389.23,468.12,560.3,465.65,493.48,531.37
488,OK,153,169,661,661,391.29,473.79,561.05,472.85,495.33,530.6
489,OK,153,169,660,660,390.48,469.85,560.5,467.17,493.81,531.94
490,OK,154,168,661,661,392.79,466.91,563.64,467.99,495.67,530.4
491,OK,155,167,662,662,394.47,463.63,565.33,460.58,497.95,532.78
492,OK,156,166,663,663,395.61,462.78,566.63,461.16,497.72,532.1
493,OK,155,166,665,665,392.8,466.65,564.53,464.37,497.57,532.76
494,OK,155,166,664,664,391.84,466.76,562.9,463.87,496.77,533.61
495,OK,153,165,666,666,390.54,466.83,562.91,463.53,495.99,532.12
496,OK,150,165,667,667,387.12,469.16,559.4,464.1,491.69,532.67
497,OK,148,164,670,670,386.28,469.6,559.58,465.62,492.15,532.33
498,OK,148,165,670,670,387.0,470.22,559.9,467.28,492.6,533.79
499,OK,148,165,671,671,388.61,470.06,561.89,468.37,493.3,533.07
500,OK,147,165,672,672,387.8,470.58,561.17,467.75,493.32,533.6
501,OK,147,164,672,672,387.33,470.28,560.4,467.31,492.56,530.91
502,OK,147,165,671,671,388.09,470.15,561.03,468.46,492.11,533.22
503,OK,149,165,670,670,389.48,470.72,561.69,469.13,494.6,530.88
504,OK,149,164,671,671,390.31,469.11,563.62,470.17,494.01,530.56
505,OK,148,162,672,672,389.32,468.8,562.81,469.44,493.18,528.02
506,OK,148,163,671,671,389.1,468.83,561.95,469.58,492.43,529.2
507,OK,148,163,670,670,389.55,470.27,562.14,469.1,493.79,529.85
508,OK,149,164,670,670,390.25,468.61,563.14,470.5,494.07,530.58
509,OK,148,164,671,671,389.61,469.7,562.64,470.69,493.3,530.29
510,OK,150,165,669,669,391.22,468.74,563.39,469.47,495.19,531.17
511,OK,150,164,669,669,390.5,469.48,563.1,470.73,494.19,529.64
512,OK,150,165,669,669,390.18,469.88,562.5,470.33,493.67,531.14
513,OK,150,164,669,669,390.06,469.63,562.63,468.66,494.24,529.85
514,OK,149,163,669,669,387.4,467.61,559.59,463.8,490.8,529.76
515,OK,148,163,669,669,387.66,466.91,560.05,462.83,491.41,529.71
516,OK,148,164,667,667,387.65,468.95,559.29,465.69,491.08,530.49
517,OK,148,165,668,668,386.95,468.67,559.26,465.16,490.96,534.27
518,OK,148,166,668,668,386.35,469.15,558.59,464.88,491.67,535.5
519,OK,146,165,670,670,385.92,466.61,558.89,460.82,491.18,536.76
520,OK,145,162,673,673,385.89,466.31,559.84,460.65,491.15,534.34
521,OK,145,163,673,673,385.35,469.03,558.51,463.75,490.23,533.82
522,OK,144,162,673,673,384.08,468.43,557.39,461.6,489.3,532.09
523,OK,143,161,674,674,383.25,467.2,556.89,460.54,488.27,533.99
524,OK,143,162,673,673,383.7,467.16,556.94,460.96,488.43,536.25
525,OK,142,162,673,673,383.12,468.49,556.47,460.72,488.19,533.77
526,OK,142,162,673,673,383.84,468.63,556.98,462.45,488.48,533.18
527,OK,142,162,672,672,384.17,469.55,557.26,463.17,488.67,533.46
528,OK,142,163,672,672,382.9,469.53,555.97,462.09,487.56,534.66
529,OK,142,163,672,672,383.31,470.24,556.36,462.55,488.38,534.75
530,OK,143,163,672,672,384.71,469.33,557.91,463.01,490.63,535.13
531,OK,143,163,672,672,383.74,470.57,556.76,463.49,488.52,532.77
532,OK,145,166,668,668,386.38,470.91,557.59,465.39,489.64,533.87
533,OK,144,166,668,668,383.45,470.17,555.62,463.94,486.16,536.66
534,OK,141,164,672,672,381.4,470.21,555.37,461.16,486.1,536.82
535,OK,142,165,671,671,382.92,469.86,555.27,461.64,487.14,538.28
536,OK,144,166,669,669,385.61,468.34,557.53,462.69,489.47,537.39
537,OK,144,165,670,670,384.99,468.38,557.6,461.24,489.67,533.85
538,OK,145,165,669,669,385.88,469.56,558.08,463.3,490.21,533.6
539,OK,145,164,669,669,385.81,469.45,558.16,463.2,490.76,533.17
540,OK,144,164,669,669,384.13,470.49,556.62,462.44,489.35,533.83
541,OK,144,164,669,669,384.8,468.98,557.24,461.53,490.17,535.87
542,OK,143,164,669,669,382.63,470.8,555.06,461.31,488.28,533.71
543,OK,144,165,669,669,383.92,469.18,556.04,460.79,488.62,536.2
544,OK,145,166,668,668,385.39,468.48,557.07,461.91,490.15,535.66
545,OK,145,164,669,669,385.47,468.33,557.88,462.86,490.12,532.03
546,OK,146,164,668,668,386.0,467.62,557.7,462.26,490.21,532.44
547,OK,147,163,667,667,386.85,466.73,558.66,461.87,490.73,528.76
548,OK,147,163,667,667,387.23,467.24,559.13,462.67,491.01,529.31
549,OK,147,164,669,669,387.76,472.34,560.57,468.83,492.35,531.06
550,OK,147,161,670,670,386.95,464.92,559.96,457.79,493.04,526.71
551,OK,147,159,671,671,386.6,464.34,559.46,456.04,493.36,526.67
552,OK,146,158,672,672,386.49,464.52,559.97,455.97,493.64,529.72
553,OK,146,161,671,671,387.02,468.41,559.66,464.65,492.52,531.97
554,OK,147,163,669,669,387.97,469.29,559.98,465.59,493.89,531.56
555,OK,149,164,668,668,388.3,469.56,559.98,465.74,494.09,530.75
556,OK,149,163,669,669,388.23,468.19,561.07,465.55,493.39,530.0
557,OK,148,163,669,669,387.62,468.56,560.3,465.73,492.38,530.93
558,OK,148,163,669,669,387.35,468.76,559.46,463.18,493.25,530.44
559,OK,147,160,671,671,385.75,464.39,558.93,455.62,491.88,527.15
560,OK,145,156,675,675,384.87,463.32,559.37,453.21,492.94,527.13
561,OK,143,155,678,678,384.63,464.32,559.74,454.55,492.79,528.67
562,OK,142,157,677,677,383.28,466.05,557.15,455.42,489.51,533.27
563,OK,138,158,680,680,379.36,466.0,555.16,457.55,486.58,538.54
564,OK,132,165,678,678,372.42,475.43,546.65,465.85,470.73,549.85
565,OK,126,165,680,680,367.8,474.02,543.39,463.27,469.38,547.13
566,OK,119,164,684,684,363.76,472.78,540.64,461.3,463.0,550.07
567,OK,119,169,683,683,367.31,482.15,542.94,470.53,467.93,555.04
568,OK,119,171,682,682,367.27,482.19,542.61,472.25,466.33,554.46
569,OK,121,173,680,680,369.14,481.33,543.6,471.31,468.88,552.68
570,OK,123,174,678,678,370.29,480.65,544.58,472.56,469.87,553.35
571,OK,124,174,678,678,370.28,480.75,545.01,472.21,470.81,552.36
572,OK,124,173,679,679,369.83,479.93,544.84,470.73,472.02,551.73
573,OK,125,173,680,680,371.18,480.51,546.23,470.62,474.23,551.52
574,OK,126,174,678,678,371.34,481.5,545.49,470.46,473.72,551.3
575,OK,127,175,677,677,372.39,481.24,546.24,472.12,474.43,552.26
576,OK,128,175,675,675,373.47,480.71,546.87,472.27,473.74,550.89
577,OK,129,177,674,674,373.25,482.2,546.25,472.5,474.8,552.68
578,OK,130,179,674,674,374.18,484.46,547.46,476.1,476.05,556.41
579,OK,130,177,673,673,373.42,477.57,546.19,468.78,473.53,550.59
580,OK,127,173,676,676,370.75,475.43,545.68,464.89,472.01,551.24
581,OK,125,171,679,679,370.54,476.13,545.87,465.37,472.71,552.09
582,OK,126,172,679,679,373.53,478.94,548.58,470.56,474.72,554.59
583,OK,128,173,678,678,375.15,479.35,549.63,472.51,476.24,553.78
584,OK,128,174,677,677,373.85,479.51,548.09,471.16,474.96,553.09
585,OK,129,176,674,674,373.96,480.3,546.7,471.53,474.11,553.15
586,OK,130,177,673,673,374.2,480.51,547.14,471.93,474.32,553.03
587,OK,129,177,675,675,374.55,480.61,549.05,472.98,476.06,555.27
588,OK,126,179,674,674,368.9,484.53,542.18,474.46,466.5,556.99
589,OK,118,184,672,672,357.87,493.1,529.83,479.82,450.0,565.46
590,OK,105,188,672,672,339.92,493.49,512.51,478.34,431.91,570.1
591,OK,95,188,676,676,334.36,494.67,508.57,475.11,428.76,573.15
592,OK,91,186,680,680,338.52,490.74,514.15,473.81,434.01,573.23
593,OK,90,186,682,682,340.56,490.27,516.2,473.63,437.55,575.31
594,OK,91,186,683,683,343.39,488.72,519.22,474.75,439.69,577.32
595,OK,93,187,682,682,346.05,488.37,521.29,476.35,441.37,576.08
596,OK,96,187,680,680,347.04,488.41,521.53,475.82,442.53,573.7
597,OK,97,187,681,681,347.37,489.82,522.58,476.3,444.2,574.43
598,OK,99,187,680,680,349.24,489.6,523.86,475.46,446.8,574.34
599,OK,101,187,678,678,350.71,489.32,524.25,473.56,445.9,569.9
600,OK,101,186,680,680,352.13,488.79,527.58,474.41,446.85,572.06
601,OK,102,186,681,681,354.31,487.59,529.86,474.47,449.69,573.45
602,OK,104,189,678,678,354.62,492.08,527.88,477.78,448.14,573.86
603,OK,106,191,675,675,354.1,492.24,527.01,478.14,447.77,574.62
604,OK,106,191,674,674,355.26,491.56,528.47,479.97,447.74,573.93
605,OK,106,192,674,674,355.04,492.43,528.27,479.8,448.09,575.15
606,OK,106,192,674,674,354.93,491.98,528.03,478.85,447.76,573.31
607,OK,107,192,674,674,355.09,491.35,528.44,478.75,448.51,574.58
608,OK,107,193,674,674,355.24,492.56,528.62,480.47,448.58,576.06
609,OK,107,192,674,674,355.63,491.71,528.72,479.04,449.09,574.37
610,OK,106,191,675,675,354.26,492.0,527.81,478.88,448.23,574.01
611,OK,106,191,676,676,354.38,492.66,528.08,478.5,448.88,573.45
612,OK,106,191,676,676,354.74,493.42,528.44,479.52,450.26,574.61
613,OK,105,190,677,677,353.83,491.95,527.9,478.02,448.26,573.83
614,OK,106,192,674,674,354.87,492.87,527.45,480.06,447.76,576.09
615,OK,107,193,673,673,355.02,492.25,527.91,479.68,447.35,575.18
616,OK,107,193,674,674,354.61,491.99,528.11,479.77,447.68,575.29
617,OK,107,193,673,673,355.28,491.89,528.26,480.33,447.36,573.87
618,OK,107,193,674,674,355.44,492.13,528.9,480.0,448.75,574.35
619,OK,108,196,670,670,355.35,498.59,526.76,486.2,445.65,572.93
620,OK,106,193,674,674,353.86,493.2,528.41,480.73,446.29,572.7
621,OK,107,192,675,675,356.56,491.36,530.69,480.93,449.81,572.41
622,OK,107,192,676,676,355.35,492.83,529.35,481.79,448.16,573.26
623,OK,107,192,676,676,355.18,493.0,529.25,481.22,448.78,573.5
624,OK,106,192,676,676,354.06,492.57,528.19,482.29,445.87,574.08
625,OK,106,191,676,676,355.91,490.3,529.93,481.53,447.68,573.04
626,OK,106,191,676,676,355.28,490.23,529.34,480.65,447.55,572.68
627,OK,102,189,671,671,345.89,486.07,517.5,477.62,431.32,561.58
628,OK,88,182,667,667,326.0,475.27,496.84,468.51,400.71,545.84
629,OK,68,173,667,667,304.01,471.67,475.42,455.7,377.27,533.37
630,OK,57,171,665,665,301.31,472.94,472.02,461.04,369.89,536.04
631,OK,54,170,665,665,307.9,473.52,478.98,461.79,377.04,538.41
632,OK,55,170,665,665,312.2,473.88,483.21,461.64,382.42,538.39
633,OK,59,172,661,661,317.37,472.58,486.53,464.03,383.43,540.22
634,OK,62,174,660,660,318.82,472.85,488.4,465.14,385.76,542.9
635,OK,65,175,660,660,321.66,475.81,491.5,466.45,390.4,541.68
636,OK,66,175,661,661,321.09,476.46,491.52,466.55,390.68,542.38
637,OK,66,177,660,660,319.62,480.14,489.14,468.55,390.22,545.14
638,OK,66,178,661,661,318.95,479.97,489.22,469.73,391.13,547.77
639,OK,66,178,662,662,318.89,478.12,489.29,466.86,391.53,546.39
640,OK,66,179,658,658,318.06,476.13,486.27,465.11,386.26,544.44
641,OK,65,176,661,661,318.61,474.56,489.49,463.9,389.03,543.49
642,OK,63,172,664,664,315.61,470.13,486.98,457.43,388.31,539.41
643,OK,61,167,663,663,312.87,464.81,483.11,451.22,382.98,530.2
644,OK,61,164,662,662,315.85,465.73,485.64,450.48,386.56,528.11
645,OK,63,162,664,664,319.81,467.07,490.98,453.96,390.74,528.43
646,OK,62,159,666,666,314.99,465.25,486.02,447.46,389.87,525.98
647,OK,60,158,666,666,312.88,464.23,483.49,446.99,386.79,527.52
648,OK,59,157,667,667,312.31,465.53,483.49,446.49,387.98,526.01
649,OK,60,158,664,664,311.16,464.46,480.26,445.04,386.62,524.05
650,OK,61,157,665,665,314.23,465.25,484.9,446.08,391.23,525.65
651,OK,65,160,667,667,322.54,474.04,494.39,458.02,399.77,533.92
652,OK,70,167,667,667,329.46,479.13,501.32,469.91,405.55,543.18
653,OK,74,175,665,665,329.82,484.14,500.4,474.51,405.63,549.15
654,OK,73,179,664,664,324.32,483.74,494.75,473.18,400.02,549.8
655,OK,73,178,664,664,325.72,479.72,496.64,470.13,401.33,545.63
656,OK,73,176,667,667,326.37,478.02,498.81,469.45,404.59,544.57
657,OK,71,172,664,664,320.91,471.18,490.81,461.13,395.62,531.55
658,OK,55,168,659,659,290.67,463.22,459.31,455.25,357.34,526.75
659,OK,36,168,653,653,271.33,462.81,438.24,460.88,329.45,524.25
660,OK,19,181,640,640,251.19,479.88,412.4,466.9,303.87,546.18
661,OK,14,201,629,629,253.86,495.01,412.97,486.67,303.71,570.76
662,OK,14,204,636,636,262.16,493.61,427.52,483.05,326.1,568.42
663,OK,21,200,637,637,276.68,479.87,441.31,478.87,338.58,553.31
664,OK,32,195,640,640,290.96,476.8,456.8,478.56,357.51,549.47
665,OK,40,190,651,651,296.91,487.09,467.39,476.47,378.48,551.43
666,OK,65,186,654,654,326.49,484.26,495.15,468.42,430.91,549.59
667,OK,99,196,641,641,353.22,494.96,514.14,477.17,463.1,555.06
668,OK,133,204,628,628,374.29,493.37,531.83,475.59,496.75,554.71
669,OK,163,214,615,615,394.07,492.62,548.64,481.54,519.79,562.99
670,OK,182,226,605,605,398.62,497.28,552.04,488.61,525.32,580.6
671,OK,187,233,604,604,393.67,502.13,549.09,493.86,517.03,587.96
672,OK,189,237,605,605,394.03,501.51,550.15,492.7,516.67,591.78
673,OK,187,239,608,608,391.61,501.83,548.62,492.53,512.62,597.54
674,OK,187,240,609,609,393.14,500.45,550.41,493.34,512.94,597.3
675,OK,186,240,609,609,391.88,499.45,548.9,495.51,510.28,595.82
676,OK,182,240,608,608,386.15,499.7,542.81,495.51,499.8,591.59
677,OK,180,239,608,608,385.76,500.31,542.29,495.13,500.54,590.08
678,OK,172,235,614,614,378.73,499.35,538.21,493.18,492.63,589.41
679,OK,166,234,618,618,376.31,500.29,536.6,496.69,488.32,592.19
680,OK,158,232,622,622,370.14,498.26,531.45,498.15,475.86,591.25
681,OK,153,234,623,623,367.49,504.5,528.14,503.08,473.44,594.93
682,OK,142,227,636,636,358.37,501.4,525.38,493.63,469.3,591.2
683,OK,136,223,641,641,357.08,501.62,523.24,493.89,466.75,588.15
684,OK,133,223,643,643,357.55,503.79,523.47,496.43,467.04,591.6
685,OK,133,223,642,642,358.92,503.37,524.22,496.52,468.52,590.47
686,OK,133,223,642,642,358.72,503.6,523.93,496.69,468.14,589.85
687,OK,133,223,642,642,358.87,504.39,524.12,496.59,469.46,590.02
688,OK,133,224,642,642,357.85,504.67,523.16,497.12,467.92,591.24
689,OK,131,225,642,642,355.77,505.98,521.22,498.39,464.98,593.3
690,OK,129,224,643,643,354.95,505.03,520.98,497.54,463.36,592.52
691,OK,127,224,645,645,353.69,505.51,520.17,497.74,462.39,593.69
692,OK,127,225,644,644,353.44,506.13,518.81,498.09,462.21,592.58
693,OK,125,224,646,646,352.66,505.56,519.43,497.95,461.38,592.63
694,OK,125,223,646,646,352.74,505.66,518.98,496.72,461.57,591.93
695,OK,126,224,645,645,354.22,505.01,520.2,498.12,461.54,593.63
696,OK,125,223,646,646,352.67,504.85,519.35,497.58,460.59,592.52
697,OK,126,223,644,644,353.64,503.44,519.19,497.0,459.78,591.5
698,OK,127,226,641,641,352.91,510.01,517.25,500.16,459.9,592.46
699,OK,127,225,642,642,354.15,504.75,519.57,497.21,460.72,592.3
700,OK,127,225,642,642,354.91,504.03,520.39,497.26,461.53,593.44
701,OK,124,220,645,645,350.88,498.69,517.46,486.52,459.74,587.95
702,OK,121,216,649,649,350.21,497.71,518.28,488.2,457.5,588.83
703,OK,120,216,649,649,350.47,499.46,517.72,492.21,456.57,587.74
704,OK,118,215,651,651,348.81,498.39,516.83,491.12,454.51,588.52
705,OK,116,214,654,654,347.64,499.23,516.71,489.07,455.8,590.09
706,OK,115,211,656,656,346.49,496.94,515.89,485.38,455.22,584.61
707,OK,115,211,655,655,348.36,496.25,516.75,488.74,454.11,584.69
708,OK,117,213,651,651,348.6,497.42,515.34,487.83,454.63,585.88
709,OK,118,213,649,649,348.2,496.78,514.56,485.39,455.2,584.15
710,OK,119,214,647,647,348.3,497.38,513.92,485.15,455.39,584.28
711,OK,117,213,648,648,346.92,496.5,514.05,484.69,453.4,584.64
712,OK,116,211,649,649,345.68,494.77,512.93,483.42,451.71,580.58
713,OK,113,209,650,650,343.97,494.38,511.68,485.54,446.57,579.35
714,OK,110,208,653,653,341.68,494.86,510.22,484.38,444.61,580.48
715,OK,111,208,651,651,343.84,495.57,510.97,483.76,448.33,578.75
716,OK,112,208,650,650,345.5,495.05,512.76,485.0,449.83,578.48
717,OK,112,208,650,650,344.31,495.39,511.49,484.85,447.85,577.83
718,OK,112,207,651,651,344.47,493.55,512.15,483.57,448.47,578.31
719,OK,114,207,650,650,347.52,491.96,514.45,483.21,451.91,578.0
720,OK,115,208,649,649,348.41,491.71,515.09,484.19,451.38,578.05
721,OK,115,207,650,650,347.86,491.01,515.65,482.93,452.14,578.2
722,OK,114,206,652,652,347.07,491.39,515.59,482.28,452.53,579.74
723,OK,115,206,652,652,347.9,490.47,515.89,482.26,452.65,578.45
724,OK,115,205,652,652,348.06,489.4,516.22,481.86,452.43,578.12
725,OK,116,206,650,650,349.4,490.88,516.5,484.55,452.08,578.11
726,OK,116,207,650,650,348.49,493.1,515.65,484.55,450.29,578.46
727,OK,115,207,650,650,347.44,491.86,514.8,483.63,450.17,576.99
728,OK,116,208,649,649,348.93,492.48,515.9,484.44,452.26,578.59
729,OK,116,206,650,650,348.75,491.63,516.43,483.36,452.76,576.4
730,OK,115,205,652,652,348.35,489.86,516.96,482.86,451.87,578.15
731,OK,114,205,654,654,347.64,491.53,516.29,482.08,452.88,579.28
732,OK,113,204,655,655,346.27,489.95,515.17,480.25,450.83,577.6
733,OK,113,205,653,653,345.14,493.14,512.69,483.25,449.67,578.57
734,OK,113,208,651,651,345.83,495.77,512.8,486.92,448.22,580.02
735,OK,112,209,651,651,345.15,495.64,512.58,486.87,446.47,579.77
736,OK,112,208,651,651,344.84,493.32,512.31,484.67,448.39,578.64
737,OK,111,206,652,652,344.0,492.58,511.94,483.28,447.27,576.02
738,OK,110,205,652,652,342.32,490.25,510.26,480.88,445.19,578.42
739,OK,108,205,653,653,341.38,491.39,509.76,481.75,444.19,579.24
740,OK,108,205,653,653,342.34,491.86,510.56,481.49,446.21,577.67
741,OK,108,205,653,653,342.38,490.76,510.36,481.54,445.56,576.79
742,OK,108,205,653,653,341.36,492.28,509.17,481.29,445.15,577.92
743,OK,107,205,653,653,340.93,495.39,509.12,484.05,444.92,575.05
744,OK,109,205,652,652,343.81,491.92,511.23,482.29,447.82,575.2
745,OK,110,206,651,651,342.2,493.76,509.38,481.61,447.29,577.48
746,OK,110,206,651,651,342.78,492.08,510.15,482.56,446.1,577.46
747,OK,110,206,651,651,342.66,492.96,510.24,481.35,448.19,578.0
748,OK,109,205,652,652,341.46,492.28,509.51,481.66,444.99,579.01
749,OK,110,206,651,651,342.54,492.35,509.91,481.65,446.28,579.08
750,OK,110,205,652,652,343.25,490.8,511.2,480.86,447.36,574.95
751,OK,110,204,652,652,343.75,491.01,511.72,481.8,447.22,575.29
752,OK,110,203,653,653,343.32,489.93,511.61,480.61,447.68,573.77
753,OK,110,203,652,652,343.78,490.25,511.51,482.11,447.11,575.47
754,OK,109,203,653,653,341.8,491.11,510.22,481.66,444.97,575.55
755,OK,108,205,653,653,341.84,498.78,509.95,486.53,444.75,578.3
756,OK,104,201,656,656,337.85,493.33,507.16,478.49,440.93,570.73
757,OK,102,200,656,656,336.68,493.06,505.5,479.86,437.38,569.25
758,OK,102,200,655,655,337.52,493.11,505.49,480.72,437.71,569.55
759,OK,101,202,654,654,335.77,498.32,503.5,484.85,435.49,570.29
760,OK,100,204,653,653,335.31,502.62,502.97,487.84,434.62,572.33
761,OK,100,206,651,651,335.48,503.14,502.33,488.81,432.8,573.5
762,OK,101,208,650,650,335.8,504.13,502.24,488.92,433.62,573.17
763,OK,101,208,651,651,336.23,503.29,503.57,489.27,434.48,572.86
764,OK,101,208,650,650,336.06,503.11,502.8,488.39,434.39,573.91
765,OK,100,203,653,653,334.97,492.91,503.51,478.17,436.5,569.22
766,OK,99,201,655,655,335.05,492.22,503.82,479.09,435.16,570.55
767,OK,99,199,657,657,335.87,492.52,504.98,478.76,436.48,569.87
768,OK,99,198,658,658,336.82,492.64,506.18,479.51,438.35,569.66
769,OK,99,198,658,658,335.96,492.44,505.18,479.27,436.97,570.33
770,OK,99,198,658,658,335.41,493.96,504.18,479.24,436.29,570.81
771,OK,98,197,659,659,335.08,491.66,504.68,478.29,436.37,568.22
772,OK,96,195,662,662,332.19,491.9,502.71,475.71,434.76,569.66
773,OK,85,188,670,670,317.0,493.54,490.51,470.72,424.33,561.84
774,OK,79,188,671,671,316.17,494.34,488.09,472.93,419.85,565.36
775,OK,75,189,672,672,313.61,495.31,485.66,473.19,416.85,568.59
776,OK,72,189,673,673,313.46,494.87,485.73,473.93,416.17,568.55
777,OK,72,189,673,673,314.56,495.02,486.81,473.68,417.7,568.77
778,OK,70,187,675,675,313.55,493.76,486.79,471.38,417.45,566.25
779,OK,71,186,675,675,315.44,493.66,488.38,472.95,419.1,564.49
780,OK,71,185,676,676,315.72,494.82,488.91,473.26,419.68,563.23
781,OK,72,184,676,676,315.89,494.08,489.02,473.09,420.04,561.89
782,OK,71,182,679,679,315.09,493.16,489.32,470.99,421.01,562.48
783,OK,72,182,679,679,316.93,493.31,490.74,471.4,422.58,562.11
784,OK,72,181,680,680,316.76,492.33,490.41,468.26,423.66,563.11
785,OK,74,182,677,677,318.27,492.52,490.59,468.68,424.71,561.32
786,OK,74,182,678,678,317.7,492.73,491.07,470.53,422.58,564.15
787,OK,75,183,677,677,319.01,492.58,492.17,471.09,424.36,565.39
788,OK,76,184,676,676,320.04,493.25,492.95,471.95,425.2,565.49
789,OK,77,186,674,674,320.25,493.46,492.41,473.29,423.49,567.49
790,OK,77,187,674,674,320.15,493.76,492.59,473.3,423.2,567.22
791,OK,78,188,673,673,320.55,494.37,492.65,472.71,425.56,568.19
792,OK,77,189,673,673,319.62,495.53,491.87,474.24,423.17,569.59
793,OK,75,186,675,675,318.48,489.19,492.23,470.67,421.29,565.69
794,OK,74,184,678,678,317.89,490.01,492.07,470.07,421.28,564.99
795,OK,73,182,679,679,316.58,488.51,490.52,468.66,420.57,563.42
796,OK,74,184,677,677,320.33,491.6,493.38,472.95,423.12,566.37
797,OK,75,186,676,676,319.87,493.99,492.74,474.61,423.33,568.75
798,OK,76,187,675,675,320.3,492.28,493.01,475.28,421.83,567.79
799,OK,75,186,675,675,319.22,489.15,492.37,471.88,420.48,567.17
800,OK,75,185,675,675,319.28,488.86,492.14,470.99,419.41,565.78
801,OK,76,185,675,675,320.93,489.11,493.85,471.35,421.25,565.43
802,OK,78,185,673,673,323.85,488.62,496.19,472.42,424.3,564.17
803,OK,78,185,674,674,321.79,490.33,494.78,472.1,422.03,566.2
804,OK,78,185,674,674,323.53,490.35,496.22,472.08,423.26,563.31
805,OK,81,186,673,673,326.93,490.74,499.09,472.65,427.46,564.47
806,OK,86,189,669,669,330.49,490.55,500.97,472.86,433.47,567.46
807,OK,88,189,667,667,330.37,489.01,501.08,472.11,433.31,563.82
808,OK,89,189,666,666,330.48,488.08,501.18,473.07,431.73,562.76
809,OK,88,187,667,667,329.43,486.39,501.0,472.23,429.98,559.76
810,OK,89,187,666,666,329.75,488.16,500.23,472.79,429.95,560.38
811,OK,88,187,667,667,328.46,490.76,499.78,474.4,428.68,562.53
812,OK,88,188,667,667,329.6,492.25,500.74,476.09,430.45,562.5
813,OK,89,188,667,667,330.42,491.61,501.42,476.23,430.34,562.08
814,OK,90,190,666,666,331.09,493.34,501.79,478.42,430.37,564.17
815,OK,92,193,663,663,332.07,494.75,501.64,479.79,431.33,564.85
816,OK,92,191,664,664,331.25,489.14,501.89,473.18,433.84,563.01
817,OK,91,190,664,664,330.77,488.78,501.25,472.27,431.52,562.95
818,OK,90,188,666,666,330.03,486.03,501.93,472.25,430.52,561.76
819,OK,90,187,667,667,330.86,487.42,502.51,472.12,432.3,561.7
820,OK,89,187,668,668,330.37,488.93,501.91,473.5,430.33,563.72
821,OK,88,186,669,669,330.39,486.83,502.44,472.18,431.55,562.58
822,OK,89,186,668,668,330.1,488.85,501.35,472.11,432.29,563.17
823,OK,89,186,668,668,330.18,488.56,501.51,471.91,433.26,562.79
824,OK,89,186,668,668,329.85,486.77,501.61,471.8,431.66,561.36
825,OK,88,184,669,669,328.57,484.2,500.79,470.53,429.87,559.07
826,OK,87,185,669,669,328.51,487.65,500.32,473.47,427.57,560.21
827,OK,86,185,669,669,328.09,489.12,499.66,473.67,427.11,560.49
828,OK,86,187,667,667,327.64,489.19,498.52,473.27,426.7,563.41
829,OK,85,187,668,668,327.21,488.43,498.89,472.23,426.27,562.94
830,OK,85,189,668,668,328.23,494.66,499.76,477.17,427.83,565.09
831,OK,87,193,663,663,329.14,500.76,497.98,486.23,424.7,558.61
832,OK,87,191,665,665,329.27,491.68,500.59,476.98,428.4,563.03
833,OK,85,187,667,667,327.13,486.68,499.08,471.71,425.86,559.74
834,OK,85,186,666,666,327.79,487.45,498.72,471.83,426.67,559.27
835,OK,85,186,667,667,327.22,488.2,498.94,472.63,426.9,560.46
836,OK,85,185,669,669,327.85,487.4,500.01,472.74,427.45,560.4
837,OK,84,185,669,669,327.2,489.66,498.91,473.31,426.49,560.07
838,OK,84,185,669,669,326.15,488.75,497.79,473.07,424.69,558.57
839,OK,83,184,670,670,325.28,484.06,497.5,470.13,425.89,559.72
840,OK,83,183,669,669,325.36,483.47,497.34,471.13,424.09,558.2
841,OK,82,183,669,669,325.41,484.43,497.48,471.28,424.43,559.47
842,OK,81,182,670,670,325.19,482.89,497.75,471.05,423.57,558.87
843,OK,82,183,669,669,325.88,484.4,497.79,471.42,424.74,559.19
844,OK,83,183,669,669,327.6,484.56,499.73,471.81,426.65,559.73
845,OK,83,182,670,670,327.43,484.97,500.11,471.58,427.94,557.58
846,OK,84,182,670,670,328.56,485.06,500.64,472.31,428.0,558.52
847,OK,86,183,668,668,329.58,483.97,500.6,470.42,430.47,556.96
848,OK,88,185,664,664,329.17,485.02,498.89,470.66,429.23,556.34
849,OK,90,186,662,662,329.58,485.63,499.17,469.94,429.96,556.29
850,OK,91,186,662,662,330.77,484.63,500.84,468.86,432.32,557.27
851,OK,92,186,662,662,331.84,485.26,501.67,468.87,432.73,557.15
852,OK,93,186,661,661,332.73,484.52,502.43,469.24,431.63,556.95
853,OK,93,186,661,661,333.47,483.73,503.3,470.05,430.9,556.29
854,OK,94,189,659,659,335.75,490.82,505.05,480.96,429.43,560.11
855,OK,97,192,657,657,337.73,491.13,506.17,482.25,432.07,558.47
856,OK,96,192,659,659,335.46,489.95,505.47,479.13,431.0,559.8
857,OK,97,193,657,657,336.67,491.06,505.33,479.87,431.3,561.07
858,OK,94,188,660,660,330.68,484.75,501.03,469.03,430.75,556.85
859,OK,92,187,662,662,330.96,485.47,501.5,470.33,431.33,559.28
860,OK,91,186,664,664,331.09,485.81,501.93,470.3,430.75,559.57
861,OK,90,186,665,665,331.05,485.15,502.01,470.65,430.91,560.28
862,OK,90,186,665,665,331.33,484.27,502.16,470.79,430.96,560.64
863,OK,90,185,665,665,331.69,483.92,502.76,472.48,429.63,558.69
864,OK,92,187,663,663,334.34,489.49,504.21,475.59,432.48,561.4
865,OK,93,188,663,663,332.37,491.33,502.19,474.45,433.37,560.18
866,OK,94,190,662,662,332.79,491.71,502.37,475.68,434.14,561.38
867,OK,93,190,662,662,331.6,491.09,501.35,475.68,432.24,561.03
868,OK,92,189,664,664,331.44,488.71,502.48,475.38,431.74,560.01
869,OK,91,189,664,664,330.84,491.33,501.21,476.8,429.81,561.08
870,OK,91,190,663,663,331.14,492.32,501.15,477.79,430.72,562.43
871,OK,91,191,663,663,331.07,492.56,501.44,477.48,430.86,563.25
872,OK,90,190,665,665,330.05,492.86,501.05,476.71,430.15,562.53
873,OK,90,190,665,665,330.98,492.51,501.75,476.89,430.61,562.1
874,OK,91,192,664,664,331.6,493.98,501.55,478.19,431.69,564.75
875,OK,92,193,663,663,332.81,493.61,502.6,477.93,432.54,565.27
876,OK,91,188,666,666,329.88,484.08,501.4,467.9,433.96,559.77
877,OK,91,187,666,666,330.3,484.93,501.4,469.52,433.31,562.64
878,OK,90,186,667,667,330.12,486.58,501.29,470.26,433.51,561.84
879,OK,93,192,661,661,333.84,494.74,502.48,483.54,430.53,563.16
880,OK,92,192,662,662,331.77,492.45,502.34,478.63,430.85,564.54
881,OK,92,192,663,663,332.41,492.75,503.03,478.63,430.9,564.98
882,OK,93,193,663,663,334.33,492.95,504.61,479.79,433.58,565.8
883,OK,94,195,663,663,335.51,496.5,505.65,481.67,435.15,567.92
884,OK,95,196,663,663,335.12,496.14,505.17,480.75,435.47,567.87
885,OK,95,196,663,663,335.07,496.05,505.03,480.45,435.16,567.74
886,OK,95,196,663,663,335.15,495.17,505.35,480.63,434.22,566.16
887,OK,95,195,662,662,334.95,494.35,504.81,479.49,433.08,565.39
888,OK,96,194,661,661,335.88,491.96,505.63,477.23,435.45,565.19
889,OK,95,193,663,663,335.15,492.34,505.86,478.44,433.99,565.91
890,OK,95,193,662,662,334.92,494.06,504.7,477.89,434.02,565.71
891,OK,94,192,663,663,335.12,491.42,505.79,478.1,433.4,564.4
892,OK,94,193,662,662,334.07,493.09,504.07,478.2,433.27,565.08
893,OK,94,193,662,662,333.18,494.12,503.14,478.64,433.62,565.48
894,OK,96,195,660,660,334.94,494.18,504.25,480.39,434.69,565.95
895,OK,95,195,661,661,333.8,494.35,503.77,479.42,433.94,565.43
896,OK,95,194,661,661,334.44,493.2,504.49,479.89,433.18,565.39
897,OK,96,195,660,660,335.3,494.02,504.81,480.45,434.5,566.18
898,OK,95,194,661,661,333.92,492.85,504.25,479.4,433.3,565.16
899,OK,94,194,661,661,334.26,492.73,504.28,479.8,432.47,563.98
900,OK,92,189,663,663,331.96,483.81,503.14,471.0,431.17,559.35
901,OK,90,186,665,665,331.0,484.67,502.36,469.78,431.31,559.03
902,OK,91,189,665,665,334.74,491.86,505.69,480.74,430.39,563.75
903,OK,92,191,662,662,335.69,490.7,505.38,481.45,429.2,563.5
904,OK,94,192,660,660,337.19,490.7,506.65,482.86,431.17,559.66
905,OK,96,193,659,659,337.79,490.75,507.03,482.03,432.87,561.79
906,OK,95,190,661,661,334.36,482.86,504.68,470.97,432.68,559.13
907,OK,96,189,659,659,336.72,483.42,505.74,471.02,433.68,558.87
908,OK,96,188,660,660,336.4,482.37,506.28,470.69,433.21,560.7
909,OK,100,193,655,655,341.17,488.78,508.34,480.29,433.93,565.38
910,OK,102,196,652,652,341.58,488.52,508.76,479.57,436.06,564.32
911,OK,103,197,651,651,341.57,489.32,508.8,480.25,436.2,564.67
912,OK,99,192,656,656,335.8,480.87,505.82,469.53,433.55,562.89
913,OK,98,190,657,657,336.75,480.4,505.89,469.84,432.55,561.69
914,OK,101,194,654,654,341.29,488.21,508.88,480.4,434.65,562.22
915,OK,102,196,652,652,341.13,489.35,508.3,481.48,433.71,563.25
916,OK,103,197,651,651,340.8,491.63,508.24,481.22,435.05,561.67
917,OK,104,198,651,651,341.45,492.61,508.76,482.03,436.35,563.3
918,OK,103,198,652,652,340.59,491.15,508.47,481.87,435.19,563.53
919,OK,102,197,653,653,340.05,490.63,508.27,480.96,434.85,562.07
920,OK,101,196,654,654,339.19,490.08,507.66,479.59,434.49,562.72
921,OK,102,197,653,653,340.21,490.99,507.82,481.47,434.51,562.82
922,OK,101,196,654,654,338.89,490.35,507.57,480.28,434.49,562.43
923,OK,101,197,653,653,339.65,490.59,507.61,480.64,433.83,564.8
924,OK,101,196,655,655,338.76,489.84,507.65,480.61,435.2,564.12
925,OK,100,196,656,656,338.36,491.81,507.51,481.63,434.55,565.17
926,OK,100,198,654,654,337.48,497.74,505.45,487.83,432.4,560.5
927,OK,98,194,658,658,337.57,485.25,507.92,477.02,434.41,561.15
928,OK,95,189,662,662,334.42,482.62,505.63,472.06,431.75,560.35
929,OK,93,187,664,664,334.19,483.44,505.55,472.18,431.85,560.91
930,OK,96,192,660,660,338.63,488.54,507.4,480.76,432.09,565.59
931,OK,97,193,659,659,337.64,489.8,507.03,481.24,432.88,564.19
932,OK,98,194,658,658,338.53,488.29,507.63,480.53,432.82,561.86
933,OK,97,194,658,658,337.11,490.25,506.61,479.91,432.12,562.8
934,OK,97,194,657,657,337.81,489.83,506.53,480.93,431.38,562.45
935,OK,98,195,655,655,338.63,489.97,506.86,481.16,432.73,563.62
936,OK,96,194,657,657,335.9,490.44,505.71,481.07,431.1,562.18
937,OK,91,188,664,664,329.9,483.59,502.3,470.02,427.13,557.78
938,OK,90,186,665,665,330.73,483.62,501.75,469.64,429.19,559.29
939,OK,89,183,667,667,331.13,482.95,503.21,468.6,430.6,556.77
940,OK,91,185,665,665,334.76,488.58,505.3,475.49,430.91,559.94
941,OK,93,188,663,663,335.83,489.53,505.65,476.16,432.06,560.34
942,OK,95,190,661,661,337.03,489.99,506.3,477.97,432.54,561.08
943,OK,96,192,659,659,337.43,490.55,506.69,480.27,432.09,562.22
944,OK,97,193,659,659,337.93,491.61,507.43,480.93,434.8,562.56
945,OK,98,194,658,658,338.38,490.27,507.41,480.58,432.65,562.56
946,OK,98,194,658,658,338.6,490.52,507.71,480.91,434.37,561.76
947,OK,98,195,657,657,338.46,491.16,507.07,480.59,433.18,562.75
948,OK,98,195,657,657,337.73,492.3,506.6,480.22,433.71,563.47
949,OK,99,196,656,656,337.77,492.21,506.15,480.77,432.37,562.11
950,OK,100,196,655,655,339.45,490.9,507.68,481.11,433.2,562.72
951,OK,100,195,655,655,339.18,489.76,507.64,480.35,432.84,559.14
952,OK,100,196,655,655,338.54,491.98,506.96,480.86,434.03,561.66
953,OK,100,196,655,655,339.0,490.94,507.52,480.83,434.07,560.61
954,OK,100,196,655,655,339.57,490.98,507.98,481.4,434.17,561.23
955,OK,100,196,654,654,338.25,492.67,506.35,481.58,432.74,559.78
956,OK,100,196,654,654,338.4,490.93,506.89,481.01,433.05,560.85
957,OK,100,196,654,654,338.58,491.42,506.92,480.5,433.44,560.98
958,OK,96,190,659,659,334.14,483.39,504.96,470.0,432.1,557.14
959,OK,98,191,657,657,338.83,489.35,507.62,484.24,433.62,555.34
960,OK,95,186,662,662,334.68,482.63,506.43,471.49,432.94,556.34
961,OK,95,188,662,662,335.48,490.23,505.68,477.81,431.49,561.58
962,OK,95,190,661,661,334.98,491.47,504.89,478.9,432.38,561.32
963,OK,94,189,662,662,333.87,487.07,504.17,474.82,430.83,557.55
964,OK,92,185,665,665,331.57,482.91,503.22,467.91,432.06,555.11
965,OK,90,182,668,668,330.31,483.43,502.32,466.18,431.12,555.71
966,OK,89,181,669,669,331.51,481.75,503.81,468.49,429.48,555.08
967,OK,92,186,665,665,336.42,489.33,506.63,478.93,431.43,560.73
968,OK,95,189,661,661,337.59,488.42,506.76,479.07,432.15,558.46
969,OK,97,190,659,659,338.66,488.94,507.84,479.54,433.08,558.89
970,OK,98,191,658,658,339.5,488.3,508.73,479.82,434.1,560.23
971,OK,99,192,657,657,340.12,488.71,509.16,480.93,434.66,560.39
972,OK,101,195,655,655,341.1,490.32,509.14,480.93,435.62,562.56
973,OK,102,195,655,655,341.09,489.8,509.51,481.16,434.72,561.23
974,OK,104,197,651,651,343.21,489.35,510.08,481.86,435.33,561.53
975,OK,104,198,650,650,342.58,490.26,509.81,482.58,435.01,562.28
976,OK,105,200,648,648,342.44,492.47,508.73,483.03,434.95,563.77
977,OK,105,201,647,647,342.33,492.85,508.48,482.93,434.36,562.8
978,OK,99,194,656,656,338.34,486.06,509.75,479.77,429.61,557.24
979,OK,96,192,659,659,335.58,489.06,505.81,478.85,427.47,560.55
980,OK,92,190,662,662,333.01,486.52,504.07,476.26,425.32,559.27
981,OK,91,190,662,662,333.41,487.68,503.92,476.89,425.36,560.29
982,OK,91,190,662,662,334.53,487.11,504.85,478.19,425.81,560.52
983,OK,92,191,660,660,334.8,489.45,504.39,480.39,424.88,560.86
984,OK,92,191,660,660,334.17,489.27,504.16,479.92,425.02,561.34
985,OK,91,190,663,663,333.6,488.73,504.73,478.22,426.99,561.12
986,OK,90,189,664,664,333.69,488.49,505.01,477.38,427.3,561.86
987,OK,91,190,663,663,335.06,489.44,505.39,479.58,426.89,563.37
988,OK,89,189,665,665,333.21,488.63,504.87,478.25,425.99,562.05
989,OK,90,190,664,664,334.94,488.36,505.61,480.12,426.55,561.91
990,OK,89,189,666,666,333.57,488.51,505.3,478.26,426.5,561.45
991,OK,90,189,665,665,334.62,487.65,505.52,479.99,426.29,560.37
992,OK,90,190,663,663,334.0,488.03,504.4,479.33,426.13,560.87
993,OK,89,187,664,664,329.79,482.66,500.62,469.41,425.17,556.01
994,OK,87,185,665,665,329.35,482.03,500.53,469.39,425.01,557.25
995,OK,88,186,664,664,332.11,488.33,502.74,478.07,425.87,558.79
996,OK,88,187,664,664,331.37,488.77,502.42,478.6,424.82,560.17
997,OK,86,185,665,665,329.11,482.17,500.17,469.93,423.35,558.44
998,OK,85,184,666,666,328.3,482.62,499.96,470.04,424.72,558.96
999,OK,85,183,667,667,328.73,482.54,500.44,469.89,425.14,557.66
1000,OK,86,183,667,667,329.87,483.26,501.2,470.72,425.2,558.16
1001,OK,87,185,667,667,332.14,487.71,503.99,478.73,426.2,561.46
1002,OK,87,186,667,667,332.49,488.32,504.07,477.01,426.93,562.1
1003,OK,88,187,667,667,332.29,488.78,503.78,477.06,426.74,561.87
1004,OK,89,188,665,665,333.24,489.36,503.9,477.94,427.84,561.9
1005,OK,88,187,665,665,331.16,486.14,502.06,474.47,424.93,557.92
1006,OK,87,184,666,666,329.01,482.24,500.53,467.87,426.79,556.95
1007,OK,87,184,666,666,330.53,483.74,501.62,470.44,427.15,559.3
1008,OK,86,183,666,666,329.64,483.56,500.85,470.71,424.69,556.22
1009,OK,87,184,666,666,330.64,483.83,501.83,470.55,426.57,558.88
1010,OK,88,184,665,665,331.33,482.96,502.36,472.01,425.64,558.37
1011,OK,89,186,665,665,333.87,487.34,504.87,478.54,427.71,559.99
1012,OK,90,187,663,663,333.8,486.93,504.06,477.37,426.59,559.6
1013,OK,91,188,663,663,333.89,487.69,504.44,478.23,427.67,558.49
1014,OK,91,189,662,662,334.47,488.68,504.66,478.4,428.06,560.14
1015,OK,92,190,661,661,334.72,488.1,504.47,478.38,426.84,559.07
1016,OK,93,190,660,660,334.87,488.88,504.35,479.6,427.9,557.47
1017,OK,93,190,660,660,335.16,488.27,504.98,479.47,427.65,556.56
1018,OK,94,192,658,658,336.32,490.15,505.08,481.94,427.42,558.18
1019,OK,95,192,657,657,336.22,489.06,505.36,480.92,427.41,556.1
1020,OK,96,192,656,656,336.69,490.94,505.39,481.65,429.02,557.46
1021,OK,95,192,657,657,335.27,491.97,504.58,481.28,428.06,559.11
1022,OK,93,192,659,659,334.49,491.86,504.39,481.2,426.54,559.28
1023,OK,94,193,658,658,335.77,492.74,504.93,481.78,429.79,560.57
1024,OK,95,193,656,656,336.53,491.2,505.04,481.64,429.07,556.61
1025,OK,95,193,656,656,336.77,490.79,505.45,481.89,428.24,557.07
1026,OK,96,194,654,654,338.75,488.32,506.76,482.13,427.19,557.06
1027,OK,96,193,655,655,338.23,487.98,507.41,480.87,428.1,556.05
1028,OK,96,192,655,655,337.88,487.49,506.82,480.12,427.73,554.79
1029,OK,98,193,653,653,339.63,488.45,507.49,482.13,428.88,555.44
1030,OK,98,192,654,654,338.86,491.43,507.52,485.72,428.31,551.11
1031,OK,97,192,654,654,336.98,489.45,505.54,479.92,428.2,556.02
1032,OK,97,192,654,654,338.54,488.15,507.15,480.76,427.62,555.68
1033,OK,97,193,654,654,339.04,489.25,507.22,481.3,428.55,556.74
1034,OK,98,194,653,653,339.08,490.83,507.08,481.82,428.98,557.62
1035,OK,98,193,654,654,339.33,488.61,508.01,480.2,429.99,557.81
1036,OK,98,193,654,654,339.12,487.72,507.79,480.46,429.18,557.13
1037,OK,98,192,655,655,339.06,487.72,508.18,480.41,429.14,556.75
1038,OK,98,192,655,655,339.23,486.77,508.14,480.0,429.81,559.89
1039,OK,98,192,655,655,339.91,485.83,508.89,480.59,429.68,559.0
1040,OK,99,193,655,655,341.1,486.59,509.77,481.61,429.41,558.56
1041,OK,99,193,656,656,340.25,486.11,509.31,481.5,429.22,559.21
1042,OK,98,193,656,656,339.72,488.17,508.75,481.85,429.68,560.61
1043,OK,98,193,656,656,339.64,486.41,508.41,480.73,428.16,559.39
1044,OK,98,193,656,656,339.77,487.94,508.85,480.71,429.91,560.91
1045,OK,100,195,654,654,340.85,488.07,508.9,481.61,431.91,561.5
1046,OK,98,191,656,656,337.52,481.96,506.88,471.56,431.01,558.07
1047,OK,97,189,658,658,336.82,482.39,506.65,470.53,431.04,560.34
1048,OK,97,189,658,658,338.44,482.36,507.64,470.39,432.55,561.04
1049,OK,98,189,658,658,339.39,483.39,508.48,471.97,432.68,561.7
1050,OK,98,190,657,657,339.08,482.13,507.83,471.44,432.49,561.7
1051,OK,97,189,658,658,338.08,483.09,507.53,470.66,432.51,561.77
1052,OK,97,189,658,658,339.1,482.97,508.61,473.14,431.57,560.95
1053,OK,100,193,654,654,341.87,484.75,509.2,477.39,431.71,563.5
1054,OK,102,194,652,652,344.08,483.19,511.38,477.82,432.43,560.65
1055,OK,104,195,650,650,343.39,484.46,510.26,477.34,433.46,560.48
1056,OK,108,201,643,643,346.71,493.42,510.36,489.24,433.97,560.09
1057,OK,107,200,645,645,343.12,491.62,509.75,482.59,434.18,561.94
1058,OK,104,197,649,649,339.08,485.43,506.87,474.55,432.05,561.89
1059,OK,101,194,653,653,338.97,484.86,507.91,475.21,431.24,561.1
1060,OK,100,193,654,654,339.89,484.62,508.33,475.46,431.71,560.81
1061,OK,101,194,653,653,340.18,486.44,507.91,477.12,432.45,562.73
1062,OK,100,193,654,654,338.92,485.52,507.6,476.44,431.01,561.69
1063,OK,100,192,655,655,339.53,484.62,508.35,474.76,432.78,562.14
1064,OK,100,192,654,654,340.34,484.25,508.7,475.59,432.35,561.82
1065,OK,102,195,651,651,341.87,490.36,508.83,482.46,432.28,561.39
1066,OK,103,197,650,650,342.2,489.14,509.39,483.32,431.11,560.01
1067,OK,104,198,649,649,343.08,489.04,509.86,483.56,432.01,561.37
1068,OK,104,199,649,649,342.63,489.99,509.58,483.5,433.12,562.09
1069,OK,94,183,654,654,331.26,465.6,501.25,460.78,413.71,531.83
1070,OK,81,162,656,656,319.53,445.82,489.12,438.86,391.55,498.77
1071,OK,73,147,658,658,320.62,437.05,490.56,440.61,385.67,485.44
1072,OK,72,144,651,651,322.12,435.33,487.84,440.66,381.83,491.37
1073,OK,74,134,655,655,335.59,426.02,504.87,441.04,393.69,475.87
1074,OK,80,130,657,657,346.13,422.12,514.94,443.15,403.95,482.12
1075,OK,89,129,659,659,357.63,420.87,525.92,446.99,415.11,485.33
1076,OK,95,134,656,656,358.55,426.18,524.88,450.55,415.87,492.41
1077,OK,96,134,655,655,353.18,422.82,520.1,445.61,412.49,489.08
1078,OK,94,136,653,653,347.16,426.68,513.98,445.78,405.64,492.46
1079,OK,92,137,653,653,346.72,425.09,513.74,445.83,403.25,493.84
1080,OK,91,137,653,653,345.88,426.12,513.17,443.4,405.53,493.48
1081,OK,90,138,652,652,344.61,429.02,511.64,445.55,405.11,494.04
1082,OK,89,138,653,653,344.28,433.3,511.75,450.42,404.17,491.14
1083,OK,88,137,654,654,343.89,432.15,512.01,448.9,404.21,489.54
1084,OK,86,135,657,657,342.75,431.34,511.85,449.93,401.04,489.33
1085,OK,90,138,656,656,348.91,436.09,516.99,449.7,412.96,495.55
1086,OK,96,146,655,655,355.69,444.86,523.26,462.34,422.07,510.55
1087,OK,113,159,654,654,371.48,469.07,540.0,473.53,459.2,529.52
1088,OK,140,171,649,649,394.88,471.16,560.82,476.48,501.95,537.37
1089,OK,161,178,641,641,403.9,469.35,566.8,473.34,513.54,531.78
1090,OK,180,180,634,634,413.05,470.6,574.68,465.56,532.98,525.76
1091,OK,194,186,627,627,417.55,473.05,577.18,465.17,541.18,537.72
1092,OK,194,192,629,629,411.92,479.02,574.74,477.55,529.51,549.72
1093,OK,187,193,636,636,402.93,478.09,568.65,477.17,519.21,555.37
1094,OK,181,195,639,639,399.58,478.38,565.22,477.18,513.41,558.9
1095,OK,178,196,641,641,399.81,478.43,565.43,478.86,511.6,557.53
1096,OK,176,197,641,641,400.27,478.81,565.54,481.91,509.94,558.15
1097,OK,170,194,646,646,394.34,479.46,562.12,479.99,503.38,555.58
1098,OK,154,188,653,653,374.36,478.78,544.32,471.36,480.19,550.92
1099,OK,141,187,651,651,360.09,481.04,526.92,471.63,460.73,545.67
1100,OK,126,189,648,648,344.55,482.86,510.32,470.74,439.27,552.18
1101,OK,115,192,647,647,340.54,490.81,506.55,478.62,433.8,552.86
1102,OK,103,184,651,651,329.14,479.91,496.87,462.27,426.22,535.08
1103,OK,91,180,655,655,320.28,484.99,488.99,464.41,416.86,539.86
1104,OK,80,179,660,660,311.36,489.77,481.28,466.37,408.2,547.88
1105,OK,71,181,662,662,305.81,491.86,474.8,465.39,399.22,551.42
1106,OK,68,183,661,661,307.18,493.38,475.37,468.23,399.36,551.09
1107,OK,67,182,662,662,308.81,491.44,477.95,467.14,402.39,548.5
1108,OK,68,181,663,663,310.88,488.66,480.45,465.77,406.87,548.64
1109,OK,70,180,662,662,314.64,483.33,484.12,465.16,409.73,546.24
1110,OK,73,180,661,661,318.04,482.93,487.52,465.85,413.09,546.19
1111,OK,76,179,660,660,319.73,481.88,488.98,464.64,414.76,544.13
1112,OK,76,180,662,662,319.37,491.77,489.77,473.77,412.13,543.88
1113,OK,77,180,662,662,319.74,487.28,489.48,471.51,414.54,546.2
1114,OK,79,181,660,660,320.38,486.47,489.5,470.78,415.36,544.88
1115,OK,81,182,658,658,322.2,486.6,490.83,471.95,416.64,543.91
1116,OK,81,182,659,659,322.3,487.82,491.86,471.48,418.41,546.28
1117,OK,81,181,660,660,322.52,486.42,492.45,472.64,418.3,544.52
1118,OK,81,182,659,659,321.91,487.11,490.8,470.87,416.59,546.21
1119,OK,82,182,658,658,322.8,483.0,491.32,468.55,416.12,546.8
1120,OK,80,180,659,659,320.32,481.69,489.68,465.66,414.49,544.46
1121,OK,80,179,659,659,321.2,483.56,490.25,465.76,415.07,545.05
1122,OK,80,178,659,659,320.46,482.08,489.5,465.06,415.61,542.64
1123,OK,80,178,659,659,321.19,482.19,490.11,464.35,415.24,544.33
1124,OK,80,178,659,659,320.94,480.31,489.81,463.58,413.88,543.11
1125,OK,80,181,658,658,321.28,486.69,490.02,472.97,413.42,545.59
1126,OK,80,183,656,656,320.89,487.5,489.1,473.0,412.87,546.2
1127,OK,80,184,656,656,320.95,486.9,489.54,473.11,411.67,546.75
1128,OK,79,182,658,658,320.93,484.59,490.63,471.89,413.44,545.32
1129,OK,80,182,657,657,321.79,484.23,490.5,471.99,414.1,545.46
1130,OK,80,182,657,657,321.27,484.32,490.28,470.83,415.26,544.63
1131,OK,80,182,657,657,322.16,485.78,491.05,471.48,415.16,546.24
1132,OK,81,182,657,657,322.91,484.87,491.76,471.08,416.4,544.56
1133,OK,83,183,656,656,323.66,485.04,491.73,470.89,417.28,544.29
1134,OK,83,182,658,658,322.76,485.77,492.04,470.37,418.61,547.01
1135,OK,85,184,656,656,326.17,486.37,494.03,471.91,421.02,548.59
1136,OK,86,184,655,655,325.81,485.27,493.83,470.95,420.44,547.29
1137,OK,86,184,656,656,325.45,484.68,494.14,470.26,421.0,548.39
1138,OK,87,183,656,656,326.71,482.8,495.07,469.76,421.2,547.28
1139,OK,87,182,656,656,327.14,481.89,495.66,469.34,420.9,543.55
1140,OK,89,183,654,654,330.19,482.56,497.67,471.02,424.03,544.41
1141,OK,92,183,652,652,332.49,482.03,499.46,469.93,425.05,542.47
1142,OK,93,182,652,652,331.73,482.06,499.13,469.16,424.81,540.72
1143,OK,95,184,649,649,332.12,483.16,498.41,470.58,424.98,543.75
1144,OK,94,184,649,649,330.8,482.75,497.82,470.44,423.86,543.08
1145,OK,94,184,649,649,331.38,483.77,498.34,472.52,424.39,542.6
1146,OK,94,185,649,649,331.91,485.75,498.63,473.38,424.52,541.77
1147,OK,95,185,649,649,332.8,485.24,499.52,472.55,426.47,542.66
1148,OK,92,184,652,652,329.94,485.89,498.19,472.89,421.7,543.43
1149,OK,91,184,653,653,330.96,485.41,499.05,473.07,422.67,544.26
1150,OK,91,184,654,654,329.76,485.57,498.14,473.67,422.18,544.31
1151,OK,91,184,653,653,329.2,484.55,497.08,472.62,421.86,544.95
1152,OK,90,184,653,653,329.15,484.49,497.27,472.8,422.14,544.63
1153,OK,89,184,654,654,327.36,485.41,495.91,473.23,421.08,545.7
1154,OK,87,183,656,656,326.23,485.99,495.1,472.71,421.23,544.97
1155,OK,87,184,655,655,326.66,487.63,494.65,473.57,420.24,547.33
1156,OK,87,185,654,654,326.65,487.55,494.44,473.59,420.07,548.68
1157,OK,87,185,655,655,326.31,487.95,494.64,473.89,420.25,547.63
1158,OK,88,186,654,654,327.59,487.64,495.4,473.96,421.33,548.95
1159,OK,86,185,656,656,325.82,488.06,494.74,473.7,419.41,546.72
1160,OK,87,185,656,656,327.35,487.04,495.95,473.82,420.74,547.95
1161,OK,86,184,656,656,326.1,485.75,494.85,472.98,419.03,545.48
1162,OK,87,185,656,656,327.88,486.2,496.58,473.56,421.49,548.48
1163,OK,87,185,656,656,326.5,486.34,495.3,472.75,420.5,547.21
1164,OK,87,185,656,656,327.2,486.04,495.98,473.56,422.23,548.06
1165,OK,87,185,656,656,327.69,486.65,496.48,474.02,420.96,548.3
1166,OK,88,186,656,656,328.26,487.73,497.07,475.21,421.83,548.78
1167,OK,88,186,657,657,327.84,487.66,497.24,475.81,422.27,550.16
1168,OK,88,185,657,657,328.61,486.98,497.65,475.43,422.11,548.52
1169,OK,88,184,658,658,327.77,486.79,496.93,473.54,422.54,547.68
1170,OK,88,184,658,658,327.88,487.15,496.9,473.88,421.75,547.86
1171,OK,87,184,658,658,327.44,487.97,496.26,473.57,421.39,548.7
1172,OK,87,184,658,658,327.99,487.61,497.06,474.12,422.88,548.26
1173,OK,87,184,658,658,327.25,487.3,496.55,474.0,421.39,547.73
1174,OK,87,183,658,658,327.02,487.37,495.79,472.37,421.42,545.57
1175,OK,87,183,657,657,327.76,485.82,496.55,473.22,420.77,546.16
1176,OK,87,184,657,657,327.94,487.59,496.44,473.2,421.8,547.17
1177,OK,87,184,656,656,327.35,487.05,495.71,473.08,421.31,547.46
1178,OK,87,184,656,656,327.43,487.15,496.0,472.54,420.79,546.65
1179,OK,87,183,656,656,327.64,484.93,496.06,472.31,420.96,544.8
1180,OK,88,183,656,656,328.83,483.95,497.6,472.34,423.23,544.22
1181,OK,89,184,655,655,329.34,486.03,497.26,472.96,421.9,546.76
1182,OK,90,184,654,654,331.27,486.77,499.27,473.87,422.67,545.09
1183,OK,91,184,654,654,331.92,486.77,500.12,473.7,423.77,543.98
1184,OK,93,185,652,652,333.34,486.44,500.58,473.66,424.58,542.75
1185,OK,95,186,650,650,334.3,486.24,500.68,472.82,426.36,543.35
1186,OK,96,185,650,650,333.96,483.29,500.96,469.78,427.24,542.22
1187,OK,94,180,653,653,332.4,478.05,500.69,462.41,425.55,538.1
1188,OK,93,177,654,654,331.78,477.48,500.04,461.95,425.19,537.81
1189,OK,93,176,654,654,332.1,477.13,499.95,461.39,425.01,538.31
1190,OK,93,176,655,655,331.85,478.55,500.19,462.48,426.29,538.88
1191,OK,93,176,655,655,331.87,477.59,499.9,462.45,424.12,538.73
1192,OK,95,179,654,654,334.52,483.36,502.0,468.66,428.63,543.92
1193,OK,93,178,655,655,332.03,477.87,500.83,464.77,424.8,539.55
1194,OK,92,177,657,657,331.27,478.32,500.4,463.51,424.75,540.01
1195,OK,92,177,657,657,332.4,479.19,500.9,464.09,426.09,540.78
1196,OK,93,178,655,655,333.3,479.05,501.1,464.83,426.68,543.86
1197,OK,92,178,655,655,332.0,479.36,500.27,464.19,425.32,542.59
1198,OK,95,184,651,651,334.97,486.82,501.49,474.01,425.79,548.16
1199,OK,98,188,647,647,336.02,486.21,501.24,473.24,426.98,547.64
1200,OK,98,189,647,647,334.21,487.9,500.61,473.91,426.86,548.51
1201,OK,97,187,651,651,334.91,491.07,503.02,477.58,427.12,540.19
1202,OK,97,188,649,649,335.25,488.48,501.44,474.05,427.01,548.04
1203,OK,98,188,648,648,334.75,487.43,501.01,472.27,428.23,547.35
1204,OK,98,188,648,648,334.27,488.15,500.71,472.67,427.88,546.6
1205,OK,98,188,648,648,333.8,487.72,500.3,472.5,426.98,544.37
1206,OK,97,188,648,648,334.51,488.28,500.8,474.47,426.13,545.55
1207,OK,97,187,649,649,334.08,487.62,501.32,474.11,426.84,543.68
1208,OK,97,187,648,648,334.61,487.91,500.99,474.48,426.77,544.74
1209,OK,95,185,650,650,331.72,485.69,499.33,471.04,424.8,542.69
1210,OK,94,184,651,651,332.44,486.01,500.03,472.56,424.97,540.77
1211,OK,94,184,652,652,331.57,486.7,499.0,471.73,425.06,541.94
1212,OK,93,183,653,653,331.82,485.56,499.62,472.01,424.1,539.35
1213,OK,93,184,653,653,332.54,486.58,500.21,473.01,425.14,543.09
1214,OK,93,184,653,653,332.04,486.77,499.92,472.82,425.94,543.3
1215,OK,94,185,652,652,332.61,486.87,499.68,472.43,425.06,543.19
1216,OK,94,184,652,652,332.46,485.77,499.91,472.23,425.71,542.07
1217,OK,94,184,652,652,332.39,486.32,499.86,472.26,425.44,542.13
1218,OK,95,184,651,651,332.96,486.59,499.99,472.32,426.52,540.66
1219,OK,96,185,649,649,334.78,487.3,501.35,475.39,425.96,541.91
1220,OK,94,181,652,652,330.69,479.57,499.04,463.93,425.23,539.43
1221,OK,92,178,654,654,329.14,478.9,497.41,461.99,423.45,539.05
1222,OK,91,177,654,654,329.62,478.4,497.63,462.33,423.19,538.5
1223,OK,89,175,657,657,328.16,476.93,497.41,459.13,423.41,538.02
1224,OK,89,174,658,658,329.34,477.62,498.48,460.28,424.6,538.46
1225,OK,87,171,661,661,326.85,475.82,496.79,454.89,424.23,537.34
1226,OK,86,170,661,661,325.72,475.15,494.63,452.61,422.97,538.55
1227,OK,86,169,662,662,325.85,474.66,495.09,451.79,425.05,538.34
1228,OK,85,168,663,663,325.25,474.22,494.93,451.52,423.97,538.18
1229,OK,86,169,662,662,326.71,474.48,495.52,452.81,424.7,538.79
1230,OK,86,169,662,662,326.72,475.23,495.93,452.79,425.68,538.42
1231,OK,87,169,662,662,328.0,474.54,497.5,454.91,425.31,538.92
1232,OK,89,173,658,658,329.65,479.07,497.5,462.56,423.18,538.5
1233,OK,89,174,657,657,329.62,478.4,498.08,462.35,422.99,537.51
1234,OK,90,175,656,656,330.91,478.17,498.87,461.22,424.91,538.83
1235,OK,91,176,656,656,331.87,478.18,500.17,462.71,426.36,540.17
1236,OK,91,176,657,657,331.37,478.54,500.21,463.13,425.37,542.55
1237,OK,91,176,658,658,331.55,479.81,500.38,462.89,426.82,541.34
1238,OK,91,176,657,657,331.75,479.21,499.82,462.33,425.86,539.95
1239,OK,91,176,656,656,331.91,478.95,499.96,462.1,425.38,539.43
1240,OK,91,176,656,656,332.04,477.54,500.69,462.93,424.52,539.6
1241,OK,92,176,656,656,332.61,478.12,501.16,462.18,426.7,539.17
1242,OK,91,175,658,658,331.44,478.76,500.57,462.32,424.19,538.99
1243,OK,91,175,658,658,332.15,477.7,501.2,461.76,425.61,539.88
1244,OK,92,175,657,657,332.66,477.36,501.07,462.19,425.82,539.57
1245,OK,92,176,657,657,333.05,478.0,501.73,463.28,425.3,540.28
1246,OK,91,175,658,658,331.97,477.91,501.15,462.0,425.64,540.68
1247,OK,92,176,656,656,332.89,477.58,501.02,463.53,425.36,539.13
1248,OK,92,176,657,657,332.63,478.15,501.43,463.63,425.88,539.65
1249,OK,95,180,652,652,335.98,482.73,502.24,469.35,428.0,542.15
1250,OK,96,181,652,652,335.98,480.99,503.48,469.64,427.9,540.76
1251,OK,96,181,651,651,335.36,480.89,502.34,468.42,426.82,540.83
1252,OK,97,182,651,651,335.78,481.56,502.97,468.48,426.67,541.45
1253,OK,97,183,649,649,335.6,484.66,502.01,472.6,426.77,541.3
1254,OK,99,185,648,648,337.1,484.87,503.5,473.9,429.36,541.51
1255,OK,98,184,649,649,334.79,485.13,501.9,471.64,426.44,540.12
1256,OK,96,183,652,652,333.83,486.18,502.02,471.54,426.52,539.3
1257,OK,96,183,651,651,334.68,485.72,501.68,471.63,427.27,539.84
1258,OK,96,182,652,652,334.6,485.43,502.21,471.53,426.01,539.25
1259,OK,96,182,651,651,334.22,484.46,501.28,469.39,426.95,541.01
1260,OK,96,181,651,651,335.18,482.94,502.39,468.7,426.62,539.33
1261,OK,96,181,650,650,334.63,482.62,501.52,468.91,426.98,539.42
1262,OK,93,177,654,654,331.72,478.25,500.44,462.71,424.92,537.05
1263,OK,92,175,656,656,331.63,476.7,500.52,462.06,424.06,536.63
1264,OK,91,174,658,658,331.34,477.86,500.69,462.4,424.52,538.22
1265,OK,91,174,658,658,332.26,477.5,501.14,462.25,424.93,536.23
1266,OK,92,177,655,655,332.93,480.59,500.57,466.13,424.01,538.98
1267,OK,93,177,654,654,333.09,480.63,500.97,465.8,425.65,538.29
1268,OK,92,178,654,654,332.69,481.14,500.86,467.01,423.13,538.89
1269,OK,93,178,654,654,333.89,479.79,502.08,467.02,425.04,537.2
1270,OK,93,177,654,654,333.17,478.46,501.27,464.49,425.12,536.7
1271,OK,93,177,654,654,333.34,479.37,501.28,466.32,423.89,535.73
1272,OK,92,176,655,655,332.5,479.71,500.76,464.95,424.63,536.65
1273,OK,93,177,654,654,334.15,480.15,501.78,466.94,425.37,536.92
1274,OK,94,178,653,653,334.41,482.34,502.1,467.69,425.83,536.94
1275,OK,96,179,651,651,336.09,481.83,502.71,467.5,427.52,537.27
1276,OK,96,178,653,653,336.04,481.91,504.43,468.26,428.02,537.92
1277,OK,95,177,653,653,334.81,479.03,502.74,465.74,426.0,537.07
1278,OK,93,174,658,658,333.73,479.76,503.93,465.49,427.13,534.13
1279,OK,94,175,656,656,335.53,480.28,503.59,466.39,427.22,534.86
1280,OK,95,176,655,655,335.33,479.44,503.4,466.25,427.85,536.32
1281,OK,94,175,657,657,334.89,480.97,503.91,466.32,426.79,534.86
1282,OK,95,177,655,655,335.33,481.63,503.05,466.99,427.15,537.84
1283,OK,95,176,656,656,335.2,480.21,503.83,466.32,426.64,534.5
1284,OK,94,174,657,657,333.89,479.01,503.02,465.69,426.55,532.93
1285,OK,94,175,657,657,335.32,480.65,504.02,466.76,426.43,535.61
1286,OK,96,177,654,654,337.06,480.92,504.5,467.67,427.92,537.19
1287,OK,97,178,652,652,336.3,480.42,503.52,466.74,428.97,535.17
1288,OK,97,178,652,652,337.29,480.93,504.52,466.67,428.52,535.56
1289,OK,96,176,654,654,336.36,480.48,504.62,466.12,427.9,534.7
1290,OK,97,178,652,652,337.09,481.22,504.08,466.77,427.69,536.78
1291,OK,99,180,650,650,339.08,481.72,505.38,468.68,428.54,540.41
1292,OK,99,180,650,650,339.4,481.25,506.28,469.03,428.06,538.73
1293,OK,100,180,650,650,339.85,479.95,506.9,468.81,428.73,539.22
1294,OK,100,180,650,650,339.77,478.24,507.2,468.03,428.33,539.4
1295,OK,99,179,651,651,339.23,478.92,507.21,468.13,428.15,538.43
1296,OK,102,181,647,647,342.42,479.03,507.92,468.44,432.05,540.11
1297,OK,104,182,645,645,342.71,478.23,508.36,468.49,432.06,540.06
1298,OK,104,183,645,645,342.61,478.42,508.47,469.18,430.29,538.22
1299,OK,102,181,648,648,340.44,479.64,507.76,468.99,429.61,537.25
1300,OK,101,181,649,649,340.28,479.34,507.28,468.48,429.17,539.43
1301,OK,101,182,649,649,340.81,479.88,507.52,468.21,429.61,540.03
1302,OK,101,183,648,648,340.07,481.68,506.67,469.93,428.93,542.12
1303,OK,101,183,648,648,341.2,480.0,507.71,470.2,429.35,540.81
1304,OK,102,184,646,646,340.69,481.56,506.23,469.85,428.34,540.98
1305,OK,102,184,646,646,339.32,481.26,505.28,468.39,428.86,539.35
1306,OK,101,183,648,648,338.78,482.62,505.58,469.54,428.55,539.43
1307,OK,99,181,650,650,337.26,481.41,504.77,467.43,428.11,537.45
1308,OK,98,179,651,651,336.44,480.75,503.87,465.33,428.07,535.15
1309,OK,97,177,653,653,335.32,480.67,503.4,465.03,427.65,533.87
1310,OK,97,177,653,653,336.96,480.94,504.45,465.98,428.54,534.95
1311,OK,98,179,651,651,337.59,481.63,504.57,467.88,427.94,538.01
1312,OK,99,181,649,649,339.04,482.32,505.64,470.45,428.76,538.64
1313,OK,99,180,651,651,337.21,481.43,504.91,467.95,429.01,537.94
1314,OK,98,179,651,651,334.96,478.43,501.88,463.76,426.42,536.67
1315,OK,96,178,653,653,334.0,479.26,502.07,464.58,425.96,537.06
1316,OK,98,179,650,650,337.08,479.63,503.27,465.9,428.01,536.73
1317,OK,100,181,647,647,337.95,478.76,503.26,466.17,428.64,537.83
1318,OK,100,180,647,647,337.27,479.62,503.55,465.82,429.75,536.54
1319,OK,99,179,648,648,336.57,479.61,503.57,466.97,428.39,535.79
1320,OK,99,180,648,648,337.45,479.29,503.83,466.76,428.68,538.87
1321,OK,98,179,650,650,336.49,479.42,503.9,467.25,427.59,537.24
1322,OK,97,179,651,651,335.95,481.18,503.37,468.19,427.15,536.01
1323,OK,97,180,650,650,336.24,482.03,502.8,467.93,426.01,538.23
1324,OK,98,183,649,649,337.08,483.85,503.34,470.58,426.37,544.74
1325,OK,98,184,648,648,336.44,484.87,502.69,469.9,427.64,543.73
1326,OK,99,185,647,647,338.2,483.09,504.4,470.82,427.89,543.09
1327,OK,99,185,648,648,337.53,483.89,504.25,470.23,427.77,544.82
1328,OK,98,185,650,650,336.23,485.61,503.85,470.94,427.9,546.06
1329,OK,97,184,651,651,336.5,483.66,504.27,470.05,427.36,541.65
1330,OK,99,184,651,651,339.58,483.2,506.86,470.83,429.41,544.5
1331,OK,101,185,650,650,340.68,483.18,507.38,471.53,430.31,543.68
1332,OK,104,188,647,647,342.86,484.33,508.62,472.65,433.2,548.98
1333,OK,105,188,646,646,342.26,483.33,508.11,472.13,431.25,546.22
1334,OK,107,190,644,644,343.63,484.45,508.71,473.59,434.19,548.8
1335,OK,108,192,642,642,343.87,485.22,508.43,474.06,433.66,548.92
1336,OK,110,195,639,639,345.25,486.35,509.09,476.24,433.48,551.69
1337,OK,109,194,640,640,344.14,484.56,508.97,474.86,433.42,548.82
1338,OK,110,195,640,640,345.09,485.84,509.7,475.03,434.84,552.14
1339,OK,110,196,639,639,344.57,486.56,508.88,475.21,434.8,551.77
1340,OK,110,196,640,640,344.1,486.07,508.82,475.13,434.2,551.88
1341,OK,110,197,639,639,344.68,487.68,508.79,476.07,433.48,552.7
1342,OK,110,197,639,639,344.38,487.73,508.77,476.01,434.12,553.57
1343,OK,111,197,639,639,345.62,485.87,510.08,476.5,434.5,551.55
1344,OK,110,196,640,640,345.17,485.45,510.02,475.34,433.83,549.77
1345,OK,110,195,640,640,345.25,486.11,509.83,476.21,433.6,549.82
1346,OK,111,196,638,638,346.34,486.62,510.17,477.19,435.12,551.09
1347,OK,110,196,640,640,344.39,486.83,509.77,475.94,434.62,553.26
1348,OK,110,198,639,639,345.57,488.94,509.67,477.97,434.06,555.16
1349,OK,112,199,638,638,348.75,488.23,512.65,479.12,435.71,554.35
1350,OK,112,198,638,638,348.83,486.42,513.02,478.3,434.89,553.0
1351,OK,113,197,638,638,349.17,486.32,513.53,478.32,437.2,549.95
1352,OK,112,195,640,640,348.45,485.41,513.53,477.57,436.16,548.28
1353,OK,112,194,640,640,349.18,485.29,514.1,477.49,435.24,548.01
1354,OK,113,195,639,639,349.54,486.2,513.73,477.45,436.44,549.37
1355,OK,113,196,639,639,349.11,487.25,513.59,479.52,434.33,551.15
1356,OK,113,197,639,639,348.07,487.33,512.57,479.07,434.07,551.73
1357,OK,113,196,639,639,349.14,485.84,513.61,478.31,434.36,549.76
1358,OK,114,197,637,637,348.58,486.67,512.08,478.56,434.9,550.22
1359,OK,113,197,638,638,347.62,487.18,511.92,477.51,433.7,552.33
1360,OK,113,198,637,637,348.43,488.19,512.26,478.66,435.02,552.77
1361,OK,114,199,637,637,349.14,487.53,513.08,480.22,435.08,553.52
1362,OK,113,199,637,637,348.91,487.62,513.05,479.63,434.92,553.54
1363,OK,114,200,637,637,349.36,487.46,513.33,480.3,436.31,554.27
1364,OK,114,199,637,637,348.62,487.77,512.82,479.73,436.38,553.18
1365,OK,114,199,637,637,347.61,488.13,511.32,478.56,435.41,554.19
1366,OK,113,199,638,638,346.91,487.55,511.28,478.89,434.6,553.88
1367,OK,113,199,637,637,346.75,488.11,510.49,478.0,434.57,552.09
1368,OK,112,199,638,638,345.93,489.07,510.28,478.79,434.39,553.65
1369,OK,112,199,638,638,346.71,488.79,510.76,479.21,433.65,554.66
1370,OK,112,199,638,638,346.68,488.66,511.0,478.51,434.33,553.74
1371,OK,112,199,638,638,346.95,488.12,510.97,479.02,434.52,553.5
1372,OK,112,199,637,637,346.72,488.3,510.38,478.35,433.79,552.97
1373,OK,112,198,637,637,346.22,488.62,510.21,478.28,434.11,551.96
1374,OK,112,198,637,637,346.94,488.46,510.76,478.56,433.77,552.39
1375,OK,112,197,638,638,346.88,487.01,511.51,478.37,434.91,552.32
1376,OK,112,197,638,638,347.5,487.22,511.97,478.44,435.28,550.91
1377,OK,113,197,637,637,348.05,487.16,511.87,478.95,434.48,550.9
1378,OK,113,197,637,637,348.07,486.3,512.1,478.44,434.52,548.17
1379,OK,113,197,637,637,348.18,486.76,512.36,478.1,436.29,549.64
1380,OK,113,195,638,638,350.43,484.35,515.04,477.45,437.18,545.43
1381,OK,114,192,641,641,353.91,482.7,519.68,475.92,439.6,544.15
1382,OK,117,188,644,644,360.71,476.74,527.29,472.84,445.18,541.73
1383,OK,118,182,652,652,363.4,477.39,533.46,471.89,452.46,541.11
1384,OK,122,176,659,659,370.94,476.29,542.67,471.98,463.83,534.28
1385,OK,126,173,666,666,376.89,477.45,550.25,477.49,471.53,537.48
1386,OK,131,173,668,668,380.96,477.01,553.67,480.93,474.98,538.54
1387,OK,130,171,671,671,377.29,476.58,551.23,479.11,471.13,537.62
1388,OK,126,170,673,673,372.58,475.41,546.65,478.63,462.93,540.16
1389,OK,125,179,670,670,370.1,486.95,541.8,486.89,460.69,555.1
1390,OK,123,197,665,665,363.63,507.69,533.64,499.08,453.42,586.89
1391,OK,119,212,665,665,359.37,524.19,530.03,510.64,449.43,602.88
1392,OK,112,230,664,664,352.47,540.04,522.52,523.41,436.82,628.9
1393,OK,99,251,661,661,336.88,563.63,505.31,545.53,412.54,649.78
1394,OK,91,269,655,655,329.56,570.68,496.03,552.53,403.23,665.34
1395,OK,84,281,654,654,325.02,576.37,491.89,555.49,398.02,673.18
1396,OK,77,293,652,652,317.99,589.82,484.28,567.87,392.28,682.97
1397,OK,75,303,649,649,319.17,593.64,484.72,574.68,392.85,689.08
1398,OK,77,307,654,654,330.34,594.73,499.61,580.01,404.54,695.62
1399,OK,79,301,670,670,339.3,586.2,515.78,579.61,420.52,696.12
1400,OK,88,304,670,670,353.67,588.45,526.09,584.26,426.1,700.69
1401,OK,95,309,672,672,357.02,598.48,530.53,589.98,435.45,711.54
1402,OK,99,317,675,675,359.17,605.59,534.09,600.3,439.18,725.74
1403,OK,104,326,669,669,361.03,609.92,532.01,605.65,438.53,728.89
1404,OK,104,331,664,664,355.47,609.99,525.4,604.7,430.65,728.58
1405,OK,101,331,666,666,351.36,608.26,523.47,601.44,427.3,728.17
1406,OK,101,333,664,664,351.83,609.83,522.55,604.17,427.65,726.52
1407,OK,101,336,660,660,352.4,610.87,521.24,605.7,424.92,727.74
1408,OK,101,335,661,661,352.22,610.39,522.89,604.13,428.46,726.11
1409,OK,101,335,662,662,351.91,609.86,522.67,604.07,428.85,726.28
1410,OK,98,334,666,666,348.54,611.04,521.28,606.49,426.47,728.98
1411,OK,99,336,664,664,349.14,613.52,519.91,607.37,428.36,730.19
1412,OK,99,339,663,663,348.36,617.1,518.86,612.62,428.26,731.63
1413,OK,98,341,663,663,347.14,618.9,517.98,613.56,428.68,734.87
1414,OK,100,343,661,661,348.64,618.76,518.29,613.18,429.64,734.32
1415,OK,100,341,662,662,348.03,615.56,518.57,607.99,430.05,730.91
1416,OK,99,333,666,666,348.73,607.9,521.38,599.32,431.92,719.18
1417,OK,99,306,672,672,351.98,571.58,526.63,560.66,437.86,672.78
1418,OK,96,264,672,672,345.87,524.83,518.52,509.84,428.68,600.42
1419,OK,74,216,633,633,293.29,442.55,446.64,444.82,329.06,488.86
1420,OK,62,188,618,618,294.65,440.54,450.31,440.24,333.21,484.56
1421,OK,58,172,625,625,298.87,459.1,460.83,441.57,360.5,495.4
1422,OK,59,170,635,635,306.68,477.15,471.52,454.38,378.49,518.43
1423,OK,66,193,648,648,320.75,520.43,489.29,495.34,403.41,589.98
1424,OK,68,208,658,658,320.9,536.55,490.95,508.27,402.85,593.83
1425,OK,75,228,655,655,327.4,545.45,493.22,518.12,408.33,618.78
1426,OK,76,237,657,657,324.81,545.66,492.11,516.88,406.11,619.82
1427,OK,76,239,661,661,325.09,544.51,494.11,516.88,408.5,619.05
1428,OK,86,229,663,663,342.89,522.71,513.14,500.65,433.38,593.76
1429,OK,97,220,665,665,350.23,513.6,520.51,491.72,449.52,585.6
1430,OK,101,217,664,664,344.18,517.23,512.97,490.54,444.92,589.24
1431,OK,92,207,673,673,328.56,512.68,500.83,478.27,437.06,581.02
1432,OK,90,205,673,673,329.79,516.15,500.08,483.88,436.67,581.78
1433,OK,91,206,672,672,332.69,519.0,502.78,487.48,440.91,583.22
1434,OK,94,208,668,668,335.48,518.38,504.17,489.26,441.19,581.72
1435,OK,96,209,667,667,336.47,517.97,506.12,491.58,441.0,581.44
1436,OK,94,208,672,672,334.51,517.43,506.93,490.59,439.34,587.21
1437,OK,88,205,679,679,331.21,518.78,505.9,492.41,435.33,588.12
1438,OK,87,209,677,677,331.21,520.48,503.1,493.83,432.06,592.97
1439,OK,86,212,676,676,329.98,521.89,502.03,494.91,430.51,600.82
1440,OK,85,213,677,677,329.65,520.68,502.6,494.93,430.94,602.06
1441,OK,85,213,677,677,329.6,516.46,502.07,489.45,432.28,601.74
1442,OK,84,212,678,678,329.12,517.07,502.39,490.95,431.94,601.4
1443,OK,84,214,678,678,330.6,520.31,503.63,495.7,431.38,602.23
1444,OK,83,213,680,680,329.96,520.35,503.82,495.13,430.72,601.43
1445,OK,84,213,681,681,331.87,520.6,506.17,496.06,433.94,600.2
1446,OK,87,214,678,678,335.32,518.26,507.71,496.27,434.37,597.82
1447,OK,88,211,679,679,336.48,519.09,510.09,495.99,437.08,590.46
1448,OK,90,210,677,677,338.44,518.83,511.15,495.71,437.93,588.62
1449,OK,92,210,676,676,339.22,518.14,511.73,495.87,438.13,588.43
1450,OK,93,210,675,675,338.97,517.81,511.56,495.86,437.59,587.25
1451,OK,94,211,674,674,339.44,518.85,511.49,496.61,437.41,588.9
1452,OK,94,210,675,675,339.34,518.53,512.13,496.1,439.42,587.8
1453,OK,93,209,677,677,338.08,518.66,511.42,496.2,437.94,587.59
1454,OK,95,210,673,673,339.75,518.49,510.54,495.75,438.57,586.29
1455,OK,95,210,673,673,338.48,517.86,510.32,495.52,437.75,586.59
1456,OK,94,210,673,673,337.64,520.55,509.05,495.37,438.63,585.5
1457,OK,93,210,673,673,337.74,518.79,509.93,496.74,437.18,586.37
1458,OK,94,211,671,671,337.68,519.28,508.67,496.23,437.32,586.32
1459,OK,94,212,670,670,337.02,518.74,507.96,496.89,435.65,586.84
1460,OK,93,210,672,672,336.25,518.67,508.49,495.26,436.46,586.25
1461,OK,92,210,673,673,335.72,517.25,508.06,495.25,435.35,588.12
1462,OK,90,209,676,676,335.55,516.71,509.03,494.5,435.31,590.54
1463,OK,89,208,677,677,334.61,515.97,508.14,493.74,433.39,590.24
1464,OK,89,208,676,676,335.13,517.28,507.76,493.97,434.23,588.61
1465,OK,88,208,676,676,333.64,517.24,506.54,493.91,433.08,588.61
1466,OK,88,208,676,676,334.36,516.3,507.02,493.17,433.94,588.56
1467,OK,88,207,677,677,334.08,517.5,507.06,494.03,434.9,587.76
1468,OK,88,207,678,678,334.14,517.87,507.69,495.91,433.48,587.87
1469,OK,88,207,678,678,334.68,518.47,507.62,494.64,435.46,587.99
1470,OK,88,207,677,677,333.75,517.79,506.39,495.06,432.72,587.56
1471,OK,88,207,676,676,335.25,517.03,507.89,494.57,434.27,586.38
1472,OK,88,208,676,676,334.07,518.27,506.63,495.89,433.19,587.36
1473,OK,90,209,673,673,335.59,517.58,506.95,495.32,433.05,586.4
1474,OK,88,208,676,676,333.54,517.06,506.99,494.07,432.89,590.07
1475,OK,89,208,675,675,334.65,518.2,506.77,495.01,433.76,586.92
1476,OK,90,209,673,673,334.96,517.2,506.37,495.92,432.17,587.13
1477,OK,90,208,675,675,335.2,515.01,508.02,491.42,435.96,588.91
1478,OK,90,207,674,674,336.25,508.94,508.79,488.79,434.08,587.75
1479,OK,89,206,676,676,334.46,510.54,507.63,488.45,433.16,589.22
1480,OK,87,204,678,678,333.28,509.37,506.95,486.95,433.03,588.75
1481,OK,86,203,678,678,331.61,508.33,505.06,486.35,430.6,587.88
1482,OK,84,202,680,680,330.72,509.53,504.99,486.67,430.43,588.6
1483,OK,85,203,679,679,331.99,511.31,505.37,487.89,432.2,589.67
1484,OK,83,203,681,681,330.27,511.49,504.74,486.97,431.29,591.39
1485,OK,83,203,681,681,330.38,510.41,504.11,486.39,430.44,590.18
1486,OK,84,203,680,680,332.5,510.26,506.0,485.73,434.61,588.93
1487,OK,84,203,682,682,331.63,511.33,506.33,486.83,434.32,592.42
1488,OK,84,203,682,682,332.31,510.24,506.48,486.75,433.22,592.24
1489,OK,87,205,679,679,335.35,509.33,508.49,487.63,435.59,591.71
1490,OK,86,204,679,679,332.35,509.45,506.06,486.22,432.69,591.36
1491,OK,86,205,679,679,333.0,510.05,506.35,487.12,433.23,591.85
1492,OK,87,207,678,678,333.37,516.45,506.06,492.79,434.68,591.13
1493,OK,87,206,678,678,333.72,508.49,507.01,487.56,433.64,591.26
1494,OK,87,205,678,678,334.17,507.05,507.85,485.96,434.21,590.94
1495,OK,89,204,676,676,335.65,504.13,508.29,483.44,435.75,590.0
1496,OK,90,204,675,675,335.21,503.7,507.56,482.58,435.04,589.34
1497,OK,89,205,676,676,333.65,510.13,506.48,487.75,432.99,590.23
1498,OK,89,206,675,675,334.79,512.06,506.98,489.35,433.26,588.91
1499,OK,89,207,675,675,334.64,512.84,506.97,490.17,433.26,589.36
1500,OK,90,208,673,673,335.06,513.96,506.39,490.31,433.75,588.27
1501,OK,91,208,672,672,334.67,512.39,505.88,488.47,435.25,586.62
1502,OK,91,207,673,673,334.95,513.91,506.93,490.3,435.68,587.63
1503,OK,91,207,675,675,336.33,514.24,509.06,491.23,435.47,587.95
1504,OK,91,207,673,673,336.32,513.64,508.1,491.43,433.71,585.6
1505,OK,92,207,672,672,338.11,514.36,509.67,492.23,437.26,585.4
1506,OK,94,209,667,667,337.98,512.26,507.44,490.52,433.34,583.97
1507,OK,99,209,667,667,345.92,509.96,516.56,490.57,443.84,587.13
1508,OK,107,211,660,660,352.54,506.23,520.14,488.94,448.66,586.14
1509,OK,112,212,657,657,355.06,505.15,523.21,489.93,452.72,586.24
1510,OK,114,212,656,656,353.8,506.3,522.05,489.96,451.51,585.23
1511,OK,112,212,659,659,349.88,511.24,519.35,492.44,448.7,586.18
1512,OK,109,211,664,664,348.3,512.23,519.35,491.92,448.76,588.18
1513,OK,106,210,666,666,346.3,511.42,517.29,491.93,443.86,587.48
1514,OK,105,210,665,665,346.91,509.51,517.25,491.04,443.1,587.67
1515,OK,102,206,668,668,343.72,504.95,515.29,482.48,443.01,585.82
1516,OK,100,203,672,672,342.06,504.08,514.57,480.39,443.91,585.35
1517,OK,99,202,673,673,342.7,504.01,514.91,481.44,443.06,586.47
1518,OK,99,202,672,672,343.46,504.15,515.23,482.04,442.82,584.76
1519,OK,100,204,671,671,345.04,504.33,516.62,484.53,442.77,587.68
1520,OK,101,205,670,670,344.97,505.11,515.99,483.56,443.75,587.44
1521,OK,100,204,671,671,343.54,504.75,515.54,483.41,442.16,587.72
1522,OK,99,204,672,672,342.96,505.35,514.89,483.96,441.07,587.28
1523,OK,98,204,673,673,343.04,505.96,515.54,484.34,441.23,588.34
1524,OK,100,208,668,668,345.65,507.58,515.77,491.82,437.84,588.66
1525,OK,101,209,666,666,346.09,507.57,516.6,491.1,438.92,588.31
1526,OK,104,213,659,659,347.32,507.67,514.91,491.96,436.09,588.4
1527,OK,102,211,663,663,343.85,514.5,514.41,491.84,442.62,585.11
1528,OK,103,212,660,660,346.83,507.86,515.36,491.01,438.52,586.74
1529,OK,104,213,658,658,347.58,507.0,515.88,491.63,437.55,586.94
1530,OK,103,212,660,660,346.5,507.11,516.53,491.33,437.99,588.77
1531,OK,104,213,659,659,345.98,508.61,514.87,490.65,437.77,589.8
1532,OK,103,213,658,658,345.5,508.82,513.84,489.89,436.26,587.11
1533,OK,102,212,662,662,345.03,510.46,515.28,489.8,439.25,588.32
1534,OK,102,212,662,662,344.55,509.74,514.23,490.08,438.11,587.89
1535,OK,101,211,664,664,343.82,509.85,514.56,490.7,438.07,588.53
1536,OK,101,211,664,664,343.63,511.8,513.2,490.36,438.39,587.76
1537,OK,100,210,665,665,343.26,510.67,513.85,490.77,437.36,587.19
1538,OK,100,211,664,664,343.67,511.13,513.33,491.14,437.47,588.02
1539,OK,100,211,664,664,343.0,510.93,512.95,490.84,436.58,588.2
1540,OK,100,211,665,665,344.38,510.75,514.69,491.0,439.28,589.5
1541,OK,100,210,666,666,344.09,511.05,514.89,491.27,439.04,586.9
1542,OK,99,210,667,667,343.0,511.16,513.83,491.02,437.84,589.18
1543,OK,98,209,670,670,342.65,510.99,514.79,490.7,438.83,589.16
1544,OK,99,210,668,668,344.7,510.34,515.38,491.04,438.91,590.74
1545,OK,101,212,664,664,345.2,509.9,514.51,490.86,438.8,589.41
1546,OK,101,212,664,664,344.82,509.81,514.82,490.79,437.96,590.05
1547,OK,101,213,663,663,344.75,509.0,514.41,491.78,436.67,591.42
1548,OK,101,213,662,662,344.01,508.64,513.46,491.03,436.09,589.45
1549,OK,102,213,660,660,345.81,509.31,514.28,490.98,437.0,587.46
1550,OK,102,213,661,661,345.82,509.22,515.34,491.13,438.41,588.75
1551,OK,104,214,659,659,346.74,509.31,515.4,491.39,439.15,588.72
1552,OK,103,213,663,663,345.37,509.96,516.26,491.6,439.34,592.35
1553,OK,103,213,662,662,346.0,509.83,515.23,491.63,438.33,587.12
1554,OK,104,212,661,661,348.11,508.7,517.51,491.53,440.94,582.48
1555,OK,105,211,660,660,349.12,508.11,518.46,491.94,441.76,581.84
1556,OK,107,212,657,657,350.19,507.08,518.06,491.88,440.4,580.54
1557,OK,107,212,659,659,348.7,507.56,518.23,491.72,440.82,585.44
1558,OK,108,212,657,657,349.74,506.92,517.71,491.73,438.92,581.74
1559,OK,109,212,657,657,352.42,506.46,521.06,492.42,443.13,583.64
1560,OK,109,211,659,659,351.23,506.08,520.88,491.69,442.06,582.81
1561,OK,108,211,659,659,351.0,505.68,520.39,491.46,441.49,584.12
1562,OK,108,211,659,659,350.95,506.43,520.05,491.82,441.34,582.82
1563,OK,108,210,659,659,350.94,505.4,520.42,491.29,441.31,580.22
1564,OK,108,210,658,658,349.22,511.62,517.63,491.95,442.45,577.36
1565,OK,108,210,659,659,351.32,506.24,520.85,491.63,442.09,582.87
1566,OK,109,211,656,656,352.26,506.28,520.04,491.2,441.6,582.73
1567,OK,109,211,656,656,351.58,505.99,519.92,491.24,441.59,582.41
1568,OK,109,212,655,655,351.15,505.96,519.08,492.24,440.18,581.06
1569,OK,109,211,656,656,351.46,506.77,520.43,492.17,443.44,580.48
1570,OK,110,211,655,655,351.91,505.98,520.15,492.33,441.88,579.35
1571,OK,110,210,656,656,351.79,506.35,520.67,492.46,443.25,579.4
1572,OK,109,210,656,656,350.09,505.44,518.48,491.89,440.06,578.01
1573,OK,109,211,656,656,349.86,506.7,518.4,493.33,439.94,580.06
1574,OK,110,213,653,653,349.97,508.45,516.97,492.65,439.76,580.38
1575,OK,109,212,653,653,349.67,507.58,517.46,492.29,439.84,579.68
1576,OK,109,212,653,653,350.02,507.64,517.89,492.13,440.75,579.64
1577,OK,108,212,655,655,349.36,507.64,517.77,492.2,440.39,580.9
1578,OK,108,211,655,655,349.28,506.97,517.62,492.1,440.06,578.89
1579,OK,108,211,656,656,349.74,507.1,518.36,492.91,440.39,580.65
1580,OK,107,210,657,657,348.53,507.27,517.51,491.53,440.51,578.02
1581,OK,107,210,656,656,348.53,507.02,516.87,492.23,438.79,579.5
1582,OK,106,209,657,657,347.78,507.08,516.6,491.25,438.83,577.97
1583,OK,107,210,655,655,349.19,505.9,517.23,492.31,439.16,578.0
1584,OK,107,211,654,654,349.1,506.79,516.94,492.51,438.69,579.03
1585,OK,107,211,655,655,348.09,507.64,516.28,491.42,438.98,579.15
1586,OK,107,211,655,655,348.73,506.6,516.73,491.67,438.56,577.48
1587,OK,107,210,655,655,348.83,506.48,517.13,491.98,439.22,578.67
1588,OK,106,209,657,657,348.11,505.84,517.2,491.63,438.89,578.08
1589,OK,106,209,656,656,347.6,506.51,515.79,491.23,437.36,578.32
1590,OK,106,209,656,656,347.22,506.26,515.83,490.84,437.57,579.1
1591,OK,106,209,656,656,347.3,506.61,515.8,490.73,438.67,577.43
1592,OK,106,210,656,656,348.46,506.59,517.17,492.07,438.94,579.51
1593,OK,107,210,655,655,348.37,506.22,516.49,491.32,438.94,578.7
1594,OK,106,210,655,655,347.49,506.29,515.77,491.8,437.09,579.26
1595,OK,106,210,656,656,347.54,506.48,516.03,491.19,438.32,579.22
1596,OK,107,209,656,656,348.68,506.02,517.15,490.86,439.22,577.44
1597,OK,108,209,655,655,349.27,506.28,517.07,490.4,440.17,576.65
1598,OK,108,208,656,656,349.11,505.42,517.62,490.01,440.01,575.98
1599,OK,109,208,655,655,350.29,504.44,518.37,489.49,441.29,576.08
1600,OK,108,209,655,655,348.01,506.2,515.96,489.34,439.29,579.39
1601,OK,107,209,656,656,347.11,507.02,515.7,488.68,439.75,579.93
1602,OK,107,209,656,656,348.12,506.77,516.09,488.86,439.11,578.37
1603,OK,109,209,654,654,349.95,505.23,517.48,489.85,441.03,575.86
1604,OK,108,209,656,656,348.08,506.74,516.89,489.36,440.38,579.54
1605,OK,108,210,654,654,348.24,507.08,515.32,489.48,438.88,579.15
1606,OK,108,210,654,654,347.8,506.6,515.69,489.58,438.44,579.61
1607,OK,108,210,654,654,347.8,507.03,515.68,489.27,438.74,578.14
1608,OK,106,210,655,655,346.58,506.12,515.0,489.31,437.15,578.76
1609,OK,106,210,655,655,347.36,506.67,515.58,490.05,438.54,581.02
1610,OK,105,210,656,656,346.31,505.53,514.77,489.6,437.08,580.47
1611,OK,105,210,656,656,346.64,505.32,514.99,489.7,435.96,580.88
1612,OK,105,210,657,657,347.04,505.73,516.16,490.06,438.38,581.53
1613,OK,104,210,659,659,346.3,505.42,515.77,490.21,437.02,582.49
1614,OK,104,211,657,657,345.59,505.41,513.56,488.96,434.96,580.96
1615,OK,103,210,658,658,345.97,505.89,515.21,489.18,437.01,580.81
1616,OK,104,210,657,657,346.28,505.02,514.64,488.7,436.37,581.15
1617,OK,103,209,658,658,345.1,504.5,513.98,487.25,435.81,580.67
1618,OK,103,210,657,657,345.22,504.84,513.7,489.08,434.44,582.58
1619,OK,104,210,656,656,345.74,503.9,513.78,488.08,434.42,580.11
1620,OK,104,209,656,656,345.74,504.36,514.24,487.69,435.38,577.35
1621,OK,104,209,656,656,346.39,505.39,514.44,488.08,436.85,578.67
1622,OK,103,208,658,658,345.42,503.81,514.98,487.14,436.96,580.41
1623,OK,104,209,656,656,345.36,510.29,512.4,488.99,437.33,575.98
1624,OK,104,208,657,657,346.47,503.48,515.22,486.46,437.84,580.47
1625,OK,105,209,657,657,347.28,504.33,516.11,488.59,438.57,582.46
1626,OK,105,209,657,657,346.66,503.55,515.29,487.74,438.8,581.5
1627,OK,105,208,659,659,346.87,503.04,516.23,486.8,439.12,581.31
1628,OK,103,205,661,661,344.32,501.35,514.32,481.74,438.13,579.79
1629,OK,103,204,662,662,345.33,500.66,515.07,482.4,438.83,580.27
1630,OK,102,203,663,663,344.29,500.73,514.61,481.37,437.69,580.82
1631,OK,101,202,664,664,344.52,501.64,514.91,482.12,438.86,580.01
1632,OK,100,202,666,666,344.08,500.8,514.96,481.69,439.12,581.39
1633,OK,100,201,667,667,345.1,501.34,515.93,480.8,440.7,579.06
1634,OK,100,201,669,669,345.11,500.79,516.78,481.74,441.6,581.22
1635,OK,101,201,668,668,346.26,501.53,516.83,481.44,441.25,579.47
1636,OK,102,200,668,668,346.63,501.18,517.66,480.11,444.24,579.34
1637,OK,101,198,670,670,345.61,501.59,517.2,479.34,442.49,577.43
1638,OK,101,197,671,671,347.02,500.82,518.96,478.93,444.14,576.31
1639,OK,101,196,673,673,346.67,502.24,518.99,480.03,444.5,576.25
1640,OK,101,196,673,673,347.18,501.34,519.44,479.83,444.61,576.28
1641,OK,107,202,663,663,354.41,505.11,522.09,489.12,444.78,575.81
1642,OK,112,207,656,656,355.69,504.56,522.24,489.69,444.45,575.53
1643,OK,114,206,654,654,357.46,500.91,524.92,489.2,446.44,569.65
1644,OK,114,205,654,654,356.01,500.52,524.21,488.12,445.0,570.18
1645,OK,111,203,657,657,352.4,499.74,521.85,485.55,440.42,569.95
1646,OK,110,202,658,658,352.79,499.85,522.2,485.44,441.23,570.69
1647,OK,109,201,660,660,352.88,499.13,522.94,484.5,442.93,571.66
1648,OK,108,200,660,660,351.94,498.39,521.55,483.36,440.37,570.08
1649,OK,107,199,661,661,351.22,499.27,520.96,483.22,440.2,568.63
1650,OK,106,198,663,663,350.21,499.51,520.72,483.24,440.55,569.8
1651,OK,105,198,664,664,350.1,498.34,520.75,483.29,439.15,569.26
1652,OK,104,197,664,664,349.49,499.2,519.73,483.07,438.67,568.24
1653,OK,104,198,663,663,349.17,499.84,519.26,484.1,438.05,569.27
1654,OK,104,199,662,662,349.35,499.67,518.9,484.57,436.93,569.29
1655,OK,104,199,662,662,349.63,499.62,519.63,484.37,437.38,570.6
1656,OK,105,199,661,661,349.23,499.79,518.86,483.82,438.15,569.07
1657,OK,105,199,660,660,350.14,500.11,519.39,484.86,438.77,569.46
1658,OK,106,201,659,659,350.87,501.97,519.74,487.36,439.32,570.62
1659,OK,107,202,659,659,350.06,503.65,519.24,488.88,439.38,571.33
1660,OK,107,203,658,658,349.36,504.63,518.23,489.28,439.61,571.76
1661,OK,108,205,655,655,348.05,505.92,515.48,489.61,438.55,570.1
1662,OK,108,206,653,653,347.4,505.78,514.6,489.82,438.06,569.91
1663,OK,108,207,652,652,347.77,506.51,514.59,490.57,435.76,569.47
1664,OK,108,208,651,651,346.51,507.51,513.35,490.3,436.29,572.71
1665,OK,104,204,658,658,344.43,502.48,514.88,484.11,437.02,576.3
1666,OK,100,201,664,664,344.23,499.76,515.87,482.09,435.72,579.05
1667,OK,98,201,666,666,341.72,500.85,512.73,482.05,434.99,581.96
1668,OK,99,203,664,664,343.13,500.19,512.97,482.52,434.65,580.89
1669,OK,100,204,662,662,343.74,500.13,513.23,482.81,435.04,579.95
1670,OK,99,204,663,663,342.71,501.03,513.05,482.85,435.1,581.89
1671,OK,98,203,664,664,341.28,501.53,511.71,481.44,434.68,581.62
1672,OK,98,203,664,664,341.95,500.85,512.16,481.48,435.24,581.55
1673,OK,99,204,662,662,343.42,501.15,512.71,482.48,435.31,580.38
1674,OK,98,203,664,664,341.55,501.08,512.03,481.78,434.12,580.38
1675,OK,99,204,662,662,342.48,500.63,511.65,481.99,434.47,581.02
1676,OK,99,204,662,662,343.2,500.23,513.04,481.68,435.04,580.28
1677,OK,99,203,663,663,342.97,500.34,513.22,481.47,436.09,579.89
1678,OK,100,202,664,664,344.43,501.33,514.7,482.41,437.08,577.3
1679,OK,100,202,664,664,344.38,501.5,514.68,482.6,436.08,577.48
1680,OK,100,200,665,665,345.29,501.75,516.05,482.08,438.47,572.83
1681,OK,100,199,664,664,344.1,501.77,513.98,482.24,435.39,569.58
1682,OK,101,199,663,663,345.19,501.6,514.8,482.76,436.45,570.33
1683,OK,102,200,660,660,346.94,501.4,515.48,482.32,436.59,568.92
1684,OK,104,200,659,659,348.04,500.29,516.71,482.17,439.45,570.69
1685,OK,106,201,659,659,349.16,502.18,518.19,485.5,441.16,571.53
1686,OK,109,203,657,657,354.27,502.54,522.35,489.12,442.95,571.66
1687,OK,111,205,655,655,354.65,502.26,522.58,488.46,443.66,574.03
1688,OK,110,204,659,659,353.08,500.46,523.12,484.6,444.56,575.63
1689,OK,107,201,664,664,351.48,500.06,523.31,482.65,444.03,576.98
1690,OK,105,198,669,669,351.7,499.67,524.18,480.59,444.43,575.77
1691,OK,108,198,666,666,354.21,498.21,524.28,481.3,446.69,571.6
1692,OK,107,195,668,668,353.2,496.93,525.1,479.84,444.49,569.61
1693,OK,112,198,663,663,360.39,499.13,529.53,488.29,450.38,568.56
1694,OK,113,200,662,662,356.74,501.18,526.63,488.42,447.75,569.32
1695,OK,113,202,658,658,355.64,501.55,523.57,489.56,443.84,570.33
1696,OK,113,204,655,655,355.2,502.57,522.63,490.65,442.86,571.08
1697,OK,113,205,654,654,354.9,501.42,523.07,489.83,442.61,571.87
1698,OK,113,206,653,653,354.7,501.58,522.31,490.38,440.53,573.96
1699,OK,113,208,652,652,353.5,502.53,520.86,490.04,439.0,573.82
1700,OK,114,208,651,651,354.85,501.82,522.17,489.95,442.03,571.88
1701,OK,112,207,653,653,352.4,501.98,520.58,488.54,439.67,572.27
1702,OK,109,203,659,659,349.5,499.94,519.7,480.86,442.79,574.93
1703,OK,108,204,658,658,351.08,502.85,519.83,486.22,440.48,575.32
1704,OK,108,204,659,659,350.81,503.4,520.04,487.12,441.04,575.59
1705,OK,109,206,656,656,351.18,503.62,519.02,489.15,440.57,576.71
1706,OK,111,209,653,653,351.79,504.11,518.78,490.08,440.77,577.26
1707,OK,108,206,657,657,349.53,502.55,519.23,485.38,440.72,577.5
1708,OK,106,203,663,663,347.55,502.13,518.67,482.23,442.95,578.28
1709,OK,107,207,658,658,350.28,504.46,518.16,490.73,438.51,579.91
1710,OK,108,209,655,655,350.0,504.25,517.73,490.2,437.33,579.86
1711,OK,107,210,655,655,348.12,505.54,516.04,489.33,437.15,579.93
1712,OK,107,211,654,654,347.65,505.35,515.4,489.63,436.57,581.05
1713,OK,106,211,654,654,346.44,505.73,514.2,489.79,435.66,580.7
1714,OK,105,211,654,654,346.09,505.95,513.9,489.57,435.74,580.5
1715,OK,105,210,655,655,346.0,505.37,514.12,489.16,435.94,580.38
1716,OK,104,209,657,657,345.37,506.11,514.22,488.94,436.52,580.1
1717,OK,104,210,657,657,345.98,506.16,514.38,490.19,436.38,581.85
1718,OK,104,210,656,656,345.07,506.46,513.29,490.31,435.11,581.33
1719,OK,104,210,656,656,345.14,507.43,513.19,489.85,435.36,579.7
1720,OK,105,211,654,654,345.81,508.11,513.05,490.97,434.63,580.14
1721,OK,105,211,654,654,345.93,507.0,513.55,490.17,435.48,580.14
1722,OK,105,212,653,653,345.44,506.93,512.77,490.32,433.68,579.65
1723,OK,106,213,652,652,346.57,507.82,513.72,490.82,436.33,581.2
1724,OK,105,212,653,653,346.14,507.35,513.93,490.45,435.45,580.73
1725,OK,106,213,652,652,347.16,507.67,514.4,491.63,435.74,580.82
1726,OK,106,212,653,653,347.25,507.7,515.03,490.43,436.82,579.37
1727,OK,107,213,652,652,347.67,506.52,514.91,490.88,436.83,581.42
1728,OK,105,212,654,654,345.16,509.13,513.37,489.4,436.23,579.91
1729,OK,104,210,657,657,346.07,508.18,515.14,489.02,436.87,578.9
1730,OK,104,210,657,657,346.45,508.3,514.68,490.03,436.48,579.97
1731,OK,104,210,657,657,346.75,507.96,515.22,490.22,436.02,579.77
1732,OK,104,209,658,658,346.6,507.44,515.42,489.74,436.39,578.25
1733,OK,109,211,653,653,352.59,509.33,518.84,493.63,440.66,576.25
1734,OK,108,210,655,655,349.83,506.01,518.35,491.73,436.79,577.94
1735,OK,112,210,655,655,358.64,500.52,527.15,493.84,447.02,579.49
1736,OK,114,209,657,657,359.67,498.45,529.51,493.43,448.76,582.81
1737,OK,113,207,663,663,360.15,496.54,532.49,493.62,449.17,583.78
1738,OK,114,206,667,667,362.29,497.68,535.44,494.8,454.26,586.73
1739,OK,115,210,665,665,359.81,501.77,530.43,497.02,449.22,592.76
1740,OK,110,216,665,665,351.11,507.57,522.53,504.94,440.64,605.89
1741,OK,106,219,667,667,348.06,506.54,520.3,505.81,437.88,609.61
1742,OK,104,229,659,659,343.47,513.94,511.51,515.85,431.91,617.05
1743,OK,104,234,659,659,347.67,512.0,517.57,520.8,436.46,624.81
1744,OK,107,240,659,659,354.35,514.7,523.85,527.64,441.21,633.67
1745,OK,111,245,654,654,354.3,517.21,521.31,525.82,440.88,630.09
1746,OK,107,241,661,661,348.76,517.08,520.8,520.8,439.83,626.39
1747,OK,103,237,665,665,345.9,516.15,518.38,519.33,436.53,620.0
1748,OK,101,234,667,667,344.85,516.38,517.36,514.46,437.86,618.39
1749,OK,103,235,663,663,348.75,519.44,518.65,515.48,438.67,615.64
1750,OK,100,227,666,666,344.66,508.22,517.29,505.43,434.24,602.1
1751,OK,102,223,657,657,346.36,497.72,513.52,498.27,428.2,590.53
1752,OK,103,217,652,652,347.43,496.01,514.16,495.0,424.7,573.21
1753,OK,107,214,647,647,354.1,488.24,519.7,494.31,427.87,575.96
1754,OK,106,213,643,643,348.95,491.45,513.79,497.62,418.81,572.26
1755,OK,92,208,649,649,329.19,494.09,498.27,496.34,399.6,568.86
1756,OK,69,203,657,657,306.87,491.69,478.32,495.44,367.72,571.78
1757,OK,56,203,656,656,302.23,490.13,470.84,496.01,357.06,567.98
1758,OK,51,205,662,662,308.21,496.57,480.2,504.81,367.5,581.5
1759,OK,51,209,660,660,310.54,498.64,479.96,505.56,367.71,583.63
1760,OK,50,206,668,668,310.43,495.3,484.49,496.37,379.29,587.25
1761,OK,53,208,668,668,314.15,495.26,486.48,498.87,380.64,592.31
1762,OK,55,209,669,669,315.35,496.59,488.3,498.86,383.89,592.94
1763,OK,57,209,670,670,317.09,498.73,489.83,498.95,387.66,590.06
1764,OK,61,210,669,669,320.32,500.06,492.27,499.15,392.36,591.84
1765,OK,64,211,668,668,321.98,502.66,493.85,504.17,395.02,588.56
1766,OK,79,210,662,662,343.13,491.63,512.16,497.43,419.43,580.79
1767,OK,94,209,659,659,357.6,486.7,526.16,499.25,435.85,581.86
1768,OK,119,215,651,651,380.67,494.51,545.89,506.21,469.74,585.04
1769,OK,138,217,649,649,393.28,493.55,559.5,504.56,487.37,586.43
1770,OK,150,219,646,646,394.96,494.05,560.56,504.68,490.62,589.96
1771,OK,155,219,645,645,393.38,495.09,559.19,504.27,488.61,586.04
1772,OK,156,223,641,641,390.29,501.04,554.28,509.38,480.85,585.89
1773,OK,159,228,634,634,391.5,503.95,552.61,516.53,479.47,583.15
1774,OK,155,224,638,638,386.22,498.0,551.53,505.63,477.98,583.55
1775,OK,153,222,641,641,386.86,497.78,552.45,506.98,478.61,585.43
1776,OK,152,222,641,641,385.87,496.96,550.97,507.43,478.11,585.95
1777,OK,151,222,641,641,384.69,495.36,549.67,505.18,475.8,586.92
1778,OK,150,222,641,641,383.47,494.87,548.24,504.59,475.06,587.78
1779,OK,150,222,640,640,383.57,495.85,548.11,504.68,474.97,587.43
1780,OK,148,221,642,642,381.12,494.49,546.68,503.81,472.19,588.83
1781,OK,146,222,643,643,380.75,498.07,546.33,507.7,471.46,589.66
1782,OK,145,223,643,643,380.63,497.7,545.91,507.21,470.64,590.93
1783,OK,146,224,642,642,382.14,498.53,547.12,508.0,473.39,589.5
1784,OK,146,224,642,642,380.35,497.72,545.79,507.38,471.31,588.85
1785,OK,147,224,641,641,381.09,499.01,546.08,507.12,473.4,587.5
1786,OK,145,222,643,643,379.9,496.42,546.14,506.22,471.9,585.96
1787,OK,144,221,643,643,379.31,496.12,544.85,506.17,470.43,586.54
1788,OK,144,220,643,643,379.8,496.54,545.44,505.71,471.31,584.46
1789,OK,144,220,644,644,379.95,497.0,546.06,506.37,472.11,586.51
1790,OK,143,220,645,645,379.06,498.14,545.15,506.49,471.43,586.1
1791,OK,142,220,645,645,377.75,496.75,543.66,506.4,468.16,585.97
1792,OK,140,220,646,646,374.84,497.08,541.31,505.98,464.13,585.17
1793,OK,138,219,647,647,373.94,496.36,540.98,504.88,464.05,585.27
1794,OK,138,219,646,646,375.33,496.92,541.49,505.47,465.28,585.27
1795,OK,137,220,645,645,373.8,496.3,539.59,504.66,462.71,585.84
1796,OK,137,220,644,644,374.3,496.06,540.08,504.84,463.88,586.76
1797,OK,136,220,644,644,372.1,495.14,537.92,503.78,461.89,586.87
1798,OK,135,219,645,645,371.01,493.85,537.48,502.23,461.11,585.93
1799,OK,135,219,645,645,371.35,493.51,537.36,502.12,460.08,584.93
