hrv_rmssd,hrv_sdnn,gsr_mean,gsr_std,threat,subject
0.017944250871080147,0.03502669826537986,0.7366500491187686,0.01329202371516898,0,S10
0.010278745644599305,0.023008010564608685,0.7388299487885974,0.013501410104766867,0,S10
0.008272425249169426,0.02409963698796299,0.7415530795142764,0.013481410453223514,0,S10
0.008043478260869555,0.031876543755779106,0.7449533190046038,0.013602047844526321,0,S10
0.006925465838509315,0.030102942040328474,0.7469368344261533,0.013605663934150742,0,S10
0.0058074534161490655,0.012067060704537282,0.7473951793852307,0.013516500234818457,0,S10
0.005410334346504544,0.014373952441372823,0.7484472910563151,0.013534989433351385,0,S10
0.0037609329446064025,0.009540290501716541,0.7496272314162481,0.0133946512392696,0,S10
0.0044897959183673375,0.015914080532147427,0.7502706618536086,0.01335507549580589,0,S10
0.006180758017492706,0.021933033515309126,0.7516409919375465,0.013366897981022282,0,S10
0.005947521865889209,0.019159821907058634,0.7532133556547619,0.013313037300157546,0,S10
0.012536443148688046,0.044809219168034826,0.7550772349039714,0.013515232323859547,0,S10
0.02590062111801243,0.07757013985504009,0.7568819681803386,0.013394467377245272,0,S10
0.016857142857142866,0.05791055335701881,0.7577531542096819,0.01334714604768353,0,S10
0.008920634920634926,0.016129228137410356,0.7581604367210751,0.01358653979076778,0,S10
0.00984472049689441,0.02363643567183,0.7591141473679316,0.013685623318699516,0,S10
0.01041269841269841,0.03184712576945479,0.7606519426618303,0.013632364335529959,0,S10
0.006739130434782603,0.02753396778072466,0.7613440922328404,0.013436792852041322,0,S10
0.00486322188449848,0.012309741121320253,0.7627782004220145,0.013746712466022238,0,S10
0.005595238095238102,0.020083337493620408,0.7652579716273716,0.01376788909735138,0,S10
0.006384839650145772,0.02560964422929417,0.7674494788760231,0.013384522517824673,0,S10
0.006034985422740518,0.02313017289081911,0.7693241119384766,0.013319380396019634,0,S10
0.004402332361516031,0.01198216361505546,0.7708433968680245,0.013484820132717014,0,S10
0.00382857142857143,0.00855438520857206,0.7724300202869233,0.013533303739633705,0,S10
0.0033613445378151293,0.009745431399391527,0.7738995143345424,0.013567907096870562,0,S10
0.005549450549450554,0.021349512570485858,0.776175053914388,0.013750705723276132,0,S10
0.010395136778115504,0.06439507205295461,0.7774737585158575,0.013525073726394473,0,S10
0.011168831168831167,0.023840276436091434,0.7773677280970982,0.013138624726459202,0,S10
0.008322981366459623,0.037633524750200265,0.7781019119989304,0.01291087277490373,0,S10
0.007648809523809526,0.01832546476698825,0.7789433252243768,0.013143954199086177,0,S10
0.007321428571428562,0.01852145080094143,0.7789900280180432,0.01338146542416337,0,S10
0.013720238095238084,0.04654706812047796,0.778832753499349,0.013478487096580016,0,S10
0.012542857142857142,0.04703946180325236,0.7794171287899926,0.013335134065563203,0,S10
0.008775510204081636,0.026658903631941497,0.7803984869094122,0.013118369319663169,0,S10
0.014875776397515528,0.04914699061738489,0.7809880029587518,0.013233946969070823,0,S10
0.013492063492063493,0.04496079333153373,0.7816564287458148,0.013495082858611116,0,S10
0.011696428571428573,0.037210190192053676,0.782783944266183,0.013504643720657709,0,S10
0.007857142857142847,0.02453400965592491,0.7840880439394996,0.013375545669126614,0,S10
0.00891428571428571,0.03154797890094058,0.7851001921154204,0.013301270400539461,0,S10
0.011924198250728865,0.040711027438545946,0.7863079434349424,0.013334635132981339,0,S10
0.010845481049562669,0.03567307336444822,0.7880344572521392,0.013508684205197343,0,S10
0.01029761904761904,0.02500924188923031,0.7887190500895183,0.013486274951551356,0,S10
0.009971428571428567,0.036241865847613845,0.789352053687686,0.013414696039152017,0,S10
0.012623906705539352,0.051900092406822695,0.7901565188453311,0.013561737700625244,0,S10
0.01149068322981367,0.02605939420107235,0.7907913389660063,0.013527692666427966,0,S10
0.012735562310030396,0.02748066729229717,0.7924117315383185,0.013515862981681661,0,S10
0.012204968944099375,0.03475649003111621,0.7938612801688057,0.013489084829402401,0,S10
0.013540372670807455,0.036317622533534585,0.7947009858630952,0.013408512434538411,0,S10
0.021129568106312287,0.06661656473872041,0.7972799936930338,0.013332532908987563,0,S10
0.01742857142857142,0.06451443095340946,0.7995750972202846,0.012998711626308937,0,S10
0.011547619047619041,0.02573249257923965,0.8010033925374349,0.0131890796118828,0,S10
0.010607902735562308,0.02661426611796261,0.8031319572812035,0.013303027305995228,0,S10
0.010212765957446815,0.023708715161374197,0.8048513321649461,0.013232124165312597,0,S10
0.008944099378881987,0.022700670526357717,0.8064073653448196,0.013214200411430451,0,S10
0.010666666666666666,0.017346020236337426,0.8075115748814174,0.013377494902630238,0,S10
0.012173913043478255,0.030364422171252226,0.80831298828125,0.013376056048823373,0,S10
0.015310559006211167,0.048307827682371844,0.8098488035656157,0.013240905809327633,0,S10
0.02302721088435374,0.04041309412059189,0.8113887241908482,0.01335614776994838,0,S10
0.021258503401360557,0.031382215256402446,0.8123898279099238,0.013336702002400863,0,S10
0.013149350649350654,0.03406755992811611,0.8131809416271392,0.013155051298180905,0,S10
0.012954545454545446,0.034841034818602054,0.8143141610281808,0.013191896368595694,0,S10
0.014883720930232554,0.027962595187750405,0.8154402596609933,0.013122957132283605,0,S10
0.010259740259740259,0.03289308669661974,0.8162831079392207,0.013103246565500758,0,S10
0.008447204968944104,0.020919451507446382,0.817523447672526,0.013077394918326789,0,S10
0.007386018237082061,0.01790170530995679,0.8184436253138951,0.013110962045457069,0,S10
0.006160714285714283,0.00912215034819943,0.8188523065476191,0.013136278987017354,0,S10
0.006093294460641404,0.015049198229372184,0.8192585899716331,0.013088622437052272,0,S10
0.005971428571428568,0.01397711388350456,0.8198695591517857,0.013100654356195214,0,S10
0.006967930029154509,0.020029447708566597,0.8209028879801432,0.013266615871259825,0,S10
0.009591836734693876,0.032983063062420256,0.8227360316685268,0.01341003594703999,0,S10
0.009223602484472048,0.02054603331638536,0.8240618569510324,0.013463061707961436,0,S10
0.018850931677018627,0.06090208562140865,0.824532463437035,0.013410018891652747,0,S10
0.021968253968253967,0.06407710624649778,0.8255825406029111,0.013307137565739865,0,S10
0.012204968944099379,0.02771199815082038,0.8277524857293992,0.01343894087980458,0,S10
0.009270516717325223,0.020117286482513017,0.8301521664574033,0.013370460111549696,0,S10
0.00815476190476191,0.020073897258322964,0.8315819876534598,0.01333582374822821,0,S10
0.009553571428571432,0.024895501070101737,0.8330540248325893,0.013368806398285905,0,S10
0.008988095238095233,0.02090551814303186,0.8345553443545387,0.013200470200176326,0,S10
0.00600907029478458,0.035085082445450826,1.62689334324428,0.024409010110797453,1,S10
0.004955357142857142,0.022175312293289458,1.6302445547921316,0.023731186169517055,1,S10
0.008524590163934418,0.033155008716419236,1.6226783389136905,0.020557720767455392,1,S10
0.009539951573849877,0.03548717471370464,1.5945706322079614,0.021940359188937386,1,S10
0.012493946731234867,0.04669146571399898,1.5856046404157367,0.015655446519609612,1,S10
0.015662337662337655,0.06841764445888787,1.5782519204275949,0.021050877377834495,1,S10
0.011071428571428569,0.041077088227160205,1.5700901576450892,0.021606025210096302,1,S10
0.0085989010989011,0.03334093436826254,1.625857907249814,0.05399632687006366,1,S10
0.009218328840970343,0.040078806289432396,1.7303444453648158,0.0853608570752095,1,S10
0.011703296703296699,0.03789859016401674,1.8584099724179222,0.09906830036497229,1,S10
0.011185983827493261,0.028514591713632652,1.9499394734700521,0.02639510665244463,1,S10
0.008675324675324673,0.026217739145424846,1.9838028862362815,0.024415294922479663,1,S10
0.007250673854447434,0.03466966291617178,1.993967310587565,0.018794881353450348,1,S10
0.02170212765957447,0.0679553383078559,1.9847300574893043,0.021828432967709012,1,S10
0.01577507598784195,0.0465376370827896,2.0136139279320124,0.04175486649555919,1,S10
0.009825072886297376,0.03556884672213674,2.039281772431873,0.02458935324570541,1,S10
0.011736694677871142,0.04653644240984906,2.0220052628290084,0.020663594213208267,1,S10
0.011703296703296699,0.027914770017022816,1.9927833193824405,0.024889977185062934,1,S10
0.01593837535014005,0.057735063957633274,1.968137977236793,0.017207483270178014,1,S10
0.01841945288753799,0.059453261764743574,1.9716682434082031,0.02716870822218361,1,S10
0.015974025974025977,0.02977337768283093,2.0135194687616256,0.04186273108736441,1,S10
0.02313664596273293,0.05162406168616034,2.061788504464286,0.025797406868530538,1,S10
0.022303206997084556,0.06397040769937683,2.0678221566336497,0.023221040462360943,1,S10
0.01644314868804665,0.05418634514340306,2.0416887374151322,0.023582651279742115,1,S10
0.0190273556231003,0.05594094994681785,2.041807138352167,0.023890431473354106,1,S10
0.018024316109422484,0.058694943324634756,2.057576679048084,0.01782274766477386,1,S10
0.008914285714285706,0.06209583046216455,2.0648617154075986,0.021937869588926167,1,S10
0.006805194805194808,0.030051799996817653,2.062070101783389,0.022763139594463837,1,S10
0.008025974025974027,0.030896796122261195,2.045897038777669,0.01520551726477642,1,S10
0.019714285714285712,0.06403221804637381,2.0310120900472004,0.017549561661772718,1,S10
0.029232804232804235,0.094462201107197,2.0039087204706103,0.0236839529615354,1,S10
0.024609164420485167,0.05927054881122832,1.9649947211855934,0.027398905605170484,1,S10
0.017637362637362628,0.04139838823886067,1.9255243028913225,0.02506844506617798,1,S10
0.012829670329670325,0.030625545215269105,1.891142581758045,0.02236533353906042,1,S10
0.018207282913165264,0.05712874931511615,1.8585375467936198,0.022345177673140343,1,S10
0.021813186813186815,0.06074544853330948,1.8253698076520648,0.022781919919422022,1,S10
0.010740740740740738,0.03621336296559306,1.7940093630836123,0.02141793916944678,1,S10
0.027959183673469386,0.11354136529324041,1.7648926507859004,0.02075025405914473,1,S10
0.034285714285714294,0.09416340092950827,1.7391188303629557,0.01788755410882871,1,S10
0.030476190476190476,0.05223663251985793,1.7195225488571895,0.015504099672077592,1,S10
0.04200607902735562,0.06317624516790103,1.7001669020879837,0.017125968315930395,1,S10
0.020334346504559266,0.06606850594136561,1.6814558664957682,0.015287014850860488,1,S10
0.011778425655976678,0.03031130993876842,1.6671913510277159,0.014780510590495014,1,S10
0.010371428571428585,0.02482405979202868,1.6521639506022134,0.015834832016168233,1,S10
0.0096358543417367,0.031756673218803225,1.6397494906470889,0.014098223099199883,1,S10
0.022594752186588928,0.07945191845977524,1.6306015014648438,0.013768385903443734,1,S10
0.028793650793650795,0.07064004400685915,1.6232086363292875,0.01290224361361323,1,S10
0.02847176079734219,0.09254342609978149,1.6222842261904762,0.012994142268435423,1,S10
0.05073170731707316,0.11565498666542794,1.6217866261800131,0.013138837264089445,1,S10
0.04734693877551022,0.09577346218791938,6.653069505237398,0.05021879825488646,0,S11
0.05034632034632035,0.06520581994635195,6.583131808326358,0.05063567842760866,0,S11
0.04575510204081634,0.0632132768281074,6.499884850638253,0.04648554121079656,0,S11
0.04919642857142857,0.06849956880124984,6.435332579839797,0.02973161226709938,0,S11
0.05602678571428572,0.058274637361117265,6.395585032871791,0.02124509934404922,0,S11
0.04354978354978354,0.057491521559243405,6.36164414542062,0.022082048331829446,0,S11
0.03781746031746031,0.07075603241979188,6.316857964651925,0.03298376993589692,0,S11
0.035714285714285726,0.06140615604367065,6.265430432274228,0.03185576392563407,0,S11
0.042040816326530624,0.04850763200581731,6.2229444049653555,0.02211909493243694,0,S11
0.03764705882352941,0.04243492703033635,6.19331187293643,0.01568494135471242,0,S11
0.03489795918367346,0.05438533685843401,6.17754013424828,0.01035345823148869,0,S11
0.041890756302521,0.07058338445247825,6.15733288356236,0.02175470854619161,0,S11
0.044588744588744594,0.0610034838398962,6.128198369344076,0.01935718971719433,0,S11
0.043224489795918385,0.06447799726665893,6.107340894426618,0.012604981974834848,0,S11
0.026616541353383472,0.07260315361727726,6.082078443254743,0.021632051527030394,0,S11
0.025604395604395605,0.05960071222694561,6.056113433837891,0.015421721022462172,0,S11
0.028769841269841265,0.03701814847192201,6.0410205841064455,0.011774502082650372,0,S11
0.02297297297297297,0.03970828958330391,6.03185544695173,0.009966555470779551,0,S11
0.021505791505791506,0.027037368169204285,6.022569783528646,0.010920349882637714,0,S11
0.028301158301158303,0.04650187510238445,6.0097914377848305,0.011201893607720741,0,S11
0.03677551020408162,0.05858981515510437,5.993129257928757,0.014693658673238545,0,S11
0.04048979591836734,0.048116777093268476,5.980401792980376,0.010108111124725174,0,S11
0.0353968253968254,0.040484388396647024,5.974151484171549,0.009695656394814726,0,S11
0.031003861003861,0.032432084833269204,5.973538571312314,0.011905919662259205,0,S11
0.029047619047619037,0.03232764834307391,5.982028325398763,0.0127504854008539,0,S11
0.029661654135338347,0.04908085932201977,5.985152253650484,0.011016286501676005,0,S11
0.03165413533834586,0.04859026480213198,5.982772463843936,0.01068253241626513,0,S11
0.03227799227799226,0.041838710520335234,5.980192511422294,0.010202883264544741,0,S11
0.0388655462184874,0.05197997243516663,5.968531254359654,0.013768533102024631,0,S11
0.035673469387755105,0.05013078134335469,5.959348024640764,0.0088626979417006,0,S11
0.029795918367346935,0.029846203366243898,5.959307225545247,0.0089587575395517,0,S11
0.03118367346938775,0.031479936381095544,5.95634643917992,0.010045973998454912,0,S11
0.03289915966386554,0.04170350114195301,5.948942257109143,0.010530011685814817,0,S11
0.038655462184873944,0.04556835307717148,5.95111821492513,0.011797129821562113,0,S11
0.0449579831932773,0.04843702894062301,5.972307731991722,0.020066146934037563,0,S11
0.04874458874458874,0.05800894568786618,5.985604349772135,0.013450933581843042,0,S11
0.0477056277056277,0.04793762277021023,5.984125282650902,0.00835834965656687,0,S11
0.04453781512605042,0.062186108068051624,5.9933783758254275,0.015012225439231952,0,S11
0.04146938775510205,0.053152847361789185,6.001852707635789,0.011423619375143261,0,S11
0.0473529411764706,0.0528494990927289,6.004799434116909,0.01112355903584358,0,S11
0.043865546218487386,0.04059519691410295,6.010891977945963,0.010345818019534212,0,S11
0.04306722689075628,0.03467192582839506,6.013142322358631,0.009514162120492251,0,S11
0.04224489795918366,0.0385270459592372,6.030205227079845,0.019455563613252076,0,S11
0.04365546218487395,0.04635796829553466,6.043260102044968,0.012689311967963617,0,S11
0.0378968253968254,0.07723499855836496,6.0466996147519065,0.014484246181989503,0,S11
0.031349206349206335,0.07499963973815672,6.042752020699638,0.015260638953101245,0,S11
0.035551020408163256,0.05325887659825295,6.027789560953776,0.010452301435940831,0,S11
0.03476190476190477,0.05407382429406509,6.022521682012648,0.009048003539837195,0,S11
0.049621848739495815,0.07284432517444846,6.017773364839099,0.009708414195074254,0,S11
0.045974025974025994,0.044808673764628174,6.014396286010742,0.008636384319951614,0,S11
0.04310204081632654,0.04652599668300443,6.00967895871117,0.010196034273431513,0,S11
0.03865306122448979,0.04718417501538081,6.017527970813569,0.016117541566158453,0,S11
0.03840336134453781,0.046390156792474005,6.033235895066034,0.010243544128690787,0,S11
0.036764705882352956,0.04348940805619093,6.035932777041481,0.0091250080415199,0,S11
0.036218487394957984,0.045670605954266724,6.044177118937174,0.014954648127042235,0,S11
0.03789915966386555,0.053431736237163255,6.050491296677363,0.0123124075919485,0,S11
0.03597402597402598,0.042296568626001715,6.054752803984142,0.011644545930486316,0,S11
0.04242424242424242,0.052721047622069084,6.0598997933523995,0.009828605374099469,0,S11
0.04116883116883117,0.05620148026280057,6.056698771885463,0.009356842743967113,0,S11
0.05035714285714285,0.06196246515994774,6.0586252121698285,0.009947996237540831,0,S11
0.04801843317972351,0.047411954348861966,6.0670306069510325,0.011326158841760465,0,S11
0.038865546218487416,0.05533601120226104,6.0678775605701265,0.010801656576204369,0,S11
0.03083333333333334,0.041986211276552596,6.082622782389323,0.02586131945452873,0,S11
0.03607142857142856,0.052381202191417314,6.104702867780413,0.018148140473814252,0,S11
0.02944444444444444,0.06601463062080218,6.117114021664574,0.013544622990873223,0,S11
0.03161654135338345,0.061269252422261763,6.11930790855771,0.01267938155636081,0,S11
0.05354978354978354,0.08742747455849341,6.11452393304734,0.00991034572350363,0,S11
0.0482142857142857,0.0608336789364599,6.1233831314813525,0.011850636231751515,0,S11
0.04764705882352939,0.05408716182748239,6.124844160534087,0.012504286711058923,0,S11
0.04773109243697478,0.06124018846353046,6.111756406511579,0.013537945063074704,0,S11
0.04692640692640692,0.05934315806282498,6.105116871425084,0.009039431035125686,0,S11
0.051082251082251076,0.05416435754902423,6.105987403506324,0.00851245606395415,0,S11
0.04588235294117647,0.06036650521691055,6.112492643083844,0.014240100568917806,0,S11
0.03841269841269841,0.08172739281132974,6.125693221319289,0.014728025872076776,0,S11
0.03975510204081633,0.08937899888775254,6.123207001459031,0.013747048240027218,0,S11
0.054821428571428577,0.06215144745896093,6.120750354585193,0.011633270016372465,0,S11
0.04939393939393939,0.05677812417213821,6.135825184413365,0.012841913283256338,0,S11
0.03506122448979592,0.07592587983701568,6.1349438985188804,0.013241971617302917,0,S11
0.02975510204081634,0.059857267029373704,6.123408562796456,0.008446916435780402,0,S11
0.0018763326226012794,0.0028623130433117518,6.476297778174991,0.017960979357200438,1,S11
0.0026373626373626365,0.012719761013237576,6.484987059093657,0.01650637237025524,1,S11
0.00423963133640553,0.020333195639783863,6.500563612438383,0.01947997348513116,1,S11
0.005142857142857143,0.014216517636698128,6.522941553025019,0.021520753285730106,1,S11
0.004449648711943793,0.01477941325240232,6.536216536022368,0.011653373638653913,1,S11
0.0043793911007025755,0.013563504528694538,6.552559353056408,0.02004301941816633,1,S11
0.004894613583138174,0.012589946933475182,6.570587448846727,0.014698524124892491,1,S11
0.004333333333333331,0.01520766708336476,6.586683890933082,0.02618396404699416,1,S11
0.00495238095238095,0.02107382225030109,6.620634278796968,0.03166110380357585,1,S11
0.004332552693208432,0.01972247940842093,6.667893200828916,0.03263176363180737,1,S11
0.0041244239631336435,0.015729281193559642,6.708730606805711,0.017334957175419975,1,S11
0.004988290398126465,0.02034033729004664,6.729228083292643,0.015864722813691546,1,S11
0.007457627118644066,0.0293881676715812,6.738922754923503,0.016447649771395394,1,S11
0.00597619047619047,0.02802500875228798,6.7548141842796685,0.01905798055435925,1,S11
0.00361904761904762,0.01375622578273548,6.7742563883463545,0.012438944265985371,1,S11
0.005862068965517242,0.020311811667188557,6.793263262794131,0.018213338163398856,1,S11
0.0061654135338345874,0.01704931730476666,6.820233535766602,0.022291907396446414,1,S11
0.006961038961038962,0.029450887049826832,6.838048317318871,0.01669873508888885,1,S11
0.006545454545454544,0.025008328475287254,6.852709270658947,0.01889411213784768,1,S11
0.0059113300492610816,0.025496471513210696,6.885191127232143,0.026033844360324954,1,S11
0.0069704433497536945,0.02835054355335864,6.9068253835042315,0.013376108371299586,1,S11
0.006428571428571428,0.02746382032574499,6.901060286022368,0.014839825869769827,1,S11
0.005298701298701294,0.02200724957226467,6.895871898106166,0.014645057627984988,1,S11
0.0041854636591478695,0.014216240103692017,6.897974886213031,0.014691060873292396,1,S11
0.005939849624060152,0.031032254201007428,6.9281258900960285,0.03383659995091105,1,S11
0.007393483709273183,0.034915997619387774,6.958933621361142,0.018416950079863444,1,S11
0.004761904761904762,0.026507849020719464,6.968482099260602,0.016299601895233006,1,S11
0.002970521541950112,0.008838806579727071,7.010790071033296,0.05034827480774308,1,S11
0.003877551020408162,0.011344557267334708,7.095631681169782,0.06273706076672797,1,S11
0.003968253968253968,0.011724828355592767,7.158926028297061,0.033239138885385246,1,S11
0.0032027649769585244,0.01611085179816878,7.166198512486049,0.029236374678777072,1,S11
0.003619047619047614,0.015565827066860029,7.174152119954427,0.03580117873086873,1,S11
0.004642857142857139,0.01523623950512833,7.20014294215611,0.03512671469596974,1,S11
0.005214285714285714,0.0162998331043861,7.2091203235444565,0.017370840564519513,1,S11
0.005644028103044497,0.018613632848695383,7.2221235729399185,0.02907558597608493,1,S11
0.004738095238095242,0.01644568457406843,7.267625045776367,0.053419251494515395,1,S11
0.004309927360774825,0.014616391103445786,7.299606359572637,0.05038175311492697,1,S11
0.004237288135593224,0.013782794328478318,7.31766497294108,0.04527571803897984,1,S11
0.00503759398496241,0.02503860253448279,7.327534521193732,0.03413842703708258,1,S11
0.007295918367346939,0.02389700325681028,7.339161791120257,0.032139478853910844,1,S11
0.006403940886699505,0.018912535185041816,7.401721609206427,0.0601013877540418,1,S11
0.004827586206896553,0.017800184121707634,7.502892630440848,0.06700928251631345,1,S11
0.005496368038740922,0.020980757299743698,7.606206948416574,0.05749233566561633,1,S11
0.006029055690072638,0.023269153717727448,7.643076524280366,0.03554199532333436,1,S11
0.005157384987893462,0.020162309081129398,7.694089199247815,0.12684488703037375,1,S11
0.017312925170068032,0.03975363140961519,2.3750878288632347,0.012749830466024513,0,S13
0.023763066202090597,0.060942975236996696,2.367524137951079,0.013389223624858317,0,S13
0.036813186813186814,0.07859881827797334,2.3564512343633743,0.013274431856470552,0,S13
0.025607142857142863,0.07259800745741928,2.3457298460460843,0.014933176533465984,0,S13
0.016326530612244906,0.038783387787935705,2.3391338711693175,0.014794649142785487,0,S13
0.025428571428571422,0.06416517976792152,2.333072190057664,0.013193661930926772,0,S13
0.030999999999999993,0.0711748873197377,2.3252620878673733,0.012038430714318201,0,S13
0.027357142857142865,0.06906992115373153,2.3198071616036553,0.011916241101048905,0,S13
0.025857142857142863,0.06802307586974614,2.322134308587937,0.014322253310022414,0,S13
0.01608843537414966,0.05154576858143224,2.3294178372337706,0.014035889259888462,0,S13
0.015261324041811854,0.04282500684801151,2.333100763956706,0.011821949021060896,0,S13
0.016703296703296705,0.024630716471056035,2.334929711478097,0.011737625204335621,0,S13
0.0156794425087108,0.037329773138986166,2.3336766560872397,0.013029177367861463,0,S13
0.010162337662337663,0.04049758538195466,2.347176506405785,0.021570790031863036,0,S13
0.012857142857142855,0.051121547858896575,2.3588458833240327,0.014399309868362839,0,S13
0.014216027874564455,0.030627207227788944,2.3567540486653646,0.012470168207690232,0,S13
0.02189285714285714,0.06108964945612489,2.3654273441859655,0.014046127709042342,0,S13
0.022454212454212457,0.05904615973619146,2.372255870274135,0.011563283872788861,0,S13
0.015857142857142854,0.0415025142850844,2.372856975737072,0.011954225031398693,0,S13
0.013205574912891987,0.036874764447284464,2.368711235409691,0.013037144211022672,0,S13
0.022448979591836726,0.053664245226875636,2.358706792195638,0.013743383345159366,0,S13
0.02017006802721088,0.05361969805092748,2.349138459705171,0.013219405535357708,0,S13
0.011362126245847176,0.025715986923917085,2.341680708385649,0.012163230780333427,0,S13
0.011632653061224494,0.02939086074128725,2.3358266013009206,0.011927605636214226,0,S13
0.012789115646258519,0.03251933411884699,2.3394854409354076,0.016680391487622258,0,S13
0.010544217687074843,0.022820027039113015,2.3389736902146114,0.016861680063456744,0,S13
0.00830564784053156,0.018669565202960665,2.3316822052001953,0.01158495518122683,0,S13
0.011727574750830564,0.02981323986717935,2.3301288059779575,0.011317232064355417,0,S13
0.016632653061224495,0.04178086615416044,2.3301700228736513,0.0112170157672661,0,S13
0.01714285714285714,0.04064464169436223,2.3418799627394904,0.017719060865270257,0,S13
0.017585034013605432,0.0388075136066159,2.3576072692871093,0.014868887864039186,0,S13
0.015714285714285712,0.031069692469994248,2.365807070050921,0.011907967861358523,0,S13
0.02225,0.05151607712720575,2.3673299335298084,0.011702354123907563,0,S13
0.02785714285714286,0.058906656928005945,2.3635051908947173,0.01143893221755695,0,S13
0.019964285714285726,0.060967963681882176,2.3595652988978792,0.011391219801818444,0,S13
0.03539285714285715,0.07070399896680284,2.35680422101702,0.01133416732905249,0,S13
0.014464285714285725,0.04461938789913623,2.35481690906343,0.01140505212576543,0,S13
0.023031358885017426,0.06510101897846762,2.3539092290969124,0.011419401980561916,0,S13
0.021831501831501836,0.0581657992645303,2.3523306528727215,0.011570820730442534,0,S13
0.018351648351648365,0.041111533214723425,2.361838931129092,0.016001129831370534,0,S13
0.019360902255639106,0.04377612751860499,2.3695494333902993,0.011857557576192102,0,S13
0.01812030075187971,0.04510328268575785,2.365478733607701,0.011347439248773818,0,S13
0.01832752613240419,0.03956647912735508,2.362362761724563,0.011488658332204318,0,S13
0.016271777003484318,0.03134179792973988,2.3581640152704146,0.011252740706177624,0,S13
0.013763066202090595,0.03762968689890941,2.3519889286586215,0.01220196349205126,0,S13
0.017873754152823922,0.05433287075978185,2.3400505065917967,0.013898844250124977,0,S13
0.0232404181184669,0.05986723089315388,2.325151062011719,0.014012459388713315,0,S13
0.018392857142857138,0.04000746570448533,2.3167752402169364,0.011644568613594305,0,S13
0.014912891986062719,0.043316082812494605,2.3184408097040086,0.012171136029113242,0,S13
0.022160278745644604,0.06470070852438772,2.3331009819394066,0.022244038986850456,0,S13
0.022564102564102566,0.070024011916613,2.354643376668294,0.02081509830984031,0,S13
0.013344947735191633,0.055694929067115366,2.357435607910156,0.013829720859720653,0,S13
0.014320557491289196,0.04312855425518182,2.343307676769438,0.014146438382634317,0,S13
0.014494773519163758,0.030317095671778507,2.3326738448370072,0.011951760686651342,0,S13
0.010801393728222988,0.021383631744952256,2.3281988416399275,0.011351249762533525,0,S13
0.016321428571428567,0.03564451415346045,2.3271467118036178,0.011143954907882473,0,S13
0.015531135531135526,0.03598382218697277,2.3264861697242374,0.011792848380638231,0,S13
0.01431972789115646,0.04217607646299116,2.325815909249442,0.012473096312447342,0,S13
0.017857142857142856,0.053222570623925346,2.32379633585612,0.012143847018733722,0,S13
0.03874999999999999,0.0944270799640558,2.322686513264974,0.011456424234349082,0,S13
0.02818815331010454,0.08273460466240558,2.3245457785470145,0.011920992310938213,0,S13
0.008214285714285723,0.027070003406060587,2.3318351200648717,0.013936243427911284,0,S13
0.02271777003484321,0.06770010642679562,2.3403372810000467,0.012080647619125612,0,S13
0.02655677655677656,0.0551202303688797,2.3439102172851562,0.01160197615077176,0,S13
0.01625000000000002,0.03939612643255352,2.3486105237688335,0.011961959999886763,0,S13
0.014250871080139386,0.039275287952952195,2.3544386364164804,0.01191202769916631,0,S13
0.012824675324675329,0.05187460897866454,2.3610653286888486,0.01301285706645758,0,S13
0.00954545454545455,0.039704451093472044,2.364949417114258,0.012300261925116986,0,S13
0.012724252491694357,0.02729009573728123,2.3720650082542782,0.01646104678916745,0,S13
0.024000000000000004,0.07298744257684098,2.3761246272495815,0.015254944336841197,0,S13
0.02114982578397213,0.07307611580086507,2.376329821632022,0.012599417020641606,0,S13
0.01079734219269103,0.03178874864468041,2.3878205072312126,0.016934036812901135,0,S13
0.011088435374149667,0.025015574446973773,2.3943955194382442,0.014547316952256696,0,S13
0.009421768707482995,0.023535480256794868,2.390366981143043,0.01217207710146214,0,S13
0.012369337979094076,0.02742637884687515,2.3874733152843657,0.011528679019897764,0,S13
0.012891986062717777,0.02555850303018123,2.386496353149414,0.011365352833082147,0,S13
0.01610714285714287,0.037837571566429855,2.3923110780261814,0.016279763182279496,0,S13
0.02107142857142858,0.04685702574568688,2.4079150063650947,0.019344643421274045,0,S13
0.015464285714285719,0.03667230420313819,2.4223225003197077,0.015146665016990453,0,S13
0.011132075471698115,0.03317313693459443,3.3238960811070033,0.019709735990157094,1,S13
0.00888888888888889,0.03129114528612833,3.3519447508312408,0.028510515063255658,1,S13
0.007324675324675328,0.019035946070933632,3.3825758071172807,0.02057884445485992,1,S13
0.007744360902255639,0.02383234990994584,3.436878204345703,0.0494113447011096,1,S13
0.012806122448979591,0.04322111635635791,3.510276576450893,0.03635330621732117,1,S13
0.011012987012987014,0.036334125553214906,3.6180508931477866,0.10185254155543656,1,S13
0.008295739348370926,0.022473705991481043,3.7621371314639136,0.09461493680945611,1,S13
0.008571428571428574,0.02528553962083591,3.903387650989351,0.09470572745432068,1,S13
0.00770935960591133,0.03143677817913656,4.122644715082078,0.19433057447317548,1,S13
0.00859605911330049,0.035484259435953416,4.394943564278739,0.21058098032773656,1,S13
0.009844155844155843,0.03246914884659217,4.57609022231329,0.13220337234259666,1,S13
0.01,0.03573825867359127,4.68499276297433,0.10790336722668957,1,S13
0.012883597883597879,0.03894948746504691,4.941429882957822,0.2314391617865934,1,S13
0.012506738544474393,0.047304198701633424,5.1602476029168995,0.12744141392634717,1,S13
0.013269230769230766,0.04282446329025164,5.283077930268787,0.14976339972325736,1,S13
0.015027472527472522,0.041937149497302637,5.493343026297433,0.129087299357297,1,S13
0.01357142857142857,0.05086577135347537,5.750751186552502,0.2472502072996706,1,S13
0.010171428571428564,0.04190642831360609,6.034427043369838,0.288334677650824,1,S13
0.01214285714285713,0.03676438308515087,5.973841276622954,0.26350045191675786,1,S13
0.013422619047619043,0.04418621034950209,5.788575181506929,0.0806711832248037,1,S13
0.011696428571428573,0.03864015481961977,5.895166542416527,0.1160489897905541,1,S13
0.011583850931677018,0.025786973224879012,5.964220337640672,0.052438888766682665,1,S13
0.011603498542274054,0.03547462444610001,5.813005538213821,0.14125723393512413,1,S13
0.006291208791208794,0.028792941846788243,5.58862909589495,0.12389213480075112,1,S13
0.005024630541871928,0.028743989914203256,5.359265191214425,0.14621528055669433,1,S13
0.005476190476190474,0.022344915082657422,5.136434155418759,0.11815121822871996,1,S13
0.00687192118226601,0.024044546674393128,4.965818859281994,0.08387282026302909,1,S13
0.006942355889724313,0.021611753133949464,4.816242000034877,0.08761919181051245,1,S13
0.009844155844155843,0.030848651363073396,4.681627110072545,0.07821720428247265,1,S13
0.014204851752021562,0.04683989253403419,4.580062212262835,0.05469424227481706,1,S13
0.0194,0.0739538238320414,4.499526923043387,0.04356119098658407,1,S13
0.025045592705167163,0.07190532856131181,4.418915267217727,0.04977605611030335,1,S13
0.015440729483282666,0.03802261259931452,4.34715837751116,0.0404781609828777,1,S13
0.013848396501457727,0.03395247578962244,4.292453983851842,0.03096811088605107,1,S13
0.02052795031055901,0.05601596935775742,4.243563461303711,0.028546277922106303,1,S13
0.017446808510638297,0.05374527842733064,4.200811313447498,0.025144446336339606,1,S13
0.013677811550151976,0.04665822893532236,4.158319800240653,0.030420190414034928,1,S13
0.01604166666666667,0.05530035118219526,4.15682122366769,0.03629538919641653,1,S13
0.02541033434650457,0.08255999587876162,4.180869365873791,0.027669536673518392,1,S13
0.028704318936877075,0.06129645707701189,4.16474849155971,0.02242906465910761,1,S13
0.017049689440993783,0.03596627136343559,4.150384757632301,0.017368537107707187,1,S13
0.02936507936507938,0.06515741104578408,4.15265737261091,0.01743723525884475,1,S13
0.025282392026578084,0.05615126217235602,4.1412699563162665,0.01666415414315933,1,S13
0.013416149068322985,0.046414757246249674,4.103731754847935,0.042592953633165107,1,S13
0.032081632653061236,0.0581894348662878,2.825740523565383,0.018039277391275223,0,S14
0.03545454545454546,0.057856593615232293,2.82031740461077,0.013428562861375972,0,S14
0.03798319327731091,0.04654145953047657,2.8110650380452475,0.011839931488639863,0,S14
0.03308035714285714,0.052051880366207615,2.7981061117989676,0.01335048229004834,0,S14
0.03447004608294932,0.03455760866041704,2.7876102447509767,0.010659802115511027,0,S14
0.030357142857142853,0.028247143020315866,2.7815748487200054,0.011057344711945905,0,S14
0.028614718614718607,0.0282231616591007,2.77634155636742,0.010247254036519044,0,S14
0.02701680672268908,0.06864616918013007,2.7795716603597005,0.011715231578974698,0,S14
0.025756302521008415,0.08516291074227947,2.7863605499267576,0.01122978632734994,0,S14
0.02585253456221197,0.04602633105636601,2.7882393609909784,0.01030546140588774,0,S14
0.023116883116883126,0.06270254941152402,2.7883995601109097,0.01038169125906263,0,S14
0.026775510204081643,0.06392564012473018,2.789883477347238,0.010187597770579065,0,S14
0.027605042016806722,0.06394356633106539,2.794564601353237,0.010378290712104245,0,S14
0.02593073593073593,0.041374182342131055,2.796213894798642,0.010152604868770655,0,S14
0.02458874458874459,0.04105616106008275,2.793393107822963,0.009788956599062922,0,S14
0.021428571428571425,0.02864671248166784,2.792929640270415,0.0096551278822403,0,S14
0.020966386554621838,0.02221060828447779,2.79205447605678,0.009799875631692408,0,S14
0.0222689075630252,0.03138204878996472,2.7902390797932943,0.009626316277587978,0,S14
0.026839826839826837,0.033916907483341224,2.7895121074858165,0.009675597522868722,0,S14
0.028445378151260508,0.03180731241185701,2.792804027739025,0.010639935705695954,0,S14
0.02407563025210084,0.03593960411148305,2.7994413103376115,0.010304336748084111,0,S14
0.028917748917748908,0.03951376312333384,2.8076665605817523,0.011010995744143732,0,S14
0.02999999999999998,0.0750083034792077,2.810854303269159,0.009922487723746496,0,S14
0.020775510204081634,0.06829622169422866,2.803727050054641,0.010991972305638956,0,S14
0.022897959183673475,0.04987740071456026,2.7997235979352677,0.010160005416674688,0,S14
0.023403361344537823,0.040642773880744984,2.8004183996291387,0.01010184593639412,0,S14
0.021688311688311694,0.020892833377681448,2.797445642380487,0.01009357257485569,0,S14
0.022268907563025207,0.024409391819466778,2.7956106640043714,0.009632570189016096,0,S14
0.02474789915966386,0.024451875403443447,2.7980885823567707,0.009792384330413245,0,S14
0.025844155844155843,0.027805350029989438,2.8000817253476096,0.00953726402052351,0,S14
0.022420634920634935,0.06611105261608823,2.8073646727062407,0.014242364054904874,0,S14
0.01936507936507937,0.06780870374673012,2.814465077718099,0.012583713877071488,0,S14
0.023151260504201673,0.050851049525231784,2.8177064441499255,0.010405327334043115,0,S14
0.026163265306122445,0.05950680974177441,2.8210083734421505,0.009802120010625038,0,S14
0.018809523809523807,0.024105654353619253,2.8193016597202845,0.009986383373770459,0,S14
0.02091269841269841,0.0439367310818448,2.815113576253255,0.01035809681481734,0,S14
0.026134453781512603,0.054029994600543654,2.8107957385835194,0.01014817979522541,0,S14
0.023655462184873948,0.03301397480277432,2.8094209943498885,0.009981385584801269,0,S14
0.024075630252100844,0.03149581991661606,2.8104657491048175,0.009972634571299566,0,S14
0.02285714285714286,0.029796924780319447,2.810485894339425,0.009606434622643737,0,S14
0.025126050420168078,0.03549955270702716,2.809612310500372,0.009796180698076112,0,S14
0.02634453781512604,0.03556819098453752,2.8075636545817058,0.010294776648841358,0,S14
0.03247899159663865,0.04428712496577619,2.804781196230934,0.010264828348977783,0,S14
0.02982142857142858,0.03035709462844669,2.8024678366524833,0.009970242741507374,0,S14
0.02986607142857143,0.03032516198613915,2.799103182838077,0.010121998295404595,0,S14
0.028571428571428574,0.042743898001077654,2.795430446806408,0.01008768976966211,0,S14
0.028739495798319338,0.03952900547765499,2.7942852928524924,0.009999585869296458,0,S14
0.02757575757575758,0.033017939200042826,2.792969058808826,0.009905522855417872,0,S14
0.026060606060606062,0.036799263470399024,2.7906629653204056,0.009498000608408198,0,S14
0.027959183673469386,0.03489781000087458,2.7903970445905415,0.0096101482993391,0,S14
0.028487394957983195,0.03855978660284757,2.7926969619024367,0.010206495401420351,0,S14
0.02413127413127413,0.07399821844689566,2.8111304873511904,0.024063010762239143,0,S14
0.024517374517374516,0.0774911526446657,2.8157020387195404,0.02102112028258361,0,S14
0.02857142857142857,0.04288745283874316,2.80342777797154,0.00985799942710101,0,S14
0.028225108225108216,0.03816858618920525,2.803563998994373,0.009882480712068617,0,S14
0.027186147186147168,0.033965098583059315,2.8040147690545947,0.009792291125484184,0,S14
0.022408163265306112,0.03796013991310125,2.8007830846877324,0.01060542292797378,0,S14
0.020873015873015866,0.04092474680544435,2.799247124081566,0.011809633496127838,0,S14
0.017481203007518792,0.062191092800946826,2.8119552975609188,0.015978879233161544,0,S14
0.018045112781954892,0.06157719433427065,2.831187457130069,0.015269185929227769,0,S14
0.02011583011583012,0.06972357655074858,2.830015182495117,0.01570588835017691,0,S14
0.027469387755102045,0.04498906322683008,2.829067629859561,0.02360685911181352,0,S14
0.02678571428571429,0.04805608347345847,2.8436976114908856,0.02542123946786355,0,S14
0.01942084942084942,0.045914200412687525,2.83772094363258,0.019086282335025188,0,S14
0.02162698412698413,0.043856279314852364,2.821992964971633,0.010383019682803014,0,S14
0.031428571428571445,0.049418561214303,2.820013718377976,0.009641453162985043,0,S14
0.028991596638655477,0.039276463262756425,2.8210690271286736,0.00963624916436978,0,S14
0.02696969696969697,0.022267520172415036,2.820174335298084,0.009996163110430709,0,S14
0.029789915966386544,0.025789782272009405,2.817746680123465,0.010336993381747218,0,S14
0.025428571428571425,0.03319783021471401,2.8126839229038785,0.010308052478074816,0,S14
0.0259591836734694,0.037795614036726564,2.8091890425909134,0.01020501442233303,0,S14
0.0276734693877551,0.03993301900120711,2.8165492648170107,0.013399288034866293,0,S14
0.024612244897959174,0.03932559703951724,2.8274264562697637,0.01079227505320813,0,S14
0.02722689075630252,0.03841668560158999,2.8284061250232515,0.009910426665945878,0,S14
0.031302521008403375,0.029297878437973365,2.82583992367699,0.009804775341216054,0,S14
0.026370656370656373,0.058765651801428925,2.8327254885718935,0.013569212666164121,0,S14
0.029061224489795905,0.07957875996483574,2.848724873860677,0.0141434687150568,0,S14
0.03246753246753245,0.03765409223014724,2.8526983351934523,0.010813946423622251,0,S14
0.025042016806722682,0.02912799026268417,2.846800558907645,0.009892637664998071,0,S14
0.0030252100840336147,0.01381447386302388,3.05081787109375,0.021155061636925557,1,S14
0.0031224489795918377,0.014177845364632473,3.033140600295294,0.010519561735843959,1,S14
0.003739495798319331,0.021056806525968294,3.0330676850818454,0.011386362878222839,1,S14
0.00406593406593407,0.014991048846253765,3.02832650684175,0.013725906670921573,1,S14
0.006612903225806452,0.026382983646490412,3.0099037352062408,0.016400460225290438,1,S14
0.00805620608899298,0.02393982604536672,2.996075203305199,0.01122424763391437,1,S14
0.008547215496368043,0.02917734498403617,2.988309515090216,0.011330195060448089,1,S14
0.007095238095238095,0.02946792910644828,2.9843790508451917,0.00993444925831009,1,S14
0.00417050691244239,0.022061196404401295,2.98402962457566,0.010941298594142232,1,S14
0.003160173160173155,0.012359199231639756,2.981586419968378,0.01106522180355805,1,S14
0.0035930735930735907,0.01545302457049144,2.978123583112444,0.01149932426325284,1,S14
0.004151785714285714,0.019469848251671674,2.9649912697928293,0.015246570820983569,1,S14
0.0037188208616780022,0.014074045713834455,2.950122233799526,0.011425349819015464,1,S14
0.002857142857142853,0.018477496839935798,2.952075522286551,0.01401603464261085,1,S14
0.002665245202558632,0.009943168783929781,2.9596734728131975,0.01315843712193744,1,S14
0.0030952380952380953,0.01090046579197104,2.956064442225865,0.01194175499240432,1,S14
0.004195011337868482,0.01706150187239041,2.9511233556838263,0.012028324486474267,1,S14
0.005119047619047618,0.015795206927589872,2.960780279976981,0.015943229538381905,1,S14
0.004833333333333331,0.0162570100629882,2.969873065040225,0.010766912279633832,1,S14
0.006852300242130742,0.03511622264667032,2.968007605416434,0.010140715528023958,1,S14
0.008395989974937334,0.03471089207698529,2.9703040168398904,0.011542399831644087,1,S14
0.005288220551378445,0.015004023662171023,2.968806403023856,0.021605161185287238,1,S14
0.0043349753694581295,0.01625013050159175,2.971324775332496,0.027017812259687975,1,S14
0.004263392857142857,0.03030564425022316,2.9932521093459354,0.03314705461941811,1,S14
0.003361344537815124,0.00909753559765936,2.9919511159261067,0.030068843094884248,1,S14
0.0028571428571428567,0.00822636606596286,2.9737747555687313,0.013488776530153625,1,S14
0.003787878787878787,0.015266554299502823,2.9608670552571614,0.016712517292574242,1,S14
0.010483870967741936,0.07024406772570026,2.957815406436012,0.014042387217728674,1,S14
0.012566585956416474,0.06643416515107063,2.95736460004534,0.014599066245829564,1,S14
0.0063571428571428616,0.015392920821563355,2.94150519598098,0.013563378764923294,1,S14
0.00522248243559719,0.017945862556129087,2.9315213521321613,0.010394435402988926,1,S14
0.007142857142857141,0.02574445980952705,2.9287537347702752,0.009963237583893846,1,S14
0.0063922518159806345,0.020210274996137517,2.9263998304094585,0.010241047733078787,1,S14
0.004380952380952387,0.010323327396086211,2.924280984061105,0.012983533710147578,1,S14
0.00790476190476191,0.03571501515744501,2.937010774158296,0.020486186485182405,1,S14
0.008251231527093601,0.0354420204371617,2.9491205306280226,0.013755679964692649,1,S14
0.005510204081632654,0.013710212427677046,2.943088713146391,0.011084024586255414,1,S14
0.008418367346938778,0.021592551433254833,2.9361352284749347,0.009436792647773976,1,S14
0.011298701298701306,0.033878165718544226,2.932896005539667,0.009509323412104254,1,S14
0.011455026455026463,0.030719861661295304,2.9326541355678013,0.00961716461399639,1,S14
0.011098901098901102,0.027848870856206177,2.934259741646903,0.013246712720452431,1,S14
0.013763736263736257,0.04140465299404907,2.9469402494884673,0.020736652537991906,1,S14
0.011565934065934062,0.04097728342531212,2.953737585885184,0.015388014872213052,1,S14
0.011064425770308119,0.03360045102586285,2.9530557723272413,0.011009654340572774,1,S14
0.009206349206349204,0.04255553850336662,2.956868071783157,0.01012516242905874,1,S14
0.02084942084942085,0.030114659248927415,1.430444826398577,0.012142833419043042,0,S15
0.019849624060150374,0.037264505187713216,1.4417014712379093,0.011651772498127247,0,S15
0.02164285714285714,0.048842867034390294,1.4507227761404855,0.010903835512695342,0,S15
0.02075000000000001,0.05622477837968678,1.4597796485537575,0.011523870028396556,0,S15
0.024710424710424717,0.06307326275566583,1.4700798034667968,0.011803698334211164,0,S15
0.021081081081081084,0.051931542147498386,1.4791464487711588,0.01110156465058758,0,S15
0.018095238095238105,0.037935229439836814,1.4860672360374814,0.010652118277074532,0,S15
0.03323308270676692,0.10331113348406228,1.4945248740059989,0.011952198567627465,0,S15
0.03330827067669175,0.10959081341960449,1.5049834660121373,0.011701652710102881,0,S15
0.020413533834586474,0.06088943460063318,1.5148546491350448,0.011401957374640498,0,S15
0.013500000000000002,0.028119913264960807,1.5249692826043992,0.011530664950443269,0,S15
0.012035714285714288,0.025075781415197805,1.5338006882440476,0.010704339996647085,0,S15
0.015578231292517017,0.05391935486403118,1.5435244787307012,0.01188263197294082,0,S15
0.019084249084249088,0.08697771236920175,1.554596946353004,0.011536871116098012,0,S15
0.021547619047619045,0.05275634759726683,1.5647953578404017,0.011673745281672622,0,S15
0.019774436090225566,0.046010767235573104,1.5728739057268415,0.010415547039616965,0,S15
0.015091575091575092,0.035875191103807304,1.5792947496686662,0.010458548331598998,0,S15
0.014285714285714287,0.028164174948417654,1.5876556396484376,0.010977371839017657,0,S15
0.014599303135888506,0.029776439599494792,1.5961808704194569,0.0105664487090797,0,S15
0.018392857142857138,0.06438219250686607,1.6068983895438058,0.012418677396602257,0,S15
0.022857142857142854,0.082117369382192,1.618376686459496,0.011639520457989874,0,S15
0.025559845559845553,0.0682761934275307,1.618718501499721,0.013321681059885206,0,S15
0.02718045112781955,0.05981778070153555,1.6208872658865792,0.013945072109185112,0,S15
0.022404181184668998,0.059536451524371536,1.6517789931524367,0.03402598739833408,0,S15
0.017399267399267403,0.08149476476236661,1.6807798294793992,0.02393418958621545,0,S15
0.023320463320463322,0.05526377167067475,1.676736286708287,0.020618066612900183,0,S15
0.018278388278388284,0.048268157733856065,1.675034641084217,0.020150556065980832,0,S15
0.013250000000000008,0.027277757386335446,1.6887391771589007,0.012450998744326048,0,S15
0.013678571428571425,0.027911821790695738,1.6994505201067243,0.010656041125064363,0,S15
0.013639455782312923,0.023027258476663513,1.70678836277553,0.010875294104005414,0,S15
0.011821428571428571,0.03408548940300717,1.7172439393543062,0.012601257268416342,0,S15
0.017399267399267396,0.04406135564442485,1.728297878447033,0.010919743651751211,0,S15
0.020563909774436086,0.04641683316078604,1.7368113744826543,0.010737164436321174,0,S15
0.021098901098901106,0.03592067152569873,1.7451760609944662,0.010401260655740626,0,S15
0.0195970695970696,0.041770739074825376,1.752567345755441,0.010273746012987046,0,S15
0.015750915750915764,0.0383003703291096,1.7607537769135975,0.011325895662639751,0,S15
0.014887218045112791,0.03873885719459226,1.7745266868954612,0.013775940525699028,0,S15
0.015421245421245433,0.04465308454276898,1.7889900934128535,0.011433928460279467,0,S15
0.015261324041811854,0.03394027810244548,1.7996047610328312,0.011021374746505089,0,S15
0.018714285714285718,0.043746418192108956,1.8124489193870907,0.01363592376393082,0,S15
0.02308270676691728,0.06127047877612991,1.8239717937651134,0.01238961553583479,0,S15
0.02884920634920634,0.07293026471824784,1.829335239955357,0.011293056693374095,0,S15
0.027777777777777776,0.07274700975321778,1.835981441679455,0.01187235980230987,0,S15
0.021904761904761903,0.0470243958916774,1.843879191080729,0.010530676370825979,0,S15
0.016795366795366775,0.036390511399488894,1.8471015021914527,0.011790400025086077,0,S15
0.01880952380952379,0.03327141528890593,1.8556071145193918,0.01424242463033527,0,S15
0.01834586466165413,0.061506794573365414,1.8681258247012185,0.011909102584125848,0,S15
0.018937728937728937,0.06020914865394339,1.8768774850027903,0.012293462200176339,0,S15
0.02259398496240601,0.06636497368177177,1.882732682001023,0.010729517410783623,0,S15
0.01403571428571428,0.05175610741296494,1.8938050224667504,0.013800034067066438,0,S15
0.018071428571428575,0.040833799025824485,1.909330604189918,0.011601245310313837,0,S15
0.021501831501831516,0.041859687270300386,1.9195531754266648,0.010630347981026455,0,S15
0.019142857142857152,0.041293153194232574,1.9281355358305432,0.010943322466753313,0,S15
0.01673992673992674,0.03540146932843671,1.936352302914574,0.010700891485525447,0,S15
0.01373626373626374,0.035247213669006114,1.9441757202148438,0.010678117152153062,0,S15
0.018428571428571426,0.039341204041586364,1.952002915881929,0.010689122954542038,0,S15
0.015,0.031279652129254085,1.9600113096691314,0.010777154932527285,0,S15
0.014571428571428558,0.036430366867540025,1.9674557640438988,0.010097918207715278,0,S15
0.01667857142857142,0.04386531254695575,1.976560828799293,0.01157120873529353,0,S15
0.015331010452961672,0.032324111919639825,1.9837045760381788,0.010586689470982253,0,S15
0.021392857142857137,0.06977958927342676,1.986421675909133,0.010763178217125184,0,S15
0.022067669172932323,0.06716818164763984,1.996934309459868,0.014231784030900828,0,S15
0.016996336996336996,0.021296946940338474,2.0143953959147134,0.013484444468002928,0,S15
0.02233449477351916,0.05446426911904244,2.0278470538911364,0.011328807868546344,0,S15
0.018850174216027863,0.06360599694181292,2.03764401390439,0.01063878372697915,0,S15
0.018834586466165405,0.04964011961237086,2.048246837797619,0.011185383561664335,0,S15
0.022234432234432226,0.05007635751163069,2.058994129725865,0.010864377479133634,0,S15
0.015499999999999995,0.03272617362660107,2.068887510753813,0.010913756621613068,0,S15
0.011533101045296156,0.02396714107216633,2.076879610334124,0.009942714516207254,0,S15
0.016785714285714272,0.04386218496351753,2.0846184866768973,0.01062792950097625,0,S15
0.02234432234432234,0.047442500106197306,2.096856398809524,0.014584769407289444,0,S15
0.019714285714285722,0.05472606574541288,2.109514163789295,0.014997025625432226,0,S15
0.021499999999999995,0.0780733379733169,2.115999912080311,0.011561458524363348,0,S15
0.022717770034843193,0.0656840062773452,2.118928437005906,0.010838247337341685,0,S15
0.024798534798534794,0.06609786150790634,2.123729651314872,0.012390692926679776,0,S15
0.02177606177606178,0.04898610204157328,2.1286326272147043,0.011128938504170365,0,S15
0.018849206349206345,0.030640854636233738,2.1338164738246372,0.010010668365370618,0,S15
0.01676691729323308,0.030819730057947813,2.1407224745977493,0.010083553027772784,0,S15
0.02006493506493506,0.046862175494352495,3.256463350568499,0.01100614277581181,1,S15
0.029081632653061212,0.05340390764020329,3.2851053147088916,0.036258243636137985,1,S15
0.029999999999999992,0.0524436757697617,3.311865470522926,0.02277477768669723,1,S15
0.025551948051948038,0.03892682309230308,3.301156289236886,0.01654594854724401,1,S15
0.02363945578231292,0.04545545011145579,3.2916514623732795,0.012782535104376842,1,S15
0.027108013937282235,0.042705500535870695,3.29610717410133,0.011808579269213793,1,S15
0.026794425087108012,0.041918908845339,3.3081507546561104,0.013009473083949863,1,S15
0.030612244897959186,0.044414168952828306,3.3161188216436477,0.01224315953934744,1,S15
0.026734693877551025,0.032477253923074524,3.3229014442080542,0.013441330541034906,1,S15
0.02849999999999999,0.05239500623959907,3.3355403900146485,0.013860261686344688,1,S15
0.030789473684210523,0.05652319696259046,3.359842009771438,0.024335648407294536,1,S15
0.03533101045296168,0.06569153561777197,3.3851448785691036,0.02701091519433851,1,S15
0.029477351916376314,0.04335032345617409,3.383058529808408,0.02405191269836911,1,S15
0.030696864111498256,0.04397354104984496,3.3728253864106676,0.009595368364525647,1,S15
0.02999999999999999,0.04859838425784859,3.374596659342448,0.011145705454640904,1,S15
0.031184668989547026,0.06007915860527781,3.384493618919736,0.04007275382615936,1,S15
0.029686411149825773,0.06651858640947474,3.4137359255836124,0.05674786137514074,1,S15
0.02871080139372823,0.06114881945080937,3.422107169741676,0.03890848092688791,1,S15
0.03307692307692309,0.05671913212470367,3.4122569674537298,0.009723085966216459,1,S15
0.028428571428571425,0.0558160530360027,3.4123169308617003,0.010380810688003225,1,S15
0.025408163265306122,0.041125891451660165,3.411932845342727,0.010091319765630234,1,S15
0.03255639097744362,0.09533587541779011,3.420105216616676,0.010636777040784548,1,S15
0.04714285714285714,0.07613860455544749,3.4285185132707867,0.009481636232124656,1,S15
0.03640926640926641,0.05278152646399827,3.435194396972656,0.010209246936876379,1,S15
0.03257936507936508,0.0556489206836058,3.4420753115699405,0.009115738665159669,1,S15
0.02413919413919415,0.07045113373749183,3.4464066096714565,0.00886920740559492,1,S15
0.025548172757475084,0.04610170106353188,3.448506818498884,0.008759246585038384,1,S15
0.02816326530612246,0.051178191581158196,3.4532151721772695,0.00999389825635252,1,S15
0.02887043189368771,0.04931298759442869,3.463779067993164,0.011162331592588752,1,S15
0.030487804878048787,0.06089385400740265,3.4756131853376115,0.010355233867636761,1,S15
0.027838827838827844,0.04692068861822216,3.483613568260556,0.009126021942386426,1,S15
0.027330827067669178,0.04969765961246335,3.4947511037190755,0.01587118073632797,1,S15
0.026749999999999996,0.05330190549780422,3.4969884599958148,0.014967465231848906,1,S15
0.027362637362637356,0.047128772246573414,3.487373461042132,0.009477157867347258,1,S15
0.027030075187969935,0.04272990724419748,3.483923085530599,0.008498343828619697,1,S15
0.030146520146520146,0.04826219841572042,3.485810307094029,0.009004766433546392,1,S15
0.032637362637362624,0.04897467848442765,3.4918136778331936,0.009844329217771609,1,S15
0.029642857142857137,0.05693113236310682,3.5055813562302363,0.015063288769261595,1,S15
0.031208791208791206,0.056247630335573666,3.521083995274135,0.012530576233432806,1,S15
0.032895752895752896,0.04518273085864137,3.532869684128534,0.010921338928094586,1,S15
0.028455598455598446,0.058217839250999624,3.542048336210705,0.009445768601068667,1,S15
0.02660231660231661,0.06419626190803134,3.5461671738397507,0.008865652328457183,1,S15
0.032218045112781965,0.05448099512414666,3.551421610514323,0.009971443462242411,1,S15
0.03399267399267399,0.05320799339595969,3.5585354941231864,0.009344230388319904,1,S15
0.040535714285714286,0.055012114322774544,3.5646217346191404,0.009052070865042474,1,S15
0.03605263157894737,0.04857120757522972,3.576352074032738,0.0194989919331634,1,S15
0.04193277310924372,0.07719672020879786,0.9754396711077009,0.01310397539886492,0,S16
0.050238095238095255,0.09104784990782959,0.9749308086576915,0.013035374048906827,0,S16
0.0558095238095238,0.08717551849619344,0.9733735947381883,0.01327542146420862,0,S16
0.06171428571428571,0.07575790189622172,0.9700587863013858,0.013486107873816565,0,S16
0.06665024630541873,0.06212964647027651,0.9660747346423921,0.013282285112691774,0,S16
0.06581280788177343,0.07175400468411933,0.9629010155087425,0.013013911619566929,0,S16
0.057806122448979605,0.0794337992127773,0.9598352341424852,0.013161871378723551,0,S16
0.052091836734693885,0.0586820062643185,0.955760265531994,0.013060305597415441,0,S16
0.05916256157635467,0.08552863492591384,0.9530167897542318,0.012725459209630774,0,S16
0.04812499999999999,0.10479070120489287,0.9526648748488653,0.013048214660515223,0,S16
0.04566964285714286,0.10800403394312749,0.951901608421689,0.013368657207018571,0,S16
0.06192118226600985,0.07503476140763783,0.9469639006115141,0.013986196508565252,0,S16
0.046160714285714284,0.10138862697390512,0.9445207141694568,0.013239929075262499,0,S16
0.04896103896103896,0.1014885416551148,0.9493869781494141,0.013467723849289386,0,S16
0.06314285714285714,0.11842385517991602,0.9590949467250279,0.015030764785040972,0,S16
0.059359605911330056,0.07734312628587928,0.9716527303059895,0.01486514056001998,0,S16
0.040952380952380935,0.04450959297887583,0.9750068664550782,0.013377141346132182,0,S16
0.03766666666666665,0.06226984849268888,0.9700106666201637,0.013222644635445202,0,S16
0.04980295566502463,0.07485721858714212,0.9695073990594774,0.013311697364222174,0,S16
0.04832512315270936,0.0670564117611183,0.9719520387195405,0.013172178753030693,0,S16
0.046904761904761914,0.06261630008500542,0.9728951045445033,0.012720677366115507,0,S16
0.05295566502463052,0.07405434053095013,0.9741580781482515,0.012955117845108114,0,S16
0.05443349753694579,0.08594626016987712,0.9760201772054037,0.013141040613806542,0,S16
0.055615763546798036,0.08976397622972941,0.9749065580822173,0.013280778279335043,0,S16
0.04742857142857145,0.05610780284548115,0.972311528523763,0.013099220756958163,0,S16
0.04328571428571429,0.043666457841742674,0.9721403394426619,0.012996211766424189,0,S16
0.05064516129032257,0.06650245507206666,0.9742293221609933,0.013195144955346716,0,S16
0.04337662337662338,0.07511196124911848,0.9798921675909134,0.013615232521431783,0,S16
0.036160714285714275,0.08622322559407777,0.984073984055292,0.012900096583522692,0,S16
0.046428571428571416,0.07840380196610733,0.9836343129475912,0.012825203135435226,0,S16
0.03571428571428571,0.054200085911245005,0.984395999000186,0.012867443295114852,0,S16
0.032100840336134445,0.06609417384870638,0.9860815684000651,0.012865555537299024,0,S16
0.031218487394957983,0.06848118454292025,0.9861588432675317,0.012748882406138941,0,S16
0.028973214285714286,0.04846992658442983,0.9852879842122396,0.012790826251249247,0,S16
0.039956709956709954,0.08082060286067058,0.9854505811418806,0.012763462050327728,0,S16
0.04482142857142858,0.10711702867658059,0.9860917409261067,0.012560750497654954,0,S16
0.06157635467980296,0.07246955729610798,0.9848316192626954,0.012823107389046679,0,S16
0.07903061224489795,0.07330261133650696,0.9830017453148252,0.013089258158778237,0,S16
0.07494897959183675,0.07142962458880468,0.9820438566662016,0.013042515242999072,0,S16
0.06153439153439154,0.05721487808299934,0.9801125844319661,0.012959777170227556,0,S16
0.051534391534391516,0.046746138648562224,0.9777317228771392,0.01283396546308691,0,S16
0.0533673469387755,0.06012024157319952,0.9758123307001023,0.012879468739557807,0,S16
0.05651785714285715,0.0985776167430585,0.9734333038330079,0.012835621457047202,0,S16
0.04866071428571429,0.08147508170899641,0.9700765700567336,0.012917320892872666,0,S16
0.04665178571428573,0.0727084339649346,0.9684585026332311,0.012917388326566937,0,S16
0.04054621848739496,0.05642868583226401,0.9734209878104073,0.013928458333843832,0,S16
0.03397321428571428,0.05703022482294485,0.9782010033017113,0.01315419910252979,0,S16
0.03525345622119815,0.10323838077627004,0.9753162384033203,0.013481786834831967,0,S16
0.048265306122448996,0.08152776330592731,0.969104512532552,0.013572425263410796,0,S16
0.04866666666666666,0.07139425368558532,0.9644068400065104,0.013229657877482662,0,S16
0.03965517241379309,0.06688042261906854,0.9630892254057385,0.013057125511497977,0,S16
0.03880952380952382,0.08500739181338825,0.96361205691383,0.013094762756287893,0,S16
0.039815668202765,0.06789882119949223,0.9646050771077473,0.013072525160063924,0,S16
0.05557603686635944,0.08770198079989122,0.9662596203031995,0.012970130055234648,0,S16
0.06232142857142857,0.09590809194046558,0.9680112929571243,0.012780511001929352,0,S16
0.050092165898617494,0.07432754177422375,0.9668523879278274,0.012884082830833513,0,S16
0.05387755102040814,0.06666231472444804,0.9629462832496279,0.012909669668367532,0,S16
0.0742328042328042,0.07614993758753573,0.9599276769728887,0.013049730642594012,0,S16
0.0725,0.074907402373402,0.9584217253185454,0.013024805284392595,0,S16
0.03888392857142858,0.0803279619644411,0.9598880404517764,0.01305725216442023,0,S16
0.030129870129870135,0.05586062950484315,0.963847169421968,0.013036055901194513,0,S16
0.04350230414746544,0.06729369869881077,0.9647907438732329,0.012752305094754092,0,S16
0.05433179723502302,0.09181522897821161,0.9639822278703962,0.012848920479651285,0,S16
0.05185714285714285,0.0828394561891224,0.9651875450497582,0.012900193687860073,0,S16
0.05933333333333334,0.08738581255157564,0.9657756805419921,0.012735165760559386,0,S16
0.05576354679802958,0.07487466473715348,0.9656446184430804,0.012929921523551005,0,S16
0.047684729064039415,0.0511903654483852,0.9651248750232515,0.0128902173674933,0,S16
0.04357142857142856,0.060248411557154165,0.9638830820719401,0.012614754316852241,0,S16
0.042666666666666644,0.06258712630087933,0.9625687190464565,0.01282184768715639,0,S16
0.04628571428571426,0.05935881001111793,0.9610664730980283,0.013004682322938261,0,S16
0.03948051948051947,0.10925071082852679,0.9614647274925595,0.01307023255995841,0,S16
0.03311688311688311,0.09099024470254426,0.9645468212309338,0.013205070811894258,0,S16
0.05290476190476189,0.0663848197780906,0.9672309148879278,0.012950103026793646,0,S16
0.05802955665024628,0.0761309291112813,0.9691524142310732,0.012812729338611077,0,S16
0.052333333333333315,0.07372260875385958,0.9697473616827101,0.012887520869796706,0,S16
0.04834821428571427,0.09997842761262941,0.9834353310721261,0.02141001963749754,0,S16
0.036026785714285706,0.09476624553251861,1.0098498753138951,0.020233553870442098,0,S16
0.04783251231527095,0.07455569073121222,1.0233353569394066,0.013051921054558662,0,S16
0.06846560846560847,0.07587520374343017,1.0229549226306733,0.013006188744091953,0,S16
0.0020925553319919455,0.00629187283479342,2.614154543195452,0.04406112388733852,1,S16
0.0039445628997867785,0.021353179286916615,2.6774985540480842,0.049748542890379444,1,S16
0.004813186813186815,0.01749469502781635,2.731540552775065,0.0535989518745094,1,S16
0.0034821428571428573,0.013349834815558766,2.7680428277878533,0.05058053462597803,1,S16
0.005023041474654376,0.02086350184278334,2.8252020881289526,0.052266899817862915,1,S16
0.005898617511520737,0.02447103926043591,2.9315172467912944,0.10041815876920132,1,S16
0.004693877551020408,0.018705730050834528,3.0160762968517485,0.08462079752835414,1,S16
0.006797235023041478,0.026444498499052855,3.0012921287899927,0.06377660716469999,1,S16
0.00704761904761905,0.02415631551512051,2.97065057300386,0.04955417496059638,1,S16
0.003231850117096019,0.008744110610269558,3.0081827799479166,0.04731657332231689,1,S16
0.0028337236533957865,0.008138730277862386,3.0710630871000744,0.0438185385823639,1,S16
0.006222760290556899,0.024408605969032184,3.1195471627371654,0.041578352910398894,1,S16
0.006150121065375304,0.024578199048765265,3.1737289065406435,0.05700398610905218,1,S16
0.004561403508771932,0.019515348925888878,3.2566583905901227,0.06460455921805311,1,S16
0.004668367346938774,0.011134816829576937,3.3646841321672714,0.07190940726403171,1,S16
0.006020408163265305,0.01614416430923135,3.5061971391950335,0.09203442683392067,1,S16
0.007688311688311686,0.02398988869243078,3.610933194841657,0.04174999323526206,1,S16
0.005873015873015879,0.02231312454745709,3.6887643178304037,0.07187029547104767,1,S16
0.006675324675324676,0.026168732415357304,3.795417694818406,0.0737737484365837,1,S16
0.0074234693877551,0.022741927001652007,3.913026137579055,0.07490604969820064,1,S16
0.006337662337662339,0.021970077337348626,4.048170652843657,0.10874365636606095,1,S16
0.0070350404312668445,0.017210433306144794,4.076706005278088,0.09521687682450562,1,S16
0.005867346938775513,0.03443899036720156,4.069629360380627,0.06066713271178639,1,S16
0.0033870967741935513,0.0261223505604092,4.141877365112305,0.05800963520059797,1,S16
0.0016233766233766244,0.013824723208786005,4.207789720807757,0.04340934899905759,1,S16
0.0014688128772635835,0.014760411257440906,4.275095131283715,0.05135116753086875,1,S16
0.0014285714285714299,0.004499997480472971,4.3253241039457775,0.035441601060856504,1,S16
0.0024206349206349173,0.014495021898162219,4.377869996570405,0.05419784250572294,1,S16
0.002877846790890268,0.01123220514057087,4.4546097528366815,0.04787387349776352,1,S16
0.001946169772256728,0.00456016286782514,4.538066664196196,0.05766198291951935,1,S16
0.002899786780383792,0.019419266257619593,4.579993002755302,0.021774739554892755,1,S16
0.003252747252747252,0.014827850946658873,4.607404817853655,0.04531007368506974,1,S16
0.003208791208791208,0.010696933782466365,4.6440176645914715,0.03338348094303613,1,S16
0.0058503401360544246,0.02233328925957361,4.672412872314453,0.03827032920694887,1,S16
0.006190476190476188,0.0257729161855065,4.706085750034878,0.040725571441464194,1,S16
0.002995391705069122,0.017152692471885368,4.702194813319615,0.040517852627507275,1,S16
0.002949308755760369,0.01046224199275055,4.729897199358259,0.05958261757923037,1,S16
0.004261904761904762,0.021556254399236103,4.7762544722784135,0.04799418099834974,1,S16
0.004213075060532687,0.017323437127859543,4.761247053600493,0.0393278346689649,1,S16
0.003946731234866825,0.015082915204487473,4.817167427426293,0.12786324478634706,1,S16
0.003995157384987892,0.015780524177309744,4.890486562819708,0.10659368862818146,1,S16
0.004679802955665027,0.024011363189258894,4.854254695347377,0.05408247304796363,1,S16
0.005911330049261082,0.022006448590919925,4.889877991449265,0.1058700457633863,1,S16
0.007368421052631577,0.03031874638876628,4.938105919247582,0.09360741438482435,1,S16
0.008979591836734692,0.030051264503355584,4.986232703072684,0.12225457061054489,1,S16
0.048021978021978017,0.08926393305752306,5.545857856387184,0.05069114662596807,0,S17
0.08608163265306122,0.14233699397509939,5.46655409676688,0.06590367339281629,0,S17
0.09672811059907836,0.10822532615474541,5.387248938424246,0.031810314424124964,0,S17
0.07769585253456221,0.09314567124364166,5.3433253333682105,0.019956610015382924,0,S17
0.07389162561576353,0.11070076722383444,5.322042846679688,0.009695327236509345,0,S17
0.06801843317972352,0.12622100564969121,5.315131632486979,0.009300796082575991,0,S17
0.05915966386554621,0.08366809340619281,5.31214477902367,0.009050747277245533,0,S17
0.08299999999999999,0.10591173169030518,5.316740272158668,0.009574129076521732,0,S17
0.07783251231527094,0.0945637555032333,5.3234800974528,0.009185463687851428,0,S17
0.07495238095238095,0.08439379756087499,5.3212854839506605,0.010165603272991623,0,S17
0.07771428571428572,0.07472284508990805,5.3122542971656435,0.010237609597287756,0,S17
0.07674876847290642,0.07838795316765236,5.305029696509951,0.008483310662652238,0,S17
0.07367346938775511,0.07681428494188121,5.300342850458055,0.008070721733873918,0,S17
0.0639408866995074,0.06525053756913597,5.296061615716844,0.00792577273921479,0,S17
0.06315270935960593,0.06250480253657359,5.291663633074079,0.008012197424785683,0,S17
0.06576190476190477,0.07411338944839686,5.289452725365049,0.0074158725403434145,0,S17
0.0622167487684729,0.08311972623203764,5.289773414248512,0.007516141490517717,0,S17
0.08658163265306122,0.08050638708526776,5.29550899323963,0.009649088055156097,0,S17
0.0929047619047619,0.1253471469140111,5.304090009416853,0.009150210982966648,0,S17
0.10700460829493091,0.14188541581607683,5.308757981799897,0.008811673842094896,0,S17
0.08527093596059113,0.12205349000241127,5.313331622169131,0.008239404412217712,0,S17
0.04804761904761905,0.0849461393376721,5.318804386683873,0.008959854886366874,0,S17
0.0425,0.05969510182324006,5.319253431047712,0.008551161504859087,0,S17
0.053732718894009206,0.08632288356167823,5.319988813854399,0.008862733118363867,0,S17
0.05985714285714285,0.0792686740842456,5.321079235985166,0.00921741794402838,0,S17
0.05271428571428573,0.07258463890701927,5.318919917515346,0.008533255978270553,0,S17
0.062488479262672814,0.05959144223162331,5.32315784635998,0.008945880482785582,0,S17
0.07811059907834102,0.09326540359112433,5.330805896577381,0.008392296695724685,0,S17
0.07741071428571429,0.11623129133902137,5.329631932576498,0.009978963675691545,0,S17
0.07585714285714286,0.10753244664116289,5.327975772676014,0.00908654107963011,0,S17
0.0837142857142857,0.10352659435687181,5.335053816295805,0.008872148148447714,0,S17
0.06928571428571426,0.1130148246608816,5.342654709588913,0.008776034143849556,0,S17
0.0625806451612903,0.07461325401952827,5.350641214279902,0.009853771944793041,0,S17
0.054687499999999986,0.07318865195343191,5.359812473115467,0.009811182105893577,0,S17
0.03904761904761905,0.043055747599054256,5.365244275047665,0.00823247749407697,0,S17
0.0452995391705069,0.05830772450205154,5.373408326648531,0.010669725576523402,0,S17
0.04718749999999999,0.05932116627605544,5.383337801978701,0.008574616732979922,0,S17
0.058080357142857156,0.09175839106746937,5.385835484095982,0.007949375603521215,0,S17
0.07161904761904762,0.0936361759200524,5.384318942115421,0.007470615797541061,0,S17
0.04947619047619047,0.07211865254285053,5.384472292945499,0.0074415636726088245,0,S17
0.06921658986175112,0.12071388122026483,5.3937398638044085,0.014410000305111546,0,S17
0.07985221674876847,0.1424755299831902,5.4126807258242655,0.019015293244010818,0,S17
0.06620689655172414,0.10561939112830052,5.436066999889555,0.0172566291580734,0,S17
0.057666666666666665,0.07397862220646205,5.450184595017206,0.009471716896186574,0,S17
0.06938775510204083,0.08557207499487146,5.456017357962472,0.010371920217348781,0,S17
0.07596938775510202,0.08479422399959712,5.4601034255254834,0.008519565660260128,0,S17
0.07454081632653063,0.07263406062644256,5.461671665736607,0.008381098488753893,0,S17
0.07871428571428574,0.11174401611498298,5.465611557733445,0.008054002803675733,0,S17
0.07947619047619049,0.1303362516376111,5.466367321922665,0.007496148751130265,0,S17
0.06476190476190474,0.0750001214770639,5.467483901977539,0.007908113275694907,0,S17
0.05888888888888887,0.05744417640413043,5.475311878749302,0.008804191954599631,0,S17
0.06132653061224488,0.05757927453037418,5.479841050647554,0.007089096646832204,0,S17
0.04168831168831168,0.15510297473971685,5.500756236485072,0.03021289719026154,0,S17
0.0503265306122449,0.15500499325501876,5.52119136991955,0.021354421378054964,0,S17
0.08930875576036869,0.14971931114623135,5.527214558919271,0.010965602048173548,0,S17
0.1282010582010582,0.12973585922755784,5.539941824050176,0.015223885847341754,0,S17
0.09494505494505494,0.11196859850062679,5.5424063001360215,0.014490348141990133,0,S17
0.08121693121693119,0.10472961308798648,5.537046141851516,0.009272638414340685,0,S17
0.10162561576354678,0.10194152652345348,5.528625869750977,0.01003424402350177,0,S17
0.08442396313364056,0.10129965988960674,5.52375477382115,0.008474189472991904,0,S17
0.05687500000000001,0.0885370395296652,5.526626296270461,0.009016500003355741,0,S17
0.05875,0.07463268749526118,5.522505296979632,0.009622065322722065,0,S17
0.06473214285714285,0.08713146937547489,5.517224339076451,0.007674863474350358,0,S17
0.05585253456221198,0.08197065607052717,5.51968629019601,0.00811288676141286,0,S17
0.06700460829493085,0.0877856012255171,5.520880272274925,0.007722018277700364,0,S17
0.07254464285714286,0.10665895359193801,5.517555799938384,0.0077273282489325355,0,S17
0.05476190476190476,0.074023358917433,5.516935766310919,0.0074198576089449415,0,S17
0.04571428571428571,0.05734050169545416,5.5244593302408855,0.009843432105830966,0,S17
0.05727272727272727,0.09473504170339893,5.531089728219168,0.007528367826139605,0,S17
0.07885714285714286,0.14031901654913914,5.535086931501116,0.007340470298852124,0,S17
0.052499999999999956,0.08564880574588207,5.536732119605655,0.007333583293290071,0,S17
0.03353383458646617,0.17143360407127076,5.594809977213542,0.07539612276084902,0,S17
0.026054421768707488,0.12071003280936768,5.601310348510742,0.07079629676275542,0,S17
0.04637065637065637,0.14879408599516147,5.560574286324638,0.02880562768264249,0,S17
0.061218487394958,0.14691198168409894,5.567164884294782,0.025418456731330197,0,S17
0.05806722689075632,0.11423084688767181,5.5771667117164245,0.027219639420011394,0,S17
0.050909090909090925,0.12030958494267972,5.588149879092262,0.02274647486204187,0,S17
0.07541871921182265,0.10329041241592635,5.590745871407645,0.01040391683145103,0,S17
0.004590163934426228,0.018637704635044442,7.1654170081728985,0.014508929641755833,1,S17
0.015376623376623374,0.06020535712934566,7.144863473801386,0.019054884521359092,1,S17
0.023361344537815132,0.049945349616510044,7.108791551135835,0.02610327778298174,1,S17
0.023585434173669467,0.05468528565651699,7.07354113260905,0.019103492145988082,1,S17
0.020599999999999997,0.049084694684928924,7.067625082106817,0.010612159565001826,1,S17
0.04714285714285715,0.07161939688180634,7.069799114408947,0.008936601889082334,1,S17
0.02974285714285715,0.0882614429263015,7.076946621849423,0.025084849046587743,1,S17
0.01615384615384616,0.05287019223659353,7.134654326665969,0.05050276222020428,1,S17
0.010370370370370374,0.028336460031394377,7.1740934281122115,0.01241586401621454,1,S17
0.022549019607843137,0.06641832240807834,7.176965441022601,0.02761677689945626,1,S17
0.03019999999999999,0.07217107355235851,7.195696549188523,0.030854669725811298,1,S17
0.01708791208791209,0.05692488815351033,7.202922257922944,0.019075332173401963,1,S17
0.020604395604395608,0.05099892864529333,7.196158490862165,0.015081647312003047,1,S17
0.019885714285714295,0.035041804091094995,7.200673657371884,0.015007222809778857,1,S17
0.01956268221574344,0.03810684228024448,7.23115116301037,0.025489584623611405,1,S17
0.029939209726443768,0.05125942719279827,7.272714723859514,0.022397967263591553,1,S17
0.0332608695652174,0.0643548099215383,7.304107938494001,0.02738173903107114,1,S17
0.026118012422360247,0.054600597330866175,7.391959580920991,0.0806001804048591,1,S17
0.010599999999999997,0.03350517108710568,7.446064485822405,0.027650831250368463,1,S17
0.007829670329670331,0.01598984900417969,7.428267033894857,0.012975470436770633,1,S17
0.01179271708683474,0.02949719274618872,7.442746425810315,0.016375877284807678,1,S17
0.022261904761904757,0.053809891508690116,7.44905519031343,0.013532249980667951,1,S17
0.036136363636363626,0.06057067983963716,7.4414586930047895,0.014825586892994624,1,S17
0.04228571428571429,0.06680045012713264,7.415031142461867,0.028026496673287576,1,S17
0.033571428571428585,0.1018040544756669,7.427270925612676,0.037662175105534726,1,S17
0.01630252100840336,0.038996853575869114,7.45655889965239,0.012468968438666952,1,S17
0.007423469387755106,0.03387073164467131,7.422438031151181,0.03937472929908588,1,S17
0.003091334894613585,0.021766194614930633,7.371702212379092,0.03559267552695906,1,S17
0.001912087912087911,0.013066585232253814,7.355710529145741,0.01302896572661495,1,S17
0.002164502164502167,0.01158365483643291,7.356871287027995,0.012599775917429078,1,S17
0.008341013824884795,0.03408216823678517,7.35859854561942,0.016277222389257703,1,S17
0.017343358395989977,0.056531879982382495,7.357217007591611,0.016179641671476112,1,S17
0.0329120879120879,0.08643211768165654,7.327945164271763,0.02640372795567211,1,S17
0.050728862973760926,0.09586002124696921,7.296049517676944,0.019903589717859438,1,S17
0.022280219780219775,0.09224619155519716,7.286900293259394,0.016855259745436935,1,S17
0.005023809523809525,0.017952251807012518,7.28053103855678,0.021307797402627403,1,S17
0.0030210772833723634,0.010993850348352017,7.269222059704009,0.013271534441971261,1,S17
0.003502304147465436,0.010780113082743023,7.272122537522089,0.018392112024365227,1,S17
0.0033333333333333353,0.010241036399242622,7.26507435753232,0.021854101188100723,1,S17
0.0033928571428571462,0.012690171553270787,7.259884807041713,0.015525290462752629,1,S17
0.0032307692307692337,0.014284484401997512,7.269750377110072,0.013458668240339911,1,S17
0.0027032967032967034,0.011522554011636009,7.272692235310872,0.007642410183117235,1,S17
0.005253456221198153,0.027524720797609346,7.285746456327892,0.026741656744924205,1,S17
0.016115288220551374,0.05863701805128946,7.319781348818824,0.03985532169369692,1,S17
0.015438596491228073,0.055697100484260895,7.327327528454009,0.02917589146861869,1,S17
0.025714285714285717,0.07920470775876876,7.32356340317499,0.018869760590854594,1,S17
0.02751322751322751,0.07865200976822016,7.337080964587984,0.01672553681069314,1,S17
0.00667487684729064,0.02259607961556969,7.363165828159877,0.03441225964530009,1,S17
0.02945054945054944,0.08347906984412809,5.287913040887742,0.21611592674889063,0,S2
0.04121428571428572,0.08302221258810902,4.9980263482956655,0.14673639327634033,0,S2
0.05297297297297297,0.1101256676334672,4.786997749691918,0.10339484394049314,0,S2
0.04865546218487397,0.08479444238505211,4.600694910685221,0.12383500227191242,0,S2
0.03844537815126052,0.05552106736440501,4.388413801647368,0.12135916375740667,0,S2
0.041510204081632654,0.08243491519455995,4.177753393990653,0.12143052623979952,0,S2
0.040822510822510816,0.0903944701228864,3.9853331429617747,0.10212429823387031,0,S2
0.04220779220779221,0.06345851052245848,3.830093220302037,0.08120214545863638,0,S2
0.0367099567099567,0.05191803454071896,3.6881966545468283,0.08472462011715784,0,S2
0.04815126050420169,0.057868224112482734,3.5357808067685084,0.09200086182724707,0,S2
0.05677551020408164,0.07284944801499663,3.406773158482143,0.0701394250445308,0,S2
0.0488888888888889,0.07832584731813874,3.327962076096308,0.056770573701578605,0,S2
0.03970588235294118,0.06414550307190822,3.221435801188151,0.0897074179097165,0,S2
0.04121212121212121,0.03812691260233163,3.075929968697684,0.07970532213776436,0,S2
0.04670995670995672,0.054374439681708985,2.94435297648112,0.07367878074087385,0,S2
0.03894957983193277,0.05579094673519467,2.823177973429362,0.06758581131220226,0,S2
0.033193277310924356,0.041731575154168095,2.7160279591878256,0.05931176341552893,0,S2
0.03896103896103897,0.050130611131777046,2.619797933669317,0.05563296115038316,0,S2
0.04705882352941176,0.07222167273398472,2.5300045013427734,0.05182618075025744,0,S2
0.045798319327731096,0.06913138714105661,2.447488784790039,0.04787703727482579,0,S2
0.04753246753246754,0.07821395560572,2.37248656863258,0.044278878121000585,0,S2
0.046875,0.09035112215691395,2.3037052154541016,0.04167170605950595,0,S2
0.042987012987012976,0.07066678552654132,2.240687016078404,0.03787230383842783,0,S2
0.044831932773109234,0.050758774064422744,2.183339418683733,0.035228096120167744,0,S2
0.03705882352941177,0.04754784959210024,2.127662131899879,0.03605283557283738,0,S2
0.03256302521008402,0.041760388278301704,2.0722334907168434,0.03535244872563416,0,S2
0.03255411255411256,0.052553670516203285,2.0195302145821707,0.033499487085496785,0,S2
0.039264069264069265,0.04974832500385532,1.9683624630882626,0.03350907448680665,0,S2
0.040995670995670995,0.04535978464288238,1.919399170648484,0.031202779574907486,0,S2
0.0349579831932773,0.0379413168397179,1.8746754782540458,0.029398952836830045,0,S2
0.038917748917748914,0.04361257507915527,1.8325028374081567,0.028939783022562053,0,S2
0.04058823529411765,0.051538980932900026,1.7925780341738746,0.027426090461699894,0,S2
0.03579591836734692,0.04959858708945085,1.7575408027285622,0.024189205338330834,0,S2
0.04701680672268907,0.06639482825862175,1.727735337756929,0.02308656303480392,0,S2
0.05268398268398268,0.06521820533332108,1.698680169241769,0.023903623671779114,0,S2
0.04545454545454547,0.051024477275768816,1.6700310661679223,0.022697795122305214,0,S2
0.04696428571428572,0.04717498577235758,1.6433563777378628,0.02235268443570998,0,S2
0.05067226890756303,0.04630834849525715,1.6176437196277438,0.021895551857342332,0,S2
0.03760504201680673,0.04120880687747328,1.59307861328125,0.02141039495661686,0,S2
0.038361344537815124,0.052052323657714165,1.5687647138323102,0.021770055419817382,0,S2
0.052163265306122454,0.06835267640982313,1.5456004914783297,0.020665554025980495,0,S2
0.05394957983193278,0.06669112976129572,1.5256332397460937,0.019792402859034924,0,S2
0.03870129870129869,0.04532256165547659,1.506200445265997,0.020403633308542182,0,S2
0.033809523809523796,0.04475373773406428,1.4865441095261347,0.019808912583820053,0,S2
0.03718614718614719,0.047375006975473206,1.4686508905319942,0.019371038323819093,0,S2
0.03870535714285714,0.05210725964176489,1.452025368100121,0.0190116998471025,0,S2
0.03745535714285714,0.03846909235846426,1.4360100700741723,0.018720789589618127,0,S2
0.04735930735930736,0.06402441816242183,1.4196245284307571,0.01930043186831456,0,S2
0.06642857142857142,0.07722095172462033,1.4026772090366908,0.01925115407785697,0,S2
0.04930735930735931,0.07000697303027811,1.3853323800223214,0.019471899558881258,0,S2
0.04486607142857142,0.051677324856382975,1.366928173246838,0.020041689464394306,0,S2
0.052727272727272706,0.05682190202944306,1.3480247134254093,0.019982509391629603,0,S2
0.044017857142857136,0.07604051061695027,1.3288824172247025,0.019956411427954224,0,S2
0.04415178571428571,0.06302560517196043,1.3111289433070592,0.01914731891534651,0,S2
0.038614718614718636,0.03429837877814113,1.295182400658017,0.01914725225573443,0,S2
0.04126050420168068,0.04188152903093654,1.2776692889985584,0.020244026776719538,0,S2
0.041904761904761896,0.04918825929797308,1.2567432040259952,0.021276685641783206,0,S2
0.056428571428571425,0.05510586161841526,1.2377248854864211,0.019125339300624232,0,S2
0.06691964285714287,0.07014344371875446,1.2240032559349423,0.01823248127335762,0,S2
0.054369747899159666,0.09523076162240683,1.2146880376906621,0.017644963892698196,0,S2
0.04677551020408165,0.09382754204796377,1.2046480088006883,0.018657547470186074,0,S2
0.05497835497835499,0.07162932737021842,1.1959491911388578,0.017421735414728953,0,S2
0.05345622119815668,0.04959463790629107,1.1916235605875651,0.017579002979260776,0,S2
0.042499999999999996,0.04989447457739881,1.1827078501383463,0.018456076768151468,0,S2
0.05164502164502166,0.05329680805931524,1.1716342926025392,0.017738193763115032,0,S2
0.05084033613445379,0.05815608978294664,1.1626463390531994,0.017716614459420174,0,S2
0.04692640692640693,0.06211459803714202,1.1636104038783481,0.019921827623115836,0,S2
0.039673469387755095,0.05974449829771402,1.1591704777308873,0.021638042791362305,0,S2
0.03392857142857142,0.04666080274026206,1.1476905641101656,0.01731910083380076,0,S2
0.04126984126984127,0.05488845783474331,1.1424303327287946,0.017586957805652864,0,S2
0.037061224489795916,0.05820576429987349,1.137627701532273,0.017049746021268256,0,S2
0.04810924369747899,0.04397386676122756,1.1329889206659227,0.017362046287851967,0,S2
0.03926530612244898,0.057275144494542726,1.124721436273484,0.017788678154759846,0,S2
0.043195488721804516,0.06132124142908835,1.121462177094959,0.01789089390944162,0,S2
0.03699248120300752,0.06513584795512019,1.1085552942185175,0.023387356101488642,0,S2
0.06533834586466164,0.11278205662079616,1.1111307598295665,0.0441292982114738,0,S2
0.029821428571428575,0.03658383935756838,1.2486127217610676,0.020185359361727554,1,S2
0.03142857142857144,0.051238724493834764,1.222180884225028,0.025887699687469817,1,S2
0.024248120300751883,0.04478935388539153,1.1962535131545293,0.02030150281844743,1,S2
0.025112781954887226,0.04534751193631709,1.184878630865188,0.01760748987792517,1,S2
0.0324812030075188,0.06200009998264963,1.1796703520275298,0.017119279193117645,1,S2
0.03535714285714286,0.07977218946632254,1.1993192400251116,0.04099299098619469,1,S2
0.03337301587301586,0.06785162573616071,1.2584493364606584,0.05268937168117012,1,S2
0.02315018315018315,0.06866280184454213,1.2896539778936478,0.021810475519070404,1,S2
0.026739926739926742,0.07150552997025146,1.2790867215111141,0.01778195793916258,1,S2
0.03391836734693877,0.06877563426447425,1.269923855009533,0.018099505507972954,1,S2
0.026176470588235298,0.06379979619222224,1.263698250906808,0.01747657335075251,1,S2
0.021621621621621626,0.06608894248029569,1.2652254558744884,0.017940543981697518,1,S2
0.02957528957528958,0.07869278680418047,1.3165520622616722,0.06774727689685983,1,S2
0.018308270676691735,0.07385503827595315,1.3847269875662667,0.05167709901137552,1,S2
0.029825783972125437,0.0476181851233844,1.4122835976736887,0.020991508895333987,1,S2
0.028607142857142852,0.047471204733041554,1.4239902859642393,0.017792063180907043,1,S2
0.04921052631578948,0.09116567820517464,1.4218900044759115,0.022097626596929643,1,S2
0.046176470588235305,0.11077805179584747,1.4354361397879465,0.030424748971908746,1,S2
0.04099567099567101,0.07787405658274091,1.485388655889602,0.050917591191142884,1,S2
0.03428571428571429,0.048474504563427175,1.5177420479910715,0.04037357070334947,1,S2
0.022408163265306123,0.03947842345341753,1.5106209527878534,0.022451834146163547,1,S2
0.019246031746031744,0.046162204789485205,1.4961314428420294,0.02044434007093397,1,S2
0.021389961389961378,0.03912954172580975,1.5056470416841052,0.04195878558463324,1,S2
0.02620408163265306,0.03503936795415059,1.6231946309407552,0.1210568702037403,1,S2
0.026932773109243708,0.027773103406047345,1.7716062091645741,0.08025952450598248,1,S2
0.02738775510204082,0.058000508247049866,1.831161608014788,0.06328699025728786,1,S2
0.03168067226890757,0.07032232567053975,1.8272938864571708,0.05361901090168921,1,S2
0.02953781512605041,0.04510146827598553,1.8550332932245164,0.0675322350378396,1,S2
0.022122448979591845,0.025920566879448798,1.9077705928257533,0.052472681166404835,1,S2
0.02456349206349207,0.04591059929755163,2.1002592177618116,0.18973750882447613,1,S2
0.029183673469387755,0.06007847391928866,2.342635000319708,0.08995802498673494,1,S2
0.03138528138528139,0.04450627153149537,2.401333727155413,0.08328827051768588,1,S2
0.04408730158730159,0.07457334805376999,2.5194746834891184,0.1384258055137653,1,S2
0.03563492063492064,0.05974813342550314,2.6297159467424667,0.09257760669581645,1,S2
0.02877551020408163,0.04882576513886718,2.651961408342634,0.09859950403990868,1,S2
0.028163265306122447,0.04595606463289922,2.665069834391276,0.05810530335407053,1,S2
0.03126050420168068,0.04663647106238693,2.7719386146182106,0.1517879222774369,1,S2
0.033999999999999996,0.04654273036209933,2.9028832390194848,0.09646043353530749,1,S2
0.03175510204081633,0.04301594623082858,2.921495146978469,0.055006697611830774,1,S2
0.025833333333333337,0.036656851346979574,2.9932281675792876,0.137697179766391,1,S2
0.02813492063492063,0.054461810090803545,3.073432649884905,0.1293495953937804,1,S2
0.06911330049261084,0.15271463465296378,7.397023773193359,0.2507823301248999,0,S3
0.07462857142857145,0.09132835073970559,7.796493003481911,0.21427671546254318,0,S3
0.07010989010989008,0.09241370474636816,8.199927593412854,0.26911044865558315,0,S3
0.08788571428571423,0.09192496533204758,8.574174517676944,0.1657529122398471,0,S3
0.09434065934065934,0.103035804073821,8.7604736328125,0.06343354558241361,0,S3
0.07749999999999999,0.08595182531843562,8.780810565040225,0.037743445589443494,0,S3
0.0896153846153846,0.10456547240677633,8.70229879106794,0.07283515759736506,0,S3
0.11599999999999999,0.14238883511248432,8.556395794096447,0.1133461902336585,0,S3
0.08773809523809524,0.12694077037608315,8.33514773050944,0.1432435438438832,0,S3
0.09172619047619048,0.11858259499915952,8.112351844424293,0.1099960724304285,0,S3
0.11946428571428573,0.11853120143778902,7.9409822009858635,0.09012211780825316,0,S3
0.09005714285714292,0.08242924825862524,7.805543281918481,0.06937415467433114,0,S3
0.0973214285714286,0.08826372356726848,7.698360188802083,0.056387144705760096,0,S3
0.1469047619047619,0.1655304990702589,7.606738026936849,0.0522173094351408,0,S3
0.11657142857142855,0.16004939009459992,7.501348132178897,0.07169538382314732,0,S3
0.07357142857142858,0.083136474963687,7.389638682774135,0.058814760380161514,0,S3
0.08394285714285715,0.08941706314917956,7.293496504284087,0.05474078727534896,0,S3
0.09329670329670328,0.11001202435481996,7.20916010538737,0.04529903076590212,0,S3
0.08620879120879123,0.09603187721360579,7.142664518810454,0.036906339190155346,0,S3
0.07645714285714286,0.09081717861933014,7.103976422264463,0.016045173979287102,0,S3
0.0820408163265306,0.08185629960099279,7.072855776832217,0.026353099273941107,0,S3
0.09458128078817736,0.10731567015689968,7.031478028070359,0.02488961104848063,0,S3
0.0789142857142857,0.14522647409035924,7.006110036940802,0.013836448904231375,0,S3
0.0737012987012987,0.06993066167446371,6.990860439482189,0.01672293605765077,0,S3
0.08931677018633542,0.13052136861218966,6.967460105532692,0.021439610592963617,0,S3
0.10267080745341614,0.1427322742964966,6.937422416323707,0.022448172931896253,0,S3
0.0885119047619048,0.10401255811149904,6.897935703822545,0.029673959219280118,0,S3
0.08333333333333333,0.08173717961009082,6.848607363019671,0.03178007541753728,0,S3
0.10085714285714287,0.088944232869826,6.807609485444568,0.019200184734975673,0,S3
0.11041666666666668,0.12407628989571584,6.782098352341425,0.01857259226781203,0,S3
0.09142857142857146,0.10020068026979964,6.7577530270531065,0.020428359332998913,0,S3
0.08242236024844721,0.06934743507658146,6.7298230489095054,0.019211595319303453,0,S3
0.1105142857142857,0.0940498375105271,6.708837309337798,0.015456817268790874,0,S3
0.09137142857142859,0.08741991349348445,6.689439028785342,0.01771503198680041,0,S3
0.07434523809523809,0.06853341803642295,6.676943170456659,0.010626632246735409,0,S3
0.08720238095238093,0.10326168066556708,6.664931760515485,0.017488318133454885,0,S3
0.11345238095238093,0.13300230472147648,6.642412530808222,0.016288700366951618,0,S3
0.11313186813186811,0.15295111218938112,6.641847792125883,0.01692654652213696,0,S3
0.10561576354679804,0.16548427523929252,6.641146014985584,0.020101398376172804,0,S3
0.06236453201970444,0.13529080964575227,6.60726193019322,0.029033042377684403,0,S3
0.07412698412698415,0.11472991299690134,6.571752221243722,0.018757828618316832,0,S3
0.12791666666666668,0.15957695092119703,6.549609320504325,0.01433168969222942,0,S3
0.09410714285714283,0.10657141325162664,6.533886064801897,0.010172775453377456,0,S3
0.07902857142857146,0.08350963317770126,6.52506354195731,0.009553215616708723,0,S3
0.07412087912087913,0.08809283883794498,6.5275084540957495,0.016389214617284802,0,S3
0.08076923076923076,0.10925317379314446,6.542753346761068,0.018255600568627173,0,S3
0.0644642857142857,0.08260248550888101,6.56121962411063,0.013267731417958771,0,S3
0.08392857142857142,0.10322641648931,6.5695671989804225,0.011176000657383963,0,S3
0.09982857142857146,0.14327580242637833,6.561383819580078,0.013871303302510818,0,S3
0.08369047619047619,0.12042040643393578,6.550270407540458,0.010399708250217346,0,S3
0.11994047619047617,0.13808587685840684,6.544546708606538,0.009826004319756129,0,S3
0.11280000000000001,0.16224808625242199,6.535113797869001,0.0124583644859029,0,S3
0.08514285714285716,0.12076889329913154,6.541272735595703,0.016370354055692742,0,S3
0.0687577639751553,0.057440692079535095,6.547908673967634,0.011351612237534399,0,S3
0.08345238095238096,0.09155466305181083,6.541489210582915,0.009186156392747183,0,S3
0.11357142857142859,0.11749216213546036,6.5432322910853795,0.009854468551820565,0,S3
0.12464285714285715,0.14819402615407648,6.5435706184023905,0.010056179207131616,0,S3
0.0995054945054945,0.15168410623133974,6.548811431158157,0.01415564712648423,0,S3
0.08537142857142856,0.13755849772756887,6.553416388375418,0.01226360571158563,0,S3
0.05639751552795028,0.04909714905523,6.550313168480283,0.00846180926360636,0,S3
0.06261904761904759,0.0714674180080314,6.556301916213263,0.011422040313857004,0,S3
0.07382857142857144,0.06947152016818785,6.567772511073521,0.010334087690062303,0,S3
0.07931428571428571,0.08721599414156879,6.573325293404715,0.009445314820885734,0,S3
0.09780219780219783,0.115689158573717,6.573595937093099,0.008632979114351307,0,S3
0.12308571428571433,0.11945130765957288,6.56886974516369,0.009014437976297578,0,S3
0.1306547619047619,0.15173827090468264,6.5731592269170855,0.01262238153588812,0,S3
0.09404761904761905,0.13010757244743007,6.5833590189615885,0.01092952880284689,0,S3
0.06244047619047618,0.056771823997472555,6.588248134794689,0.009727296884254595,0,S3
0.08,0.07042926108036722,6.589767692202614,0.009358137363095166,0,S3
0.08107142857142857,0.07072185240902039,6.600892620994931,0.015628129824444188,0,S3
0.07074285714285714,0.08668402200831048,6.615778368995303,0.010433896937654476,0,S3
0.0853296703296703,0.1255981907423935,6.626664606730143,0.014280958122647952,0,S3
0.08080000000000002,0.10723067688609932,6.631526601882208,0.0112735490726631,0,S3
0.0629761904761905,0.06436589285689517,6.621724155970982,0.011188823515045175,0,S3
0.08827380952380955,0.07388684122441866,6.6165345509847,0.009493615112022721,0,S3
0.0952,0.0871240088813638,6.6223638625372026,0.015337484898529265,0,S3
0.0037236533957845444,0.015579036059517179,6.889410800025576,0.022183433167156635,1,S3
0.00507142857142857,0.02794916889819303,6.907891882033575,0.012678536301356793,1,S3
0.009116883116883112,0.03866107408648954,6.944655917939686,0.04056288418109919,1,S3
0.016064139941690952,0.057596690664570335,7.038827732631138,0.0867175906765217,1,S3
0.020745341614906827,0.04445550352108352,7.224542345319476,0.1697281288080177,1,S3
0.016863354037267086,0.04125552864262408,7.705665406726656,0.45211484824725146,1,S3
0.03006644518272426,0.06642742886628328,9.35322981334868,1.4584025398397549,1,S3
0.036132404181184664,0.06895429503005092,10.994705708821614,0.7950843989122571,1,S3
0.04315018315018315,0.09920734316962382,11.068394615536643,0.5254254657323785,1,S3
0.06040816326530611,0.10004080800006625,9.798262587047759,1.0969805371315429,1,S3
0.040751879699248116,0.09676926376925812,8.481056613013857,0.4963435786152062,1,S3
0.02076190476190476,0.05811916609596432,8.16177133832659,0.11997502413474272,1,S3
0.025186335403726712,0.08079204601466634,8.070048159644717,0.24727319473361073,1,S3
0.059303135888501744,0.12801291876966311,7.967412421816872,0.2255480924157096,1,S3
0.05312741312741313,0.10750542137738911,8.109042412894112,0.1923910742454489,1,S3
0.04451127819548873,0.11763471501384153,8.249437204996745,0.12352291250207317,1,S3
0.06384920634920635,0.11875005560832852,8.389979807535807,0.3296603231697077,1,S3
0.04101503759398496,0.07881141147239748,8.234480467296782,0.4441234323793001,1,S3
0.06123015873015874,0.12171934542993768,7.835926164899553,0.5326561594481428,1,S3
0.06470046082949309,0.13605003552068104,7.816912623814174,0.5091281495845117,1,S3
0.062238095238095266,0.16305741664772364,8.16079090663365,0.3204238281502763,1,S3
0.06324675324675325,0.14291558987277916,8.621797924950009,0.263411639185798,1,S3
0.0444015444015444,0.08985245536168882,9.032362547374907,0.24327442007528582,1,S3
0.03564784053156146,0.06752680889129885,9.378977167038691,0.1539615068389434,1,S3
0.026943521594684387,0.06851612537693026,9.535862750098818,0.04752533434750508,1,S3
0.02022727272727273,0.06703834411557781,9.560221426827567,0.05185863235246291,1,S3
0.02229813664596274,0.04438152118168118,9.491371645246232,0.08557364057029275,1,S3
0.020434782608695655,0.045239687012139956,9.307658386230468,0.13740551055324843,1,S3
0.015031055900621117,0.038947759451570876,9.028869374593098,0.18151959672477114,1,S3
0.019350649350649354,0.04247108897639685,8.765127654302688,0.13073203145522058,1,S3
0.0284717607973422,0.0694533491601605,8.605065627325148,0.08622614454992059,1,S3
0.027386759581881533,0.07669781432719774,8.509370040893554,0.06455488595597932,1,S3
0.04654135338345864,0.11781952062235355,8.383589971633185,0.09512418274813585,1,S3
0.05848979591836734,0.10961908525597062,8.227725419544038,0.084035085587603,1,S3
0.03646616541353383,0.059829152027040165,8.084334473382858,0.08778720904555498,1,S3
0.034736842105263156,0.06581179138298882,7.944005875360398,0.07639300865999969,1,S3
0.04261904761904762,0.07239613895907457,7.83392573765346,0.04993463778175571,1,S3
0.042738095238095256,0.08082229339159516,7.749173736572265,0.046906390644550586,1,S3
0.050040816326530624,0.11167732008837535,7.653541201636905,0.06239958586961148,1,S3
0.039459459459459466,0.1118820804278092,7.564927310035342,0.04591007398316045,1,S3
0.057673469387755104,0.11918695549552505,7.498714120047433,0.038486130016090886,1,S3
0.06852813852813854,0.12490285046197823,7.438409024193174,0.03289143239456697,1,S3
0.08649769585253457,0.14997565039397875,7.381856246221633,0.03285466626100196,1,S3
0.043333333333333335,0.07500761442410044,1.2722860608782087,0.018502278744093128,0,S4
0.052142857142857144,0.08150040213894073,1.2645992097400485,0.01738496724995009,0,S4
0.05307359307359306,0.07814163670752874,1.2627943856375559,0.017082290634292476,0,S4
0.0557142857142857,0.0736235231124407,1.2618509020124162,0.01698240547640738,0,S4
0.0922167487684729,0.11710181239895553,1.262609881446475,0.01693164535969558,0,S4
0.07780612244897957,0.08491616413955007,1.2629302978515624,0.017350269393838484,0,S4
0.062068965517241365,0.06309732251723155,1.2604939596993583,0.017459934332028918,0,S4
0.05758620689655172,0.05995886723110426,1.257711410522461,0.017062900324411864,0,S4
0.04790816326530615,0.05320502636726025,1.2557073502313523,0.01690955829444311,0,S4
0.056084656084656105,0.04932921560160931,1.254343959263393,0.017153172169393445,0,S4
0.06624338624338624,0.054239541319646103,1.2522590637207032,0.01711866910925516,0,S4
0.0735204081632653,0.0649287993641635,1.2516653515043712,0.01681765373813983,0,S4
0.07232804232804231,0.0717222098464356,1.2516468411400206,0.017063062929224673,0,S4
0.06890109890109887,0.0588143731027468,1.2512322925385975,0.01728422142299436,0,S4
0.06375661375661376,0.053980532185783345,1.252325439453125,0.017090206820335706,0,S4
0.0825925925925926,0.06696319241090007,1.2539051237560455,0.01710078098215267,0,S4
0.07566326530612244,0.08848426095854667,1.2559278578985305,0.017278613849335357,0,S4
0.05663265306122452,0.07518877857110323,1.2572506495884486,0.017233970865159563,0,S4
0.07153439153439153,0.07465600341776968,1.257929647536505,0.017131848012247423,0,S4
0.06626373626373624,0.05714726614383921,1.25915162222726,0.017162756344862785,0,S4
0.06407407407407407,0.061702449835495124,1.2602497464134579,0.01742244841787444,0,S4
0.06365079365079364,0.05735846713958701,1.2593825204031808,0.017301628954827255,0,S4
0.054444444444444434,0.05083906548044966,1.2579525720505487,0.017050899649584016,0,S4
0.055873015873015866,0.05921673953142834,1.2580614907400949,0.016966458679477152,0,S4
0.04338095238095238,0.05304741986243494,1.257840837751116,0.01699280397813395,0,S4
0.044654377880184316,0.061223703226239864,1.2563442775181362,0.017079357095866363,0,S4
0.061658986175115206,0.08069787631474067,1.254950695946103,0.017261285756269992,0,S4
0.0648768472906404,0.06405609786327442,1.2542914617629277,0.01725076913083041,0,S4
0.05877551020408164,0.07844672532126831,1.255462374005999,0.017082971247948858,0,S4
0.0671957671957672,0.08410706161441546,1.2567386263892764,0.01697356174476198,0,S4
0.08467032967032966,0.09546818179549538,1.258279309953962,0.017031667039052817,0,S4
0.08285714285714287,0.08807087308610613,1.2601516905285064,0.01707455532512473,0,S4
0.07835164835164833,0.07692637700109137,1.260372107369559,0.016894392002847317,0,S4
0.060529100529100495,0.0778067748383489,1.2611080169677735,0.01695549538382294,0,S4
0.06035714285714284,0.05908102567201691,1.2638225555419922,0.01727716242633606,0,S4
0.06074074074074072,0.07016853261680767,1.267050007411412,0.017101386445122425,0,S4
0.06423280423280424,0.07107600670898695,1.2687943231491816,0.017125138737298765,0,S4
0.05443349753694583,0.13016195214749998,1.2709461393810453,0.017330831294533364,0,S4
0.04359307359307361,0.0834785555241515,1.2739806402297247,0.017318220332285177,0,S4
0.04454545454545455,0.057709514272500755,1.2767332349504743,0.017252909718659334,0,S4
0.10009852216748767,0.12199402423935927,1.279114750453404,0.01719013303128359,0,S4
0.09945054945054947,0.08277909248661316,1.2810614267985025,0.016994621693700862,0,S4
0.09965714285714285,0.09078787092749449,1.282004892258417,0.017011024645879606,0,S4
0.10148351648351646,0.10780500859914968,1.2826189313616072,0.017143492613808303,0,S4
0.09082417582417583,0.08666447012869839,1.284395508539109,0.01689250053380033,0,S4
0.07031746031746033,0.07135657815026203,1.2858397347586497,0.016675147030301825,0,S4
0.07116402116402121,0.09234806629145931,1.2865469796316964,0.01696750040851665,0,S4
0.08185185185185186,0.08744205852163263,1.2863355182466052,0.0171976721333082,0,S4
0.08846153846153845,0.09004019457726518,1.285412579491025,0.01720187032805692,0,S4
0.09626373626373627,0.10279207339310624,1.2861216772170294,0.016802441122333884,0,S4
0.07112244897959184,0.0866448551436071,1.2874751318068731,0.016831631491625122,0,S4
0.057037037037037025,0.0689281560131895,1.2873145693824404,0.017126513585,0,S4
0.09934065934065933,0.11553762676582315,1.2871544974190847,0.017028590629651726,0,S4
0.10248677248677251,0.11999921907284425,1.2884759993780226,0.016990735788036455,0,S4
0.07671957671957674,0.0886607720882727,1.2896775926862445,0.01668937437207615,0,S4
0.08502857142857145,0.09016075018704393,1.2903562636602492,0.016693874140642526,0,S4
0.08268571428571429,0.07913036039040283,1.2911638895670572,0.016930271777009245,0,S4
0.0771978021978022,0.06512675179345087,1.2920620872860864,0.016956542978807956,0,S4
0.0729100529100529,0.07675850423033573,1.2927650451660155,0.016790433703371417,0,S4
0.05252380952380952,0.10180427551990542,1.2939723605201359,0.0168508651540851,0,S4
0.03245535714285714,0.06541416331445084,1.2968368166968935,0.016992139636744136,0,S4
0.048080357142857126,0.07159233489956524,1.3016334170386905,0.01791846021464544,0,S4
0.04471861471861471,0.09343922845673205,1.3094260806129092,0.01844936931169218,0,S4
0.05008658008658008,0.11980432844099674,1.3215072268531436,0.018893941125114423,0,S4
0.08689655172413793,0.14321317539054212,1.3309985932849702,0.017538858842501517,0,S4
0.08264550264550262,0.08909926596873995,1.3313563755580358,0.016839643044833607,0,S4
0.07724867724867727,0.07210934692097433,1.3276793162027996,0.016655612382832672,0,S4
0.08285714285714287,0.09255629386681752,1.323971684773763,0.016719674364745352,0,S4
0.0661734693877551,0.08190946599907033,1.3207870483398438,0.016534113806047808,0,S4
0.08675824175824177,0.0990927462430863,1.3188212440127418,0.016622762617443686,0,S4
0.09131428571428572,0.08650754724290996,1.3176556178501675,0.01693114742602771,0,S4
0.06534391534391534,0.051940078569115894,1.3164972032819475,0.01692346195044002,0,S4
0.07208791208791211,0.0647969525111306,1.3143907274518694,0.016951865350228402,0,S4
0.08989417989417993,0.07776305264938552,1.3124549865722657,0.016760219139421866,0,S4
0.07359788359788363,0.07429655883503082,1.3111421857561385,0.016709574973955095,0,S4
0.06377551020408165,0.057289983858256274,1.3108158474876768,0.016788267801275347,0,S4
0.0725,0.07181326676734062,1.3137447902134487,0.019495854099201754,0,S4
0.02629343629343629,0.05379904159020538,2.3270316532679964,0.18285024336095054,1,S4
0.03413127413127415,0.06641796469524325,2.555905986967541,0.2169217806575679,1,S4
0.03610038610038611,0.06744801998970322,2.864847128731864,0.30774153695328066,1,S4
0.03034749034749034,0.04298871769498058,3.024557876586914,0.13730528269212353,1,S4
0.031904761904761894,0.05357504248828072,3.0570562271844772,0.12807027047067104,1,S4
0.04121848739495798,0.06764862545866925,3.2173172905331566,0.12062288237460318,1,S4
0.03190476190476189,0.05837870527248541,3.4160202389671688,0.1734518214085611,1,S4
0.026651785714285715,0.05037246253203059,3.445225543067569,0.15027818319597364,1,S4
0.03363636363636363,0.04981501335339208,3.411556879679362,0.14415859805866882,1,S4
0.03318367346938777,0.06698256364308211,3.516879363287063,0.1454385037530233,1,S4
0.026447876447876467,0.05525528049835707,3.5122551509312223,0.1346288074423811,1,S4
0.027528957528957544,0.05962619344048899,3.45771480741955,0.10591133696206001,1,S4
0.028880308880308892,0.05393797565660068,3.526999228341239,0.13702185723685456,1,S4
0.031737451737451745,0.0518949525359202,3.6120826176234653,0.09943651506788889,1,S4
0.026979591836734696,0.041188622003102845,3.7286587851388115,0.15264979537294854,1,S4
0.029603174603174607,0.05575746780684292,3.798580551147461,0.10219518573502805,1,S4
0.030158730158730163,0.05330823027931607,3.849432209559849,0.12440736511531815,1,S4
0.025673469387755093,0.04427518791664435,3.953431574503581,0.0969745966419495,1,S4
0.03610389610389611,0.06338899214022377,3.966500273204985,0.07928508088530213,1,S4
0.0366820276497696,0.059379078135995106,4.1176593962169825,0.18745529913778955,1,S4
0.039621848739495806,0.07569383078115215,4.366607121058872,0.17306751531414433,1,S4
0.028146718146718146,0.06350361874360157,4.504403068905785,0.15230388990770327,1,S4
0.021567944250871086,0.0595636407062478,4.522089912777855,0.1350588562188986,1,S4
0.031666666666666676,0.0621499945725353,4.5592025393531435,0.09483773884564622,1,S4
0.02975,0.06319664258900703,4.6127194359188985,0.11111887619702666,1,S4
0.025750915750915742,0.050868866525927744,4.552810905093239,0.1175137121384069,1,S4
0.028424908424908413,0.049154470699987386,4.528354790097191,0.08610712409372744,1,S4
0.03652509652509652,0.0872147474746054,4.638415799822126,0.09849543323247822,1,S4
0.04210714285714286,0.10847317234113978,4.699575533185686,0.05060973120577962,1,S4
0.05557823129251701,0.09292457984236066,4.711201567876906,0.04397221290772182,1,S4
0.03871428571428572,0.06150825594123317,4.741838346208845,0.03412885557739567,1,S4
0.03614285714285716,0.0648281038457409,4.741288067045666,0.025663627476287434,1,S4
0.04039285714285714,0.0965740650331573,4.759563609531948,0.09243965360286101,1,S4
0.04320557491289198,0.09115176655585934,4.702412105741955,0.12335207748670754,1,S4
0.03827838827838827,0.061943481480775546,4.665543492635091,0.09195451058678454,1,S4
0.037472527472527474,0.05479031224885043,4.647055925641741,0.10135399012503822,1,S4
0.0344736842105263,0.06720774268877237,4.583481870378766,0.08459843555726015,1,S4
0.0425187969924812,0.08093665005527403,4.645958964029948,0.13873588845225482,1,S4
0.036043956043956035,0.07859946739965992,4.687031646001906,0.13238179946429712,1,S4
0.03235714285714285,0.0646211751027138,4.760215595790318,0.14398350418017447,1,S4
0.03292857142857143,0.06501607715651761,4.841305523826962,0.07972527483412233,1,S4
0.0345,0.07577540902400196,4.830051113310314,0.09974149872515649,1,S4
0.035526315789473684,0.05776125887195428,4.811836769467308,0.09939019128526065,1,S4
0.034666666666666665,0.07795028612226466,6.27887338910784,0.18598389468039173,0,S5
0.02942857142857143,0.057489472023048924,6.040884472074962,0.09342570698616608,0,S5
0.029761904761904764,0.05148766899984057,5.884199469430106,0.0935374596061112,0,S5
0.035333333333333335,0.08454743149873946,5.708562305995396,0.10893402998812733,0,S5
0.024285714285714282,0.07994875142210842,5.6663954598563055,0.10437147959751995,0,S5
0.01870967741935484,0.05413152149993531,5.58651846022833,0.16217736698521729,0,S5
0.01971428571428572,0.059815064647995575,5.371579433622815,0.09625452475857349,0,S5
0.023904761904761908,0.05326168320262633,5.2151265098935085,0.08669225866911434,0,S5
0.02167487684729065,0.033559639943041356,5.071280815487817,0.08143051958404972,0,S5
0.020246305418719225,0.036644056108359004,4.937985120500837,0.07471922676356817,0,S5
0.02423963133640553,0.0374476409555763,4.816700944446382,0.06811655423154751,0,S5
0.030051020408163275,0.06757827151852318,4.712813095819382,0.05846441449356294,0,S5
0.034630541871921196,0.0700075149837145,4.632683490571521,0.041341951577521394,0,S5
0.02379310344827587,0.03513062763077861,4.566404415312268,0.03891913913081295,0,S5
0.01591836734693878,0.031720313082158225,4.513614127749489,0.027198268442297224,0,S5
0.018622448979591828,0.02870674597851857,4.464073762439546,0.03595229574777451,0,S5
0.024642857142857133,0.06362221057056959,4.402558008829753,0.03831393267149903,0,S5
0.021999999999999985,0.04965099371533563,4.337919634864444,0.039331866104282166,0,S5
0.01935960591133004,0.03945306347658029,4.277450961158389,0.03342518096172536,0,S5
0.02197044334975369,0.048416676911727456,4.227790887015207,0.028143305856797893,0,S5
0.022315270935960592,0.03748078872982163,4.177795682634626,0.03266860673597998,0,S5
0.020459183673469387,0.025835829992153055,4.12874877566383,0.02657098331880751,0,S5
0.02739795918367343,0.033010954526281076,4.094171560378301,0.018926600099418177,0,S5
0.026836734693877536,0.045031205392469124,4.0742755889892575,0.014541555311902113,0,S5
0.02656084656084656,0.04507121025853527,4.048656699770973,0.02398755138633588,0,S5
0.026989795918367327,0.05223593847592644,4.013033258347284,0.02273342898651963,0,S5
0.025079365079365062,0.051311288157462734,3.9774867103213354,0.024042074361526583,0,S5
0.023061224489795897,0.03276724950247259,3.943964095342727,0.019691549669630222,0,S5
0.02030612244897956,0.0348650170579092,3.919271014985584,0.015975513105058226,0,S5
0.017806122448979576,0.036145955886018884,3.9011643727620444,0.014027971702823275,0,S5
0.022118226600985207,0.036613597959713744,3.884439450218564,0.015487606139935198,0,S5
0.02620689655172412,0.04987805992295614,3.8627093542189823,0.018263750629091326,0,S5
0.02325123152709358,0.050847355041724905,3.840392085484096,0.015010638154914956,0,S5
0.02173469387755101,0.04047288961583681,3.819922074817476,0.016117195790393647,0,S5
0.02459183673469387,0.03689138848560246,3.799197514851888,0.01535568984276094,0,S5
0.028042328042328042,0.035338253634400164,3.7823544093540735,0.014005338485738619,0,S5
0.029523809523809515,0.04575466852458977,3.7704099382672993,0.011927007568627074,0,S5
0.028359788359788356,0.05472556575180815,3.76187010265532,0.011820124212564332,0,S5
0.03025510204081632,0.06766264043241726,3.750423395066034,0.014038396899955613,0,S5
0.026683673469387745,0.06710260133571967,3.7385667710077195,0.012301719388021085,0,S5
0.024285714285714275,0.03538139403691216,3.732414590744745,0.013995998878644023,0,S5
0.02183673469387753,0.02575502124194418,3.7373773120698477,0.015419118820853136,0,S5
0.022704081632653056,0.0329418557738677,3.746908133370536,0.011505678836458815,0,S5
0.029458128078817744,0.057554942694536926,3.7500026702880858,0.01250385443453289,0,S5
0.022047619047619055,0.08022161324099714,3.7475598653157554,0.013485738784969944,0,S5
0.017047619047619065,0.051221027133305286,3.7393488021123975,0.01301913421892357,0,S5
0.01930875576036866,0.05877630151055955,3.73532593136742,0.01103242476402313,0,S5
0.017834101382488466,0.05004263169783238,3.7299469720749627,0.013174745493281025,0,S5
0.01600985221674878,0.053765342165195865,3.717280033656529,0.013357089546831012,0,S5
0.023743842364532055,0.05728967250703847,3.7070558093843005,0.012298867028723041,0,S5
0.025852534562211975,0.06587997115580574,3.7033473423549106,0.011102393753070613,0,S5
0.013686635944700456,0.03211627745277261,3.6982293810163225,0.012914606245834447,0,S5
0.02054187192118226,0.052838778448564716,3.695016134352911,0.014910618843439069,0,S5
0.026904761904761893,0.09164898824792718,3.702463404337565,0.01880219323506363,0,S5
0.02080357142857143,0.06861118157679817,3.7132651011149087,0.016668449079593924,0,S5
0.016666666666666677,0.04262994134109183,3.712992967878069,0.012539073773384797,0,S5
0.01871428571428572,0.024972621930400146,3.7041314987909226,0.011413607061586955,0,S5
0.01776190476190476,0.03698041113947142,3.701005608694894,0.0112760276976177,0,S5
0.019655172413793102,0.0460040666643707,3.6998683021182104,0.011377045480703412,0,S5
0.02795238095238094,0.07075292162124909,3.7076091584705173,0.016725689704028157,0,S5
0.027327188940092156,0.06689204436620093,3.7175265720912387,0.014300970664920223,0,S5
0.015345622119815659,0.03484248447642326,3.7131225040980746,0.01255108547896915,0,S5
0.018392857142857134,0.06533306599697702,3.7070166996547154,0.011299548470832413,0,S5
0.020044642857142858,0.0726122570227814,3.7058433714367096,0.010987926318957699,0,S5
0.02238095238095239,0.05041133443663543,3.7154180980864027,0.01522029587605437,0,S5
0.02339901477832513,0.0452835861499857,3.724022983369373,0.01135921472262307,0,S5
0.020255102040816337,0.023163292833132565,3.7243030729747955,0.011162766299124348,0,S5
0.020098522167487694,0.028307070661463846,3.722297777448382,0.012059114894485887,0,S5
0.02073891625615764,0.04210689883742587,3.714033944266183,0.012065323738440962,0,S5
0.028275862068965527,0.045823505439824774,3.7077808925083704,0.01110434331035404,0,S5
0.02517241379310345,0.04713939381217785,3.702981912522089,0.011340489188813335,0,S5
0.018214285714285693,0.025914701310964332,3.6953535897391183,0.012104184671086277,0,S5
0.021379310344827564,0.05310486780067326,3.688807841709682,0.01117529722244797,0,S5
0.022333333333333334,0.07277981596460248,3.697994849795387,0.016377125268475227,0,S5
0.032500000000000015,0.0945296708533855,3.7085343678792317,0.012417898410644064,0,S5
0.031216931216931212,0.07474298249269544,3.7026277451288134,0.012724887558607342,0,S5
0.01895238095238095,0.05835211490107075,3.7047250111897787,0.014787220705458987,0,S5
0.01857142857142857,0.052766270824596784,3.7306190127418155,0.022679554397813266,0,S5
0.023904761904761897,0.047183629453474756,3.7505481538318453,0.01310253985362858,0,S5
0.020663265306122443,0.03966327977583467,3.7507456824893044,0.01242609581689675,0,S5
0.009627329192546594,0.026787756717923557,9.65794563293457,0.06560412963727721,1,S5
0.008452380952380947,0.0253200912663075,9.708563922700428,0.11651638930798978,1,S5
0.010119047619047609,0.025527341182642976,9.778575624738421,0.1280018334475182,1,S5
0.009665653495440725,0.03933005028887738,9.888205973307292,0.20434493075902294,1,S5
0.015962732919254652,0.05471234379175966,9.945932170322964,0.22194356201839052,1,S5
0.013333333333333326,0.03798289002190474,9.883175768171037,0.19985557919198474,1,S5
0.012517006802721083,0.05119585159544232,9.787207376389276,0.15704983011694082,1,S5
0.017176079734219262,0.06311220655006564,9.962341780889602,0.341918987403968,1,S5
0.010487012987012982,0.04104009309958464,9.992000834147136,0.3531121237137162,1,S5
0.011428571428571427,0.04246529862489592,9.76057265145438,0.25400626968702755,1,S5
0.013809523809523811,0.03869415667628452,9.569604619344075,0.2726383441788611,1,S5
0.01704318936877076,0.04547926044227321,9.362714022681827,0.12415080558269266,1,S5
0.017305194805194803,0.05380400777083977,9.273583475748698,0.10472840147813435,1,S5
0.017959183673469385,0.06799540438835396,9.223687471662249,0.1958120212240501,1,S5
0.011298701298701303,0.06813591858455087,9.345226015363421,0.315452757188497,1,S5
0.012272727272727279,0.047803094067948526,9.280928439185733,0.32957395154300256,1,S5
0.014451827242524916,0.04634420406549045,9.026216888427735,0.18735549021342518,1,S5
0.009965986394557822,0.03524931034130673,8.904701487223308,0.1320552200789257,1,S5
0.009930313588850182,0.05393961587007293,8.883674984886532,0.09184848566192218,1,S5
0.012180451127819552,0.03716802724915754,8.946515564691452,0.06459040632303391,1,S5
0.01674999999999999,0.04403268661253772,9.094396373203823,0.1849351612322244,1,S5
0.014357142857142846,0.04452639947372893,9.211021187191918,0.15038903317138988,1,S5
0.009897959183673472,0.04011148798969674,9.279890042259579,0.11119251895231483,1,S5
0.0067301587301587295,0.028323066497638227,9.441995293753488,0.107773837700387,1,S5
0.008409090909090906,0.029423519711613402,9.6024659656343,0.11170474793432202,1,S5
0.01146179401993356,0.0333121788019888,9.755616778419132,0.13866091710300443,1,S5
0.012107142857142867,0.05667544879730609,9.905715869721913,0.1623952214475514,1,S5
0.014849624060150382,0.05062718978503477,10.13089098249163,0.2933067203663732,1,S5
0.012380952380952387,0.04162950043085371,10.159466134934199,0.26776802975596325,1,S5
0.009857142857142866,0.028505234785962865,10.180375762212844,0.23346475422923682,1,S5
0.009678571428571425,0.026324082166289453,10.252645329066686,0.2506915831986462,1,S5
0.009964285714285703,0.030279848257611056,10.05822624933152,0.22347944665800884,1,S5
0.011285714285714291,0.03589587556600377,9.936788649786086,0.28944044690599685,1,S5
0.01557142857142858,0.04335939797446941,9.784042703537715,0.3228652432336116,1,S5
0.01585714285714286,0.04676817505694522,9.705983116513206,0.17283126702501367,1,S5
0.015749128919860623,0.04571576619322816,9.769372776576452,0.17308274766973225,1,S5
0.013741496598639451,0.043180551106013605,9.697331510271345,0.2635733390637993,1,S5
0.017142857142857147,0.05627155790101024,9.55851073492141,0.27788659721225456,1,S5
0.014892857142857143,0.04541474695756204,9.502602132161458,0.14912158077369453,1,S5
0.008435374149659856,0.029557278991146508,9.500467863537017,0.1109331817692944,1,S5
0.010365448504983379,0.028065472930055062,9.497068241664342,0.16723604125551575,1,S5
0.01170068027210884,0.036940205161975735,9.492625499906994,0.17699611705935173,1,S5
0.01874564459930313,0.047444834383584676,9.510516539074125,0.16713682277159297,1,S5
0.02820408163265307,0.061815819296059935,9.547562008812314,0.07347997362269881,0,S6
0.026071428571428582,0.062011683765005134,9.52316525777181,0.056456297523552953,0,S6
0.027096774193548393,0.0585538512115914,9.415973263695127,0.06586642526664402,0,S6
0.027229437229437218,0.05161237545032909,9.290779840378534,0.07711808392287195,0,S6
0.027373271889400926,0.04218424023687336,9.12976446605864,0.10876659812993507,0,S6
0.02723214285714286,0.055458887806439074,8.930395689464751,0.12051210802797635,0,S6
0.023939393939393937,0.03978252795386934,8.722778265816824,0.12124082930956882,0,S6
0.023852813852813844,0.05327465995578404,8.523122151692709,0.11216835989892757,0,S6
0.022077922077922068,0.04702303936580833,8.346465773809523,0.09715916173636645,0,S6
0.030216450216450225,0.05771261921117032,8.183137039911179,0.09403992170222898,0,S6
0.03561904761904762,0.05515788308200036,8.021463557652064,0.08872675593075552,0,S6
0.03285714285714284,0.05832160916655235,7.869350524175735,0.0856713328340691,0,S6
0.023824884792626736,0.03693925998949396,7.732841691516694,0.07491061736704104,0,S6
0.022410714285714287,0.03577387132224103,7.60944219316755,0.0676175712588959,0,S6
0.03392857142857142,0.05672251273709306,7.489480826968238,0.0693942603546065,0,S6
0.035069124423963115,0.06594679364333594,7.378091703142439,0.06146275399934092,0,S6
0.02743842364532019,0.036921225206489265,7.284817268734886,0.0492417825313689,0,S6
0.02838095238095239,0.04347837739251472,7.210799516950335,0.04199361060264567,0,S6
0.03317972350230416,0.04503468670941663,7.14177998134068,0.0436715367635967,0,S6
0.030000000000000016,0.04179934350612909,7.076667440505255,0.032650316870722104,0,S6
0.03558035714285715,0.05903654159717354,7.0229702540806365,0.031214903169112206,0,S6
0.03493087557603687,0.06997720508497822,6.966932278587705,0.03459044559176191,0,S6
0.02551724137931033,0.04167861053302662,6.917316109793527,0.02390201165763109,0,S6
0.026600985221674874,0.05670394931996117,6.879968461536226,0.02275698591734677,0,S6
0.029032258064516127,0.04750098599272031,6.8422279539562405,0.025671241223775326,0,S6
0.03101382488479262,0.05624624420567917,6.79771241687593,0.031948972907940125,0,S6
0.03133333333333333,0.051833875228118706,6.751692690168109,0.0263153526601457,0,S6
0.033666666666666664,0.05035544410618217,6.704366956438337,0.03143717889038094,0,S6
0.03451612903225806,0.046628689600690595,6.660588873000372,0.023778096996265083,0,S6
0.026380952380952373,0.03578951494062578,6.629833221435547,0.01827966111756512,0,S6
0.026129032258064514,0.04890280131447545,6.602063333420526,0.018425825650154427,0,S6
0.03364055299539172,0.06237409192725776,6.577416247413272,0.014027741550108294,0,S6
0.036383928571428574,0.05704422157486398,6.548322187151228,0.021681859826131713,0,S6
0.038940092165898596,0.05021872995853199,6.51300904410226,0.019917106798704294,0,S6
0.025523809523809515,0.04028941361412872,6.493444152105422,0.010784872208647194,0,S6
0.030552995391705067,0.048892367177707764,6.476470111665272,0.017663516024975897,0,S6
0.027695852534562214,0.03868923704517518,6.451084500267392,0.016698943668595683,0,S6
0.027142857142857146,0.0443763248939898,6.435926564534506,0.01079928086026534,0,S6
0.02804761904761904,0.04236098508034501,6.42623291015625,0.010278284165364452,0,S6
0.02857142857142856,0.033060198455828645,6.406220408848354,0.016727917880189517,0,S6
0.02544642857142857,0.03347247061747098,6.3799024672735305,0.016478320894891867,0,S6
0.022941176470588232,0.05411487619012804,6.352917280651274,0.019109971867216406,0,S6
0.029663865546218485,0.06424746513554594,6.325182487851097,0.017990446583506382,0,S6
0.026221198156682026,0.05055022507469221,6.3053466433570495,0.0119721290006416,0,S6
0.03829493087557605,0.06126197300719831,6.2903306143624445,0.011313482571511236,0,S6
0.028857142857142856,0.043672487938317704,6.278901036580404,0.009396519715776834,0,S6
0.026635944700460826,0.06329606229389996,6.279633658272879,0.014319360289259783,0,S6
0.021825396825396838,0.09527015878225162,6.297723969959077,0.03449725642512979,0,S6
0.015357142857142866,0.03562863869967232,6.290352557954334,0.03713031921207227,0,S6
0.023571428571428573,0.085973832231473,6.259727568853469,0.014789196412856592,0,S6
0.02805194805194805,0.056884115149280864,6.249228195917039,0.010108971971827122,0,S6
0.032983193277310925,0.06178216761252492,6.243129167102632,0.009300364496410769,0,S6
0.03276785714285715,0.07525271479322393,6.234540739513579,0.009432116769566401,0,S6
0.02879464285714286,0.056237948449634326,6.228611155918666,0.01010726659600947,0,S6
0.03822510822510823,0.06473152389463227,6.22356207711356,0.010244213745405626,0,S6
0.04267857142857143,0.07012901501269056,6.219711358206613,0.010742009394030047,0,S6
0.03151785714285714,0.048313666579615167,6.22163945152646,0.012116191425466893,0,S6
0.026363636363636363,0.03500390890839638,6.226140994117373,0.0097876862857984,0,S6
0.02817460317460318,0.0782306651526754,6.246377309163411,0.03288871577662823,0,S6
0.029523809523809525,0.10011500371167008,6.260222008114769,0.028024351596948452,0,S6
0.027276785714285715,0.07545890413679973,6.247436995733352,0.013112629180659377,0,S6
0.025892857142857148,0.039327187630028,6.22998902457101,0.012847084816286863,0,S6
0.032530612244897956,0.0982698255660406,6.222388658069429,0.008322827977435677,0,S6
0.04583333333333333,0.09389010379091592,6.2216008685884026,0.010009950653812957,0,S6
0.0606530612244898,0.11425798825937011,6.228813244047619,0.02049497001669355,0,S6
0.03346938775510205,0.0903163706102142,6.230740774245489,0.020307355380121826,0,S6
0.02349624060150375,0.04544434010529398,6.211705344063895,0.015738689576590487,0,S6
0.02043650793650793,0.06320542332571376,6.188926260811942,0.014890007498799361,0,S6
0.02138528138528139,0.026985128519564774,6.180569948468889,0.01612823749441968,0,S6
0.020822510822510822,0.026919004333262178,6.194721894037156,0.019045346560291596,0,S6
0.02471861471861473,0.05165463578621323,6.196784791492281,0.013500940904175139,0,S6
0.020476190476190485,0.052174064158692794,6.189028240385509,0.011364381908821065,0,S6
0.018008658008658012,0.03515441036799573,6.185569745018369,0.011222837132652664,0,S6
0.01844155844155845,0.034516877048982916,6.181625893002464,0.00799447512356648,0,S6
0.024159663865546223,0.07131839899926531,6.192811929611933,0.013931098136352031,0,S6
0.0293050193050193,0.06937067192845804,6.2028544289725165,0.009761350478623709,0,S6
0.022184873949579825,0.09524947842564906,6.210459645589193,0.01240631606588845,0,S6
0.03193548387096772,0.05163121580779223,6.218454506283715,0.010073632710459768,0,S6
0.029857142857142843,0.04929355034945739,6.217506408691406,0.008839868951615109,0,S6
0.030631229235880398,0.05312373935682439,9.036257934570312,0.11698052495745152,1,S6
0.02710884353741496,0.04865561646497809,8.918026860555013,0.10724106641786957,1,S6
0.03382142857142857,0.043655686190184985,8.904623903547014,0.12383731553996437,1,S6
0.03236842105263157,0.046928123647360716,8.912845720563617,0.13181146967829058,1,S6
0.03073359073359073,0.058398453162631946,8.848232723417736,0.1279437911447893,1,S6
0.03014285714285715,0.05790007765609786,8.735465204148065,0.17258067683054068,1,S6
0.02644688644688646,0.05305445796730075,8.511228888375419,0.2144420768347428,1,S6
0.04052631578947369,0.08722461663197657,8.224937021164667,0.2032253725326907,1,S6
0.04591269841269842,0.08574483785387016,8.116937818981352,0.18205504169074055,1,S6
0.04515873015873016,0.07940122288525464,7.997204953148252,0.2448569410044504,1,S6
0.0457936507936508,0.07832242139690941,7.876183191935222,0.10496831515254879,1,S6
0.038412698412698426,0.0753839226693697,7.901827512468611,0.08694716968930431,1,S6
0.042658730158730146,0.07365141910717435,7.936642328898112,0.08708870159896438,1,S6
0.051583011583011575,0.08566332081988837,8.001570111229306,0.09670104813933472,1,S6
0.055306122448979575,0.09581876552985015,8.015155156453451,0.09096443854040016,1,S6
0.03751020408163265,0.08079602859257111,8.092798705328079,0.11112930271414757,1,S6
0.0280952380952381,0.0653072796218345,8.278510575067429,0.15897982049831247,1,S6
0.02853281853281854,0.06332828117665097,8.499076025826591,0.18334168581681348,1,S6
0.03736842105263158,0.05924781322413371,8.757592755272276,0.21689215694851538,1,S6
0.04270270270270269,0.06257640476550785,8.840375609624953,0.16598679308505915,1,S6
0.04171428571428571,0.07168300144311182,8.738811311267671,0.10395652018608732,1,S6
0.03259740259740261,0.05076256291738141,8.791503215971447,0.11024695348279777,1,S6
0.016450216450216455,0.04387142173857634,8.975832385108584,0.11647699338259374,1,S6
0.020154440154440158,0.0544798068343223,9.215864690144857,0.17292049146375693,1,S6
0.031071428571428576,0.05675959257619311,9.4676270257859,0.15917830503572486,1,S6
0.029756097560975615,0.059283450571681016,9.675179163614908,0.16444238402349542,1,S6
0.033007518796992485,0.07436139226296797,9.820944450015114,0.12241626386790964,1,S6
0.04805555555555555,0.0802495139945106,10.049344217209589,0.23653091100947327,1,S6
0.047896825396825396,0.0774297539410193,10.31571542649042,0.1653247532839082,1,S6
0.04329365079365079,0.05689042123262772,10.538934435163226,0.19413600746882634,1,S6
0.04552123552123551,0.0638078355524634,10.643322208949497,0.12878010749117583,1,S6
0.0356015037593985,0.05611300780900042,10.63608638218471,0.12895541857599133,1,S6
0.03052631578947369,0.0539521271602681,10.606105931599934,0.1665900250493055,1,S6
0.039473684210526314,0.07027856048860698,10.50744994027274,0.17113150996471957,1,S6
0.04030888030888029,0.07690031343021,10.393047459920247,0.17680435437757375,1,S6
0.04289473684210525,0.08139954069824488,10.269601222446987,0.12360155597397691,1,S6
0.03805860805860805,0.07541419641160517,10.144391813732328,0.10781922721394592,1,S6
0.037180451127819536,0.07377876816752649,10.145476295834495,0.10829160826616897,1,S6
0.04253968253968252,0.06615647315558398,10.27429557073684,0.09461407144863156,1,S6
0.050163265306122445,0.09096546901592922,10.410078666323708,0.10045119535614634,1,S6
0.05764705882352941,0.09632476650062233,10.541008922031947,0.06353741932117883,1,S6
0.04224489795918367,0.08066741002762128,10.618558847336542,0.046653788028173354,1,S6
0.04726530612244898,0.09464746586229712,10.72690035502116,0.0829699766726646,1,S6
0.04731092436974788,0.09464368831804008,10.811358569917225,0.048818999056348865,1,S6
0.06096638655462188,0.12656828932131575,12.967966206868489,0.0544767607997951,0,S7
0.07835497835497833,0.12752599217761107,13.002052161807105,0.04313121835802895,0,S7
0.075625,0.13416719351771592,12.940147000267393,0.07768052817667188,0,S7
0.07308035714285716,0.13089768096591636,12.81859016418457,0.07182645153115774,0,S7
0.06016806722689075,0.09329594459461202,12.685017649332682,0.08956822835000043,0,S7
0.050129870129870135,0.09611991758527008,12.547968383062454,0.0671828983373754,0,S7
0.03745535714285714,0.06020214817660467,12.43459225609189,0.0656758874459171,0,S7
0.033823529411764704,0.05804027095814274,12.336072358630952,0.05384977099468749,0,S7
0.030694980694980695,0.054111745590007275,12.249601291474843,0.05427147700252524,0,S7
0.03119047619047619,0.06881877369761605,12.174524616059802,0.037920854481037755,0,S7
0.03372294372294371,0.06519882082405848,12.1173767271496,0.035408629881274446,0,S7
0.03779220779220779,0.0673186873270851,12.058559018089658,0.04251752255490195,0,S7
0.03718487394957984,0.07013772374083144,11.994184784662156,0.038353990057566144,0,S7
0.04995798319327732,0.09041161830593479,11.931649889264788,0.03606355153293867,0,S7
0.03879464285714286,0.08085143137345048,11.875628843761625,0.033180179076423184,0,S7
0.03233766233766234,0.05758835239906328,11.822239140101841,0.03700580020330409,0,S7
0.027063492063492057,0.057120312781253235,11.753826777140299,0.045200936272759666,0,S7
0.04526530612244899,0.1206763908982689,11.692929985409691,0.026743045943085984,0,S7
0.04506912442396314,0.08279774608656511,11.663280160086495,0.01649589351548621,0,S7
0.028124999999999997,0.06709426036828371,11.638987423124767,0.02058931978950402,0,S7
0.025966386554621846,0.06354272290608133,11.61202514285133,0.017598757833536722,0,S7
0.030042016806722686,0.06565105336547669,11.600443776448568,0.013502310825216511,0,S7
0.03812499999999999,0.06485461105389302,11.583672986711775,0.02761371812967328,0,S7
0.04249999999999999,0.08456479209985898,11.541608265468053,0.033599079600905885,0,S7
0.04026785714285713,0.07373591942607882,11.50461551121303,0.017354345050651056,0,S7
0.03499999999999999,0.05693047242408357,11.480945114862351,0.017694432315555616,0,S7
0.036932773109243686,0.09142051713794482,11.460147294544038,0.015983024531587592,0,S7
0.04172268907563025,0.08679157798521034,11.433031318301246,0.02332178322335871,0,S7
0.05831168831168833,0.1086124376202781,11.402288291567848,0.020146230223575024,0,S7
0.05891625615763549,0.10222855767609727,11.365636280604772,0.028568340375395032,0,S7
0.0440952380952381,0.05655630281305983,11.337281399681455,0.012468496986426802,0,S7
0.02788177339901477,0.03662734440655839,11.328913134620302,0.012444956579026977,0,S7
0.0288479262672811,0.05461073329198918,11.326677758353098,0.01372092763893394,0,S7
0.02956709956709957,0.06760147741436814,11.324663598196848,0.0157844240286455,0,S7
0.030308880308880314,0.09808529321050789,11.310480317615328,0.017756045927850492,0,S7
0.03760504201680674,0.14662378937322018,11.30185661315918,0.013471553379039372,0,S7
0.05068965517241381,0.07852356406441754,11.292440287272136,0.017576307682381425,0,S7
0.05376190476190477,0.08743442706076092,11.272188677106584,0.016077068996692385,0,S7
0.03995238095238096,0.06218487205890031,11.253423200334822,0.015685707341698673,0,S7
0.04723809523809524,0.08981858823956636,11.233914111909412,0.01773937684292668,0,S7
0.04264705882352943,0.08326860737753405,11.211190487089612,0.019165335898606643,0,S7
0.043795918367346955,0.0726005592736937,11.202266329810733,0.015266614424362283,0,S7
0.04831168831168831,0.10015143713116599,11.212028121948242,0.015096787436274796,0,S7
0.04424242424242426,0.08162317070306556,11.206381934029716,0.01779155040617549,0,S7
0.04017316017316018,0.07189542195666139,11.17943623860677,0.021637262788128532,0,S7
0.03567226890756303,0.08115455916933553,11.17043199085054,0.018940983306520845,0,S7
0.03180672268907563,0.06445563548885688,11.178534843808128,0.0166939054247468,0,S7
0.028781512605042,0.0598530756983627,11.189879662649972,0.023634102805579534,0,S7
0.03079365079365078,0.06013622277566461,11.209512837727864,0.02967286200687983,0,S7
0.040168067226890765,0.09491130913340137,11.218198703584218,0.023091262697898,0,S7
0.04333333333333334,0.07387638653005357,11.217576272147042,0.014695272758043915,0,S7
0.0281904761904762,0.06710003410321579,11.203915695917038,0.01989606278243295,0,S7
0.032987012987013,0.07663963446595691,11.179066776093983,0.019959513423584513,0,S7
0.03525210084033613,0.06580662798341268,11.164444187709263,0.017931859209896622,0,S7
0.03488479262672811,0.07125524450354657,11.165873899913969,0.01482256171580968,0,S7
0.031741071428571424,0.06036563318630638,11.176220394316173,0.013865683656991057,0,S7
0.032683982683982676,0.07025889808699162,11.177913247971308,0.01625362794099955,0,S7
0.03796536796536797,0.0895092604385612,11.165942182995025,0.016908970683110723,0,S7
0.05200892857142858,0.09987128388932384,11.159181177048456,0.012433221889630808,0,S7
0.040552995391705066,0.0786752560743678,11.164645476568312,0.016509130721359955,0,S7
0.036428571428571435,0.06271632228845239,11.177259154546828,0.01964162461587353,0,S7
0.033660714285714294,0.06500535877796933,11.188661575317383,0.014650759644173582,0,S7
0.03482142857142857,0.07271647518279772,11.184110895792644,0.015501538171863663,0,S7
0.04008403361344537,0.10622550725855125,11.158698399861654,0.02395331982680975,0,S7
0.04310924369747899,0.11218640405359867,11.135566802251907,0.01411898534127695,0,S7
0.03375510204081633,0.06772054151815547,11.14734974815732,0.02386802090499072,0,S7
0.024682539682539684,0.04885312790722029,11.178614934285482,0.023266185430865716,0,S7
0.019227799227799235,0.037292190896182284,11.191674296061198,0.012390902299678526,0,S7
0.01501831501831501,0.027804689627940863,11.184551111857097,0.014147517291825278,0,S7
0.02970588235294117,0.12264209261967297,11.183926246279762,0.016408372513887014,0,S7
0.04671428571428572,0.07821385722788958,11.207146108718145,0.024333327893029815,0,S7
0.03961904761904762,0.05991127249969627,11.217393675304594,0.015833899782052185,0,S7
0.03410138248847926,0.04930633303178017,11.200101361955916,0.015436291905652808,0,S7
0.03682027649769584,0.052419763759989045,11.18754270644415,0.012428814218383568,0,S7
0.0315625,0.06821692218013277,11.18457890465146,0.01363073584125269,0,S7
0.03714285714285715,0.10980870876111522,11.18657824198405,0.014210882500014475,0,S7
0.049723502304147446,0.13755679920314845,11.190539078485399,0.012664423339032872,0,S7
0.047389162561576346,0.05467622697222593,11.19484774271647,0.011835761627588079,0,S7
0.04152073732718893,0.07889336440049043,11.216893895467122,0.027114919210349912,0,S7
0.03895043731778427,0.09350279271175788,15.426666677565802,0.13328610419644696,1,S7
0.07053156146179403,0.10049758142607783,15.556951432001023,0.06402665067602499,1,S7
0.05884353741496598,0.09832476104222507,15.64631454831078,0.09916764617770091,1,S7
0.07642857142857143,0.10817114557130407,15.822553035191127,0.14899508475818346,1,S7
0.06985347985347982,0.10862845659233428,15.982039170038133,0.09160127158253743,1,S7
0.09533834586466167,0.12432112475415295,16.13119139898391,0.14336114570198014,1,S7
0.11938223938223941,0.1523813645951422,16.31027548653739,0.14273253777276163,1,S7
0.09918918918918919,0.14101543347783504,16.49551002865746,0.13817227106689017,1,S7
0.05864468864468863,0.09160696184888828,16.628216807047526,0.09249277993001015,1,S7
0.05976833976833978,0.10259163617244275,16.6505124046689,0.08406634972338724,1,S7
0.07281746031746032,0.10624347553182502,16.701565551757813,0.09746228490148892,1,S7
0.08753968253968254,0.1289552978791119,16.780010405040922,0.08636833108759352,1,S7
0.09194444444444444,0.13226975386084108,16.877064441499257,0.10168289484941645,1,S7
0.08126984126984126,0.11349592751123029,17.042360505603607,0.1686866095068432,1,S7
0.05917293233082708,0.11331384457291838,17.226926694597516,0.16968738769916106,1,S7
0.08509652509652509,0.12493177515161986,17.437479327973865,0.14527581168402726,1,S7
0.09436974789915964,0.11940560829358762,17.62921536763509,0.11651041181237508,1,S7
0.06987012987012987,0.09832285600219565,17.718508747645785,0.07687864123418801,1,S7
0.0755844155844156,0.10213334199291721,17.790870484851656,0.08690612188311463,1,S7
0.066875,0.11278806853681504,17.943337976364862,0.14920099930252353,1,S7
0.04952380952380952,0.09939294174591984,18.057756878080824,0.12468973418398775,1,S7
0.038531746031746014,0.15566746891097227,18.142628333682104,0.1105366125248514,1,S7
0.02131195335276968,0.11763215234495251,18.300330352783202,0.11168540273144742,1,S7
0.0041353383458646665,0.02361149314747904,18.414813068934848,0.0685305881922223,1,S7
0.00654545454545455,0.030330120025446942,18.520888155982608,0.11936820536166379,1,S7
0.009340659340659335,0.02819213735367838,18.70327528090704,0.12213102369092205,1,S7
0.028363095238095232,0.07909020791598474,18.88183125087193,0.09977487435546704,1,S7
0.0753156146179402,0.11794554571534299,19.031369036719912,0.11068676868744899,1,S7
0.08288888888888889,0.11790413878189514,19.150928896949406,0.10990831463342096,1,S7
0.07061224489795917,0.1268846141234862,19.250583812168667,0.09797844267151005,1,S7
0.07376984126984129,0.10164045547269672,19.396289734613326,0.1548353150387655,1,S7
0.07648351648351648,0.1253561253519959,19.483177221389045,0.1316397566327519,1,S7
0.04498257839721254,0.08125188977109371,19.598793810889834,0.1853142670147591,1,S7
0.04882539682539682,0.07517586725867173,19.7144284202939,0.12370143767844144,1,S7
0.07078231292517008,0.11156109573151335,19.740968740554084,0.06916430217787231,1,S7
0.07282392026578073,0.09916071310305692,19.81432028270903,0.08509253339951271,1,S7
0.0688253968253968,0.09823601875763811,19.896657398768834,0.10971658941863613,1,S7
0.09605263157894735,0.13146473708247358,19.906028329758417,0.09702832315233455,1,S7
0.0731203007518797,0.10633590487491243,19.887709227062405,0.06031961200137424,1,S7
0.06857142857142857,0.10288251202956983,19.91828738621303,0.05726244723070632,1,S7
0.0755263157894737,0.09911758967276364,20.05162106468564,0.15403610864153994,1,S7
0.04773809523809524,0.06621352584108647,20.151473708379836,0.10737403232012123,1,S7
0.055357142857142855,0.09230333572272918,20.205931926908946,0.12865679080329587,1,S7
0.07938095238095236,0.11381171214287374,4.179242579142253,0.0171521089738626,0,S8
0.09354679802955665,0.12625338952815066,4.156548091343471,0.014251504856822639,0,S8
0.07177339901477833,0.06851818369307991,4.13389649164109,0.017216394449253568,0,S8
0.05804761904761905,0.046985448340437004,4.108863449096679,0.016177320085555964,0,S8
0.05179723502304149,0.04325648673633134,4.0831347147623696,0.017288325462241065,0,S8
0.048348214285714286,0.06128405553020271,4.0587952568417505,0.014311303315646192,0,S8
0.045491071428571436,0.06804586183858792,4.037904921032133,0.014533707740219734,0,S8
0.05638095238095239,0.0612019389758961,4.024859546479725,0.010839602868626726,0,S8
0.0641904761904762,0.07894613141072841,4.013227371942429,0.01444644842803092,0,S8
0.042,0.070899302686933,3.9959329332624165,0.014425325944675882,0,S8
0.03428571428571429,0.038733808585542734,3.980221920921689,0.012422905017889755,0,S8
0.03267281105990782,0.04106948753177289,3.962857364472889,0.013488071650620678,0,S8
0.031071428571428562,0.043752293950735176,3.9476272583007814,0.010260953697953958,0,S8
0.028125,0.03510179239780252,3.9380519866943358,0.009980221162129238,0,S8
0.030223214285714287,0.032655731604980864,3.9303716023763022,0.009162759999714467,0,S8
0.03238095238095238,0.03203667858570921,3.9221368517194475,0.009848394946603767,0,S8
0.029419642857142853,0.03196306502095237,3.9122515723818823,0.010060675548443017,0,S8
0.030892857142857152,0.03295586580995706,3.902902566818964,0.009921211367502281,0,S8
0.03336134453781513,0.06789057025362775,3.899701963152204,0.008995612683298236,0,S8
0.034978354978354984,0.0793077104952673,3.897277977353051,0.009665971996400183,0,S8
0.03214285714285714,0.042642120968452574,3.89115355355399,0.009003169555577834,0,S8
0.03256302521008402,0.041244408200749726,3.882367978777204,0.01118821174829395,0,S8
0.0461904761904762,0.05743259467048305,3.8732477278936477,0.00984570763208036,0,S8
0.04907563025210085,0.0762210992880343,3.8707958403087797,0.009030647657760868,0,S8
0.04226890756302521,0.06901708919233766,3.8718366350446427,0.008978507601852185,0,S8
0.039017857142857146,0.06425823308130181,3.8737130119687033,0.008635155918284308,0,S8
0.04654377880184331,0.06374885890835495,3.873117846534366,0.01022673617542465,0,S8
0.03522448979591838,0.09105318487946691,3.8796414693196613,0.01750446516067066,0,S8
0.029346938775510204,0.06414137234467705,3.8833318982805523,0.015426459710122424,0,S8
0.04463203463203462,0.042229629076311885,3.871196074712844,0.0119836477534903,0,S8
0.038441558441558416,0.03782187148054413,3.8565892719087147,0.011594322945066484,0,S8
0.03521008403361344,0.043227091324845084,3.8458129337855746,0.00958921955808466,0,S8
0.031836734693877565,0.04595565344599373,3.8435467856270926,0.009493461765338902,0,S8
0.041183673469387755,0.05297100325356403,3.8524988810221354,0.012238686197709393,0,S8
0.04281385281385281,0.056966500599240494,3.8561476026262556,0.009719343471062413,0,S8
0.04471861471861471,0.07335235585580589,3.856694575718471,0.010588322565847368,0,S8
0.04553571428571428,0.07833541168239119,3.86770631699335,0.011619889270653,0,S8
0.042718894009216586,0.042054211209874015,3.878513681320917,0.009767269617206404,0,S8
0.0416589861751152,0.04137889571030239,3.8860116322835285,0.009915984087651717,0,S8
0.03897321428571428,0.04190024482827609,3.88899788629441,0.00935095100157974,0,S8
0.03732142857142856,0.03559915853049491,3.8821974254789806,0.011086083694149615,0,S8
0.03385281385281385,0.04877237372685536,3.8791668119884672,0.010016831302339728,0,S8
0.03369747899159664,0.06551624360233194,3.8794578915550595,0.011632769656629384,0,S8
0.040476190476190464,0.05913393491317056,3.864287785121373,0.015963298180141774,0,S8
0.03636363636363637,0.03518239620540423,3.847143736339751,0.01003996731484327,0,S8
0.03259740259740261,0.032259386725705906,3.8366375514439173,0.010902286813702535,0,S8
0.0315126050420168,0.03482113515612344,3.8305938357398626,0.009680768669786842,0,S8
0.03365546218487395,0.04226443401183425,3.8228314354306177,0.011867521955429153,0,S8
0.03612244897959183,0.04642484044159673,3.8086792900448754,0.011706915536633758,0,S8
0.03474903474903475,0.0808385723583569,3.797565478370303,0.011599249041251553,0,S8
0.03710526315789473,0.08843566613670567,3.784048679896763,0.015250575987204576,0,S8
0.039729729729729726,0.07236434907009001,3.7666629609607516,0.01278514234314007,0,S8
0.03702380952380954,0.053786624720208134,3.7622452327183313,0.010421949606809876,0,S8
0.037142857142857144,0.04153397669769733,3.7670291718982516,0.009853322909304373,0,S8
0.03285714285714286,0.03334379559923355,3.7684036981491817,0.008578449354902333,0,S8
0.030653061224489794,0.03216068484634369,3.77071042742048,0.009228291338425355,0,S8
0.036408163265306125,0.05456629141448188,3.7790725889660064,0.015313248486861936,0,S8
0.041218487394957974,0.06110865232181192,3.792679450625465,0.015729223714136976,0,S8
0.03852941176470588,0.05116296817803223,3.8012958163306827,0.008760169235596417,0,S8
0.045420168067226895,0.06548564610582645,3.7996434347970145,0.010136106602863619,0,S8
0.05236607142857143,0.05882318877865783,3.7952169690813338,0.01007444566632608,0,S8
0.045411255411255416,0.0644784418109773,3.7955530439104352,0.009129042339730022,0,S8
0.03911764705882354,0.05018157783342969,3.799954096476237,0.009499573686160986,0,S8
0.03844155844155844,0.04094060813586291,3.804468972342355,0.009328663518799594,0,S8
0.03665178571428571,0.043317134380284034,3.805621792021252,0.008752135864363868,0,S8
0.03407563025210085,0.046786371926920464,3.8034491947719027,0.008611052562328149,0,S8
0.03054621848739496,0.028024086742198705,3.803821709042504,0.008785918682436292,0,S8
0.032815126050420175,0.04502098173446311,3.8043292272658573,0.009403950258598056,0,S8
0.04567226890756304,0.061723679233276936,3.8020522707984563,0.009270520700831699,0,S8
0.05046218487394959,0.06924193561453068,3.7998292105538503,0.008661815796928356,0,S8
0.04411255411255412,0.06372697538823982,3.794167927333287,0.010838006089963914,0,S8
0.041134453781512606,0.04867089797682889,3.792462194533575,0.011286213679986683,0,S8
0.04571428571428571,0.05272834704427063,3.8066395895821707,0.017397369850072748,0,S8
0.04393939393939394,0.05069017340495958,3.825913856143043,0.014658226166776922,0,S8
0.03760504201680673,0.03499761400803955,3.8323399135044642,0.00890470068752859,0,S8
0.03571428571428572,0.03812266748178435,3.828097679501488,0.010698982811242295,0,S8
0.04095238095238096,0.04806269077144761,3.816625322614397,0.014464245936671862,0,S8
0.04401785714285715,0.043088578828464445,3.8030752454485213,0.011175730068625676,0,S8
0.015745341614906837,0.043312227368758345,3.6935184842064266,0.011059058200320143,1,S8
0.015900621118012426,0.04748280754165609,3.7072919028145925,0.015532518467851324,1,S8
0.023260869565217383,0.049542189532888435,3.713932872953869,0.010758752946183222,1,S8
0.022793650793650786,0.04424628884570336,3.705627677554176,0.010400720056357437,1,S8
0.03170068027210883,0.06587854736099694,3.7145711626325335,0.01652062344567673,1,S8
0.023820598006644513,0.0665429741292847,3.7341179438999723,0.012143922926769754,1,S8
0.03146103896103896,0.07267477261716,3.7446089063371932,0.01217859780403237,1,S8
0.06085034013605441,0.10957366677472559,3.7528473082042875,0.012707730189826233,1,S8
0.09690476190476187,0.13046901207099884,3.7651163373674663,0.012851544992844471,1,S8
0.05095238095238095,0.12058505131448488,3.780346352713449,0.014219563720768588,1,S8
0.04202090592334494,0.08351494856220183,3.7816027141752695,0.01286518617504613,1,S8
0.06411960132890364,0.10252064365174501,3.7731046404157365,0.008447223076865656,1,S8
0.09084415584415582,0.11617807202415258,3.7718544551304407,0.008337635599219493,1,S8
0.042278911564625855,0.09312836965809078,3.7864507947649275,0.024931911656215805,1,S8
0.037317073170731706,0.06364996259212997,3.818697502499535,0.028452072429553752,1,S8
0.04215946843853821,0.07005915747154834,3.8392999194917223,0.00985265498174351,1,S8
0.03951219512195121,0.09173037428758098,3.8546084449404763,0.018696160246220044,1,S8
0.03478571428571428,0.08200556992674675,3.8569635300409226,0.01728575696186278,1,S8
0.10320557491289198,0.12174351295621574,3.838110533214751,0.012412687154978647,1,S8
0.03923076923076923,0.06806650971585043,3.82240598769415,0.013182015570521032,1,S8
0.021850649350649353,0.03864836536161284,3.804238528297061,0.015606494208802137,1,S8
0.04331010452961673,0.0830545733239903,3.824747848510742,0.039257954749789055,1,S8
0.02864468864468864,0.06516226801968596,3.8511585235595702,0.02421382181433957,1,S8
0.027500000000000004,0.08161113333125299,3.8420004163469588,0.011912694454186685,1,S8
0.02285714285714286,0.0628077285346167,3.8244448888869513,0.01730699893074465,1,S8
0.01481727574750831,0.03186735863119495,3.8074644361223493,0.011579399127513771,1,S8
0.013365079365079368,0.03434211143817037,3.793731453305199,0.013351387603020091,1,S8
0.012249240121580547,0.028912629719776876,3.785735884166899,0.009193325571453298,1,S8
0.020476190476190478,0.04825247534854227,3.790376953851609,0.012163540199500231,1,S8
0.05905844155844156,0.1298995328588069,3.817942174275716,0.03042677416830333,1,S8
0.03301948051948052,0.09683999889894307,3.8645055135091146,0.04220981917168704,1,S8
0.016211180124223595,0.055446111694166744,3.9050274258568174,0.04157770792630198,1,S8
0.01349206349206349,0.03917472599353234,3.899294172014509,0.031202897111738348,1,S8
0.01304761904761905,0.05111186124813346,3.9037416367303757,0.055569933793914186,1,S8
0.01788961038961039,0.07055362541327635,3.9572988419305712,0.05610647310550157,1,S8
0.02208791208791209,0.05246007957465936,3.9561313810802643,0.032173053930023975,1,S8
0.023693379790940765,0.06034969323571778,3.92334832691011,0.01142364838085003,1,S8
0.019285714285714288,0.053223204512827485,3.9134849911644345,0.008618828233426688,1,S8
0.04488888888888889,0.07400565730655499,3.907500494094122,0.008467978998721206,1,S8
0.032225913621262446,0.05255813629696442,3.931507255917504,0.03473610614786963,1,S8
0.02584126984126984,0.05157957846498174,3.9552066439674016,0.02294758753555801,1,S8
0.031850649350649345,0.0715231120376872,3.9503433227539064,0.009278772872664213,1,S8
0.03252491694352158,0.0679134716183458,3.962054861159552,0.030332926962585847,1,S8
0.022259136212624576,0.05114575259096106,4.053013665335519,0.09220651045608429,1,S8
0.02724738675958188,0.07373387922852885,4.159882881527856,0.06063331722387205,1,S8
0.033020408163265305,0.06743388838033297,2.1178226652599514,0.023486991060346924,0,S9
0.0365126050420168,0.08040447520807562,2.0839088258289156,0.022770598755094157,0,S9
0.039117647058823535,0.06367203033434012,2.0511202130998885,0.021259993382522505,0,S9
0.03365546218487396,0.058743245112217256,2.0291421799432663,0.01391233516626661,0,S9
0.02738775510204082,0.05191439343189771,2.018030984061105,0.013355031815935371,0,S9
0.025387755102040815,0.04444336379071698,2.0012723105294365,0.017193639955112867,0,S9
0.02497959183673469,0.04360257076566304,1.9738683428083148,0.021164813328209207,0,S9
0.040081632653061215,0.0845697393653695,1.9458609626406715,0.018017384524398737,0,S9
0.029183673469387755,0.06908468034741828,1.9250020163399832,0.015579932337416126,0,S9
0.02805555555555555,0.06869742589603872,1.90749390011742,0.015949008040219138,0,S9
0.03810924369747898,0.09898451492069757,1.889068857828776,0.016442818881849754,0,S9
0.0350420168067227,0.08999084594105211,1.870255370367141,0.01523436268215879,0,S9
0.023412698412698413,0.04681157892899845,1.8542482830229259,0.013995105832246895,0,S9
0.018968253968253954,0.03937811319136871,1.8398560296921502,0.014864433343672285,0,S9
0.02099206349206348,0.03803302426236734,1.8248916262672061,0.014890012884907263,0,S9
0.03895752895752895,0.10026653382567784,1.8124528067452568,0.014756833734538254,0,S9
0.028455598455598457,0.0672249517065383,1.8300386519659133,0.027424204394477517,0,S9
0.029548872180451127,0.07097269759672921,1.8342676435198102,0.023494222008819617,0,S9
0.02523809523809524,0.060840894685180544,1.8053310757591612,0.016882646672798773,0,S9
0.021469387755102046,0.03692061018301591,1.785618627639044,0.01541659980408641,0,S9
0.019957983193277316,0.027865745849580924,1.7686496008010137,0.014621708191211348,0,S9
0.019591836734693873,0.04452846013116566,1.7533384958902996,0.014330490890466362,0,S9
0.023359073359073362,0.06678791243427847,1.7399319603329613,0.01348584264485918,0,S9
0.025277777777777777,0.07708528776633086,1.7281748998732793,0.013172237334513389,0,S9
0.020756302521008404,0.049546145071659116,1.7171547117687407,0.012942120481911108,0,S9
0.0209126984126984,0.03361282724355065,1.706989996773856,0.012886575845299952,0,S9
0.021547619047619045,0.040933014729148814,1.6978457677932013,0.012983039817938791,0,S9
0.02631578947368421,0.06327929739650048,1.6937624068487258,0.01297431983643302,0,S9
0.028648648648648637,0.07152289972549568,1.6887066977364675,0.013879937389784424,0,S9
0.022619047619047615,0.04984704022397271,1.6761116754441034,0.01418062509495498,0,S9
0.017103174603174603,0.03097218266516647,1.6640563238234747,0.012751998585670849,0,S9
0.016489795918367342,0.022096726140368592,1.6569182623000371,0.011728521759128991,0,S9
0.01714285714285714,0.02307115552826543,1.6515553247360957,0.011808279035373131,0,S9
0.02034749034749035,0.06372387824602686,1.6494859059651692,0.011659706114251819,0,S9
0.02436293436293437,0.05718790270439446,1.6520689646402995,0.012037182717428058,0,S9
0.02293436293436294,0.050999618128370734,1.6518316359747023,0.012040274259307255,0,S9
0.0182936507936508,0.035948123137827685,1.650094223022461,0.011746186838920238,0,S9
0.01749034749034751,0.02869325038133308,1.6477953592936199,0.012029100306586615,0,S9
0.017606177606177623,0.03274572047279774,1.6433167412167504,0.011707491430801754,0,S9
0.02233082706766918,0.043573179972406506,1.641645249866304,0.012545110493668809,0,S9
0.026177606177606186,0.07235443669200185,1.6425980885823568,0.013398890594444946,0,S9
0.03061776061776062,0.0807801227545163,1.6560464041573661,0.026963789411143066,0,S9
0.02285714285714285,0.050440025960753566,1.6694822402227492,0.023306182040968345,0,S9
0.022105263157894732,0.049148528246170727,1.672047133672805,0.011405235880829954,0,S9
0.020849420849420857,0.05775791859950878,1.6729513077508835,0.011306121707689064,0,S9
0.0168421052631579,0.04868519100296389,1.6682319641113281,0.012026215436249162,0,S9
0.024208494208494212,0.04454842802989151,1.662419219244094,0.0116901741654794,0,S9
0.034999999999999996,0.08768065192431884,1.6563510531470889,0.012137307559536514,0,S9
0.032316602316602314,0.07977216837181321,1.6520667848132906,0.011367543484347079,0,S9
0.022123552123552125,0.042636219927465496,1.6514921460832868,0.011110220411162585,0,S9
0.020039682539682534,0.04080746836690416,1.6483937581380208,0.011397405175334097,0,S9
0.019922779922779917,0.03617471313695541,1.6453855605352492,0.012748324946252595,0,S9
0.02047619047619048,0.053170871552313814,1.6582012176513672,0.018417906295879135,0,S9
0.024060150375939858,0.07991478642697979,1.6665601639520555,0.012813034992437328,0,S9
0.031142857142857153,0.07240004055949052,1.6605570838564918,0.01186660928788753,0,S9
0.021269841269841272,0.05013251472806996,1.6578849792480468,0.011495149208489082,0,S9
0.013428571428571425,0.028008649412724598,1.653477023896717,0.01180868694742532,0,S9
0.01890756302521008,0.03337303203144861,1.6467843010312035,0.012140754404471713,0,S9
0.028319327731092442,0.05289203796539966,1.6437137422107515,0.011467458395427938,0,S9
0.03012987012987013,0.0591606784672355,1.6448784782772972,0.011227351537074772,0,S9
0.025336134453781516,0.05105556339847656,1.6440754663376582,0.011360682449977878,0,S9
0.02795918367346939,0.055495474882428966,1.6509525662376767,0.02053539812818153,0,S9
0.03327731092436975,0.06956155903677563,1.6651839665004184,0.019693946509799574,0,S9
0.03342857142857143,0.0689672379233613,1.6779727209182012,0.016045587450022693,0,S9
0.04352941176470588,0.11963032047802918,1.6974729810442244,0.020144256560643017,0,S9
0.03452380952380952,0.1239005463604218,1.714774431501116,0.016109915536445935,0,S9
0.026729323308270672,0.07589195533693681,1.7272331964401972,0.016305276786252296,0,S9
0.03281632653061225,0.065970094845757,1.7345008668445405,0.011727423842536073,0,S9
0.03533613445378152,0.04349025081404324,1.7300073714483353,0.012203388713516129,0,S9
0.03512605042016808,0.05396659308787894,1.721579070318313,0.012359773169227034,0,S9
0.028571428571428577,0.06453942807251005,1.7131311325799852,0.012077264440245287,0,S9
0.03766233766233766,0.0747834951450218,1.7059553055536179,0.011611926873918444,0,S9
0.040672268907563015,0.09335658463677712,1.7052818479992093,0.011872351427211358,0,S9
0.03127413127413128,0.07676700013987414,1.7180838630312965,0.016444375262444078,0,S9
0.027142857142857146,0.06177045056369032,1.7461773282005673,0.03132835080227275,0,S9
0.024725274725274738,0.05796892860553375,1.7996328808012463,0.04433101530171653,0,S9
0.019661654135338342,0.04013736159270039,1.830895505632673,0.01422969989388508,0,S9
0.01957528957528957,0.04061180598897343,1.8331770760672432,0.012909808658706464,0,S9
0.024507936507936496,0.058163291194494114,2.7934009188697453,0.02499719196665969,1,S9
0.023972125435540066,0.04264438063324127,2.782118424915132,0.014878545323124414,1,S9
0.02167857142857143,0.043514992979352865,2.805008043561663,0.024060232494260744,1,S9
0.031045296167247383,0.04725521845519382,2.83374879019601,0.027807876439974927,1,S9
0.030071428571428572,0.04503955723782852,2.8797226133800686,0.05283299699170982,1,S9
0.024425087108013947,0.05028399378995636,2.9243872506277904,0.03319383632393913,1,S9
0.025607142857142863,0.05319985867720909,2.9583162035260884,0.03719981933999407,1,S9
0.023984962406015043,0.04515988850213671,3.022246823992048,0.05796076349082278,1,S9
0.026203007518797,0.05746824330283008,3.0767035166422527,0.0420249106174098,1,S9
0.031746031746031744,0.06802196900939364,3.0919924963088263,0.020111688691601657,1,S9
0.02518796992481203,0.06503887617933446,3.085576629638672,0.022499947067775722,1,S9
0.02616541353383459,0.05700690599485306,3.097135216849191,0.026864352093559696,1,S9
0.03142857142857143,0.06272665386675501,3.124931934901646,0.025128237855848654,1,S9
0.030142857142857138,0.06331511891455929,3.1206095014299664,0.02487824337061845,1,S9
0.034624060150375946,0.08500028216367939,3.1172929128011067,0.021944831317740696,1,S9
0.03718146718146718,0.08457123505309468,3.1647575923374722,0.04319256111642536,1,S9
0.0275563909774436,0.06852727046282887,3.2147604261125835,0.027452530389065907,1,S9
0.02728571428571429,0.06538654085991193,3.2268260955810546,0.020551977368346287,1,S9
0.025470383275261323,0.08192541041956562,3.2512864794049943,0.034398861782944413,1,S9
0.02772893772893772,0.08651494355996352,3.322370329357329,0.05731745562066814,1,S9
0.03625482625482625,0.07573601020361814,3.3679927280970983,0.034251110294598396,1,S9
0.042816326530612236,0.07975004847519794,3.369784945533389,0.01535002622271692,1,S9
0.0376984126984127,0.08811540006168213,3.383574676513672,0.03636856019578431,1,S9
0.028285714285714286,0.0713928524611161,3.4095426286969865,0.03735731217717527,1,S9
0.023464285714285712,0.06326960096863807,3.431930469331287,0.020732442849686155,1,S9
0.030476190476190473,0.05894793255790257,3.472544679187593,0.040457682775817835,1,S9
0.04289795918367348,0.08326955231146421,3.5134728022984096,0.030680550225989634,1,S9
0.04281632653061225,0.09919317372826475,3.5363622392926897,0.023185497513009874,1,S9
0.03337662337662339,0.06386826896009505,3.5626451764787945,0.03210818616285363,1,S9
0.03253061224489796,0.06293929766230505,3.5830178941999162,0.030228374383672898,1,S9
0.027104247104247112,0.05028023677761722,3.6032472882952007,0.027348909439837435,1,S9
0.028069498069498062,0.058325671356369624,3.6357023148309615,0.034553627498994446,1,S9
0.03499999999999998,0.07693699075932053,3.6725159418015254,0.034279542960574706,1,S9
0.03686507936507935,0.082002795626013,3.687960688273112,0.027423352940900203,1,S9
0.033999999999999996,0.07429447911594847,3.7196968260265533,0.061563660209827925,1,S9
0.03246031746031746,0.06123150429647379,3.732222202845982,0.05991431817232992,1,S9
0.03146938775510204,0.06272126366791228,3.7288640340169272,0.035193070042202325,1,S9
0.036857142857142866,0.07584107840474953,3.7809851510184154,0.050174978521627486,1,S9
0.04738095238095239,0.09969515706499062,3.8122317722865513,0.03854333709911278,1,S9
0.051785714285714296,0.11493403711954685,3.832546797252837,0.04154763501583836,1,S9
0.03967032967032967,0.10277113839865308,3.848470724196661,0.039148224043176506,1,S9
0.029214285714285703,0.06852720522352199,3.8409410022553945,0.026288616071990265,1,S9
0.041102040816326534,0.1027265914090139,3.867224611554827,0.03473590846416109,1,S9
