k,status,x,y,w,h,rx,ry,lx,ly,nx,ny
0,FAILED,,,,,,,,,,
1,OK,195,-110,737,737,457.75,238.24,644.68,204.78,575.77,295.72
2,OK,199,-107,734,734,459.95,238.59,645.84,204.64,580.52,300.24
3,OK,206,-110,735,735,467.18,232.35,654.28,202.92,586.81,296.51
4,OK,213,-113,733,733,473.47,225.33,659.63,193.44,592.56,297.11
5,OK,213,-114,737,737,477.21,226.04,665.1,198.77,591.89,295.66
6,OK,216,-117,743,743,481.4,226.39,670.99,200.67,599.39,295.35
7,OK,212,-122,750,750,481.02,225.25,672.69,201.44,598.05,293.98
8,OK,207,-129,761,761,480.39,226.72,675.09,204.8,597.7,287.62
9,OK,203,-133,771,771,480.71,228.98,677.93,206.25,598.55,287.27
10,OK,210,-121,758,758,484.2,233.91,678.3,213.52,596.9,292.84
11,OK,215,-122,756,756,488.74,236.61,681.83,211.1,602.64,289.31
12,OK,238,-127,734,734,501.47,229.98,688.91,205.73,616.02,263.17
13,OK,263,-115,714,714,517.0,231.97,699.32,208.49,633.1,265.05
14,OK,261,-111,753,753,525.57,244.25,717.32,215.09,653.04,301.82
15,OK,266,-126,741,741,530.75,240.21,718.31,205.15,649.45,265.68
16,OK,294,-104,713,713,552.39,238.08,735.26,221.09,658.11,274.81
17,OK,289,-103,716,716,554.96,233.77,739.34,233.77,647.78,277.26
18,OK,291,-100,723,723,554.29,243.16,740.07,230.97,657.93,286.8
19,OK,287,-93,725,725,553.02,242.88,739.6,237.6,653.55,297.87
20,OK,292,-96,716,716,545.89,248.36,728.87,224.47,664.61,287.8
21,OK,256,-87,751,751,529.08,264.69,720.95,239.56,638.49,324.6
22,OK,249,-82,748,748,522.55,270.38,712.63,238.6,628.45,330.94
23,OK,259,-72,738,738,525.02,269.19,712.62,238.37,638.68,341.0
24,OK,261,-69,721,721,519.17,264.55,702.5,234.24,632.49,332.74
25,OK,257,-88,739,739,523.38,256.97,713.14,240.62,634.52,314.69
26,OK,246,-100,752,752,516.99,255.28,709.5,233.73,630.93,307.49
27,OK,244,-103,754,754,518.1,260.1,711.48,242.31,628.61,297.51
28,OK,238,-77,749,749,508.23,285.22,699.11,257.43,621.56,323.61
29,OK,233,-67,762,762,511.76,297.46,707.35,280.2,620.13,339.73
30,OK,248,-49,739,739,517.73,303.07,707.22,285.57,622.09,347.46
31,OK,243,-48,743,743,515.61,305.55,706.22,288.38,617.58,349.08
32,OK,239,-33,737,737,509.89,312.68,698.49,291.92,610.97,368.58
33,OK,236,-40,747,747,509.37,313.64,700.61,293.54,613.86,364.32
34,OK,239,-25,738,738,509.89,317.55,699.15,299.46,611.8,381.02
35,OK,234,-31,754,754,510.85,315.05,704.38,300.12,616.15,386.4
36,OK,239,-18,756,756,516.59,323.23,710.87,310.09,621.27,404.54
37,OK,234,-13,760,760,514.14,329.86,709.49,316.32,617.56,411.13
38,OK,240,-2,754,754,517.4,330.44,711.49,321.45,621.02,425.21
39,OK,236,0,753,753,514.5,330.11,708.3,322.21,613.18,426.03
40,OK,236,-6,760,760,515.45,333.08,710.83,322.46,619.7,420.87
41,OK,235,-3,762,762,515.06,336.36,710.98,326.94,619.55,424.76
42,OK,237,4,757,757,516.07,337.88,710.93,330.67,617.06,430.42
43,OK,237,1,760,760,517.77,337.62,713.51,331.19,620.07,429.49
44,OK,235,-9,772,772,518.94,338.26,717.67,331.36,624.17,420.32
45,OK,231,-9,772,772,518.21,340.25,716.94,335.54,617.7,416.71
46,OK,230,1,776,776,516.75,352.48,716.38,343.66,621.15,431.63
47,OK,229,2,782,782,517.41,352.33,718.71,345.58,623.72,437.28
48,OK,235,6,776,776,518.94,354.29,718.66,345.01,627.74,438.46
49,OK,239,20,764,764,520.17,359.58,716.6,348.5,625.51,451.61
50,OK,241,24,760,760,520.01,361.08,715.4,350.65,625.16,452.74
51,OK,241,24,759,759,518.85,361.56,713.91,350.03,624.85,450.94
52,OK,237,18,770,770,518.83,361.31,716.94,350.09,626.36,451.91
53,OK,236,16,771,771,516.21,362.49,713.8,342.51,628.02,449.95
54,OK,236,24,771,771,514.7,370.69,712.18,350.59,628.64,457.83
55,OK,235,30,767,767,512.87,374.44,709.28,353.15,626.04,463.39
56,OK,233,27,767,767,509.9,374.5,706.11,350.43,625.97,459.38
57,OK,224,24,766,766,503.38,372.06,699.44,350.99,613.15,453.38
58,OK,220,26,772,772,500.77,373.91,698.6,352.87,613.53,460.97
59,OK,212,34,764,764,492.05,380.26,687.61,358.14,598.64,463.57
60,OK,218,35,761,761,495.98,376.48,691.07,356.21,603.08,465.07
61,OK,205,32,772,772,487.9,379.14,685.88,360.23,595.13,468.27
62,OK,200,35,773,773,485.31,380.6,683.61,362.59,588.7,471.27
63,OK,197,34,777,777,482.06,383.68,680.84,360.85,589.63,472.58
64,OK,195,35,778,778,481.42,384.25,680.46,360.91,588.57,476.44
65,OK,198,32,778,778,484.2,382.67,683.35,361.27,590.87,471.08
66,OK,197,35,775,775,483.57,380.67,682.13,361.44,587.06,473.63
67,OK,204,32,770,770,487.01,375.31,684.39,356.91,593.84,468.27
68,OK,213,33,765,765,492.67,374.29,688.9,356.78,600.87,464.5
69,OK,215,36,760,760,493.78,376.03,688.38,355.39,600.73,467.81
70,OK,218,36,761,761,495.29,372.8,690.47,353.94,603.39,468.8
71,OK,216,32,764,764,495.69,372.08,691.54,352.2,603.52,466.8
72,OK,224,34,755,755,500.95,366.18,695.07,353.58,605.45,463.52
73,OK,220,31,757,757,499.69,366.57,694.38,355.49,600.3,458.34
74,OK,225,28,756,756,503.92,365.45,698.23,352.84,605.24,452.91
75,OK,221,20,766,766,504.14,361.0,701.34,351.78,606.32,450.17
76,OK,224,16,767,767,507.94,359.41,705.27,350.92,607.92,444.17
77,OK,225,9,768,768,508.1,355.12,705.65,343.14,611.49,437.74
78,OK,228,10,765,765,509.55,359.13,706.09,346.55,612.28,432.83
79,OK,231,5,766,766,513.07,353.6,709.92,340.58,617.08,429.34
80,OK,231,-5,778,778,518.56,344.19,718.97,338.7,622.07,427.07
81,OK,231,-15,792,792,523.18,339.04,727.05,338.99,629.42,424.3
82,OK,236,0,789,789,526.75,341.25,730.04,345.41,632.53,445.28
83,OK,231,-4,784,784,522.28,339.44,724.2,345.41,623.05,434.04
84,OK,226,-2,782,782,516.25,340.83,717.64,344.38,617.39,436.52
85,OK,224,1,782,782,513.36,343.02,714.75,346.55,616.31,439.79
86,OK,219,6,780,780,508.49,345.44,709.45,346.87,609.33,446.83
87,OK,222,10,774,774,509.19,348.24,708.51,347.7,610.8,447.1
88,OK,221,4,782,782,511.32,345.58,712.64,346.88,613.04,444.76
89,OK,223,6,780,780,513.01,345.26,713.82,346.92,613.99,447.1
90,OK,224,5,781,781,513.56,344.92,714.61,346.02,615.81,444.91
91,OK,220,2,784,784,511.3,345.07,713.35,345.6,613.49,444.4
92,OK,219,1,787,787,510.9,344.82,713.63,347.21,612.58,443.64
93,OK,221,1,786,786,512.91,343.86,715.24,346.69,615.82,443.22
94,OK,223,4,782,782,512.98,343.83,714.47,346.11,614.6,446.17
95,OK,222,2,784,784,512.67,343.3,714.58,345.24,614.83,445.54
96,OK,219,3,786,786,511.67,343.61,713.98,345.69,612.5,448.15
97,OK,218,-1,789,789,510.11,345.08,713.28,344.72,613.42,442.34
98,OK,218,5,786,786,511.54,346.48,713.91,351.07,611.16,448.38
99,OK,213,12,780,780,504.71,355.26,705.49,355.12,601.45,450.36
100,OK,181,50,799,799,484.18,392.91,689.76,398.82,574.3,503.24
101,OK,155,89,805,805,465.7,426.57,672.57,440.19,546.71,549.67
102,OK,151,88,819,819,464.22,433.77,675.07,442.13,552.32,557.89
103,OK,151,101,813,813,463.18,436.5,672.34,448.13,546.26,572.28
104,OK,146,110,804,804,456.64,444.66,663.51,450.68,536.75,577.77
105,OK,136,101,816,816,450.97,442.51,661.16,446.29,533.82,575.1
106,OK,156,112,787,787,454.45,447.97,657.0,444.02,543.07,564.6
107,OK,148,89,816,816,456.12,440.8,666.3,435.17,552.16,558.0
108,OK,196,98,809,809,490.94,444.0,698.74,427.27,606.39,569.64
109,OK,221,110,800,800,509.77,454.69,715.29,439.0,630.16,574.98
110,OK,214,88,828,828,515.8,448.68,729.0,440.65,635.43,560.57
111,OK,214,81,836,836,519.33,446.28,734.53,438.53,638.25,556.83
112,OK,232,87,820,820,531.23,441.81,742.41,435.63,649.15,556.63
113,OK,241,85,819,819,538.64,439.8,749.46,433.13,656.21,553.45
114,OK,239,85,824,824,540.05,442.29,752.02,434.93,657.04,556.56
115,OK,238,88,825,825,539.73,442.67,752.07,437.86,656.04,561.54
116,OK,247,62,822,822,544.78,427.67,756.28,420.43,666.44,522.68
117,OK,259,49,819,819,553.82,406.36,764.52,398.35,678.32,515.52
118,OK,262,51,794,794,547.0,395.83,751.5,388.75,670.46,504.24
119,OK,266,54,768,768,539.01,387.32,736.75,381.19,662.29,492.76
120,OK,264,48,786,786,540.42,391.98,742.21,376.82,673.35,497.76
121,OK,252,42,802,802,536.51,388.41,742.83,380.51,667.34,502.26
122,OK,253,44,804,804,539.35,387.74,746.53,385.35,668.63,506.14
123,OK,260,48,793,793,541.53,387.39,745.81,383.97,670.16,503.14
124,OK,259,46,793,793,541.94,382.25,746.28,379.98,667.03,503.7
125,OK,250,34,805,805,536.99,375.86,744.27,378.92,664.63,496.34
126,OK,248,49,782,782,529.29,375.15,730.56,384.12,649.17,501.68
127,OK,250,60,771,771,523.61,378.85,722.17,383.65,649.02,509.05
128,OK,246,59,776,776,522.56,379.96,722.23,390.3,645.62,509.44
129,OK,245,66,769,769,517.93,385.69,716.01,388.05,641.07,513.34
130,OK,235,58,783,783,516.59,383.12,718.12,390.71,636.03,511.95
131,OK,237,57,778,778,517.22,381.29,717.29,391.43,636.0,506.69
132,OK,237,58,780,780,519.09,381.34,719.65,393.96,636.28,510.33
133,OK,237,58,780,780,519.57,378.96,719.7,395.19,634.59,510.42
134,OK,238,62,776,776,518.81,379.97,718.24,393.9,635.4,514.04
135,OK,235,60,776,776,515.79,377.35,715.17,390.12,631.81,513.38
136,OK,232,60,784,784,515.74,379.73,717.33,391.59,631.74,519.42
137,OK,234,61,783,783,516.77,385.75,718.39,393.42,632.92,514.71
138,OK,236,58,783,783,518.67,381.27,720.16,390.64,635.17,512.1
139,OK,240,61,777,777,519.65,379.85,719.69,388.86,637.93,515.54
140,OK,241,63,775,775,520.08,378.46,719.31,389.6,636.33,516.56
141,OK,233,47,789,789,515.54,377.87,718.73,382.53,637.35,502.21
142,OK,242,18,762,762,514.82,345.91,711.05,341.8,634.6,455.14
143,OK,243,18,722,722,503.26,328.83,689.27,333.86,613.73,428.65
144,OK,233,11,746,746,504.69,331.43,696.72,339.31,612.92,433.05
145,OK,254,23,743,743,521.79,332.98,712.68,345.17,633.13,448.99
146,OK,259,30,732,732,526.06,329.76,713.46,350.0,630.44,452.64
147,OK,257,22,754,754,536.71,330.18,728.02,363.54,637.31,451.89
148,OK,273,24,737,737,538.86,328.22,727.39,349.6,649.19,445.6
149,OK,267,15,749,749,536.09,326.26,727.9,346.16,650.04,442.02
150,OK,259,14,750,750,530.55,330.45,723.09,345.23,642.37,440.19
151,OK,266,10,752,752,535.61,336.55,729.0,346.69,652.13,431.97
152,OK,263,7,738,738,530.88,326.17,720.74,337.6,639.62,421.49
153,OK,257,-4,757,757,531.54,323.66,726.15,336.56,641.46,418.36
154,OK,254,-14,769,769,533.19,326.6,730.83,337.51,644.68,408.7
155,OK,258,-9,778,778,539.98,328.12,739.93,342.99,655.61,426.02
156,OK,254,-8,788,788,540.67,338.52,743.38,349.97,655.02,429.67
157,OK,248,-2,800,800,539.03,353.6,744.97,361.76,654.36,439.59
158,OK,264,9,792,792,549.73,362.36,753.47,371.9,668.54,444.58
159,OK,286,30,768,768,561.93,363.2,759.48,374.83,681.16,459.23
160,OK,290,42,763,763,560.85,372.5,757.28,380.5,684.14,470.54
161,OK,296,45,754,754,561.93,372.91,756.13,378.39,687.91,470.06
162,OK,299,51,754,754,565.97,376.07,759.91,384.14,690.38,476.46
163,OK,299,49,758,758,568.07,377.66,763.09,384.72,692.4,475.5
164,OK,305,53,754,754,571.39,379.42,765.39,385.54,695.98,478.07
165,OK,302,48,759,759,569.85,376.77,765.3,384.47,694.95,475.05
166,OK,290,44,770,770,562.43,377.86,760.67,380.17,689.84,479.56
167,OK,285,41,769,769,557.65,376.47,755.49,383.41,681.6,470.54
168,OK,277,38,774,774,553.04,374.65,752.35,381.03,675.8,472.87
169,OK,272,38,779,779,549.33,376.34,750.03,378.96,673.6,476.45
170,OK,270,36,784,784,548.54,377.94,750.36,379.54,675.84,478.99
171,OK,270,37,781,781,546.44,377.83,747.48,379.92,674.11,476.57
172,OK,269,34,784,784,547.93,375.73,749.78,378.85,674.65,475.4
173,OK,271,36,779,779,548.33,375.28,749.0,380.38,672.69,472.26
174,OK,267,33,784,784,546.57,375.29,748.29,381.51,671.91,472.8
175,OK,269,35,780,780,547.58,375.28,748.37,382.17,670.76,471.33
176,OK,265,33,785,785,544.19,376.33,746.26,380.1,669.13,471.88
177,OK,265,33,782,782,543.98,375.39,745.19,380.99,668.38,471.22
178,OK,264,35,781,781,543.45,375.84,744.45,383.0,665.16,470.87
179,OK,266,34,780,780,544.34,375.35,745.23,381.42,667.24,469.7
180,OK,267,33,783,783,545.27,375.11,746.95,380.16,670.92,470.97
181,OK,269,33,779,779,546.41,374.87,747.07,379.89,671.17,468.34
182,OK,268,35,778,778,545.55,377.15,745.89,379.8,670.08,470.07
183,OK,267,33,780,780,545.43,375.6,746.17,381.5,669.59,468.24
184,OK,268,34,777,777,544.76,375.09,744.86,381.48,667.93,465.86
185,OK,266,33,778,778,543.65,375.5,744.07,380.6,666.83,467.46
186,OK,265,33,780,780,544.09,374.49,744.95,381.83,665.86,469.35
187,OK,267,35,776,776,544.16,374.58,743.88,380.63,666.47,469.0
188,OK,266,32,780,780,544.66,374.03,745.37,381.22,667.81,467.04
189,OK,265,32,781,781,544.9,371.66,745.75,382.09,665.04,467.83
190,OK,264,32,781,781,544.37,371.83,745.27,381.66,664.36,467.76
191,OK,266,34,778,778,545.01,373.19,745.18,381.53,665.72,469.19
192,OK,268,35,775,775,546.04,372.65,745.34,382.38,665.68,468.28
193,OK,259,32,786,786,541.63,379.22,743.68,390.54,662.57,466.83
194,OK,263,33,781,781,542.96,375.96,743.93,386.92,664.08,466.04
195,OK,266,34,778,778,545.11,372.33,745.24,382.1,665.61,469.1
196,OK,265,34,778,778,544.4,373.2,744.7,381.79,664.27,469.09
197,OK,265,33,781,781,544.01,373.39,745.11,381.25,665.72,469.97
198,OK,265,35,778,778,543.35,375.31,743.69,381.1,665.35,470.82
199,OK,265,35,776,776,544.01,373.13,743.67,381.54,663.21,470.62
200,OK,266,35,777,777,544.38,371.98,744.2,380.69,664.02,470.63
201,OK,267,35,776,776,544.72,372.11,744.4,380.39,665.66,471.44
202,OK,267,38,773,773,543.57,373.63,742.65,380.69,664.21,471.85
203,OK,267,38,773,773,544.07,373.34,743.0,381.69,663.33,472.25
204,OK,264,35,776,776,543.34,372.35,742.94,381.88,662.61,470.81
205,OK,264,37,776,776,542.79,374.28,742.53,383.12,662.32,471.41
206,OK,265,35,778,778,543.73,373.81,743.93,381.57,664.86,471.18
207,OK,265,36,776,776,543.63,373.49,743.27,382.66,663.41,471.56
208,OK,264,35,778,778,543.97,372.47,744.0,382.52,663.54,471.72
209,OK,264,36,777,777,542.81,372.59,742.83,382.26,662.67,470.87
210,OK,262,36,776,776,540.96,372.53,740.68,382.89,659.73,470.52
211,OK,260,34,778,778,540.33,371.43,740.45,382.89,658.27,470.18
212,OK,261,33,780,780,541.26,371.59,741.97,381.73,661.08,469.9
213,OK,256,33,782,782,537.07,373.01,738.38,380.74,656.28,472.52
214,OK,259,33,780,780,539.68,372.03,740.3,381.42,659.13,470.39
215,OK,263,38,768,768,539.8,372.35,737.32,380.34,656.33,469.52
216,OK,263,34,769,769,539.63,368.66,737.55,377.83,656.87,462.86
217,OK,264,31,770,770,541.89,363.95,739.7,377.48,658.14,461.5
218,OK,262,31,770,770,540.8,363.44,738.55,376.82,655.05,462.0
219,OK,259,30,774,774,540.07,364.27,738.92,378.21,654.48,464.68
220,OK,260,32,776,776,540.08,367.86,739.33,382.55,656.31,465.64
221,OK,261,35,772,772,540.12,368.46,738.54,381.88,656.24,466.97
222,OK,266,35,763,763,541.61,362.15,737.4,378.08,655.03,462.53
223,OK,267,37,758,758,541.36,363.13,736.09,378.0,654.98,461.81
224,OK,269,40,755,755,542.07,361.91,735.79,378.51,654.43,464.49
225,OK,269,41,754,754,541.63,364.48,735.11,379.68,654.09,464.81
226,OK,269,43,753,753,540.82,364.66,734.29,378.36,654.21,466.52
227,OK,268,41,755,755,540.74,364.26,734.59,379.36,653.55,466.06
228,OK,270,44,748,748,541.04,365.0,733.05,379.77,652.3,465.26
229,OK,269,45,751,751,540.8,366.66,733.66,382.01,652.43,465.74
230,OK,267,38,759,759,541.68,363.84,736.44,381.82,654.57,461.61
231,OK,266,38,761,761,541.46,365.49,736.59,382.85,654.75,462.4
232,OK,264,34,764,764,540.54,365.1,736.62,381.23,654.04,460.7
233,OK,265,35,762,762,540.42,364.81,735.96,381.7,654.12,460.0
234,OK,260,33,766,766,538.2,365.43,734.79,382.05,649.9,459.59
235,OK,261,36,763,763,538.19,365.32,734.09,381.66,648.95,461.03
236,OK,261,31,770,770,541.33,363.77,738.56,383.37,653.08,459.91
237,OK,253,30,778,778,536.17,368.15,735.93,383.43,649.17,463.61
238,OK,267,23,769,769,544.72,359.84,742.41,372.71,658.64,448.8
239,OK,281,16,765,765,556.28,351.21,752.98,364.16,672.62,439.85
240,OK,284,5,772,772,559.07,349.72,757.68,361.22,682.34,427.42
241,OK,291,12,763,763,561.11,353.74,757.5,360.22,685.71,429.87
242,OK,284,6,770,770,559.2,349.86,757.13,362.86,681.66,427.26
243,OK,284,8,767,767,558.01,348.23,755.28,360.61,678.52,428.5
244,OK,277,12,769,769,554.32,348.82,751.8,365.01,669.06,436.38
245,OK,278,17,763,763,553.5,351.76,749.21,368.33,667.63,437.91
246,OK,277,17,766,766,554.3,351.18,750.71,369.06,668.92,441.85
247,OK,280,16,766,766,555.8,350.38,752.12,369.2,672.05,439.5
248,OK,283,20,761,761,556.57,351.51,751.76,369.25,672.86,440.38
249,OK,283,22,758,758,556.18,352.76,750.49,371.29,670.8,441.92
250,OK,282,21,763,763,556.65,353.18,752.28,372.11,672.25,442.46
251,OK,282,22,759,759,554.42,353.23,749.25,370.13,670.52,440.99
252,OK,279,21,762,762,552.11,356.01,747.92,368.91,670.63,442.33
253,OK,277,22,765,765,551.3,355.1,747.64,371.98,668.86,445.02
254,OK,274,29,764,764,550.41,360.81,746.39,379.6,665.31,453.34
255,OK,268,26,770,770,547.03,360.13,744.52,379.16,662.05,452.44
256,OK,271,27,766,766,548.56,357.79,744.8,378.61,662.72,453.19
257,OK,269,26,768,768,546.94,358.09,743.61,378.52,660.76,453.61
258,OK,271,30,763,763,547.33,358.29,742.86,379.22,660.52,454.7
259,OK,273,32,762,762,548.49,359.42,743.6,380.07,662.5,457.1
260,OK,274,33,760,760,548.86,360.17,743.62,380.04,663.02,457.83
261,OK,275,34,758,758,549.01,360.71,743.3,379.89,663.25,457.41
262,OK,276,36,756,756,548.58,362.03,742.65,379.02,662.8,458.22
263,OK,272,31,762,762,548.18,359.8,743.35,379.32,661.91,455.99
264,OK,274,34,758,758,548.82,360.74,743.05,380.29,661.16,457.22
265,OK,276,36,756,756,548.88,361.34,742.78,379.62,662.43,458.42
266,OK,275,37,757,757,548.35,361.28,742.35,381.24,661.64,459.45
267,OK,273,35,761,761,548.46,360.34,743.28,381.63,661.09,460.19
268,OK,259,27,779,779,542.52,365.28,742.05,386.83,655.44,456.48
269,OK,270,32,764,764,547.39,360.05,742.93,381.62,660.0,458.67
270,OK,270,33,762,762,546.73,359.84,741.91,381.51,658.91,458.81
271,OK,272,34,763,763,547.85,360.0,743.35,381.07,661.05,459.62
272,OK,272,34,763,763,548.57,359.86,743.84,380.9,661.79,460.18
273,OK,272,35,763,763,548.25,360.68,743.59,381.26,661.0,461.41
274,OK,271,33,764,764,547.97,361.01,743.62,381.07,661.89,460.77
275,OK,274,37,759,759,548.47,361.28,742.9,380.98,662.12,461.61
276,OK,274,35,761,761,548.88,360.65,743.66,381.59,662.47,460.65
277,OK,272,34,762,762,547.79,361.36,743.09,380.97,662.24,460.57
278,OK,270,32,766,766,547.45,360.66,743.58,380.82,660.97,460.38
279,OK,271,35,762,762,547.0,361.12,742.21,381.07,659.85,462.09
280,OK,267,31,771,771,544.9,364.25,742.64,382.32,660.52,460.35
281,OK,260,29,781,781,542.27,369.71,742.62,387.81,657.98,459.56
282,OK,272,33,767,767,547.57,363.02,744.28,382.01,664.44,460.51
283,OK,273,37,759,759,546.49,362.44,741.16,380.68,660.32,461.16
284,OK,278,43,751,751,548.92,361.86,741.38,381.22,661.44,464.91
285,OK,272,35,758,758,547.27,357.75,741.15,380.2,658.74,460.12
286,OK,275,37,755,755,547.85,358.36,741.34,378.31,660.72,461.58
287,OK,273,36,756,756,545.8,359.85,739.6,379.02,659.41,460.52
288,OK,272,36,757,757,545.03,360.5,739.24,378.42,658.65,460.21
289,OK,272,36,757,757,545.13,360.61,739.2,379.51,658.42,459.1
290,OK,269,34,760,760,544.54,359.93,739.32,379.02,657.94,458.96
291,OK,273,38,756,756,545.7,360.32,739.45,379.45,659.45,462.33
292,OK,273,39,755,755,545.68,360.87,739.32,378.97,658.65,462.71
293,OK,275,40,754,754,546.99,361.62,740.51,378.32,661.58,465.16
294,OK,273,39,757,757,546.26,360.19,740.11,380.14,659.46,463.85
295,OK,274,40,755,755,546.19,361.03,739.81,379.68,660.41,464.3
296,OK,268,35,763,763,544.02,360.67,739.59,379.68,658.11,463.77
297,OK,269,35,763,763,544.0,360.06,739.56,378.61,658.25,463.79
298,OK,268,35,762,762,544.84,360.35,740.18,379.93,657.38,463.01
299,OK,264,30,770,770,543.37,361.21,740.74,379.63,657.62,460.74
300,OK,268,34,764,764,544.51,361.35,740.37,379.74,658.2,462.96
301,OK,268,34,764,764,544.72,360.64,740.52,379.52,657.89,462.45
302,OK,267,35,765,765,543.85,361.85,740.14,380.11,657.65,463.06
303,OK,270,38,761,761,544.85,362.88,740.11,379.66,658.51,465.16
304,OK,270,37,762,762,545.46,363.85,740.75,382.28,660.35,464.12
305,OK,268,40,758,758,543.07,363.98,737.56,382.18,654.89,465.03
306,OK,263,33,770,770,542.13,365.77,739.28,386.51,656.9,460.55
307,OK,265,38,764,764,542.33,364.23,738.04,383.71,655.04,466.14
308,OK,265,39,762,762,540.97,365.25,736.45,383.81,653.59,465.79
309,OK,266,40,761,761,541.63,364.69,736.59,383.7,653.55,467.04
310,OK,264,37,765,765,541.29,364.17,737.56,382.75,652.93,466.26
311,OK,265,38,762,762,541.79,364.8,737.35,382.82,654.34,466.12
312,OK,263,37,766,766,540.4,365.55,736.97,381.51,654.25,466.5
313,OK,264,38,764,764,541.15,365.57,737.18,382.23,654.46,467.26
314,OK,265,39,763,763,540.83,365.57,736.6,382.59,653.37,466.94
315,OK,267,40,763,763,542.24,366.34,737.98,382.67,656.32,468.91
316,OK,267,38,764,764,543.52,365.77,739.47,382.94,657.01,466.94
317,OK,265,37,766,766,541.75,366.2,738.57,380.69,656.45,467.29
318,OK,262,38,766,766,540.59,367.49,737.32,383.07,652.54,468.22
319,OK,263,38,767,767,541.03,367.63,737.74,384.39,653.33,467.89
320,OK,266,38,765,765,542.49,366.75,738.92,383.43,656.07,466.62
321,OK,267,40,761,761,542.56,365.98,737.92,383.15,655.43,465.59
322,OK,265,35,768,768,543.44,365.88,740.19,385.22,657.09,464.35
323,OK,264,36,768,768,542.15,365.39,739.01,384.53,655.57,466.58
324,OK,264,34,770,770,543.15,366.14,740.39,385.81,657.09,463.53
325,OK,264,35,768,768,543.17,365.56,739.89,385.31,656.16,464.46
326,OK,261,36,774,774,538.32,371.17,737.33,384.47,658.4,468.74
327,OK,263,34,771,771,539.94,367.85,738.03,382.74,658.18,464.3
328,OK,262,37,768,768,539.16,367.61,736.28,384.51,654.29,467.64
329,OK,256,32,776,776,537.78,367.61,736.73,386.17,651.32,463.35
330,OK,260,37,767,767,539.18,367.42,735.47,388.53,649.83,463.47
331,OK,264,45,754,754,539.92,366.66,732.85,389.62,645.87,466.16
332,OK,259,43,758,758,536.68,364.84,730.44,388.73,642.71,467.31
333,OK,252,38,768,768,531.79,368.07,728.36,389.09,642.15,466.47
334,OK,250,37,766,766,532.17,364.62,727.88,388.6,637.25,463.99
335,OK,252,40,761,761,530.57,365.93,725.34,388.46,636.53,464.19
336,OK,254,40,760,760,532.6,364.61,726.8,390.09,638.79,463.37
337,OK,253,41,759,759,530.93,363.94,724.79,388.17,638.13,464.51
338,OK,257,47,747,747,528.53,365.14,719.85,386.51,637.41,465.38
339,OK,258,51,742,742,527.37,366.01,717.44,386.71,635.79,468.95
340,OK,257,50,743,743,525.99,363.07,716.2,384.33,635.93,469.66
341,OK,247,39,759,759,522.41,359.58,716.35,383.13,632.96,466.16
342,OK,243,41,755,755,518.48,359.05,711.57,381.85,626.83,465.72
343,OK,237,38,760,760,514.82,361.37,709.42,382.44,621.93,465.16
344,OK,241,42,756,756,516.83,361.13,710.42,382.67,625.89,469.64
345,OK,245,47,751,751,517.92,363.28,710.14,383.81,626.48,471.33
346,OK,240,46,754,754,515.83,364.71,708.86,385.14,623.25,471.59
347,OK,241,46,752,752,515.29,365.1,707.91,384.14,624.2,471.22
348,OK,239,43,756,756,514.74,364.54,708.51,384.27,624.37,469.43
349,OK,242,46,754,754,515.98,365.0,709.17,384.29,627.1,472.27
350,OK,246,46,755,755,517.47,365.74,711.21,383.56,632.01,473.11
351,OK,247,49,751,751,517.83,366.13,710.37,383.76,631.24,474.94
352,OK,242,48,757,757,516.59,372.47,710.75,391.59,627.58,470.24
353,OK,243,46,756,756,516.87,372.08,710.99,388.05,628.48,468.52
354,OK,242,25,770,770,520.29,361.89,718.28,372.93,635.92,453.59
355,OK,248,15,762,762,519.77,355.08,716.08,355.4,640.46,437.14
356,OK,238,-6,788,788,521.92,347.99,724.6,356.3,642.58,425.42
357,OK,244,-22,790,790,524.52,341.36,727.71,349.7,653.47,402.16
358,OK,253,-29,791,791,529.05,342.0,732.72,343.27,666.31,391.35
359,OK,255,-34,800,800,533.96,338.74,739.95,344.24,673.9,390.98
360,OK,261,-28,784,784,534.09,338.25,735.91,336.68,671.04,391.66
361,OK,271,-22,778,778,543.21,336.4,743.68,339.96,678.39,397.4
362,OK,263,-31,795,795,541.58,334.75,746.15,341.44,677.28,394.1
363,OK,267,-36,799,799,546.57,334.56,752.21,340.98,683.84,389.48
364,OK,272,-31,793,793,548.76,336.58,752.99,341.78,685.9,392.68
365,OK,276,-28,785,785,549.67,336.04,751.82,337.99,686.07,391.92
366,OK,278,-28,778,778,551.46,333.49,751.89,336.93,683.42,387.2
367,OK,278,-25,777,777,551.66,334.38,751.73,338.35,680.97,391.22
368,OK,272,-31,790,790,551.08,335.05,754.44,340.23,682.07,391.55
369,OK,274,-27,787,787,551.69,336.5,754.38,341.0,681.99,394.94
370,OK,273,-24,789,789,552.37,336.83,755.51,343.6,681.53,400.79
371,OK,274,-23,787,787,552.31,336.4,754.82,343.23,681.12,401.2
372,OK,270,-25,787,787,548.56,335.75,751.14,340.36,676.65,398.1
373,OK,267,-27,790,790,547.38,336.02,750.86,340.39,675.62,398.21
374,OK,272,-26,786,786,549.71,334.88,751.94,340.51,679.94,396.75
375,OK,269,-29,791,791,548.78,335.72,752.34,342.14,678.94,394.96
376,OK,272,-26,788,788,550.4,335.8,753.35,343.34,681.74,398.31
377,OK,270,-26,794,794,549.51,337.95,753.98,345.6,682.8,400.66
378,OK,272,-26,791,791,550.44,335.72,753.95,345.87,682.6,398.7
379,OK,265,-27,797,797,548.67,331.53,753.33,346.79,676.65,403.89
380,OK,267,-20,789,789,550.14,330.53,752.22,351.38,672.47,407.54
381,OK,269,-21,786,786,549.28,333.21,751.12,349.15,674.48,404.75
382,OK,266,-18,787,787,545.31,337.57,747.7,349.77,672.15,408.16
383,OK,263,-18,790,790,544.43,337.95,747.64,349.92,670.6,410.27
384,OK,263,-16,787,787,542.45,340.42,745.09,348.94,669.25,410.66
385,OK,263,-16,785,785,542.37,338.04,744.24,349.15,668.53,409.0
386,OK,260,-12,781,781,538.9,336.85,739.66,350.73,662.04,413.9
387,OK,259,-6,777,777,538.27,335.09,737.7,352.25,657.84,420.76
388,OK,242,-13,792,792,529.04,337.48,732.03,356.52,646.2,419.4
389,OK,235,-15,798,798,525.7,337.02,730.16,358.18,640.65,421.28
390,OK,230,-6,794,794,519.62,340.31,723.32,359.33,633.36,433.71
391,OK,220,-12,807,807,517.83,341.66,724.45,363.12,626.39,431.34
392,OK,218,-11,809,809,516.43,343.59,723.75,364.34,625.29,432.22
393,OK,233,-7,797,797,525.63,337.22,729.57,360.98,636.16,432.95
394,OK,240,-12,795,795,529.24,336.49,732.94,356.39,643.45,423.79
395,OK,256,0,778,778,538.01,336.43,737.62,352.43,653.14,433.63
396,OK,251,-1,789,789,536.98,341.5,739.58,356.6,653.09,438.37
397,OK,236,21,774,774,519.26,357.64,718.47,363.23,627.66,457.17
398,OK,212,30,762,762,494.44,365.71,690.62,370.25,595.2,455.86
399,OK,198,13,785,785,484.58,369.46,686.67,366.13,594.48,443.26
400,OK,201,27,775,775,482.65,368.96,682.37,369.71,594.62,459.73
401,OK,187,29,774,774,469.91,375.76,669.1,371.0,579.28,459.56
402,OK,188,42,766,766,465.46,383.43,662.36,372.67,579.48,472.52
403,OK,196,35,762,762,469.35,384.45,664.35,361.73,587.82,460.39
404,OK,181,26,776,776,461.59,384.97,659.61,358.77,577.87,456.78
405,OK,176,22,786,786,461.91,381.64,663.69,365.12,576.89,458.62
406,OK,193,32,766,766,467.1,383.37,663.5,364.75,587.27,456.82
407,OK,198,29,759,759,471.05,382.59,665.42,361.96,587.59,445.45
408,OK,223,22,759,759,492.6,366.39,687.82,357.64,615.15,440.14
409,OK,218,-9,771,771,490.9,350.95,689.3,342.57,617.13,405.77
410,OK,217,1,767,767,488.69,357.19,685.95,347.62,612.84,416.8
411,OK,222,26,734,734,481.31,363.76,669.87,349.7,603.59,429.44
412,OK,204,16,754,754,475.08,361.3,668.78,347.7,591.58,432.81
413,OK,204,4,769,769,477.33,358.76,675.29,349.83,599.89,422.78
414,OK,197,3,781,781,473.61,363.27,674.56,352.03,600.93,430.04
415,OK,192,14,788,788,473.33,379.59,676.06,371.11,598.48,441.07
416,OK,195,28,779,779,471.77,382.58,671.83,366.56,597.09,461.11
417,OK,215,24,776,776,489.43,373.98,689.1,368.06,618.69,453.32
418,OK,245,10,769,769,519.35,344.19,716.59,363.01,640.91,435.42
419,OK,245,-3,759,759,517.02,330.57,712.18,343.4,633.98,415.34
420,OK,254,-21,758,758,519.78,323.1,714.57,335.32,650.44,387.24
421,OK,250,-33,763,763,522.74,311.2,718.15,331.36,642.17,376.4
422,OK,259,-32,744,744,527.69,303.08,717.18,330.79,640.29,364.89
423,OK,282,-15,700,700,529.68,311.97,710.02,307.23,646.1,360.56
424,OK,262,-22,721,721,518.4,315.62,704.08,308.35,633.27,365.13
425,OK,250,-16,727,727,506.97,326.22,694.1,319.0,626.4,371.89
426,OK,246,-16,740,740,505.92,332.98,696.45,326.48,631.75,379.77
427,OK,256,-6,735,735,510.75,338.02,699.9,331.46,642.43,387.26
428,OK,243,-12,755,755,507.16,343.92,701.45,334.96,637.13,391.62
429,OK,247,-16,760,760,512.98,340.82,708.61,340.53,644.48,388.7
430,OK,244,-14,770,770,515.22,340.68,713.45,344.55,643.91,399.75
431,OK,247,-12,765,765,515.26,341.05,712.22,342.61,644.97,398.67
432,OK,244,-6,760,760,511.54,343.27,707.35,341.07,640.23,407.13
433,OK,247,-1,757,757,512.49,346.0,707.39,341.7,640.12,410.77
434,OK,243,-2,763,763,512.32,346.14,708.79,345.53,638.33,413.03
435,OK,237,-6,768,768,510.28,345.18,708.16,345.08,634.12,411.82
436,OK,241,-1,764,764,511.47,348.46,708.19,348.0,636.26,414.63
437,OK,241,-1,764,764,512.12,348.8,708.8,347.87,637.53,414.04
438,OK,242,-2,767,767,514.71,345.81,712.23,349.78,637.07,416.07
439,OK,243,-2,769,769,517.89,345.46,715.74,351.38,638.63,416.75
440,OK,244,0,765,765,518.14,346.29,715.07,351.46,637.15,416.4
441,OK,246,12,763,763,518.53,357.93,714.8,365.88,638.71,426.08
442,OK,243,5,760,760,511.88,351.58,707.62,351.34,636.34,419.62
443,OK,236,4,762,762,507.88,351.59,704.14,347.22,629.03,420.71
444,OK,238,8,755,755,506.26,352.25,700.53,345.85,627.55,421.36
445,OK,242,10,755,755,509.64,352.17,703.93,347.8,631.46,424.68
446,OK,244,11,752,752,511.91,350.33,705.6,348.78,633.03,424.74
447,OK,244,10,752,752,511.19,350.41,704.79,348.19,633.07,424.33
448,OK,245,13,757,757,513.06,353.79,707.91,354.0,636.32,429.25
449,OK,247,15,753,753,513.71,354.24,707.57,353.75,636.27,429.22
450,OK,249,17,751,751,514.21,353.85,707.53,353.23,637.21,431.02
451,OK,252,18,748,748,515.65,353.9,708.36,353.15,640.14,432.02
452,OK,249,15,753,753,513.65,353.96,707.54,352.84,639.45,429.2
453,OK,250,20,746,746,514.42,353.56,706.51,352.46,637.34,433.31
454,OK,250,22,746,746,514.72,354.75,706.77,354.52,636.85,436.71
455,OK,248,21,749,749,513.3,355.5,706.2,355.26,635.03,436.06
456,OK,251,21,747,747,515.17,355.93,707.55,355.48,637.64,433.64
457,OK,248,20,750,750,514.77,354.89,707.98,356.92,636.45,434.69
458,OK,247,19,751,751,514.29,354.51,707.76,356.13,634.88,433.96
459,OK,250,20,750,750,516.02,354.54,709.14,357.13,637.51,434.81
460,OK,251,23,747,747,515.92,356.19,708.39,357.54,637.24,435.16
461,OK,249,23,751,751,516.62,357.98,710.06,362.47,636.56,436.09
462,OK,247,18,754,754,514.9,357.11,709.06,360.81,636.22,431.16
463,OK,242,12,760,760,512.43,357.53,708.27,358.38,633.72,426.55
464,OK,241,11,761,761,511.59,356.05,707.63,358.22,633.0,425.93
465,OK,239,13,761,761,509.92,357.19,705.81,357.69,631.58,428.67
466,OK,239,13,763,763,510.64,358.16,707.18,360.91,631.33,429.71
467,OK,240,12,763,763,512.17,357.54,708.63,359.83,633.33,428.01
468,OK,241,14,761,761,512.59,359.05,708.6,360.15,632.1,430.13
469,OK,242,18,756,756,513.03,360.38,707.7,361.33,631.47,432.1
470,OK,243,20,755,755,513.17,360.07,707.67,361.96,631.02,432.99
471,OK,247,18,755,755,513.89,360.26,708.35,359.9,637.43,430.85
472,OK,247,25,750,750,515.06,359.97,708.11,363.3,633.09,438.96
473,OK,246,20,755,755,513.38,358.61,707.9,360.55,636.94,436.07
474,OK,245,16,760,760,515.91,358.21,711.71,360.98,637.75,433.66
475,OK,249,30,751,751,516.69,364.14,709.98,368.59,636.41,445.24
476,OK,244,26,755,755,514.05,362.99,708.41,368.01,632.36,442.33
477,OK,236,15,766,766,510.56,360.65,707.68,365.05,629.94,434.07
478,OK,239,22,759,759,510.14,362.75,705.7,365.08,629.67,439.33
479,OK,240,26,755,755,510.17,361.62,704.6,365.12,626.97,442.95
480,OK,241,26,752,752,511.14,360.55,704.83,366.24,626.26,441.27
481,OK,235,25,753,753,502.33,363.88,696.18,361.68,623.59,440.95
482,OK,221,22,763,763,492.87,363.15,689.35,359.49,613.14,446.3
483,OK,218,26,761,761,490.76,365.16,686.71,361.51,609.19,449.14
484,OK,214,28,761,761,488.67,366.08,684.7,366.02,603.31,451.84
485,OK,209,24,764,764,483.3,369.65,679.7,359.29,602.37,449.53
486,OK,208,26,758,758,481.91,367.39,676.91,357.12,596.45,449.16
487,OK,205,24,765,765,478.18,370.5,674.56,354.6,599.2,450.2
488,OK,202,27,767,767,475.08,374.63,671.67,355.06,598.61,455.32
489,OK,204,24,765,765,475.55,371.04,671.81,353.29,599.22,451.4
490,OK,199,21,772,772,474.39,371.31,672.63,355.23,597.29,452.46
491,OK,206,29,760,760,477.75,372.1,672.85,355.59,597.85,454.29
492,OK,213,35,751,751,480.16,372.77,673.12,357.61,600.1,456.75
493,OK,203,32,768,768,477.0,382.16,674.33,369.9,600.07,457.72
494,OK,204,32,766,766,476.65,379.07,673.2,363.31,601.07,460.63
495,OK,207,38,760,760,474.79,381.69,669.48,360.74,602.88,464.83
496,OK,208,39,752,752,475.77,377.56,668.76,360.74,597.52,462.84
497,OK,205,38,760,760,472.49,380.32,667.3,361.54,600.76,466.73
498,OK,196,25,776,776,468.49,380.46,666.93,356.63,601.25,459.42
499,OK,197,28,773,773,468.63,380.84,666.48,358.12,600.11,460.15
500,OK,197,27,774,774,468.97,379.79,667.28,358.62,600.92,460.48
501,OK,194,20,785,785,469.07,378.49,670.29,358.92,602.44,456.94
502,OK,197,24,779,779,469.74,379.89,669.5,359.91,603.98,457.55
503,OK,204,32,775,775,474.46,385.46,673.04,365.94,609.1,463.79
504,OK,200,27,781,781,472.41,385.18,672.33,362.51,608.45,460.81
505,OK,201,36,769,769,469.51,385.31,665.96,360.05,602.83,467.47
506,OK,196,38,773,773,464.88,389.34,661.9,360.13,600.65,473.44
507,OK,203,44,759,759,468.4,386.78,662.37,362.21,599.97,472.71
508,OK,202,41,765,765,469.56,387.27,665.14,363.62,602.34,471.39
509,OK,205,43,762,762,471.22,387.28,665.99,363.87,603.53,472.78
510,OK,208,46,756,756,472.91,386.37,666.42,365.47,603.72,473.14
511,OK,209,44,755,755,473.63,383.9,667.17,365.24,602.28,468.21
512,OK,208,44,755,755,473.84,383.24,667.51,364.79,601.11,468.8
513,OK,208,40,759,759,474.04,382.62,668.68,363.32,603.2,466.36
514,OK,207,41,758,758,473.77,383.0,667.87,362.82,601.98,468.16
515,OK,203,36,767,767,471.93,383.97,668.11,361.8,602.66,466.15
516,OK,197,31,776,776,469.76,385.36,668.02,359.93,602.1,466.0
517,OK,201,31,773,773,472.43,384.49,670.21,361.66,604.44,462.56
518,OK,201,34,769,769,471.2,383.56,668.32,363.61,600.47,464.16
519,OK,202,35,768,768,471.96,384.59,668.64,362.69,603.1,465.6
520,OK,200,32,772,772,471.46,384.65,669.04,363.09,602.13,463.91
521,OK,205,36,765,765,473.63,383.32,669.6,363.95,603.14,463.18
522,OK,206,36,765,765,474.6,384.17,670.43,362.84,604.27,463.32
523,OK,207,36,765,765,475.98,382.31,672.08,363.45,604.25,463.43
524,OK,203,32,771,771,474.63,383.49,672.22,362.48,604.57,462.76
525,OK,202,32,774,774,475.05,382.24,673.32,361.66,605.15,466.14
526,OK,210,27,777,777,487.01,378.1,687.01,376.85,609.28,454.25
527,OK,242,46,752,752,510.81,374.17,704.38,382.61,629.91,466.3
528,OK,263,45,753,753,530.6,368.58,723.84,384.15,652.3,466.34
529,OK,265,45,754,754,534.17,366.09,728.01,379.37,652.93,473.18
530,OK,264,39,761,761,537.24,363.47,732.55,381.28,654.08,465.71
531,OK,267,46,755,755,535.53,367.55,729.45,381.18,656.28,473.04
532,OK,264,47,753,753,532.17,370.26,725.63,384.07,651.31,470.76
533,OK,268,54,743,743,531.02,371.4,722.07,383.93,651.79,473.79
534,OK,266,52,747,747,528.65,373.98,720.94,381.52,653.67,473.36
535,OK,256,47,760,760,525.39,377.75,720.99,387.4,649.92,473.33
536,OK,254,45,762,762,524.15,376.0,720.31,384.76,649.1,471.98
537,OK,252,44,761,761,521.8,376.65,717.54,384.55,645.04,467.43
538,OK,257,49,756,756,523.06,377.42,717.59,383.67,650.29,474.5
539,OK,255,50,755,755,521.12,377.58,715.5,381.44,646.8,476.11
540,OK,262,57,745,745,522.9,378.19,714.82,380.66,650.03,479.13
541,OK,264,56,745,745,524.78,378.93,716.57,382.88,652.35,475.74
542,OK,260,53,748,748,521.81,381.92,714.45,383.21,651.53,473.39
543,OK,259,56,744,744,519.77,382.48,711.38,383.13,647.06,473.34
544,OK,260,57,742,742,519.71,382.42,710.76,382.86,647.47,474.82
545,OK,257,54,746,746,518.95,380.89,711.13,384.8,645.39,473.05
546,OK,254,56,747,747,516.32,383.13,708.65,384.77,641.67,474.26
547,OK,249,50,755,755,515.73,381.61,710.09,385.16,640.16,472.11
548,OK,249,52,752,752,515.67,380.56,709.16,386.08,638.87,472.95
549,OK,240,45,763,763,511.3,381.25,707.72,385.22,634.0,470.47
550,OK,236,43,766,766,508.13,381.84,705.5,384.85,631.81,469.3
551,OK,235,41,768,768,508.12,381.27,705.86,384.33,632.52,468.71
552,OK,236,44,765,765,508.45,381.58,705.43,384.76,630.55,469.99
553,OK,247,52,750,750,513.51,381.09,706.56,383.96,635.06,472.78
554,OK,247,52,751,751,512.82,381.69,706.29,384.65,635.52,472.45
555,OK,242,48,756,756,510.85,381.85,705.54,385.33,632.07,470.16
556,OK,234,41,769,769,507.28,382.74,705.25,384.49,630.03,467.39
557,OK,239,44,764,764,510.25,383.12,706.99,385.49,634.34,469.66
558,OK,244,46,759,759,512.73,381.61,708.2,385.2,635.56,466.81
559,OK,241,45,760,760,510.9,381.77,706.68,384.25,634.44,467.51
560,OK,240,44,763,763,510.57,381.84,706.95,384.39,634.44,467.36
561,OK,226,35,787,787,504.63,390.57,707.22,393.48,632.63,464.03
562,OK,227,40,777,777,501.98,388.09,702.03,388.71,628.07,469.38
563,OK,223,37,785,785,502.41,389.16,704.5,389.35,626.85,470.47
564,OK,226,45,774,774,500.29,392.77,699.67,386.92,627.2,475.2
565,OK,226,45,771,771,498.11,391.73,696.39,383.03,625.91,474.45
566,OK,223,42,775,775,497.48,390.68,696.91,381.92,624.22,472.12
567,OK,223,45,775,775,496.16,392.66,695.59,383.58,625.81,476.46
568,OK,224,44,774,774,493.92,392.38,692.75,379.7,628.71,477.3
569,OK,218,46,773,773,491.83,390.81,690.75,383.43,617.25,477.43
570,OK,223,46,768,768,496.25,387.88,694.11,383.35,620.59,474.68
571,OK,224,42,772,772,497.88,386.93,696.83,384.18,623.79,471.57
572,OK,218,39,780,780,495.88,388.78,696.8,384.33,621.35,472.62
573,OK,221,42,778,778,498.04,387.72,698.37,384.77,621.8,475.86
574,OK,220,42,781,781,496.98,390.53,698.15,384.8,623.7,476.84
575,OK,221,42,779,779,498.26,390.43,698.92,385.9,622.71,475.8
576,OK,224,44,776,776,499.07,390.37,698.77,385.19,625.69,477.61
577,OK,224,44,774,774,499.76,388.5,699.11,385.05,624.21,477.2
578,OK,220,36,786,786,500.2,386.64,702.62,383.74,625.78,474.79
579,OK,226,42,779,779,503.54,387.2,704.24,387.08,627.59,476.33
580,OK,222,40,779,779,498.72,386.83,699.32,385.87,623.03,473.36
581,OK,218,40,780,780,496.91,386.63,697.83,385.57,619.9,474.09
582,OK,227,44,769,769,501.47,384.59,699.54,386.31,622.27,471.03
583,OK,227,41,771,771,501.6,384.91,700.26,385.43,624.15,468.58
584,OK,227,40,772,772,502.56,383.84,701.48,385.89,625.41,467.31
585,OK,227,40,772,772,503.41,385.32,702.18,386.67,625.15,467.68
586,OK,227,39,774,774,503.21,385.24,702.58,387.33,625.72,466.36
587,OK,227,40,774,774,503.65,385.91,703.01,387.99,626.38,467.12
588,OK,224,34,779,779,501.83,383.0,702.55,384.04,624.84,464.45
589,OK,220,31,786,786,501.48,381.9,704.03,383.43,624.75,465.82
590,OK,220,32,786,786,499.86,385.0,702.34,383.67,625.55,465.97
591,OK,218,30,786,786,499.87,382.17,702.38,383.53,621.89,463.56
592,OK,220,35,779,779,498.01,383.68,698.77,383.97,621.23,464.2
593,OK,215,27,789,789,496.86,383.66,700.04,384.7,621.15,459.51
594,OK,220,31,789,789,499.66,386.45,702.87,381.59,627.6,466.56
595,OK,216,27,792,792,498.52,384.49,702.35,380.18,623.95,463.76
596,OK,217,29,786,786,499.08,381.19,701.42,382.4,621.32,462.49
597,OK,225,35,776,776,501.59,383.1,701.49,380.44,625.34,465.99
598,OK,226,32,780,780,503.97,381.47,704.81,379.0,629.26,464.25
599,OK,229,39,772,772,503.31,383.25,702.06,378.45,628.03,469.89
600,OK,232,42,767,767,505.52,382.22,703.05,380.82,627.62,469.59
601,OK,229,42,774,774,506.2,387.24,705.64,386.62,627.03,472.72
602,OK,222,40,783,783,502.28,388.62,703.95,391.58,624.55,472.94
603,OK,227,46,771,771,502.24,387.34,700.74,385.41,624.5,475.72
604,OK,227,42,767,767,499.58,384.43,697.07,381.57,621.9,467.75
605,OK,227,41,769,769,499.66,382.17,697.83,379.51,623.44,470.02
606,OK,229,43,765,765,501.3,382.44,698.29,380.02,623.75,470.26
607,OK,230,45,764,764,502.16,382.22,698.93,379.66,624.65,473.49
608,OK,229,43,767,767,501.52,381.11,699.19,379.92,624.45,471.88
609,OK,223,38,774,774,500.52,380.68,699.8,380.0,621.6,469.69
610,OK,229,41,767,767,503.21,380.28,700.84,382.18,622.63,468.49
611,OK,237,47,757,757,510.05,376.29,704.81,384.86,622.93,470.91
612,OK,235,46,759,759,508.39,375.52,703.84,381.56,623.24,472.95
613,OK,239,43,757,757,511.9,371.94,706.69,381.56,624.93,465.76
614,OK,242,47,750,750,512.53,371.84,705.64,379.11,625.65,468.56
615,OK,244,48,749,749,514.5,371.14,707.22,379.92,627.0,468.59
616,OK,238,43,758,758,511.5,372.89,706.64,380.51,626.43,468.19
617,OK,235,44,756,756,507.72,372.7,702.03,384.58,621.13,466.1
618,OK,235,44,751,751,505.59,370.04,698.89,379.87,618.11,463.8
619,OK,228,35,757,757,500.58,365.34,695.5,372.25,614.31,457.41
620,OK,232,39,749,749,502.32,364.16,695.11,371.21,614.57,458.92
621,OK,235,39,747,747,504.27,363.91,696.53,370.01,616.59,458.37
622,OK,237,41,747,747,505.56,365.33,697.72,372.68,618.47,459.4
623,OK,240,43,743,743,506.95,365.66,698.3,372.68,620.26,459.79
624,OK,235,41,746,746,504.27,365.01,696.29,372.92,616.53,460.08
625,OK,238,44,743,743,505.97,365.62,697.22,373.66,618.18,461.21
626,OK,238,43,745,745,505.71,366.39,697.54,373.97,620.09,461.45
627,OK,240,45,743,743,506.83,366.87,698.08,374.31,620.26,462.84
628,OK,241,45,743,743,506.93,367.75,698.27,373.43,622.15,463.04
629,OK,246,48,741,741,513.04,367.46,703.9,374.06,624.82,466.71
630,OK,242,47,749,749,514.23,373.15,706.88,384.73,622.96,463.76
631,OK,268,55,728,728,531.28,364.26,717.86,382.55,641.38,465.17
632,OK,276,52,726,726,536.96,362.05,723.18,379.92,648.68,460.78
633,OK,267,37,744,744,535.56,359.39,726.42,375.94,648.01,450.8
634,OK,269,42,738,738,535.62,359.9,724.99,377.4,647.19,454.19
635,OK,278,50,725,725,537.62,358.95,723.53,376.77,650.85,456.87
636,OK,278,53,723,723,536.35,362.5,722.1,376.31,649.85,459.61
637,OK,274,57,725,725,535.43,365.42,721.52,381.2,644.78,466.09
638,OK,272,57,726,726,534.19,365.31,720.6,381.2,643.39,467.39
639,OK,269,54,731,731,531.77,364.33,719.42,379.8,643.78,466.77
640,OK,269,54,732,732,531.93,366.37,719.8,381.19,645.63,466.64
641,OK,271,53,733,733,533.95,364.74,721.98,382.01,647.85,465.6
642,OK,267,49,739,739,530.61,367.11,720.76,378.02,647.57,465.12
643,OK,271,54,733,733,531.33,368.23,719.98,376.69,649.44,467.54
644,OK,270,54,730,730,530.36,367.71,718.2,375.82,646.57,467.82
645,OK,268,56,731,731,529.68,368.57,717.64,377.86,644.26,469.2
646,OK,267,53,732,732,529.86,366.46,718.03,377.23,644.02,467.89
647,OK,271,58,727,727,529.5,369.82,716.55,375.34,646.89,469.45
648,OK,269,54,734,734,530.48,367.97,719.25,375.81,647.81,471.88
649,OK,267,56,732,732,527.53,373.8,716.1,375.64,646.16,471.23
650,OK,267,55,733,733,528.22,372.86,717.05,376.75,645.15,469.05
651,OK,265,54,739,739,527.05,374.67,717.33,377.04,645.82,470.77
652,OK,261,53,740,740,526.35,374.07,716.81,378.73,642.03,471.32
653,OK,265,59,735,735,527.5,375.93,716.82,379.67,643.8,474.43
654,OK,266,58,735,735,527.88,374.27,717.01,379.45,644.11,474.2
655,OK,263,55,739,739,524.94,374.11,715.29,377.56,644.32,472.31
656,OK,263,51,747,747,527.0,373.06,719.39,378.71,649.05,472.23
657,OK,264,52,744,744,527.41,373.37,718.89,378.75,650.59,472.11
658,OK,266,52,743,743,528.18,371.97,719.55,376.82,650.91,472.52
659,OK,264,51,745,745,528.08,372.3,719.77,378.81,649.49,471.82
660,OK,269,55,738,738,529.78,372.43,719.71,378.4,651.52,472.97
661,OK,267,53,740,740,529.56,372.03,719.99,378.64,649.78,472.23
662,OK,269,55,737,737,529.2,371.8,718.9,378.48,650.01,472.02
663,OK,267,56,736,736,527.96,372.56,717.41,377.93,647.76,473.33
664,OK,268,56,737,737,529.69,371.07,719.34,379.44,649.14,472.76
665,OK,267,57,734,734,527.76,372.96,716.6,378.59,646.15,472.62
666,OK,268,58,733,733,528.7,372.7,717.32,378.61,646.37,473.3
667,OK,268,58,732,732,527.89,372.77,716.34,378.37,647.0,473.09
668,OK,269,58,731,731,528.18,371.89,716.36,377.75,646.7,472.72
669,OK,267,57,732,732,527.96,371.01,716.3,377.79,644.95,471.87
670,OK,270,59,729,729,528.87,370.83,716.62,377.09,645.93,472.06
671,OK,266,56,734,734,527.22,371.97,716.33,377.07,645.36,471.97
672,OK,268,58,730,730,528.09,372.05,715.93,377.55,645.71,472.9
673,OK,269,59,729,729,528.01,371.91,715.74,377.55,645.58,473.18
674,OK,257,54,742,742,525.03,378.67,715.9,389.12,636.73,467.75
675,OK,261,56,743,743,527.19,373.99,718.28,384.42,642.45,475.03
676,OK,266,56,738,738,529.42,371.95,719.25,381.42,647.19,473.41
677,OK,264,54,743,743,528.22,372.4,719.28,380.99,646.73,473.54
678,OK,265,55,737,737,527.41,371.58,717.17,379.48,645.4,472.24
679,OK,267,57,733,733,527.87,370.68,716.53,379.06,644.02,471.48
680,OK,264,54,736,736,527.21,370.48,716.66,378.86,643.08,471.26
681,OK,266,55,736,736,528.55,370.66,717.92,379.94,645.52,472.52
682,OK,262,53,743,743,527.32,371.45,718.38,381.41,643.67,473.16
683,OK,265,56,736,736,528.37,370.77,717.55,380.73,644.34,472.56
684,OK,266,57,734,734,527.41,372.46,716.34,380.22,644.13,472.69
685,OK,265,57,735,735,527.47,372.33,716.69,380.43,643.79,473.23
686,OK,267,58,733,733,528.23,372.03,716.74,380.08,645.35,473.43
687,OK,265,58,734,734,527.42,372.42,716.24,381.73,642.29,473.21
688,OK,264,57,737,737,526.94,372.85,716.62,380.65,643.85,473.68
689,OK,264,57,734,734,526.42,372.27,715.36,379.98,642.56,472.03
690,OK,266,59,732,732,526.42,373.69,714.77,380.11,643.85,473.74
691,OK,263,57,736,736,525.5,373.44,715.02,380.74,642.38,473.72
692,OK,266,60,731,731,527.77,371.64,715.81,381.54,641.91,473.52
693,OK,268,59,731,731,528.97,371.83,717.14,380.35,644.94,472.81
694,OK,267,56,737,737,529.47,371.21,719.02,381.26,646.67,472.77
695,OK,264,54,739,739,528.27,370.31,718.35,380.59,644.1,471.97
696,OK,264,54,738,738,527.92,370.7,717.78,380.07,644.57,470.8
697,OK,263,53,740,740,527.21,371.02,717.69,380.76,644.12,471.62
698,OK,250,56,745,745,518.68,386.12,710.5,391.41,631.03,468.48
699,OK,255,51,746,746,523.93,374.93,715.83,384.85,637.33,468.94
700,OK,258,51,747,747,525.48,373.97,717.57,383.93,641.15,469.41
701,OK,262,53,742,742,527.93,372.67,718.69,384.89,642.83,470.09
702,OK,263,54,741,741,528.42,372.31,718.91,384.61,643.34,469.78
703,OK,265,56,739,739,529.66,372.85,719.72,385.25,644.57,471.64
704,OK,262,53,745,745,529.74,372.87,721.24,386.67,644.47,472.1
705,OK,267,57,738,738,530.35,373.33,720.25,384.21,646.9,474.13
706,OK,266,55,740,740,530.43,372.37,720.65,382.21,646.7,473.12
707,OK,267,57,735,735,529.91,371.39,718.99,381.61,645.15,472.93
708,OK,269,57,735,735,530.76,371.92,719.95,381.61,647.2,473.13
709,OK,268,57,735,735,529.57,372.3,718.76,379.51,646.96,473.59
710,OK,269,59,732,732,529.33,373.24,717.81,379.39,646.55,473.77
711,OK,269,58,732,732,528.99,373.74,717.54,378.93,646.83,473.53
712,OK,266,58,734,734,527.66,374.2,716.64,379.58,645.53,474.09
713,OK,267,57,734,734,528.08,373.4,717.11,380.05,646.38,473.24
714,OK,259,54,744,744,526.26,380.28,717.64,391.08,641.17,467.65
715,OK,262,55,741,741,527.55,375.11,718.1,384.59,641.96,470.97
716,OK,265,57,738,738,528.01,375.53,718.0,381.08,646.5,474.46
717,OK,266,58,736,736,527.85,375.27,717.37,381.2,645.94,475.2
718,OK,266,59,734,734,527.31,375.75,716.26,380.16,644.72,475.45
719,OK,267,59,734,734,528.52,374.88,717.43,381.13,646.27,474.13
720,OK,267,59,732,732,528.41,374.63,716.96,380.71,644.44,473.59
721,OK,267,59,733,733,528.08,374.18,716.68,380.38,645.21,473.46
722,OK,265,58,736,736,527.52,375.1,717.02,380.92,644.41,474.22
723,OK,265,58,735,735,526.85,375.82,716.05,380.01,643.96,473.65
724,OK,265,58,734,734,526.91,375.05,715.97,379.52,644.27,473.77
725,OK,268,58,733,733,527.96,373.63,716.67,378.87,646.35,472.59
726,OK,268,60,730,730,528.26,374.45,716.14,379.33,645.64,473.66
727,OK,268,58,733,733,528.58,373.99,717.38,379.79,645.87,472.87
728,OK,267,58,732,732,528.13,373.92,716.59,379.93,644.39,473.04
729,OK,266,58,735,735,527.55,374.15,716.67,379.78,644.72,473.93
730,OK,265,58,735,735,526.46,375.08,715.76,378.95,643.33,473.19
731,OK,265,59,735,735,526.5,375.23,715.86,378.9,644.49,475.12
732,OK,271,62,726,726,528.51,374.93,715.55,378.74,646.06,474.16
733,OK,265,57,735,735,527.73,373.35,716.86,379.45,643.68,472.75
734,OK,263,54,739,739,527.59,371.8,717.79,379.59,643.08,470.36
735,OK,262,54,745,745,526.26,374.7,718.08,379.0,646.17,476.59
736,OK,258,50,752,752,525.6,379.94,719.35,379.62,646.93,473.5
737,OK,257,52,751,751,525.48,377.03,718.69,384.39,643.19,474.66
738,OK,259,53,745,745,524.56,375.23,716.43,381.74,643.24,472.79
739,OK,259,56,741,741,522.84,374.02,713.61,380.48,640.98,474.98
740,OK,258,54,742,742,522.66,376.48,713.83,381.7,641.06,472.5
741,OK,256,53,743,743,522.19,372.94,713.39,381.09,637.52,472.69
742,OK,261,56,741,741,524.95,374.69,715.53,383.03,642.55,474.09
743,OK,255,54,745,745,521.08,374.27,712.8,381.04,637.97,474.94
744,OK,246,44,757,757,517.52,371.62,712.13,383.97,633.91,466.95
745,OK,246,49,753,753,516.38,372.71,710.01,384.28,631.49,473.26
746,OK,249,50,745,745,517.4,370.18,708.87,383.52,629.24,469.03
747,OK,245,54,744,744,511.82,372.32,703.31,379.61,626.66,476.69
748,OK,226,54,754,754,497.79,373.46,691.76,380.86,612.21,485.38
749,OK,217,46,763,763,492.27,372.41,688.81,375.61,607.2,481.94
750,OK,215,45,760,760,491.4,368.49,686.98,377.58,600.83,478.57
751,OK,215,45,758,758,491.25,367.98,686.36,376.18,601.01,476.59
752,OK,220,47,753,753,492.78,370.09,686.7,375.39,602.84,473.79
753,OK,219,44,756,756,492.99,370.12,687.55,374.89,604.3,472.99
754,OK,221,43,758,758,493.72,371.44,688.96,372.46,610.05,472.9
755,OK,218,45,756,756,490.85,372.57,685.66,374.26,604.95,472.65
756,OK,211,46,756,756,485.63,372.13,680.22,375.66,595.62,475.98
757,OK,209,46,757,757,482.89,372.32,677.97,374.04,593.8,476.69
758,OK,212,47,757,757,486.85,373.33,681.91,376.14,597.12,475.77
759,OK,211,46,759,759,485.82,373.74,681.37,375.55,596.74,475.99
760,OK,214,47,754,754,486.61,374.7,680.82,373.89,598.62,474.13
761,OK,214,45,756,756,486.94,375.08,681.63,373.91,600.12,472.21
762,OK,216,48,753,753,487.03,376.11,680.92,374.7,600.93,473.33
763,OK,216,49,751,751,486.43,376.02,679.82,373.77,600.84,474.14
764,OK,213,46,756,756,486.32,375.1,681.04,374.61,598.76,473.57
765,OK,212,45,758,758,486.55,375.4,681.77,375.64,598.58,474.37
766,OK,211,45,758,758,486.06,373.71,681.25,375.8,596.95,474.04
767,OK,212,48,753,753,485.24,372.81,679.23,375.34,594.57,475.07
768,OK,214,49,750,750,486.02,373.09,679.24,375.2,596.62,475.69
769,OK,213,48,752,752,485.38,373.22,679.05,373.66,596.35,476.48
770,OK,212,48,752,752,484.34,372.6,678.08,374.08,595.19,476.55
771,OK,216,46,753,753,488.8,370.92,682.82,373.56,598.22,473.28
772,OK,219,47,751,751,491.56,369.73,685.02,374.29,601.18,472.3
773,OK,220,45,750,750,493.23,368.55,686.23,373.38,602.23,470.39
774,OK,220,45,752,752,492.77,370.33,686.38,374.95,603.19,470.15
775,OK,217,44,754,754,491.3,370.06,685.55,375.21,600.53,469.89
776,OK,216,44,753,753,489.61,368.88,683.36,374.27,597.85,469.93
777,OK,217,44,753,753,490.28,369.95,684.12,374.35,600.4,469.57
778,OK,219,46,751,751,490.94,369.8,684.26,373.44,601.91,471.07
779,OK,215,42,756,756,489.96,369.23,684.63,374.5,599.73,470.05
780,OK,216,40,758,758,490.93,370.43,685.95,377.31,601.7,465.6
781,OK,216,44,749,749,488.85,366.21,681.74,372.96,595.93,468.34
782,OK,221,42,746,746,492.5,363.85,684.54,370.35,601.17,464.39
783,OK,218,35,749,749,489.49,361.21,682.43,363.08,599.45,456.48
784,OK,219,36,742,742,488.97,359.52,680.13,359.12,596.65,455.53
785,OK,215,7,759,759,485.06,352.59,679.99,336.57,606.64,427.85
786,OK,212,2,761,761,481.75,351.98,676.73,331.13,606.63,424.0
787,OK,204,-12,756,756,469.63,346.78,661.78,315.17,598.88,402.11
788,OK,201,-12,752,752,465.89,342.6,657.21,312.52,593.62,402.04
789,OK,195,-17,743,743,455.0,336.68,643.73,305.78,584.34,386.84
790,OK,186,-27,750,750,449.52,333.1,639.94,299.98,579.09,380.43
791,OK,167,-49,768,768,438.23,329.97,633.84,300.0,567.05,356.59
792,OK,172,-45,752,752,438.68,325.8,630.43,298.2,562.2,351.62
793,OK,173,-45,750,750,437.77,323.04,628.8,293.68,564.47,351.82
794,OK,189,-25,724,724,443.1,326.26,627.48,298.13,566.97,362.09
795,OK,183,-27,734,734,442.3,328.97,629.16,299.77,565.27,366.8
796,OK,188,-28,730,730,444.51,326.55,630.78,300.14,569.49,360.72
797,OK,192,-17,727,727,446.12,339.45,630.53,307.63,572.2,369.0
798,OK,191,-14,731,731,449.03,337.44,635.41,311.48,570.39,378.02
799,OK,207,-5,733,733,464.05,341.46,651.67,319.56,589.81,392.32
800,OK,211,-10,756,756,474.73,343.14,668.63,324.35,607.73,403.94
801,OK,199,-13,769,769,470.64,348.79,667.78,328.79,597.26,404.46
802,OK,196,-5,763,763,465.31,350.98,661.03,334.09,592.74,411.37
803,OK,190,-1,760,760,458.02,352.84,652.51,331.71,585.33,416.64
804,OK,173,-4,762,762,444.96,350.58,639.97,327.8,566.46,416.11
805,OK,171,2,763,763,443.96,352.05,639.75,335.54,563.77,422.84
806,OK,162,0,770,770,439.24,358.26,636.48,338.81,557.26,422.95
807,OK,164,-10,782,782,445.45,357.45,646.5,344.05,564.33,412.77
808,OK,187,-6,761,761,456.12,352.99,650.6,328.19,582.57,408.45
809,OK,187,-8,757,757,453.47,350.25,645.9,319.06,582.01,405.84
810,OK,173,-18,762,762,441.47,353.73,633.73,314.27,570.69,392.45
811,OK,178,-14,752,752,440.0,356.09,628.85,313.0,573.8,391.4
812,OK,180,-12,749,749,442.29,356.18,630.12,312.69,572.17,391.05
813,OK,180,-12,749,749,442.41,354.5,630.73,312.89,573.26,390.5
814,OK,179,-14,748,748,441.28,354.65,628.83,310.6,572.62,387.82
815,OK,179,-10,748,748,441.19,357.44,628.36,312.18,572.53,393.22
816,OK,172,-16,760,760,439.87,353.68,632.12,316.92,568.06,392.96
817,OK,179,-10,749,749,443.69,351.48,634.33,321.36,568.12,391.68
818,OK,172,-21,766,766,444.31,348.35,639.44,319.87,569.83,390.12
819,OK,167,-24,778,778,444.57,350.16,642.65,319.95,570.02,396.82
820,OK,177,-20,769,769,449.04,351.17,643.95,316.71,577.11,395.26
821,OK,178,-23,768,768,448.58,349.8,643.64,316.26,579.56,389.84
822,OK,185,-18,763,763,454.16,346.78,648.2,316.42,582.11,394.86
823,OK,183,-18,766,766,454.3,345.94,649.5,317.8,581.21,399.1
824,OK,186,-16,763,763,454.92,346.82,649.44,318.07,583.29,398.95
825,OK,187,-16,762,762,454.9,345.63,649.12,318.04,584.15,398.83
826,OK,186,-18,766,766,455.39,347.4,650.77,319.14,585.23,398.29
827,OK,190,-14,758,758,456.28,344.89,649.5,316.83,585.33,399.45
828,OK,186,-16,764,764,456.33,346.73,651.14,318.27,583.9,401.39
829,OK,186,-18,773,773,458.63,349.62,656.1,325.19,587.61,400.16
830,OK,202,1,761,761,470.15,352.36,665.03,332.58,598.26,420.06
831,OK,197,-7,776,776,472.42,349.39,671.68,334.82,599.08,420.93
832,OK,206,-3,771,771,478.69,344.03,676.48,327.42,604.59,429.54
833,OK,205,-8,773,773,477.03,342.18,675.21,322.37,606.53,424.43
834,OK,206,-7,768,768,477.06,337.51,674.45,323.08,604.3,424.59
835,OK,194,-21,788,788,474.51,336.04,677.38,331.38,601.97,413.69
836,OK,178,-38,795,795,462.53,314.88,667.25,315.16,586.91,403.49
837,OK,151,-72,795,795,436.21,284.82,640.93,283.39,557.83,366.11
838,OK,127,-91,808,808,417.41,277.52,625.49,277.85,541.2,350.04
839,OK,112,-92,814,814,403.14,272.8,612.8,270.91,530.44,358.23
840,OK,94,-108,835,835,394.02,269.21,609.1,265.04,521.24,351.35
841,OK,119,-165,834,834,418.07,220.85,632.75,224.1,548.34,282.18
842,OK,172,-188,803,803,450.81,190.08,657.7,188.38,593.17,237.27
843,OK,163,-217,801,801,444.11,167.14,650.45,168.97,580.57,199.59
844,OK,150,-233,824,824,441.08,163.87,653.23,170.12,578.0,192.0
845,OK,146,-241,824,824,437.6,152.38,649.63,163.77,572.51,185.7
846,OK,144,-238,821,821,436.02,150.85,647.03,165.94,567.58,186.78
847,OK,137,-247,831,831,434.51,144.53,647.37,165.87,565.0,182.03
848,OK,131,-252,834,834,429.65,142.1,643.02,166.49,560.03,176.78
849,OK,114,-257,845,845,415.54,141.48,632.19,161.91,548.16,179.18
850,OK,121,-245,827,827,415.4,138.28,627.28,158.95,547.52,187.76
851,OK,116,-239,826,826,410.24,145.76,622.5,160.39,542.64,196.77
852,OK,109,-248,846,846,410.69,147.13,627.82,164.94,545.61,194.19
853,OK,116,-246,837,837,414.27,149.19,629.46,163.37,547.5,189.04
854,OK,113,-245,841,841,412.85,147.38,628.9,162.47,545.33,195.08
855,OK,117,-245,839,839,415.33,148.4,631.18,160.95,549.84,193.72
856,OK,117,-242,841,841,416.79,152.11,632.95,165.93,549.15,197.22
857,OK,118,-235,833,833,417.26,149.27,631.01,168.66,543.97,203.42
858,OK,120,-229,825,825,416.08,148.65,627.83,165.05,542.18,209.97
859,OK,123,-219,819,819,417.86,156.69,628.3,171.58,542.54,217.57
860,OK,125,-212,826,826,425.63,159.7,637.17,182.53,545.93,231.71
861,OK,129,-204,827,827,431.3,166.45,642.51,194.84,547.16,238.96
862,OK,134,-201,820,820,433.21,166.31,642.39,195.33,550.37,237.19
863,OK,119,-208,837,837,424.32,172.58,638.5,197.92,544.45,235.81
864,OK,114,-203,837,837,420.66,180.47,635.06,203.74,536.7,238.67
865,OK,115,-196,833,833,421.7,178.24,634.81,203.94,535.42,249.25
866,OK,118,-190,824,824,421.33,183.28,632.42,205.45,534.75,251.05
867,OK,114,-197,832,832,419.88,183.78,633.21,203.05,535.26,245.16
868,OK,117,-192,825,825,421.29,182.46,632.66,202.99,532.15,248.14
869,OK,113,-200,838,838,421.8,182.1,636.22,206.09,535.94,245.66
870,OK,121,-188,818,818,423.95,182.3,633.84,201.07,532.96,250.44
871,OK,115,-191,835,835,423.19,186.38,637.14,207.43,535.27,255.18
872,OK,132,-187,829,829,433.53,189.12,646.04,209.86,552.98,255.55
873,OK,145,-174,812,812,440.19,188.95,648.61,205.46,558.21,267.04
874,OK,153,-178,819,819,447.6,187.48,657.83,204.06,571.91,267.1
875,OK,163,-174,810,810,453.22,187.08,661.05,204.09,580.52,268.11
876,OK,156,-177,822,822,452.88,187.16,663.78,205.64,577.55,271.66
877,OK,153,-179,827,827,451.85,187.46,663.82,207.3,575.46,272.17
878,OK,148,-181,823,823,444.9,186.97,656.36,203.15,567.5,266.06
879,OK,144,-185,824,824,442.48,185.89,654.01,202.22,565.24,260.59
880,OK,143,-183,824,824,440.28,187.91,652.15,201.42,563.85,264.56
881,OK,138,-185,831,831,438.08,188.87,651.36,205.62,561.59,263.64
882,OK,126,-189,839,839,431.33,190.64,646.43,210.42,552.06,261.32
883,OK,122,-193,840,840,428.58,189.36,643.91,209.2,548.9,255.29
884,OK,126,-190,834,834,431.54,187.99,645.19,209.92,548.93,257.03
885,OK,120,-195,848,848,429.9,187.31,647.04,211.25,550.47,259.36
886,OK,126,-192,846,846,436.14,182.35,651.9,212.73,555.68,265.2
887,OK,119,-192,842,842,428.97,183.76,644.37,209.78,544.84,262.18
888,OK,106,-196,856,856,421.44,184.37,639.9,214.76,537.72,265.19
889,OK,101,-199,863,863,419.68,185.46,640.17,213.17,534.7,265.62
890,OK,103,-195,858,858,420.33,186.41,639.46,215.29,536.06,268.32
891,OK,104,-197,858,858,420.62,186.01,640.0,212.79,536.33,265.58
892,OK,113,-192,847,847,424.44,187.06,640.89,213.27,541.2,262.41
893,OK,111,-187,845,845,424.2,185.41,639.6,216.97,535.85,269.85
894,OK,111,-186,842,842,422.39,186.8,637.5,214.94,536.04,271.08
895,OK,112,-186,843,843,422.11,186.72,637.66,212.91,538.06,270.18
896,OK,112,-189,842,842,421.03,185.57,636.51,209.14,538.83,268.1
897,OK,117,-184,839,839,421.34,190.18,636.56,210.1,544.35,271.64
898,OK,105,-193,855,855,417.61,191.74,636.65,213.75,538.24,266.82
899,OK,104,-188,854,854,414.46,204.65,633.75,222.49,538.7,265.26
900,OK,111,-180,845,845,417.82,195.78,634.59,215.64,540.58,279.95
901,OK,112,-175,840,840,417.28,197.42,632.73,216.48,539.72,284.95
902,OK,105,-182,851,851,416.59,194.03,634.43,217.8,535.73,280.35
903,OK,100,-194,859,859,414.73,191.98,634.47,217.06,534.74,267.16
904,OK,98,-199,861,861,413.74,189.53,634.25,213.58,533.08,261.37
905,OK,97,-195,861,861,412.52,191.38,633.13,213.62,532.24,269.06
906,OK,95,-196,860,860,409.75,193.19,630.28,212.71,531.57,265.06
907,OK,96,-194,857,857,409.08,194.45,628.86,213.76,529.72,264.66
908,OK,98,-193,855,855,409.63,194.75,629.13,212.37,532.26,265.63
909,OK,97,-195,855,855,409.25,192.55,628.67,209.97,529.62,264.31
910,OK,92,-198,861,861,407.87,193.53,628.89,210.33,527.42,262.19
911,OK,94,-199,860,860,408.79,193.11,629.66,210.23,529.51,261.91
912,OK,93,-197,860,860,408.32,193.65,629.09,211.34,527.46,263.7
913,OK,95,-198,859,859,408.44,193.4,629.04,211.26,530.33,261.42
914,OK,91,-201,864,864,407.75,193.47,629.53,212.61,528.2,260.3
915,OK,94,-196,858,858,408.57,193.99,628.78,213.66,528.42,263.9
916,OK,99,-189,852,852,410.17,195.75,628.77,214.27,531.56,270.35
917,OK,101,-189,851,851,409.94,196.5,628.43,212.48,534.34,267.83
918,OK,104,-188,847,847,411.48,193.92,628.82,213.24,533.99,268.22
919,OK,102,-188,848,848,410.14,196.67,628.03,212.35,533.24,268.61
920,OK,97,-192,851,851,409.87,191.81,628.35,208.69,526.56,267.39
921,OK,108,-191,837,837,417.05,185.83,631.75,204.85,528.93,259.84
922,OK,105,-198,842,842,416.86,186.7,633.23,202.86,527.88,251.64
923,OK,88,-189,836,836,406.49,186.15,619.98,214.88,499.54,258.77
924,OK,69,-176,844,844,394.37,184.39,607.88,224.78,482.0,288.1
925,OK,86,-140,791,791,393.28,187.1,592.24,231.02,470.09,302.52
926,OK,94,-121,759,759,390.37,190.81,580.19,237.37,461.75,302.27
927,OK,85,-118,751,751,380.88,188.58,568.19,237.03,445.53,303.06
928,OK,49,-120,774,774,359.25,193.99,550.98,248.12,417.11,313.75
929,OK,17,-111,793,793,336.38,205.11,532.2,263.03,392.68,337.17
930,OK,3,-122,816,816,333.3,202.78,533.89,265.33,388.87,338.52
931,OK,22,-125,807,807,344.65,199.52,543.92,258.21,406.89,327.15
932,OK,32,-123,810,810,357.81,204.31,557.74,264.24,416.94,330.35
933,OK,57,-113,804,804,374.14,204.92,573.09,262.42,444.79,346.1
934,OK,55,-102,798,798,374.7,212.41,570.64,274.83,435.48,352.18
935,OK,35,-110,820,820,366.49,217.44,566.92,284.07,425.03,350.56
936,OK,17,-108,831,831,353.63,221.7,557.08,288.04,409.11,360.59
937,OK,3,-125,847,847,344.64,218.32,552.07,285.71,405.26,344.71
938,OK,11,-114,835,835,344.96,221.21,552.05,279.52,407.77,357.42
939,OK,25,-128,847,847,362.51,212.25,572.39,271.55,430.25,348.68
940,OK,47,-115,821,821,371.8,212.26,574.65,271.51,441.12,350.08
941,OK,65,-114,808,808,387.2,205.0,585.32,268.61,453.01,344.52
942,OK,83,-106,798,798,397.37,207.41,593.66,268.63,469.73,349.28
943,OK,94,-118,811,811,405.55,210.81,608.9,258.77,492.13,339.55
944,OK,87,-135,839,839,409.14,212.68,620.06,259.87,497.9,332.25
945,OK,93,-126,823,823,408.9,212.31,615.72,258.49,497.66,335.94
946,OK,80,-138,850,850,407.19,214.88,621.0,261.47,497.32,336.79
947,OK,85,-132,837,837,407.01,209.98,617.17,258.42,494.63,338.14
948,OK,79,-133,849,849,406.36,209.57,618.87,261.5,493.53,347.71
949,OK,81,-136,846,846,408.03,209.69,620.08,260.03,495.65,341.13
950,OK,79,-138,850,850,407.42,208.44,620.2,260.11,494.78,340.48
951,OK,81,-142,848,848,407.72,206.16,620.23,256.25,496.46,333.34
952,OK,81,-139,847,847,408.06,207.66,620.02,258.92,495.86,335.95
953,OK,81,-135,845,845,406.76,211.75,618.51,262.23,494.08,338.66
954,OK,78,-142,851,851,407.06,214.32,620.47,264.68,492.84,327.22
955,OK,76,-139,854,854,405.51,218.94,620.27,266.11,493.44,335.0
956,OK,71,-141,866,866,408.07,218.06,624.78,270.6,492.43,340.48
957,OK,74,-140,858,858,408.28,217.67,623.4,268.57,490.83,336.86
958,OK,72,-135,856,856,407.08,219.01,621.68,269.79,487.1,342.22
959,OK,69,-137,868,868,409.23,222.16,626.19,275.56,490.17,345.36
960,OK,64,-151,889,889,410.03,220.59,632.21,276.2,496.32,338.48
961,OK,67,-152,885,885,410.04,220.99,631.87,273.39,498.22,332.94
962,OK,70,-149,880,880,411.45,222.13,631.57,275.64,498.77,334.84
963,OK,75,-132,866,866,413.93,221.7,629.42,278.89,494.88,352.29
964,OK,75,-131,860,860,410.43,222.37,624.47,278.99,492.59,348.51
965,OK,68,-129,868,868,408.69,222.46,624.16,281.77,488.42,359.41
966,OK,83,-119,850,850,414.48,228.02,626.43,282.63,495.85,358.56
967,OK,87,-123,849,849,414.94,227.46,628.11,276.29,501.22,350.9
968,OK,84,-124,856,856,418.23,224.15,632.55,276.05,499.39,358.69
969,OK,94,-116,841,841,421.05,227.29,631.52,278.15,501.73,356.5
970,OK,83,-122,859,859,416.63,236.18,631.8,287.43,500.12,352.95
971,OK,93,-120,848,848,422.53,229.79,634.97,280.71,506.2,353.53
972,OK,97,-122,851,851,428.69,231.91,642.13,281.8,510.49,350.86
973,OK,116,-122,841,841,443.03,229.73,654.08,277.93,524.08,342.97
974,OK,146,-131,836,836,466.7,228.84,677.89,271.04,556.05,325.69
975,OK,159,-126,828,828,472.53,232.08,682.98,266.07,569.17,327.44
976,OK,172,-119,820,820,482.15,232.16,690.55,265.72,578.0,333.35
977,OK,173,-120,818,818,484.39,233.16,692.31,267.85,575.87,329.28
978,OK,176,-114,811,811,487.3,235.03,693.41,269.61,572.91,330.45
979,OK,177,-114,811,811,487.08,236.49,693.42,268.92,574.1,331.06
980,OK,174,-117,816,816,485.81,234.69,693.23,267.83,575.11,331.19
981,OK,173,-119,819,819,486.41,232.82,694.46,266.89,574.73,331.08
982,OK,172,-117,817,817,486.54,229.89,693.27,269.65,571.9,333.42
983,OK,185,-104,799,799,492.14,232.76,693.94,272.87,575.76,337.5
984,OK,182,-107,800,800,491.17,231.96,693.17,272.16,573.6,335.55
985,OK,186,-102,797,797,492.07,233.12,693.71,272.06,576.18,339.79
986,OK,181,-105,800,800,489.13,233.92,691.78,271.36,572.55,338.93
987,OK,174,-112,814,814,488.93,232.63,694.24,275.04,572.13,337.06
988,OK,179,-107,805,805,488.61,234.57,692.1,273.74,572.24,336.79
989,OK,179,-108,804,804,489.01,233.28,691.83,274.89,572.94,335.55
990,OK,179,-108,804,804,488.92,232.14,691.73,273.69,573.06,335.46
991,OK,178,-108,804,804,487.66,233.52,690.77,273.52,571.58,335.53
992,OK,171,-114,816,816,485.25,234.73,691.74,273.19,571.25,334.64
993,OK,175,-109,809,809,485.28,236.6,690.32,273.38,570.83,336.84
994,OK,179,-105,802,802,487.29,235.65,689.95,275.14,572.22,337.65
995,OK,174,-109,809,809,486.1,230.96,689.96,273.44,569.25,339.08
996,OK,164,-119,824,824,482.7,232.07,690.72,274.36,567.15,333.87
997,OK,166,-116,819,819,480.93,232.73,687.75,273.81,566.12,333.5
998,OK,168,-114,817,817,482.18,233.54,688.44,274.89,568.61,334.37
999,OK,170,-112,813,813,480.49,236.11,686.34,274.44,569.0,333.78
1000,OK,168,-112,812,812,479.84,236.54,685.45,275.21,566.76,332.53
1001,OK,166,-115,818,818,480.0,233.9,686.65,274.62,566.98,334.13
1002,OK,171,-108,806,806,480.59,236.42,684.14,277.75,566.12,333.21
1003,OK,167,-111,813,813,478.83,235.9,684.48,275.88,566.05,335.62
1004,OK,168,-109,808,808,478.14,237.08,682.64,275.77,564.06,334.36
1005,OK,164,-113,816,816,477.07,236.21,683.35,276.21,564.6,335.25
1006,OK,166,-113,814,814,478.38,234.68,683.6,277.07,565.18,333.88
1007,OK,166,-108,811,811,476.63,237.68,681.77,277.22,563.88,336.71
1008,OK,164,-112,815,815,476.78,238.45,682.82,278.66,563.65,332.91
1009,OK,167,-111,813,813,479.35,236.68,684.19,279.75,565.2,332.99
1010,OK,165,-112,813,813,477.08,236.76,682.36,278.31,563.41,332.4
1011,OK,163,-113,814,814,476.64,236.45,682.12,277.67,562.56,332.91
1012,OK,164,-112,814,814,477.65,236.36,682.96,279.03,563.31,332.67
1013,OK,163,-112,813,813,476.56,235.61,681.58,278.3,560.91,332.9
1014,OK,164,-113,814,814,477.94,234.71,683.02,278.41,562.72,332.3
1015,OK,165,-111,812,812,478.31,234.99,682.52,279.7,562.37,334.35
1016,OK,164,-113,816,816,478.66,235.31,683.85,280.56,563.82,332.8
1017,OK,163,-116,821,821,479.04,235.58,685.38,281.79,564.29,330.23
1018,OK,173,-108,807,807,482.65,236.01,686.1,278.65,568.37,333.38
1019,OK,169,-116,816,816,482.77,234.85,688.76,276.98,568.94,329.21
1020,OK,169,-111,811,811,481.01,234.69,685.28,278.17,565.89,332.1
1021,OK,168,-112,813,813,481.73,233.22,686.14,279.04,565.44,332.9
1022,OK,170,-111,812,812,482.58,236.43,686.5,282.66,567.58,330.57
1023,OK,164,-116,820,820,480.74,236.12,686.7,282.38,566.14,329.63
1024,OK,166,-115,819,819,481.5,236.26,687.12,283.21,566.7,329.63
1025,OK,167,-116,818,818,481.98,238.17,687.93,282.97,568.62,326.79
1026,OK,166,-115,819,819,480.45,238.25,687.1,280.89,567.28,330.29
1027,OK,172,-111,813,813,483.93,238.77,689.28,280.04,570.21,331.14
1028,OK,164,-127,838,838,482.93,237.45,695.52,274.2,577.52,328.44
1029,OK,162,-127,838,838,480.3,241.32,692.95,278.58,575.38,325.67
1030,OK,162,-128,841,841,480.81,241.85,693.68,281.71,577.41,323.66
1031,OK,166,-123,835,835,480.6,243.21,692.32,280.37,579.87,327.29
1032,OK,159,-128,848,848,476.36,246.24,691.87,281.4,582.16,328.79
1033,OK,165,-121,836,836,478.94,247.25,691.67,280.63,582.54,331.71
1034,OK,164,-117,834,834,478.07,244.25,689.84,279.6,579.17,338.19
1035,OK,163,-115,834,834,477.21,244.73,689.09,280.37,577.75,341.97
1036,OK,163,-115,834,834,478.04,244.38,689.69,280.83,577.75,341.58
1037,OK,162,-115,837,837,476.94,245.5,689.32,281.94,578.4,343.56
1038,OK,162,-116,839,839,477.64,244.55,690.56,280.9,579.62,344.07
1039,OK,162,-116,841,841,477.03,245.17,690.43,281.7,580.53,345.46
1040,OK,161,-114,838,838,476.05,245.28,688.78,282.23,578.64,347.96
1041,OK,162,-112,836,836,477.65,244.73,689.62,283.05,578.36,348.41
1042,OK,162,-116,845,845,478.72,248.07,693.24,284.56,583.7,346.41
1043,OK,167,-112,841,841,480.53,250.24,694.41,283.82,588.27,350.2
1044,OK,164,-116,846,846,480.08,249.51,695.06,284.86,587.27,348.62
1045,OK,158,-120,855,855,474.59,257.47,692.68,287.43,587.62,343.51
1046,OK,156,-120,856,856,474.05,256.63,692.39,287.06,585.17,345.06
1047,OK,159,-115,848,848,474.67,255.31,691.06,284.59,583.87,348.46
1048,OK,157,-121,856,856,476.88,252.48,695.01,284.75,584.34,346.29
1049,OK,158,-119,855,855,477.03,252.64,695.02,283.78,584.19,348.1
1050,OK,163,-115,847,847,479.47,250.96,695.16,283.35,586.43,350.26
1051,OK,169,-113,837,837,480.87,249.93,694.23,280.13,587.84,346.81
1052,OK,165,-118,844,844,480.24,249.02,695.39,279.81,587.22,345.12
1053,OK,169,-115,839,839,481.47,247.98,695.36,278.93,588.3,345.17
1054,OK,170,-114,836,836,481.48,248.95,694.65,278.46,588.87,345.05
1055,OK,169,-116,838,838,482.26,247.73,695.69,280.21,587.72,342.72
1056,OK,167,-118,842,842,481.14,248.05,695.74,278.67,589.1,343.08
1057,OK,168,-114,838,838,480.55,249.48,694.24,279.98,587.26,346.07
1058,OK,166,-114,841,841,480.44,251.19,694.74,283.24,585.71,345.98
1059,OK,166,-114,841,841,479.97,250.8,694.19,283.22,585.83,345.88
1060,OK,170,-111,834,834,480.84,250.02,693.36,281.34,587.68,346.61
1061,OK,168,-114,838,838,482.52,247.57,695.51,282.8,585.64,346.03
1062,OK,169,-112,837,837,481.41,247.99,694.13,282.75,586.27,347.23
1063,OK,169,-113,836,836,481.33,247.55,693.82,281.83,586.94,346.64
1064,OK,169,-112,836,836,481.59,247.93,694.19,281.5,587.32,348.48
1065,OK,169,-113,836,836,481.92,248.29,694.81,280.54,587.35,346.87
1066,OK,169,-114,838,838,481.33,247.63,694.79,279.98,587.97,346.71
1067,OK,167,-114,842,842,480.94,250.51,695.27,282.88,588.79,347.99
1068,OK,167,-117,845,845,480.98,249.82,696.32,281.59,590.95,345.45
1069,OK,170,-114,839,839,481.36,248.49,695.24,280.03,590.17,346.99
1070,OK,169,-111,839,839,480.9,249.97,694.57,281.49,588.34,350.32
1071,OK,169,-109,834,834,481.07,249.62,693.32,282.07,586.61,351.07
1072,OK,169,-112,839,839,482.05,248.85,695.63,281.78,588.44,350.54
1073,OK,171,-111,834,834,482.17,247.31,694.28,280.48,588.0,349.53
1074,OK,173,-108,833,833,483.22,249.6,695.17,283.24,589.38,349.77
1075,OK,167,-114,843,843,481.65,247.85,696.11,282.18,587.88,349.07
1076,OK,170,-112,836,836,481.92,248.37,694.69,280.9,589.56,347.97
1077,OK,171,-112,835,835,482.07,247.64,694.5,280.84,588.84,346.49
1078,OK,168,-113,838,838,481.08,249.41,694.52,281.27,588.05,347.24
1079,OK,169,-115,839,839,481.05,249.41,695.04,279.67,589.13,344.69
1080,OK,170,-115,838,838,481.97,248.55,695.4,280.39,589.69,345.39
1081,OK,168,-111,836,836,480.48,248.45,693.49,280.4,585.04,349.66
1082,OK,170,-111,834,834,482.04,247.42,694.37,280.53,586.3,349.19
1083,OK,167,-112,839,839,481.14,249.4,694.39,283.66,585.85,348.25
1084,OK,165,-113,844,844,480.34,251.91,695.09,285.57,587.24,349.45
1085,OK,166,-103,836,836,476.3,267.0,688.81,300.8,587.23,347.05
1086,OK,159,-118,855,855,474.7,259.57,692.76,290.63,588.88,343.58
1087,OK,156,-122,856,856,474.69,253.43,692.58,286.4,585.87,343.31
1088,OK,160,-115,847,847,473.8,253.52,689.74,285.1,584.45,346.91
1089,OK,159,-116,847,847,474.3,252.7,690.0,285.46,583.41,345.77
1090,OK,160,-116,844,844,473.8,251.69,688.81,283.06,583.77,346.31
1091,OK,165,-113,837,837,475.99,250.73,689.41,280.54,584.58,345.78
1092,OK,163,-107,837,837,475.61,252.57,688.31,286.95,580.35,354.05
1093,OK,161,-110,841,841,474.87,249.86,689.07,281.99,581.49,355.02
1094,OK,167,-104,834,834,474.79,252.86,687.9,279.68,587.85,360.73
1095,OK,192,-76,801,801,481.84,265.59,687.56,282.22,600.05,374.57
1096,OK,186,-68,803,803,479.32,271.67,685.02,293.55,592.12,383.76
1097,OK,190,-70,801,801,480.59,269.91,686.01,289.36,596.91,381.27
1098,OK,182,-90,813,813,478.06,258.28,686.34,278.94,595.35,365.35
1099,OK,170,-104,831,831,472.42,253.75,685.67,272.68,591.53,359.74
1100,OK,167,-128,845,845,474.86,236.6,690.39,266.67,595.68,338.36
1101,OK,177,-144,833,833,476.77,222.25,690.15,244.65,603.26,311.31
1102,OK,174,-153,825,825,471.02,211.27,682.65,229.77,597.11,298.96
1103,OK,165,-151,826,826,461.69,218.9,673.63,235.87,589.99,296.83
1104,OK,135,-164,846,846,438.46,220.66,656.07,232.66,570.12,291.44
1105,OK,112,-180,871,871,423.87,219.1,648.02,229.47,558.43,286.54
1106,OK,102,-168,866,866,410.5,232.31,633.44,233.8,548.15,298.82
1107,OK,91,-169,874,874,403.38,235.61,628.58,236.07,541.52,301.09
1108,OK,96,-153,862,862,402.05,245.07,624.04,240.93,542.76,314.87
1109,OK,97,-160,867,867,404.03,239.48,627.39,238.46,544.77,308.25
1110,OK,101,-162,855,855,404.51,222.3,624.83,222.15,543.11,308.16
1111,OK,102,-161,856,856,404.46,226.96,624.82,226.39,546.25,307.65
1112,OK,102,-155,855,855,403.5,231.32,623.56,227.28,545.98,315.32
1113,OK,96,-151,863,863,400.49,244.14,622.81,240.63,542.81,319.51
1114,OK,93,-162,860,860,397.93,227.42,619.5,226.41,539.22,310.02
1115,OK,102,-159,845,845,399.57,223.45,617.26,221.0,541.17,304.39
1116,OK,99,-144,834,834,392.81,230.43,607.47,220.01,532.09,320.79
1117,OK,112,-129,816,816,395.57,237.19,605.22,221.43,539.9,328.69
1118,OK,103,-134,836,836,393.74,242.37,608.15,223.27,542.65,336.7
1119,OK,104,-135,834,834,395.25,238.78,609.73,227.77,539.79,331.69
1120,OK,113,-123,824,824,398.48,248.53,610.04,232.55,546.38,337.97
1121,OK,111,-124,827,827,401.11,250.26,613.62,235.94,542.63,336.8
1122,OK,112,-131,840,840,406.08,252.33,622.04,237.86,551.62,333.58
1123,OK,116,-126,837,837,408.21,252.9,623.03,233.59,553.68,342.13
1124,OK,109,-134,852,852,411.8,255.62,630.87,241.5,550.51,337.07
1125,OK,134,-120,842,842,431.76,267.45,648.57,259.37,570.93,339.48
1126,OK,162,-103,823,823,451.22,278.07,662.52,261.3,591.04,346.41
1127,OK,191,-94,809,809,474.43,287.26,682.1,268.85,613.61,343.74
1128,OK,222,-83,794,794,500.99,293.65,705.0,279.68,635.89,342.91
1129,OK,271,-49,745,745,529.48,299.72,720.22,280.04,662.15,357.0
1130,OK,271,-54,764,764,533.9,313.31,728.98,287.2,674.65,357.25
1131,OK,271,-15,741,741,533.27,336.94,721.43,304.22,654.71,389.49
1132,OK,269,12,731,731,533.41,347.89,720.37,326.37,642.57,417.8
1133,OK,269,35,725,725,531.66,364.21,716.56,338.22,638.45,442.83
1134,OK,273,30,740,740,537.16,367.13,725.34,337.58,655.31,449.11
1135,OK,274,46,730,730,536.5,371.79,723.29,351.41,648.6,460.58
1136,OK,263,41,740,740,531.13,369.74,721.27,354.95,641.11,459.76
1137,OK,245,45,748,748,516.67,379.98,708.79,363.98,625.39,466.1
1138,OK,240,44,748,748,512.41,381.9,704.11,362.41,621.35,465.78
1139,OK,243,41,746,746,514.19,374.78,705.89,360.12,622.3,460.79
1140,OK,250,43,744,744,519.49,375.08,710.71,361.88,630.42,463.24
1141,OK,259,48,734,734,524.54,374.7,712.53,355.87,635.17,465.61
1142,OK,266,49,733,733,529.7,372.21,718.14,359.5,640.53,464.36
1143,OK,265,49,733,733,528.47,372.47,716.79,358.19,639.88,465.87
1144,OK,259,46,742,742,525.52,374.31,716.0,358.18,640.01,468.24
1145,OK,248,39,750,750,521.94,369.57,714.93,362.02,628.38,462.48
1146,OK,244,37,756,756,519.95,370.56,714.55,361.75,627.82,464.71
1147,OK,243,35,761,761,519.18,371.73,714.8,360.72,630.75,465.13
1148,OK,247,35,758,758,520.81,372.92,715.6,358.7,635.6,463.05
1149,OK,252,40,751,751,521.53,374.99,714.13,357.6,636.62,463.76
1150,OK,252,40,751,751,522.44,374.22,715.33,358.71,635.99,465.35
1151,OK,252,39,750,750,523.57,372.05,716.2,358.61,636.1,464.3
1152,OK,252,37,751,751,524.64,367.14,717.93,359.85,633.53,462.0
1153,OK,249,33,755,755,523.25,365.14,717.56,357.89,633.48,458.93
1154,OK,249,36,751,751,521.46,367.05,714.63,359.58,631.68,459.85
1155,OK,236,29,770,770,518.2,369.79,716.43,367.57,625.52,459.67
1156,OK,254,34,751,751,527.98,359.1,721.36,364.26,633.37,456.7
1157,OK,246,23,768,768,528.58,356.29,726.19,365.84,634.39,453.42
1158,OK,251,30,764,764,531.1,359.73,727.65,368.31,637.34,460.14
1159,OK,246,29,767,767,529.34,359.06,726.82,367.9,631.83,462.38
1160,OK,243,26,772,772,529.27,359.72,727.96,369.46,630.77,460.22
1161,OK,244,21,775,775,530.38,357.42,729.6,367.99,632.38,455.04
1162,OK,248,25,771,771,531.64,358.95,730.0,367.9,636.23,458.26
1163,OK,250,27,768,768,532.6,359.53,730.2,368.85,636.97,458.72
1164,OK,250,27,769,769,533.57,359.98,731.48,368.78,637.23,459.42
1165,OK,255,30,765,765,535.52,360.52,732.39,367.87,641.28,461.61
1166,OK,256,30,764,764,536.43,360.48,732.95,368.74,641.36,461.24
1167,OK,257,33,763,763,536.42,362.51,732.85,368.04,643.17,463.6
1168,OK,254,29,766,766,535.84,360.16,732.95,366.99,640.92,460.65
1169,OK,259,32,763,763,537.79,360.86,734.2,367.44,644.85,462.43
1170,OK,259,30,762,762,538.63,357.58,734.62,368.1,644.22,459.18
1171,OK,256,24,766,766,537.02,356.3,734.17,365.79,643.33,453.18
1172,OK,256,20,770,770,538.45,355.05,736.4,365.81,645.66,450.18
1173,OK,258,17,769,769,538.31,354.93,736.14,361.33,647.05,445.27
1174,OK,250,9,784,784,536.36,354.87,738.09,363.47,648.01,443.81
1175,OK,245,-10,796,796,537.39,341.23,741.84,356.52,648.0,427.49
1176,OK,253,-14,797,797,543.22,337.25,747.84,353.0,656.59,423.54
1177,OK,255,-19,796,796,545.98,332.46,750.12,352.49,658.31,417.06
1178,OK,248,-5,794,794,540.59,338.52,743.91,359.25,649.7,435.43
1179,OK,247,-4,790,790,538.17,338.99,740.56,360.95,646.63,433.77
1180,OK,241,-7,797,797,534.95,336.46,738.3,365.01,642.53,431.31
1181,OK,249,11,776,776,536.41,339.98,734.19,368.38,639.66,445.12
1182,OK,246,11,778,778,534.29,341.86,732.92,368.07,637.46,445.26
1183,OK,246,4,786,786,536.61,339.99,737.2,367.75,642.23,441.74
1184,OK,248,7,783,783,537.98,337.76,737.11,369.63,641.31,442.34
1185,OK,249,10,781,781,537.84,340.86,736.93,370.32,641.88,444.65
1186,OK,244,8,785,785,534.66,343.33,734.81,371.35,638.08,443.05
1187,OK,248,15,775,775,534.73,344.23,732.46,372.01,637.33,447.03
1188,OK,246,10,778,778,535.07,342.65,733.17,372.01,637.45,441.93
1189,OK,247,12,779,779,535.47,342.59,733.93,371.73,637.44,445.73
1190,OK,246,6,784,784,536.5,340.11,736.31,369.6,639.73,442.76
1191,OK,247,7,784,784,537.92,340.51,737.77,370.22,640.3,444.62
1192,OK,245,9,786,786,538.01,341.15,737.79,373.53,638.42,447.98
1193,OK,245,9,784,784,537.85,339.65,737.19,371.54,638.38,448.27
1194,OK,243,11,785,785,535.46,340.89,735.19,372.09,635.15,449.75
1195,OK,243,10,785,785,536.18,340.24,735.92,372.21,635.56,448.03
1196,OK,243,9,786,786,537.03,340.51,737.05,371.99,636.86,449.52
1197,OK,247,10,784,784,537.35,344.72,737.4,371.41,640.98,446.34
1198,OK,249,8,785,785,537.72,343.67,738.32,368.13,644.33,444.89
1199,OK,243,3,793,793,536.72,342.33,739.09,369.4,641.33,442.42
1200,OK,247,-13,795,795,534.26,338.24,738.71,350.21,652.32,425.31
1201,OK,246,15,782,782,526.17,367.21,727.69,367.2,648.5,445.81
1202,OK,235,38,795,795,508.42,405.43,711.87,381.27,654.38,476.86
1203,OK,233,73,763,763,496.06,417.47,690.81,390.72,636.36,505.15
1204,OK,239,108,735,735,487.66,435.31,674.66,405.78,631.65,529.73
1205,OK,204,124,757,757,463.02,459.73,656.0,431.43,604.78,559.39
1206,OK,162,116,775,775,430.8,461.55,628.58,434.17,569.48,559.69
1207,OK,120,117,791,791,395.36,465.21,597.11,436.39,535.71,574.11
1208,OK,92,117,780,780,365.81,465.84,563.47,429.66,500.81,566.3
1209,OK,89,121,754,754,350.63,464.89,539.62,420.48,488.26,554.28
1210,OK,77,116,750,750,338.88,457.51,528.16,418.52,472.18,544.89
1211,OK,29,79,784,784,307.36,447.98,505.31,408.57,437.16,515.27
1212,OK,26,79,774,774,301.46,434.18,499.37,409.56,425.92,511.28
1213,OK,23,72,761,761,291.92,420.77,486.29,395.63,417.19,497.37
1214,OK,27,57,754,754,292.1,402.39,484.95,380.33,420.8,477.23
1215,OK,24,11,767,767,296.38,361.49,493.52,349.28,421.05,433.07
1216,OK,42,-8,750,750,308.72,343.0,501.77,347.11,430.13,390.13
1217,OK,29,3,761,761,294.7,359.92,490.52,352.71,426.07,411.12
1218,OK,26,26,765,765,293.12,382.76,489.48,366.01,425.75,443.35
1219,OK,23,59,754,754,286.54,416.64,478.03,383.83,418.68,472.56
1220,OK,27,58,759,759,288.73,415.68,481.31,382.7,427.16,474.84
1221,OK,20,61,764,764,286.22,421.79,479.87,387.52,421.8,482.97
1222,OK,29,77,750,750,289.57,422.42,479.98,389.11,423.52,498.84
1223,OK,20,40,776,776,288.98,403.38,486.95,376.15,429.83,467.8
1224,OK,17,11,785,785,291.08,380.74,492.03,359.45,427.69,436.4
1225,OK,28,-17,803,803,308.88,354.95,515.73,349.75,446.24,416.06
1226,OK,59,-26,805,805,338.92,351.75,546.13,349.25,479.72,403.29
1227,OK,89,-18,809,809,373.24,352.18,581.25,362.49,509.27,415.28
1228,OK,114,-42,829,829,404.25,340.83,616.68,363.35,546.15,393.64
1229,OK,176,-36,804,804,456.48,328.71,661.03,361.03,598.52,387.45
1230,OK,223,-23,767,767,483.97,322.64,679.43,351.14,630.76,384.94
1231,OK,239,-3,756,756,498.79,335.74,691.85,361.4,640.62,403.12
1232,OK,244,-10,760,760,503.28,335.36,696.9,363.4,648.28,390.73
1233,OK,243,-14,772,772,511.03,331.85,707.28,364.61,649.26,397.09
1234,OK,249,-10,770,770,520.08,331.68,714.96,368.44,651.69,400.14
1235,OK,255,-10,772,772,522.6,331.87,717.8,369.52,662.0,401.89
1236,OK,254,-3,768,768,522.53,335.03,716.75,372.81,657.08,408.28
1237,OK,256,7,758,758,523.05,337.87,714.63,374.98,652.12,417.38
1238,OK,233,2,778,778,506.06,344.74,704.62,372.25,639.75,423.53
1239,OK,237,9,766,766,503.58,347.37,699.78,368.82,639.58,426.03
1240,OK,241,16,758,758,504.76,350.16,698.93,370.92,638.3,431.1
1241,OK,244,20,750,750,503.07,351.73,695.32,369.68,638.82,430.32
1242,OK,248,24,748,748,506.61,353.03,698.69,369.05,642.48,436.08
1243,OK,248,22,749,749,507.09,353.2,699.01,371.71,642.17,429.98
1244,OK,242,16,769,769,508.12,355.9,704.98,377.59,645.89,435.07
1245,OK,250,28,750,750,509.39,357.91,701.56,376.57,645.6,439.04
1246,OK,250,29,749,749,506.45,358.59,698.78,374.97,645.67,440.06
1247,OK,250,34,747,747,505.92,360.67,697.96,373.92,644.75,448.62
1248,OK,238,27,759,759,499.51,361.97,694.69,372.26,638.75,444.99
1249,OK,257,38,741,741,509.86,362.17,700.24,376.91,649.36,448.45
1250,OK,246,36,758,758,503.15,373.57,697.82,386.89,650.21,451.6
1251,OK,250,44,749,749,502.21,376.42,694.88,386.34,650.53,454.93
1252,OK,253,45,748,748,504.72,375.51,697.29,380.81,654.48,460.97
1253,OK,256,49,742,742,503.87,375.79,694.98,381.13,655.1,462.61
1254,OK,261,54,738,738,506.66,376.1,696.6,382.88,659.62,466.94
1255,OK,270,63,725,725,510.4,376.9,697.12,383.97,661.88,470.78
1256,OK,272,61,727,727,513.3,377.59,700.45,381.76,663.24,468.82
1257,OK,270,55,733,733,512.82,376.76,701.5,380.45,666.44,464.06
1258,OK,273,56,734,734,515.61,378.81,704.55,384.7,671.65,465.92
1259,OK,281,60,728,728,519.99,377.18,707.42,381.38,677.32,470.61
1260,OK,282,57,726,726,519.73,375.78,706.7,381.31,677.63,463.01
1261,OK,281,55,730,730,519.23,375.25,707.09,381.55,679.01,463.11
1262,OK,279,58,733,733,517.98,376.85,706.67,386.04,677.82,467.18
1263,OK,277,56,730,730,515.19,378.15,703.09,384.3,676.46,462.73
1264,OK,277,58,726,726,514.31,378.13,701.38,381.05,674.04,464.27
1265,OK,279,58,727,727,516.41,377.68,703.47,383.09,675.63,462.42
1266,OK,278,59,726,726,515.21,379.11,702.23,383.6,674.74,464.31
1267,OK,276,57,729,729,514.28,377.9,701.97,381.68,673.58,463.04
1268,OK,277,55,730,730,515.52,375.71,703.43,382.23,674.66,461.46
1269,OK,268,51,747,747,510.05,387.96,702.39,391.93,677.74,459.91
1270,OK,269,52,746,746,511.98,384.21,704.01,390.45,676.24,463.41
1271,OK,272,50,743,743,511.88,378.38,703.18,381.8,678.82,462.22
1272,OK,271,49,743,743,511.0,378.59,702.35,380.78,678.46,462.11
1273,OK,277,53,736,736,516.23,377.85,705.68,383.2,679.41,463.18
1274,OK,282,59,729,729,516.81,379.1,704.58,382.52,681.56,466.77
1275,OK,280,55,732,732,516.57,377.75,704.95,382.02,681.45,464.06
1276,OK,281,58,728,728,516.18,378.15,703.75,382.1,680.95,463.95
1277,OK,278,55,730,730,514.87,375.96,702.96,379.15,678.06,462.92
1278,OK,280,61,722,722,514.12,377.87,700.12,378.81,675.63,466.11
1279,OK,286,62,718,718,518.35,377.35,703.2,379.24,680.04,465.6
1280,OK,284,62,722,722,518.31,377.34,704.21,378.72,679.8,468.02
1281,OK,282,62,726,726,517.42,381.22,704.3,383.39,680.75,468.39
1282,OK,285,68,714,714,515.46,387.26,699.2,390.83,677.26,462.55
1283,OK,287,67,719,719,520.13,381.13,705.2,381.92,679.79,470.68
1284,OK,289,66,716,716,521.2,378.0,705.7,379.26,681.51,469.51
1285,OK,284,63,723,723,519.58,379.05,705.81,379.61,677.99,469.84
1286,OK,278,59,730,730,516.43,379.08,704.46,377.87,677.09,469.71
1287,OK,284,63,726,726,520.5,379.7,707.61,380.68,680.14,471.9
1288,OK,276,52,743,743,518.23,379.11,709.54,380.42,680.32,467.14
1289,OK,281,54,737,737,522.18,376.39,711.92,382.0,681.52,465.76
1290,OK,295,68,719,719,529.39,376.89,714.5,383.69,687.57,474.8
1291,OK,284,48,733,733,527.4,364.22,715.88,373.38,680.14,459.55
1292,OK,268,24,755,755,522.41,354.35,716.38,366.36,672.0,443.18
1293,OK,275,12,760,760,533.43,343.67,727.58,368.34,679.6,429.42
1294,OK,300,17,734,734,544.9,341.24,732.83,361.94,696.34,416.52
1295,OK,297,5,753,753,551.87,338.65,743.93,365.26,699.81,410.56
1296,OK,318,12,732,732,563.84,335.41,750.22,363.96,711.11,406.36
1297,OK,325,10,735,735,572.09,337.82,759.58,363.23,718.65,403.54
1298,OK,342,23,716,716,582.47,341.55,764.57,371.06,727.56,406.94
1299,OK,332,15,735,735,582.88,341.41,768.97,375.71,723.83,406.7
1300,OK,339,29,716,716,580.2,344.46,762.16,373.78,723.82,415.79
1301,OK,334,32,713,713,575.6,344.04,757.63,368.69,714.48,419.84
1302,OK,326,26,724,724,573.23,343.95,757.61,372.03,710.68,419.31
1303,OK,324,25,728,728,574.5,341.82,759.2,374.07,710.04,421.74
1304,OK,331,26,724,724,579.56,341.23,763.1,374.16,715.93,419.25
1305,OK,339,33,722,722,584.87,351.68,767.16,388.68,724.57,419.23
1306,OK,328,19,739,739,581.0,345.01,768.57,377.81,720.34,415.55
1307,OK,302,1,774,774,572.96,344.79,769.34,379.04,707.36,415.62
1308,OK,307,14,753,753,568.24,347.9,760.61,373.43,703.56,419.97
1309,OK,310,16,753,753,570.15,348.27,762.21,375.44,706.66,423.23
1310,OK,304,15,759,759,569.08,349.6,762.37,378.52,702.25,424.58
1311,OK,310,17,751,751,569.52,347.58,761.09,375.0,706.08,424.58
1312,OK,317,18,744,744,573.48,348.2,763.14,376.09,710.24,419.55
1313,OK,315,16,752,752,575.3,347.99,766.5,378.42,711.75,420.98
1314,OK,318,14,755,755,579.21,345.94,770.64,380.44,716.46,419.36
1315,OK,332,25,737,737,584.7,344.71,771.54,377.95,722.45,425.6
1316,OK,340,44,717,717,586.1,350.27,768.1,381.44,720.46,439.04
1317,OK,332,43,729,729,586.04,350.45,770.45,385.93,714.67,446.54
1318,OK,320,35,748,748,585.44,349.76,773.13,393.7,709.32,447.73
1319,OK,322,36,744,744,583.8,351.28,771.44,390.7,710.63,445.41
1320,OK,322,37,739,739,581.21,350.07,767.66,388.14,707.66,444.59
1321,OK,324,42,730,730,579.78,351.32,764.43,386.68,707.06,445.11
1322,OK,313,35,745,745,576.06,352.91,763.34,394.58,701.67,441.17
1323,OK,304,30,756,756,574.13,349.19,763.81,393.24,696.54,446.5
1324,OK,319,43,739,739,578.77,349.71,765.71,385.61,704.04,456.53
1325,OK,327,49,737,737,583.76,354.47,771.27,384.37,712.62,466.32
1326,OK,332,37,761,761,598.82,354.77,791.09,392.81,729.4,461.76
1327,OK,345,30,763,763,612.28,347.6,804.42,389.1,744.54,455.13
1328,OK,384,35,726,726,642.13,334.26,823.98,377.84,761.04,440.41
1329,OK,376,3,766,766,652.37,324.06,843.63,372.48,771.07,424.4
1330,OK,405,2,739,739,670.47,315.14,854.6,363.21,785.93,403.09
1331,OK,436,-8,721,721,696.53,299.1,876.04,346.6,807.14,381.93
1332,OK,444,-34,744,744,717.73,290.23,902.43,341.17,823.45,360.53
1333,OK,447,-45,750,750,724.24,286.53,911.04,335.72,828.35,349.64
1334,OK,424,-62,760,760,703.72,286.95,896.89,318.37,809.56,333.65
1335,OK,391,-64,772,772,675.14,301.47,873.2,319.35,781.16,334.07
1336,OK,342,-50,782,782,632.01,321.84,833.21,331.03,735.24,357.21
1337,OK,307,-38,820,820,610.07,345.39,821.25,351.97,719.64,395.89
1338,OK,281,-15,813,813,580.6,359.15,789.95,355.85,690.34,425.37
1339,OK,220,-32,874,874,542.63,375.08,767.55,365.59,660.85,440.48
1340,OK,200,-1,852,852,512.11,391.84,731.2,379.57,631.99,465.44
1341,OK,165,-10,877,877,487.22,405.36,711.16,376.24,608.7,466.35
1342,OK,163,0,872,872,479.43,412.02,701.33,377.83,607.7,478.24
1343,OK,159,3,881,881,481.19,421.06,705.62,387.91,606.25,481.82
1344,OK,159,-5,897,897,486.56,424.4,715.32,392.27,614.76,478.57
1345,OK,176,-3,894,894,502.02,422.41,730.93,397.93,629.54,479.34
1346,OK,174,-3,904,904,503.17,424.29,734.78,400.52,634.48,485.74
1347,OK,187,10,891,891,509.94,427.37,737.77,400.16,640.17,497.05
1348,OK,197,26,870,870,511.66,431.31,733.91,402.41,642.11,507.0
1349,OK,189,19,893,893,512.85,429.52,741.27,402.86,644.83,515.54
1350,OK,194,25,884,884,515.22,431.86,741.35,404.76,645.69,515.97
1351,OK,191,23,888,888,514.3,432.23,741.22,404.19,643.92,516.54
1352,OK,193,26,887,887,514.92,433.49,741.73,405.82,644.81,518.66
1353,OK,202,33,874,874,520.26,432.16,744.21,408.84,647.18,519.92
1354,OK,201,33,875,875,519.2,433.19,742.94,406.46,646.83,522.01
1355,OK,204,31,875,875,521.12,432.49,744.88,406.76,649.46,516.91
1356,OK,203,26,873,873,520.48,428.48,744.26,405.69,646.98,507.98
1357,OK,205,25,869,869,520.61,428.73,743.35,406.44,647.5,500.99
1358,OK,207,44,869,869,525.82,434.18,749.53,425.21,645.97,527.18
1359,OK,233,103,854,854,546.37,464.39,766.23,473.57,663.88,592.86
1360,OK,222,106,867,867,542.55,469.69,765.52,482.99,656.87,603.13
1361,OK,226,111,861,861,544.18,470.47,765.57,483.43,657.2,605.3
1362,OK,222,105,868,868,544.0,469.33,767.17,481.8,657.88,602.79
1363,OK,225,113,866,866,545.16,474.71,767.82,487.08,659.8,612.23
1364,OK,226,119,869,869,548.58,477.76,771.83,494.14,661.37,620.95
1365,OK,225,131,863,863,544.15,486.71,766.06,499.07,656.92,631.55
1366,OK,214,135,869,869,537.2,491.27,760.65,505.63,648.31,641.29
1367,OK,217,138,855,855,534.37,493.67,754.15,506.46,644.44,630.75
1368,OK,208,117,874,874,530.93,484.33,755.88,489.56,648.34,622.97
1369,OK,184,107,881,881,509.66,478.07,736.43,477.75,626.76,617.26
1370,OK,179,104,880,880,503.61,476.15,730.2,477.06,622.85,612.17
1371,OK,181,102,881,881,504.16,476.42,731.17,474.91,625.72,609.96
1372,OK,181,100,882,882,505.87,474.58,733.05,474.7,624.68,608.51
1373,OK,184,104,877,877,507.6,475.5,733.4,474.89,625.05,609.53
1374,OK,183,106,879,879,507.33,477.59,733.82,475.76,624.09,613.67
1375,OK,185,107,881,881,509.77,479.37,736.69,479.66,627.1,615.13
1376,OK,181,105,884,884,506.93,482.79,734.6,479.38,625.48,613.78
1377,OK,182,111,877,877,504.83,483.28,730.7,477.79,623.03,617.78
1378,OK,188,113,876,876,510.39,488.86,736.06,486.56,628.94,615.19
1379,OK,207,83,875,875,527.27,461.87,752.57,465.1,648.64,578.45
1380,OK,230,-5,902,902,555.58,395.83,787.62,404.95,691.78,492.71
1381,OK,273,-6,864,864,578.77,375.89,801.12,386.38,720.87,472.25
1382,OK,272,-36,854,854,574.35,349.86,793.95,360.28,715.72,428.01
1383,OK,257,-41,849,849,559.55,344.15,778.02,352.41,693.3,418.79
1384,OK,260,-37,840,840,559.59,343.44,775.7,353.71,692.39,418.76
1385,OK,249,-40,846,846,554.83,341.43,772.43,353.17,682.27,419.46
1386,OK,248,-37,846,846,553.9,339.91,771.24,354.59,679.88,425.68
1387,OK,254,-34,843,843,556.32,341.9,773.08,356.11,687.05,426.67
1388,OK,246,-39,849,849,551.41,343.52,769.67,355.88,680.31,420.33
1389,OK,248,-36,843,843,550.12,343.23,767.09,353.9,680.29,423.11
1390,OK,240,-43,848,848,543.84,345.52,762.32,348.35,675.24,415.96
1391,OK,233,-48,857,857,541.81,344.0,762.43,349.04,671.73,414.1
1392,OK,236,-44,852,852,541.73,346.78,761.03,348.61,673.38,416.94
1393,OK,240,-38,847,847,542.86,348.71,761.02,352.92,675.55,419.69
1394,OK,231,-46,857,857,538.71,347.27,759.35,351.75,669.98,415.07
1395,OK,232,-43,851,851,537.35,347.78,756.56,349.47,667.43,416.41
1396,OK,232,-46,854,854,537.38,347.02,757.4,348.1,671.16,414.69
1397,OK,234,-43,852,852,538.85,348.84,758.16,349.73,673.24,417.56
1398,OK,231,-46,855,855,537.43,347.31,757.59,350.27,669.64,414.19
1399,OK,231,-43,855,855,537.43,348.22,757.53,352.83,668.74,417.51
1400,OK,236,-39,849,849,539.36,352.11,757.99,354.07,672.55,417.75
1401,OK,232,-42,852,852,538.15,352.2,757.5,351.94,669.56,416.82
1402,OK,237,-36,846,846,539.15,353.33,757.06,350.95,672.34,423.5
1403,OK,236,-33,846,846,539.32,354.9,757.22,354.24,670.99,425.98
1404,OK,238,-35,846,846,540.19,352.72,758.16,354.55,673.16,423.59
1405,OK,238,-36,845,845,540.09,351.18,757.68,353.12,672.72,421.09
1406,OK,238,-35,843,843,539.68,350.9,756.74,353.37,671.61,421.08
1407,OK,239,-35,842,842,539.47,351.84,756.19,352.7,672.81,420.26
1408,OK,238,-35,844,844,539.51,352.13,756.75,354.64,672.56,420.68
1409,OK,241,-32,839,839,540.09,350.84,756.03,353.52,672.53,422.31
1410,OK,239,-35,842,842,539.41,352.16,756.27,353.54,673.88,419.76
1411,OK,241,-31,838,838,539.88,352.1,755.8,353.79,673.28,423.37
1412,OK,239,-33,841,841,539.07,351.93,755.76,352.84,672.22,423.01
1413,OK,241,-31,840,840,540.09,352.93,756.44,354.28,674.39,424.51
1414,OK,237,-28,842,842,537.98,356.53,754.72,356.41,671.61,431.03
1415,OK,227,-30,852,852,533.94,358.95,753.38,360.16,664.21,433.36
1416,OK,226,-30,859,859,534.19,362.71,755.5,362.59,665.65,436.15
1417,OK,227,-32,857,857,534.43,361.5,755.19,360.58,666.39,432.7
1418,OK,229,-28,853,853,534.48,362.61,754.25,361.04,665.98,434.67
1419,OK,234,-26,844,844,537.24,359.61,754.72,360.46,667.77,432.55
1420,OK,238,-24,842,842,538.71,359.26,755.46,358.74,671.71,435.55
1421,OK,235,-28,846,846,537.43,358.19,755.43,358.98,671.03,431.65
1422,OK,231,-28,848,848,535.85,358.51,754.12,361.69,665.88,431.92
1423,OK,229,-30,852,852,534.98,359.02,754.37,361.71,665.37,433.24
1424,OK,228,-32,854,854,534.19,359.9,754.25,360.64,665.83,431.71
1425,OK,229,-31,852,852,536.1,358.9,755.48,360.87,666.19,430.76
1426,OK,232,-29,844,844,536.5,357.09,753.98,359.59,664.66,428.49
1427,OK,224,-31,856,856,533.13,358.69,753.59,365.66,660.89,432.86
1428,OK,233,-13,840,840,537.36,362.67,753.66,366.77,661.54,450.63
1429,OK,235,5,851,851,537.29,383.54,756.46,381.07,673.79,477.7
1430,OK,211,-2,883,883,528.27,397.38,755.77,394.27,662.11,483.58
1431,OK,214,29,885,885,531.37,417.3,759.31,417.12,667.22,525.93
1432,OK,223,52,873,873,535.37,428.52,760.3,427.73,671.33,549.12
1433,OK,217,59,878,878,532.6,437.86,758.8,438.81,667.21,559.05
1434,OK,220,39,881,881,532.82,427.37,759.57,420.08,674.86,536.12
1435,OK,223,26,877,877,532.31,414.26,758.05,403.66,677.07,520.82
1436,OK,217,12,888,888,528.81,412.09,757.33,401.54,679.17,506.11
1437,OK,209,0,896,896,523.67,411.61,753.87,394.09,675.65,493.17
1438,OK,201,-15,904,904,521.8,405.46,753.83,385.93,669.8,478.56
1439,OK,209,-7,890,890,524.76,400.77,753.55,386.63,670.27,482.58
1440,OK,205,-15,898,898,522.05,399.02,752.59,380.38,670.88,478.31
1441,OK,213,-3,880,880,524.02,399.06,749.91,380.76,670.21,485.92
1442,OK,214,6,873,873,522.5,405.15,746.79,388.25,667.14,487.67
1443,OK,209,0,878,878,520.62,402.61,746.23,386.65,663.82,483.69
1444,OK,215,3,871,871,522.72,402.63,746.57,386.84,667.28,481.51
1445,OK,214,1,872,872,523.01,400.32,747.13,387.18,666.21,480.96
1446,OK,222,8,865,865,525.23,402.06,747.25,382.73,671.86,488.92
1447,OK,219,-1,870,870,524.04,399.82,747.43,381.51,672.47,478.05
1448,OK,218,-7,875,875,526.82,403.53,752.03,394.23,671.03,463.12
1449,OK,230,-18,854,854,533.02,376.62,752.86,367.77,671.97,447.6
1450,OK,244,-39,843,843,540.8,350.75,757.79,343.58,681.59,418.58
1451,OK,241,-49,852,852,542.07,345.22,761.62,343.01,682.31,411.03
1452,OK,242,-54,852,852,543.03,343.11,762.56,341.05,683.93,403.82
1453,OK,245,-55,850,850,544.44,341.57,763.3,339.89,686.57,400.87
1454,OK,241,-55,857,857,543.15,343.66,763.77,341.22,684.58,403.57
1455,OK,243,-52,853,853,544.02,343.23,763.58,341.21,684.51,405.91
1456,OK,247,-49,848,848,545.62,345.58,763.99,340.81,689.04,407.95
1457,OK,249,-43,844,844,546.73,345.39,764.17,343.88,687.72,413.77
1458,OK,246,-45,847,847,546.81,346.03,765.01,346.64,682.86,411.22
1459,OK,243,-46,850,850,545.74,346.42,764.71,347.54,682.14,412.08
1460,OK,244,-49,855,855,546.43,346.65,766.54,346.95,685.6,409.39
1461,OK,243,-50,855,855,546.35,346.01,766.51,346.5,684.49,409.22
1462,OK,242,-50,854,854,545.63,345.62,765.47,346.56,683.08,408.95
1463,OK,240,-47,853,853,542.89,348.1,762.58,348.49,680.18,411.57
1464,OK,242,-41,845,845,542.08,348.5,759.71,346.58,678.64,416.01
1465,OK,245,-39,841,841,542.92,348.22,759.4,346.71,680.18,416.54
1466,OK,246,-37,841,841,543.56,349.77,760.03,347.98,681.45,418.41
1467,OK,248,-35,836,836,545.17,348.74,760.48,347.87,680.56,418.21
1468,OK,246,-39,841,841,545.3,347.99,761.96,349.13,679.34,415.23
1469,OK,240,-42,851,851,542.23,349.7,761.52,350.24,678.47,417.75
1470,OK,247,-34,841,841,544.39,350.96,760.87,349.65,681.56,422.49
1471,OK,239,-41,851,851,540.77,351.06,759.92,346.87,678.12,420.75
1472,OK,239,-40,850,850,539.53,353.52,758.2,345.88,679.45,421.82
1473,OK,245,-35,841,841,542.62,351.56,759.24,347.41,679.08,421.97
1474,OK,247,-32,834,834,542.78,350.55,757.64,349.15,677.98,421.6
1475,OK,244,-31,836,836,540.71,352.91,756.01,348.6,676.53,423.83
1476,OK,245,-29,833,833,539.98,354.63,754.4,346.88,676.53,423.79
1477,OK,242,-33,840,840,539.76,354.98,755.9,345.51,678.16,424.55
1478,OK,246,-30,837,837,540.6,356.27,755.8,344.83,681.1,425.72
1479,OK,247,-28,833,833,541.27,355.53,755.66,346.62,679.48,425.32
1480,OK,244,-26,833,833,539.83,357.14,754.26,351.26,674.51,426.51
1481,OK,248,-17,820,820,538.17,360.39,749.05,349.2,673.65,431.56
1482,OK,251,-18,818,818,540.27,358.08,750.75,347.87,676.31,430.0
1483,OK,249,-21,822,822,539.39,358.36,750.73,346.97,675.47,427.89
1484,OK,252,-19,820,820,541.23,357.69,752.33,347.91,677.27,429.36
1485,OK,249,-21,823,823,539.72,357.9,751.27,346.5,676.47,429.05
1486,OK,251,-20,821,821,540.29,358.06,751.51,346.58,676.88,427.89
1487,OK,251,-18,819,819,539.79,358.98,750.48,347.93,675.95,428.62
1488,OK,248,-21,822,822,537.74,359.85,748.91,346.32,675.41,427.8
1489,OK,250,-17,818,818,538.76,361.26,749.09,349.05,675.01,429.59
1490,OK,252,-18,818,818,540.43,358.85,750.9,348.32,677.12,429.11
1491,OK,252,-19,819,819,539.93,358.69,750.69,347.51,676.83,428.87
1492,OK,250,-20,821,821,539.05,359.05,750.21,346.73,676.35,427.29
1493,OK,251,-17,816,816,539.12,360.27,749.02,348.67,674.16,428.66
1494,OK,248,-17,818,818,537.88,360.27,748.29,348.12,672.22,429.93
1495,OK,249,-21,822,822,538.7,359.59,749.88,346.57,676.77,427.53
1496,OK,253,-20,821,821,541.58,356.79,752.71,347.62,678.92,428.2
1497,OK,242,-31,836,836,538.14,355.89,753.37,350.35,675.98,421.9
1498,OK,240,-38,841,841,538.73,349.76,755.31,350.81,673.13,415.53
1499,OK,237,-43,848,848,539.45,349.24,757.69,345.07,675.36,415.32
1500,OK,240,-40,844,844,540.92,347.72,758.23,345.72,674.7,419.09
1501,OK,234,-47,856,856,539.01,349.97,759.45,348.53,676.44,413.77
1502,OK,234,-40,852,852,538.09,352.34,757.56,355.13,673.47,419.79
1503,OK,243,-23,840,840,539.94,363.63,756.29,364.64,678.58,430.7
1504,OK,237,-11,837,837,536.64,366.78,752.2,367.23,666.12,447.9
1505,OK,229,-6,853,853,531.86,382.23,751.46,382.97,668.46,457.7
1506,OK,228,11,839,839,528.69,384.78,744.74,385.04,658.88,475.95
1507,OK,207,8,865,865,517.28,391.9,739.95,385.8,650.74,492.17
1508,OK,206,10,860,860,514.14,394.43,735.61,387.99,647.94,489.72
1509,OK,213,10,854,854,517.61,393.13,737.57,388.73,652.66,484.48
1510,OK,215,12,845,845,518.45,386.39,736.06,385.76,648.53,482.15
1511,OK,217,2,840,840,518.0,383.18,734.42,379.99,649.48,464.15
1512,OK,231,-3,827,827,525.62,370.33,738.59,371.74,656.83,450.46
1513,OK,237,-21,820,820,529.1,350.06,740.25,357.1,660.22,424.71
1514,OK,231,-39,835,835,528.33,340.6,743.14,351.44,660.42,410.88
1515,OK,239,-43,822,822,528.81,336.8,740.6,339.22,666.41,398.22
1516,OK,245,-44,823,823,533.32,334.51,745.21,336.72,673.63,398.44
1517,OK,247,-44,819,819,534.2,333.12,745.12,334.89,673.57,397.95
1518,OK,248,-44,816,816,534.59,333.56,744.75,334.03,674.11,394.69
1519,OK,250,-43,812,812,535.09,331.51,744.35,332.9,673.4,395.25
1520,OK,242,-47,825,825,531.17,334.77,743.67,333.87,670.7,396.45
1521,OK,234,-53,834,834,527.98,335.84,742.84,335.45,666.92,394.35
1522,OK,234,-49,835,835,528.75,337.86,743.77,341.5,665.91,397.88
1523,OK,243,-43,823,823,533.3,336.79,745.18,339.77,670.67,399.11
1524,OK,237,-39,824,824,531.52,335.48,743.49,344.24,661.76,407.41
1525,OK,239,-34,820,820,532.15,335.83,743.07,345.7,662.21,412.46
1526,OK,237,-33,824,824,530.16,340.4,742.37,345.58,661.99,415.18
1527,OK,237,-31,825,825,529.96,341.23,742.4,347.75,662.79,417.9
1528,OK,234,-28,822,822,527.95,343.22,739.61,349.35,656.3,420.37
1529,OK,233,-27,823,823,527.84,343.84,739.71,350.85,654.94,422.09
1530,OK,241,-25,817,817,531.36,341.27,741.64,348.63,661.51,422.03
1531,OK,244,-20,811,811,531.41,343.15,740.23,348.86,663.37,424.19
1532,OK,244,-26,815,815,531.95,341.45,741.84,346.22,665.73,418.59
1533,OK,242,-28,817,817,531.53,339.82,741.73,345.95,663.89,418.74
1534,OK,241,-27,817,817,531.63,341.17,741.86,348.88,663.2,418.54
1535,OK,243,-25,813,813,531.46,341.28,740.85,346.39,663.68,418.79
1536,OK,241,-25,812,812,529.99,342.44,739.1,346.26,660.95,418.74
1537,OK,242,-26,815,815,530.55,342.59,740.47,346.86,663.63,417.49
1538,OK,244,-25,813,813,531.2,340.38,740.61,345.53,664.12,419.97
1539,OK,243,-25,814,814,531.4,341.35,740.95,345.6,664.91,421.29
1540,OK,244,-25,813,813,531.65,340.99,740.99,346.02,664.01,420.46
1541,OK,243,-24,813,813,531.98,340.15,741.33,346.88,662.99,420.83
1542,OK,245,-21,809,809,531.05,342.76,739.37,346.95,663.54,422.04
1543,OK,244,-24,812,812,531.19,342.38,740.24,346.22,664.38,420.6
1544,OK,243,-24,813,813,531.64,342.07,741.01,348.39,662.94,420.12
1545,OK,242,-27,816,816,531.98,340.42,742.12,347.26,663.29,418.51
1546,OK,245,-23,810,810,532.83,341.05,741.39,348.99,663.79,420.17
1547,OK,244,-24,811,811,532.39,341.26,741.2,347.29,663.2,419.52
1548,OK,245,-22,809,809,530.64,343.34,739.0,346.81,663.36,420.74
1549,OK,244,-20,809,809,530.45,344.82,738.78,347.74,662.39,421.76
1550,OK,243,-21,809,809,529.99,344.95,738.25,347.29,661.84,420.95
1551,OK,245,-21,808,808,530.85,344.64,738.83,346.53,663.19,421.5
1552,OK,243,-22,811,811,529.65,345.49,738.55,346.08,662.38,420.35
1553,OK,246,-21,806,806,531.45,343.53,739.06,345.62,664.32,421.2
1554,OK,244,-25,811,811,530.78,342.1,739.59,344.89,663.48,418.04
1555,OK,241,-19,813,813,529.69,350.13,739.13,353.5,660.7,422.26
1556,OK,241,-20,815,815,529.93,351.07,739.78,353.77,661.44,421.62
1557,OK,241,-24,813,813,529.73,342.44,739.04,346.62,660.01,419.76
1558,OK,238,-31,818,818,529.42,340.93,739.99,343.35,661.17,415.45
1559,OK,241,-28,819,819,530.71,343.01,741.62,346.19,664.48,418.02
1560,OK,242,-29,819,819,531.48,343.42,742.32,345.14,666.69,417.12
1561,OK,240,-28,818,818,530.1,345.19,740.74,345.38,663.79,417.3
1562,OK,240,-25,816,816,529.44,345.86,739.59,345.7,662.95,420.58
1563,OK,241,-25,816,816,529.96,346.2,740.23,345.11,664.24,421.26
1564,OK,240,-26,819,819,529.86,345.79,740.87,343.6,664.44,422.55
1565,OK,238,-25,818,818,528.83,347.44,739.57,345.68,661.47,423.06
1566,OK,239,-29,822,822,529.88,346.2,741.63,345.12,664.98,419.54
1567,OK,237,-27,829,829,531.6,354.02,745.16,357.14,664.55,420.21
1568,OK,238,-26,824,824,529.75,350.73,742.03,349.48,665.32,421.94
1569,OK,240,-31,826,826,531.63,347.81,744.38,346.35,669.06,417.87
1570,OK,241,-31,824,824,532.18,347.01,744.3,344.88,668.78,417.13
1571,OK,240,-31,824,824,531.9,347.33,744.11,346.29,667.98,415.72
1572,OK,240,-31,827,827,531.37,348.33,744.26,347.11,668.47,416.65
1573,OK,240,-30,826,826,531.46,348.88,744.32,348.07,669.29,418.24
1574,OK,241,-28,823,823,530.95,348.51,742.88,346.48,667.47,418.96
1575,OK,236,-32,829,829,529.84,346.73,743.26,347.87,663.54,417.4
1576,OK,235,-28,829,829,529.52,349.75,742.92,349.65,662.84,424.27
1577,OK,238,-26,827,827,531.08,350.97,743.99,351.82,664.86,423.77
1578,OK,238,-25,824,824,530.61,352.48,742.81,352.2,664.46,422.8
1579,OK,240,-21,820,820,532.18,350.04,743.4,353.55,663.45,427.06
1580,OK,244,-16,815,815,533.45,350.84,743.37,353.57,664.64,430.41
1581,OK,243,-17,815,815,531.69,351.32,741.49,352.28,663.99,430.18
1582,OK,243,-17,815,815,531.97,350.78,741.78,352.5,663.38,430.23
1583,OK,242,-19,817,817,531.55,350.59,741.95,352.73,664.12,427.72
1584,OK,241,-21,818,818,531.56,350.84,742.16,351.94,664.21,425.11
1585,OK,239,-24,820,820,530.38,349.87,741.68,349.77,663.61,422.67
1586,OK,238,-27,823,823,530.01,348.92,741.95,349.63,663.16,419.31
1587,OK,239,-26,821,821,531.15,348.52,742.5,349.68,663.03,420.27
1588,OK,237,-32,826,826,529.9,347.66,742.69,346.63,664.28,415.61
1589,OK,236,-27,824,824,529.0,348.93,741.22,348.57,662.54,421.53
1590,OK,233,-29,831,831,530.21,344.99,744.07,351.61,659.73,423.83
1591,OK,242,-20,813,813,533.04,343.39,742.23,351.96,660.15,425.33
1592,OK,238,-28,820,820,531.87,341.67,742.93,351.24,660.56,418.12
1593,OK,238,-21,821,821,532.37,344.08,743.39,358.07,659.09,428.23
1594,OK,233,-24,827,827,530.23,345.58,742.54,362.37,655.88,425.56
1595,OK,232,-23,824,824,528.84,346.57,740.67,360.94,654.29,425.44
1596,OK,228,-23,829,829,526.84,345.58,739.65,361.5,651.32,430.35
1597,OK,230,-19,824,824,526.93,345.47,738.63,360.09,652.35,433.55
1598,OK,223,-30,837,837,524.7,343.47,739.6,359.79,650.28,424.87
1599,OK,222,-25,832,832,523.45,344.08,737.15,361.22,646.14,430.08
1600,OK,209,-31,831,831,513.19,336.2,726.38,354.15,628.92,424.66
1601,OK,199,-27,836,836,506.52,340.28,721.15,357.72,622.07,434.03
1602,OK,197,-28,838,838,505.32,342.19,720.38,358.84,620.81,432.26
1603,OK,195,-30,841,841,503.88,342.24,719.89,359.52,618.46,430.1
1604,OK,191,-31,846,846,501.88,344.01,719.16,361.23,618.04,432.04
1605,OK,192,-26,843,843,503.93,347.12,719.95,368.06,615.34,433.51
1606,OK,187,-28,846,846,501.01,348.0,718.35,365.11,611.79,433.56
1607,OK,183,-31,854,854,500.5,350.03,719.59,368.64,611.86,434.05
1608,OK,185,-29,850,850,499.84,349.07,717.99,367.29,611.48,434.78
1609,OK,186,-27,848,848,501.61,349.79,719.16,368.28,611.22,436.36
1610,OK,189,-27,847,847,501.29,348.99,718.83,365.23,614.22,435.32
1611,OK,185,-29,849,849,498.42,347.94,716.47,364.7,611.62,434.91
1612,OK,189,-24,843,843,499.47,351.7,716.31,364.43,612.8,436.47
1613,OK,197,-19,834,834,503.09,351.94,717.55,364.4,617.76,438.88
1614,OK,196,-18,836,836,504.18,352.76,719.11,366.71,617.03,442.0
1615,OK,202,-12,829,829,507.9,353.15,720.83,368.76,619.23,444.08
1616,OK,226,-19,830,830,527.62,354.26,739.88,378.55,648.72,426.27
1617,OK,237,-44,836,836,535.01,341.36,750.02,352.98,669.4,402.7
1618,OK,254,-60,842,842,548.07,337.16,764.86,341.97,693.67,383.69
1619,OK,255,-71,849,849,549.62,331.82,768.15,338.26,699.16,371.49
1620,OK,257,-83,855,855,553.03,324.89,773.15,329.51,705.52,360.89
1621,OK,258,-88,855,855,554.14,321.05,774.32,324.85,707.34,356.71
1622,OK,249,-89,860,860,547.67,323.56,769.05,328.83,700.04,355.94
1623,OK,253,-81,849,849,549.17,323.02,767.73,329.45,695.69,360.6
1624,OK,259,-68,839,839,550.57,329.12,766.57,333.39,697.71,372.08
1625,OK,258,-65,839,839,548.72,329.24,764.62,334.15,698.03,376.49
1626,OK,259,-63,835,835,547.47,327.8,762.38,332.55,697.84,379.46
1627,OK,260,-61,834,834,549.76,330.04,764.44,335.13,698.02,379.84
1628,OK,259,-61,836,836,548.78,332.37,764.06,334.7,698.36,381.84
1629,OK,258,-59,833,833,546.9,331.15,761.39,332.83,694.05,382.66
1630,OK,259,-57,830,830,549.76,336.01,763.41,339.95,692.53,379.0
1631,OK,256,-59,835,835,548.24,333.96,763.28,338.7,691.25,381.27
1632,OK,258,-60,835,835,548.55,329.5,763.6,334.99,694.79,382.86
1633,OK,254,-61,836,836,546.6,329.03,761.87,334.32,691.43,383.51
1634,OK,259,-57,831,831,547.96,329.21,761.83,332.28,693.61,385.83
1635,OK,255,-60,837,837,546.24,329.75,761.76,331.55,692.84,385.8
1636,OK,258,-58,833,833,548.13,330.15,762.6,332.83,693.73,385.14
1637,OK,263,-53,825,825,550.45,331.06,762.91,335.16,694.78,386.75
1638,OK,260,-55,831,831,549.31,331.09,763.37,336.35,693.92,387.44
1639,OK,258,-54,833,833,548.86,333.51,763.49,336.35,692.13,390.33
1640,OK,265,-46,823,823,552.3,336.5,764.17,338.0,695.21,392.9
1641,OK,260,-52,830,830,550.39,333.92,764.04,336.47,693.61,391.52
1642,OK,265,-44,821,821,552.5,334.42,763.93,339.38,693.08,395.4
1643,OK,271,-39,815,815,555.08,335.67,764.93,342.51,696.4,397.84
1644,OK,260,-48,835,835,553.62,336.2,768.5,344.48,694.61,398.79
1645,OK,262,-41,830,830,553.05,340.36,766.64,346.14,695.25,404.92
1646,OK,264,-38,828,828,554.23,343.87,767.5,348.97,696.35,405.8
1647,OK,263,-39,829,829,552.5,342.25,765.84,347.6,694.84,405.34
1648,OK,262,-38,827,827,551.7,341.89,764.72,346.59,693.03,406.85
1649,OK,264,-39,827,827,553.04,341.32,765.97,346.02,695.54,404.81
1650,OK,263,-40,829,829,553.29,342.26,766.69,346.98,695.89,404.7
1651,OK,254,-44,834,834,548.45,342.23,763.33,346.39,688.08,403.67
1652,OK,257,-42,832,832,550.03,341.77,764.27,345.5,689.24,406.12
1653,OK,254,-44,836,836,548.39,341.04,763.62,345.44,688.25,405.61
1654,OK,256,-43,832,832,549.45,340.9,763.7,346.37,687.59,404.01
1655,OK,253,-44,837,837,547.7,340.61,763.14,345.64,687.51,405.9
1656,OK,255,-43,835,835,547.82,340.81,762.89,344.75,688.68,405.34
1657,OK,250,-47,838,838,545.77,339.21,761.54,343.03,684.76,403.82
1658,OK,248,-48,842,842,545.15,340.21,761.94,345.1,684.46,404.36
1659,OK,248,-47,840,840,545.93,339.17,762.08,344.66,683.32,405.75
1660,OK,254,-43,835,835,546.88,341.18,762.04,343.42,688.62,406.61
1661,OK,252,-42,833,833,544.71,339.87,759.08,343.73,685.18,408.1
1662,OK,250,-43,835,835,543.49,340.26,758.6,344.92,683.89,407.28
1663,OK,256,-36,825,825,545.29,341.84,757.79,344.97,686.14,409.94
1664,OK,257,-38,824,824,547.15,339.34,759.4,344.82,686.4,407.83
1665,OK,251,-48,836,836,544.14,338.75,759.49,338.95,687.58,402.26
1666,OK,254,-44,832,832,545.67,339.26,760.06,339.57,688.41,404.66
1667,OK,257,-42,829,829,546.49,340.29,760.12,339.06,689.31,404.41
1668,OK,255,-43,831,831,545.51,340.07,759.5,339.95,687.69,405.3
1669,OK,254,-45,835,835,545.41,340.91,760.34,339.1,690.9,404.33
1670,OK,254,-45,836,836,545.67,341.68,760.98,340.58,691.37,405.22
1671,OK,251,-46,840,840,544.34,343.4,760.63,342.93,690.82,406.76
1672,OK,251,-40,836,836,544.65,342.55,760.01,344.64,687.59,412.52
1673,OK,259,-34,826,826,548.71,342.95,761.29,346.76,690.36,414.63
1674,OK,258,-35,827,827,547.21,343.64,760.17,343.18,689.34,413.82
1675,OK,256,-35,827,827,545.43,342.71,758.44,342.75,686.3,415.07
1676,OK,261,-27,817,817,545.93,344.43,756.46,343.95,687.38,419.02
1677,OK,264,-23,811,811,546.93,344.79,755.84,343.6,688.06,420.76
1678,OK,268,-18,805,805,548.6,345.27,755.85,344.32,689.15,424.09
1679,OK,273,-13,797,797,547.9,346.9,753.03,344.18,691.88,424.91
1680,OK,270,-12,803,803,547.91,348.93,754.6,346.08,690.92,431.53
1681,OK,267,-11,807,807,548.85,349.66,756.69,349.66,688.12,435.43
1682,OK,260,-11,810,810,544.66,352.44,753.31,347.61,682.86,438.69
1683,OK,261,-14,810,810,546.21,351.72,754.68,347.0,683.1,434.16
1684,OK,261,-6,808,808,546.42,360.4,754.41,357.99,680.85,438.72
1685,OK,256,-7,817,817,543.49,363.83,753.82,359.89,679.79,442.09
1686,OK,256,-1,812,812,541.61,366.04,750.58,357.76,679.45,448.72
1687,OK,252,-1,817,817,539.84,366.79,750.23,361.15,675.59,451.78
1688,OK,254,-4,815,815,540.97,365.76,750.81,360.21,676.42,444.95
1689,OK,246,-7,822,822,537.06,366.23,748.58,359.12,672.97,446.62
1690,OK,247,-10,818,818,537.57,362.57,748.13,356.83,670.41,439.63
1691,OK,243,-9,824,824,534.77,366.48,746.75,359.15,670.24,444.97
1692,OK,248,-8,820,820,537.69,365.26,748.65,358.31,673.42,443.44
1693,OK,249,-6,818,818,539.5,365.43,750.01,360.74,673.02,444.63
1694,OK,252,-2,817,817,540.98,367.77,751.29,362.87,675.77,447.74
1695,OK,246,-5,833,833,539.93,377.12,754.32,373.4,677.48,448.0
1696,OK,250,-2,818,818,539.25,370.14,749.84,365.47,673.6,447.31
1697,OK,256,-1,812,812,543.83,366.15,752.89,363.03,676.01,447.1
1698,OK,255,0,812,812,542.95,367.58,752.07,363.37,675.2,448.46
1699,OK,256,-1,811,811,543.77,365.76,752.52,363.81,675.27,444.97
1700,OK,251,-2,812,812,539.95,364.75,749.08,360.17,671.35,446.4
1701,OK,254,-1,810,810,540.55,365.84,749.12,361.32,673.37,444.49
1702,OK,256,-2,807,807,541.1,363.62,749.03,360.4,674.33,440.39
1703,OK,256,-2,806,806,541.28,362.56,748.87,359.85,672.97,441.31
1704,OK,255,-3,808,808,542.28,363.09,750.35,360.99,672.94,440.27
1705,OK,260,4,806,806,545.13,366.39,752.78,364.6,677.43,450.06
1706,OK,255,-2,815,815,541.87,364.43,751.74,356.92,677.32,451.32
1707,OK,259,-9,815,815,546.93,358.61,756.96,357.49,681.96,439.36
1708,OK,263,-1,807,807,548.35,362.45,756.19,360.48,680.39,442.68
1709,OK,263,-6,807,807,548.11,360.27,755.93,358.51,681.66,436.22
1710,OK,267,-1,805,805,549.99,360.75,757.36,358.78,685.39,442.8
1711,OK,262,1,809,809,546.14,363.68,754.51,359.82,682.54,450.13
1712,OK,262,1,809,809,546.62,362.87,755.01,359.56,682.93,450.25
1713,OK,261,0,811,811,545.43,363.66,754.27,357.52,682.47,450.93
1714,OK,262,-2,813,813,547.17,363.95,756.52,358.77,684.22,448.47
1715,OK,259,-3,816,816,546.19,364.93,756.14,358.7,683.32,448.42
1716,OK,258,-5,816,816,544.63,364.64,754.65,357.19,684.03,445.54
1717,OK,258,-7,816,816,545.35,362.31,755.47,358.17,682.63,443.43
1718,OK,268,1,803,803,550.47,361.05,757.29,358.4,686.04,445.57
1719,OK,266,0,807,807,550.09,361.81,757.96,360.39,685.74,446.14
1720,OK,270,2,805,805,551.97,360.08,759.32,360.31,689.83,447.91
1721,OK,263,7,812,812,548.38,372.86,757.48,370.99,685.13,454.44
1722,OK,268,8,802,802,551.03,365.14,757.59,365.18,685.52,453.6
1723,OK,268,2,803,803,550.0,361.59,756.78,361.85,685.9,445.63
1724,OK,266,1,808,808,549.44,361.7,757.49,359.89,687.08,449.52
1725,OK,265,-4,811,811,550.36,362.55,759.16,362.67,686.93,440.86
1726,OK,263,-9,814,814,549.74,359.44,759.5,358.68,685.84,438.47
1727,OK,266,-22,822,822,553.67,353.06,765.28,352.65,694.94,426.15
1728,OK,269,-25,816,816,556.16,344.45,766.22,349.2,694.68,420.56
1729,OK,265,-24,822,822,555.16,353.06,766.83,360.2,692.33,418.55
1730,OK,267,-29,820,820,555.29,346.95,766.53,349.52,693.96,415.66
1731,OK,269,-23,816,816,555.21,346.83,765.46,349.83,694.12,421.97
1732,OK,262,-28,823,823,552.27,345.96,764.2,347.23,688.04,420.14
1733,OK,268,-27,821,821,556.37,344.83,767.84,345.37,695.35,421.03
1734,OK,274,-25,817,817,559.63,345.77,769.96,347.35,701.19,421.43
1735,OK,280,-17,805,805,561.55,346.99,768.94,351.75,700.2,422.54
1736,OK,275,-19,811,811,559.24,348.85,768.14,352.89,697.24,422.02
1737,OK,274,-18,812,812,560.5,350.91,769.46,358.63,696.52,422.86
1738,OK,267,-24,824,824,557.8,352.15,770.02,353.59,696.07,424.09
1739,OK,265,-22,826,826,555.91,356.79,768.56,354.97,695.67,426.57
1740,OK,261,-19,825,825,552.63,357.5,765.04,356.49,688.61,429.92
1741,OK,263,-15,821,821,553.32,357.64,764.83,356.8,688.43,432.88
1742,OK,270,-14,815,815,556.44,358.32,766.19,354.1,694.0,431.21
1743,OK,269,-15,816,816,555.55,357.42,765.72,352.88,693.66,432.78
1744,OK,270,-13,813,813,556.48,355.22,765.99,355.62,691.32,430.59
1745,OK,270,-15,815,815,556.84,355.12,766.64,355.07,692.47,430.56
1746,OK,269,-13,814,814,556.1,357.1,765.63,356.46,691.29,431.96
1747,OK,267,-15,817,817,555.32,356.4,765.7,355.87,690.31,430.12
1748,OK,269,-14,816,816,556.19,357.53,766.39,354.46,692.86,432.2
1749,OK,265,-18,820,820,555.1,355.95,766.25,355.31,690.33,430.07
1750,OK,261,-20,827,827,553.15,357.59,766.15,356.7,689.21,429.22
1751,OK,262,-18,826,826,552.64,360.05,765.31,357.86,692.35,431.61
1752,OK,266,-16,817,817,554.41,356.36,764.82,357.52,689.22,427.51
1753,OK,266,-16,817,817,554.74,355.42,765.26,357.26,689.44,428.67
1754,OK,269,-13,812,812,555.4,356.73,764.52,356.01,690.74,429.97
1755,OK,271,-12,811,811,556.69,357.46,765.46,357.14,691.91,430.24
1756,OK,268,-15,816,816,556.35,356.69,766.39,356.09,692.36,430.43
1757,OK,267,-16,818,818,555.74,356.24,766.42,355.09,691.99,431.91
1758,OK,273,-10,809,809,557.76,356.75,766.05,357.09,693.2,432.13
1759,OK,272,-8,808,808,557.08,357.73,765.17,356.89,692.14,435.44
1760,OK,262,-19,825,825,553.45,356.52,765.94,356.71,690.05,430.68
1761,OK,255,-26,834,834,550.47,357.0,765.36,355.52,686.82,427.63
1762,OK,257,-25,831,831,551.53,355.06,765.42,353.22,687.39,427.08
1763,OK,261,-21,825,825,552.92,355.65,765.39,354.03,688.81,427.78
1764,OK,270,-11,810,810,555.81,355.96,764.51,355.0,690.38,432.54
1765,OK,269,-13,813,813,555.94,355.04,765.26,356.29,690.16,431.95
1766,OK,266,-16,819,819,554.57,355.98,765.52,355.41,690.62,431.05
1767,OK,265,-16,819,819,554.64,356.31,765.65,355.73,689.11,430.84
1768,OK,264,-18,821,821,554.47,355.44,765.8,354.83,689.32,429.96
1769,OK,269,-14,813,813,555.65,355.89,765.01,355.06,690.32,430.18
1770,OK,264,-17,821,821,554.23,356.95,765.79,355.27,689.98,430.53
1771,OK,264,-12,828,828,556.02,370.25,769.38,369.57,694.59,435.48
1772,OK,259,-24,833,833,553.16,356.69,767.67,354.63,691.3,428.87
1773,OK,260,-24,830,830,553.31,356.39,766.95,353.06,691.32,428.14
1774,OK,265,-12,822,822,555.56,360.01,767.3,358.85,691.05,439.51
1775,OK,270,-10,827,827,560.88,365.05,773.75,365.32,699.46,442.56
1776,OK,264,-13,826,826,558.74,360.74,771.42,366.11,690.38,438.14
1777,OK,269,-11,818,818,560.0,359.44,770.76,362.6,691.96,436.71
1778,OK,261,-12,824,824,554.49,361.44,766.64,361.5,687.3,439.59
1779,OK,263,-9,819,819,554.33,361.11,765.16,361.12,685.05,440.16
1780,OK,260,-11,821,821,552.7,360.26,764.22,361.59,682.58,438.59
1781,OK,260,-13,823,823,552.93,359.95,764.91,361.98,683.42,435.5
1782,OK,260,-13,823,823,553.28,359.02,765.24,361.64,684.37,436.3
1783,OK,267,-12,814,814,556.1,358.0,765.83,358.01,688.75,432.91
1784,OK,268,-13,816,816,555.47,358.1,765.54,353.64,691.57,435.78
1785,OK,276,-9,810,810,560.78,356.41,769.49,355.53,698.16,436.87
1786,OK,266,-19,817,817,556.75,348.8,767.09,352.66,687.4,428.73
1787,OK,271,-20,813,813,558.94,346.78,768.38,351.71,692.12,424.72
1788,OK,261,-29,828,828,552.89,347.26,766.27,346.85,690.93,423.92
1789,OK,261,-31,825,825,554.31,341.74,766.56,349.64,685.97,416.88
1790,OK,271,-22,813,813,558.2,341.6,767.48,349.47,691.37,423.22
1791,OK,270,-24,812,812,558.01,340.13,766.96,348.07,691.22,421.83
1792,OK,268,-24,813,813,555.35,341.24,764.55,347.53,688.74,421.59
1793,OK,272,-20,811,811,557.64,344.46,766.42,350.86,693.05,424.06
1794,OK,268,-14,810,810,554.18,349.29,762.76,352.13,688.23,433.26
1795,OK,267,-22,819,819,558.35,343.54,769.02,355.6,688.74,426.32
1796,OK,265,-17,813,813,554.49,348.02,763.89,354.58,684.15,427.04
1797,OK,261,-1,819,819,551.13,363.27,761.92,367.32,685.07,452.67
1798,OK,253,5,825,825,545.67,365.3,758.1,372.44,678.19,466.7
1799,OK,244,13,826,826,537.91,375.79,750.55,380.26,670.74,475.2
