k,status,x,y,w,h,rx,ry,lx,ly,nx,ny
0,FAILED,,,,,,,,,,
1,OK,156,-43,881,881,541.88,333.09,696.35,390.5,573.93,434.03
2,OK,201,-2,792,792,551.62,337.19,694.11,378.05,572.26,431.35
3,OK,235,19,732,732,563.51,330.47,694.5,370.18,573.9,420.87
4,OK,244,37,715,715,562.95,341.47,692.55,374.19,574.99,431.68
5,OK,237,27,732,732,563.35,341.12,696.46,373.65,577.69,430.03
6,OK,269,60,693,693,576.16,356.11,703.08,382.42,592.19,443.03
7,OK,269,53,694,694,578.72,345.85,704.17,379.42,591.08,437.84
8,OK,266,57,693,693,575.09,349.64,701.01,380.27,586.78,442.7
9,OK,292,71,654,654,589.0,345.47,706.3,379.96,590.42,434.38
10,OK,324,107,596,596,593.46,360.49,702.76,382.91,597.58,440.02
11,OK,318,111,597,597,584.31,367.31,695.03,382.11,594.29,443.85
12,OK,257,53,707,707,567.14,355.23,697.71,376.54,588.52,446.62
13,OK,186,-8,823,823,540.05,352.76,692.6,373.83,578.47,443.35
14,OK,224,41,750,750,543.8,377.82,684.12,379.86,585.4,453.48
15,OK,330,128,616,616,590.12,390.75,705.34,394.45,630.15,480.04
16,FILLED,330,128,616,616,,,,,,
17,OK,206,-19,870,870,568.43,355.9,727.04,391.96,634.53,460.02
18,OK,145,-72,845,845,507.49,307.09,662.35,339.09,549.25,378.45
19,OK,108,-34,877,877,472.88,349.17,635.76,369.32,538.25,448.91
20,OK,40,-46,933,933,426.84,367.34,601.16,372.86,499.22,471.02
21,OK,22,-47,937,937,408.52,372.39,583.74,370.8,485.08,471.85
22,OK,12,-60,961,961,406.97,378.48,586.5,370.43,489.04,467.37
23,OK,23,-45,966,966,421.07,388.19,601.61,383.96,502.51,491.5
24,OK,37,-10,987,987,444.8,426.25,629.29,428.26,524.74,538.79
25,OK,36,-10,1055,1055,469.19,444.56,665.89,459.64,559.45,582.41
26,OK,57,25,1061,1061,490.23,477.41,687.73,496.04,585.53,625.1
27,OK,64,23,1085,1085,507.65,484.07,708.68,511.47,605.65,632.43
28,OK,71,30,1066,1066,504.99,482.81,703.28,504.17,604.47,632.85
29,OK,63,24,1052,1052,493.42,474.27,689.36,491.62,588.56,617.92
30,OK,54,1,1061,1061,489.12,461.7,686.49,482.26,581.16,590.73
31,OK,54,0,1048,1048,484.07,455.67,679.03,475.87,574.82,582.29
32,OK,49,0,1049,1049,479.17,455.28,674.44,473.75,569.89,584.3
33,OK,40,-2,1057,1057,473.34,454.52,670.53,469.47,565.52,591.43
34,OK,36,-6,1062,1062,471.39,453.78,669.53,468.73,565.03,589.08
35,OK,42,-3,1052,1052,473.11,453.79,669.36,467.07,566.07,586.85
36,OK,42,-14,1056,1056,474.48,446.84,671.49,459.94,568.24,576.09
37,OK,46,-9,1048,1048,475.76,442.14,671.17,457.48,567.88,581.69
38,OK,49,-1,1032,1032,469.62,446.35,662.4,453.66,564.64,580.32
39,OK,31,-8,1046,1046,458.88,446.98,654.45,452.19,552.67,582.27
40,OK,25,-14,1054,1054,456.21,444.32,653.22,447.15,550.67,581.03
41,OK,39,-9,1041,1041,464.27,443.23,659.0,447.58,557.88,578.05
42,OK,48,-11,1033,1033,469.62,437.17,662.64,444.42,561.94,569.61
43,OK,55,-8,1015,1015,470.4,433.16,660.05,439.93,560.74,562.32
44,OK,58,-15,1020,1020,473.95,431.27,664.72,436.55,567.14,557.51
45,OK,52,-13,1020,1020,470.03,432.29,660.77,437.17,560.39,559.56
46,OK,42,-17,1041,1041,468.3,436.56,662.9,442.29,559.82,568.12
47,OK,36,-1,1037,1037,460.74,451.47,654.67,455.4,551.24,581.06
48,OK,31,4,1043,1043,461.04,456.04,655.81,467.72,546.28,589.68
49,OK,30,6,1056,1056,465.58,461.93,662.69,474.84,552.75,600.96
50,OK,32,17,1052,1052,467.03,469.68,663.15,484.56,552.53,609.49
51,OK,43,24,1041,1041,471.55,474.03,665.77,486.63,559.27,609.02
52,OK,39,20,1049,1049,471.61,473.41,667.19,489.66,557.17,608.35
53,OK,34,15,1063,1063,472.56,472.47,670.78,487.6,560.11,613.68
54,OK,32,14,1066,1066,471.11,474.54,669.85,489.18,560.19,612.44
55,OK,45,29,1034,1034,470.2,475.81,663.19,486.94,559.28,612.15
56,OK,33,31,1041,1041,461.64,478.56,656.11,487.32,548.48,620.39
57,OK,24,31,1051,1051,457.84,480.95,654.13,489.56,543.49,626.77
58,OK,23,29,1055,1055,457.21,484.23,654.39,489.73,544.27,625.4
59,OK,22,36,1045,1045,452.06,489.37,647.45,489.9,539.32,628.07
60,OK,24,40,1033,1033,449.16,487.43,642.44,486.63,535.7,626.71
61,OK,26,44,1025,1025,447.65,489.01,639.27,484.97,534.13,625.85
62,OK,24,41,1027,1027,445.55,487.38,637.57,482.71,532.88,624.23
63,OK,27,46,1020,1020,446.81,487.59,637.57,484.52,533.7,626.4
64,OK,25,49,1020,1020,445.03,491.6,635.8,488.02,531.02,629.29
65,OK,25,42,1025,1025,447.76,484.68,639.45,486.71,531.23,624.3
66,OK,30,31,1030,1030,455.75,474.31,648.28,482.64,539.58,614.77
67,OK,32,23,1037,1037,458.65,470.98,652.53,478.67,544.46,608.57
68,OK,25,11,1057,1057,460.46,467.0,657.94,475.74,548.78,607.96
69,OK,37,19,1043,1043,467.17,466.66,661.83,479.82,552.68,608.41
70,OK,36,21,1050,1050,468.46,473.99,664.48,486.61,556.53,613.21
71,OK,37,21,1059,1059,471.91,479.06,669.69,487.95,563.0,616.68
72,OK,47,16,1059,1059,478.25,479.25,676.19,482.9,575.76,609.75
73,OK,81,24,1031,1031,494.22,477.89,687.0,476.39,602.6,602.08
74,OK,47,15,1056,1056,474.02,483.48,671.47,478.92,579.0,606.72
75,OK,34,26,1050,1050,459.54,489.03,655.79,481.31,560.5,616.92
76,OK,22,36,1041,1041,445.68,493.7,640.03,482.63,542.52,624.4
77,OK,16,33,1050,1050,442.79,496.9,638.52,481.8,541.69,627.55
78,OK,8,32,1050,1050,438.03,492.82,634.07,482.72,531.21,626.24
79,OK,20,35,1025,1025,442.04,478.81,633.78,479.51,526.42,616.49
80,OK,23,21,1017,1017,447.96,459.06,637.69,472.98,521.1,592.28
81,OK,23,5,1039,1039,459.45,450.99,651.98,477.72,528.73,584.11
82,OK,17,-20,1073,1073,477.12,432.88,671.84,481.22,532.93,575.78
83,OK,-4,26,1023,1023,437.71,450.35,620.78,506.01,486.16,596.58
84,OK,-4,32,1057,1057,451.93,463.77,638.94,527.79,503.77,625.9
85,OK,9,30,1086,1086,473.16,477.12,667.24,537.22,534.3,640.41
86,OK,20,41,1067,1067,475.68,477.91,666.29,537.23,536.96,640.72
87,OK,13,36,1073,1073,469.82,475.21,662.56,530.89,533.03,642.12
88,OK,6,36,1061,1061,458.63,471.11,650.1,523.3,519.08,636.2
89,OK,13,33,1040,1040,450.47,467.89,641.4,505.49,521.67,620.05
90,OK,0,24,1047,1047,435.29,465.15,628.77,495.58,515.55,614.78
91,OK,-20,11,1062,1062,420.61,465.47,617.71,489.82,502.95,607.87
92,OK,-13,12,1069,1069,417.92,478.41,617.89,481.22,524.47,613.84
93,OK,-6,23,1058,1058,416.07,490.72,613.88,485.0,531.94,617.71
94,OK,-30,19,1064,1064,392.73,495.97,590.73,475.93,512.55,616.26
95,OK,-40,26,1063,1063,382.81,502.36,580.14,478.34,502.3,623.66
96,OK,-45,36,1057,1057,377.81,501.17,574.77,484.79,491.36,635.88
97,OK,-57,29,1064,1064,370.73,502.68,568.97,484.52,482.01,629.44
98,OK,-80,21,1076,1076,356.4,493.25,557.43,482.39,459.24,630.38
99,OK,-81,23,1066,1066,354.48,490.64,553.85,487.2,451.59,623.35
100,OK,-81,12,1084,1084,361.38,483.57,564.19,484.76,459.63,625.55
101,OK,-77,12,1083,1083,366.39,482.01,568.94,483.9,462.13,623.35
102,OK,-81,16,1072,1072,363.99,477.57,564.12,490.36,446.24,621.18
103,OK,-87,21,1064,1064,364.92,473.65,561.51,504.93,427.34,618.29
104,OK,-82,19,1080,1080,378.67,475.13,577.18,512.38,438.62,624.35
105,OK,-80,14,1098,1098,386.92,477.92,589.06,514.03,450.52,631.9
106,OK,-63,5,1093,1093,400.73,461.01,601.34,499.83,466.12,623.35
107,OK,-47,-2,1076,1076,409.73,446.24,606.72,487.41,474.46,607.06
108,OK,-51,-10,1081,1081,407.26,443.0,605.29,483.77,472.75,598.22
109,OK,-50,-17,1088,1088,408.63,441.71,608.77,477.93,480.63,595.25
110,OK,-49,-20,1087,1087,408.6,439.12,608.83,474.66,480.81,590.51
111,OK,-49,-21,1087,1087,408.03,437.24,608.3,472.47,481.63,589.43
112,OK,-46,-20,1081,1081,408.63,436.55,607.81,471.62,481.49,586.81
113,OK,-39,-20,1075,1075,411.86,434.47,609.99,469.11,485.21,584.12
114,OK,-45,-28,1086,1086,409.83,433.94,610.65,464.59,486.21,582.41
115,OK,-40,-28,1080,1080,411.54,431.96,611.44,461.26,489.97,579.07
116,OK,-30,-23,1070,1070,416.4,432.16,614.52,460.65,495.02,579.53
117,OK,-21,-26,1064,1064,420.53,428.35,617.97,453.15,502.78,573.0
118,OK,-17,-21,1054,1054,421.32,429.07,616.92,453.14,502.39,571.78
119,OK,-26,-30,1068,1068,419.52,425.13,617.45,452.31,499.24,570.69
120,OK,-21,-32,1068,1068,421.66,423.94,619.7,450.02,506.34,568.67
121,OK,-24,-32,1062,1062,416.02,423.34,613.19,447.07,501.33,564.73
122,OK,-24,-32,1057,1057,412.84,420.9,609.1,445.36,498.2,560.0
123,OK,-28,-38,1069,1069,410.69,425.88,609.86,443.42,502.75,558.79
124,OK,-17,-33,1056,1056,415.79,424.54,612.48,442.46,509.33,558.26
125,OK,1,-27,1043,1043,426.17,423.66,620.42,442.14,521.21,556.59
126,OK,5,-26,1045,1045,430.76,425.37,625.53,441.83,526.89,559.08
127,OK,4,-33,1059,1059,436.38,422.86,633.53,440.98,532.39,561.76
128,OK,11,-35,1040,1040,437.63,411.89,630.98,433.54,528.72,547.33
129,OK,3,-59,1052,1052,431.41,400.29,627.3,418.0,529.91,526.57
130,OK,-9,-54,1051,1051,420.29,400.78,615.56,423.35,515.85,530.42
131,OK,-43,-60,1061,1061,388.78,406.33,586.87,417.05,486.24,528.62
132,OK,-57,-46,1050,1050,370.08,419.35,566.44,420.79,468.69,539.46
133,OK,-87,-43,1069,1069,348.1,432.89,547.98,428.72,447.67,552.86
134,OK,-92,-35,1055,1055,337.01,432.59,534.24,424.99,436.21,556.53
135,OK,-123,-37,1075,1075,314.47,446.16,515.17,433.02,414.29,562.31
136,OK,-114,-4,1035,1035,306.24,456.98,499.4,444.39,403.78,576.42
137,OK,-139,-12,1061,1061,290.27,459.99,488.16,444.24,393.36,584.8
138,OK,-158,-17,1075,1075,274.91,466.14,474.57,442.32,383.4,585.82
139,OK,-180,-32,1091,1091,261.99,463.99,464.42,437.85,368.77,576.72
140,OK,-183,-36,1093,1093,258.34,460.84,460.52,430.73,368.24,575.52
141,OK,-189,-45,1092,1092,255.22,451.62,457.71,424.83,359.45,565.63
142,OK,-181,-41,1086,1086,260.71,451.91,462.22,426.14,363.73,565.3
143,OK,-169,-35,1085,1085,272.19,450.22,474.35,432.06,373.68,573.79
144,OK,-144,-25,1057,1057,284.66,450.32,481.23,430.08,385.75,567.6
145,OK,-132,-26,1053,1053,295.51,446.7,491.62,427.91,394.93,564.02
146,OK,-117,-28,1048,1048,308.31,444.95,503.24,424.54,408.67,557.75
147,OK,-105,-25,1034,1034,315.11,441.6,507.52,422.39,413.41,552.05
148,OK,-103,-32,1052,1052,323.71,440.83,519.61,423.5,424.6,556.66
149,OK,-107,-36,1058,1058,322.87,439.57,519.84,421.12,423.97,556.14
150,OK,-98,-38,1052,1052,329.15,436.2,525.17,419.72,429.08,549.79
151,OK,-93,-31,1047,1047,332.05,437.36,527.32,422.47,431.42,555.27
152,OK,-101,-30,1073,1073,333.38,451.1,533.68,439.14,437.27,567.75
153,OK,-93,-13,1064,1064,338.24,458.82,537.08,449.38,441.48,584.2
154,OK,-107,-16,1098,1098,340.51,472.86,545.86,468.36,441.19,595.47
155,OK,-84,8,1069,1069,353.8,478.2,553.73,480.91,446.71,605.06
156,OK,-63,3,1077,1077,377.74,470.33,579.05,477.57,473.46,608.24
157,OK,-59,-2,1086,1086,386.78,470.3,589.7,480.3,481.43,608.14
158,OK,-43,19,1078,1078,400.64,482.99,601.5,500.31,492.27,625.55
159,OK,-39,25,1076,1076,401.84,490.73,602.6,503.48,496.6,630.41
160,OK,-48,26,1084,1084,396.56,492.1,598.74,506.91,490.51,636.8
161,OK,-35,50,1055,1055,397.38,500.82,594.2,515.93,489.78,645.83
162,OK,-40,59,1052,1052,390.24,510.61,586.79,520.86,485.17,655.14
163,OK,-36,67,1049,1049,392.72,515.66,588.48,527.12,487.39,662.22
164,OK,-39,70,1052,1052,390.47,518.5,586.94,527.39,487.25,669.9
165,OK,-39,73,1050,1050,389.38,523.07,585.66,531.27,486.36,670.53
166,OK,-47,63,1062,1062,385.54,519.6,584.05,525.86,483.82,665.91
167,OK,-63,31,1077,1077,375.31,498.42,576.69,499.64,475.79,639.71
168,OK,-95,-1,1094,1094,353.62,477.07,558.23,478.45,449.93,615.29
169,OK,-109,-16,1095,1095,335.08,468.81,539.72,460.08,439.24,598.83
170,OK,-128,1,1046,1046,298.99,465.07,494.06,449.85,393.97,592.05
171,OK,-141,1,1038,1038,282.47,461.08,475.86,443.45,377.49,588.3
172,OK,-158,-21,1058,1058,271.78,455.39,468.63,434.98,373.33,572.18
173,OK,-156,-18,1051,1051,271.62,454.43,467.09,433.49,370.21,571.17
174,OK,-141,0,1035,1035,282.86,459.29,475.83,444.59,374.19,582.89
175,OK,-131,-6,1036,1036,296.39,454.01,489.91,443.77,381.86,576.8
176,OK,-110,-22,1028,1028,316.77,437.97,508.86,428.1,397.18,552.18
177,OK,-119,-59,1074,1074,323.92,423.23,524.56,413.59,412.54,538.42
178,OK,-77,-78,1024,1024,344.32,386.31,535.67,380.61,430.21,485.63
179,OK,-50,-79,985,985,355.81,370.75,539.75,361.93,436.36,460.26
180,OK,-11,-64,940,940,380.1,357.84,555.85,355.94,452.0,455.23
181,OK,27,-58,901,901,399.98,349.08,568.55,350.46,469.91,435.49
182,OK,74,-40,843,843,423.31,342.05,580.92,344.05,489.11,419.75
183,OK,76,-44,876,876,440.13,346.92,603.62,358.12,507.57,435.82
184,OK,66,-47,899,899,436.61,358.76,604.64,363.55,510.45,444.09
185,OK,39,-56,932,932,426.05,364.84,600.3,368.54,498.04,454.99
186,OK,11,-55,979,979,414.72,381.84,597.74,384.29,494.44,485.42
187,OK,-6,-21,984,984,397.44,412.69,581.43,413.92,483.87,530.03
188,OK,-39,-28,1032,1032,384.09,428.08,577.15,426.5,473.69,550.52
189,OK,-53,0,1055,1055,377.54,463.65,574.84,462.84,472.9,591.01
190,OK,-80,29,1079,1079,362.1,495.37,563.95,497.68,456.09,641.1
191,OK,-73,57,1077,1077,368.33,522.35,569.63,527.24,462.97,666.02
192,OK,-65,59,1069,1069,371.46,521.22,571.27,525.4,468.26,664.11
193,OK,-62,46,1072,1072,376.46,506.69,576.88,514.02,472.16,654.65
194,OK,-68,21,1079,1079,377.14,484.62,578.61,495.2,465.83,630.26
195,OK,-59,11,1089,1089,389.53,480.04,592.78,493.03,479.5,624.55
196,OK,-28,24,1065,1065,411.03,481.3,609.52,498.19,499.34,623.22
197,OK,5,66,1040,1040,431.56,507.7,625.18,527.08,522.0,656.37
198,OK,-2,94,1054,1054,430.23,540.28,626.94,551.54,522.67,696.33
199,OK,-9,77,1101,1101,443.1,543.27,648.4,558.68,536.97,703.56
200,OK,-9,85,1103,1103,444.98,550.53,650.35,570.27,536.85,713.6
201,OK,-9,112,1108,1108,448.86,576.09,654.83,599.61,539.22,745.4
202,OK,-10,122,1114,1114,447.36,589.7,654.96,607.68,543.28,759.48
203,OK,-10,122,1110,1110,446.78,587.99,653.38,607.89,540.91,756.33
204,OK,-12,115,1115,1115,446.17,583.47,653.79,602.3,540.15,751.16
205,OK,-4,122,1093,1093,449.18,578.44,651.94,604.25,535.29,746.1
206,OK,-3,115,1096,1096,450.08,571.94,653.41,597.6,538.39,742.28
207,OK,-5,103,1090,1090,445.18,562.18,647.76,584.3,533.91,723.11
208,OK,-13,94,1097,1097,439.51,554.6,643.44,576.72,529.27,719.26
209,OK,-15,88,1071,1071,423.23,547.29,623.36,556.12,516.95,695.14
210,OK,-26,61,1064,1064,409.71,525.64,608.57,530.37,504.3,659.95
211,OK,-58,31,1085,1085,387.48,503.06,590.36,504.37,479.19,644.17
212,OK,-61,29,1085,1085,384.0,503.42,586.76,497.87,477.23,642.3
213,OK,-63,14,1100,1100,387.9,494.33,593.67,493.56,483.85,635.24
214,OK,-46,14,1084,1084,400.25,487.31,602.82,494.71,491.34,622.09
215,OK,-44,15,1085,1085,401.99,485.67,604.7,496.29,492.73,624.97
216,OK,-42,18,1083,1083,404.15,486.24,606.23,499.62,493.33,625.88
217,OK,-44,13,1091,1091,404.01,484.42,607.53,497.58,496.36,626.22
218,OK,-31,19,1072,1072,409.26,481.74,609.43,491.87,502.08,623.87
219,OK,-21,13,1068,1068,417.82,474.25,617.08,488.03,509.07,612.91
220,OK,-13,4,1053,1053,418.44,459.35,614.91,474.01,509.92,594.33
221,OK,-33,-18,1071,1071,405.07,447.59,605.31,455.11,500.8,584.21
222,OK,-49,-22,1062,1062,384.42,451.88,583.02,445.91,482.06,570.74
223,OK,-60,-11,1053,1053,370.14,457.97,566.84,447.8,464.73,578.41
224,OK,-82,-13,1065,1065,355.17,460.17,554.27,458.08,445.43,579.36
225,OK,-95,-19,1073,1073,345.34,458.18,546.06,455.22,437.64,578.13
226,OK,-95,-22,1063,1063,339.57,450.33,538.36,443.76,433.25,571.48
227,OK,-95,-43,1074,1074,343.93,443.0,544.59,432.68,440.62,551.64
228,OK,-71,-40,1050,1050,357.2,433.62,553.35,424.06,453.94,542.57
229,OK,-54,-33,1034,1034,366.79,432.97,559.93,425.03,463.47,540.58
230,OK,-34,-31,1029,1029,385.51,424.71,577.92,423.6,480.26,541.95
231,OK,-40,-35,1051,1051,392.87,424.01,589.18,435.11,480.59,550.64
232,OK,4,-6,1005,1005,416.67,429.09,603.84,446.41,503.04,555.69
233,OK,-2,-6,1030,1030,422.37,437.28,614.0,456.34,507.9,573.06
234,OK,-7,-12,1046,1046,424.88,436.38,619.34,457.25,509.96,575.96
235,OK,-14,-21,1059,1059,422.62,431.89,619.94,449.83,509.22,576.21
236,OK,-10,-27,1053,1053,424.52,425.22,620.6,444.13,509.72,565.01
237,OK,-2,-27,1041,1041,426.55,421.05,620.21,440.53,513.1,556.16
238,OK,-12,-34,1059,1059,422.69,422.23,620.05,438.17,513.17,560.39
239,OK,-8,-33,1048,1048,421.78,420.78,617.18,435.41,512.87,554.08
240,OK,-6,-33,1043,1043,420.97,418.74,615.53,432.44,512.64,551.41
241,OK,-8,-34,1044,1044,420.53,417.5,615.1,434.22,510.27,551.22
242,OK,-7,-34,1044,1044,420.95,418.56,615.77,432.66,513.28,551.61
243,OK,-6,-33,1041,1041,420.35,419.01,614.42,434.72,511.12,549.04
244,OK,-6,-35,1043,1043,420.45,419.09,615.1,432.56,513.23,547.13
245,OK,-3,-33,1041,1041,421.58,420.31,615.93,432.81,516.26,547.87
246,OK,-5,-33,1042,1042,420.78,421.35,615.34,433.71,514.51,549.94
247,OK,-9,-37,1048,1048,419.64,421.03,615.28,432.28,514.39,548.75
248,OK,-14,-42,1060,1060,418.75,422.33,616.72,432.85,515.98,549.59
249,OK,-11,-39,1054,1054,418.61,422.79,615.46,433.07,515.27,549.31
250,OK,-13,-38,1055,1055,416.47,424.48,613.66,433.12,513.82,549.74
251,OK,-14,-37,1055,1055,415.66,425.29,612.74,433.77,512.43,550.87
252,OK,-16,-40,1059,1059,414.58,424.42,612.5,431.52,513.49,550.11
253,OK,-15,-40,1054,1054,413.84,424.54,610.89,430.45,513.24,547.65
254,OK,-15,-39,1052,1052,412.53,425.32,609.26,429.41,512.99,547.51
255,OK,-12,-37,1047,1047,412.57,425.07,608.32,428.39,513.36,546.28
256,OK,-10,-36,1044,1044,412.9,424.91,608.21,428.41,514.0,545.71
257,OK,-11,-37,1047,1047,412.68,425.53,608.56,428.51,513.7,546.18
258,OK,-11,-38,1049,1049,413.29,426.25,609.53,428.46,515.63,545.58
259,OK,-11,-39,1050,1050,414.35,425.63,610.76,429.76,515.89,545.99
260,OK,-11,-38,1051,1051,414.2,425.65,610.76,429.58,515.81,546.64
261,OK,-10,-37,1048,1048,414.4,426.44,610.44,429.6,516.81,547.58
262,OK,-11,-39,1053,1053,414.83,426.31,611.66,429.97,517.93,547.7
263,OK,-8,-35,1043,1043,414.07,425.32,609.17,429.15,515.04,546.19
264,OK,-11,-36,1045,1045,412.46,425.88,607.91,428.41,512.79,545.47
265,OK,-16,-39,1050,1050,410.06,425.0,606.34,428.28,509.88,545.77
266,OK,-17,-38,1051,1051,409.73,425.73,606.21,428.64,509.82,546.84
267,OK,-16,-38,1052,1052,410.08,427.07,606.82,428.68,512.11,549.02
268,OK,-12,-34,1047,1047,410.73,428.64,606.62,428.89,513.84,549.73
269,OK,-13,-35,1049,1049,410.84,428.49,606.95,429.32,513.33,550.95
270,OK,-15,-36,1050,1050,410.29,427.97,606.64,428.92,513.06,550.58
271,OK,-20,-36,1051,1051,405.79,429.71,602.37,429.08,507.63,550.37
272,OK,-21,-35,1048,1048,403.29,430.38,599.3,427.88,506.47,549.91
273,OK,-26,-37,1050,1050,400.04,430.66,596.44,428.08,501.69,547.68
274,OK,-26,-36,1055,1055,401.13,431.43,598.51,430.45,502.78,551.96
275,OK,-33,-40,1068,1068,399.89,433.12,599.71,432.81,502.88,556.74
276,OK,-33,-39,1067,1067,399.3,432.84,598.91,432.86,501.01,556.8
277,OK,-46,-38,1073,1073,389.93,439.18,590.47,432.63,491.37,561.01
278,OK,-51,-41,1074,1074,386.2,437.93,586.84,430.16,486.79,558.36
279,OK,-50,-37,1060,1060,382.72,435.91,580.92,429.18,479.83,554.31
280,OK,-62,-19,1056,1056,371.09,447.65,568.37,440.43,464.21,574.75
281,OK,-75,-24,1047,1047,357.34,441.93,553.1,437.09,441.12,558.94
282,OK,-85,-31,1060,1060,352.7,440.8,550.84,434.66,438.33,561.23
283,OK,-83,-25,1059,1059,354.74,442.89,552.83,438.08,439.83,568.06
284,OK,-85,-33,1070,1070,357.01,442.07,557.11,437.59,444.23,566.0
285,OK,-84,-28,1065,1065,355.76,443.82,554.92,437.67,442.54,567.27
286,OK,-79,-25,1059,1059,356.86,444.62,554.87,437.4,445.52,568.94
287,OK,-72,-19,1055,1055,361.05,448.72,558.18,439.73,452.14,573.3
288,OK,-73,-27,1067,1067,363.42,445.65,562.79,436.41,457.77,572.47
289,OK,-64,-23,1055,1055,366.98,444.34,564.08,435.82,462.0,569.38
290,OK,-60,-19,1049,1049,367.95,446.3,563.78,435.76,463.67,570.33
291,OK,-55,-16,1042,1042,370.07,446.4,564.74,436.04,466.46,570.06
292,OK,-58,-21,1050,1050,369.44,446.86,565.51,435.18,466.59,568.3
293,OK,-55,-19,1047,1047,370.83,446.32,566.28,435.4,468.51,567.77
294,OK,-55,-17,1043,1043,369.25,445.93,563.95,435.52,465.44,567.86
295,OK,-59,-22,1053,1053,369.47,446.02,566.02,434.92,466.76,567.91
296,OK,-54,-19,1046,1046,371.46,446.7,566.79,434.94,468.89,567.73
297,OK,-53,-21,1048,1048,372.91,446.16,568.53,434.16,471.4,567.27
298,OK,-53,-23,1051,1051,373.4,445.33,569.54,433.14,472.92,565.85
299,OK,-50,-21,1047,1047,374.32,445.06,569.7,433.06,474.25,566.32
300,OK,-53,-24,1049,1049,373.29,444.86,568.98,432.06,472.72,563.11
301,OK,-48,-22,1043,1043,374.84,443.46,569.45,431.35,474.16,561.82
302,OK,-55,-29,1053,1053,372.93,442.45,569.45,430.42,471.79,559.21
303,OK,-58,-31,1058,1058,371.82,442.71,569.17,429.62,471.7,560.71
304,OK,-53,-28,1050,1050,373.97,442.0,569.88,429.78,473.8,559.07
305,OK,-51,-27,1048,1048,374.08,442.96,569.62,429.33,474.87,558.17
306,OK,-51,-27,1049,1049,374.24,442.22,570.08,429.49,474.27,558.58
307,OK,-51,-29,1050,1050,375.18,442.01,571.13,428.94,475.49,557.25
308,OK,-49,-24,1045,1045,374.27,443.15,569.26,430.06,474.77,559.62
309,OK,-52,-26,1048,1048,373.64,443.42,569.2,429.27,474.45,559.69
310,OK,-48,-20,1041,1041,373.89,446.4,568.02,432.51,474.15,562.08
311,OK,-48,-16,1038,1038,373.07,447.0,566.76,433.06,473.71,566.42
312,OK,-52,-16,1044,1044,372.42,449.25,567.22,435.76,471.45,570.18
313,OK,-59,-19,1069,1069,376.29,456.29,576.04,450.02,475.32,578.52
314,OK,-51,0,1068,1068,384.16,474.68,583.87,472.4,482.29,595.57
315,OK,-49,13,1083,1083,392.47,488.11,595.0,488.26,491.48,621.56
316,OK,-10,62,1053,1053,420.79,511.39,616.87,529.33,513.72,657.23
317,OK,5,97,1047,1047,431.86,539.21,627.01,554.53,527.79,694.95
318,OK,8,88,1072,1072,445.97,541.82,645.7,559.85,543.06,699.07
319,OK,7,82,1080,1080,449.57,537.14,650.62,555.83,545.45,698.56
320,OK,12,85,1071,1071,450.55,536.06,650.02,554.79,545.21,696.2
321,OK,16,90,1057,1057,448.06,534.72,645.01,550.92,542.43,693.82
322,OK,25,96,1032,1032,446.59,531.18,639.13,545.81,540.65,686.3
323,OK,26,104,1019,1019,440.68,534.81,630.99,545.77,535.81,685.83
324,OK,11,92,1026,1026,428.93,531.82,620.59,539.5,523.49,674.93
325,OK,0,79,1034,1034,419.99,529.25,613.39,530.53,517.67,662.19
326,OK,-14,69,1043,1043,409.4,523.24,604.46,523.66,508.33,657.97
327,OK,-36,55,1064,1064,397.44,516.95,596.34,514.61,496.53,658.47
328,OK,-35,63,1049,1049,392.04,518.84,588.18,515.76,489.46,657.05
329,OK,-36,61,1050,1050,392.44,516.71,588.78,517.24,488.8,655.99
330,OK,-41,62,1057,1057,390.4,519.62,588.05,520.17,486.27,661.9
331,OK,-34,64,1061,1061,399.1,522.2,597.4,526.46,494.44,665.11
332,OK,-17,79,1043,1043,408.4,531.46,603.39,534.32,502.39,669.07
333,OK,-10,90,1041,1041,415.02,535.98,609.65,542.59,508.03,681.24
334,OK,-7,91,1038,1038,418.67,535.69,612.7,543.69,509.23,680.51
335,OK,13,100,1014,1014,427.69,534.72,617.18,543.72,519.16,675.12
336,OK,2,83,1036,1036,423.97,528.73,617.65,531.19,520.05,673.34
337,OK,-3,79,1038,1038,420.11,527.76,614.27,531.28,515.85,668.27
338,OK,-1,80,1029,1029,418.11,527.37,610.55,528.29,513.59,661.23
339,OK,-3,75,1032,1032,417.42,522.42,610.36,526.86,513.91,659.25
340,OK,-18,60,1045,1045,407.71,514.9,603.09,516.88,503.01,648.33
341,OK,-41,40,1072,1072,396.44,507.64,596.85,505.69,494.37,645.72
342,OK,-39,42,1062,1062,396.54,502.89,595.06,507.82,488.87,642.18
343,OK,-43,37,1069,1069,393.6,503.8,593.46,500.97,489.93,639.8
344,OK,-60,5,1107,1107,391.1,489.93,598.07,487.18,492.28,628.95
345,OK,-39,12,1073,1073,397.31,483.17,598.07,482.79,497.2,614.29
346,OK,-44,7,1080,1080,395.13,483.36,597.05,481.38,495.97,613.48
347,OK,-63,-3,1107,1107,387.24,484.33,594.16,480.71,490.04,618.3
348,OK,-62,1,1098,1098,386.77,483.77,592.04,484.16,485.45,617.42
349,OK,-63,8,1099,1099,384.67,488.92,590.11,485.73,485.21,628.28
350,OK,-67,13,1098,1098,381.46,492.75,586.66,487.06,481.01,634.21
351,OK,-62,14,1093,1093,383.17,490.66,587.48,487.12,482.78,631.61
352,OK,-60,15,1083,1083,381.63,492.56,584.04,488.06,480.91,623.63
353,OK,-51,21,1058,1058,380.0,489.89,577.89,485.56,477.49,612.59
354,OK,-54,20,1059,1059,377.42,483.83,575.39,483.28,474.31,616.1
355,OK,-70,12,1065,1065,365.3,483.36,564.38,477.6,459.52,609.23
356,OK,-55,6,1062,1062,377.37,479.56,575.78,471.92,476.72,598.95
357,OK,-56,6,1080,1080,386.42,482.04,588.35,482.88,481.96,610.83
358,OK,-49,14,1093,1093,396.73,491.09,601.23,492.06,496.53,629.18
359,OK,-26,31,1074,1074,412.83,493.19,613.6,499.41,509.62,639.8
360,OK,-20,29,1068,1068,415.92,489.69,615.55,497.51,512.84,633.2
361,OK,-26,22,1068,1068,410.74,485.87,610.29,494.08,505.84,623.74
362,OK,-33,17,1075,1075,405.93,483.36,606.89,488.49,501.69,622.48
363,OK,-38,4,1076,1076,401.78,475.6,602.97,480.23,498.33,607.27
364,OK,-37,-1,1071,1071,399.44,468.88,599.76,471.15,497.56,599.58
365,OK,-44,-10,1075,1075,393.62,464.47,594.65,465.43,491.89,589.97
366,OK,-48,-4,1067,1067,387.9,464.62,587.53,467.18,482.33,592.4
367,OK,-44,6,1065,1065,389.21,475.65,588.38,473.01,488.4,601.9
368,OK,-60,11,1082,1082,381.49,486.3,583.78,482.33,480.79,620.47
369,OK,-62,15,1081,1081,379.18,489.5,581.31,485.42,477.38,622.88
370,OK,-63,12,1083,1083,378.14,487.03,580.6,482.65,477.47,622.43
371,OK,-53,14,1066,1066,381.78,479.11,581.13,481.5,478.61,614.7
372,OK,-44,9,1057,1057,386.9,472.02,584.56,474.49,483.25,602.26
373,OK,-44,1,1059,1059,387.13,468.3,585.2,468.75,484.23,592.92
374,OK,-50,-9,1069,1069,385.96,461.66,585.93,463.01,482.92,589.19
375,OK,-43,-5,1057,1057,387.73,459.99,585.4,460.8,484.65,585.71
376,OK,-44,1,1067,1067,390.43,473.05,589.88,470.9,489.73,596.8
377,OK,-62,2,1096,1096,386.69,479.81,591.71,482.41,483.77,619.09
378,OK,-54,8,1082,1082,389.17,482.69,591.44,485.76,484.46,615.72
379,OK,-48,6,1082,1082,393.74,481.95,596.04,482.8,491.41,612.54
380,OK,-44,6,1074,1074,394.85,476.82,595.62,479.66,491.91,607.94
381,OK,-45,-5,1076,1076,395.37,466.56,596.52,471.9,490.87,597.6
382,OK,-46,-8,1067,1067,389.51,460.6,589.12,463.62,485.73,588.39
383,OK,-45,-8,1062,1062,388.44,459.83,587.04,461.32,485.94,586.57
384,OK,-47,-2,1072,1072,390.6,469.13,591.07,469.36,487.65,600.07
385,OK,-55,8,1070,1070,384.69,477.01,584.73,481.78,476.84,608.01
386,OK,-55,10,1078,1078,386.92,480.31,588.39,486.44,480.46,615.98
387,OK,-69,-1,1104,1104,384.56,478.1,590.87,486.06,479.06,620.41
388,OK,-45,-7,1074,1074,395.25,464.13,595.83,473.18,489.49,593.02
389,OK,-35,-12,1056,1056,399.51,446.41,596.35,462.26,488.82,579.29
390,OK,-23,-18,1043,1043,405.01,434.88,599.48,449.0,495.13,565.4
391,OK,-24,-24,1045,1045,403.81,432.62,598.79,444.94,495.49,558.71
392,OK,-30,-17,1045,1045,398.23,438.04,593.34,450.35,489.85,566.5
393,OK,-46,-16,1055,1055,386.66,447.07,583.82,452.16,478.63,572.58
394,OK,-44,-8,1055,1055,388.67,454.78,585.9,461.37,479.92,580.38
395,OK,-49,-7,1062,1062,385.17,459.98,583.79,462.44,479.61,586.82
396,OK,-45,-2,1056,1056,386.49,463.18,583.96,464.97,482.04,588.55
397,OK,-45,-4,1060,1060,387.42,463.45,585.66,464.97,484.15,588.3
398,OK,-51,-9,1071,1071,386.61,461.96,586.93,466.1,481.54,588.37
399,OK,-40,4,1055,1055,391.29,466.49,588.45,471.18,485.94,594.67
400,OK,-50,11,1057,1057,384.64,472.95,582.15,480.37,472.83,602.65
401,OK,-64,14,1058,1058,377.38,473.32,574.74,486.37,455.4,606.88
402,OK,-73,18,1060,1060,370.9,475.53,568.61,490.04,444.63,613.55
403,OK,-74,16,1061,1061,369.59,474.53,567.62,487.91,444.95,611.72
404,OK,-67,8,1070,1070,377.04,472.58,576.9,483.73,460.52,609.54
405,OK,-43,5,1066,1066,391.56,474.68,590.88,474.93,488.85,601.32
406,OK,-27,3,1061,1061,400.63,472.71,599.04,466.18,507.36,598.04
407,OK,-30,-6,1066,1066,398.26,464.65,597.44,457.98,508.3,593.94
408,OK,-42,-6,1072,1072,390.63,468.85,590.99,461.29,498.33,596.73
409,OK,-56,5,1076,1076,382.14,477.38,583.44,476.55,483.09,610.71
410,OK,-53,11,1059,1059,380.2,475.3,578.18,477.71,473.85,605.14
411,OK,-52,-2,1066,1066,382.74,469.41,582.01,468.66,480.73,594.66
412,OK,-52,-4,1060,1060,382.14,464.69,580.37,464.75,476.03,587.32
413,OK,-47,-8,1054,1054,384.64,459.19,581.75,459.16,478.58,579.82
414,OK,-52,-9,1068,1068,385.17,461.93,584.86,462.78,479.94,588.47
415,OK,-45,-1,1068,1068,392.31,469.81,592.1,473.54,487.19,594.34
416,OK,-40,3,1077,1077,398.12,478.45,599.59,477.53,498.63,605.65
417,OK,-43,-13,1081,1081,396.95,466.09,599.18,468.68,496.1,587.96
418,OK,-49,-14,1072,1072,388.48,458.28,589.02,461.86,485.31,584.39
419,OK,-44,-9,1060,1060,390.34,460.65,588.45,466.51,483.84,579.46
420,OK,-48,-2,1056,1056,386.04,467.48,583.46,469.3,477.09,583.85
421,OK,-42,13,1044,1044,386.5,477.02,581.66,475.98,476.47,594.45
422,OK,-63,10,1073,1073,380.45,479.68,581.03,483.96,467.13,611.27
423,OK,-55,7,1061,1061,382.01,471.81,580.4,477.2,470.54,599.82
424,OK,-63,-6,1065,1065,374.18,463.13,573.36,463.69,465.23,590.05
425,OK,-64,-10,1035,1035,361.21,447.86,554.82,443.57,448.31,569.44
426,OK,-76,-29,1045,1045,354.37,438.89,549.64,431.58,441.13,552.43
427,OK,-75,-42,1044,1044,352.0,436.34,546.65,420.77,446.02,533.3
428,OK,-72,-38,1057,1057,357.41,439.03,554.64,425.16,457.65,549.09
429,OK,-50,-16,1045,1045,368.81,455.99,563.03,433.54,479.7,568.19
430,OK,-61,-19,1062,1062,365.41,460.84,562.45,435.94,477.05,575.95
431,OK,-65,-17,1052,1052,361.81,456.96,557.91,441.53,463.63,569.23
432,OK,-67,-24,1038,1038,357.8,447.59,551.64,436.29,449.98,548.39
433,OK,-77,-43,1055,1055,359.47,422.58,556.71,425.95,442.52,545.35
434,OK,-73,-67,1055,1055,365.33,403.39,562.66,406.58,445.66,516.33
435,OK,-62,-65,1051,1051,372.77,403.16,569.4,404.33,456.84,516.53
436,OK,-39,-45,1028,1028,383.8,410.51,576.12,413.39,471.02,526.32
437,OK,-48,-35,1039,1039,378.32,428.24,572.53,424.08,467.47,543.18
438,OK,-62,-29,1052,1052,368.48,438.07,565.06,431.33,461.9,561.0
439,OK,-71,-28,1059,1059,364.65,437.57,562.74,436.52,453.69,566.06
440,OK,-79,-32,1056,1056,360.92,430.3,558.27,436.6,439.26,559.22
441,OK,-76,-44,1055,1055,363.0,419.05,560.1,426.8,440.54,543.16
442,OK,-79,-76,1064,1064,363.89,399.21,562.94,402.35,443.26,511.97
443,OK,-70,-79,1047,1047,363.69,386.67,559.42,388.56,444.52,500.81
444,OK,-70,-84,1029,1029,354.43,374.54,546.86,371.4,438.46,487.48
445,OK,-75,-98,1030,1030,350.61,366.14,543.2,362.01,434.78,470.14
446,OK,-68,-93,1024,1024,351.61,370.25,542.86,360.93,441.1,473.4
447,OK,-74,-83,1036,1036,348.64,380.88,542.1,369.56,443.18,494.95
448,OK,-93,-81,1069,1069,345.71,401.58,545.32,389.81,438.01,511.07
449,OK,-94,-47,1058,1058,343.28,424.06,541.11,418.3,429.74,543.05
450,OK,-87,-27,1054,1054,348.86,437.5,546.05,437.05,432.74,563.83
451,OK,-89,-20,1058,1058,352.23,440.73,549.93,447.48,429.85,575.87
452,OK,-84,-31,1061,1061,359.02,438.61,557.32,444.79,434.29,558.24
453,OK,-76,-34,1052,1052,366.6,426.31,563.12,436.66,436.22,553.06
454,OK,-61,-67,1054,1054,381.11,397.65,577.82,410.79,453.77,516.35
455,OK,-47,-67,1027,1027,382.93,385.24,574.84,394.0,454.16,502.44
456,OK,-38,-74,1006,1006,383.84,371.49,571.89,378.98,453.94,482.99
457,OK,-50,-77,1012,1012,373.23,373.91,562.4,377.31,445.38,484.29
458,OK,-52,-79,1012,1012,364.91,374.73,554.1,369.4,448.59,482.61
459,OK,-65,-82,1032,1032,360.64,378.13,553.69,376.08,446.21,492.28
460,OK,-64,-80,1043,1043,362.13,386.07,557.14,382.75,455.22,498.39
461,OK,-73,-80,1049,1049,356.6,386.76,552.74,383.88,448.89,503.2
462,OK,-74,-74,1046,1046,356.71,394.8,552.28,395.23,444.83,504.45
463,OK,-71,-75,1042,1042,360.47,393.95,555.23,396.99,443.43,496.65
464,OK,-66,-67,1045,1045,367.22,398.64,562.51,404.57,447.94,508.8
465,OK,-61,-57,1031,1031,366.76,406.82,559.51,409.03,446.78,509.49
466,OK,-45,-28,1014,1014,373.53,425.81,563.22,425.39,457.03,532.66
467,OK,-40,-17,1002,1002,375.79,428.85,563.12,429.83,453.71,540.47
468,OK,-55,-39,1064,1064,384.0,431.32,582.87,436.04,472.08,553.34
469,OK,-47,-25,1060,1060,387.92,442.57,586.19,446.73,479.09,565.42
470,OK,-21,-9,1057,1057,405.68,459.86,603.42,459.71,511.26,578.54
471,OK,-4,20,1041,1041,413.01,481.16,607.67,475.09,522.87,602.62
472,OK,-9,32,1037,1037,403.18,496.17,596.32,478.19,519.26,614.42
473,OK,-27,44,1035,1035,386.29,507.96,578.44,483.89,499.57,626.21
474,OK,-27,52,1030,1030,384.77,514.0,575.84,490.06,497.54,632.51
475,OK,-46,44,1042,1042,373.05,514.02,566.24,488.36,481.49,630.55
476,OK,-53,42,1044,1044,367.7,512.13,561.26,486.76,475.5,629.96
477,OK,-63,36,1053,1053,362.21,498.24,558.79,486.46,465.79,633.54
478,OK,-81,27,1064,1064,351.61,494.18,550.29,482.18,451.52,631.5
479,OK,-74,22,1058,1058,356.93,489.34,554.52,480.44,454.85,618.11
480,OK,-67,21,1059,1059,363.82,488.37,561.86,481.67,461.9,615.8
481,OK,-59,13,1062,1062,374.3,483.92,572.87,478.8,470.83,607.12
482,OK,-56,21,1063,1063,375.73,485.69,574.54,482.63,475.46,620.19
483,OK,-46,23,1049,1049,380.01,486.56,576.14,480.69,478.97,612.07
484,OK,-46,27,1044,1044,380.87,488.44,576.21,486.97,475.2,611.63
485,OK,-51,21,1054,1054,378.99,484.27,576.08,482.44,475.77,614.06
486,OK,-50,21,1052,1052,380.88,479.38,577.65,482.68,474.26,613.3
487,OK,-44,10,1050,1050,387.37,470.39,583.7,475.5,478.21,597.95
488,OK,-39,4,1045,1045,389.18,463.42,584.55,467.37,479.94,588.14
489,OK,-26,8,1027,1027,395.35,454.97,587.27,463.83,483.24,584.16
490,OK,-33,-7,1055,1055,399.9,451.34,596.8,462.79,489.73,583.04
491,OK,-30,4,1056,1056,404.73,463.39,601.64,478.3,493.35,594.03
492,OK,-25,9,1056,1056,407.15,473.27,604.4,481.75,500.29,598.18
493,OK,-33,14,1058,1058,401.65,479.01,599.51,485.11,492.41,605.84
494,OK,-40,10,1066,1066,396.91,475.08,596.16,481.34,490.32,608.09
495,OK,-37,9,1046,1046,392.29,467.54,587.87,473.16,482.03,594.8
496,OK,-45,5,1042,1042,383.2,463.81,578.06,465.1,472.99,588.29
497,OK,-49,-3,1036,1036,374.47,456.42,568.1,450.53,467.0,577.41
498,OK,-65,-15,1043,1043,362.13,453.51,556.96,444.2,453.46,563.91
499,OK,-80,-20,1062,1062,354.51,458.0,552.84,447.14,449.38,570.48
500,OK,-78,-12,1056,1056,350.81,464.47,547.63,448.44,450.96,576.6
501,OK,-89,6,1060,1060,343.66,478.59,541.38,465.41,439.93,601.93
502,OK,-81,13,1055,1055,348.27,480.63,545.12,468.27,447.13,605.74
503,OK,-97,-11,1079,1079,345.54,470.89,547.29,464.92,437.75,588.97
504,OK,-79,-15,1061,1061,356.38,453.49,554.81,451.38,447.95,578.59
505,OK,-46,-11,1023,1023,374.43,441.59,565.69,444.42,460.96,557.13
506,OK,-42,-8,1032,1032,383.09,443.77,576.0,451.39,470.34,568.96
507,OK,-33,-14,1048,1048,399.7,440.27,594.9,456.93,485.28,572.39
508,OK,-12,-3,1041,1041,420.41,440.44,612.87,469.43,500.4,579.72
509,OK,1,5,1035,1035,428.59,452.35,620.77,475.52,512.65,580.17
510,OK,14,19,1028,1028,440.1,455.96,630.6,481.3,522.53,598.3
511,OK,27,30,1014,1014,445.31,461.58,633.66,483.82,530.47,601.74
512,OK,29,35,1021,1021,449.5,465.89,639.05,489.36,534.31,613.35
513,OK,21,33,1031,1031,447.81,468.44,638.66,496.01,529.21,615.49
514,OK,21,34,1035,1035,450.35,468.65,641.74,497.67,531.86,619.76
515,OK,28,38,1025,1025,452.38,467.97,641.99,496.48,534.27,618.85
516,OK,28,39,1026,1026,454.29,468.02,643.75,498.17,534.88,621.25
517,OK,35,38,1030,1030,461.44,466.41,651.37,499.14,544.74,623.85
518,OK,41,23,1013,1013,459.21,449.42,646.24,479.2,542.73,595.56
519,OK,10,-20,1047,1047,440.87,429.87,635.01,455.1,529.03,563.71
520,OK,-3,-30,1028,1028,419.78,420.66,611.59,433.25,508.29,542.91
521,OK,-25,-38,1031,1031,397.08,419.41,589.8,422.41,487.9,534.37
522,OK,-64,-39,1040,1040,360.91,431.72,555.09,421.15,454.57,536.52
523,OK,-91,-38,1054,1054,340.86,441.11,537.1,422.33,434.5,546.89
524,OK,-100,2,1025,1025,320.38,463.02,510.86,441.44,408.77,577.66
525,OK,-110,8,1022,1022,310.99,465.61,501.09,446.13,397.85,582.43
526,OK,-102,8,1012,1012,313.55,462.76,501.57,440.77,400.71,577.52
527,OK,-106,-15,1032,1032,319.07,452.85,511.28,434.3,405.02,560.37
528,OK,-105,-37,1063,1063,330.81,446.51,528.69,426.52,422.65,552.93
529,OK,-89,-36,1056,1056,343.83,439.97,541.09,428.97,435.91,551.1
530,OK,-73,-22,1047,1047,355.94,445.15,551.74,439.05,447.81,561.23
531,OK,-62,-14,1038,1038,364.53,447.96,558.54,444.55,452.81,564.27
532,OK,-50,-10,1032,1032,373.72,447.86,566.77,446.49,462.49,566.79
533,OK,-49,-17,1049,1049,379.61,450.78,575.71,447.3,473.93,565.49
534,OK,-44,-12,1055,1055,388.94,450.05,586.13,458.32,478.79,576.37
535,OK,-49,-17,1059,1059,385.26,448.0,583.33,453.34,475.72,573.87
536,OK,-30,-8,1034,1034,395.26,445.04,588.44,452.1,482.73,569.48
537,OK,-44,-29,1051,1051,387.6,437.3,584.24,437.17,477.54,555.37
538,OK,-38,-24,1020,1020,382.04,431.7,572.75,428.13,467.87,542.56
539,OK,-43,-24,1017,1017,374.38,433.63,564.34,425.61,461.07,539.86
540,OK,-52,-21,1023,1023,367.25,437.03,558.36,428.23,457.11,547.64
541,OK,-70,-25,1037,1037,355.6,440.3,549.24,430.4,445.26,550.83
542,OK,-72,-24,1045,1045,354.65,445.91,549.85,434.96,448.57,557.39
543,OK,-71,-20,1042,1042,354.75,448.91,549.22,437.25,448.53,560.48
544,OK,-65,-18,1036,1036,357.86,447.96,551.32,436.55,451.93,558.41
545,OK,-68,-19,1039,1039,357.14,446.49,551.12,435.72,448.47,559.92
546,OK,-60,-16,1041,1041,365.35,450.88,559.7,439.62,458.73,563.64
547,OK,-60,-17,1059,1059,373.11,455.08,571.13,451.79,466.62,572.28
548,OK,-49,-12,1047,1047,378.86,452.85,574.63,448.0,471.36,571.8
549,OK,-42,-24,1052,1052,390.43,438.64,587.11,445.12,479.91,562.4
550,OK,-36,-22,1045,1045,392.64,437.18,588.09,442.89,482.27,560.61
551,OK,-24,-14,1036,1036,401.01,437.07,594.51,448.02,490.4,566.06
552,OK,-32,-12,1046,1046,397.86,444.11,593.36,453.33,487.02,574.59
553,OK,-32,-9,1052,1052,400.95,448.02,597.35,459.91,490.16,581.01
554,OK,-37,-14,1052,1052,395.72,446.05,592.24,453.73,485.65,574.19
555,OK,-44,-41,1062,1062,393.21,427.17,591.81,432.73,482.71,550.63
556,OK,-33,-39,1038,1038,392.51,423.27,586.63,425.38,483.65,537.46
557,OK,-30,-32,1013,1013,381.05,426.09,570.3,415.68,476.39,528.31
558,OK,-57,-42,1043,1043,364.52,432.08,558.83,414.18,466.39,534.97
559,OK,-73,-32,1039,1039,351.74,437.51,545.66,424.08,444.34,545.08
560,OK,-88,-30,1053,1053,342.69,444.35,539.04,429.1,435.95,555.56
561,OK,-89,-37,1045,1045,341.19,439.05,536.01,424.4,429.27,539.72
562,OK,-87,-37,1048,1048,345.08,435.77,540.84,426.41,431.67,544.21
563,OK,-67,-34,1035,1035,356.24,433.8,549.51,422.85,447.49,538.76
564,OK,-48,-24,1013,1013,366.31,435.2,555.63,425.94,456.91,534.94
565,OK,-35,-21,1023,1023,381.28,438.31,572.51,430.42,475.12,546.65
566,OK,-23,-26,1026,1026,398.32,426.47,589.96,435.99,485.9,544.59
567,OK,-5,-18,1015,1015,414.03,422.31,602.72,443.42,495.66,546.51
568,OK,-9,-19,1028,1028,415.93,426.95,607.13,447.48,499.18,554.54
569,OK,-8,-20,1030,1030,419.03,423.5,609.98,448.51,499.91,555.29
570,OK,-7,-22,1029,1029,418.04,424.08,609.21,446.23,501.15,550.56
571,OK,-9,-19,1033,1033,415.65,429.39,608.13,446.14,502.39,557.46
572,OK,-13,-7,1028,1028,412.42,434.93,603.31,457.96,494.69,568.06
573,OK,-6,0,1015,1015,414.23,433.88,602.31,459.14,494.81,569.07
574,OK,1,-9,1014,1014,420.1,425.32,607.74,452.53,502.3,558.76
575,OK,-1,-14,1018,1018,418.7,425.4,607.9,447.36,504.49,554.4
576,OK,2,-13,1022,1022,424.02,426.0,613.41,451.86,507.48,557.39
577,OK,3,-14,1042,1042,432.97,433.37,626.1,459.19,519.47,568.77
578,OK,14,-10,1027,1027,439.91,428.78,629.83,456.9,520.24,563.27
579,OK,23,-16,1016,1016,445.01,420.94,632.4,452.04,524.24,547.55
580,OK,25,-13,1013,1013,445.15,423.28,632.38,452.63,524.1,549.61
581,OK,24,-12,1020,1020,449.07,425.47,637.14,457.86,526.67,555.99
582,OK,25,-7,1017,1017,448.4,425.52,635.49,460.29,525.76,559.88
583,OK,13,-11,1016,1016,437.6,422.92,624.9,455.28,511.05,556.61
584,OK,7,-15,1026,1026,432.75,425.65,622.8,451.62,512.96,559.26
585,OK,2,-19,1035,1035,430.27,424.78,621.76,453.05,513.05,557.84
586,OK,3,-14,1032,1032,425.2,432.06,617.46,448.52,517.01,563.94
587,OK,-1,-10,1024,1024,419.25,433.57,610.21,448.95,508.64,563.07
588,OK,-15,-27,1025,1025,403.56,429.45,595.21,430.44,496.53,540.51
589,OK,-28,-27,1022,1022,389.25,430.41,580.39,426.59,482.82,540.58
590,OK,-60,-22,1039,1039,364.76,447.03,558.48,432.25,457.45,555.75
591,OK,-86,-28,1059,1059,347.84,448.04,545.61,436.42,439.42,561.5
592,OK,-95,-33,1052,1052,339.65,443.81,535.88,430.19,425.99,550.39
593,OK,-94,-30,1051,1051,339.44,444.01,535.52,430.62,425.63,553.35
594,OK,-82,-21,1045,1045,346.65,448.01,541.85,437.41,436.07,560.93
595,OK,-77,-25,1048,1048,351.37,445.7,547.07,433.5,445.53,558.7
596,OK,-55,-18,1020,1020,364.01,438.52,554.62,432.53,451.55,549.04
597,OK,-40,-16,1012,1012,376.1,437.55,565.4,433.24,462.56,544.85
598,OK,-38,-6,1036,1036,387.62,448.59,581.41,453.35,475.64,574.07
599,OK,-35,-10,1043,1043,394.16,442.61,588.95,452.67,480.6,574.45
600,OK,-24,-18,1041,1041,405.47,432.06,599.52,447.84,490.68,565.43
601,OK,-14,-16,1031,1031,411.04,428.51,602.97,446.3,495.7,561.21
602,OK,-12,-10,1028,1028,413.43,431.33,604.56,451.49,495.57,567.04
603,OK,-17,-25,1055,1055,419.61,428.51,615.53,451.97,502.51,564.21
604,OK,-26,-37,1072,1072,418.25,424.38,617.6,446.3,503.19,563.88
605,OK,-16,-32,1057,1057,421.75,421.89,618.17,444.48,505.59,559.55
606,OK,-10,-30,1052,1052,428.52,420.55,622.98,451.04,507.91,557.72
607,OK,-9,-29,1057,1057,428.96,423.29,624.78,450.35,511.62,561.82
608,OK,8,3,1026,1026,434.79,445.25,624.65,473.23,513.49,573.86
609,OK,13,36,1029,1029,441.17,468.51,631.92,493.79,518.0,619.87
610,OK,19,63,1031,1031,450.81,490.48,640.24,526.97,522.8,649.19
611,OK,21,58,1050,1050,460.52,492.04,652.77,531.96,536.33,654.9
612,OK,28,46,1048,1048,463.63,482.11,656.97,514.39,544.16,642.96
613,OK,36,47,1035,1035,465.15,476.24,656.22,507.38,545.52,636.27
614,OK,37,53,1023,1023,461.91,477.65,650.36,510.69,540.24,634.13
615,OK,33,47,1035,1035,460.91,477.75,652.25,507.07,543.75,637.38
616,OK,25,34,1022,1022,447.33,466.16,636.99,490.13,530.17,613.07
617,OK,9,35,1031,1031,433.93,470.53,625.72,491.0,518.43,620.12
618,OK,-1,32,1028,1028,424.69,476.69,616.3,492.15,507.46,609.39
619,OK,3,33,1022,1022,420.68,478.24,611.72,485.93,512.62,606.58
620,OK,1,29,1026,1026,415.92,476.66,607.81,479.37,517.12,606.16
621,OK,8,44,1005,1005,410.82,485.56,598.74,480.15,516.07,609.18
622,OK,-12,36,1018,1018,396.99,484.71,587.05,474.53,502.86,610.74
623,OK,-30,38,1037,1037,386.37,494.39,579.89,481.55,493.57,625.58
624,OK,-39,43,1040,1040,379.58,501.2,573.52,486.58,486.17,632.91
625,OK,-48,25,1054,1054,378.63,494.99,575.39,482.32,481.53,616.64
626,OK,-40,19,1043,1043,380.96,482.15,575.79,471.8,483.84,603.37
627,OK,-42,0,1052,1052,386.1,463.25,582.73,459.18,484.6,592.76
628,OK,-46,-11,1058,1058,388.27,451.08,586.17,452.83,480.38,585.89
629,OK,-28,-11,1045,1045,401.45,440.25,596.68,449.68,490.18,578.59
630,OK,-20,-5,1026,1026,402.31,438.23,594.02,448.15,489.8,573.32
631,OK,-24,-18,1027,1027,394.73,436.1,586.85,433.15,488.71,555.39
632,OK,-32,-15,1026,1026,386.45,443.33,578.15,434.83,480.41,558.9
633,OK,-65,-8,1053,1053,365.6,457.62,562.42,449.44,459.16,583.25
634,OK,-81,-8,1061,1061,354.65,464.51,552.88,457.85,445.46,584.3
635,OK,-94,-13,1069,1069,345.84,465.45,545.61,455.93,435.38,582.72
636,OK,-82,-10,1059,1059,352.93,465.12,550.89,456.59,442.31,578.21
637,OK,-78,-9,1068,1068,361.51,466.17,561.05,457.8,451.8,588.03
638,OK,-67,-6,1065,1065,371.19,465.86,570.38,463.5,460.76,589.3
639,OK,-48,-3,1048,1048,383.39,458.09,579.42,459.47,471.92,584.09
640,OK,-52,-16,1061,1061,385.09,450.27,583.53,454.38,472.66,577.66
641,OK,-42,-20,1061,1061,395.48,441.37,593.53,452.3,481.81,574.82
642,OK,-21,-8,1047,1047,410.77,442.87,605.46,463.22,496.51,578.75
643,OK,-15,-11,1050,1050,418.11,440.4,613.41,460.16,504.86,578.5
644,OK,-11,-11,1041,1041,418.94,437.35,612.71,457.02,504.06,571.94
645,OK,-10,-9,1031,1031,414.91,434.38,607.09,451.14,499.82,569.54
646,OK,-16,-8,1031,1031,406.68,439.98,599.31,448.08,496.34,570.56
647,OK,-41,-8,1054,1054,390.88,455.75,588.08,455.59,484.06,582.66
648,OK,-54,-16,1071,1071,384.44,457.42,584.66,453.95,479.22,583.69
649,OK,-47,-9,1056,1056,384.46,458.62,581.88,454.76,479.18,581.59
650,OK,-49,-10,1056,1056,383.29,456.13,580.69,453.59,476.77,581.46
651,OK,-49,-12,1056,1056,384.19,453.45,581.75,453.36,475.15,580.15
652,OK,-44,-12,1057,1057,390.62,450.67,588.27,455.51,480.38,580.19
653,OK,-28,-8,1053,1053,402.4,452.74,599.28,459.9,495.72,580.44
654,OK,-22,-9,1048,1048,408.65,447.44,604.21,460.87,497.63,577.46
655,OK,-30,-16,1064,1064,408.84,444.38,607.28,458.04,497.51,582.52
656,OK,-21,-10,1045,1045,407.65,443.47,602.8,452.74,497.93,576.28
657,OK,-25,-9,1045,1045,403.55,445.01,598.7,454.62,492.95,578.08
658,OK,-28,-6,1042,1042,399.47,449.11,594.25,454.76,490.84,579.48
659,OK,-31,-7,1046,1046,397.82,450.33,593.4,454.61,490.04,580.57
660,OK,-45,-10,1052,1052,387.62,451.19,584.38,453.74,476.93,579.56
661,OK,-45,-17,1056,1056,387.29,448.4,584.86,449.52,480.47,573.48
662,OK,-36,-34,1065,1065,396.22,439.01,595.43,434.26,497.48,559.68
663,OK,-8,-31,1054,1054,413.63,439.17,610.5,430.96,525.96,557.69
664,OK,14,-21,1042,1042,423.63,450.49,617.76,432.65,549.59,560.05
665,OK,12,-22,1045,1045,420.98,451.93,614.79,427.06,551.66,561.35
666,OK,18,-8,1030,1030,419.79,459.36,610.36,431.79,552.47,569.06
667,OK,0,-14,1045,1045,408.97,459.4,602.44,431.15,539.28,572.29
668,OK,-24,0,1039,1039,391.82,469.98,585.4,454.02,502.75,576.37
669,OK,-40,-7,1053,1053,383.87,463.31,580.15,447.61,491.51,583.45
670,OK,-51,-17,1071,1071,385.88,456.22,586.16,453.02,482.99,581.43
671,OK,-35,-9,1043,1043,392.41,447.61,587.46,452.63,482.16,575.7
672,OK,-13,-5,1024,1024,409.36,438.1,600.32,451.81,494.96,571.03
673,OK,-20,-11,1046,1046,410.68,441.07,605.86,454.08,499.62,577.5
674,OK,-10,-9,1040,1040,416.32,441.86,610.38,454.84,507.45,575.53
675,OK,-12,-10,1043,1043,415.65,441.5,610.23,454.92,506.17,574.28
676,OK,-8,-10,1039,1039,415.92,440.51,609.84,452.65,509.54,573.22
677,OK,-15,-20,1055,1055,415.49,437.96,612.46,449.53,510.37,570.91
678,OK,-7,-17,1049,1049,419.95,438.13,615.88,447.07,516.83,572.04
679,OK,4,-26,1050,1050,428.04,435.97,624.44,439.66,533.48,561.19
680,OK,2,-33,1057,1057,426.32,433.67,623.99,430.45,535.47,559.05
681,OK,6,-23,1045,1045,425.38,435.66,620.75,433.03,533.3,564.37
682,OK,-4,-25,1036,1036,416.36,429.56,610.04,433.19,515.04,556.37
683,OK,-16,-34,1031,1031,404.16,423.49,597.04,424.2,497.87,538.44
684,OK,-34,-48,1036,1036,391.5,412.94,585.17,413.92,480.03,527.91
685,OK,-40,-60,1043,1043,389.82,403.39,584.94,405.68,475.86,518.02
686,OK,-33,-62,1035,1035,393.0,399.33,586.48,398.43,479.51,511.37
687,OK,-22,-62,1025,1025,398.17,394.19,589.9,394.03,487.29,507.2
688,OK,-10,-65,1016,1016,405.78,386.32,595.77,389.9,495.69,498.31
689,OK,-18,-72,1026,1026,404.42,381.59,596.07,389.6,490.86,496.65
690,OK,-22,-68,1025,1025,399.81,384.14,591.42,389.35,485.77,501.72
691,OK,-22,-63,1016,1016,398.49,388.18,588.3,395.34,480.22,500.16
692,OK,-21,-63,1019,1019,398.69,388.99,589.12,395.36,482.4,501.26
693,OK,-25,-64,1024,1024,397.16,390.92,588.72,393.36,482.98,504.15
694,OK,-19,-52,1018,1018,400.1,401.59,590.51,406.47,485.69,511.09
695,OK,-18,-43,1020,1020,402.81,406.89,593.28,418.96,486.04,522.72
696,OK,-10,-38,1012,1012,405.26,412.04,594.55,416.92,494.05,522.13
697,OK,-16,-50,1020,1020,404.01,404.34,594.75,410.94,489.19,513.8
698,OK,-17,-54,1021,1021,402.8,399.31,593.71,404.8,489.51,510.83
699,OK,-20,-54,1019,1019,399.23,399.82,589.86,403.18,484.32,508.76
700,OK,-25,-50,1021,1021,394.86,404.7,585.8,406.06,481.66,514.95
701,OK,-25,-48,1022,1022,395.08,407.51,586.27,409.6,481.84,518.27
702,OK,-33,-55,1032,1032,392.36,403.82,585.38,408.45,478.1,516.07
703,OK,-35,-63,1032,1032,390.67,398.05,583.6,402.27,475.06,506.7
704,OK,-32,-61,1028,1028,391.66,397.76,583.93,400.54,478.08,508.68
705,OK,-29,-66,1034,1034,393.96,396.81,587.35,395.12,485.51,506.39
706,OK,-30,-67,1045,1045,395.29,401.9,590.62,398.45,492.8,511.09
707,OK,-20,-54,1028,1028,396.94,407.33,589.2,401.94,496.74,516.06
708,OK,-12,-39,1010,1010,396.84,415.01,585.66,410.06,495.07,521.25
709,OK,-28,-40,1028,1028,389.51,421.13,581.64,414.16,486.94,532.33
710,OK,-26,-31,1026,1026,390.32,429.84,581.86,419.38,489.31,539.83
711,OK,-35,-36,1044,1044,387.87,431.32,582.83,421.17,489.83,546.14
712,OK,-35,-36,1034,1034,384.85,427.77,578.1,420.5,484.0,538.5
713,OK,-42,-60,1038,1038,384.45,402.53,578.49,403.33,473.73,515.6
714,OK,-21,-53,1003,1003,391.71,391.29,579.17,396.59,474.78,503.08
715,OK,-23,-59,1009,1009,392.14,392.16,580.83,392.71,476.53,498.1
716,OK,-18,-60,1004,1004,395.16,388.82,582.99,390.46,480.19,495.48
717,OK,-21,-58,1013,1013,395.72,392.41,585.06,396.05,480.1,503.49
718,OK,-16,-53,1007,1007,397.09,393.46,585.48,396.32,482.72,505.53
719,OK,-14,-59,1014,1014,399.45,393.49,589.02,394.04,492.87,502.71
720,OK,-14,-58,1022,1022,399.56,399.6,590.55,394.92,499.36,509.17
721,OK,-13,-42,1014,1014,398.38,414.04,587.98,408.86,496.75,520.49
722,OK,-31,-27,1033,1033,389.66,431.81,582.79,427.14,484.22,549.84
723,OK,-39,-32,1045,1045,387.55,430.46,583.01,427.78,481.77,551.98
724,OK,-39,-34,1045,1045,386.84,429.34,582.3,424.44,481.48,550.46
725,OK,-27,-36,1029,1029,391.56,422.83,583.88,418.84,487.11,536.92
726,OK,-25,-44,1029,1029,393.86,415.37,586.33,412.92,489.42,526.52
727,OK,-18,-42,1021,1021,397.74,411.94,588.66,412.65,491.43,524.17
728,OK,-16,-42,1018,1018,399.19,411.47,589.55,412.37,493.46,523.36
729,OK,-11,-41,1013,1013,400.65,410.85,590.06,410.41,496.47,520.09
730,OK,-12,-37,1012,1012,397.96,416.2,587.29,412.63,495.77,523.61
731,OK,-19,-42,1024,1024,395.98,417.53,587.39,412.62,494.86,526.33
732,OK,-21,-30,1031,1031,396.15,427.97,588.92,422.45,495.82,545.67
733,OK,-40,-34,1067,1067,392.02,439.52,591.42,431.43,496.24,564.1
734,OK,-42,-29,1057,1057,388.45,437.61,586.11,433.39,486.11,563.75
735,OK,-49,-31,1058,1058,383.2,436.23,581.0,430.8,479.01,562.85
736,OK,-32,-28,1034,1034,388.82,432.62,581.97,424.99,486.49,550.39
737,OK,-22,-27,1018,1018,391.85,427.13,582.15,420.57,488.47,541.83
738,OK,-32,-39,1031,1031,387.58,422.43,580.3,416.12,484.05,534.28
739,OK,-32,-39,1033,1033,387.05,423.21,580.11,416.69,485.08,535.31
740,OK,-17,-36,1028,1028,394.91,427.31,586.84,414.9,504.64,536.75
741,OK,11,-26,1016,1016,411.87,430.44,601.3,416.19,531.83,541.36
742,OK,15,-22,1012,1012,415.04,430.65,603.93,418.46,534.28,543.86
743,OK,13,-26,1015,1015,412.27,429.78,601.6,415.78,534.07,540.42
744,OK,13,-27,1015,1015,412.19,429.96,601.42,415.46,534.69,539.24
745,OK,12,-24,1013,1013,411.91,429.87,600.95,417.07,531.21,541.14
746,OK,7,-26,1022,1022,410.05,435.42,600.24,416.71,532.19,545.83
747,OK,10,-31,1026,1026,414.71,430.09,605.97,414.0,537.64,542.8
748,OK,-22,-20,1056,1056,397.98,448.79,594.9,434.25,515.84,575.37
749,OK,-31,-22,1060,1060,391.36,450.37,588.99,433.9,508.22,574.47
750,OK,-31,-18,1046,1046,386.99,447.61,581.99,432.86,499.93,571.62
751,OK,-43,-23,1046,1046,378.91,442.84,573.88,427.32,484.68,565.23
752,OK,-36,-36,1030,1030,382.44,424.89,574.94,418.05,480.52,537.1
753,OK,-38,-51,1034,1034,382.57,413.55,575.9,406.58,478.97,522.05
754,OK,-25,-56,1018,1018,391.25,402.48,581.56,403.4,482.22,503.7
755,OK,-17,-64,1015,1015,396.42,393.82,586.34,393.46,490.26,492.77
756,OK,-14,-66,1001,1001,395.87,385.52,583.02,388.0,482.75,481.94
757,OK,-17,-69,1011,1011,397.75,388.91,586.83,392.19,484.94,482.61
758,OK,-15,-69,1016,1016,403.18,388.24,593.09,394.06,488.44,488.84
759,OK,-11,-73,1025,1025,409.87,384.24,601.37,393.44,497.74,490.76
760,OK,4,-64,1023,1023,422.6,386.52,613.27,401.58,512.18,499.99
761,OK,0,-90,1046,1046,428.06,382.18,623.19,394.83,521.97,479.29
762,OK,4,-95,1041,1041,428.64,375.24,623.04,385.51,522.45,471.57
763,OK,8,-92,1033,1033,430.1,372.95,623.02,384.52,522.07,469.62
764,OK,15,-83,1025,1025,430.74,380.85,622.32,388.71,527.77,473.24
765,OK,11,-75,1032,1032,431.64,386.56,624.17,400.63,526.78,488.81
766,OK,4,-70,1036,1036,428.15,390.05,621.26,405.64,519.9,498.34
767,OK,5,-55,1027,1027,426.35,396.65,617.65,413.19,515.65,512.52
768,OK,6,-56,1022,1022,426.0,394.57,616.38,410.95,514.48,508.53
769,OK,-2,-68,1033,1033,421.73,386.04,614.21,402.25,510.46,502.45
770,OK,0,-75,1030,1030,421.37,382.6,613.56,396.99,512.99,490.8
771,OK,-2,-73,1024,1024,417.01,382.13,608.16,392.75,507.47,491.85
772,OK,-13,-73,1036,1036,413.37,386.44,606.65,399.34,501.52,498.42
773,OK,-9,-58,1022,1022,413.45,392.8,603.97,408.95,495.6,507.04
774,OK,-12,-54,1022,1022,410.73,397.64,601.49,409.75,493.41,511.27
775,OK,1,-43,1003,1003,414.72,399.84,601.95,411.54,497.5,511.33
776,OK,-9,-49,1013,1013,409.52,397.79,598.71,408.36,490.66,511.86
777,OK,-8,-54,1012,1012,408.71,393.71,597.79,403.9,493.09,505.4
778,OK,-14,-63,1020,1020,405.59,389.45,596.11,399.18,491.66,499.75
779,OK,-13,-59,1018,1018,403.35,396.55,593.67,397.46,495.27,504.24
780,OK,5,-49,1015,1015,412.98,405.78,602.71,401.79,517.13,513.38
781,OK,14,-45,1016,1016,416.51,413.49,606.1,400.28,533.68,520.55
782,OK,7,-43,1013,1013,407.56,415.38,596.29,398.96,525.62,519.75
783,OK,-10,-49,1019,1019,395.88,412.58,585.88,398.38,507.96,515.71
784,OK,-18,-53,1028,1028,393.83,412.4,585.61,399.98,502.66,516.62
785,OK,-12,-50,1012,1012,395.32,410.65,584.18,398.15,500.13,508.83
786,OK,-12,-46,1012,1012,396.81,414.27,585.75,404.18,498.38,512.1
787,OK,-18,-49,1011,1011,395.1,403.41,584.16,407.09,485.99,507.35
788,OK,-16,-47,1001,1001,396.03,396.89,583.09,406.0,479.99,504.74
789,OK,-37,-74,1026,1026,388.14,385.63,580.0,389.27,468.14,492.54
790,OK,-50,-77,1046,1046,384.56,389.99,580.18,395.52,465.49,499.83
791,OK,-50,-60,1037,1037,381.24,398.98,575.03,406.2,458.6,515.4
792,OK,-58,-72,1022,1022,369.92,383.17,561.04,380.38,440.89,497.08
793,OK,-67,-92,994,994,350.63,356.38,536.53,350.99,416.78,457.85
794,OK,-74,-79,960,960,329.6,359.98,508.5,344.69,393.59,450.01
795,OK,-56,-33,904,904,323.13,380.94,490.94,359.58,385.82,468.78
796,OK,-47,-8,870,870,317.54,395.89,478.54,372.27,379.93,471.91
797,OK,-28,33,838,838,322.14,417.38,477.21,394.32,383.6,498.77
798,OK,-2,63,812,812,336.87,435.03,487.37,414.0,396.73,513.95
799,OK,17,18,812,812,352.92,396.24,503.26,374.92,418.01,462.58
800,OK,23,19,815,815,358.89,399.96,509.12,374.19,426.72,465.15
801,OK,21,40,811,811,357.48,409.02,508.23,392.57,419.79,489.54
802,OK,9,53,836,836,355.85,435.07,511.38,418.33,420.84,516.47
803,OK,-1,42,850,850,350.73,432.6,508.59,413.35,418.53,511.51
804,OK,-14,32,859,859,339.7,427.17,498.78,404.25,411.45,506.58
805,OK,-13,36,844,844,334.82,427.01,490.31,399.23,405.85,503.55
806,OK,-19,40,875,875,341.8,440.01,504.33,420.13,413.18,525.55
807,OK,-18,47,898,898,351.21,453.33,518.24,436.34,428.19,548.37
808,OK,-9,56,925,925,367.62,473.35,539.24,451.0,453.43,575.09
809,OK,20,59,930,930,399.13,466.65,573.01,462.01,484.31,584.89
810,OK,123,94,899,899,487.05,468.73,653.87,490.47,574.79,608.37
811,OK,192,104,919,919,560.42,486.59,729.61,517.26,657.15,625.12
812,OK,283,133,890,890,640.02,488.59,800.48,532.88,736.11,645.52
813,OK,324,123,869,869,670.48,474.93,827.16,518.4,768.09,618.37
814,OK,368,112,810,810,692.92,437.41,834.73,490.96,783.96,571.6
815,OK,372,88,797,797,686.72,410.79,828.64,456.47,784.01,538.52
816,OK,369,57,790,790,677.55,381.0,817.37,429.09,781.98,499.13
817,OK,354,43,763,763,646.88,367.33,785.07,402.75,755.47,464.8
818,OK,325,18,785,785,623.83,354.55,767.08,386.94,739.3,450.64
819,OK,267,-2,827,827,587.02,357.68,738.85,386.94,698.24,449.9
820,OK,214,8,876,876,552.03,391.73,714.93,410.09,671.82,491.53
821,OK,203,42,873,873,541.98,416.11,704.78,429.82,654.86,533.32
822,OK,175,51,886,886,518.57,436.01,684.27,436.64,636.26,553.29
823,OK,161,61,905,905,512.1,450.41,681.35,453.63,630.06,574.83
824,OK,160,63,901,901,508.77,448.58,677.19,452.83,627.09,575.75
825,OK,137,53,918,918,495.61,445.48,667.13,451.54,612.33,576.73
826,OK,82,27,977,977,464.39,447.96,647.11,451.46,586.06,581.17
827,OK,30,7,1008,1008,427.92,446.01,616.47,447.46,546.37,576.19
828,OK,-68,-9,1096,1096,372.15,469.68,577.09,467.27,486.12,610.79
829,OK,-127,-9,1141,1141,333.37,487.31,546.71,482.88,446.28,638.46
830,OK,-176,-3,1204,1204,312.69,519.26,537.76,511.14,427.92,683.54
831,OK,-171,10,1201,1201,315.54,533.73,539.98,523.11,431.48,692.9
832,OK,-159,9,1178,1178,321.04,518.4,541.25,514.79,429.04,680.86
833,OK,-118,-7,1129,1129,339.22,484.46,550.24,479.38,447.78,632.97
834,OK,-61,-43,1071,1071,372.59,432.65,572.57,422.97,476.97,557.55
835,OK,-5,-51,1005,1005,401.03,391.3,588.91,390.14,500.85,512.35
836,OK,14,-67,997,997,417.45,372.43,603.81,375.25,514.44,488.71
837,OK,56,-50,956,956,443.94,374.11,622.81,376.7,535.5,480.97
838,OK,94,-50,959,959,479.66,374.59,658.71,386.26,577.07,478.27
839,OK,118,-40,992,992,515.21,404.24,700.53,411.12,620.88,505.51
840,OK,143,-27,1002,1002,541.57,417.17,728.96,423.38,654.37,528.71
841,OK,144,-21,1005,1005,544.46,423.79,732.23,433.42,655.02,535.08
842,OK,134,-32,1028,1028,540.84,428.52,733.03,430.25,660.54,535.42
843,OK,96,-51,1071,1071,518.95,430.97,719.16,429.76,643.47,538.87
844,OK,87,-32,1024,1024,491.82,426.21,683.33,423.65,610.62,535.24
845,OK,29,-23,1023,1023,435.65,431.61,627.01,427.05,549.58,548.51
846,OK,-10,-9,1027,1027,397.43,453.16,588.9,436.98,513.24,564.65
847,OK,-64,47,1023,1023,349.44,502.76,540.15,487.36,449.33,622.6
848,OK,-103,64,1036,1036,316.78,528.58,508.02,497.39,419.48,652.75
849,OK,-101,71,1020,1020,311.2,530.47,499.34,498.86,413.13,648.55
850,OK,-92,78,1020,1020,322.5,527.65,512.03,506.59,420.05,660.05
851,OK,-84,90,1046,1046,340.17,551.38,535.28,537.88,441.91,682.84
852,OK,-66,101,1045,1045,359.44,557.17,554.74,553.05,456.43,692.66
853,OK,-57,107,1066,1066,378.51,562.17,577.88,567.4,475.02,715.61
854,OK,-23,110,1046,1046,402.06,553.97,597.31,565.25,500.82,707.63
855,OK,2,112,1016,1016,416.51,544.68,606.03,558.93,510.54,689.95
856,OK,12,109,1005,1005,424.55,534.39,611.41,554.03,511.46,679.5
857,OK,21,88,1003,1003,431.72,513.87,618.05,535.38,520.5,653.74
858,OK,6,54,1028,1028,427.38,492.69,618.63,512.73,517.18,634.06
859,OK,-21,31,1050,1050,411.44,486.24,607.3,499.14,499.99,621.09
860,OK,-43,20,1075,1075,397.45,486.57,598.32,494.77,491.02,624.42
861,OK,-51,23,1059,1059,383.85,486.59,581.86,489.29,474.61,616.38
862,OK,-45,30,1038,1038,379.06,491.07,573.13,485.08,471.95,610.18
863,OK,-48,33,1036,1036,372.71,492.94,566.27,483.96,470.53,615.42
864,OK,-49,32,1034,1034,372.63,491.88,565.98,485.03,468.64,611.04
865,OK,-53,30,1041,1041,370.24,492.79,564.76,484.5,467.64,611.86
866,OK,-53,35,1038,1038,369.23,493.16,563.3,487.25,465.85,618.74
867,OK,-52,38,1031,1031,368.04,492.52,560.81,487.16,462.28,617.32
868,OK,-47,40,1026,1026,371.09,491.83,562.98,486.77,465.19,616.79
869,OK,-46,35,1030,1030,373.63,491.54,566.15,483.85,469.62,612.75
870,OK,-29,4,1023,1023,386.04,459.58,577.44,457.79,483.51,571.69
871,OK,-25,-13,1024,1024,393.81,436.42,585.15,443.25,485.58,559.81
872,OK,-17,-1,1022,1022,399.16,446.92,590.33,450.76,495.02,571.69
873,OK,-5,15,1013,1013,407.19,456.36,596.38,467.24,500.36,581.33
874,OK,-26,19,1054,1054,405.1,478.51,601.95,487.66,498.91,609.29
875,OK,-35,19,1071,1071,402.22,485.75,602.47,492.48,499.41,620.55
876,OK,-41,11,1070,1070,396.11,481.73,596.21,484.48,491.99,609.46
877,OK,-32,14,1049,1049,396.73,474.06,592.92,479.12,489.23,601.26
878,OK,-27,20,1033,1033,394.59,476.0,587.88,476.67,487.77,596.86
879,OK,-49,17,1064,1064,386.0,483.75,584.89,482.18,481.71,615.91
880,OK,-62,16,1083,1083,381.81,489.42,584.4,489.43,476.01,625.97
881,OK,-60,9,1089,1089,383.92,486.32,587.6,481.83,482.94,622.11
882,OK,-40,16,1050,1050,390.1,476.87,586.38,478.16,483.45,604.84
883,OK,-31,11,1038,1038,393.06,468.28,587.18,470.2,486.3,592.48
884,OK,-16,-2,1028,1028,399.32,450.93,591.56,447.6,501.68,575.02
885,OK,11,-10,1004,1004,412.49,436.76,600.31,433.44,520.67,549.36
886,OK,14,-14,988,988,406.15,433.41,590.1,416.23,519.21,535.49
887,OK,1,-19,1001,1001,397.5,437.77,583.56,417.66,511.47,535.39
888,OK,-25,-21,1026,1026,382.48,452.55,572.39,425.61,499.72,545.09
889,OK,-36,3,1027,1027,371.58,473.43,561.17,442.85,489.25,574.75
890,OK,-53,18,1033,1033,358.41,494.84,548.01,457.88,474.43,591.88
891,OK,-70,16,1049,1049,350.88,493.84,545.02,464.94,460.55,602.52
892,OK,-57,6,1031,1031,357.93,472.45,549.59,450.64,463.45,582.11
893,OK,-59,-7,1038,1038,361.08,462.65,554.17,443.36,463.45,571.43
894,OK,-36,1,1022,1022,381.15,456.67,572.25,451.87,474.83,570.33
895,OK,-23,15,1015,1015,392.76,458.06,582.49,465.1,481.86,582.45
896,OK,-15,21,1027,1027,405.16,469.05,597.06,478.39,496.55,594.7
897,OK,-7,35,1017,1017,412.18,477.64,601.99,489.58,495.93,603.22
898,OK,-2,38,1020,1020,420.34,479.72,610.47,495.04,501.37,608.87
899,OK,8,45,1013,1013,427.2,479.68,615.89,497.66,508.03,615.24
900,OK,19,54,998,998,432.34,481.6,618.16,498.65,511.68,616.33
901,OK,23,58,997,997,435.37,482.43,621.13,499.08,515.25,621.93
902,OK,22,59,1005,1005,437.98,484.93,624.93,504.65,518.23,628.14
903,OK,25,58,998,998,437.12,484.19,623.01,501.53,517.97,621.38
904,OK,19,52,1005,1005,433.34,482.91,620.67,499.0,515.6,617.71
905,OK,18,45,1011,1011,434.84,476.93,623.08,493.95,518.96,616.44
906,OK,16,46,1015,1015,435.27,479.67,624.19,498.75,518.24,617.9
907,OK,21,61,1008,1008,437.23,489.41,624.62,509.63,519.83,631.54
908,OK,27,66,1005,1005,442.01,490.63,628.5,514.79,523.58,635.16
909,OK,32,71,1001,1001,445.11,491.73,630.64,517.41,526.92,638.35
910,OK,28,62,1011,1011,444.72,488.9,632.41,512.22,528.22,635.02
911,OK,64,67,974,974,465.32,473.94,645.24,502.29,548.72,620.36
912,OK,78,53,964,964,474.28,458.12,651.7,490.33,558.93,597.55
913,OK,94,56,952,952,485.9,457.8,660.56,492.55,568.72,589.27
914,OK,93,65,962,962,487.55,467.87,664.72,498.86,572.25,610.42
915,OK,84,65,980,980,487.43,477.93,667.74,510.82,571.93,615.76
916,OK,80,69,987,987,485.99,484.07,667.67,517.24,570.55,624.89
917,OK,69,68,1001,1001,482.57,486.23,666.42,521.61,564.87,633.65
918,OK,58,63,1012,1012,476.68,486.99,663.04,519.84,559.64,635.18
919,OK,67,68,985,985,473.12,478.04,655.26,505.58,554.97,629.47
920,OK,60,58,977,977,461.05,472.33,642.77,491.57,544.6,611.83
921,OK,23,35,1000,1000,434.68,465.76,620.83,483.24,519.45,596.82
922,OK,-2,5,1032,1032,420.51,455.54,613.29,466.77,512.06,581.73
923,OK,-35,14,1037,1037,388.99,470.91,583.01,468.36,481.67,594.53
924,OK,-53,17,1045,1045,372.32,484.0,567.35,470.34,468.58,601.85
925,OK,-80,24,1046,1046,348.45,494.52,543.36,476.85,441.64,609.0
926,OK,-105,19,1056,1056,328.54,491.2,525.16,472.52,419.64,613.36
927,OK,-104,19,1034,1034,323.97,484.37,516.68,467.16,406.33,598.12
928,OK,-94,16,1022,1022,326.33,475.11,516.26,454.27,413.96,589.94
929,OK,-92,-5,1019,1019,327.57,455.96,517.09,435.55,412.21,563.76
930,OK,-88,-12,1006,1006,329.56,444.97,516.65,425.52,408.83,548.59
931,OK,-79,-8,992,992,334.4,441.84,519.17,424.52,408.29,542.93
932,OK,-86,-12,1005,1005,333.23,442.57,520.57,426.8,406.66,545.92
933,OK,-78,-3,1010,1010,342.74,448.15,531.48,438.69,418.48,561.31
934,OK,-65,-1,1012,1012,355.72,449.01,544.99,444.2,433.2,564.67
935,OK,-53,3,1013,1013,369.18,449.46,558.57,448.55,443.84,570.81
936,OK,-31,7,991,991,384.71,438.06,569.87,447.22,451.21,562.01
937,OK,-25,-7,1007,1007,395.76,429.81,583.51,443.56,466.7,556.36
938,OK,-5,-7,992,992,410.83,420.79,595.21,441.68,479.17,547.03
939,OK,0,-9,992,992,420.88,418.76,604.54,445.44,480.39,543.68
940,OK,7,-4,998,998,430.72,423.11,615.31,451.35,490.15,554.69
941,OK,21,7,986,986,437.51,426.34,620.07,452.81,499.52,560.45
942,OK,21,7,993,993,438.3,430.71,622.4,455.6,504.21,563.15
943,OK,11,6,994,994,431.67,429.24,615.44,457.24,493.73,562.93
944,OK,5,6,985,985,416.01,429.14,599.36,447.12,486.62,558.38
945,OK,-21,-21,1007,1007,398.63,419.64,586.74,429.22,473.15,539.76
946,OK,-33,-17,990,990,374.04,430.18,558.8,417.54,457.79,533.08
947,OK,-64,-31,1028,1028,354.85,436.14,546.06,416.36,449.55,539.84
948,OK,-80,-13,1012,1012,333.72,447.29,521.68,424.51,425.54,551.38
949,OK,-88,16,986,986,312.77,461.04,495.07,432.79,407.94,571.22
950,OK,-109,29,979,979,289.42,469.14,469.95,438.23,381.16,583.96
951,OK,-136,25,989,989,272.29,465.05,455.71,440.91,353.44,586.94
952,OK,-125,30,949,949,269.26,454.7,445.12,430.27,341.25,566.03
953,OK,-132,14,948,948,266.05,436.39,442.55,418.65,330.63,548.88
954,OK,-116,8,901,901,265.72,414.59,432.3,388.92,320.79,515.59
955,OK,-117,-23,913,913,265.24,401.56,432.11,365.53,330.41,484.28
956,OK,-110,-78,1006,1006,289.86,418.69,466.2,352.83,408.55,464.3
957,OK,-103,-70,996,996,289.41,422.78,462.2,353.2,415.76,469.05
958,OK,-123,-62,1002,1002,274.15,427.8,449.54,361.52,394.25,483.46
959,OK,-131,-40,998,998,268.53,437.23,446.77,381.78,379.93,509.17
960,OK,-132,-10,966,966,262.12,442.11,437.36,398.01,354.05,527.63
961,OK,-115,14,932,932,269.42,444.5,439.6,406.46,347.69,536.19
962,OK,-107,10,934,934,283.22,432.46,456.09,407.23,350.86,534.92
963,OK,-85,12,931,931,305.31,429.44,478.42,410.13,368.66,534.24
964,OK,-85,-13,993,993,332.06,430.08,517.69,423.13,398.86,540.38
965,OK,-49,-4,988,988,361.74,434.86,546.48,436.87,436.16,545.78
966,OK,-28,1,1004,1004,390.32,434.8,577.43,450.22,464.87,563.82
967,OK,-12,4,999,999,406.7,426.98,591.47,454.96,475.42,565.59
968,OK,9,1,988,988,421.53,425.31,604.56,450.3,493.64,553.74
969,OK,3,-8,1004,1004,426.21,421.93,611.33,453.16,492.38,552.31
970,OK,14,-5,990,990,438.15,413.83,618.23,456.75,491.75,546.64
971,OK,52,1,967,967,464.58,403.66,638.35,453.82,520.26,539.4
972,OK,69,-17,977,977,485.06,394.23,659.82,447.4,543.39,521.57
973,OK,87,-8,967,967,497.02,404.18,670.88,454.04,556.42,521.5
974,OK,95,-1,976,976,509.95,412.79,685.03,464.49,570.08,536.92
975,OK,108,10,986,986,526.09,420.54,700.45,480.84,588.76,557.01
976,OK,125,31,985,985,545.55,434.26,715.61,505.15,604.27,577.24
977,OK,134,37,988,988,555.0,440.72,724.2,514.78,616.5,585.7
978,OK,137,32,992,992,557.43,439.77,728.78,510.74,623.21,581.24
979,OK,140,27,982,982,557.03,429.99,726.72,500.16,621.87,572.84
980,OK,130,16,990,990,548.64,423.91,721.32,490.65,615.71,566.48
981,OK,109,8,981,981,522.79,419.83,697.97,474.16,588.43,549.23
982,OK,81,-8,999,999,502.05,415.77,682.94,462.61,567.7,543.04
983,OK,65,0,971,971,472.59,410.93,650.68,446.41,539.06,542.05
984,OK,34,1,973,973,443.16,421.21,623.65,443.93,508.01,541.72
985,OK,8,-11,987,987,419.38,420.96,603.58,433.23,491.46,538.56
986,OK,-7,-20,1002,1002,408.7,419.5,595.83,429.9,486.5,538.92
987,OK,-21,-19,1009,1009,396.46,424.52,585.12,429.47,476.04,544.5
988,OK,-27,-10,1000,1000,387.73,433.5,574.83,431.84,466.64,548.44
989,OK,-34,0,988,988,377.11,438.06,561.92,434.77,451.95,552.23
990,OK,-47,-8,1007,1007,372.12,437.75,560.52,435.57,446.02,554.83
991,OK,-49,-3,992,992,364.23,439.46,549.67,434.28,438.48,549.2
992,OK,-57,-8,1003,1003,356.67,442.71,543.68,429.0,438.69,551.54
993,OK,-87,-21,1003,1003,330.57,434.39,516.99,413.39,404.63,537.42
994,OK,-96,-24,977,977,311.26,423.56,492.05,396.66,383.03,518.24
995,OK,-102,-1,937,937,287.79,428.24,458.95,390.47,358.73,525.93
996,OK,-93,20,886,886,280.79,425.56,442.88,391.4,339.69,519.49
997,OK,-93,37,865,865,272.15,436.11,429.29,397.26,329.24,522.17
998,OK,-99,35,885,885,271.21,442.48,432.49,405.59,335.0,531.57
999,OK,-102,39,893,893,271.83,445.85,434.6,408.12,335.09,544.33
1000,OK,-98,38,896,896,279.59,444.18,443.95,411.83,339.84,545.42
1001,OK,-89,23,920,920,299.65,435.36,470.47,415.19,357.24,541.68
1002,OK,-80,10,943,943,318.04,434.32,493.99,421.35,376.25,535.37
1003,OK,-69,-1,963,963,339.15,431.78,519.19,424.81,396.55,531.99
1004,OK,-64,-12,987,987,352.32,427.43,537.01,428.22,413.39,535.35
1005,OK,-44,-18,988,988,373.65,420.62,558.21,429.84,435.23,528.44
1006,OK,-31,-18,994,994,389.96,415.68,575.04,433.58,451.4,535.04
1007,OK,-11,-14,995,995,410.13,414.27,594.4,440.9,470.89,538.7
1008,OK,0,-9,991,991,418.93,415.5,601.99,444.66,480.8,542.65
1009,OK,-5,-22,1010,1010,423.71,407.82,609.51,441.91,484.33,541.4
1010,OK,-1,-17,1003,1003,423.4,408.41,607.97,441.69,485.65,543.56
1011,OK,1,-24,999,999,419.81,407.82,605.08,431.84,487.8,530.4
1012,OK,-2,-33,1005,1005,419.26,401.68,605.3,428.32,489.62,524.08
1013,OK,-5,-34,1003,1003,413.32,400.93,599.47,423.7,486.04,523.25
1014,OK,-8,-37,1007,1007,411.72,400.61,598.76,422.24,486.76,521.94
1015,OK,-16,-39,1013,1013,406.26,403.31,594.86,420.84,480.12,523.51
1016,OK,-16,-41,1008,1008,402.05,402.61,590.25,412.52,480.81,518.61
1017,OK,-17,-43,1005,1005,400.94,398.42,588.43,410.74,477.19,514.77
1018,OK,-5,-32,995,995,405.79,405.83,591.52,417.44,485.99,519.01
1019,OK,-10,-38,1004,1004,404.32,405.2,591.85,415.38,486.8,519.03
1020,OK,-18,-41,1017,1017,403.34,404.35,592.99,418.15,483.83,523.63
1021,OK,-14,-35,1007,1007,403.88,405.81,591.7,420.89,481.06,523.57
1022,OK,-9,-32,1000,1000,405.13,407.92,591.7,421.11,483.85,523.37
1023,OK,-7,-31,999,999,405.74,408.04,592.18,421.1,485.5,523.3
1024,OK,-12,-35,1004,1004,404.4,406.3,591.71,419.12,482.91,521.5
1025,OK,-10,-34,1003,1003,403.92,408.24,591.36,417.23,485.01,521.65
1026,OK,-14,-36,1008,1008,403.72,408.65,591.95,418.3,484.0,523.5
1027,OK,-13,-37,1008,1008,403.54,408.28,591.85,415.21,485.84,522.42
1028,OK,-12,-38,1003,1003,400.55,407.39,588.09,410.73,483.84,518.58
1029,OK,-10,-35,998,998,399.29,409.28,585.99,409.02,485.89,520.69
1030,OK,-15,-35,1001,1001,398.13,408.34,585.34,413.75,478.78,519.69
1031,OK,-20,-27,1006,1006,392.3,424.52,580.51,422.37,480.29,529.72
1032,OK,-20,10,1000,1000,390.35,450.45,577.26,447.12,476.45,571.7
1033,OK,-38,4,1028,1028,386.22,454.0,578.53,457.41,470.72,580.86
1034,OK,-31,8,1022,1022,390.19,454.89,581.23,460.39,474.78,582.32
1035,OK,-26,-2,1031,1031,398.09,447.29,590.81,454.84,484.38,576.06
1036,OK,-2,6,998,998,411.24,434.85,597.31,449.56,491.2,568.69
1037,OK,10,6,990,990,420.81,431.89,604.99,449.99,498.07,562.13
1038,OK,34,10,983,983,438.32,437.21,621.56,450.97,521.82,559.29
1039,OK,43,21,976,976,445.0,444.35,627.05,458.38,526.78,568.51
1040,OK,34,22,994,994,443.24,447.68,628.31,465.75,526.85,582.89
1041,OK,27,25,993,993,437.21,447.84,622.02,466.8,518.19,585.05
1042,OK,14,8,1012,1012,429.5,448.11,618.41,460.06,517.3,574.53
1043,OK,1,15,1007,1007,410.3,456.43,598.6,454.6,503.91,582.33
1044,OK,-32,12,1022,1022,385.06,467.34,575.73,454.27,479.59,585.5
1045,OK,-39,11,1026,1026,378.38,470.46,569.72,456.31,474.25,585.62
1046,OK,-63,2,1043,1043,364.33,470.19,558.74,453.95,456.01,585.63
1047,OK,-62,4,1037,1037,363.54,466.11,557.15,454.24,452.22,584.99
1048,OK,-41,4,1018,1018,375.36,462.37,564.99,445.46,467.26,572.7
1049,OK,-27,-1,1018,1018,390.43,449.91,580.79,445.84,479.35,569.32
1050,OK,5,7,995,995,412.89,438.67,598.8,445.79,498.58,565.89
1051,OK,15,6,1003,1003,429.61,437.68,616.56,453.72,510.04,568.66
1052,OK,38,28,982,982,444.55,446.5,627.13,465.86,523.81,581.93
1053,OK,48,28,984,984,457.86,444.23,639.85,471.45,532.48,583.02
1054,OK,55,24,995,995,469.77,441.52,652.66,475.45,543.09,584.14
1055,OK,73,31,985,985,483.2,442.73,663.43,480.81,558.47,585.24
1056,OK,79,32,981,981,486.88,443.93,666.3,482.28,563.29,582.66
1057,OK,73,22,992,992,483.78,443.26,666.35,475.83,564.18,576.74
1058,OK,54,11,1012,1012,473.25,440.99,660.29,469.72,554.04,579.41
1059,OK,53,17,992,992,462.38,442.72,646.91,462.8,543.61,574.98
1060,OK,50,22,988,988,456.3,445.09,640.32,462.49,539.92,578.95
1061,OK,50,39,969,969,448.84,450.67,629.07,470.09,529.37,587.21
1062,OK,37,35,981,981,441.25,452.18,623.85,469.57,522.15,589.18
1063,OK,1,7,1026,1026,423.74,448.41,615.13,462.81,510.43,585.01
1064,OK,-11,10,1017,1017,404.16,455.13,594.33,454.65,495.87,582.95
1065,OK,-26,13,1011,1011,387.41,459.98,576.33,453.46,477.41,580.73
1066,OK,-26,21,1001,1001,381.92,466.06,568.85,455.62,473.84,581.57
1067,OK,-40,15,1034,1034,379.75,477.7,572.57,464.14,478.0,594.02
1068,OK,-36,26,1026,1026,378.4,485.86,569.28,465.84,481.29,603.05
1069,OK,-47,10,1040,1040,373.23,479.1,566.64,458.99,477.43,590.97
1070,OK,-42,13,1023,1023,371.13,475.96,561.2,454.07,472.63,583.59
1071,OK,-45,9,1023,1023,369.49,471.86,559.41,449.19,469.1,579.58
1072,OK,-44,1,1031,1031,372.94,464.88,564.79,445.08,475.04,578.77
1073,OK,-26,15,1008,1008,383.43,464.13,571.56,451.75,478.79,580.48
1074,OK,-18,18,1000,1000,391.66,462.65,578.59,458.47,479.08,576.07
1075,OK,-9,21,1011,1011,409.15,459.42,597.6,473.79,489.41,587.1
1076,OK,9,18,1015,1015,429.77,453.74,618.46,475.07,508.02,586.06
1077,OK,38,31,988,988,449.8,448.98,632.89,474.56,524.08,589.62
1078,OK,45,19,990,990,456.51,439.38,639.69,465.77,532.96,576.08
1079,OK,54,7,987,987,462.79,428.98,645.74,453.54,540.74,559.25
1080,OK,62,8,974,974,467.25,424.66,647.24,453.34,542.08,551.95
1081,OK,66,3,978,978,468.78,423.4,650.21,446.62,550.58,549.47
1082,OK,44,-3,996,996,454.79,427.86,640.23,444.65,537.54,555.21
1083,OK,33,-2,995,995,440.57,434.17,626.53,442.48,528.28,553.6
1084,OK,21,-2,1001,1001,431.43,432.75,618.19,444.68,518.14,559.16
1085,OK,6,-3,1007,1007,415.95,438.2,604.35,439.6,508.53,563.01
1086,OK,-9,-4,1018,1018,403.3,447.7,593.52,441.26,502.11,566.7
1087,OK,-21,4,1008,1008,387.72,458.08,575.73,443.14,485.34,566.69
1088,OK,-41,-3,1030,1030,375.84,462.31,567.2,440.01,477.37,573.48
1089,OK,-37,2,1002,1002,369.83,461.66,555.53,435.9,467.02,557.49
1090,OK,-49,-20,1019,1019,363.97,447.01,553.11,423.26,462.95,544.17
1091,OK,-66,-23,1027,1027,352.39,445.48,543.0,421.92,447.31,546.97
1092,OK,-78,-32,1030,1030,343.98,442.96,535.03,418.54,434.94,536.29
1093,OK,-86,-24,1021,1021,335.29,445.02,524.5,418.83,419.59,540.69
1094,OK,-82,-6,1000,1000,330.95,452.48,515.97,424.87,413.49,550.93
1095,OK,-84,4,989,989,325.27,454.4,508.44,428.04,403.32,555.69
1096,OK,-82,6,982,982,326.92,452.68,508.92,428.35,401.81,554.31
1097,OK,-85,0,978,978,324.0,441.88,505.83,421.19,393.35,548.11
1098,OK,-83,-12,979,979,325.04,434.01,506.52,409.53,396.59,532.31
1099,OK,-90,-21,989,989,320.97,430.29,503.69,401.31,396.38,530.56
1100,OK,-96,-30,999,999,319.28,432.57,504.36,406.43,395.72,518.57
1101,OK,-93,-17,980,980,313.22,434.17,494.47,406.5,390.66,527.34
1102,OK,-87,12,960,960,311.6,447.25,489.38,422.69,386.58,549.72
1103,OK,-84,20,955,955,313.48,451.01,490.26,425.35,386.04,556.95
1104,OK,-86,10,965,965,317.28,446.86,496.54,425.63,387.01,549.7
1105,OK,-89,10,972,972,317.4,447.84,497.84,425.95,386.77,556.24
1106,OK,-82,3,966,966,325.5,440.7,505.43,424.3,388.5,539.78
1107,OK,-80,4,968,968,329.79,439.76,510.48,428.11,388.67,542.46
1108,OK,-79,8,964,964,333.95,435.77,514.12,430.84,383.28,547.35
1109,OK,-74,2,974,974,343.66,433.91,525.86,432.74,392.99,546.44
1110,OK,-57,3,977,977,356.91,434.28,539.68,435.72,415.57,547.33
1111,OK,-57,-1,991,991,361.49,435.45,546.82,438.19,423.83,552.29
1112,OK,-49,4,978,978,364.44,436.68,547.44,438.09,425.39,549.66
1113,OK,-56,-2,995,995,364.24,435.81,550.36,438.74,425.13,553.12
1114,OK,-48,2,984,984,367.57,434.86,551.56,438.53,428.8,551.59
1115,OK,-55,-4,996,996,366.47,434.44,552.74,437.14,428.17,552.94
1116,OK,-45,-6,990,990,372.03,432.3,557.21,434.56,437.02,545.36
1117,OK,-49,-3,995,995,370.63,435.54,556.75,438.3,433.54,552.45
1118,OK,-55,-8,1006,1006,368.7,436.3,556.86,438.39,434.25,554.59
1119,OK,-58,-8,1009,1009,367.18,437.11,555.93,437.79,431.22,554.87
1120,OK,-33,2,970,970,374.95,434.83,556.29,433.32,439.43,540.95
1121,OK,-43,-13,992,992,372.67,431.46,558.06,426.36,442.4,538.04
1122,OK,-47,-50,1016,1016,376.12,406.62,565.93,399.77,452.11,514.09
1123,OK,-41,-51,977,977,369.6,390.3,552.06,381.56,434.01,489.34
1124,OK,-38,-71,958,958,364.06,368.97,543.03,359.08,429.29,453.93
1125,OK,-43,-75,961,961,358.04,368.26,537.2,354.98,426.71,449.98
1126,OK,-38,-66,940,940,356.57,368.93,531.7,354.4,421.34,448.33
1127,OK,-48,-72,954,954,351.75,367.57,529.53,353.37,418.75,451.13
1128,OK,-51,-82,965,965,354.15,365.85,534.41,355.88,418.33,440.73
1129,OK,-56,-90,987,987,352.93,367.71,536.72,351.12,429.8,447.68
1130,OK,-52,-95,1007,1007,358.97,376.07,545.5,349.49,451.68,454.42
1131,OK,-54,-94,1010,1010,355.87,378.41,542.97,351.88,452.74,456.98
1132,OK,-59,-77,995,995,348.12,381.61,532.84,359.52,436.81,471.19
1133,OK,-68,-67,995,995,343.58,381.16,529.13,366.93,422.75,486.36
1134,OK,-65,-63,981,981,341.87,381.46,524.82,366.96,417.65,480.83
1135,OK,-65,-57,977,977,341.0,383.48,523.26,370.57,414.66,485.64
1136,OK,-63,-55,964,964,341.92,380.02,522.0,371.16,407.75,480.03
1137,OK,-55,-48,955,955,346.04,379.38,524.56,374.8,409.17,482.68
1138,OK,-54,-49,968,968,351.66,383.08,532.55,373.66,418.9,491.72
1139,OK,-56,-54,992,992,359.06,390.54,544.51,384.04,429.87,497.01
1140,OK,-66,-61,1012,1012,360.27,392.39,549.5,387.91,426.59,500.33
1141,OK,-65,-55,1015,1015,363.05,398.3,552.9,396.36,427.38,506.79
1142,OK,-56,-46,995,995,364.51,395.04,550.67,395.83,425.35,506.71
1143,OK,-47,-53,979,979,370.83,381.14,553.84,387.13,423.26,488.86
1144,OK,-33,-56,966,966,381.09,372.64,561.44,384.06,430.64,477.09
1145,OK,-14,-43,961,961,397.41,377.14,576.23,395.55,446.91,489.42
1146,OK,-9,-45,968,968,405.98,379.9,585.69,401.56,455.98,489.1
1147,OK,-11,-50,987,987,409.71,380.68,593.09,401.89,463.95,496.27
1148,OK,-4,-51,979,979,411.49,377.86,593.59,396.86,468.22,490.58
1149,OK,-10,-58,983,983,408.18,373.63,591.18,391.85,463.66,484.49
1150,OK,-4,-54,964,964,406.0,372.79,585.82,386.91,461.99,477.66
1151,OK,-8,-55,968,968,401.12,374.46,581.81,385.25,462.46,479.2
1152,OK,-10,-52,958,958,395.15,373.57,574.28,380.39,455.0,478.83
1153,OK,-20,-56,963,963,387.06,371.43,567.19,376.11,445.82,477.1
1154,OK,-39,-66,992,992,380.09,376.38,565.62,378.85,442.61,483.21
1155,OK,-45,-57,980,980,368.42,382.21,551.78,381.62,430.11,485.38
1156,OK,-47,-56,978,978,365.37,378.78,548.32,379.08,428.37,488.2
1157,OK,-49,-51,969,969,357.89,381.76,538.91,374.85,423.5,487.74
1158,OK,-46,-48,963,963,356.59,384.21,536.35,374.04,424.71,488.84
1159,OK,-49,-46,959,959,352.14,385.52,531.13,373.79,418.74,486.95
1160,OK,-76,-64,1003,1003,342.57,392.63,529.77,380.26,414.42,487.66
1161,OK,-87,-59,1011,1011,336.01,399.9,524.4,384.73,407.24,500.61
1162,OK,-90,-49,1000,1000,328.33,402.99,514.67,386.07,399.81,508.37
1163,OK,-89,-52,995,995,326.89,399.48,512.36,384.59,396.66,499.2
1164,OK,-90,-54,999,999,325.86,401.2,511.58,381.44,399.83,498.82
1165,OK,-82,-49,979,979,327.71,396.5,510.08,379.96,396.1,491.89
1166,OK,-84,-52,983,983,327.28,397.35,510.27,380.42,395.24,490.42
1167,OK,-84,-52,986,986,330.91,398.12,514.78,383.92,395.99,492.16
1168,OK,-84,-48,990,990,334.98,399.51,519.75,387.46,395.37,501.37
1169,OK,-59,-38,967,967,348.87,396.62,529.53,386.78,409.37,499.93
1170,OK,-67,-50,998,998,356.21,397.8,542.72,391.77,415.94,503.65
1171,OK,-60,-54,1002,1002,363.49,393.59,550.95,389.74,425.43,502.77
1172,OK,-38,-58,985,985,381.87,377.67,565.77,389.53,436.02,485.56
1173,OK,-24,-49,983,983,393.82,380.83,576.76,398.68,448.93,495.48
1174,OK,-19,-46,986,986,401.95,385.36,584.98,407.45,455.23,498.87
1175,OK,-18,-49,989,989,402.77,383.74,586.57,405.36,457.51,497.35
1176,OK,-18,-44,986,986,402.98,385.21,586.01,407.99,455.97,502.58
1177,OK,-9,-38,979,979,404.44,391.73,586.7,408.94,465.31,501.75
1178,OK,-11,-44,983,983,400.36,392.88,584.08,399.8,468.73,499.51
1179,OK,-16,-46,997,997,398.34,396.09,584.84,399.47,473.17,507.57
1180,OK,-22,-46,1004,1004,391.33,404.15,579.07,399.37,475.78,510.67
1181,OK,-48,-57,1028,1028,375.82,405.15,567.94,396.69,460.39,514.18
1182,OK,-77,-65,1044,1044,356.73,406.71,551.86,397.48,436.75,513.5
1183,OK,-75,-59,1033,1033,354.51,406.47,547.62,398.12,432.46,512.43
1184,OK,-78,-51,1021,1021,347.92,407.75,538.74,398.95,422.12,516.19
1185,OK,-79,-54,1027,1027,351.09,408.04,543.16,403.22,422.22,514.3
1186,OK,-68,-67,1028,1028,361.19,393.04,553.43,390.41,435.12,502.35
1187,OK,-45,-66,989,989,369.8,374.8,554.82,376.79,437.57,480.64
1188,OK,-28,-83,984,984,380.24,366.08,564.18,361.05,457.35,454.92
1189,OK,-27,-86,992,992,380.52,369.16,565.81,359.93,466.24,456.35
1190,OK,-37,-75,985,985,368.57,375.17,552.46,363.58,451.08,466.49
1191,OK,-45,-73,992,992,365.12,375.61,550.56,369.74,444.41,474.37
1192,OK,-62,-70,1015,1015,354.31,386.9,543.93,376.5,441.33,493.01
1193,OK,-77,-63,1019,1019,345.83,393.52,536.27,387.38,424.54,502.02
1194,OK,-78,-59,1001,1001,339.43,391.92,526.56,385.73,412.02,493.88
1195,OK,-83,-53,1006,1006,337.97,401.49,526.01,394.01,408.27,503.73
1196,OK,-79,-56,1005,1005,343.95,393.38,531.87,390.01,409.4,501.6
1197,OK,-71,-56,1010,1010,353.23,396.24,542.09,394.66,420.67,503.56
1198,OK,-62,-59,1014,1014,363.98,393.93,553.69,394.3,431.66,502.34
1199,OK,-49,-56,1004,1004,373.94,390.01,561.61,395.95,440.16,500.18
1200,OK,-48,-53,1015,1015,378.55,395.19,568.27,398.89,444.81,511.25
1201,OK,-34,-45,999,999,386.6,396.55,573.33,403.11,451.75,508.96
1202,OK,-28,-39,997,997,390.19,400.01,576.52,409.26,456.76,514.48
1203,OK,-27,-32,1000,1000,394.88,406.64,581.13,423.06,458.9,521.85
1204,OK,-14,-16,980,980,396.53,417.22,579.47,428.08,464.48,526.01
1205,OK,-21,-16,993,993,391.84,423.51,577.59,426.61,465.33,535.14
1206,OK,-21,-10,989,989,391.5,424.95,576.47,430.32,462.64,541.03
1207,OK,-14,-10,990,990,394.93,428.87,580.06,427.76,475.51,541.85
1208,OK,-23,-17,1016,1016,394.25,433.25,584.29,430.43,481.91,550.76
1209,OK,-7,4,1020,1020,402.33,459.67,592.41,443.27,510.05,578.46
1210,OK,-18,6,1031,1031,391.96,468.58,583.34,444.62,506.45,585.8
1211,OK,-55,4,1048,1048,368.84,471.44,564.05,453.32,472.48,594.28
1212,OK,-77,8,1045,1045,352.07,470.0,547.36,460.36,442.01,595.56
1213,OK,-66,-13,1026,1026,362.72,435.65,554.54,442.11,435.55,562.18
1214,OK,-57,-18,1027,1027,371.19,429.6,563.2,434.45,445.22,559.39
1215,OK,-64,-6,1055,1055,375.77,447.46,572.96,452.89,452.01,592.38
1216,OK,-67,0,1080,1080,381.52,466.44,583.41,469.05,464.4,612.47
1217,OK,-37,14,1033,1033,393.47,459.82,586.45,468.03,469.74,597.22
1218,OK,-40,-7,1035,1035,391.02,441.31,584.25,451.57,468.27,574.11
1219,OK,-31,-10,1012,1012,388.39,432.75,577.65,433.67,466.99,560.36
1220,OK,-29,-13,999,999,384.92,426.71,571.7,430.79,462.53,543.97
1221,OK,-54,-6,1008,1008,365.42,437.86,553.86,439.93,442.28,557.18
1222,OK,-68,-2,1031,1031,360.53,450.04,553.31,454.54,439.02,574.37
1223,OK,-66,9,1042,1042,365.01,465.1,559.98,465.76,449.47,594.8
1224,OK,-60,8,1044,1044,372.25,464.72,567.36,469.16,454.92,593.18
1225,OK,-36,12,1016,1016,385.45,459.43,575.38,464.12,465.23,579.17
1226,OK,-28,17,1003,1003,389.21,453.17,576.58,461.51,464.44,579.17
1227,OK,-26,17,998,998,388.38,454.33,574.99,458.08,465.44,576.88
1228,OK,-25,23,991,991,385.87,458.02,571.18,459.2,462.81,578.94
1229,OK,-55,2,1027,1027,371.38,454.85,563.45,453.56,450.28,577.3
1230,OK,-59,7,1014,1014,363.79,454.95,553.43,452.74,439.31,574.69
1231,OK,-79,-17,1028,1028,351.37,440.09,543.54,441.49,423.22,554.68
1232,OK,-106,-38,1020,1020,325.32,419.66,515.92,413.19,389.33,528.09
1233,OK,-122,-37,1027,1027,308.71,424.74,500.06,408.8,378.17,536.12
1234,OK,-117,6,967,967,292.18,432.7,473.03,426.69,350.45,549.86
1235,OK,-138,7,1006,1006,285.05,455.45,472.92,444.13,351.48,571.94
1236,OK,-127,20,1010,1010,297.02,464.33,485.88,461.83,364.68,587.3
1237,OK,-136,-1,1050,1050,305.33,466.16,501.32,454.56,376.47,587.85
1238,OK,-71,-9,1012,1012,353.42,439.74,542.65,442.55,423.24,554.45
1239,OK,-34,-17,998,998,382.96,426.95,569.5,431.11,455.56,536.17
1240,OK,8,-11,973,973,411.93,420.92,593.71,427.58,485.82,526.18
1241,OK,14,-8,984,984,427.43,422.0,610.16,444.48,493.84,534.91
1242,OK,27,3,984,984,440.18,427.4,622.37,453.85,508.26,549.8
1243,OK,28,5,985,985,440.02,431.35,622.63,455.36,509.87,552.06
1244,OK,11,7,1008,1008,433.09,442.09,619.92,467.14,505.07,569.38
1245,OK,4,30,1010,1010,424.08,465.75,612.25,482.12,500.9,596.41
1246,OK,-1,50,1012,1012,419.56,486.6,608.58,497.4,496.91,621.05
1247,OK,-1,62,1017,1017,418.72,499.39,608.7,507.96,501.62,637.13
1248,OK,4,78,1015,1015,416.26,523.23,606.03,519.97,511.48,649.34
1249,OK,-13,87,1022,1022,403.7,532.4,594.7,526.01,498.01,667.2
1250,OK,-35,94,1023,1023,383.83,539.26,575.04,530.87,474.41,676.24
1251,OK,-53,99,1028,1028,373.19,544.38,565.41,543.87,453.47,683.68
1252,OK,-67,91,1048,1048,368.5,545.06,564.57,547.73,448.87,684.19
1253,OK,-55,102,1031,1031,372.04,550.12,564.84,552.57,452.81,684.5
1254,OK,-47,113,1021,1021,374.93,556.15,565.88,557.56,456.96,690.86
1255,OK,-45,118,1020,1020,377.22,558.33,567.92,559.31,457.45,697.79
1256,OK,-44,117,1023,1023,378.99,559.52,570.26,558.6,460.82,697.63
1257,OK,-42,116,1027,1027,380.54,560.67,572.64,558.82,465.52,699.48
1258,OK,-47,120,1035,1035,380.11,564.8,573.62,564.36,464.41,710.28
1259,OK,-47,119,1035,1035,380.65,563.99,574.13,566.75,463.62,708.24
1260,OK,-47,115,1043,1043,382.0,565.3,577.12,563.79,469.3,709.38
1261,OK,-50,110,1056,1056,383.3,567.03,580.71,561.51,475.63,712.55
1262,OK,-46,111,1055,1055,384.91,568.16,582.18,561.34,478.88,711.81
1263,OK,-47,115,1045,1045,382.35,565.78,577.81,564.09,470.42,709.47
1264,OK,-44,123,1029,1029,379.47,567.77,571.95,565.21,465.27,707.55
1265,OK,-43,123,1026,1026,380.02,566.54,571.88,565.49,464.15,706.85
1266,OK,-46,82,1064,1064,388.21,546.13,587.02,539.36,485.18,687.03
1267,OK,-46,73,1024,1024,376.47,522.65,567.81,514.56,460.96,653.13
1268,OK,-89,35,1016,1016,338.6,484.05,528.54,478.88,406.29,605.83
1269,OK,-86,17,999,999,332.25,463.03,518.45,448.18,402.57,576.67
1270,OK,-85,-1,997,997,332.57,445.09,518.4,430.43,401.51,557.88
1271,OK,-83,0,980,980,328.2,446.31,510.49,426.42,396.03,545.05
1272,OK,-85,1,987,987,326.29,448.13,509.34,424.8,400.1,552.19
1273,OK,-91,3,996,996,324.33,452.77,509.6,433.08,397.19,560.39
1274,OK,-105,0,1024,1024,321.33,460.47,511.9,441.61,398.29,573.22
1275,OK,-97,4,1028,1028,329.18,465.73,520.75,449.7,409.04,578.71
1276,OK,-95,-6,1034,1034,333.63,458.24,526.34,442.17,414.6,573.54
1277,OK,-86,-20,1036,1036,345.64,440.43,539.38,435.31,421.7,558.62
1278,OK,-61,-9,1013,1013,358.33,440.2,547.78,437.02,436.97,555.77
1279,OK,-49,-1,994,994,364.11,443.12,550.01,439.62,440.4,552.33
1280,OK,-57,-5,1029,1029,368.72,449.99,561.17,446.19,449.58,571.16
1281,OK,-52,5,1042,1042,380.96,463.19,575.67,469.18,460.63,587.37
1282,OK,-47,20,1046,1046,389.24,473.98,584.74,482.91,466.41,607.8
1283,OK,-35,37,1053,1053,402.5,487.75,598.87,501.58,483.27,633.33
1284,OK,-18,43,1035,1035,413.16,485.3,606.1,501.98,488.75,626.87
1285,OK,-19,38,1027,1027,409.98,479.11,601.4,495.24,483.45,614.97
1286,OK,-18,28,1011,1011,402.71,468.79,591.34,480.59,478.04,592.65
1287,OK,-29,-7,1026,1026,394.63,445.95,586.44,448.34,479.26,565.02
1288,OK,-26,-5,998,998,386.51,441.37,573.13,437.23,467.05,549.17
1289,OK,-34,-6,996,996,373.4,448.08,558.71,429.51,463.11,545.27
1290,OK,-58,-13,1021,1021,359.81,450.73,549.97,433.45,449.75,553.86
1291,OK,-70,-8,1031,1031,352.17,455.94,544.5,443.22,442.13,564.54
1292,OK,-74,-3,1014,1014,344.31,456.84,533.24,440.79,428.06,561.16
1293,OK,-83,-1,1022,1022,340.83,459.45,531.52,444.96,421.16,568.83
1294,OK,-83,-8,1036,1036,345.68,457.97,539.17,448.35,427.61,567.63
1295,OK,-70,1,1028,1028,354.66,461.94,546.63,452.62,439.07,573.64
1296,OK,-67,-8,1043,1043,362.86,457.74,557.81,452.11,448.58,572.48
1297,OK,-49,10,1021,1021,373.56,463.11,564.59,462.69,454.05,578.46
1298,OK,-36,21,1007,1007,380.53,467.77,568.78,467.25,461.0,580.57
1299,OK,-44,14,1013,1013,376.96,462.16,566.44,463.71,453.33,577.9
1300,OK,-56,6,1020,1020,367.7,460.45,558.45,454.91,446.52,575.17
1301,OK,-60,3,1009,1009,358.22,450.28,546.91,443.81,435.59,567.99
1302,OK,-72,-8,1018,1018,352.02,440.86,542.36,438.66,427.7,564.08
1303,OK,-77,-15,1017,1017,345.9,438.79,536.0,430.88,422.89,552.72
1304,OK,-79,-10,1007,1007,341.33,438.59,529.52,430.4,412.68,553.35
1305,OK,-77,-13,1011,1011,342.28,444.05,530.91,430.62,421.24,548.07
1306,OK,-87,-11,1034,1034,339.26,454.82,531.8,435.87,425.95,567.35
1307,OK,-80,11,1013,1013,337.72,464.62,526.14,445.07,422.05,580.81
1308,OK,-89,1,1026,1026,335.06,458.71,526.03,440.25,418.43,579.33
1309,OK,-85,-7,1015,1015,337.68,442.77,527.21,433.11,412.68,563.95
1310,OK,-88,-40,1033,1033,340.82,421.4,533.67,411.25,419.54,535.72
1311,OK,-77,-58,1041,1041,351.9,409.3,546.22,398.84,438.2,520.81
1312,OK,-58,-57,1027,1027,363.79,406.97,555.37,394.14,450.76,512.56
1313,OK,-33,-27,989,989,371.33,426.7,555.63,411.26,459.65,516.43
1314,OK,-29,-13,983,983,374.54,433.06,557.88,419.98,459.07,529.6
1315,OK,-35,-13,1001,1001,377.68,434.13,564.77,426.81,460.68,545.52
1316,OK,-27,-15,998,998,387.43,428.45,574.15,429.42,464.63,539.45
1317,OK,-17,-15,994,994,396.51,424.21,582.26,431.01,471.39,537.35
1318,OK,-15,-23,1006,1006,403.55,417.99,591.53,427.81,480.35,538.27
1319,OK,-9,-18,1000,1000,408.51,418.03,595.06,431.53,481.27,539.76
1320,OK,0,-10,988,988,412.45,420.36,596.72,435.22,484.53,540.61
1321,OK,-6,-18,1003,1003,411.55,419.52,598.65,434.07,486.06,540.33
1322,OK,-13,-16,995,995,402.33,417.25,587.96,431.08,474.58,538.83
1323,OK,-28,-20,1002,1002,389.78,421.35,577.07,427.97,463.09,537.95
1324,OK,-26,-12,989,989,380.24,432.66,564.98,424.62,464.67,535.36
1325,OK,-45,-20,1012,1012,368.9,439.98,557.39,422.24,460.76,541.12
1326,OK,-66,-28,1031,1031,354.92,439.11,547.0,422.54,448.19,544.98
1327,OK,-74,-28,1033,1033,347.65,440.64,539.81,420.96,441.22,545.66
1328,OK,-89,-20,1026,1026,332.14,443.68,522.96,422.75,420.98,553.14
1329,OK,-92,-2,1014,1014,324.41,457.81,512.08,430.87,413.39,566.22
1330,OK,-91,12,1000,1000,320.3,464.6,505.86,440.9,405.24,572.32
1331,OK,-96,-2,1012,1012,320.48,459.32,507.75,431.56,407.5,564.25
1332,OK,-100,-39,1052,1052,330.6,442.19,525.68,416.92,424.16,544.59
1333,OK,-80,-53,1057,1057,347.67,435.89,544.06,412.58,450.93,526.57
1334,OK,-30,-37,1015,1015,375.07,431.92,563.07,405.62,486.4,521.9
1335,OK,-35,-34,1016,1016,371.69,436.57,559.98,410.37,482.12,526.05
1336,OK,-65,-30,1031,1031,354.0,437.58,545.96,419.54,450.16,541.75
1337,OK,-72,-17,1011,1011,344.75,439.02,533.34,424.14,428.27,545.04
1338,OK,-66,-14,1005,1005,350.79,436.1,538.48,426.63,428.31,545.97
1339,OK,-47,-10,989,989,363.43,431.21,548.43,427.73,438.14,539.67
1340,OK,-30,-25,1008,1008,389.47,420.22,577.93,425.67,465.97,536.85
1341,OK,-13,-24,1008,1008,405.37,417.41,593.5,429.38,484.53,537.86
1342,OK,-9,-16,1002,1002,406.85,421.9,593.91,432.02,484.46,543.3
1343,OK,6,-3,991,991,415.54,428.13,600.45,440.71,495.25,549.9
1344,OK,10,-19,1007,1007,420.56,426.82,608.89,432.77,511.34,540.11
1345,OK,1,-17,1001,1001,408.55,427.72,595.72,427.19,499.9,538.55
1346,OK,-14,-14,990,990,392.43,429.91,577.55,424.48,477.67,535.07
1347,OK,-34,2,971,971,368.47,438.27,550.02,431.18,443.58,539.49
1348,OK,-70,-14,1015,1015,350.72,442.05,540.35,432.27,430.17,550.14
1349,OK,-85,-9,1006,1006,333.61,446.32,521.01,429.57,409.33,551.03
1350,OK,-96,-22,1026,1026,329.52,443.54,520.18,422.31,410.78,550.2
1351,OK,-67,-29,1016,1016,341.08,447.0,527.12,407.87,448.7,531.26
1352,OK,-81,-42,1028,1028,329.74,443.92,516.4,397.76,443.85,524.81
1353,OK,-94,-35,1017,1017,316.66,442.37,502.87,403.92,418.72,523.81
1354,OK,-97,-25,1004,1004,311.81,444.47,495.76,406.71,407.81,530.02
1355,OK,-95,-14,980,980,307.04,437.9,487.45,405.3,393.56,530.68
1356,OK,-82,10,955,955,311.65,446.67,487.68,416.39,391.61,544.11
1357,OK,-84,2,979,979,320.28,445.02,501.85,421.46,399.55,549.48
1358,OK,-85,-12,994,994,328.55,436.96,513.73,421.37,403.08,541.42
1359,OK,-84,-14,1017,1017,339.07,440.37,528.95,428.26,415.02,554.56
1360,OK,-69,-14,1015,1015,352.99,438.39,542.73,433.49,429.76,550.2
1361,OK,-42,1,980,980,367.61,435.9,550.92,438.54,437.74,546.74
1362,OK,-41,-16,993,993,375.18,424.85,560.96,427.91,443.29,534.23
1363,OK,-24,-29,1003,1003,398.73,407.13,584.89,429.66,462.55,526.86
1364,OK,-5,-27,988,988,412.39,403.93,595.62,428.57,475.15,519.13
1365,OK,20,-3,968,968,430.35,413.75,609.18,442.41,489.52,534.3
1366,OK,19,-13,995,995,436.59,416.66,621.21,440.4,504.27,540.96
1367,OK,20,-7,994,994,438.69,419.16,622.48,446.58,504.19,548.36
1368,OK,12,-9,1010,1010,438.95,420.66,625.28,451.21,503.32,557.91
1369,OK,19,-7,996,996,439.2,420.33,623.49,447.86,504.24,549.61
1370,OK,24,-4,985,985,439.13,420.71,621.69,445.26,503.51,544.0
1371,OK,22,-6,990,990,440.3,418.15,623.16,446.79,502.86,545.85
1372,OK,20,-14,993,993,439.39,413.31,623.05,441.25,501.85,537.72
1373,OK,26,-5,969,969,435.01,413.0,614.43,438.74,495.69,532.74
1374,OK,14,-5,977,977,423.98,419.56,605.97,436.95,490.63,538.58
1375,OK,4,-4,977,977,409.43,425.44,591.97,431.75,483.96,539.93
1376,OK,-19,-17,1002,1002,394.18,430.62,581.48,425.54,476.49,540.1
1377,OK,-40,-11,1001,1001,368.63,444.89,554.47,422.89,458.69,546.08
1378,OK,-84,-6,1006,1006,335.2,446.35,522.46,427.32,411.1,558.67
1379,OK,-88,-2,971,971,317.5,436.73,497.78,414.44,386.78,540.44
1380,OK,-101,-14,975,975,303.88,431.42,483.46,400.21,379.7,532.18
1381,OK,-96,-13,964,964,305.23,429.79,482.82,398.25,379.39,524.48
1382,OK,-90,-9,979,979,312.71,442.14,493.32,411.53,395.21,533.32
1383,OK,-81,-20,1021,1021,328.26,455.09,515.12,415.99,436.64,545.17
1384,OK,-64,-21,1022,1022,338.51,456.69,524.09,410.9,463.85,546.8
1385,OK,-95,-28,1040,1040,321.93,453.09,512.92,416.42,433.83,550.72
1386,OK,-99,-2,1006,1006,307.19,461.09,490.97,421.12,410.04,561.7
1387,OK,-100,0,1007,1007,307.75,462.19,491.94,423.07,408.08,564.65
1388,OK,-94,6,995,995,310.46,461.63,492.92,424.61,404.64,564.26
1389,OK,-96,12,996,996,311.37,464.18,495.18,434.3,401.55,571.04
1390,OK,-91,24,1002,1002,319.52,474.46,505.5,451.34,408.36,588.98
1391,OK,-93,27,1009,1009,320.12,478.4,507.39,454.77,410.08,596.11
1392,OK,-92,33,1010,1010,321.35,483.78,508.85,460.13,412.48,605.85
1393,OK,-94,28,1025,1025,323.51,486.02,513.47,459.65,418.31,608.83
1394,OK,-95,25,1028,1028,324.86,483.62,515.63,459.69,418.71,606.55
1395,OK,-97,24,1031,1031,323.53,484.62,514.58,458.89,417.27,607.25
1396,OK,-91,24,1024,1024,326.92,482.23,516.87,457.85,421.42,603.6
1397,OK,-95,25,1025,1025,323.33,482.04,513.36,457.28,416.05,606.12
1398,OK,-94,27,1023,1023,323.55,482.7,513.26,458.22,416.04,605.66
1399,OK,-99,19,1035,1035,323.99,480.81,516.19,457.76,416.9,604.65
1400,OK,-98,22,1030,1030,324.14,481.44,515.31,458.27,416.18,604.98
1401,OK,-98,21,1033,1033,324.46,481.82,516.49,459.84,415.81,604.36
1402,OK,-100,23,1032,1032,323.18,483.55,514.75,459.74,413.97,606.91
1403,OK,-100,23,1031,1031,322.87,483.49,514.34,461.25,412.57,605.54
1404,OK,-100,24,1033,1033,322.82,484.11,514.69,461.57,413.93,608.74
1405,OK,-99,26,1029,1029,322.3,485.24,513.31,461.18,414.04,608.49
1406,OK,-99,25,1031,1031,322.61,484.42,514.07,461.61,413.72,608.25
1407,OK,-99,25,1031,1031,322.87,485.05,514.4,462.1,414.35,608.01
1408,OK,-97,27,1023,1023,322.68,483.52,512.89,462.96,411.46,603.98
1409,OK,-95,23,1019,1019,323.72,481.01,513.18,460.73,411.13,594.34
1410,OK,-102,46,1009,1009,314.59,491.87,502.58,475.82,396.05,618.05
1411,OK,-112,45,1012,1012,310.67,490.0,499.55,477.11,384.56,618.8
1412,OK,-114,31,1034,1034,316.96,489.38,509.86,476.61,393.98,614.86
1413,OK,-110,22,1041,1041,323.83,481.18,518.45,474.4,399.35,608.03
1414,OK,-84,13,1018,1018,341.81,467.11,532.08,462.69,415.0,580.25
1415,OK,-52,10,1001,1001,364.2,454.56,551.49,452.8,438.81,567.53
1416,OK,-34,11,998,998,381.57,447.71,568.19,453.71,455.13,570.56
1417,OK,-20,1,1001,1001,398.77,432.96,585.24,450.16,469.91,561.35
1418,OK,-11,0,993,993,402.47,431.64,587.75,445.04,475.66,554.21
1419,OK,-18,-17,1004,1004,399.99,422.25,587.38,434.49,474.76,542.52
1420,OK,-29,-16,1000,1000,387.46,423.26,574.37,427.89,462.27,542.54
1421,OK,-32,-13,982,982,375.39,426.68,559.07,423.69,450.99,532.49
1422,OK,-60,-30,1014,1014,359.48,428.31,548.67,416.42,440.25,532.55
1423,OK,-73,-27,1011,1011,345.95,433.9,534.17,416.07,424.94,531.7
1424,OK,-83,-23,1004,1004,335.25,433.84,522.1,414.96,410.18,534.7
1425,OK,-86,-34,1005,1005,331.39,422.36,518.36,403.83,407.52,523.02
1426,OK,-88,-33,999,999,327.61,418.45,513.55,400.16,401.95,523.32
1427,OK,-88,-35,1000,1000,328.3,417.31,514.67,400.55,403.77,522.22
1428,OK,-85,-30,1002,1002,333.97,421.4,520.82,406.89,406.29,529.25
1429,OK,-77,-26,1016,1016,346.6,428.75,536.44,419.71,420.95,540.7
1430,OK,-59,-13,997,997,355.32,432.07,541.74,426.91,429.58,541.75
1431,OK,-42,-8,982,982,367.21,429.9,550.83,428.63,440.13,538.54
1432,OK,-43,-32,1004,1004,373.82,418.94,561.6,414.98,451.1,524.96
1433,OK,-18,-31,987,987,390.08,406.66,574.64,409.77,468.94,516.32
1434,OK,-8,-30,982,982,398.67,405.8,582.12,413.33,477.47,512.56
1435,OK,-4,-22,987,987,407.16,406.81,590.74,426.96,479.12,526.9
1436,OK,-6,-16,994,994,407.96,415.02,592.87,433.79,482.5,539.2
1437,OK,11,-3,983,983,422.74,421.95,605.17,445.17,491.74,543.98
1438,OK,14,1,987,987,427.61,424.79,610.35,450.37,495.14,550.67
1439,OK,2,-8,995,995,417.48,421.63,602.74,439.24,488.58,547.8
1440,OK,-1,-18,994,994,412.91,414.72,598.14,430.9,487.93,535.49
1441,OK,-2,-26,981,981,404.63,406.38,587.8,416.17,480.66,518.27
1442,OK,-5,-35,979,979,397.77,402.33,580.87,400.82,479.48,507.83
1443,OK,0,-46,975,975,395.86,397.31,577.97,388.6,488.9,489.43
1444,OK,-11,-63,1000,1000,392.57,394.71,579.38,384.03,492.92,486.55
1445,OK,6,-48,985,985,395.9,403.17,579.24,384.34,508.84,494.34
1446,OK,12,-38,978,978,396.31,408.6,578.11,387.74,516.55,504.6
1447,OK,-14,-44,1003,1003,383.94,412.66,570.79,396.6,497.09,509.83
1448,OK,-42,-52,1017,1017,366.98,408.05,556.62,392.91,470.3,511.6
1449,OK,-40,-51,1001,1001,366.59,398.43,553.48,388.3,460.79,505.85
1450,OK,-34,-57,987,987,372.04,386.41,556.47,380.94,453.75,489.47
1451,OK,-20,-61,970,970,381.58,374.51,562.95,373.36,459.09,474.38
1452,OK,0,-79,974,974,403.07,357.34,585.06,365.68,481.36,456.45
1453,OK,-4,-106,1002,1002,413.14,343.71,600.04,357.24,487.49,439.73
1454,OK,48,-95,955,955,441.69,340.31,620.32,345.47,519.66,421.86
1455,OK,73,-97,946,946,462.73,338.74,638.75,356.88,541.53,405.86
1456,OK,100,-88,937,937,487.11,336.21,659.26,368.64,564.31,407.75
1457,OK,97,-92,953,953,492.05,335.44,666.07,373.79,567.24,414.23
1458,OK,109,-63,931,931,497.57,351.99,667.81,388.51,565.96,434.2
1459,OK,101,-67,953,953,503.47,351.37,676.76,393.27,565.5,447.3
1460,OK,96,-78,983,983,506.57,350.85,686.1,390.69,579.38,456.17
1461,OK,98,-71,974,974,509.61,354.08,685.41,401.83,574.23,454.05
1462,OK,87,-79,968,968,492.28,350.23,669.18,388.79,561.91,441.85
1463,OK,78,-90,978,978,481.73,344.71,662.01,375.92,562.3,439.02
1464,OK,44,-98,986,986,450.98,353.05,634.22,373.1,532.74,428.08
1465,OK,18,-97,979,979,423.77,355.4,606.51,365.41,500.05,424.47
1466,OK,13,-87,959,959,404.05,358.46,583.5,356.82,490.71,427.83
1467,OK,-6,-91,973,973,389.93,363.26,571.71,354.55,480.25,432.78
1468,OK,-49,-100,1004,1004,362.36,371.22,549.37,353.29,451.56,441.93
1469,OK,-65,-97,1021,1021,351.79,381.04,541.84,362.85,443.18,455.35
1470,OK,-74,-89,1017,1017,339.09,384.07,527.89,360.6,436.14,467.54
1471,OK,-87,-82,1017,1017,328.5,388.38,516.8,362.08,420.96,477.56
1472,OK,-84,-74,999,999,325.3,386.53,510.59,362.72,413.85,475.86
1473,OK,-78,-81,998,998,330.46,383.9,515.38,359.05,420.18,465.38
1474,OK,-73,-88,994,994,335.69,372.91,520.78,356.37,420.69,454.62
1475,OK,-70,-91,992,992,338.87,367.15,523.91,352.42,422.59,451.73
1476,OK,-48,-91,967,967,350.77,360.93,531.1,347.33,429.95,431.31
1477,OK,-33,-115,983,983,371.76,345.99,555.61,341.99,452.58,409.41
1478,OK,17,-97,951,951,408.85,339.3,586.07,354.1,486.67,410.85
1479,OK,28,-106,963,963,423.61,341.53,603.1,357.15,505.68,401.71
1480,OK,55,-96,948,948,446.25,341.67,622.55,360.85,524.07,406.66
1481,OK,71,-81,936,936,458.05,343.52,631.35,368.34,534.38,419.53
1482,OK,65,-74,943,943,455.47,349.71,630.68,369.97,530.18,435.56
1483,OK,47,-92,983,983,453.64,349.0,636.5,367.23,532.69,440.32
1484,OK,46,-85,989,989,456.16,354.26,639.64,377.48,533.63,452.85
1485,OK,46,-82,987,987,455.74,353.51,638.55,379.02,531.45,457.47
1486,OK,34,-97,1000,1000,447.82,359.5,634.0,377.6,528.54,437.65
1487,OK,26,-93,985,985,430.6,359.41,614.71,366.57,514.81,436.75
1488,OK,5,-96,993,993,413.96,357.77,599.7,361.44,496.75,441.55
1489,OK,4,-83,972,972,401.38,364.06,583.14,360.03,488.31,444.19
1490,OK,-12,-85,978,978,387.96,367.67,570.58,358.93,475.19,446.17
1491,OK,-38,-77,980,980,365.3,374.2,548.23,362.04,448.68,459.42
1492,OK,-57,-78,991,991,351.7,372.99,536.86,365.97,432.73,465.07
1493,OK,-70,-67,984,984,338.92,376.93,522.69,367.23,414.56,477.94
1494,OK,-70,-75,988,988,339.29,375.32,523.66,364.25,417.04,469.83
1495,OK,-69,-73,987,987,339.5,376.24,523.69,364.61,418.14,470.52
1496,OK,-65,-74,982,982,341.16,373.74,524.55,363.39,419.59,466.72
1497,OK,-73,-63,990,990,337.16,389.4,521.71,373.45,415.72,483.8
1498,OK,-76,-72,1002,1002,338.25,386.54,525.19,372.88,418.71,478.93
1499,OK,-67,-76,1002,1002,347.18,375.06,534.6,370.66,428.8,477.17
1500,OK,-49,-72,985,985,360.29,370.81,544.59,372.13,434.36,470.01
1501,OK,-32,-71,980,980,376.08,370.24,559.31,372.88,449.05,468.38
1502,OK,-16,-80,995,995,400.71,363.33,585.72,384.13,470.05,460.28
1503,OK,8,-64,996,996,427.02,374.34,611.0,403.55,494.61,479.23
1504,OK,22,-47,1000,1000,440.83,388.48,624.88,421.26,511.41,503.09
1505,OK,42,-43,988,988,460.22,380.07,640.4,421.27,523.62,502.4
1506,OK,52,-42,979,979,465.37,374.88,643.97,415.32,529.33,499.84
1507,OK,37,-63,1001,1001,456.6,369.48,640.45,404.99,525.7,487.63
1508,OK,25,-73,1002,1002,445.59,363.88,630.19,396.29,515.23,476.46
1509,OK,10,-75,997,997,426.32,361.04,611.29,385.18,498.98,474.66
1510,OK,-3,-78,998,998,410.67,363.02,596.73,377.98,489.62,471.62
1511,OK,-16,-75,988,988,392.17,371.04,576.94,372.07,472.35,468.16
1512,OK,-35,-70,991,991,375.17,374.78,560.41,372.29,453.9,478.09
1513,OK,-52,-66,993,993,361.55,375.77,547.32,379.48,435.11,483.18
1514,OK,-61,-60,991,991,350.01,382.2,535.35,380.47,425.43,489.03
1515,OK,-72,-54,986,986,338.84,389.05,523.12,382.62,412.43,492.19
1516,OK,-65,-49,969,969,338.72,387.29,519.79,379.12,409.59,488.79
1517,OK,-79,-69,1005,1005,337.91,386.48,525.8,380.56,414.87,483.13
1518,OK,-70,-66,1006,1006,346.03,389.92,534.11,385.23,427.28,487.5
1519,OK,-49,-68,995,995,358.68,381.9,544.59,375.54,444.73,480.75
1520,OK,-45,-75,1006,1006,368.94,385.58,556.84,377.08,454.41,476.33
1521,OK,-8,-48,991,991,393.47,399.74,578.88,398.8,488.42,495.9
1522,OK,-2,-36,994,994,398.1,413.01,583.85,407.65,499.13,512.45
1523,OK,10,-26,985,985,404.41,417.45,588.63,413.22,509.42,516.68
1524,OK,-18,-45,1026,1026,392.51,421.06,584.18,413.07,503.25,519.55
1525,OK,-22,-36,1017,1017,383.43,429.41,572.98,414.57,495.48,522.45
1526,OK,-68,-11,1039,1039,350.21,454.2,543.73,437.13,456.98,571.55
1527,OK,-90,-13,1046,1046,331.32,458.0,525.82,437.16,438.96,574.13
1528,OK,-97,1,1035,1035,318.04,464.72,510.12,441.54,425.92,584.75
1529,OK,-96,-1,1021,1021,314.29,459.11,503.79,435.66,420.38,572.44
1530,OK,-99,-6,1026,1026,311.75,460.04,501.33,430.06,422.57,570.54
1531,OK,-112,2,1037,1037,302.74,473.06,493.76,439.39,414.11,584.93
1532,OK,-115,16,1032,1032,299.23,484.37,488.83,448.38,408.04,599.4
1533,OK,-120,23,1038,1038,297.37,492.18,487.72,453.95,407.44,611.86
1534,OK,-118,16,1037,1037,298.78,483.78,489.59,448.94,407.35,601.87
1535,OK,-120,5,1042,1042,299.58,479.27,491.18,443.26,407.93,592.63
1536,OK,-112,0,1038,1038,304.82,471.0,496.26,438.36,415.33,583.81
1537,OK,-106,-4,1030,1030,307.22,464.45,497.36,434.14,416.37,573.15
1538,OK,-108,-8,1030,1030,307.86,459.52,498.26,429.97,412.74,570.94
1539,OK,-99,-10,1029,1029,313.76,457.86,503.77,427.33,422.16,565.73
1540,OK,-102,-6,1024,1024,310.81,458.66,500.12,429.8,416.52,569.42
1541,OK,-105,-5,1025,1025,307.97,459.64,497.2,429.26,412.03,569.83
1542,OK,-103,-1,1017,1017,307.85,460.46,495.77,430.82,409.56,569.8
1543,OK,-103,0,1014,1014,309.0,459.93,496.5,431.39,407.23,569.25
1544,OK,-91,6,998,998,314.88,461.5,499.91,436.51,409.1,561.63
1545,OK,-101,6,1004,1004,309.83,462.57,496.14,439.83,400.17,566.6
1546,OK,-116,-6,1039,1039,311.85,464.13,505.42,446.68,398.48,572.18
1547,OK,-129,8,1057,1057,306.88,483.85,503.45,462.74,393.39,599.01
1548,OK,-149,56,1077,1077,296.89,534.46,496.73,509.74,382.33,666.97
1549,OK,-142,106,1060,1060,297.93,570.2,495.36,553.28,380.11,710.62
1550,OK,-147,181,1080,1080,298.8,646.58,500.48,634.0,387.35,802.44
1551,OK,-153,265,1121,1121,309.73,742.04,519.37,739.58,400.45,910.29
1552,FILLED,-153,265,1121,1121,,,,,,
1553,OK,40,516,741,741,347.09,844.86,478.54,800.88,408.9,950.84
1554,OK,18,440,831,831,359.84,804.57,510.0,764.29,431.66,926.42
1555,OK,87,476,766,766,401.43,792.13,544.31,780.95,467.25,933.32
1556,OK,128,552,716,716,449.97,805.37,569.17,866.28,463.79,985.28
1557,OK,261,604,545,545,500.66,777.41,588.58,829.19,523.21,949.49
1558,OK,168,630,591,591,413.46,876.88,517.97,840.6,461.09,992.66
1559,OK,-121,242,959,959,315.1,626.58,482.34,691.2,318.7,783.29
1560,OK,-28,320,1080,1080,428.16,744.33,624.02,793.81,499.26,951.82
1561,OK,-56,324,1140,1140,412.78,797.22,625.67,808.19,510.09,986.28
1562,OK,-49,341,1109,1109,403.1,820.84,609.95,805.34,504.94,977.2
1563,OK,-68,346,1080,1080,387.62,785.41,587.35,815.52,456.94,971.79
1564,OK,-12,337,1043,1043,415.09,766.26,609.68,779.32,506.22,944.05
1565,OK,-56,236,1101,1101,392.77,704.99,598.63,700.18,493.12,870.84
1566,OK,-93,196,1065,1065,348.85,645.9,547.97,642.92,430.64,812.95
1567,OK,-25,209,986,986,375.96,630.3,560.4,630.95,467.94,774.0
1568,OK,-101,224,1066,1066,339.23,689.47,538.49,681.42,427.05,828.66
1569,OK,-96,266,1071,1071,334.4,742.16,531.61,706.97,445.34,877.96
1570,OK,-74,271,1044,1044,352.44,731.79,546.47,709.12,447.88,867.46
1571,OK,59,478,783,783,380.55,809.68,521.02,768.05,450.72,949.5
1572,OK,84,480,822,822,405.49,824.82,551.9,777.84,512.04,982.31
1573,OK,61,416,861,861,398.17,807.76,543.9,739.03,512.85,919.6
1574,OK,66,445,826,826,392.79,798.31,540.74,753.72,492.65,940.62
1575,OK,47,435,823,823,380.34,785.24,528.59,743.58,463.12,928.81
1576,OK,46,449,825,825,377.97,826.41,514.56,754.48,470.58,932.73
1577,OK,119,533,686,686,397.47,822.97,517.08,776.71,468.15,952.29
1578,OK,134,524,674,674,406.08,796.83,528.98,768.6,475.74,940.73
1579,OK,114,476,719,719,402.62,768.36,535.3,746.88,477.61,913.07
1580,OK,66,456,765,765,371.9,782.15,506.83,734.36,457.39,919.56
1581,OK,85,436,803,803,404.96,769.91,554.2,752.21,492.93,914.47
1582,OK,109,447,784,784,427.86,762.39,574.35,769.43,502.74,913.17
1583,OK,-34,394,939,939,345.56,832.0,495.44,740.59,450.36,939.89
1584,OK,6,332,918,918,377.02,713.1,548.42,701.74,467.92,876.17
1585,OK,-90,174,1118,1118,365.23,659.9,573.69,642.92,469.13,816.09
1586,OK,-71,172,1071,1071,360.8,639.71,559.86,617.26,467.88,786.81
1587,OK,-52,205,1021,1021,368.66,637.98,559.6,633.62,452.17,795.45
1588,OK,-87,207,1087,1087,357.03,678.44,558.93,654.58,454.07,834.24
1589,OK,-98,207,1108,1108,358.04,687.43,564.76,673.02,452.43,842.8
1590,OK,-70,229,1084,1084,367.72,690.5,570.36,682.13,474.97,856.47
1591,OK,-61,237,1059,1059,364.86,687.87,562.64,677.67,472.39,850.37
1592,OK,-67,235,1066,1066,364.58,688.31,563.7,678.43,469.67,853.95
1593,OK,-71,233,1068,1068,362.41,687.12,562.03,679.74,465.6,852.23
1594,OK,-76,214,1097,1097,368.33,682.25,573.15,669.45,475.19,848.74
1595,OK,-74,233,1067,1067,356.84,691.24,555.79,675.84,461.83,849.57
1596,OK,-61,242,1048,1048,364.8,693.72,560.27,679.7,464.21,847.21
1597,OK,-55,249,1037,1037,365.74,690.15,559.49,682.29,465.12,848.75
1598,OK,-64,240,1055,1055,363.85,688.96,561.01,680.92,464.56,849.29
1599,OK,-68,233,1061,1061,361.03,687.88,559.07,676.72,464.45,844.58
1600,OK,-93,223,1101,1101,354.32,690.22,560.07,680.51,458.22,860.78
1601,OK,-83,222,1089,1089,360.87,688.03,564.27,679.22,459.61,849.94
1602,OK,-70,242,1052,1052,361.6,690.56,558.22,685.25,453.31,848.6
1603,OK,-65,232,1063,1063,367.46,689.02,565.92,677.43,466.53,844.3
1604,OK,-63,233,1047,1047,365.76,681.03,561.53,674.72,456.96,835.97
1605,OK,-52,248,1024,1024,364.23,686.72,555.49,676.37,460.82,838.76
1606,OK,-61,222,1064,1064,372.82,682.26,571.36,667.49,470.88,834.34
1607,OK,-71,223,1080,1080,369.24,691.98,570.11,671.5,470.28,844.93
1608,OK,-87,233,1083,1083,350.1,697.12,552.29,684.36,457.81,858.32
1609,OK,-89,234,1079,1079,347.99,695.0,549.36,683.26,451.55,857.47
1610,OK,-100,243,1081,1081,340.02,703.75,541.92,693.41,440.16,868.26
1611,OK,-113,245,1095,1095,331.87,716.47,535.15,691.85,436.43,879.97
1612,OK,-106,246,1087,1087,333.91,717.18,535.31,689.09,441.07,876.37
1613,OK,-113,240,1091,1091,335.18,704.83,538.83,691.2,428.86,872.21
1614,OK,-115,241,1085,1085,332.16,698.26,535.02,697.28,421.57,869.44
1615,OK,-89,247,1069,1069,343.27,702.04,542.89,690.78,447.43,866.41
1616,OK,-89,221,1075,1075,352.55,678.04,553.52,675.77,444.56,839.59
1617,OK,-107,157,1102,1102,345.66,622.05,551.65,627.6,440.89,792.07
1618,OK,-92,92,1070,1070,349.09,552.75,549.11,555.4,438.7,700.77
1619,OK,-114,46,1063,1063,327.89,507.72,526.66,506.02,407.85,647.85
1620,OK,-88,15,985,985,320.85,458.64,504.13,440.95,396.53,565.17
1621,OK,-82,-3,950,950,314.62,426.66,491.11,406.5,384.72,527.56
1622,OK,-84,-27,974,974,322.47,413.6,504.15,401.23,393.09,513.16
1623,OK,-91,-24,1007,1007,329.42,427.86,517.63,419.9,400.73,534.84
1624,OK,-84,-21,1032,1032,344.7,437.86,537.69,436.2,423.72,553.7
1625,OK,-82,-11,1053,1053,353.61,458.06,550.52,455.08,437.46,573.74
1626,OK,-80,-17,1058,1058,360.76,449.66,558.57,455.12,439.39,572.79
1627,OK,-65,-11,1016,1016,360.53,440.19,550.59,442.8,430.64,553.99
1628,OK,-62,-24,1014,1014,360.2,427.23,549.81,429.16,435.75,539.05
1629,OK,-61,-49,1020,1020,362.39,407.34,553.07,408.14,440.69,515.42
1630,OK,-52,-50,993,993,358.99,397.64,544.67,392.38,436.48,497.47
1631,OK,-78,-80,1017,1017,341.93,384.16,531.72,372.79,424.25,478.13
1632,OK,-73,-82,981,981,335.07,366.66,518.2,356.13,408.5,455.5
1633,OK,-82,-101,997,997,329.9,361.79,515.87,349.38,409.32,438.84
1634,OK,-67,-97,984,984,331.17,376.6,511.94,342.32,429.35,430.64
1635,OK,-59,-114,975,975,332.21,355.71,510.91,319.25,434.61,408.89
1636,OK,-52,-109,938,938,327.06,346.62,498.22,308.55,423.13,393.42
1637,OK,-71,-124,941,941,314.13,342.85,485.72,304.07,398.29,368.97
1638,OK,-72,-134,945,945,315.85,333.92,489.37,300.5,398.36,360.0
1639,OK,-61,-142,927,927,317.47,318.28,487.4,284.25,401.63,341.11
1640,OK,-56,-151,917,917,319.46,310.51,487.23,275.09,400.79,322.93
1641,OK,-58,-161,922,922,318.23,307.92,486.82,271.33,404.84,311.36
1642,OK,-45,-145,894,894,320.77,308.69,483.82,271.49,402.27,314.84
1643,OK,-49,-136,881,881,315.4,310.31,475.68,272.35,387.89,318.67
1644,OK,-51,-134,888,888,316.12,313.05,477.94,275.94,390.95,326.02
1645,OK,-67,-140,920,920,312.55,321.63,480.76,285.06,390.37,336.77
1646,OK,-72,-133,930,930,313.1,327.01,484.62,298.17,387.18,352.34
1647,OK,-59,-118,919,919,324.43,328.75,494.97,307.44,391.11,365.7
1648,OK,-43,-102,911,911,338.53,335.53,507.98,316.95,402.67,380.57
1649,OK,-37,-95,925,925,349.0,343.12,521.47,329.71,414.88,399.11
1650,OK,-35,-89,931,931,353.16,345.08,526.78,331.78,420.48,414.46
1651,OK,-35,-88,943,943,357.35,350.74,533.55,341.18,428.28,422.0
1652,OK,-46,-92,964,964,354.67,355.99,534.62,345.4,427.58,429.33
1653,OK,-50,-94,975,975,355.05,357.37,537.07,345.76,429.84,434.87
1654,OK,-59,-99,992,992,353.9,358.83,539.19,350.41,428.94,440.1
1655,OK,-65,-105,1016,1016,353.23,369.86,542.75,357.1,438.82,444.51
1656,OK,-63,-96,1024,1024,354.73,374.7,545.88,363.5,448.28,464.72
1657,OK,-60,-87,1005,1005,350.98,370.78,538.76,362.35,439.99,464.48
1658,OK,-71,-93,1013,1013,344.47,371.36,533.68,360.66,431.01,461.47
1659,OK,-67,-80,996,996,342.81,370.72,529.01,362.61,426.33,471.06
1660,OK,-67,-78,990,990,342.31,368.98,527.3,363.48,421.2,467.94
1661,OK,-65,-83,990,990,346.22,365.79,531.41,363.6,422.25,459.78
1662,OK,-49,-77,967,967,354.4,370.53,534.96,360.74,425.18,447.76
1663,OK,-44,-80,986,986,364.86,369.49,549.31,367.93,442.52,457.32
1664,OK,-39,-80,987,987,369.6,368.84,554.25,368.02,446.6,457.85
1665,OK,-18,-66,974,974,384.27,374.8,566.39,376.37,464.51,467.27
1666,OK,-12,-69,979,979,391.22,374.57,574.29,375.74,472.04,466.54
1667,OK,-17,-67,993,993,396.38,376.01,581.49,390.27,470.47,475.29
1668,OK,-26,-65,999,999,396.99,373.34,582.14,398.46,457.23,483.57
1669,OK,-17,-50,986,986,403.22,377.41,584.71,410.31,459.45,493.6
1670,OK,-18,-51,991,991,406.63,376.11,587.67,416.24,457.59,493.8
1671,OK,-11,-52,994,994,415.07,375.76,595.97,418.31,467.75,493.81
1672,OK,-11,-52,1002,1002,423.73,376.97,604.4,426.82,467.42,496.82
1673,OK,-11,-54,1008,1008,427.9,375.18,608.42,429.81,469.72,498.48
1674,OK,-5,-48,994,994,432.63,374.42,608.09,435.98,464.54,493.28
1675,OK,-13,-46,996,996,423.53,376.83,601.06,433.57,457.96,499.25
1676,OK,-20,-48,1003,1003,422.24,377.35,600.35,436.43,452.0,500.9
1677,OK,-14,-41,988,988,424.37,378.52,598.84,439.49,449.08,497.54
1678,OK,-14,-38,990,990,426.21,382.45,601.39,442.63,449.83,502.05
1679,OK,-17,-37,1010,1010,429.2,386.43,608.31,446.74,458.59,519.56
1680,OK,1,-24,1006,1006,437.73,402.8,618.22,455.72,481.19,529.12
1681,OK,3,-17,1012,1012,444.26,410.11,625.53,464.65,484.67,542.4
1682,OK,17,-6,1001,1001,450.99,414.11,630.15,468.33,495.03,547.09
1683,OK,19,-5,1010,1010,453.47,419.8,635.68,469.7,503.95,556.39
1684,OK,28,-6,1011,1011,464.13,418.14,644.92,473.48,513.25,552.99
1685,OK,39,0,1008,1008,473.22,417.26,652.05,476.66,523.94,562.37
1686,OK,67,13,984,984,484.84,424.36,661.11,476.92,546.04,560.43
1687,OK,73,14,982,982,487.79,425.91,664.35,476.73,553.73,559.87
1688,OK,53,0,1006,1006,476.41,423.08,659.37,466.67,546.04,562.09
1689,OK,37,7,988,988,455.02,422.74,634.81,465.06,518.19,558.83
1690,OK,1,-8,1010,1010,419.63,426.57,607.64,445.8,499.91,558.58
1691,OK,-35,-9,1017,1017,383.27,440.97,573.52,437.41,468.62,560.08
1692,OK,-70,-18,1033,1033,354.28,447.55,547.28,437.23,442.27,554.36
1693,OK,-95,-29,1054,1054,340.63,446.24,537.56,436.63,426.39,555.15
1694,OK,-86,-22,1040,1040,343.92,445.06,538.3,437.94,427.24,554.85
1695,OK,-85,-21,1037,1037,344.45,439.81,538.29,436.89,424.77,556.3
1696,OK,-67,-19,1009,1009,354.28,431.42,542.95,432.97,426.45,539.48
1697,OK,-55,-19,1003,1003,363.83,427.55,551.49,430.5,435.78,535.28
1698,OK,-61,-30,1031,1031,371.67,423.17,564.32,432.78,440.16,543.03
1699,OK,-47,-20,1020,1020,380.82,428.63,571.29,438.22,450.58,547.77
1700,OK,-26,-13,1014,1014,400.48,427.51,588.84,449.89,468.67,551.19
1701,OK,-12,1,994,994,405.05,433.34,589.97,453.37,473.51,553.08
1702,OK,-19,-14,1016,1016,408.76,421.12,596.98,447.45,476.6,553.84
1703,OK,-20,-24,1002,1002,399.3,413.94,586.17,429.07,471.27,533.05
1704,OK,-12,-24,985,985,396.72,408.66,580.65,418.38,471.8,523.68
1705,OK,-5,-38,986,986,393.44,409.52,577.59,400.89,490.77,505.5
1706,OK,-16,-59,1010,1010,386.82,410.73,574.33,387.94,497.73,494.07
1707,OK,-46,-56,1038,1038,366.95,429.93,557.85,395.05,484.65,515.02
1708,OK,-49,-31,1032,1032,358.44,449.18,547.84,412.02,481.69,539.45
1709,OK,-56,-14,1039,1039,351.89,467.91,541.98,427.73,479.32,562.94
1710,OK,-73,-9,1041,1041,340.33,469.08,532.06,435.65,458.55,571.58
1711,OK,-91,-12,1037,1037,327.59,457.52,520.06,433.06,430.37,567.56
1712,OK,-86,-11,1020,1020,330.23,447.63,520.17,429.42,422.89,559.51
1713,OK,-89,-33,1029,1029,335.6,433.66,527.62,421.39,419.58,535.25
1714,OK,-74,-46,1045,1045,351.64,430.62,546.4,414.39,447.6,531.37
1715,OK,-42,-22,1011,1011,371.4,433.05,560.25,423.92,461.01,538.82
1716,OK,-39,-17,1026,1026,384.64,434.78,576.6,437.14,468.54,557.5
1717,OK,-9,-7,1009,1009,408.45,429.53,596.32,446.59,489.26,557.0
1718,OK,12,1,991,991,422.27,425.28,606.03,450.18,500.55,554.71
1719,OK,3,-14,1016,1016,426.84,422.75,615.05,448.61,502.33,554.07
1720,OK,14,-15,999,999,433.74,411.12,617.73,443.37,501.87,541.92
1721,OK,45,-11,974,974,453.68,402.81,632.04,439.52,521.39,532.11
1722,OK,68,-16,974,974,480.18,392.58,655.25,442.87,544.08,526.24
1723,OK,91,-8,959,959,494.84,396.27,667.58,444.81,560.06,522.34
1724,OK,92,-13,980,980,502.21,400.02,679.6,446.18,573.18,531.57
1725,OK,89,-15,982,982,500.11,400.52,678.34,444.54,571.69,530.02
1726,OK,86,-20,984,984,491.96,405.74,673.23,437.53,574.08,523.57
1727,OK,65,-27,994,994,472.35,404.93,656.6,429.59,559.69,524.18
1728,OK,48,-13,988,988,456.42,411.39,639.77,434.18,536.51,539.72
1729,OK,32,-7,977,977,429.86,424.16,612.48,427.28,519.57,536.89
1730,OK,10,-21,994,994,414.5,422.92,600.49,421.79,507.44,530.88
1731,OK,-22,-23,1020,1020,397.59,427.92,588.27,432.24,483.22,545.92
1732,OK,-37,-22,1040,1040,393.31,434.62,587.62,441.13,476.67,559.81
1733,OK,-22,-7,1008,1008,397.46,432.69,585.58,446.25,473.12,554.76
1734,OK,-19,-3,1002,1002,399.61,434.39,586.45,448.63,471.71,555.12
1735,OK,-9,4,994,994,407.67,432.35,592.15,454.96,476.4,558.89
1736,OK,-3,5,1000,1000,417.7,429.33,602.13,459.94,484.43,566.99
1737,OK,6,3,1006,1006,430.23,428.71,615.41,462.16,495.45,568.42
1738,OK,7,3,1014,1014,435.91,432.12,622.17,467.6,500.63,570.59
1739,OK,11,7,1007,1007,437.54,432.91,622.54,468.38,499.62,569.57
1740,OK,-4,12,1014,1014,431.75,437.0,616.25,480.73,482.68,579.37
1741,OK,-8,16,1012,1012,435.92,436.1,616.77,492.01,470.41,580.12
1742,OK,-11,6,1038,1038,442.48,437.33,627.15,496.95,481.27,583.26
1743,OK,27,26,1009,1009,459.25,446.34,641.55,494.99,512.91,591.13
1744,OK,50,18,1002,1002,478.37,432.99,657.38,488.25,534.36,577.81
1745,OK,68,25,991,991,490.89,435.06,667.17,492.3,548.23,577.94
1746,OK,82,18,985,985,496.39,433.79,673.5,484.27,563.27,562.62
1747,OK,75,14,990,990,495.66,430.25,672.26,486.04,556.07,560.97
1748,OK,57,14,1011,1011,490.42,433.37,669.7,493.4,544.77,575.18
1749,OK,44,11,1015,1015,484.87,429.69,662.55,496.48,529.14,574.42
1750,OK,55,17,1015,1015,491.13,436.85,670.85,498.01,543.45,580.92
1751,OK,72,29,1002,1002,496.61,446.6,676.41,499.15,560.9,588.47
1752,OK,79,35,985,985,494.81,445.2,672.42,494.29,559.98,586.1
1753,OK,56,20,1007,1007,484.67,438.98,665.11,492.62,543.49,580.64
1754,OK,7,25,1030,1030,452.98,455.32,638.73,506.28,499.18,599.26
1755,OK,-23,47,1003,1003,422.18,461.38,599.83,521.44,445.55,604.59
1756,OK,-35,48,1045,1045,422.29,476.39,609.04,533.78,458.85,635.78
1757,OK,-36,40,1075,1075,428.93,481.84,621.38,540.32,476.85,642.92
1758,OK,-39,40,1080,1080,432.93,488.94,622.86,557.6,475.1,636.77
1759,OK,-58,43,1078,1078,424.08,485.12,609.26,564.7,445.95,640.16
1760,OK,-42,54,1085,1085,435.85,497.49,622.87,576.35,470.72,655.37
1761,OK,-14,68,1081,1081,451.59,516.49,642.58,582.87,506.84,667.26
1762,OK,-21,70,1078,1078,451.01,515.94,638.65,589.42,493.08,666.05
1763,OK,-11,70,1069,1069,453.24,514.46,640.85,583.45,499.99,660.16
1764,OK,-3,99,1078,1078,466.12,539.7,654.74,610.85,513.51,701.54
1765,OK,-10,93,1077,1077,459.5,533.99,647.9,605.34,502.93,693.65
1766,OK,-30,98,1091,1091,446.4,543.53,638.1,613.22,489.16,708.08
1767,OK,-25,110,1080,1080,446.7,551.19,635.72,622.48,489.94,714.76
1768,OK,-35,104,1099,1099,444.93,551.72,637.5,623.43,488.54,720.03
1769,OK,-21,127,1074,1074,448.51,562.19,635.76,635.05,491.18,729.76
1770,OK,-12,131,1068,1068,452.69,564.04,639.9,633.9,498.91,731.39
1771,OK,-20,125,1078,1078,452.12,562.63,639.76,636.58,492.07,729.77
1772,OK,-15,126,1094,1094,464.25,567.98,653.85,644.63,505.83,739.78
1773,OK,-9,125,1087,1087,467.45,564.58,655.3,642.44,507.87,734.14
1774,OK,-17,117,1105,1105,465.4,564.5,657.45,640.9,510.18,737.02
1775,OK,-2,124,1080,1080,469.75,561.05,657.12,636.27,513.11,730.25
1776,OK,-14,117,1129,1129,485.57,568.86,675.98,660.26,521.21,748.25
1777,OK,28,148,1091,1091,511.03,585.65,694.08,675.73,544.84,756.62
1778,OK,18,101,1124,1124,516.71,554.23,705.41,646.67,549.46,726.46
1779,OK,71,122,1046,1046,527.04,547.3,710.24,615.89,571.21,709.79
1780,OK,59,90,1090,1090,537.07,527.92,724.44,608.34,577.47,702.75
1781,OK,104,74,1051,1051,567.95,498.1,745.2,582.93,602.09,658.16
1782,OK,113,77,1040,1040,570.91,499.08,747.48,580.83,606.99,655.56
1783,OK,100,60,1045,1045,555.64,487.92,736.62,561.77,598.4,640.9
1784,OK,92,50,1039,1039,537.55,479.45,723.59,535.65,592.98,630.54
1785,OK,89,49,993,993,511.85,467.43,692.77,509.35,568.28,601.96
1786,OK,61,23,1010,1010,493.82,447.17,676.4,495.28,547.53,585.84
1787,OK,41,14,972,972,455.61,427.92,634.74,458.44,510.21,557.07
1788,OK,33,14,953,953,436.43,427.56,613.98,443.17,494.15,545.84
1789,OK,13,-9,959,959,418.95,408.33,597.57,425.23,477.18,524.55
1790,OK,5,-8,962,962,408.84,412.05,588.6,421.02,473.85,530.03
1791,OK,-7,-8,967,967,397.01,420.28,577.82,421.34,465.11,530.87
1792,OK,-13,-4,968,968,389.22,430.37,570.07,422.93,464.33,534.62
1793,OK,-24,2,984,984,386.08,439.52,570.02,434.65,459.32,552.91
1794,OK,-21,7,982,982,386.75,442.41,570.33,437.09,461.94,556.86
1795,OK,-21,11,979,979,386.99,442.26,570.03,438.84,459.28,559.64
1796,OK,-19,10,976,976,388.06,441.29,570.54,436.66,460.6,557.26
1797,OK,-12,19,962,962,389.98,442.53,569.88,441.51,458.23,559.61
1798,OK,-8,27,962,962,391.86,449.32,571.81,447.16,465.23,567.81
1799,OK,-22,10,971,971,385.12,435.81,566.78,434.75,451.41,555.02
