k,status,x,y,w,h,rx,ry,lx,ly,nx,ny
0,FAILED,,,,,,,,,,
1,OK,254,-9,787,787,537.46,342.28,740.01,345.09,655.97,424.76
2,OK,256,-3,779,779,537.52,342.37,738.16,348.07,653.46,427.14
3,OK,256,-4,782,782,538.62,341.9,739.86,348.74,655.21,429.15
4,OK,256,1,785,785,540.21,344.13,742.23,352.62,654.89,438.4
5,OK,255,-10,792,792,541.77,341.12,745.63,346.56,658.8,429.8
6,OK,268,-11,786,786,550.33,338.7,752.7,344.95,671.22,423.6
7,OK,279,-14,786,786,557.79,338.48,760.14,341.78,685.65,419.54
8,OK,281,-8,779,779,559.09,338.65,759.54,345.36,682.22,421.68
9,OK,273,-7,783,783,553.91,339.98,755.43,343.26,673.8,427.61
10,OK,272,-10,785,785,555.22,336.93,757.1,347.04,672.47,422.98
11,OK,284,-6,777,777,560.72,339.4,760.8,345.17,684.76,421.89
12,OK,300,7,755,755,567.45,340.77,761.86,348.36,689.55,423.83
13,OK,294,9,758,758,566.37,342.35,761.44,348.78,683.24,431.06
14,OK,292,14,759,759,564.45,346.08,759.94,349.6,681.17,439.95
15,OK,290,12,764,764,564.36,346.76,761.02,352.26,683.05,439.58
16,OK,291,25,750,750,561.16,347.92,754.02,358.06,675.0,448.73
17,OK,275,10,767,767,553.17,343.95,750.17,358.95,666.17,435.38
18,OK,271,18,760,760,546.26,350.96,741.73,360.55,658.93,440.78
19,OK,267,21,761,761,542.09,352.82,738.06,358.4,655.6,446.98
20,OK,263,7,769,769,541.57,346.56,739.27,356.37,653.67,431.48
21,OK,263,5,772,772,542.92,346.93,741.6,355.52,657.42,431.72
22,OK,272,20,759,759,543.95,354.21,739.45,356.4,661.16,443.08
23,OK,268,17,764,764,544.25,352.28,740.98,358.87,657.48,442.51
24,OK,273,22,755,755,544.96,354.35,739.46,358.55,658.64,442.64
25,OK,266,16,767,767,541.05,358.02,738.61,354.88,658.45,441.68
26,OK,268,15,764,764,543.95,353.5,740.68,355.3,659.64,439.69
27,OK,269,14,761,761,542.43,355.55,738.23,348.29,659.53,436.82
28,OK,267,12,765,765,542.23,353.84,739.17,348.61,658.98,438.68
29,OK,275,22,750,750,545.96,356.47,739.1,351.32,659.45,440.56
30,OK,284,33,743,743,551.75,361.06,742.96,353.41,664.63,452.31
31,OK,288,32,740,740,556.28,357.68,746.73,353.83,665.59,449.2
32,OK,290,28,746,746,559.48,359.23,751.6,353.28,672.29,446.88
33,OK,307,30,731,731,568.57,355.43,756.77,347.69,681.75,439.17
34,OK,310,34,725,725,570.77,355.84,757.43,353.41,680.46,438.36
35,OK,312,36,725,725,573.39,356.39,760.04,353.8,682.57,442.84
36,OK,319,40,716,716,577.44,354.44,761.83,352.59,686.28,443.81
37,OK,322,41,713,713,578.02,354.23,761.68,351.95,687.2,441.51
38,OK,320,41,721,721,579.4,354.06,764.98,354.62,688.43,447.72
39,OK,318,43,723,723,577.51,359.92,763.66,357.74,688.2,449.79
40,OK,321,41,718,718,578.76,358.74,763.54,352.12,689.29,444.89
41,OK,318,32,727,727,578.99,357.09,766.14,350.99,691.22,436.84
42,OK,318,32,724,724,577.99,356.43,764.14,346.91,690.09,437.56
43,OK,315,28,725,725,574.51,353.98,760.89,342.7,687.5,432.02
44,OK,311,27,729,729,572.32,354.9,759.63,343.57,684.88,434.03
45,OK,308,23,735,735,571.92,355.06,760.91,344.65,685.29,431.95
46,OK,312,29,733,733,573.65,358.17,762.01,343.85,689.02,440.86
47,OK,312,30,732,732,572.06,360.65,759.73,343.15,690.37,440.15
48,OK,312,32,727,727,571.52,358.71,758.36,345.01,686.74,438.58
49,OK,309,25,726,726,568.38,355.72,754.71,340.06,683.38,429.9
50,OK,315,29,721,721,570.33,358.36,755.44,343.82,687.38,428.76
51,OK,313,34,721,721,569.27,360.68,754.48,346.17,686.03,435.64
52,OK,310,37,721,721,569.23,358.23,754.73,350.58,679.71,440.28
53,OK,313,38,723,723,572.44,362.97,758.25,352.19,684.51,442.3
54,OK,315,42,717,717,571.8,363.32,756.28,353.06,682.15,442.14
55,OK,313,37,720,720,569.48,362.43,754.57,349.38,684.21,440.01
56,OK,310,31,727,727,569.14,360.63,755.74,346.5,685.13,435.87
57,OK,310,32,723,723,568.87,359.41,754.56,346.59,682.23,433.94
58,OK,308,29,726,726,568.15,358.59,754.74,346.45,682.01,432.44
59,OK,303,27,733,733,565.54,359.01,753.9,345.65,679.68,434.64
60,OK,305,25,725,725,563.39,357.44,749.27,340.32,678.01,425.12
61,OK,316,25,712,712,567.68,353.14,750.24,336.58,686.93,418.7
62,OK,325,30,704,704,574.85,352.71,755.89,343.08,688.87,416.75
63,OK,332,27,699,699,578.04,343.59,757.97,334.94,695.28,414.3
64,OK,344,19,693,693,586.62,332.62,764.85,322.67,704.77,402.36
65,OK,365,1,696,696,604.11,318.05,782.54,301.38,733.08,389.5
66,OK,372,2,693,693,614.87,314.5,792.99,303.29,733.65,387.62
67,OK,373,8,702,702,616.06,331.63,796.4,317.45,742.36,395.09
68,OK,381,28,679,679,617.67,336.33,792.16,325.51,737.02,403.68
69,OK,379,31,682,682,617.26,341.29,792.4,326.91,737.06,410.24
70,OK,377,28,682,682,615.39,339.95,790.32,324.64,733.69,406.48
71,OK,374,43,672,672,611.17,353.28,783.73,339.15,723.96,412.71
72,OK,373,55,668,668,608.82,356.85,780.35,343.69,719.51,428.25
73,OK,374,57,661,661,606.41,354.79,776.24,342.82,716.99,426.06
74,OK,375,53,663,663,606.07,351.44,776.58,342.18,722.55,421.22
75,OK,372,45,671,671,606.76,346.41,779.58,342.45,721.07,415.82
76,OK,364,31,684,684,602.97,345.47,778.98,338.16,722.16,406.03
77,OK,365,32,689,689,604.23,347.32,781.37,337.34,725.48,411.17
78,OK,362,30,695,695,604.78,346.0,783.68,343.06,725.28,410.55
79,OK,358,30,696,696,601.14,347.71,780.38,342.61,722.67,412.11
80,OK,355,44,691,691,596.06,355.94,773.92,349.83,715.32,426.19
81,OK,333,35,715,715,587.92,358.95,772.15,355.91,701.68,427.79
82,OK,341,46,693,693,586.84,359.09,765.14,353.79,699.35,428.29
83,OK,344,47,688,688,588.25,356.11,765.45,352.29,700.21,428.3
84,OK,353,49,685,685,594.88,358.22,771.3,354.61,708.09,427.34
85,OK,355,50,687,687,597.5,356.53,774.34,356.67,711.52,431.21
86,OK,359,53,678,678,597.58,355.07,772.12,355.38,713.04,429.51
87,OK,358,53,681,681,596.8,356.18,772.17,354.66,713.27,430.9
88,OK,357,53,680,680,595.7,357.58,770.84,353.86,710.88,431.91
89,OK,358,57,679,679,596.83,358.21,771.61,356.44,711.39,435.14
90,OK,354,52,685,685,594.59,358.75,771.01,356.1,709.43,430.69
91,OK,356,50,688,688,599.64,356.5,776.96,356.78,713.31,432.12
92,OK,351,46,700,700,600.3,356.04,780.66,354.1,711.9,437.41
93,OK,361,48,686,686,604.72,351.1,781.46,351.83,716.4,431.46
94,OK,361,35,693,693,604.95,343.29,783.47,342.25,721.25,420.75
95,OK,357,31,698,698,602.6,342.91,782.47,340.67,719.48,419.31
96,OK,364,43,697,697,609.31,353.37,788.72,350.56,726.04,431.78
97,OK,365,37,704,704,614.05,352.28,795.36,353.74,729.52,426.44
98,OK,362,36,710,710,614.28,351.39,797.21,354.53,728.99,429.6
99,OK,362,40,707,707,612.73,354.8,794.73,356.56,728.09,432.31
100,OK,349,34,720,720,606.58,355.0,792.06,353.37,720.48,434.28
101,OK,347,40,710,710,600.54,357.68,783.34,352.5,713.64,436.5
102,OK,344,37,700,700,590.86,357.59,770.76,344.73,708.68,422.85
103,OK,343,33,701,701,588.41,357.06,768.47,343.44,708.45,416.79
104,OK,330,26,715,715,580.72,359.82,763.77,339.78,703.43,418.05
105,OK,328,28,710,710,577.22,358.22,759.02,339.06,698.19,419.08
106,OK,323,25,721,721,576.61,357.19,762.09,347.7,697.6,417.67
107,OK,315,30,728,728,573.55,360.84,761.0,353.91,691.65,432.35
108,OK,331,42,710,710,581.37,363.59,764.29,359.69,700.4,433.28
109,OK,341,59,698,698,588.01,365.51,767.73,362.8,704.01,452.39
110,OK,349,66,693,693,593.95,369.4,772.32,366.68,708.84,457.27
111,OK,356,68,686,686,599.11,368.78,775.8,368.5,711.55,453.97
112,OK,344,59,712,712,597.02,371.25,780.52,370.97,711.57,460.03
113,OK,352,59,711,711,602.53,373.11,785.56,365.0,721.39,460.49
114,OK,352,56,721,721,606.37,371.87,792.01,366.06,725.03,463.1
115,OK,355,66,717,717,606.64,379.52,790.99,368.41,729.16,474.4
116,OK,352,59,725,725,607.6,376.63,794.16,368.4,727.67,471.22
117,OK,346,50,736,736,608.16,372.31,797.72,369.82,725.07,465.63
118,OK,349,55,730,730,609.8,372.06,797.88,373.6,725.26,467.24
119,OK,356,55,723,723,612.26,370.68,798.56,369.37,729.62,463.63
120,OK,358,55,722,722,612.71,373.79,798.53,367.51,732.41,462.48
121,OK,355,57,721,721,609.5,375.3,794.92,366.13,729.36,464.44
122,OK,347,50,731,731,606.09,373.13,794.09,364.85,724.62,462.44
123,OK,347,50,727,727,607.01,369.73,794.12,365.15,721.13,459.72
124,OK,354,57,718,718,608.67,372.75,793.55,365.74,725.04,463.96
125,OK,344,52,735,735,604.93,373.96,794.05,367.44,722.67,467.58
126,OK,341,55,732,732,603.3,375.16,791.78,370.17,717.97,469.61
127,OK,338,59,734,734,601.41,380.97,790.35,374.79,715.25,474.54
128,OK,336,60,730,730,597.5,380.86,785.37,372.87,711.39,473.85
129,OK,336,66,725,725,595.18,388.8,781.89,381.64,708.97,471.1
130,OK,331,59,734,734,593.74,389.77,782.62,380.35,708.8,467.5
131,OK,347,65,723,723,604.25,380.53,790.34,372.98,720.57,476.75
132,OK,343,55,730,730,604.78,376.34,792.69,368.76,719.22,468.02
133,OK,347,53,722,722,606.26,373.11,792.17,367.01,717.86,459.83
134,OK,348,50,723,723,606.44,371.46,792.58,362.79,720.16,455.3
135,OK,350,49,719,719,606.62,371.83,791.49,360.7,719.7,449.92
136,OK,350,47,716,716,605.73,369.32,789.93,358.13,718.55,447.37
137,OK,346,50,716,716,602.77,368.61,787.11,362.16,714.09,451.98
138,OK,347,53,711,711,600.68,369.76,783.6,362.42,713.63,451.4
139,OK,344,58,708,708,597.41,373.39,779.74,367.27,708.54,454.96
140,OK,344,60,709,709,597.48,372.69,780.03,370.3,708.51,456.55
141,OK,344,56,717,717,600.15,371.71,784.86,370.13,712.19,457.14
142,OK,346,55,717,717,602.51,369.4,787.12,368.46,715.06,458.35
143,OK,349,60,708,708,602.78,370.73,785.25,369.9,712.89,457.93
144,OK,350,56,711,711,603.45,368.04,786.68,366.93,715.21,454.53
145,OK,349,56,708,708,603.23,366.37,785.69,368.08,712.0,454.52
146,OK,353,57,705,705,604.26,366.02,785.8,367.95,715.25,451.17
147,OK,351,56,708,708,602.97,368.78,785.25,367.79,717.64,452.63
148,OK,356,60,694,694,601.38,368.65,780.17,363.43,716.32,448.91
149,OK,350,59,700,700,599.02,366.93,779.42,367.9,711.74,450.77
150,OK,344,59,705,705,594.75,369.18,776.41,368.48,708.01,455.13
151,OK,341,60,714,714,595.93,367.83,779.77,373.78,709.01,463.83
152,OK,341,60,712,712,593.56,371.08,776.99,374.98,709.63,460.65
153,OK,340,65,707,707,590.09,372.91,772.27,376.42,706.07,462.85
154,OK,343,63,696,696,590.09,367.37,769.36,370.74,702.39,454.13
155,OK,343,65,699,699,590.72,369.8,770.86,372.97,705.0,457.51
156,OK,338,63,703,703,586.16,371.34,767.36,370.33,702.1,457.3
157,OK,329,64,710,710,580.8,375.95,763.7,374.05,696.59,464.72
158,OK,330,64,707,707,579.51,374.52,761.69,371.53,696.78,462.28
159,OK,329,63,708,708,579.6,374.6,761.92,372.43,696.53,461.83
160,OK,329,62,711,711,580.18,373.4,763.21,371.25,697.37,461.8
161,OK,334,62,705,705,583.16,370.75,764.71,371.88,698.08,457.15
162,OK,328,66,715,715,579.47,378.42,763.55,377.04,699.08,468.77
163,OK,319,58,720,720,572.35,379.84,757.64,370.44,694.67,462.82
164,OK,322,50,720,720,574.62,374.34,759.96,365.2,697.39,451.76
165,OK,323,55,720,720,576.98,376.24,762.36,369.34,696.85,458.46
166,OK,324,60,719,719,578.04,376.62,763.27,372.75,696.6,464.99
167,OK,327,62,718,718,581.86,375.35,766.67,376.02,697.97,468.31
168,OK,325,58,719,719,581.39,373.55,766.53,370.3,695.14,463.12
169,OK,324,55,724,724,582.86,374.67,769.38,370.21,697.4,462.0
170,OK,331,57,720,720,584.52,377.19,769.69,366.96,706.14,463.86
171,OK,331,58,720,720,586.69,375.56,772.0,366.87,702.85,465.77
172,OK,318,51,735,735,580.59,379.32,769.5,367.45,695.8,463.75
173,OK,315,48,739,739,578.88,379.78,768.59,364.3,694.97,462.69
174,OK,320,48,734,734,584.03,376.39,772.8,366.0,696.98,459.49
175,OK,329,58,722,722,587.88,377.05,773.62,368.4,700.56,466.45
176,OK,335,64,714,714,591.0,375.47,774.87,370.62,702.84,468.96
177,OK,329,57,727,727,589.05,378.1,776.15,371.5,702.22,466.69
178,OK,334,58,729,729,592.18,376.94,779.82,371.73,710.13,470.38
179,OK,338,55,725,725,595.62,372.64,782.35,368.28,712.59,464.41
180,OK,337,59,724,724,593.5,379.86,779.95,376.53,712.9,463.91
181,OK,334,54,724,724,593.13,371.97,779.58,372.29,706.84,461.35
182,OK,333,51,724,724,590.88,372.01,777.11,362.95,706.92,459.09
183,OK,343,50,712,712,597.75,366.73,781.2,363.15,710.49,448.61
184,OK,343,50,717,717,598.61,366.36,783.18,364.99,711.62,452.27
185,OK,347,48,710,710,600.34,364.33,782.94,356.05,713.51,447.39
186,OK,339,34,723,723,595.66,360.19,781.34,346.16,712.56,436.88
187,OK,343,27,727,727,599.29,359.35,786.11,346.37,719.84,427.45
188,OK,348,30,722,722,604.28,358.17,789.98,349.02,722.78,430.29
189,OK,349,36,721,721,606.72,358.93,792.52,355.44,720.04,435.08
190,OK,353,38,717,717,607.21,360.39,791.84,354.11,723.18,436.06
191,OK,352,43,709,709,602.73,359.5,785.24,355.31,718.52,436.64
192,OK,356,52,700,700,602.92,361.52,783.15,360.21,719.7,443.97
193,OK,356,53,703,703,605.05,360.58,786.06,362.53,720.21,447.82
194,OK,359,58,696,696,605.38,359.02,784.53,364.93,719.51,451.4
195,OK,355,62,694,694,602.77,363.01,781.39,371.01,712.93,451.14
196,OK,357,65,687,687,600.72,364.17,777.48,370.33,712.41,450.22
197,OK,342,60,709,709,596.47,364.37,778.88,373.67,705.85,459.49
198,OK,348,65,696,696,599.06,363.84,777.73,377.18,703.71,457.36
199,OK,345,67,703,703,598.32,366.99,778.96,379.61,705.06,463.33
200,OK,351,66,704,704,603.31,368.7,784.37,380.58,713.37,461.88
201,OK,344,57,711,711,599.78,363.74,782.54,375.16,707.15,455.9
202,OK,341,59,719,719,600.92,365.92,785.52,381.06,708.54,462.79
203,OK,339,54,730,730,599.79,372.85,787.52,383.48,715.73,460.61
204,OK,345,56,716,716,602.47,363.09,786.32,377.73,712.5,458.57
205,OK,340,59,711,711,598.59,360.32,780.98,377.06,701.95,461.25
206,OK,338,62,710,710,595.47,365.36,778.15,376.21,700.88,464.03
207,OK,341,62,709,709,596.57,364.8,778.81,375.91,702.33,462.74
208,OK,342,64,709,709,596.21,368.33,778.51,378.11,705.11,463.45
209,OK,347,68,704,704,598.02,371.91,779.43,375.51,710.55,466.72
210,OK,346,65,706,706,598.91,367.77,780.46,378.22,708.44,464.05
211,OK,349,69,704,704,599.69,370.17,781.0,373.76,711.98,470.12
212,OK,347,63,712,712,601.03,368.12,784.4,371.31,713.37,468.6
213,OK,341,49,734,734,603.9,370.14,792.99,369.32,718.94,463.44
214,OK,351,55,730,730,612.09,370.12,800.07,372.78,726.08,468.58
215,OK,355,56,726,726,615.43,367.03,802.24,372.64,728.28,468.39
216,OK,357,55,719,719,614.65,364.57,799.69,369.56,725.68,462.62
217,OK,359,60,715,715,614.32,366.34,798.42,369.81,727.57,467.19
218,OK,354,61,717,717,608.36,368.46,793.1,368.78,725.16,470.0
219,OK,349,57,720,720,605.66,367.01,791.14,366.23,719.66,467.84
220,OK,342,57,720,720,598.57,368.36,784.07,364.09,713.53,468.97
221,OK,340,62,718,718,593.92,375.61,778.57,367.45,712.86,471.66
222,OK,335,59,719,719,590.42,373.28,775.5,365.27,706.67,467.03
223,OK,335,60,714,714,590.38,370.1,774.36,367.02,701.73,466.38
224,OK,320,52,731,731,582.43,372.9,770.55,364.51,694.7,466.0
225,OK,313,51,734,734,576.26,378.16,764.76,364.23,690.4,465.69
226,OK,319,56,721,721,577.07,373.56,762.58,363.3,688.79,464.75
227,OK,315,53,720,720,574.68,371.72,759.96,362.82,684.02,459.6
228,OK,318,46,721,721,575.45,370.22,760.58,356.27,688.31,448.82
229,OK,323,42,718,718,578.19,365.89,762.7,354.66,694.32,441.8
230,OK,326,43,714,714,579.1,366.49,762.51,353.8,696.44,441.77
231,OK,324,42,718,718,579.02,363.52,763.88,355.07,696.34,443.44
232,OK,318,49,714,714,572.74,365.54,756.55,358.11,686.03,452.17
233,OK,316,36,719,719,570.41,361.44,755.4,351.46,688.29,434.66
234,OK,311,40,718,718,568.05,360.82,752.78,353.47,681.28,442.0
235,OK,313,39,717,717,568.58,360.12,752.95,351.33,682.65,438.88
236,OK,311,34,722,722,567.25,360.91,752.89,350.91,684.59,435.95
237,OK,303,32,724,724,562.34,362.1,748.72,353.1,676.4,430.6
238,OK,323,49,708,708,574.04,362.89,756.21,355.97,689.9,446.99
239,OK,322,48,712,712,574.77,365.52,758.12,362.87,690.36,445.49
240,OK,330,54,704,704,579.13,366.53,760.55,363.25,695.47,448.8
241,OK,329,58,701,701,578.53,366.53,759.1,366.69,689.85,450.17
242,OK,324,56,703,703,575.45,364.41,756.56,366.35,684.84,449.44
243,OK,321,50,709,709,574.0,362.88,756.69,363.92,685.18,445.17
244,OK,327,57,698,698,577.15,364.24,756.8,368.02,686.62,446.63
245,OK,326,52,704,704,578.17,359.91,759.53,364.18,688.52,446.35
246,OK,321,46,715,715,574.26,362.61,758.55,361.32,689.98,445.41
247,OK,321,50,708,708,572.64,364.39,754.9,359.73,687.57,445.99
248,OK,326,49,706,706,576.2,362.93,758.08,357.03,692.38,445.55
249,OK,325,45,712,712,577.22,362.44,760.58,357.6,695.09,443.86
250,OK,331,55,697,697,578.73,361.98,758.38,360.96,689.47,445.34
251,OK,337,65,694,694,583.25,370.73,762.11,371.63,696.82,452.97
252,OK,333,61,704,704,582.83,369.44,764.04,369.92,698.47,457.36
253,OK,331,59,706,706,581.49,366.71,763.34,367.62,696.24,458.71
254,OK,331,56,709,709,581.91,365.6,764.52,366.96,698.71,454.45
255,OK,339,49,702,702,584.37,362.07,764.85,351.36,705.55,444.2
256,OK,334,41,707,707,581.2,357.83,763.04,347.19,702.27,437.41
257,OK,334,36,702,702,579.43,353.8,760.07,343.4,701.58,426.26
258,OK,338,38,699,699,582.44,353.06,762.25,343.6,701.75,425.77
259,OK,345,40,696,696,587.56,354.96,766.52,344.97,709.44,427.83
260,OK,330,35,717,717,582.63,358.18,766.95,347.2,703.05,434.96
261,OK,331,36,709,709,580.59,355.6,762.79,344.55,699.22,431.12
262,OK,340,49,693,693,584.97,358.17,763.23,351.14,699.81,436.68
263,OK,327,35,718,718,581.06,361.16,765.89,355.21,699.56,430.44
264,OK,331,42,710,710,583.3,359.98,766.12,354.96,697.6,436.89
265,OK,336,44,716,716,588.39,365.87,772.66,361.1,708.44,442.24
266,OK,345,51,701,701,591.3,363.41,771.78,360.8,709.54,441.59
267,OK,345,50,700,700,592.39,362.1,772.63,360.07,709.25,440.16
268,OK,349,53,705,705,597.34,367.72,779.03,368.63,715.46,442.9
269,OK,355,57,705,705,601.64,369.78,783.28,370.18,722.53,449.25
270,OK,357,60,695,695,601.35,362.61,780.41,364.8,717.61,450.94
271,OK,339,57,704,704,589.16,365.34,770.54,368.25,704.12,451.25
272,OK,337,54,708,708,586.28,365.07,768.6,367.9,704.81,450.14
273,OK,342,62,689,689,584.35,362.75,761.74,364.72,699.87,449.71
274,OK,345,60,693,693,587.53,363.7,766.08,361.9,706.68,450.04
275,OK,340,53,703,703,587.91,362.11,768.99,366.98,704.69,445.37
276,OK,345,63,694,694,590.77,363.38,769.38,367.64,705.75,456.37
277,OK,355,62,687,687,597.05,358.83,773.79,365.17,710.63,448.04
278,OK,354,63,690,690,598.6,361.48,776.11,367.98,712.4,451.81
279,OK,349,61,701,701,597.26,366.65,777.71,368.29,710.79,455.71
280,OK,341,56,709,709,594.08,362.25,776.57,369.13,705.69,454.51
281,OK,342,57,705,705,592.74,362.11,774.12,369.15,705.06,454.22
282,OK,343,57,701,701,593.24,361.15,773.68,367.34,704.13,450.37
283,OK,344,64,696,696,593.4,365.84,772.57,368.02,701.71,458.04
284,OK,341,51,705,705,594.5,357.15,776.07,363.87,700.76,446.99
285,OK,340,54,699,699,591.19,357.22,771.15,357.61,698.58,449.4
286,OK,340,56,698,698,590.78,360.6,770.55,359.67,699.3,450.52
287,OK,340,55,708,708,591.95,363.4,774.33,361.64,704.92,457.34
288,OK,341,58,709,709,593.06,368.92,775.47,362.26,706.66,460.13
289,OK,339,53,723,723,596.55,370.18,782.73,364.96,712.29,461.26
290,OK,342,52,720,720,599.47,366.63,784.83,364.65,713.27,459.33
291,OK,347,54,714,714,602.26,365.05,786.24,364.41,714.46,458.66
292,OK,347,57,715,715,601.11,368.19,785.15,365.36,716.04,462.39
293,OK,339,52,726,726,596.12,370.12,782.96,365.52,714.6,463.0
294,OK,338,57,721,721,594.37,370.28,779.96,367.65,710.04,465.16
295,OK,339,54,720,720,594.93,368.25,780.34,366.0,710.58,462.52
296,OK,332,52,724,724,589.92,369.45,776.3,364.48,705.41,462.29
297,OK,331,51,729,729,589.58,371.63,777.1,363.71,707.5,463.63
298,OK,328,51,729,729,586.33,371.77,774.06,365.71,704.67,462.34
299,OK,328,48,731,731,584.83,373.22,772.6,359.5,707.71,461.03
300,OK,335,56,715,715,588.72,371.75,772.85,364.94,703.62,458.39
301,OK,347,63,696,696,594.32,369.25,773.63,365.52,707.63,454.75
302,OK,345,54,707,707,593.66,368.36,775.41,358.6,712.21,450.95
303,OK,334,35,718,718,587.4,361.86,771.65,347.39,707.66,435.15
304,OK,340,36,712,712,590.92,360.01,773.71,344.86,710.87,431.57
305,OK,337,32,721,721,591.07,359.15,776.31,345.05,711.99,433.04
306,OK,334,28,726,726,589.82,357.95,776.15,343.39,711.8,432.2
307,OK,329,24,732,732,587.48,358.02,775.61,344.12,709.69,429.41
308,OK,340,34,706,706,588.44,356.99,769.59,340.66,708.43,426.86
309,OK,331,30,719,719,583.6,358.74,768.06,342.26,704.84,429.26
310,OK,341,37,706,706,587.78,358.73,768.92,343.01,709.9,430.29
311,OK,343,37,706,706,589.77,357.06,771.06,343.52,712.05,431.27
312,OK,348,43,700,700,592.86,359.63,772.56,344.76,714.54,433.91
313,OK,349,44,700,700,593.99,359.05,773.61,344.46,715.67,436.35
314,OK,349,50,700,700,596.52,360.05,776.6,353.71,712.74,443.64
315,OK,350,49,702,702,598.57,361.24,779.13,351.61,714.22,445.09
316,OK,351,48,706,706,601.59,362.35,783.2,355.39,716.24,443.96
317,OK,350,41,712,712,600.93,360.44,784.05,348.84,720.91,441.14
318,OK,359,49,697,697,601.83,360.16,781.06,349.87,723.22,440.31
319,OK,360,51,693,693,602.31,357.93,780.61,349.93,721.62,440.69
320,OK,344,41,714,714,594.59,361.33,778.03,348.63,716.24,441.46
321,OK,348,60,701,701,595.77,369.54,776.16,361.51,710.58,454.55
322,OK,346,53,705,705,593.66,367.95,775.08,358.18,712.46,448.29
323,OK,345,53,705,705,593.36,367.61,774.75,358.99,711.44,448.5
324,OK,344,52,712,712,593.87,370.27,777.01,360.52,714.92,450.86
325,OK,348,51,713,713,598.32,369.31,781.8,361.96,718.65,449.77
326,OK,346,49,717,717,599.1,371.51,783.44,361.58,718.62,449.14
327,OK,349,50,714,714,600.73,370.71,784.36,360.73,721.12,449.05
328,OK,354,51,711,711,603.05,369.62,785.91,359.56,724.1,448.53
329,OK,356,52,707,707,604.0,367.93,785.95,359.14,723.33,447.16
330,OK,356,53,706,706,604.63,368.18,786.23,359.76,723.26,448.23
331,OK,351,51,711,711,601.73,368.82,784.7,359.99,720.58,448.19
332,OK,348,46,719,719,600.16,369.54,785.07,360.06,722.16,447.05
333,OK,351,49,713,713,600.62,369.25,784.03,360.14,722.65,445.59
334,OK,350,49,713,713,599.86,369.72,783.44,361.68,722.16,444.99
335,OK,349,48,715,715,599.84,370.45,783.76,361.23,721.74,444.68
336,OK,348,47,721,721,601.02,371.1,786.61,363.85,724.1,447.38
337,OK,353,49,713,713,604.19,366.06,787.8,362.91,722.91,447.16
338,OK,355,51,710,710,605.52,365.71,788.26,362.94,723.7,447.98
339,OK,353,48,714,714,605.47,365.86,789.35,362.32,724.52,447.87
340,OK,353,49,714,714,605.61,365.69,789.53,362.89,723.95,448.49
341,OK,354,49,713,713,605.36,365.93,788.99,362.59,723.82,447.49
342,OK,354,49,713,713,605.53,365.61,789.16,362.22,724.0,446.91
343,OK,355,52,709,709,604.22,367.01,786.89,363.13,722.69,448.05
344,OK,352,49,715,715,604.59,365.68,788.7,363.09,722.21,448.16
345,OK,352,49,714,714,604.24,366.57,787.99,362.43,723.52,447.85
346,OK,357,52,708,708,606.99,366.81,789.4,361.87,724.35,448.58
347,OK,351,47,719,719,606.48,365.39,791.59,361.56,721.31,449.71
348,OK,352,49,714,714,606.45,367.06,790.23,361.37,720.85,449.58
349,OK,353,49,715,715,606.67,365.85,790.89,360.83,721.51,449.79
350,OK,356,49,712,712,609.16,366.04,792.47,363.83,724.43,446.16
351,OK,354,48,719,719,608.43,369.43,793.53,361.7,726.84,448.67
352,OK,355,47,718,718,607.47,369.15,792.37,362.89,728.09,446.76
353,OK,354,51,713,713,604.13,372.61,787.39,359.03,725.75,450.04
354,OK,352,48,714,714,603.01,373.4,786.43,360.2,724.96,444.07
355,OK,350,42,712,712,601.5,365.23,784.18,348.8,720.7,440.06
356,OK,349,41,712,712,600.06,364.26,782.55,345.25,720.39,440.77
357,OK,342,34,717,717,596.61,357.17,780.78,343.19,712.08,435.03
358,OK,338,34,717,717,593.13,358.73,777.04,342.75,707.37,434.02
359,OK,335,32,717,717,590.14,359.62,774.22,343.37,705.02,429.42
360,OK,332,30,719,719,587.5,359.14,771.87,341.88,703.63,427.8
361,OK,333,32,717,717,588.23,359.5,772.22,342.6,703.03,430.48
362,OK,331,32,719,719,587.23,358.34,771.58,341.37,701.76,432.45
363,OK,332,32,717,717,587.32,356.49,771.36,341.13,702.14,431.42
364,OK,331,31,716,716,586.89,355.71,770.74,340.96,700.78,429.94
365,OK,335,33,710,710,588.62,354.24,770.95,339.2,701.92,429.68
366,OK,333,28,723,723,590.23,355.93,775.84,341.94,705.48,429.14
367,OK,335,31,721,721,591.95,357.07,777.21,343.87,706.08,432.16
368,OK,336,29,723,723,593.31,356.21,779.02,343.6,708.96,432.02
369,OK,333,25,724,724,590.96,354.36,777.09,341.89,707.01,426.44
370,OK,334,29,714,714,586.9,354.24,770.08,339.25,704.14,425.28
371,OK,343,34,701,701,588.4,354.79,768.33,338.39,707.64,423.19
372,OK,360,49,700,700,603.72,367.83,783.59,355.2,727.31,437.25
373,OK,360,50,711,711,605.65,374.72,788.28,361.36,733.5,443.71
374,OK,353,47,715,715,603.03,369.75,786.82,359.49,725.36,445.11
375,OK,349,44,723,723,603.16,370.6,789.1,359.76,725.84,444.91
376,OK,363,53,704,704,610.4,367.06,791.75,362.45,729.49,446.49
377,OK,366,48,715,715,615.89,366.53,800.07,361.93,738.12,445.79
378,OK,368,50,712,712,615.31,371.58,798.53,363.21,741.93,446.29
379,OK,371,52,709,709,615.79,371.07,798.4,366.87,742.93,443.92
380,OK,365,51,719,719,616.31,367.63,801.5,368.81,739.19,451.9
381,OK,363,48,721,721,614.98,365.17,800.58,368.49,738.23,450.59
382,OK,366,55,702,702,611.9,364.54,792.73,367.2,732.28,447.96
383,OK,366,57,703,703,610.45,364.64,791.49,365.55,734.32,451.81
384,OK,363,55,704,704,608.09,364.19,789.38,363.86,731.8,450.61
385,OK,363,53,706,706,607.66,368.19,789.33,362.26,734.97,447.6
386,OK,367,58,702,702,611.75,365.98,792.51,365.72,734.16,452.54
387,OK,371,60,700,700,614.8,367.85,795.13,367.07,737.16,453.86
388,OK,371,60,705,705,616.52,369.21,798.01,369.14,740.26,455.03
389,OK,375,61,700,700,619.28,368.47,799.63,370.4,741.8,453.57
390,OK,378,61,700,700,621.74,367.7,802.01,372.48,744.88,453.64
391,OK,373,56,712,712,621.68,368.24,805.16,370.56,745.88,456.07
392,OK,375,59,709,709,619.48,368.07,802.22,369.27,747.59,459.32
393,OK,370,58,710,710,616.19,367.81,799.1,368.42,742.7,458.13
394,OK,367,59,716,716,614.75,371.85,799.25,370.47,744.34,463.2
395,OK,370,63,713,713,615.52,371.3,799.25,371.77,745.36,468.01
396,OK,364,57,721,721,613.28,369.64,798.92,372.48,742.9,464.26
397,OK,370,60,711,711,616.46,370.07,799.58,373.26,742.47,459.05
398,OK,369,60,713,713,616.35,370.83,799.98,371.62,742.18,461.19
399,OK,368,58,710,710,615.77,369.27,798.73,369.61,740.05,458.2
400,OK,361,49,726,726,614.23,373.07,801.12,366.47,742.16,454.51
401,OK,371,53,706,706,614.82,369.85,796.69,365.45,742.34,444.59
402,OK,370,53,710,710,617.19,368.93,800.03,365.32,742.81,449.1
403,OK,370,54,711,711,618.6,367.73,801.67,362.93,741.75,454.17
404,OK,369,49,711,711,617.07,368.21,800.12,362.44,739.58,444.64
405,OK,376,58,701,701,619.69,368.59,800.16,363.8,742.25,449.82
406,OK,381,61,692,692,622.1,368.88,800.34,366.68,744.19,448.19
407,OK,383,60,694,694,624.39,368.21,803.23,368.63,746.35,445.8
408,OK,383,61,695,695,624.43,368.06,803.48,369.08,747.5,448.5
409,OK,371,58,716,716,623.16,370.84,807.52,374.15,744.22,461.46
410,OK,370,60,708,708,619.31,370.78,801.64,371.01,739.51,458.17
411,OK,368,57,712,712,618.78,370.39,802.2,371.18,737.77,457.03
412,OK,363,55,720,720,615.49,369.81,801.01,370.29,738.52,461.67
413,OK,354,53,728,728,609.91,368.71,797.35,374.8,733.44,463.28
414,OK,356,53,725,725,610.86,367.16,797.48,374.46,732.22,460.73
415,OK,358,54,723,723,610.96,366.87,797.05,372.15,734.31,460.74
416,OK,361,50,720,720,611.82,367.76,797.25,366.11,739.31,454.88
417,OK,365,50,720,720,614.33,368.96,799.79,364.03,744.73,454.45
418,OK,362,48,729,729,615.67,367.2,803.39,366.32,744.38,458.09
419,OK,367,58,720,720,617.66,369.38,803.21,369.31,744.45,468.09
420,OK,359,51,730,730,614.5,369.02,802.52,368.42,740.21,464.41
421,OK,371,47,707,707,619.69,359.64,801.69,359.44,737.44,441.61
422,OK,379,41,702,702,625.68,353.9,806.42,360.41,744.1,427.04
423,OK,385,43,688,688,628.24,349.34,805.26,357.4,742.47,421.2
424,OK,381,38,699,699,627.74,351.27,807.65,360.14,743.72,418.61
425,OK,374,33,702,702,622.91,346.98,803.49,356.2,737.3,417.34
426,OK,369,43,698,698,617.64,348.16,797.22,354.82,729.75,433.15
427,OK,363,41,689,689,603.74,348.85,781.21,349.84,723.1,422.1
428,OK,352,47,691,691,595.25,358.25,773.32,357.4,710.48,428.15
429,OK,341,46,693,693,586.14,354.89,764.68,349.28,700.51,431.96
430,OK,336,36,704,704,582.72,356.29,763.63,343.79,703.04,426.74
431,OK,335,36,705,705,583.11,357.12,764.37,346.28,701.94,425.83
432,OK,338,43,697,697,582.71,357.89,761.77,346.18,701.04,431.3
433,OK,339,46,698,698,585.5,359.18,765.27,352.8,701.89,434.46
434,OK,339,42,703,703,586.87,359.22,767.9,356.03,704.56,428.44
435,OK,344,48,700,700,591.04,362.25,771.2,358.88,708.77,436.71
436,OK,344,51,700,700,591.54,362.55,771.78,360.03,708.19,440.78
437,OK,345,51,700,700,592.81,362.01,773.19,360.24,708.96,441.82
438,OK,348,55,695,695,593.16,362.77,772.27,359.8,708.16,444.23
439,OK,348,57,694,694,593.8,364.03,772.47,362.32,707.72,445.68
440,OK,339,48,708,708,591.81,361.27,774.24,361.27,704.09,444.24
441,OK,341,51,704,704,592.23,361.48,773.55,359.92,703.11,445.71
442,OK,355,56,694,694,599.74,363.98,778.38,359.76,715.41,445.67
443,OK,355,55,699,699,603.37,361.97,783.47,363.14,715.93,446.08
444,OK,357,54,703,703,605.92,362.35,786.88,364.62,721.11,447.01
445,OK,365,64,691,691,608.69,365.49,786.59,365.15,723.79,453.21
446,OK,363,66,687,687,604.89,364.38,781.91,367.28,720.05,452.77
447,OK,355,62,691,691,599.59,363.14,777.54,362.2,712.59,451.44
448,OK,342,58,702,702,589.23,366.53,769.95,360.11,707.43,454.83
449,OK,332,57,706,706,582.01,368.64,763.64,359.07,698.02,456.18
450,OK,339,62,698,698,585.6,369.36,765.21,361.84,701.02,457.14
451,OK,332,59,712,712,584.4,373.13,767.64,365.17,701.66,462.8
452,OK,336,61,715,715,587.4,373.9,771.56,367.78,706.56,465.35
453,OK,335,59,712,712,586.9,373.04,770.28,366.76,704.85,461.84
454,OK,335,59,705,705,584.89,369.43,766.42,364.06,699.09,456.15
455,OK,325,55,716,716,578.61,372.69,762.91,364.06,695.52,457.83
456,OK,321,60,720,720,577.32,382.15,762.44,372.63,694.0,464.34
457,OK,322,65,713,713,575.9,379.27,759.49,373.84,689.92,465.92
458,OK,318,54,722,722,574.28,374.59,759.89,364.71,692.87,460.42
459,OK,314,49,720,720,568.7,373.17,753.68,358.54,687.4,453.76
460,OK,323,52,707,707,572.47,371.58,753.9,355.99,689.02,447.76
461,OK,317,45,716,716,572.54,372.73,756.37,356.9,687.48,442.03
462,OK,325,45,717,717,577.96,371.77,762.22,357.8,696.01,441.99
463,OK,329,46,725,725,583.91,373.73,769.95,358.43,707.03,450.06
464,OK,346,50,713,713,599.72,367.31,783.3,362.36,714.16,448.84
465,OK,351,51,712,712,603.74,369.1,787.01,360.84,719.04,450.26
466,OK,357,44,717,717,609.17,368.98,793.83,363.14,729.61,439.05
467,OK,360,35,711,711,610.77,359.15,793.99,358.16,728.68,422.69
468,OK,338,43,718,718,593.16,369.35,777.81,361.21,710.03,439.87
469,OK,344,47,702,702,592.28,369.01,772.9,359.47,709.16,433.17
470,OK,339,49,709,709,590.11,370.83,772.68,364.2,704.87,440.17
471,OK,347,53,704,704,596.62,367.04,777.85,364.79,712.63,444.19
472,OK,344,51,710,710,593.62,370.66,776.19,359.31,715.04,447.88
473,OK,354,62,692,692,598.14,365.52,776.46,363.11,712.8,451.81
474,OK,340,49,703,703,587.93,362.79,768.73,354.96,703.84,443.11
475,OK,341,50,703,703,587.74,364.36,768.68,355.04,706.16,443.1
476,OK,350,55,693,693,592.02,363.89,770.22,354.96,711.07,442.58
477,OK,348,59,690,690,591.14,363.79,768.71,357.8,706.36,448.9
478,OK,355,67,689,689,597.36,369.84,774.71,370.19,713.8,453.33
479,OK,343,66,703,703,590.03,376.81,771.08,369.8,708.99,461.37
480,OK,344,62,699,699,590.21,371.41,770.2,366.52,707.51,454.07
481,OK,347,54,692,692,589.61,369.32,767.32,357.03,709.28,438.4
482,OK,343,54,696,696,588.05,370.43,766.66,356.36,706.06,442.13
483,OK,344,52,699,699,587.24,370.75,766.58,355.7,710.47,439.42
484,OK,346,58,693,693,587.73,370.91,765.53,355.4,708.09,445.98
485,OK,339,51,713,713,588.03,372.24,771.22,358.46,711.67,449.14
486,OK,351,64,694,694,595.42,373.62,773.96,364.3,711.98,453.25
487,OK,347,56,703,703,593.13,372.58,773.94,362.55,714.16,447.57
488,OK,343,55,702,702,590.71,370.25,771.38,361.41,707.95,446.89
489,OK,342,55,705,705,590.55,370.65,771.91,363.89,707.62,448.02
490,OK,341,51,709,709,590.27,369.83,772.82,362.28,710.01,444.69
491,OK,341,50,709,709,589.48,370.22,771.84,361.64,709.68,442.42
492,OK,336,47,713,713,586.5,369.62,769.74,359.15,706.2,441.67
493,OK,335,48,711,711,586.38,369.36,769.44,360.94,703.63,442.06
494,OK,333,47,714,714,585.34,371.19,768.97,362.17,703.72,442.23
495,OK,332,47,717,717,585.11,371.52,769.25,359.03,703.92,444.79
496,OK,336,48,713,713,586.58,370.7,769.84,360.07,705.95,444.31
497,OK,336,51,709,709,585.62,372.65,767.83,359.8,704.57,445.35
498,OK,337,54,706,706,586.84,371.95,768.4,361.59,703.51,447.63
499,OK,340,56,703,703,587.73,371.28,768.53,361.09,704.55,448.03
500,OK,340,54,704,704,588.18,371.13,769.09,360.44,705.92,448.06
501,OK,337,53,708,708,587.31,371.46,769.38,360.37,704.55,448.89
502,OK,337,53,706,706,587.66,369.03,769.38,359.66,703.33,449.1
503,OK,339,55,704,704,588.07,369.83,769.22,361.39,704.32,448.4
504,OK,338,53,707,707,586.95,370.61,768.78,361.23,704.17,447.87
505,OK,337,54,707,707,585.69,372.04,767.37,361.48,703.84,448.61
506,OK,340,58,697,697,586.28,370.22,765.65,362.44,701.75,446.08
507,OK,339,57,699,699,585.22,370.33,764.97,362.33,701.69,446.88
508,OK,333,53,703,703,581.77,367.26,762.59,360.03,697.15,445.17
509,OK,331,52,705,705,580.23,367.0,761.73,359.67,695.19,444.88
510,OK,329,52,707,707,578.41,368.75,760.42,363.29,696.03,444.14
511,OK,329,53,704,704,577.4,368.98,758.64,362.87,694.02,444.18
512,OK,325,50,710,710,575.34,367.98,758.04,360.66,694.48,446.68
513,OK,325,51,707,707,573.86,368.79,755.76,360.87,693.14,444.58
514,OK,321,47,714,714,572.17,371.69,755.66,360.9,693.65,443.07
515,OK,323,50,712,712,573.28,370.68,756.58,363.0,693.23,445.26
516,OK,316,47,723,723,570.07,372.62,756.06,361.46,691.75,450.64
517,OK,319,52,719,719,572.87,373.6,757.62,362.78,692.2,454.54
518,OK,328,55,708,708,577.94,371.6,760.04,363.59,695.55,451.61
519,OK,327,54,711,711,577.67,371.49,760.7,363.32,695.77,451.99
520,OK,328,53,713,713,579.51,370.6,763.01,361.5,698.27,453.56
521,OK,330,53,709,709,580.0,369.59,762.18,358.72,698.03,449.96
522,OK,329,50,711,711,579.56,367.97,762.29,356.82,697.54,447.72
523,OK,331,52,710,710,580.84,369.08,763.3,358.37,700.96,450.4
524,OK,330,51,710,710,580.08,368.72,762.75,358.15,700.37,449.74
525,OK,330,53,709,709,579.6,369.28,761.82,357.95,697.85,451.3
526,OK,326,49,721,721,579.13,370.21,764.49,358.37,700.48,454.1
527,OK,327,49,719,719,580.32,368.55,765.33,359.72,699.88,453.56
528,OK,326,46,720,720,580.66,367.54,765.86,359.46,700.71,449.83
529,OK,332,47,710,710,584.45,362.12,767.15,355.99,699.41,445.76
530,OK,333,49,710,710,584.55,362.69,767.34,358.83,700.85,447.41
531,OK,331,51,709,709,582.14,363.42,764.82,359.3,697.2,449.8
532,OK,324,47,710,710,576.09,365.28,758.84,358.41,692.17,442.6
533,OK,323,45,712,712,574.92,363.12,758.15,354.0,692.51,445.12
534,OK,323,44,710,710,574.67,361.33,757.43,353.12,690.99,440.99
535,OK,316,33,725,725,571.58,358.41,758.04,348.49,692.09,437.22
536,OK,319,43,721,721,571.07,365.92,756.28,352.32,694.92,448.69
537,OK,312,42,726,726,568.22,367.89,754.48,352.56,690.32,450.42
538,OK,316,41,728,728,572.39,368.11,759.21,352.49,694.84,451.13
539,OK,327,47,719,719,580.06,366.86,765.05,356.92,700.33,450.97
540,OK,339,59,705,705,588.35,371.34,769.74,365.6,704.49,455.02
541,OK,350,62,693,693,595.99,368.05,774.37,365.72,708.78,449.71
542,OK,349,62,701,701,598.46,368.69,779.01,367.61,710.53,457.3
543,OK,346,60,704,704,596.68,369.93,778.07,368.1,709.51,456.83
544,OK,342,57,713,713,595.25,370.42,778.84,369.58,710.81,457.84
545,OK,343,59,717,717,593.49,377.31,778.0,370.45,716.29,461.19
546,OK,344,62,709,709,593.09,376.23,775.61,369.77,713.44,460.0
547,OK,342,61,716,716,593.61,377.08,778.02,372.1,714.81,463.74
548,OK,338,59,722,722,593.71,375.26,779.69,373.82,712.22,465.6
549,OK,338,57,724,724,595.8,372.35,782.37,372.62,711.19,466.69
550,OK,341,60,717,717,596.59,371.42,781.28,373.16,709.63,465.11
551,OK,338,63,717,717,593.04,375.32,777.83,377.41,707.66,466.15
552,OK,330,61,722,722,587.59,378.28,773.63,379.6,702.71,465.79
553,OK,332,64,715,715,587.04,377.12,771.08,377.99,700.37,465.73
554,OK,331,62,718,718,585.51,379.12,770.53,377.1,702.63,465.86
555,OK,329,61,721,721,584.3,378.79,769.92,375.8,701.33,465.18
556,OK,331,62,716,716,586.45,377.06,770.87,375.89,701.34,465.14
557,OK,337,65,710,710,589.26,376.25,772.25,374.99,704.28,464.5
558,OK,335,64,713,713,588.15,378.31,771.9,375.96,703.85,464.86
559,OK,329,60,718,718,585.29,375.88,770.21,375.57,699.8,463.68
560,OK,335,63,712,712,588.93,375.68,772.37,376.54,702.43,463.1
561,OK,330,61,719,719,586.86,377.07,772.07,378.43,700.14,463.11
562,OK,330,59,720,720,587.01,376.64,772.37,376.65,700.82,461.92
563,OK,338,63,711,711,590.77,374.42,773.97,375.79,704.83,461.28
564,OK,335,62,715,715,588.53,377.42,772.76,376.36,704.52,461.72
565,OK,328,56,724,724,586.98,375.24,773.56,375.69,701.4,462.05
566,OK,331,58,721,721,587.3,375.98,773.04,373.57,703.2,462.94
567,OK,330,56,725,725,587.59,376.77,774.25,373.35,704.4,462.24
568,OK,325,53,731,731,585.46,376.24,773.81,373.0,702.17,461.9
569,OK,336,59,714,714,590.09,372.83,774.02,372.13,704.32,460.46
570,OK,336,62,712,712,589.52,373.47,772.87,373.66,703.35,464.18
571,OK,332,59,718,718,588.1,373.76,772.96,374.3,702.4,463.03
572,OK,332,59,717,717,587.32,373.04,771.95,373.25,702.24,462.04
573,OK,334,61,716,716,587.9,375.33,772.32,375.36,704.06,463.85
574,OK,332,61,717,717,585.9,377.23,770.58,374.39,703.32,462.48
575,OK,332,62,715,715,584.67,377.78,768.75,374.62,702.16,463.33
576,OK,330,61,718,718,583.85,377.5,768.79,373.84,702.23,464.7
577,OK,327,58,720,720,582.83,376.05,768.13,371.91,700.48,462.98
578,OK,330,60,717,717,582.7,376.83,767.24,371.76,701.08,462.25
579,OK,328,58,719,719,581.65,376.95,766.84,370.19,700.2,462.17
580,OK,323,57,724,724,579.52,379.32,765.82,370.95,699.02,464.8
581,OK,322,58,726,726,579.03,379.57,765.91,370.86,699.15,467.34
582,OK,323,58,724,724,579.08,379.04,765.36,370.73,698.7,466.9
583,OK,323,58,727,727,579.63,380.41,766.73,371.22,700.78,466.86
584,OK,329,59,721,721,582.42,378.3,768.08,371.71,703.25,463.89
585,OK,329,58,725,725,583.74,378.14,770.47,373.18,705.5,465.16
586,OK,329,58,724,724,585.49,376.37,771.97,372.64,705.19,466.05
587,OK,327,54,731,731,584.56,376.82,772.68,372.27,705.45,465.27
588,OK,325,54,728,728,584.34,374.58,771.91,371.75,701.61,464.09
589,OK,327,56,725,725,584.63,374.48,771.42,371.25,700.69,463.87
590,OK,327,56,725,725,584.21,375.44,770.91,372.46,700.46,463.86
591,OK,325,54,730,730,584.78,374.52,772.73,372.97,702.35,465.05
592,OK,326,55,731,731,585.61,375.87,773.77,372.01,703.12,466.94
593,OK,325,56,731,731,585.3,376.67,773.58,372.18,702.15,467.61
594,OK,323,53,732,732,584.31,375.6,772.92,372.71,699.83,464.61
595,OK,328,55,728,728,587.14,375.32,774.63,373.14,703.99,465.52
596,OK,331,58,724,724,588.46,373.62,774.95,375.6,704.32,465.68
597,OK,329,57,729,729,587.89,375.02,775.64,376.15,704.74,466.91
598,OK,332,59,724,724,589.93,375.43,776.46,376.39,706.62,467.29
599,OK,331,58,727,727,588.76,375.97,776.04,375.63,706.29,467.48
600,OK,331,57,726,726,588.76,376.51,775.83,373.21,706.97,467.13
601,OK,329,56,732,732,589.4,376.63,778.03,375.86,708.28,467.99
602,OK,326,55,732,732,586.2,376.73,774.76,373.14,705.34,467.47
603,OK,325,53,737,737,586.4,376.6,776.11,372.68,706.46,467.62
604,OK,328,56,731,731,587.03,376.15,775.17,373.97,705.29,467.48
605,OK,325,54,732,732,586.25,375.18,774.82,372.97,703.17,466.59
606,OK,325,53,732,732,585.42,375.94,773.85,372.68,702.99,465.24
607,OK,326,55,732,732,586.77,376.61,775.31,376.0,703.66,466.61
608,OK,327,55,731,731,587.31,375.52,775.56,374.23,703.85,466.58
609,OK,323,52,736,736,585.6,375.74,775.15,373.78,702.59,465.66
610,OK,332,60,716,716,587.67,372.89,772.18,374.07,700.45,463.38
611,OK,332,60,718,718,587.22,374.86,772.2,375.1,703.58,464.81
612,OK,331,61,717,717,584.83,374.6,769.62,373.93,700.89,464.09
613,OK,328,59,722,722,583.24,377.93,769.29,375.73,703.57,464.53
614,OK,329,61,720,720,582.59,379.02,767.9,373.9,703.52,466.47
615,OK,329,60,719,719,582.68,378.14,767.77,373.69,701.2,464.0
616,OK,336,62,720,720,589.64,377.23,774.98,375.77,709.92,469.21
617,OK,329,56,727,727,588.01,373.5,775.19,375.68,702.51,464.67
618,OK,325,56,728,728,585.85,375.76,773.43,373.84,700.32,465.64
619,OK,328,49,728,728,587.01,370.46,774.47,364.58,704.04,458.65
620,OK,326,48,724,724,585.61,367.62,772.14,366.46,697.95,454.45
621,OK,326,53,727,727,585.15,369.76,772.29,369.38,701.08,463.48
622,OK,325,49,729,729,583.24,368.59,771.04,367.58,700.87,459.85
623,OK,324,52,726,726,582.1,370.15,768.97,367.06,698.95,461.5
624,OK,326,52,726,726,582.79,371.5,769.72,366.35,701.82,462.45
625,OK,326,53,727,727,581.82,373.4,768.91,366.92,703.45,462.92
626,OK,327,55,724,724,582.62,373.27,769.15,368.21,703.27,464.08
627,OK,325,55,724,724,581.2,375.03,767.67,368.14,701.24,464.21
628,OK,325,57,722,722,581.54,374.51,767.44,370.16,698.21,464.96
629,OK,327,57,721,721,582.74,373.04,768.5,369.9,699.47,463.88
630,OK,327,57,720,720,581.71,374.87,767.14,370.39,700.27,463.2
631,OK,326,58,723,723,581.8,375.8,767.94,370.95,700.86,465.52
632,OK,321,56,724,724,577.2,376.54,763.42,368.48,696.36,464.34
633,OK,321,55,724,724,576.8,377.07,763.16,367.55,696.8,462.33
634,OK,319,55,725,725,575.55,377.2,762.15,368.47,694.57,462.5
635,OK,320,56,724,724,576.11,377.88,762.39,368.14,695.35,463.58
636,OK,320,54,725,725,576.23,376.21,762.68,366.59,695.13,461.75
637,OK,320,56,722,722,575.79,376.89,761.55,368.44,693.68,462.23
638,OK,319,55,724,724,575.92,376.37,762.24,367.51,693.08,462.88
639,OK,319,55,723,723,575.16,376.5,761.12,368.09,693.29,461.35
640,OK,317,53,727,727,572.76,377.65,759.72,366.13,694.13,460.64
641,OK,319,53,725,725,574.03,376.12,760.37,365.48,695.71,459.53
642,OK,323,56,714,714,574.73,376.45,758.31,364.41,693.99,456.71
643,OK,319,56,717,717,572.15,376.6,756.29,363.54,691.23,458.03
644,OK,318,53,718,718,571.59,375.3,756.11,362.7,691.76,455.15
645,OK,320,55,717,717,572.06,374.15,756.61,365.65,691.77,457.7
646,OK,315,52,722,722,569.72,374.83,755.51,364.71,690.63,456.84
647,OK,314,56,721,721,568.52,377.92,753.96,368.15,687.93,459.08
648,OK,314,55,721,721,568.18,379.01,753.6,368.46,688.43,457.49
649,OK,314,55,720,720,568.16,377.98,753.41,368.86,687.71,458.22
650,OK,312,56,721,721,566.77,379.23,752.25,368.6,686.32,459.14
651,OK,312,55,722,722,566.91,380.02,752.66,369.06,686.49,459.36
652,OK,313,54,724,724,567.92,378.85,754.11,369.09,689.39,459.27
653,OK,314,55,725,725,568.99,379.73,755.45,370.04,690.5,460.81
654,OK,313,57,724,724,569.06,380.39,755.42,371.66,689.45,462.01
655,OK,315,57,720,720,569.9,379.15,755.21,370.9,688.7,459.74
656,OK,313,57,725,725,569.11,380.36,755.62,371.93,689.27,462.02
657,OK,314,55,722,722,568.68,379.04,754.4,369.41,688.56,459.19
658,OK,315,56,721,721,568.58,379.44,754.09,368.79,690.25,459.37
659,OK,315,58,719,719,567.73,379.1,752.82,370.11,688.05,461.02
660,OK,310,58,720,720,565.75,379.67,750.95,369.91,683.58,461.27
661,OK,312,61,716,716,566.59,379.6,750.8,371.78,682.79,463.11
662,OK,315,62,713,713,568.0,378.49,751.38,371.04,684.23,461.38
663,OK,315,59,716,716,569.2,376.53,753.54,369.95,686.55,460.84
664,OK,313,56,720,720,568.44,375.88,753.68,369.6,686.77,460.23
665,OK,317,57,716,716,570.37,374.24,754.7,368.5,687.53,459.9
666,OK,317,60,710,710,569.02,377.03,751.8,369.15,684.28,457.15
667,OK,318,59,714,714,570.13,379.4,753.84,370.96,689.12,457.74
668,OK,320,58,716,716,572.97,378.3,757.23,371.93,692.69,458.08
669,OK,322,59,714,714,573.75,378.06,757.65,371.58,692.89,457.18
670,OK,323,59,714,714,574.88,375.69,758.65,370.78,694.24,460.49
671,OK,321,61,712,712,572.84,378.0,756.15,369.83,691.3,461.65
672,OK,320,62,710,710,570.88,377.41,753.72,369.72,689.02,461.44
673,OK,318,61,713,713,569.83,377.9,753.12,368.52,687.88,461.43
674,OK,317,60,716,716,570.1,378.01,754.45,370.76,689.71,463.46
675,OK,317,58,716,716,570.57,375.41,754.82,368.12,689.18,461.94
676,OK,316,59,710,710,569.56,374.17,752.31,364.91,683.01,460.12
677,OK,323,64,705,705,573.24,374.07,754.61,364.93,686.19,462.64
678,OK,322,66,705,705,574.75,374.87,756.3,369.93,684.3,465.38
679,OK,320,64,710,710,574.78,375.69,757.46,369.91,685.21,466.12
680,OK,326,67,702,702,577.78,373.74,758.6,370.0,687.28,464.77
681,OK,323,64,705,705,573.41,375.82,754.61,365.33,686.91,463.1
682,OK,321,65,708,708,572.66,377.27,754.7,368.28,687.24,466.26
683,OK,311,58,719,719,566.53,375.73,751.44,366.47,682.35,463.62
684,OK,306,52,728,728,564.81,376.69,752.12,367.29,681.76,461.75
685,OK,317,53,715,715,570.19,372.98,754.3,365.89,687.73,451.92
686,OK,330,62,698,698,575.81,372.43,755.29,364.14,692.61,454.13
687,OK,338,63,701,701,585.12,371.0,765.72,372.59,701.02,455.5
688,OK,345,55,715,715,596.97,370.99,781.11,377.07,716.29,451.09
689,OK,371,54,706,706,611.48,370.24,793.32,369.29,745.98,445.35
690,OK,383,59,692,692,618.84,366.48,797.09,361.05,750.16,446.92
691,OK,388,49,697,697,623.34,366.6,802.83,362.66,759.39,430.77
692,OK,390,51,688,688,627.34,361.29,804.58,361.84,752.53,428.78
693,OK,387,55,692,692,626.48,364.74,804.8,364.56,751.63,438.67
694,OK,379,48,698,698,621.79,363.04,801.53,361.6,745.65,433.62
695,OK,392,56,679,679,623.5,356.78,798.45,356.55,752.41,434.41
696,OK,380,51,689,689,618.15,357.19,795.62,358.73,743.05,432.31
697,OK,392,57,675,675,622.96,358.19,796.86,361.0,748.7,429.18
698,OK,383,50,691,691,619.01,358.22,796.95,360.07,749.56,432.82
699,OK,389,66,674,674,618.69,361.9,792.15,365.58,748.55,443.42
700,OK,390,73,664,664,615.34,361.6,786.28,370.09,743.55,445.77
701,OK,366,76,670,670,598.42,364.15,770.76,374.87,719.03,452.55
702,OK,336,56,696,696,581.12,358.89,759.51,375.32,698.55,441.92
703,OK,313,43,708,708,561.66,352.65,743.38,368.62,683.03,434.57
704,OK,309,40,710,710,555.18,355.46,737.55,368.43,682.17,430.0
705,OK,308,55,695,695,550.9,357.75,729.41,370.3,670.32,441.33
706,OK,304,49,706,706,549.68,357.86,731.08,368.93,674.56,441.76
707,OK,313,57,690,690,551.52,357.51,728.95,369.19,676.04,442.28
708,OK,301,55,692,692,544.32,356.54,721.8,372.49,661.23,439.32
709,OK,298,54,697,697,543.89,354.92,722.61,373.12,660.39,440.8
710,OK,297,52,701,701,543.34,353.06,722.97,371.14,661.6,442.35
711,OK,292,52,710,710,543.32,358.6,725.42,375.03,660.97,448.61
712,OK,297,59,702,702,545.66,360.23,725.51,379.79,661.34,451.43
713,OK,288,53,714,714,543.09,358.66,725.82,378.89,656.8,452.65
714,OK,290,55,713,713,544.3,358.09,726.73,378.96,658.1,453.77
715,OK,289,57,713,713,543.12,359.42,725.58,380.14,656.94,456.25
716,OK,292,60,706,706,543.85,360.3,724.77,379.84,657.0,456.35
717,OK,290,63,704,704,542.2,361.72,722.33,381.45,652.56,458.73
718,OK,293,66,697,697,542.12,360.62,720.59,379.53,651.61,459.33
719,OK,288,62,704,704,539.69,360.95,719.96,379.47,650.81,459.36
720,OK,288,65,699,699,537.44,362.55,716.75,379.51,648.0,457.99
721,OK,290,68,691,691,533.84,364.34,711.27,378.29,648.69,456.13
722,OK,290,69,686,686,532.94,364.32,709.12,378.58,645.64,454.22
723,OK,291,68,690,690,535.1,363.91,712.32,377.92,649.18,457.07
724,OK,283,64,707,707,537.43,362.01,718.63,380.93,645.59,462.63
725,OK,282,64,708,708,536.72,362.8,718.13,381.4,645.5,464.45
726,OK,277,61,714,714,535.87,361.48,718.63,382.65,641.7,464.91
727,OK,281,65,709,709,536.79,362.31,718.17,383.13,642.69,466.83
728,OK,280,61,712,712,537.44,360.98,719.61,381.38,644.16,464.19
729,OK,281,62,711,711,537.4,361.34,719.47,381.11,645.21,463.1
730,OK,285,58,707,707,536.77,360.37,718.04,378.96,650.3,453.6
731,OK,289,59,707,707,541.56,360.24,722.51,380.04,652.49,455.4
732,OK,291,68,698,698,541.44,361.99,720.1,381.77,649.61,462.45
733,OK,289,60,705,705,540.05,359.26,720.74,376.27,653.17,456.82
734,OK,292,57,709,709,542.23,360.33,724.23,375.18,659.7,454.57
735,OK,295,57,707,707,543.73,360.17,725.2,374.28,661.56,453.23
736,OK,298,56,703,703,546.61,359.7,727.05,374.54,662.99,448.45
737,OK,297,54,707,707,549.8,357.16,730.81,376.7,661.23,448.06
738,OK,301,55,705,705,553.18,355.03,733.49,376.51,663.43,448.45
739,OK,297,53,707,707,549.96,355.12,731.06,374.59,660.12,447.89
740,OK,301,49,706,706,552.51,356.19,733.66,372.86,666.53,441.45
741,OK,304,51,705,705,553.56,356.84,734.33,373.17,668.49,441.94
742,OK,299,50,709,709,551.03,357.54,732.93,372.5,665.41,444.17
743,OK,293,45,718,718,549.67,354.3,733.72,373.44,663.14,444.33
744,OK,290,44,723,723,550.96,353.91,735.7,376.69,660.39,445.88
745,OK,295,50,715,715,551.64,355.17,734.71,375.24,661.65,449.74
746,OK,292,56,713,713,549.09,356.8,731.42,379.09,656.57,456.72
747,OK,290,57,712,712,546.27,360.02,728.7,377.47,654.75,458.29
748,OK,292,55,709,709,546.38,357.51,727.87,376.92,655.3,452.2
749,OK,287,56,709,709,543.83,357.46,725.25,378.42,649.41,452.13
750,OK,288,58,705,705,541.65,356.72,722.11,375.79,650.1,454.18
751,OK,280,56,716,716,537.16,361.16,720.82,378.84,647.1,459.97
752,OK,277,66,706,706,533.04,365.69,714.0,383.49,638.42,463.63
753,OK,280,62,709,709,535.45,365.36,717.43,381.85,643.44,459.74
754,OK,277,52,724,724,536.09,365.75,721.42,385.94,650.58,454.11
755,OK,272,52,729,729,534.72,364.03,721.36,384.32,645.62,458.36
756,OK,278,59,716,716,536.93,363.34,720.27,384.24,644.01,460.24
757,OK,275,54,727,727,537.59,363.3,723.81,383.91,646.87,460.65
758,OK,272,57,727,727,534.52,364.85,720.9,384.01,644.07,467.05
759,OK,272,56,726,726,534.91,363.16,720.79,383.1,643.04,465.65
760,OK,283,60,713,713,537.69,363.82,720.66,379.64,649.59,461.47
761,OK,289,62,703,703,537.25,365.0,718.18,374.57,654.06,457.36
762,OK,283,62,711,711,537.08,364.05,719.45,380.23,648.07,462.24
763,OK,278,61,716,716,535.19,365.66,718.75,383.46,645.37,465.16
764,OK,278,59,717,717,535.47,364.25,719.27,380.99,644.81,462.37
765,OK,278,59,719,719,534.45,366.83,719.08,380.24,648.85,464.11
766,OK,274,56,722,722,532.96,364.49,718.28,380.15,645.13,461.98
767,OK,276,56,723,723,535.91,363.34,721.3,380.21,645.97,463.45
768,OK,279,64,715,715,537.63,363.4,720.84,383.28,644.38,468.91
769,OK,281,63,715,715,538.55,362.93,721.7,382.85,646.96,467.95
770,OK,281,62,716,716,539.1,364.02,722.45,383.21,648.91,467.87
771,OK,279,62,719,719,538.37,365.28,722.63,383.44,647.41,468.44
772,OK,276,57,724,724,538.22,363.59,723.51,384.11,646.4,465.97
773,OK,275,57,727,727,536.81,365.79,723.29,384.02,646.44,466.58
774,OK,280,60,721,721,539.46,364.51,724.24,383.77,648.38,466.22
775,OK,278,57,724,724,538.61,365.98,724.39,382.49,649.52,464.97
776,OK,283,63,717,717,540.54,366.12,724.26,383.68,650.51,468.34
777,OK,282,60,718,718,540.84,365.35,724.89,382.4,649.57,465.35
778,OK,282,57,722,722,543.86,362.43,728.56,383.0,651.58,463.4
779,OK,288,58,719,719,545.24,366.38,729.77,381.65,656.76,460.23
780,OK,287,56,723,723,545.54,366.61,731.18,380.59,659.14,461.66
781,OK,285,55,727,727,545.81,365.47,732.35,381.33,657.61,463.62
782,OK,280,52,730,730,544.34,364.1,731.39,381.94,653.88,462.82
783,OK,282,54,726,726,544.13,363.53,730.31,380.45,653.13,463.93
784,OK,284,55,724,724,545.59,362.75,731.29,379.89,655.25,463.16
785,OK,287,56,722,722,546.98,363.78,732.1,380.26,657.41,463.73
786,OK,285,56,723,723,545.49,364.14,731.01,380.16,655.0,463.83
787,OK,287,55,720,720,546.93,362.11,731.5,379.35,656.71,459.84
788,OK,289,51,722,722,548.94,359.75,734.17,377.34,660.21,456.4
789,OK,293,53,720,720,551.52,360.44,736.12,378.8,663.81,456.76
790,OK,292,54,721,721,550.91,361.39,735.79,379.49,662.58,458.87
791,OK,292,53,722,722,551.56,361.33,736.78,379.26,663.46,458.85
792,OK,289,53,726,726,549.71,362.32,735.91,379.33,661.56,461.44
793,OK,290,56,721,721,548.68,363.55,733.63,380.27,659.34,461.45
794,OK,288,54,724,724,548.56,362.26,734.22,380.57,658.7,460.66
795,OK,287,50,726,726,549.15,361.46,735.2,379.68,659.13,457.22
796,OK,294,51,723,723,553.75,360.9,739.07,377.94,665.34,454.6
797,OK,297,55,718,718,555.43,362.63,739.54,379.64,665.0,458.7
798,OK,300,57,717,717,556.69,365.12,740.86,378.75,667.55,458.6
799,OK,307,64,707,707,559.89,365.63,741.57,379.47,670.36,462.31
800,OK,306,65,709,709,560.43,365.69,742.26,381.86,669.32,464.85
801,OK,294,58,722,722,556.15,364.72,741.17,382.94,662.74,465.56
802,OK,289,50,726,726,553.82,359.68,739.76,379.96,658.14,457.85
803,OK,290,49,726,726,554.58,360.42,740.64,378.94,659.93,455.01
804,OK,301,59,714,714,559.64,364.0,742.75,380.46,666.66,461.68
805,OK,309,62,708,708,562.84,366.35,744.67,378.69,673.18,459.5
806,OK,313,65,708,708,565.37,370.65,747.59,379.86,679.32,463.6
807,OK,316,66,708,708,566.76,372.73,748.94,381.44,682.46,463.71
808,OK,312,66,709,709,564.4,372.29,746.76,380.41,677.98,463.66
809,OK,310,69,705,705,562.9,371.3,744.08,381.7,672.09,465.79
810,OK,305,58,719,719,561.39,371.53,746.3,382.72,674.42,457.86
811,OK,308,59,712,712,563.22,369.35,746.15,382.05,673.62,454.38
812,OK,313,63,706,706,566.45,365.75,748.03,376.84,675.62,461.17
813,OK,324,71,696,696,572.39,369.54,751.47,380.06,683.63,463.72
814,OK,323,67,699,699,572.24,367.24,751.77,380.67,683.36,459.52
815,OK,321,64,703,703,571.35,367.72,752.05,379.6,683.63,457.24
816,OK,320,59,708,708,570.45,368.85,752.69,375.61,688.0,455.22
817,OK,326,60,707,707,573.36,371.2,755.54,374.68,694.44,454.13
818,OK,336,69,685,685,576.22,371.12,752.77,369.85,691.63,451.82
819,OK,339,67,686,686,579.6,369.78,756.38,370.98,697.37,450.87
820,OK,327,61,692,692,572.25,366.64,750.57,364.81,685.95,449.68
821,OK,316,50,704,704,566.72,362.61,748.0,363.72,680.55,442.2
822,OK,307,42,714,714,562.18,362.68,746.01,360.67,675.27,436.44
823,OK,313,46,706,706,563.33,364.94,744.96,358.0,679.27,436.97
824,OK,323,48,697,697,570.37,361.56,749.79,354.46,683.21,435.62
825,OK,341,60,684,684,580.21,362.99,756.31,358.01,698.72,444.18
826,OK,357,69,667,667,590.29,361.1,762.13,362.06,705.43,443.02
827,OK,347,54,683,683,587.35,358.19,763.36,355.76,700.88,434.2
828,OK,342,45,687,687,583.76,353.36,760.56,346.89,699.02,425.97
829,OK,343,49,684,684,584.08,355.57,760.23,351.91,699.54,429.0
830,OK,336,31,711,711,585.86,348.58,769.0,354.48,705.72,422.4
831,OK,336,30,709,709,586.32,343.81,768.69,352.73,703.81,420.43
832,OK,345,28,695,695,589.62,333.74,768.29,346.49,706.23,411.54
833,OK,338,11,718,718,590.75,321.41,774.05,345.43,712.91,407.01
834,OK,342,0,732,732,598.76,318.94,784.89,348.35,725.05,399.69
835,OK,316,-17,757,757,585.75,310.46,777.26,347.03,707.49,395.18
836,OK,267,-70,810,810,555.77,294.43,762.18,324.59,685.86,361.26
837,OK,261,-79,823,823,553.1,289.87,763.35,316.93,687.63,361.3
838,OK,265,-60,825,825,556.38,303.66,767.62,327.69,692.57,390.0
839,OK,300,-40,803,803,577.02,314.09,782.93,333.11,723.16,398.67
840,OK,316,-34,792,792,586.64,312.81,790.16,328.33,736.24,403.89
841,OK,317,-29,800,800,592.75,320.21,798.3,335.5,740.35,414.56
842,OK,314,-27,805,805,594.15,320.66,800.12,345.36,736.24,418.28
843,OK,306,-36,815,815,585.6,314.85,794.43,336.59,736.27,416.95
844,OK,294,-43,826,826,577.5,316.99,789.93,326.99,732.08,418.09
845,OK,311,-41,800,800,580.1,320.41,786.22,318.71,739.72,398.85
846,OK,309,-47,810,810,582.78,319.37,791.35,317.74,742.54,398.32
847,OK,303,-30,822,822,592.32,327.5,803.31,344.14,731.4,426.4
848,OK,306,-29,821,821,594.38,330.97,805.38,343.54,732.25,425.6
849,OK,304,-25,823,823,595.16,334.04,806.12,355.36,730.03,428.15
850,OK,311,-19,825,825,601.22,340.58,812.71,362.02,739.89,435.34
851,OK,302,-15,819,819,595.31,335.48,804.13,364.69,723.26,438.93
852,OK,303,-13,821,821,593.41,336.68,803.14,363.15,728.74,445.19
853,OK,301,-10,820,820,588.18,342.31,798.77,359.54,729.78,449.43
854,OK,293,-7,822,822,582.79,347.94,793.78,366.0,720.83,451.49
855,OK,291,-8,819,819,581.88,343.62,791.6,365.85,714.25,447.73
856,OK,294,-2,813,813,582.69,345.09,790.85,367.74,713.44,453.08
857,OK,294,-8,810,810,581.65,342.35,789.54,361.0,714.35,443.8
858,OK,302,-3,798,798,584.43,341.6,788.89,363.34,717.29,440.39
859,OK,309,-1,793,793,586.57,339.43,790.26,355.36,722.52,444.16
860,OK,309,3,791,791,585.02,341.65,787.98,359.24,723.06,447.03
861,OK,312,9,790,790,587.48,344.68,790.3,360.6,725.27,456.13
862,OK,312,3,795,795,588.2,342.26,792.22,360.17,729.17,450.5
863,OK,314,8,793,793,589.81,346.63,793.44,363.74,728.71,452.83
864,OK,306,3,800,800,586.82,345.67,792.09,364.36,723.38,451.58
865,OK,312,7,796,796,588.95,348.38,793.4,364.96,730.67,455.19
866,OK,302,7,805,805,585.42,352.07,791.63,372.52,721.09,457.06
867,OK,291,7,808,808,576.17,354.76,783.7,370.56,711.06,461.12
868,OK,280,8,819,819,570.64,364.42,780.09,390.07,702.74,457.14
869,OK,279,0,824,824,568.47,361.6,780.36,374.83,709.33,457.04
870,OK,273,-4,822,822,566.86,351.94,777.44,374.37,697.34,451.57
871,OK,289,3,802,802,574.25,349.47,779.81,370.38,704.85,449.0
872,OK,298,9,800,800,579.21,352.82,784.54,369.77,715.78,457.1
873,OK,293,6,804,804,577.43,351.11,783.6,371.28,710.23,455.52
874,OK,292,7,802,802,576.55,351.76,782.37,369.04,708.03,456.64
875,OK,292,4,800,800,577.57,345.9,782.28,369.48,704.75,451.88
876,OK,280,-6,813,813,570.44,343.46,778.72,364.11,697.65,446.94
877,OK,279,-4,816,816,569.98,347.83,779.51,365.36,700.11,452.6
878,OK,278,-3,816,816,568.11,348.35,777.8,363.32,700.17,454.48
879,OK,282,-4,816,816,571.52,348.54,781.05,364.26,704.05,453.48
880,OK,292,8,805,805,576.7,352.44,783.53,366.91,708.41,461.54
881,OK,294,10,809,809,578.38,356.53,786.3,368.13,715.51,466.39
882,OK,299,12,809,809,583.38,360.04,791.36,372.29,719.74,467.66
883,OK,298,9,809,809,582.36,357.1,790.35,370.59,717.84,463.64
884,OK,295,8,810,810,580.71,355.22,788.83,368.79,717.01,464.3
885,OK,288,5,811,811,576.01,354.4,784.4,366.98,707.0,460.44
886,OK,283,-2,816,816,573.99,350.0,783.64,363.78,703.49,456.03
887,OK,286,-1,816,816,576.0,350.88,785.75,365.5,707.31,456.46
888,OK,290,-1,815,815,578.65,350.94,787.9,366.37,711.12,455.3
889,OK,297,5,807,807,582.95,350.19,790.0,368.79,714.31,457.81
890,OK,298,8,808,808,585.19,351.99,792.4,371.87,715.71,462.63
891,OK,300,10,807,807,585.42,354.67,792.55,371.91,718.0,462.93
892,OK,301,9,799,799,586.02,351.1,790.83,370.36,713.46,456.91
893,OK,313,13,794,794,591.47,355.74,795.36,370.3,726.81,458.92
894,OK,296,0,814,814,583.39,350.94,792.58,365.37,719.0,457.69
895,OK,297,0,807,807,584.58,344.41,791.41,365.53,713.07,452.89
896,OK,295,-5,799,799,580.47,339.22,785.49,355.89,705.55,440.69
897,OK,288,-7,811,811,578.67,341.89,786.7,360.39,704.86,446.76
898,OK,292,-4,809,809,580.55,344.83,788.35,360.15,707.96,448.04
899,OK,289,-5,810,810,578.94,343.98,786.74,360.89,706.18,447.9
900,OK,288,1,809,809,576.32,349.3,784.13,363.45,705.42,454.72
901,OK,286,0,812,812,575.25,350.84,784.05,363.19,705.58,455.17
902,OK,288,2,808,808,575.88,352.54,783.73,364.1,706.19,455.21
903,OK,289,3,809,809,576.11,352.69,784.01,365.47,706.05,456.34
904,OK,290,7,812,812,575.96,358.8,785.13,364.56,711.76,464.58
905,OK,301,16,798,798,583.13,357.85,788.28,369.33,715.65,467.72
906,OK,288,9,813,813,575.6,359.46,784.78,367.97,708.13,466.6
907,OK,293,13,808,808,578.62,360.88,786.46,369.28,712.02,470.63
908,OK,297,12,810,810,581.13,361.67,789.63,367.8,718.97,469.86
909,OK,292,12,813,813,578.29,361.6,787.54,366.05,714.92,473.06
910,OK,293,12,813,813,578.98,361.63,788.22,366.71,716.15,473.68
911,OK,291,10,814,814,577.6,361.65,787.31,364.98,714.89,472.23
912,OK,296,14,802,802,579.8,360.16,786.33,366.6,712.79,468.14
913,OK,288,8,822,822,576.44,364.82,788.14,363.24,716.28,475.17
914,OK,297,10,813,813,581.64,363.34,791.0,366.84,721.43,468.42
915,OK,304,12,808,808,587.49,360.87,795.56,369.15,725.21,468.94
916,OK,303,7,815,815,589.1,358.8,798.7,370.09,726.11,465.2
917,OK,309,17,805,805,593.22,360.86,800.27,373.31,725.91,471.9
918,OK,313,19,804,804,595.9,361.58,802.33,376.38,731.47,474.21
919,OK,311,16,805,805,594.38,359.23,801.08,375.0,729.37,469.98
920,OK,311,18,803,803,593.29,363.43,799.51,377.69,728.87,468.89
921,OK,312,21,800,800,591.76,365.88,797.54,376.59,729.93,472.54
922,OK,309,19,801,801,588.72,365.18,795.05,371.26,727.33,470.86
923,OK,296,14,816,816,583.41,365.7,793.59,371.65,720.53,475.85
924,OK,293,5,814,814,582.34,360.91,791.9,366.98,714.79,461.82
925,OK,301,10,814,814,587.16,361.97,796.65,368.5,725.13,469.28
926,OK,301,7,813,813,585.86,360.56,795.28,363.2,723.57,464.82
927,OK,299,8,808,808,585.41,359.83,793.51,363.11,718.37,464.5
928,OK,302,11,808,808,586.78,361.78,794.91,365.86,721.67,466.88
929,OK,302,11,810,810,588.58,362.35,797.17,365.64,722.58,469.26
930,OK,297,10,817,817,586.07,363.63,796.33,367.81,719.76,471.56
931,OK,304,13,813,813,589.69,366.01,799.08,369.68,726.82,470.67
932,OK,299,11,819,819,586.43,366.31,797.21,371.45,724.66,472.35
933,OK,291,12,818,818,578.75,369.2,789.48,368.93,716.29,473.61
934,OK,293,15,812,812,579.45,369.69,788.47,370.19,714.89,472.7
935,OK,292,15,814,814,578.95,370.93,788.65,371.94,714.71,473.64
936,OK,287,10,823,823,577.98,368.88,789.93,370.38,713.53,474.03
937,OK,296,16,811,811,582.07,369.14,791.03,371.19,717.32,473.48
938,OK,296,16,814,814,582.87,370.23,792.43,371.45,719.95,475.35
939,OK,288,12,823,823,578.87,371.04,790.83,370.72,715.01,475.92
940,OK,292,16,813,813,577.57,372.82,787.02,370.13,714.79,473.92
941,OK,288,13,811,811,573.71,371.09,782.47,368.72,709.62,468.03
942,OK,291,19,804,804,572.76,373.19,779.91,370.85,711.24,471.84
943,OK,296,23,801,801,575.16,375.57,781.44,373.52,713.87,472.54
944,OK,294,21,803,803,574.43,375.79,781.34,372.18,713.69,471.99
945,OK,292,17,806,806,573.86,375.1,781.38,370.26,712.86,468.86
946,OK,288,13,814,814,573.52,375.04,783.05,370.54,712.96,467.6
947,OK,288,11,819,819,574.78,375.69,785.59,372.95,715.71,466.86
948,OK,293,17,807,807,575.3,373.86,783.24,371.96,714.12,468.42
949,OK,292,21,806,806,574.05,374.9,781.6,374.17,713.1,474.45
950,OK,282,14,817,817,568.89,370.68,779.25,369.5,707.35,473.92
951,OK,280,12,818,818,567.94,370.0,778.55,367.98,705.66,473.02
952,OK,284,12,818,818,570.8,371.22,781.39,368.46,710.86,473.89
953,OK,288,9,817,817,575.28,366.93,785.76,369.73,712.67,466.66
954,OK,285,8,818,818,573.08,369.54,783.85,368.71,710.79,465.43
955,OK,288,11,817,817,575.36,369.35,785.88,371.48,712.16,468.91
956,OK,282,16,811,811,568.72,369.99,777.72,370.31,702.55,472.56
957,OK,279,16,813,813,565.0,373.77,774.33,368.6,702.06,474.11
958,OK,279,14,815,815,564.77,372.51,774.73,369.56,703.49,471.7
959,OK,281,14,812,812,566.13,371.28,775.23,369.55,705.1,470.53
960,OK,282,16,811,811,565.64,372.66,774.42,368.84,704.72,472.31
961,OK,279,15,814,814,564.95,373.24,774.67,369.09,703.92,473.75
962,OK,276,15,816,816,562.42,374.14,772.61,368.34,701.15,475.87
963,OK,278,16,819,819,563.78,375.1,774.46,367.27,705.04,480.11
964,OK,277,14,816,816,563.31,373.36,773.34,369.07,702.91,473.76
965,OK,282,18,812,812,565.5,374.27,774.68,369.65,706.05,476.06
966,OK,279,15,819,819,564.69,374.17,775.7,369.89,705.86,476.97
967,OK,277,14,820,820,563.55,374.9,774.77,368.7,705.71,476.82
968,OK,275,11,819,819,562.29,372.81,773.08,368.52,700.88,471.25
969,OK,279,15,815,815,563.99,372.11,773.86,367.36,704.24,474.43
970,OK,275,12,820,820,561.9,373.8,773.15,368.22,703.51,474.85
971,OK,281,19,812,812,564.27,378.52,773.39,372.81,706.74,476.19
972,OK,280,20,811,811,563.3,377.56,772.14,370.77,703.92,477.09
973,OK,279,15,816,816,562.41,376.8,772.43,367.08,707.47,475.19
974,OK,271,12,820,820,558.26,372.85,769.5,368.23,698.62,473.83
975,OK,260,12,822,822,549.39,382.06,761.03,375.67,687.7,467.87
976,OK,269,12,820,820,557.92,375.59,768.98,373.49,695.89,470.31
977,OK,267,9,823,823,556.4,372.17,768.32,368.15,694.5,471.59
978,OK,272,13,817,817,557.49,372.75,767.93,367.33,697.54,473.22
979,OK,274,13,816,816,558.79,373.29,768.99,367.28,700.88,473.39
980,OK,271,10,820,820,557.94,373.03,769.12,366.71,700.23,470.59
981,OK,274,12,817,817,559.22,372.76,769.57,369.68,699.76,470.1
982,OK,272,13,819,819,560.1,371.95,771.16,370.86,697.62,473.58
983,OK,263,4,828,828,554.68,369.63,767.85,365.7,693.11,469.92
984,OK,263,7,828,828,554.59,371.39,767.83,367.87,693.16,473.44
985,OK,263,8,828,828,554.48,370.83,767.64,366.08,693.09,477.0
986,OK,263,9,826,826,553.65,373.2,766.31,365.78,693.12,476.25
987,OK,268,9,819,819,556.19,371.71,767.0,368.6,694.03,467.38
988,OK,271,10,818,818,559.55,370.35,770.28,369.66,696.65,468.02
989,OK,275,14,811,811,560.46,369.99,769.2,368.26,696.96,470.12
990,OK,269,12,818,818,556.8,372.48,767.31,367.21,695.34,473.61
991,OK,268,12,819,819,556.19,372.28,767.21,368.8,693.87,472.09
992,OK,273,14,815,815,558.77,372.13,768.71,368.22,697.21,472.23
993,OK,271,12,814,814,558.02,370.53,767.78,369.86,694.2,468.05
994,OK,269,8,821,821,558.36,369.5,769.77,370.41,694.88,467.37
995,OK,274,13,814,814,559.76,373.24,769.3,369.28,698.92,470.02
996,OK,273,10,814,814,560.06,370.0,769.81,369.36,697.04,464.81
997,OK,271,14,816,816,557.91,377.64,768.13,376.34,696.37,467.14
998,OK,282,23,810,810,566.36,378.04,774.99,375.63,705.22,479.93
999,OK,281,17,815,815,567.03,373.38,776.95,371.13,705.76,476.29
1000,OK,282,20,813,813,566.86,374.65,776.32,372.1,705.41,478.66
1001,OK,278,15,816,816,565.45,371.95,775.6,370.2,701.84,475.61
1002,OK,282,18,813,813,567.04,372.18,776.55,370.48,704.7,477.06
1003,OK,279,16,815,815,565.36,371.97,775.21,369.63,702.71,476.53
1004,OK,279,15,812,812,564.73,371.54,773.86,368.3,701.94,473.87
1005,OK,276,14,816,816,563.13,372.16,773.23,369.29,700.09,474.44
1006,OK,276,12,822,822,564.41,372.88,776.18,369.04,704.2,475.71
1007,OK,275,15,819,819,562.16,375.5,773.03,369.37,701.21,475.73
1008,OK,275,13,821,821,562.89,375.03,774.17,370.27,702.52,474.77
1009,OK,277,15,816,816,563.95,373.49,774.0,369.73,702.82,474.49
1010,OK,277,15,817,817,563.58,372.86,773.89,370.29,701.84,474.44
1011,OK,269,6,824,824,560.29,369.51,772.48,368.76,696.11,467.7
1012,OK,272,9,816,816,559.7,368.78,769.81,368.33,695.55,466.75
1013,OK,276,13,813,813,561.23,371.1,770.56,370.75,698.72,468.08
1014,OK,277,15,809,809,561.23,370.74,769.53,369.22,697.51,468.48
1015,OK,275,13,813,813,559.87,371.6,769.16,368.74,697.88,469.34
1016,OK,274,12,814,814,560.42,370.74,769.97,370.08,697.65,467.82
1017,OK,277,15,810,810,561.7,371.8,770.38,371.32,698.3,469.09
1018,OK,268,10,818,818,557.48,375.33,768.04,381.58,692.95,460.08
1019,OK,285,21,800,800,565.0,374.2,771.11,374.61,702.66,468.71
1020,OK,281,18,805,805,563.61,368.49,770.93,368.53,700.23,471.73
1021,OK,279,14,809,809,563.84,367.74,772.16,371.37,698.46,467.5
1022,OK,277,13,812,812,563.85,369.07,772.95,369.8,698.92,469.49
1023,OK,279,15,808,808,564.61,368.83,772.63,371.45,698.77,469.51
1024,OK,278,16,810,810,561.85,370.9,770.35,368.87,700.04,473.12
1025,OK,278,16,807,807,560.55,369.88,768.37,367.14,698.51,470.17
1026,OK,271,12,813,813,557.96,367.65,767.45,365.63,693.07,469.4
1027,OK,275,14,811,811,561.08,368.67,769.84,369.23,695.33,470.61
1028,OK,281,19,802,802,563.92,367.31,770.47,370.06,697.82,471.49
1029,OK,265,4,825,825,557.4,361.0,769.83,364.07,691.71,470.04
1030,OK,266,10,814,814,557.21,358.96,766.61,368.63,685.76,471.72
1031,OK,262,7,820,820,552.99,364.77,764.04,369.2,687.36,467.97
1032,OK,245,-20,834,834,544.51,345.63,759.0,354.84,673.08,444.48
1033,OK,242,-22,828,828,538.35,345.4,751.4,355.31,668.99,434.61
1034,OK,233,-21,828,828,528.24,346.18,741.37,348.22,660.33,439.19
1035,OK,245,-15,809,809,532.87,338.37,741.09,348.15,661.44,435.2
1036,OK,242,-14,805,805,529.38,335.54,736.63,344.21,655.59,436.54
1037,OK,242,-16,804,804,530.84,334.78,737.81,344.65,655.4,433.15
1038,OK,247,-14,798,798,532.84,334.05,738.2,344.81,656.55,432.08
1039,OK,251,-13,795,795,535.95,331.73,740.26,343.69,658.12,431.08
1040,OK,248,-21,805,805,535.2,332.83,742.43,336.29,662.35,429.03
1041,OK,246,-19,805,805,534.47,333.2,741.59,339.46,659.96,430.04
1042,OK,246,-21,806,806,534.58,332.8,742.12,337.99,661.09,429.78
1043,OK,248,-19,803,803,534.84,331.43,741.65,338.2,660.24,429.96
1044,OK,245,-24,811,811,535.11,329.37,743.96,336.98,660.87,429.07
1045,OK,248,-23,809,809,536.86,329.47,745.08,335.5,663.19,430.53
1046,OK,250,-21,805,805,537.83,329.8,745.1,337.84,664.06,429.11
1047,OK,253,-20,805,805,539.99,333.48,747.27,341.6,667.91,427.01
1048,OK,247,-25,812,812,537.34,334.2,746.54,337.94,665.8,426.76
1049,OK,246,-26,815,815,537.95,332.5,747.87,337.35,664.78,428.16
1050,OK,242,-38,827,827,537.75,326.48,750.49,335.9,667.18,420.66
1051,OK,244,-23,822,822,537.35,348.41,749.17,351.13,667.82,427.16
1052,OK,247,-26,822,822,540.18,343.91,751.8,347.74,670.44,425.45
1053,OK,256,-18,811,811,544.14,340.86,752.94,342.16,675.03,432.62
1054,OK,257,-19,813,813,545.9,338.8,755.28,343.78,676.58,433.32
1055,OK,251,-21,817,817,541.09,338.45,751.57,343.76,673.28,433.6
1056,OK,244,-23,822,822,535.85,342.76,747.59,339.98,669.52,435.56
1057,OK,248,-17,813,813,536.41,343.15,745.82,341.47,668.37,436.75
1058,OK,247,-20,821,821,537.93,343.92,749.32,342.95,671.49,436.58
1059,OK,240,-30,832,832,537.03,342.05,751.23,344.0,668.09,429.17
1060,OK,246,-24,818,818,539.3,341.86,750.05,346.31,667.17,427.56
1061,OK,247,-23,823,823,541.18,342.08,752.96,349.39,668.96,430.29
1062,OK,246,-25,825,825,541.22,341.36,753.49,347.41,670.06,429.88
1063,OK,251,-25,821,821,543.9,338.25,755.27,345.46,672.52,428.27
1064,OK,255,-22,811,811,543.7,339.21,752.57,343.64,673.73,426.15
1065,OK,250,-19,818,818,544.47,340.88,755.01,350.93,670.01,434.45
1066,OK,247,-23,825,825,543.24,342.07,755.57,349.85,669.79,432.83
1067,OK,258,-20,813,813,548.26,340.31,757.58,346.07,676.6,429.93
1068,OK,262,-17,808,808,551.92,339.14,759.66,349.98,676.56,431.0
1069,OK,261,-16,811,811,550.57,339.5,759.17,348.51,678.21,434.03
1070,OK,262,-10,808,808,550.64,343.81,758.7,351.83,678.6,440.37
1071,OK,251,-19,822,822,547.1,341.88,758.57,350.69,672.8,437.72
1072,OK,256,-12,814,814,548.66,344.11,758.09,355.82,673.38,441.56
1073,OK,248,-11,817,817,542.57,350.01,752.85,357.94,665.75,440.47
1074,OK,244,-12,823,823,542.54,345.72,753.88,360.22,662.49,445.63
1075,OK,248,-19,826,826,544.37,346.09,756.94,351.62,672.04,440.81
1076,OK,247,-15,827,827,541.96,351.17,754.94,353.7,672.06,445.17
1077,OK,251,-8,817,817,541.19,350.66,751.55,352.09,672.68,449.24
1078,OK,252,-8,813,813,541.46,347.74,750.94,351.88,670.21,447.48
1079,OK,253,-8,811,811,540.9,348.73,749.85,350.29,670.99,446.42
1080,OK,253,-11,813,813,543.82,345.54,753.07,352.52,670.52,441.65
1081,OK,254,-13,815,815,546.75,346.56,756.33,356.02,672.18,437.25
1082,OK,248,-23,826,826,546.14,342.16,758.5,356.42,670.5,431.2
1083,OK,262,-16,815,815,553.41,341.6,762.95,353.48,680.48,435.26
1084,OK,245,-19,828,828,544.87,345.95,757.59,360.27,667.39,437.25
1085,OK,249,-20,829,829,548.82,344.13,761.73,358.5,671.52,438.34
1086,OK,261,-13,814,814,555.48,341.04,764.38,358.55,677.02,438.5
1087,OK,259,-13,817,817,554.46,342.43,764.06,359.54,675.9,440.81
1088,OK,271,1,800,800,557.17,349.51,763.12,357.33,683.1,450.19
1089,OK,279,7,795,795,561.22,354.18,765.79,360.13,689.68,451.72
1090,OK,282,0,795,795,563.5,344.4,768.06,352.44,694.06,446.8
1091,OK,272,-5,804,804,560.27,345.26,766.99,357.39,685.54,443.6
1092,OK,274,-1,799,799,559.72,345.99,765.28,355.82,683.77,446.11
1093,OK,274,-10,804,804,561.26,342.41,768.12,351.53,688.38,437.84
1094,OK,279,-10,795,795,561.48,339.44,766.23,344.27,689.26,433.89
1095,OK,266,-13,809,809,554.24,342.01,762.64,346.41,681.86,438.11
1096,OK,267,-14,809,809,554.65,341.15,762.84,346.23,683.31,436.46
1097,OK,266,-15,808,808,554.19,343.87,762.33,345.86,682.05,433.65
1098,OK,277,-2,794,794,562.65,343.74,766.7,358.5,684.63,439.82
1099,OK,296,18,779,779,575.39,348.35,774.78,369.59,696.01,455.59
1100,OK,299,22,781,781,578.25,351.96,778.41,372.48,701.18,462.68
1101,OK,307,28,772,772,581.54,353.38,779.44,371.41,706.83,466.8
1102,OK,305,38,781,781,577.79,368.24,778.57,382.2,713.53,481.17
1103,OK,304,56,766,766,574.67,375.63,770.86,395.28,701.49,494.45
1104,OK,287,61,772,772,570.02,372.76,764.51,413.62,680.52,501.35
1105,OK,265,49,777,777,547.38,370.72,744.77,404.33,660.61,487.92
1106,OK,245,33,783,783,530.24,358.61,728.87,392.92,643.18,472.89
1107,OK,208,20,794,794,498.98,352.13,700.7,385.23,611.31,466.67
1108,OK,191,16,797,797,482.71,352.32,685.29,386.13,595.25,459.8
1109,OK,198,11,787,787,485.58,346.22,686.05,376.96,597.47,447.45
1110,OK,203,15,781,781,489.7,344.63,688.03,378.46,597.85,450.39
1111,OK,206,11,784,784,494.06,341.59,692.58,378.55,602.89,447.13
1112,OK,201,12,788,788,492.0,343.06,691.5,379.88,599.8,451.68
1113,OK,207,15,778,778,493.94,342.07,691.24,377.63,601.04,449.65
1114,OK,194,4,797,797,488.66,337.9,690.57,374.35,594.65,448.08
1115,OK,191,-2,799,799,486.75,335.62,689.49,371.5,591.98,442.34
1116,OK,194,1,793,793,486.34,337.69,687.94,370.17,593.49,441.49
1117,OK,196,3,790,790,485.8,340.93,687.08,370.06,596.81,441.06
1118,OK,195,2,792,792,487.13,339.53,688.48,371.97,595.52,441.29
1119,OK,194,2,795,795,485.96,341.12,688.47,372.0,594.97,442.25
1120,OK,199,7,787,787,488.17,342.37,688.44,373.73,596.75,443.38
1121,OK,203,9,782,782,490.16,342.44,689.34,372.46,599.57,443.29
1122,OK,200,3,789,789,489.27,341.99,690.38,371.6,598.97,439.1
1123,OK,204,8,781,781,490.71,342.54,689.6,372.74,598.59,439.12
1124,OK,202,5,784,784,489.76,342.8,689.91,370.47,599.92,439.02
1125,OK,203,7,785,785,490.61,342.7,690.43,373.3,599.66,440.48
1126,OK,204,8,780,780,489.69,343.78,688.8,371.41,599.24,439.73
1127,OK,202,8,783,783,488.69,343.85,688.4,371.64,597.72,441.56
1128,OK,202,7,784,784,489.06,344.51,689.4,370.63,599.36,441.53
1129,OK,195,2,795,795,487.32,347.15,690.38,372.62,596.77,438.5
1130,OK,196,5,791,791,486.94,347.85,689.11,373.16,594.77,441.29
1131,OK,199,5,789,789,488.35,347.47,689.87,373.13,597.17,438.5
1132,OK,198,8,791,791,487.39,349.85,689.61,374.8,597.79,445.65
1133,OK,187,0,807,807,483.65,350.02,690.03,374.23,594.31,444.16
1134,OK,189,3,801,801,484.55,348.05,689.05,374.57,592.97,446.67
1135,OK,192,11,794,794,483.77,349.07,686.54,375.87,594.39,454.55
1136,OK,190,8,799,799,482.84,348.72,686.97,375.27,594.84,452.26
1137,OK,198,20,785,785,483.67,352.55,684.37,377.55,596.12,459.56
1138,OK,193,5,800,800,485.88,349.31,689.84,378.16,598.91,446.81
1139,OK,189,0,802,802,484.18,344.21,688.97,371.85,594.67,444.78
1140,OK,195,5,794,794,485.6,345.22,688.28,372.02,597.25,445.73
1141,OK,197,8,789,789,486.47,343.5,687.9,369.72,596.28,447.61
1142,OK,198,9,786,786,486.57,345.53,687.6,369.09,596.39,447.16
1143,OK,202,10,780,780,488.44,341.45,687.79,367.1,596.46,446.84
1144,OK,200,8,787,787,488.99,342.02,690.01,368.88,597.1,447.99
1145,OK,200,7,789,789,489.05,342.62,690.53,369.86,599.23,446.33
1146,OK,224,17,763,763,499.02,345.36,694.15,368.26,615.03,439.43
1147,OK,214,18,777,777,494.0,353.7,693.4,371.7,610.41,450.46
1148,OK,222,18,762,762,497.09,344.82,692.41,364.75,611.46,444.99
1149,OK,206,4,786,786,495.29,336.23,695.28,366.9,604.19,443.62
1150,OK,212,1,780,780,497.48,335.15,696.59,362.28,608.75,434.23
1151,OK,213,-2,781,781,497.73,333.71,697.37,357.87,608.77,431.84
1152,OK,215,6,780,780,500.91,337.99,700.06,364.78,611.11,442.46
1153,OK,216,10,781,781,502.53,337.27,701.03,369.28,611.93,447.31
1154,OK,210,5,789,789,499.33,339.3,700.47,368.45,608.4,444.48
1155,OK,212,4,788,788,503.25,336.62,703.42,369.82,609.63,442.82
1156,OK,218,4,778,778,505.26,336.53,703.43,366.83,610.94,435.95
1157,OK,217,5,784,784,506.35,336.69,705.55,369.05,613.8,442.93
1158,OK,215,7,782,782,503.59,339.22,702.21,372.3,610.29,442.11
1159,OK,216,2,782,782,504.35,337.13,703.25,368.6,611.71,433.94
1160,OK,216,6,778,778,502.02,339.94,700.18,369.23,610.77,435.81
1161,OK,220,10,780,780,505.88,340.66,704.33,371.71,615.06,444.86
1162,OK,212,9,789,789,503.33,340.88,703.82,374.41,609.36,449.36
1163,OK,215,7,795,795,507.48,341.77,709.64,374.62,617.08,450.33
1164,OK,223,11,782,782,509.72,338.69,708.04,373.48,619.68,449.45
1165,OK,217,12,789,789,508.42,341.21,708.7,376.09,615.04,454.8
1166,OK,208,17,784,784,495.81,347.08,695.98,374.18,605.75,457.93
1167,OK,197,7,799,799,491.21,345.15,695.07,374.14,600.52,454.26
1168,OK,196,14,793,793,487.49,348.38,689.85,375.26,596.87,458.86
1169,OK,202,16,787,787,487.36,351.81,689.16,371.91,601.78,457.8
1170,OK,196,10,794,794,486.61,349.99,689.93,372.48,599.34,454.43
1171,OK,198,7,799,799,491.61,345.73,695.72,371.94,601.08,453.25
1172,OK,198,0,811,811,494.99,347.77,701.95,375.77,607.83,449.68
1173,OK,203,2,806,806,498.42,347.17,704.11,375.11,612.0,449.61
1174,OK,204,5,803,803,497.55,348.06,702.56,375.9,610.38,451.46
1175,OK,200,2,809,809,496.33,348.11,702.93,375.13,609.65,450.39
1176,OK,206,5,805,805,500.75,347.64,705.69,378.56,613.42,452.04
1177,OK,209,14,794,794,500.45,350.55,703.16,378.06,611.14,458.05
1178,OK,206,11,799,799,499.49,348.64,703.33,376.12,609.42,458.53
1179,OK,203,10,800,800,498.15,348.9,702.43,375.32,606.84,459.37
1180,OK,204,9,803,803,500.69,349.03,705.43,378.32,608.58,456.65
1181,OK,210,16,793,793,502.53,349.69,704.87,377.63,610.26,460.61
1182,OK,216,11,796,796,509.12,345.1,711.73,375.73,617.69,458.17
1183,OK,224,10,798,798,517.08,344.8,719.74,378.87,627.8,456.71
1184,OK,231,12,799,799,524.7,347.1,727.6,381.6,635.2,457.93
1185,OK,237,4,804,804,533.8,342.78,737.45,380.91,644.14,451.47
1186,OK,249,16,791,791,539.21,345.84,739.99,381.01,648.82,460.31
1187,OK,253,17,786,786,542.29,345.02,741.52,381.19,650.39,458.88
1188,OK,247,10,799,799,540.98,344.0,743.85,379.09,651.05,456.78
1189,OK,244,4,808,808,541.78,343.11,746.88,377.95,651.76,457.06
1190,OK,244,6,806,806,541.81,343.7,746.54,378.06,651.3,458.93
1191,OK,245,8,805,805,541.37,343.95,745.81,379.08,650.99,458.97
1192,OK,242,7,806,806,541.03,342.83,745.0,381.17,647.2,458.54
1193,OK,245,9,802,802,542.03,343.17,745.38,380.09,649.85,460.23
1194,OK,250,11,800,800,546.61,345.29,749.08,383.98,653.5,458.76
1195,OK,257,15,794,794,549.28,347.38,750.17,385.04,659.67,459.43
1196,OK,257,15,793,793,548.7,347.22,749.86,382.51,658.44,457.94
1197,OK,257,14,795,795,548.36,348.86,750.33,382.9,658.82,457.35
1198,OK,259,16,790,790,549.25,349.4,749.81,382.99,659.33,457.68
1199,OK,260,17,789,789,549.77,348.11,749.95,383.12,658.56,456.62
1200,OK,259,16,790,790,550.11,348.26,750.19,384.7,659.58,456.16
1201,OK,259,17,790,790,549.98,348.47,749.95,385.78,658.97,458.37
1202,OK,259,18,789,789,549.03,348.39,748.89,385.43,658.36,457.34
1203,OK,258,17,790,790,549.57,346.92,749.18,385.76,657.55,458.67
1204,OK,262,21,785,785,550.64,347.96,749.38,385.67,659.54,459.25
1205,OK,262,20,787,787,549.93,349.32,749.42,384.79,660.52,459.25
1206,OK,262,21,785,785,550.02,349.53,749.19,384.8,659.69,460.04
1207,OK,260,17,789,789,549.8,348.85,749.6,385.47,658.95,456.56
1208,OK,260,17,791,791,549.63,349.2,750.17,384.64,660.51,458.42
1209,OK,257,15,792,792,549.49,347.0,749.7,385.7,657.9,457.41
1210,OK,257,16,793,793,549.7,345.26,750.1,385.16,656.85,460.55
1211,OK,259,19,789,789,550.05,345.6,749.26,385.43,656.61,461.8
1212,OK,257,18,790,790,549.85,345.93,749.44,385.87,655.7,461.34
1213,OK,259,19,789,789,550.24,346.14,749.56,385.08,657.47,460.61
1214,OK,259,19,789,789,549.71,346.47,749.24,385.53,657.05,461.01
1215,OK,262,21,784,784,549.74,348.65,748.39,385.42,659.04,460.56
1216,OK,257,17,791,791,549.33,346.46,749.18,385.77,656.66,459.31
1217,OK,257,18,790,790,549.32,346.13,748.99,384.76,656.73,460.64
1218,OK,258,17,791,791,550.69,345.06,750.36,385.23,657.38,460.18
1219,OK,254,13,796,796,549.15,345.08,749.97,385.67,655.39,457.29
1220,OK,261,18,789,789,550.6,348.15,750.55,384.54,660.48,459.49
1221,OK,261,18,790,790,550.93,349.77,750.97,386.67,661.93,458.76
1222,OK,260,17,791,791,550.16,348.02,750.34,385.51,660.14,457.91
1223,OK,259,17,791,791,549.63,347.92,749.49,386.91,659.27,458.3
1224,OK,258,17,791,791,549.27,347.41,749.14,386.65,657.92,457.73
1225,OK,259,18,791,791,549.93,346.3,749.95,385.42,658.73,460.15
1226,OK,260,18,791,791,549.86,348.74,750.1,386.58,660.39,458.56
1227,OK,260,16,790,790,550.19,348.3,750.4,384.53,660.97,455.65
1228,OK,259,17,790,790,549.71,349.67,750.24,384.34,659.8,457.29
1229,OK,257,13,795,795,548.33,350.12,750.21,384.46,660.22,454.09
1230,OK,259,14,793,793,548.84,349.92,750.26,383.52,660.46,454.55
1231,OK,263,17,789,789,550.55,351.38,751.33,382.56,663.89,455.53
1232,OK,266,20,785,785,552.78,350.8,752.32,383.52,665.41,458.39
1233,OK,263,18,787,787,551.71,349.74,751.23,385.56,661.55,455.92
1234,OK,263,17,789,789,551.61,351.48,752.34,383.0,663.38,456.24
1235,OK,263,15,791,791,551.8,350.47,753.17,381.21,664.53,454.16
1236,OK,265,15,789,789,552.48,351.13,753.58,380.94,665.03,453.71
1237,OK,261,13,794,794,552.46,349.85,754.45,382.29,664.09,455.91
1238,OK,262,13,795,795,552.45,349.28,754.93,380.3,664.47,455.34
1239,OK,258,9,798,798,551.87,347.88,754.74,381.2,662.63,453.08
1240,OK,265,13,793,793,555.04,348.31,756.55,381.81,666.58,454.27
1241,OK,265,14,792,792,554.95,349.25,756.29,381.74,667.45,455.5
1242,OK,265,14,792,792,555.09,348.99,756.37,381.99,666.56,455.89
1243,OK,269,17,787,787,556.59,349.47,756.59,381.87,669.13,454.9
1244,OK,266,14,790,790,556.36,348.44,756.87,382.61,667.11,454.17
1245,OK,265,12,794,794,556.29,348.2,757.96,382.12,668.74,453.03
1246,OK,270,21,787,787,555.89,357.42,756.43,386.05,670.74,457.9
1247,OK,267,15,792,792,558.0,350.47,758.87,386.25,668.82,453.82
1248,OK,269,14,788,788,556.74,349.01,757.29,379.82,670.39,452.28
1249,OK,270,13,789,789,556.45,348.16,757.58,377.61,671.62,451.15
1250,OK,268,10,794,794,556.24,349.26,758.65,378.06,672.65,451.43
1251,OK,268,12,793,793,556.44,349.18,758.54,379.53,671.72,451.76
1252,OK,267,11,795,795,556.02,349.47,758.75,378.56,672.5,452.89
1253,OK,270,10,792,792,558.02,347.89,759.72,378.0,674.86,450.9
1254,OK,269,9,794,794,557.07,347.92,759.56,376.81,675.22,450.01
1255,OK,268,8,797,797,556.98,347.87,760.25,376.91,674.73,450.84
1256,OK,270,10,790,790,557.12,346.89,758.29,376.62,673.5,449.45
1257,OK,271,11,790,790,557.64,348.07,759.01,377.99,674.63,449.74
1258,OK,270,11,795,795,557.66,350.06,760.25,379.38,675.51,452.56
1259,OK,268,10,795,795,556.4,349.96,759.06,378.83,673.42,450.68
1260,OK,271,13,791,791,556.77,350.67,758.68,377.53,674.81,452.45
1261,OK,275,16,785,785,558.78,350.67,758.99,378.5,676.16,453.28
1262,OK,277,17,781,781,559.95,350.05,759.06,378.68,675.55,450.48
1263,OK,276,17,783,783,559.35,349.57,759.11,377.54,676.08,452.59
1264,OK,275,16,785,785,558.97,350.64,759.33,376.87,676.51,454.08
1265,OK,272,14,789,789,558.32,349.58,759.5,377.97,674.13,453.37
1266,OK,274,14,787,787,559.06,348.83,759.89,376.38,675.86,451.67
1267,OK,276,16,782,782,560.4,348.62,759.79,377.38,675.85,451.87
1268,OK,279,17,780,780,561.62,351.7,760.7,379.18,678.18,450.07
1269,OK,280,18,781,781,563.05,349.39,762.09,378.69,678.24,452.45
1270,OK,284,24,777,777,565.46,354.98,763.52,384.42,680.16,455.87
1271,OK,288,27,770,770,566.95,353.94,763.6,380.43,682.67,458.05
1272,OK,285,25,773,773,564.91,353.15,762.05,380.64,679.16,455.32
1273,OK,285,20,777,777,564.48,352.46,763.14,377.43,682.69,452.47
1274,OK,281,19,779,779,563.01,351.45,761.95,377.63,679.28,453.21
1275,OK,281,17,780,780,563.35,349.96,762.32,377.05,679.28,452.35
1276,OK,278,14,784,784,562.48,350.31,762.7,377.17,679.38,448.87
1277,OK,281,17,780,780,563.19,350.78,762.35,376.41,680.24,450.86
1278,OK,281,16,781,781,563.44,350.13,762.8,376.82,679.55,449.81
1279,OK,282,17,781,781,563.44,350.83,762.97,375.31,681.01,451.37
1280,OK,280,15,784,784,563.06,350.78,763.51,375.7,681.38,451.42
1281,OK,283,16,782,782,564.85,351.0,764.65,376.46,684.39,451.47
1282,OK,280,14,783,783,562.83,349.36,762.92,375.0,680.9,448.58
1283,OK,281,13,783,783,563.02,349.0,763.07,374.39,681.67,447.12
1284,OK,280,13,784,784,563.25,349.86,763.64,375.64,681.32,448.48
1285,OK,282,16,781,781,563.75,349.96,763.33,375.21,682.34,450.57
1286,OK,279,15,783,783,562.82,349.8,762.63,376.69,678.82,450.17
1287,OK,284,17,777,777,564.91,346.87,762.99,375.17,680.36,449.22
1288,OK,285,17,777,777,565.58,346.76,763.87,374.44,682.56,449.6
1289,OK,279,13,784,784,563.62,347.91,763.67,374.63,680.33,449.68
1290,OK,280,14,782,782,563.52,347.73,763.3,373.92,680.54,449.45
1291,OK,278,12,787,787,562.59,347.56,763.71,372.79,680.51,450.34
1292,OK,277,11,788,788,563.19,346.43,764.21,373.53,679.95,450.25
1293,OK,279,14,787,787,563.21,347.74,764.15,374.56,681.02,453.08
1294,OK,275,11,792,792,561.97,348.08,764.1,375.63,679.59,452.73
1295,OK,271,8,794,794,560.67,345.73,762.86,375.73,675.95,449.46
1296,OK,270,6,796,796,560.31,345.27,763.14,374.74,675.65,449.66
1297,OK,269,7,798,798,559.25,347.47,763.08,372.98,676.63,451.93
1298,OK,271,8,794,794,559.44,347.29,762.17,374.01,676.84,449.94
1299,OK,269,6,794,794,557.07,346.21,759.86,371.57,673.87,448.48
1300,OK,269,5,797,797,557.53,346.01,761.11,371.75,674.72,448.0
1301,OK,267,3,799,799,557.3,345.47,761.17,372.83,673.2,446.84
1302,OK,272,4,794,794,559.78,345.44,762.45,371.98,677.61,444.91
1303,OK,269,4,796,796,558.76,344.64,761.91,371.91,675.12,445.77
1304,OK,272,6,793,793,559.67,345.3,762.13,371.46,675.74,446.8
1305,OK,270,-1,796,796,560.67,340.2,763.61,369.87,675.19,440.16
1306,OK,275,1,791,791,562.68,339.44,764.23,369.31,677.6,438.48
1307,OK,272,-1,792,792,561.17,337.13,762.9,367.52,674.57,439.13
1308,OK,262,1,798,798,551.54,349.28,756.07,370.15,669.03,440.57
1309,OK,263,-20,809,809,557.05,333.83,763.65,360.11,674.83,422.69
1310,OK,274,-6,789,789,558.33,338.04,760.72,357.04,678.0,429.65
1311,OK,262,-16,802,802,554.01,336.73,759.79,355.14,670.25,425.58
1312,OK,274,-4,789,789,560.73,339.07,763.17,357.61,675.12,432.31
1313,OK,280,-5,780,780,562.92,337.25,763.39,351.82,678.23,426.21
1314,OK,281,-6,784,784,564.37,335.01,766.08,345.62,682.35,432.97
1315,OK,293,-1,773,773,569.8,337.94,768.79,345.71,689.11,429.74
1316,OK,289,-9,778,778,570.41,334.9,770.51,343.8,686.43,422.46
1317,OK,291,-7,773,773,569.25,333.36,768.27,339.87,686.17,422.55
1318,OK,278,-15,784,784,561.31,334.75,763.29,339.5,679.69,418.27
1319,OK,268,-16,795,795,556.6,338.94,761.15,348.25,671.45,419.39
1320,OK,266,-19,799,799,554.73,337.91,760.34,343.6,673.49,419.66
1321,OK,272,-19,793,793,556.68,334.88,760.79,340.09,677.55,418.09
1322,OK,274,-17,790,790,557.94,334.87,761.19,341.7,679.55,419.25
1323,OK,280,-11,783,783,559.84,336.63,761.53,341.7,682.05,421.61
1324,OK,275,-7,780,780,556.35,340.12,757.23,345.88,674.4,424.46
1325,OK,272,-11,787,787,554.77,341.06,757.39,346.45,674.62,422.18
1326,OK,263,-18,798,798,551.36,338.89,756.87,345.18,670.38,420.5
1327,OK,267,-16,794,794,553.43,338.69,757.71,345.64,672.76,421.35
1328,OK,267,-16,792,792,552.61,340.57,756.47,345.12,671.86,418.29
1329,OK,269,-14,790,790,554.69,338.99,758.0,346.65,673.09,419.92
1330,OK,268,-15,792,792,554.11,339.47,757.9,346.52,673.35,420.32
1331,OK,269,-14,790,790,553.66,340.91,756.96,346.3,672.82,419.63
1332,OK,268,-14,790,790,553.13,341.0,756.39,347.33,671.34,419.5
1333,OK,270,-11,787,787,554.32,340.31,756.77,348.35,670.57,421.48
1334,OK,272,-7,783,783,556.25,340.39,757.65,350.09,670.78,423.45
1335,OK,275,-5,778,778,556.59,341.07,756.94,349.02,672.37,423.72
1336,OK,276,-3,777,777,556.48,341.91,756.56,347.04,672.38,426.99
1337,OK,275,-2,778,778,556.42,343.21,756.62,347.48,672.68,429.38
1338,OK,274,-4,782,782,556.69,342.19,758.1,347.59,674.59,429.12
1339,OK,274,-4,783,783,557.17,341.54,758.6,349.15,673.79,430.12
1340,OK,274,-6,786,786,556.96,342.69,759.45,348.44,676.07,430.18
1341,OK,275,-4,784,784,557.43,343.26,759.21,348.21,676.97,431.76
1342,OK,273,-5,787,787,555.75,343.32,758.38,349.57,676.07,431.4
1343,OK,274,-6,787,787,556.88,343.92,759.49,349.01,677.54,429.44
1344,OK,275,-5,786,786,557.16,343.49,759.52,349.82,678.5,431.0
1345,OK,273,-7,789,789,557.37,341.52,760.29,350.16,677.1,428.18
1346,OK,275,-6,785,785,557.7,341.95,759.82,348.91,676.83,427.7
1347,OK,275,-6,784,784,557.19,342.18,759.2,344.47,676.9,430.13
1348,OK,274,1,783,783,556.74,347.65,758.34,353.01,674.43,434.0
1349,OK,274,0,781,781,556.33,344.62,757.24,352.28,671.82,432.66
1350,OK,276,2,776,776,556.14,344.91,756.01,348.31,673.88,433.41
1351,OK,277,1,775,775,557.32,342.37,756.81,348.12,672.34,430.96
1352,OK,277,8,775,775,557.95,350.73,757.38,358.41,671.39,436.44
1353,OK,274,-2,781,781,557.43,343.49,758.44,348.99,672.05,430.23
1354,OK,276,-10,786,786,556.98,341.95,759.36,340.17,680.88,425.82
1355,OK,257,-15,797,797,544.29,344.99,749.33,337.39,663.38,425.85
1356,OK,246,-18,811,811,537.13,348.39,745.88,339.41,660.91,430.56
1357,OK,246,-8,802,802,533.25,354.57,739.49,341.04,657.65,438.84
1358,OK,253,-1,789,789,535.07,354.98,737.83,342.38,658.25,437.74
1359,OK,250,-7,798,798,535.74,356.76,740.58,340.33,660.23,435.76
1360,OK,249,-3,796,796,534.84,358.54,739.21,342.32,657.2,439.95
1361,OK,262,12,779,779,541.3,362.34,741.49,347.34,661.84,448.4
1362,OK,262,14,779,779,542.82,360.76,743.11,350.36,660.91,451.41
1363,OK,267,18,775,775,544.59,363.04,743.87,352.97,664.17,452.66
1364,OK,266,17,777,777,544.32,363.96,744.19,353.37,664.65,452.39
1365,OK,267,18,775,775,545.4,361.56,745.01,354.66,663.86,453.14
1366,OK,266,10,784,784,546.36,360.85,748.17,353.38,669.73,448.65
1367,OK,267,9,782,782,546.66,362.45,747.64,349.38,670.7,445.89
1368,OK,266,11,780,780,547.27,359.04,747.97,351.71,666.28,448.56
1369,OK,264,2,786,786,547.41,354.6,749.6,347.62,667.45,440.18
1370,OK,266,4,785,785,548.04,354.42,750.21,348.12,668.03,441.21
1371,OK,260,0,791,791,544.18,355.01,747.72,344.79,665.62,440.48
1372,OK,259,-1,792,792,544.4,354.43,748.12,345.27,665.24,440.2
1373,OK,258,-20,802,802,544.89,345.66,751.16,336.02,671.62,422.57
1374,OK,259,-20,802,802,545.85,344.4,752.05,333.61,671.13,424.08
1375,OK,250,-46,819,819,543.23,335.55,753.93,327.6,670.45,396.27
1376,OK,260,-40,805,805,546.15,336.67,753.26,324.94,675.7,395.16
1377,OK,255,-30,806,806,542.0,337.26,749.25,327.93,670.98,414.17
1378,OK,275,-18,782,782,552.72,333.09,754.02,333.02,679.45,413.5
1379,OK,277,-36,789,789,555.63,325.21,758.81,322.03,685.4,392.63
1380,OK,270,-34,782,782,545.26,328.47,746.12,312.67,676.39,394.23
1381,OK,263,-36,796,796,543.96,332.64,748.2,316.27,676.84,401.32
1382,OK,257,-29,799,799,540.94,336.43,746.48,324.36,669.25,411.44
1383,OK,249,-34,815,815,540.73,340.12,750.47,330.25,668.15,411.35
1384,OK,259,-25,805,805,547.73,337.61,754.99,332.92,672.46,420.36
1385,OK,261,-10,799,799,547.94,344.99,753.71,341.57,671.08,434.92
1386,OK,271,-10,786,786,553.08,337.36,755.61,339.77,675.5,428.28
1387,OK,254,-27,802,802,546.55,326.36,752.86,333.64,661.65,419.86
1388,OK,261,-16,796,796,547.25,332.05,751.98,341.08,669.67,428.68
1389,OK,251,-3,790,790,537.35,341.14,740.59,350.43,654.86,439.4
1390,OK,247,0,800,800,539.14,342.75,744.57,359.34,653.95,450.2
1391,OK,249,3,802,802,541.33,344.3,746.98,363.2,656.03,455.25
1392,OK,244,5,804,804,537.44,345.13,743.2,367.46,651.69,458.59
1393,OK,240,3,811,811,535.66,347.04,743.58,367.09,652.13,460.81
1394,OK,243,4,809,809,534.59,348.67,742.54,362.65,655.75,461.06
1395,OK,245,4,807,807,534.18,355.15,742.02,358.03,659.66,458.52
1396,OK,247,8,806,806,534.99,363.97,742.27,354.46,662.99,464.47
1397,OK,254,4,820,820,547.34,365.19,758.27,357.2,676.05,468.02
1398,OK,273,17,800,800,558.91,367.39,764.75,359.51,686.0,471.67
1399,OK,274,15,803,803,560.87,365.61,767.54,360.25,687.18,470.95
1400,OK,267,15,794,794,554.31,362.37,758.89,359.86,671.94,463.49
1401,OK,269,15,795,795,551.18,364.65,755.73,357.3,678.87,464.26
1402,OK,267,19,795,795,548.8,369.07,753.32,359.72,677.96,468.49
1403,OK,268,20,797,797,548.99,370.13,753.8,357.73,681.05,472.12
1404,OK,269,14,803,803,553.14,369.61,759.47,357.1,684.88,468.05
1405,OK,266,11,812,812,553.59,370.97,762.38,357.92,686.25,469.86
1406,OK,265,10,811,811,551.59,373.73,759.85,359.06,685.75,463.92
1407,OK,268,15,805,805,552.4,374.41,759.37,360.51,684.46,467.42
1408,OK,271,18,801,801,553.95,372.74,759.92,362.3,685.31,469.58
1409,OK,272,19,796,796,555.76,371.86,760.6,363.17,682.04,467.45
1410,OK,278,21,785,785,558.45,368.16,760.47,361.56,681.76,461.87
1411,OK,282,18,788,788,563.97,363.94,766.95,361.73,686.8,461.3
1412,OK,282,19,787,787,564.02,366.63,766.56,359.92,685.58,462.49
1413,OK,281,15,792,792,563.83,364.76,767.61,356.22,689.92,462.83
1414,OK,286,16,793,793,567.93,366.79,772.15,361.82,694.99,460.71
1415,OK,293,23,780,780,571.43,364.03,772.32,362.04,694.94,463.14
1416,OK,285,16,793,793,567.83,362.84,772.06,361.14,692.44,462.25
1417,OK,283,17,785,785,565.06,362.45,767.36,361.84,684.28,457.27
1418,OK,277,13,793,793,560.72,361.4,765.0,359.61,684.43,457.92
1419,OK,279,19,788,788,558.66,366.25,761.34,357.95,686.57,464.15
1420,OK,282,20,784,784,560.67,365.57,762.46,359.69,686.6,463.34
1421,OK,284,21,785,785,561.41,366.68,763.55,360.08,690.34,463.27
1422,OK,283,13,789,789,564.72,357.83,767.87,359.65,687.83,457.12
1423,OK,294,26,771,771,569.35,362.84,767.83,362.69,691.24,460.83
1424,OK,290,27,779,779,569.03,367.11,769.62,366.06,688.78,466.46
1425,OK,285,24,791,791,568.0,368.67,771.79,368.05,692.07,470.84
1426,OK,284,28,789,789,564.22,373.44,767.22,367.47,690.92,474.24
1427,OK,284,28,783,783,562.1,370.43,763.71,365.83,687.74,471.33
1428,OK,269,16,803,803,555.21,366.58,761.97,361.85,681.46,470.79
1429,OK,266,16,798,798,551.24,366.58,756.58,360.02,676.4,467.89
1430,OK,264,19,798,798,549.71,367.79,755.21,361.89,675.27,472.07
1431,OK,270,22,790,790,552.53,366.04,756.05,361.38,676.63,471.57
1432,OK,268,20,794,794,552.1,365.18,756.55,361.35,676.52,471.31
1433,OK,272,21,791,791,553.68,366.51,757.35,359.85,678.85,469.26
1434,OK,273,22,788,788,554.19,365.81,757.16,359.89,678.34,470.16
1435,OK,272,25,788,788,553.06,367.17,755.89,360.85,679.2,474.3
1436,OK,268,21,791,791,549.94,365.66,753.66,359.89,674.64,469.43
1437,OK,263,17,798,798,547.42,368.38,752.71,358.89,675.87,468.86
1438,OK,264,19,794,794,546.73,368.15,751.22,361.35,673.59,469.18
1439,OK,259,20,801,801,543.14,369.0,749.39,362.97,672.14,474.55
1440,OK,256,17,804,804,541.8,369.0,748.78,361.61,670.84,473.87
1441,OK,255,18,807,807,540.82,370.8,748.59,362.24,671.79,476.47
1442,OK,254,18,806,806,540.28,370.85,747.63,362.26,671.06,475.44
1443,OK,253,21,806,806,538.97,374.22,746.4,363.51,669.81,479.37
1444,OK,251,19,811,811,538.31,375.09,746.87,362.75,671.18,480.82
1445,OK,247,13,819,819,537.25,371.95,747.89,362.14,669.71,478.47
1446,OK,248,14,815,815,536.71,373.4,746.18,362.03,669.96,475.3
1447,OK,246,12,820,820,537.12,374.42,748.01,363.25,670.21,475.93
1448,OK,247,18,819,819,536.99,379.11,747.41,364.32,670.04,482.42
1449,OK,247,18,818,818,536.35,380.21,746.57,364.58,671.58,483.55
1450,OK,247,18,814,814,535.8,379.0,745.01,365.36,669.4,479.51
1451,OK,247,15,818,818,536.37,377.87,746.63,364.62,670.86,478.58
1452,OK,246,12,819,819,536.08,373.42,746.61,362.6,670.24,474.92
1453,OK,245,10,822,822,536.6,373.68,748.03,364.99,670.7,473.8
1454,OK,247,12,819,819,537.4,373.17,748.06,364.6,670.28,474.76
1455,OK,250,15,814,814,538.46,373.79,747.94,365.93,671.18,474.84
1456,OK,251,15,812,812,540.67,370.06,749.78,366.04,670.64,474.47
1457,OK,249,12,816,816,539.93,369.86,750.1,363.8,670.37,474.38
1458,OK,251,14,813,813,540.6,369.14,749.91,364.13,669.55,475.08
1459,OK,252,16,812,812,540.88,371.87,750.01,365.9,672.02,475.58
1460,OK,251,15,814,814,541.21,371.2,750.89,366.28,671.46,475.47
1461,OK,250,13,814,814,540.41,368.95,750.07,364.49,670.22,474.42
1462,OK,256,17,811,811,543.02,375.41,751.6,366.24,675.63,474.75
1463,OK,258,17,809,809,543.77,374.18,751.9,364.35,677.27,474.07
1464,OK,260,19,806,806,545.34,373.83,752.8,364.57,677.02,475.41
1465,OK,259,22,806,806,545.89,380.53,753.49,374.19,675.53,472.7
1466,OK,262,20,804,804,547.21,374.27,754.25,367.24,677.28,474.47
1467,OK,263,21,803,803,547.98,373.32,754.62,367.11,677.97,474.46
1468,OK,262,19,805,805,547.79,372.47,755.14,367.21,676.61,473.47
1469,OK,264,20,800,800,549.34,372.65,755.39,366.41,676.7,471.86
1470,OK,264,20,799,799,549.49,371.17,755.3,367.36,674.76,470.43
1471,OK,262,19,802,802,547.97,373.51,754.33,364.95,676.45,471.93
1472,OK,261,18,804,804,547.92,372.78,754.73,364.64,675.86,472.69
1473,OK,266,24,799,799,550.6,375.76,756.21,369.4,677.4,475.28
1474,OK,267,22,800,800,552.53,372.42,758.39,365.41,679.69,475.89
1475,OK,268,23,799,799,552.37,372.22,758.1,366.01,679.34,476.59
1476,OK,267,23,800,800,551.83,374.39,757.77,366.55,680.59,475.89
1477,OK,265,22,800,800,550.54,374.54,756.46,366.65,678.06,475.01
1478,OK,268,21,802,802,552.44,373.83,758.84,364.93,682.5,474.81
1479,OK,268,23,799,799,551.76,374.26,757.44,365.99,679.78,474.54
1480,OK,265,21,800,800,551.03,373.77,756.99,366.4,677.39,473.34
1481,OK,265,20,802,802,550.87,374.0,757.26,365.63,679.31,473.74
1482,OK,268,22,797,797,552.01,371.78,757.13,365.76,678.62,473.13
1483,OK,269,24,796,796,552.53,372.99,757.47,365.92,679.44,475.45
1484,OK,267,23,799,799,551.63,374.07,757.28,364.76,678.82,475.88
1485,OK,266,22,800,800,551.4,372.53,757.21,365.2,678.23,475.98
1486,OK,263,20,800,800,549.47,371.92,755.52,365.82,675.24,472.49
1487,OK,261,20,800,800,547.17,372.66,753.11,365.98,672.78,471.64
1488,OK,262,21,800,800,547.74,373.14,753.78,366.94,673.97,472.24
1489,OK,261,21,801,801,547.19,373.55,753.28,367.36,672.79,471.61
1490,OK,260,19,803,803,547.01,372.39,753.73,365.93,673.34,470.9
1491,OK,259,16,807,807,547.07,371.69,754.87,365.95,674.04,470.53
1492,OK,256,14,810,810,547.09,370.32,755.64,366.58,672.51,471.45
1493,OK,259,15,804,804,548.2,367.07,755.22,366.53,671.33,469.06
1494,OK,258,11,806,806,547.4,366.65,754.85,365.7,671.72,463.29
1495,OK,258,14,802,802,546.16,367.57,752.63,365.66,670.07,463.45
1496,OK,259,16,798,798,545.3,370.88,750.72,366.4,668.92,462.19
1497,OK,254,11,805,805,543.28,366.22,750.56,363.17,667.04,463.25
1498,OK,251,11,807,807,541.01,365.27,748.89,360.39,664.3,466.2
1499,OK,254,14,800,800,542.54,363.78,748.68,361.5,663.47,465.92
1500,OK,261,19,791,791,544.8,364.52,748.6,362.03,665.7,466.55
1501,OK,260,17,793,793,545.03,365.0,749.09,360.36,666.72,464.46
1502,OK,262,18,791,791,545.69,364.06,749.47,362.45,666.57,464.56
1503,OK,260,17,792,792,544.4,366.05,748.31,360.26,666.4,463.45
1504,OK,258,17,794,794,543.66,367.69,748.06,360.71,665.79,465.71
1505,OK,258,15,797,797,544.28,364.43,749.57,359.91,666.08,464.21
1506,OK,258,15,794,794,543.96,363.7,748.51,359.42,664.75,463.65
1507,OK,260,15,795,795,545.19,362.22,749.91,361.03,666.83,462.38
1508,OK,258,12,798,798,545.29,361.76,750.72,358.35,666.98,463.46
1509,OK,262,14,795,795,547.32,362.97,752.08,358.97,669.2,462.23
1510,OK,263,16,792,792,548.0,363.61,751.92,359.66,668.98,462.38
1511,OK,260,12,795,795,546.0,362.65,750.72,357.1,667.16,458.66
1512,OK,260,14,794,794,545.92,364.09,750.44,358.36,667.57,461.44
1513,OK,258,11,798,798,545.36,362.39,750.92,358.7,666.14,461.37
1514,OK,258,13,797,797,545.31,362.93,750.44,358.28,665.83,462.56
1515,OK,263,15,793,793,549.48,360.46,753.62,360.31,667.58,463.53
1516,OK,266,4,797,797,553.44,350.82,758.59,353.58,673.72,451.88
1517,OK,278,-16,789,789,561.25,337.54,764.51,334.88,682.07,420.91
1518,OK,328,-32,762,762,600.37,302.16,796.66,301.69,720.07,397.46
1519,OK,358,-97,776,776,638.07,245.4,837.64,255.93,755.39,331.97
1520,OK,384,-133,786,786,666.28,218.32,868.4,230.8,787.11,296.83
1521,OK,442,-138,753,753,705.91,205.73,899.69,198.06,834.04,274.64
1522,OK,479,-156,758,758,746.59,192.24,941.73,188.93,873.11,256.08
1523,OK,492,-160,763,763,762.06,192.4,958.62,194.89,887.45,249.23
1524,OK,489,-178,761,761,760.87,178.24,956.84,178.59,879.92,226.99
1525,OK,462,-203,785,785,745.36,167.41,947.51,170.77,862.0,210.04
1526,OK,435,-207,781,781,718.35,153.36,918.71,170.57,832.61,205.88
1527,OK,397,-219,800,800,687.69,155.13,892.89,174.24,804.48,198.85
1528,OK,386,-171,752,752,660.99,167.2,853.55,187.19,767.9,233.87
1529,OK,339,-165,759,759,617.78,183.32,812.74,199.41,721.01,236.98
1530,OK,311,-143,776,776,593.89,203.94,791.5,233.96,705.33,272.34
1531,OK,256,-161,814,814,554.05,207.56,761.38,238.54,668.29,270.5
1532,OK,238,-152,808,808,534.4,207.87,739.65,242.02,647.36,279.49
1533,OK,223,-149,813,813,519.13,216.99,727.69,236.58,635.03,287.86
1534,OK,240,-102,772,772,520.21,247.75,718.93,247.94,634.35,321.39
1535,OK,258,-61,758,758,527.62,288.82,722.37,274.59,650.37,355.17
1536,OK,279,-46,750,750,546.12,300.73,738.66,284.26,665.82,365.72
1537,OK,289,-51,756,756,559.39,298.43,753.59,283.25,678.5,363.58
1538,OK,307,-40,746,746,575.61,300.69,767.52,289.43,689.63,372.27
1539,OK,301,-43,752,752,572.35,301.72,765.71,292.05,685.27,370.02
1540,OK,292,-39,746,746,559.52,303.34,751.22,288.88,676.59,373.66
1541,OK,279,-51,770,770,553.68,304.19,751.56,291.4,675.93,370.3
1542,OK,277,-44,766,766,550.74,309.86,747.12,291.89,672.33,378.96
1543,OK,279,-39,762,762,551.53,311.35,747.32,296.88,671.42,380.61
1544,OK,286,-39,756,756,556.94,306.68,751.36,296.32,675.8,377.06
1545,OK,286,-39,758,758,557.67,307.79,752.45,295.91,676.03,379.91
1546,OK,289,-39,761,761,561.01,310.47,756.62,297.65,679.74,378.87
1547,OK,299,-28,750,750,565.4,311.06,758.43,301.13,686.92,389.07
1548,OK,294,-35,769,769,565.84,322.07,763.43,307.43,691.8,385.0
1549,OK,298,-36,770,770,570.25,318.25,768.02,302.75,697.86,388.22
1550,OK,290,-36,771,771,564.56,320.33,762.35,302.97,688.01,386.73
1551,OK,293,-25,762,762,566.39,315.96,762.45,308.42,685.19,401.39
1552,OK,300,-10,752,752,567.3,327.3,760.66,316.46,688.35,411.83
1553,OK,301,-6,744,744,567.2,326.87,758.91,323.44,683.2,408.64
1554,OK,294,-12,759,759,565.62,328.98,761.13,326.32,683.15,407.83
1555,OK,294,-12,763,763,565.7,332.31,762.19,326.53,686.15,409.66
1556,OK,285,-11,771,771,562.45,337.75,760.9,328.8,680.28,416.45
1557,OK,282,-10,779,779,561.95,341.57,762.48,332.89,680.14,420.79
1558,OK,289,-3,770,770,566.14,343.64,764.25,336.39,684.18,425.35
1559,OK,302,6,757,757,571.0,344.88,765.6,334.69,691.74,429.26
1560,OK,293,3,762,762,566.56,343.56,762.68,335.04,684.45,429.74
1561,OK,299,4,761,761,571.65,343.6,767.57,335.82,689.79,429.62
1562,OK,310,8,755,755,578.53,343.82,772.86,334.21,698.9,432.65
1563,OK,312,12,750,750,580.62,343.91,773.5,334.2,698.76,436.14
1564,OK,309,10,759,759,578.75,345.34,773.95,334.24,701.35,438.25
1565,OK,303,8,752,752,571.93,340.39,765.49,333.27,689.45,431.46
1566,OK,296,2,764,764,569.14,342.53,765.81,334.57,689.01,430.94
1567,OK,290,-8,768,768,564.09,338.24,761.67,329.87,685.68,418.44
1568,OK,282,-10,777,777,559.61,335.88,759.8,332.26,680.33,423.38
1569,OK,279,-7,784,784,559.31,339.62,761.34,338.72,681.78,432.5
1570,OK,282,0,774,774,560.1,340.69,759.46,340.56,678.77,433.96
1571,OK,270,-2,785,785,551.19,343.22,753.47,340.58,673.36,439.8
1572,OK,270,-8,781,781,550.89,338.34,751.96,338.82,669.7,426.16
1573,OK,264,-10,786,786,548.45,339.71,750.88,341.04,666.09,426.94
1574,OK,270,-6,781,781,550.28,339.82,751.56,341.02,669.15,428.24
1575,OK,269,-7,780,780,550.53,338.29,751.33,341.44,667.68,426.23
1576,OK,268,-7,782,782,550.01,339.73,751.46,341.1,668.15,429.21
1577,OK,265,-8,787,787,548.47,340.97,751.04,342.35,666.52,428.39
1578,OK,263,-14,793,793,548.89,339.46,753.02,343.44,668.03,422.76
1579,OK,262,-14,788,788,546.84,338.11,749.75,341.75,664.85,420.43
1580,OK,262,-12,786,786,546.16,338.17,748.46,343.44,664.15,421.69
1581,OK,261,-1,783,783,544.32,343.47,746.03,348.93,659.53,435.16
1582,OK,253,-13,800,800,542.21,343.89,748.25,344.35,662.65,430.66
1583,OK,259,-12,795,795,546.93,338.88,751.44,346.47,664.07,428.19
1584,OK,261,-12,787,787,546.21,337.1,748.87,340.82,661.74,424.98
1585,OK,263,-16,792,792,549.77,334.62,753.82,337.9,668.17,423.97
1586,OK,268,-17,790,790,551.46,336.15,754.83,337.56,672.87,420.97
1587,OK,266,-16,789,789,549.82,335.39,752.92,336.18,669.34,421.55
1588,OK,262,-18,792,792,547.52,336.73,751.37,334.79,667.52,421.09
1589,OK,265,-16,786,786,548.52,337.32,750.82,332.64,667.52,420.41
1590,OK,263,-19,792,792,547.74,337.07,751.68,334.57,668.64,419.09
1591,OK,258,-23,798,798,546.98,334.01,752.43,335.11,665.3,417.57
1592,OK,261,-18,791,791,546.98,336.51,750.71,334.72,665.07,418.89
1593,OK,261,-19,793,793,546.59,338.35,750.76,335.68,666.85,417.62
1594,OK,263,-18,791,791,547.61,337.35,751.46,335.94,667.65,418.95
1595,OK,263,-18,790,790,547.85,337.11,751.4,335.22,667.64,419.74
1596,OK,258,-20,796,796,544.54,337.25,749.54,334.84,664.99,420.03
1597,OK,256,-20,798,798,544.87,337.4,750.28,338.24,662.59,420.38
1598,OK,255,-20,800,800,544.88,338.33,750.83,339.56,663.14,422.62
1599,OK,256,-18,798,798,545.77,341.04,751.23,343.93,663.36,421.14
1600,OK,257,-14,798,798,540.76,349.9,745.66,332.77,669.58,430.31
1601,OK,252,-18,797,797,535.54,346.89,740.06,330.6,662.38,423.21
1602,OK,255,-20,799,799,541.12,346.3,746.11,329.67,665.79,420.61
1603,OK,261,-5,787,787,543.53,351.52,745.48,334.23,665.43,434.37
1604,OK,272,3,779,779,548.05,355.04,748.09,339.81,675.12,438.21
1605,OK,272,2,779,779,548.81,353.13,748.96,337.83,674.56,437.26
1606,OK,268,-3,785,785,547.82,351.52,749.48,336.6,672.33,435.3
1607,OK,272,1,780,780,548.83,354.47,749.1,338.47,675.24,435.9
1608,OK,276,-3,782,782,552.73,352.54,753.11,333.24,682.11,435.11
1609,OK,281,2,777,777,555.62,351.08,755.29,336.51,682.8,436.97
1610,OK,273,7,778,778,551.61,356.39,751.63,343.79,673.84,442.75
1611,OK,278,11,774,774,552.91,362.07,751.21,342.36,678.22,445.65
1612,OK,276,9,777,777,553.33,357.91,752.85,343.29,675.67,445.14
1613,OK,283,17,765,765,556.24,358.57,752.63,343.06,677.26,448.44
1614,OK,282,17,768,768,556.15,359.69,753.49,346.08,677.3,450.22
1615,OK,278,18,770,770,553.05,362.44,750.66,345.47,674.17,452.41
1616,OK,280,21,767,767,553.88,361.66,750.78,346.58,673.89,454.08
1617,OK,274,13,774,774,551.3,359.29,750.2,346.37,672.04,447.18
1618,OK,268,12,778,778,546.95,360.47,746.92,347.67,667.6,449.0
1619,OK,270,1,780,780,549.06,353.98,749.34,339.81,670.89,436.59
1620,OK,269,10,781,781,549.19,361.76,749.86,348.8,669.95,445.28
1621,OK,268,1,780,780,549.53,355.21,750.19,345.76,666.31,433.11
1622,OK,262,-9,794,794,546.06,360.96,749.61,342.4,671.25,424.81
1623,OK,261,-2,792,792,545.89,356.95,749.3,342.42,666.99,438.34
1624,OK,271,3,781,781,549.88,356.06,750.28,339.18,672.05,439.18
1625,OK,262,-11,790,790,546.1,350.32,749.0,334.7,666.67,427.46
1626,OK,262,-16,797,797,548.08,347.97,752.79,333.27,670.54,424.34
1627,OK,271,-10,786,786,552.1,346.23,754.04,332.72,675.11,427.26
1628,OK,273,-16,784,784,553.49,342.27,754.72,324.56,676.51,419.31
1629,OK,283,-12,777,777,559.13,341.28,758.47,322.54,684.74,421.97
1630,OK,280,-8,778,778,556.82,346.72,756.33,327.52,681.58,426.03
1631,OK,281,-5,772,772,556.59,345.83,754.6,328.04,678.84,426.28
1632,OK,273,-8,782,782,552.96,349.75,753.51,331.22,676.36,426.45
1633,OK,287,-1,766,766,559.13,348.79,755.3,328.57,683.39,425.62
1634,OK,280,-6,774,774,557.24,348.77,755.41,327.82,679.19,424.73
1635,OK,277,-9,785,785,557.22,350.26,758.24,329.68,681.96,427.48
1636,OK,295,16,757,757,564.54,357.05,758.52,337.2,686.39,441.18
1637,OK,291,11,770,770,565.75,358.17,763.26,340.76,687.52,444.06
1638,OK,296,11,758,758,567.51,351.5,762.32,339.63,685.62,436.35
1639,OK,293,16,756,756,565.41,352.74,759.88,341.8,681.28,441.38
1640,OK,288,21,757,757,561.05,355.15,755.84,347.96,674.61,446.45
1641,OK,272,9,779,779,552.12,357.89,752.52,346.78,671.41,444.38
1642,OK,278,26,760,760,551.4,363.39,746.94,353.14,668.43,454.77
1643,OK,278,32,755,755,549.04,364.65,743.37,355.62,663.87,457.97
1644,OK,274,28,759,759,547.85,363.91,743.15,353.61,661.73,455.36
1645,OK,272,22,766,766,549.04,361.57,745.96,351.45,663.4,454.1
1646,OK,273,17,771,771,550.05,361.41,748.22,347.06,667.62,450.65
1647,OK,277,21,765,765,552.61,361.08,749.29,347.92,668.8,452.81
1648,OK,276,18,767,767,552.05,359.12,749.3,347.43,667.6,449.34
1649,OK,275,15,769,769,551.94,357.58,749.72,345.75,668.49,446.83
1650,OK,276,14,769,769,552.37,357.36,750.14,345.59,669.44,446.38
1651,OK,276,13,770,770,553.06,356.33,750.93,344.82,670.23,446.1
1652,OK,277,19,766,766,553.16,359.79,750.1,348.13,668.74,451.49
1653,OK,277,21,765,765,552.45,361.04,749.02,347.71,668.58,452.92
1654,OK,277,18,766,766,551.89,362.05,748.73,347.02,671.35,449.34
1655,OK,277,21,764,764,551.02,362.2,747.39,348.83,669.13,451.66
1656,OK,275,16,770,770,551.04,361.11,748.9,347.84,670.4,448.78
1657,OK,272,19,773,773,550.4,363.38,748.97,349.42,667.67,454.93
1658,OK,280,25,763,763,554.11,364.39,750.16,351.26,670.3,454.68
1659,OK,278,24,766,766,554.12,363.78,751.3,354.08,669.9,455.73
1660,OK,280,25,763,763,554.75,363.66,750.98,352.73,670.91,454.67
1661,OK,278,23,766,766,553.81,364.12,750.9,353.37,671.59,453.83
1662,OK,278,21,766,766,552.68,363.63,749.67,351.47,670.85,451.38
1663,OK,278,20,767,767,552.72,363.54,749.84,349.19,672.67,450.53
1664,OK,279,21,764,764,553.6,363.44,749.87,350.66,672.07,450.87
1665,OK,274,20,771,771,551.37,363.67,749.56,351.31,668.39,453.3
1666,OK,274,21,770,770,552.13,362.62,750.2,353.28,667.3,454.53
1667,OK,272,22,773,773,551.03,363.3,749.92,354.44,665.86,457.32
1668,OK,274,22,770,770,552.19,363.38,750.25,353.61,667.32,456.94
1669,OK,271,22,772,772,550.7,364.48,749.31,354.36,665.69,458.45
1670,OK,272,22,773,773,551.13,362.97,749.97,354.96,665.45,457.06
1671,OK,272,22,770,770,550.91,364.04,749.06,353.81,665.3,455.23
1672,OK,275,22,769,769,552.27,364.01,750.07,352.86,668.1,453.57
1673,OK,274,21,771,771,551.32,365.14,749.5,353.83,667.81,454.3
1674,OK,272,20,770,770,551.0,363.26,749.14,353.56,665.92,453.31
1675,OK,276,24,770,770,553.33,365.44,751.52,355.99,670.42,457.36
1676,OK,276,23,770,770,553.25,366.72,751.18,355.56,671.5,456.41
1677,OK,278,24,767,767,554.15,365.56,751.36,355.81,670.37,455.21
1678,OK,276,22,770,770,553.72,364.76,751.83,355.62,669.76,455.25
1679,OK,275,22,770,770,552.78,365.18,750.89,355.02,669.67,454.61
1680,OK,275,22,770,770,553.02,364.5,751.0,354.99,669.23,454.54
1681,OK,275,21,770,770,552.73,364.62,750.92,355.03,668.61,453.48
1682,OK,275,22,768,768,551.91,364.67,749.47,353.5,667.85,453.29
1683,OK,276,23,767,767,552.99,363.62,750.4,354.01,668.06,454.2
1684,OK,279,23,764,764,555.06,361.47,751.7,353.93,668.84,452.99
1685,OK,275,21,769,769,553.12,361.96,750.95,353.46,666.78,452.72
1686,OK,275,21,769,769,553.3,361.67,751.17,354.25,667.19,452.55
1687,OK,272,17,776,776,552.86,366.38,752.55,357.53,668.81,450.03
1688,OK,272,21,775,775,551.62,368.75,750.92,357.45,667.7,454.26
1689,OK,275,23,769,769,552.53,364.44,750.35,354.07,666.68,455.1
1690,OK,275,24,767,767,552.8,362.47,750.19,355.37,666.51,456.54
1691,OK,276,23,769,769,552.83,364.74,750.59,354.59,669.61,454.94
1692,OK,275,21,770,770,552.62,364.32,750.57,354.41,669.05,454.6
1693,OK,276,23,769,769,552.72,365.39,750.56,354.77,670.07,455.24
1694,OK,275,20,772,772,551.61,365.93,750.05,353.9,671.47,454.04
1695,OK,275,22,769,769,551.56,366.06,749.17,353.94,669.28,453.65
1696,OK,280,27,766,766,555.05,368.99,752.02,356.38,673.89,458.03
1697,OK,283,28,766,766,557.52,369.27,754.51,357.86,677.82,459.43
1698,OK,291,28,760,760,561.59,366.23,757.06,357.09,682.69,454.91
1699,OK,293,29,757,757,562.68,365.84,757.49,357.26,683.26,452.82
1700,OK,288,26,762,762,560.43,366.42,756.54,357.63,679.84,452.93
1701,OK,289,28,760,760,559.87,368.31,755.39,356.86,681.4,455.33
1702,OK,292,29,758,758,562.33,367.22,757.26,356.37,683.57,454.96
1703,OK,294,31,755,755,563.34,365.12,757.69,357.56,682.65,454.67
1704,OK,293,28,755,755,564.36,361.27,758.74,357.17,680.0,451.85
1705,OK,289,27,760,760,563.35,363.05,759.04,357.22,677.41,455.7
1706,OK,292,29,758,758,564.27,365.46,759.33,357.57,680.67,456.39
1707,OK,291,26,758,758,563.84,362.24,759.0,357.01,680.34,451.99
1708,OK,295,31,753,753,564.46,364.99,758.17,357.26,682.68,454.18
1709,OK,289,28,759,759,560.93,364.19,756.3,357.09,678.36,454.83
1710,OK,287,25,761,761,560.66,361.45,756.56,356.63,676.88,452.89
1711,OK,291,28,756,756,562.95,362.17,757.64,356.73,679.38,453.42
1712,OK,285,23,764,764,560.83,361.3,757.59,357.15,676.77,451.86
1713,OK,284,23,765,765,560.06,362.0,756.93,356.85,675.15,451.37
1714,OK,284,24,762,762,560.08,361.04,756.42,356.7,673.6,452.57
1715,OK,281,21,768,768,558.88,361.88,756.55,357.81,672.9,451.37
1716,OK,279,21,770,770,557.55,362.14,755.68,356.05,672.46,453.31
1717,OK,276,19,772,772,555.6,361.28,754.26,355.76,670.17,453.32
1718,OK,281,23,767,767,557.71,361.53,755.21,355.56,673.53,454.3
1719,OK,286,26,762,762,560.17,361.95,756.29,356.85,675.83,455.76
1720,OK,292,30,755,755,562.66,364.69,756.94,355.38,678.5,454.7
1721,OK,287,24,763,763,561.88,363.29,758.33,354.74,675.96,451.36
1722,OK,294,27,756,756,565.28,363.49,759.53,351.81,681.92,452.8
1723,OK,291,24,760,760,563.9,363.39,759.36,352.29,680.42,451.2
1724,OK,291,25,758,758,564.1,363.88,758.9,352.76,680.34,451.02
1725,OK,287,23,761,761,560.27,362.19,756.05,353.44,677.8,449.7
1726,OK,288,28,757,757,559.79,362.91,754.73,355.77,676.3,453.55
1727,OK,277,21,768,768,554.15,361.66,751.75,353.56,669.39,452.97
1728,OK,272,18,772,772,551.78,361.67,750.4,353.06,666.01,451.59
1729,OK,272,18,772,772,551.44,362.75,749.93,352.39,666.61,450.88
1730,OK,275,21,770,770,553.42,363.13,751.5,354.77,668.47,453.63
1731,OK,279,22,769,769,556.16,362.76,754.17,357.49,671.34,453.85
1732,OK,279,22,768,768,556.99,363.1,754.6,356.91,671.41,453.03
1733,OK,279,24,769,769,556.17,364.77,754.03,357.02,672.66,455.78
1734,OK,282,27,765,765,556.02,367.59,752.83,356.74,674.72,457.82
1735,OK,273,21,777,777,551.55,367.39,751.47,357.09,670.86,456.48
1736,OK,273,20,775,775,552.19,365.55,751.48,354.82,669.76,454.56
1737,OK,274,19,776,776,552.91,366.51,752.43,355.41,671.74,454.9
1738,OK,275,20,776,776,553.62,366.44,753.12,356.67,673.45,455.45
1739,OK,274,19,777,777,552.26,365.31,752.08,355.33,672.6,454.35
1740,OK,274,19,775,775,551.8,364.83,751.06,354.24,671.03,453.41
1741,OK,272,16,777,777,551.33,363.49,751.15,352.42,670.5,451.12
1742,OK,272,18,773,773,550.8,362.48,749.72,352.83,666.66,451.39
1743,OK,271,18,772,772,550.32,362.49,748.9,352.18,665.78,451.2
1744,OK,270,17,774,774,550.45,362.45,749.57,353.03,665.13,451.7
1745,OK,272,19,773,773,550.74,362.75,749.77,354.48,665.82,451.91
1746,OK,271,18,774,774,551.43,363.04,750.58,354.92,666.49,452.51
1747,OK,274,20,770,770,553.16,362.67,751.36,355.57,666.67,451.47
1748,OK,280,27,767,767,556.35,370.9,753.57,360.19,671.38,456.19
1749,OK,286,30,759,759,559.23,364.73,754.68,358.71,673.94,458.25
1750,OK,285,28,761,761,559.33,361.8,755.3,356.38,674.44,458.09
1751,OK,279,25,765,765,555.47,362.05,752.43,354.5,669.37,457.03
1752,OK,279,24,766,766,556.1,362.43,753.33,354.82,669.61,456.11
1753,OK,282,28,762,762,557.63,362.39,753.95,357.25,671.99,458.75
1754,OK,283,28,758,758,556.61,362.45,751.8,355.41,671.19,455.97
1755,OK,279,27,763,763,554.03,363.34,750.29,353.63,669.01,458.53
1756,OK,277,18,768,768,554.16,358.46,751.89,351.68,670.11,450.48
1757,OK,280,22,764,764,555.7,359.65,752.31,352.76,670.47,452.37
1758,OK,281,20,765,765,556.37,358.58,753.23,352.03,672.19,450.59
1759,OK,278,19,769,769,553.62,360.48,751.49,350.06,671.53,451.64
1760,OK,281,21,767,767,555.7,361.4,752.94,350.66,674.14,452.53
1761,OK,280,17,768,768,556.31,359.3,753.77,349.39,674.94,449.57
1762,OK,281,20,767,767,556.6,361.72,753.95,352.26,674.17,450.3
1763,OK,280,21,766,766,556.16,360.88,753.15,352.43,672.69,451.77
1764,OK,281,22,763,763,555.12,359.93,751.51,350.72,670.76,450.91
1765,OK,278,32,757,757,551.29,362.57,746.03,352.61,665.01,464.18
1766,OK,278,34,755,755,550.77,361.04,745.27,355.56,663.21,464.5
1767,OK,274,27,762,762,549.02,360.67,745.19,353.34,663.63,459.47
1768,OK,278,32,756,756,550.49,363.64,744.92,353.28,664.39,462.5
1769,OK,274,31,761,761,549.33,365.9,745.11,355.48,662.38,461.9
1770,OK,272,28,765,765,548.71,363.76,745.56,354.96,662.04,461.85
1771,OK,273,29,762,762,549.17,363.34,745.16,355.31,661.4,460.96
1772,OK,274,30,760,760,549.37,362.62,744.94,355.04,662.36,461.5
1773,OK,274,31,761,761,548.95,363.41,744.83,355.54,662.71,462.72
1774,OK,273,30,761,761,548.28,364.25,743.96,354.49,661.88,460.71
1775,OK,269,26,767,767,547.44,362.73,744.74,355.76,659.4,460.35
1776,OK,276,27,763,763,549.43,366.95,745.54,355.56,667.0,455.24
1777,OK,268,21,766,766,544.44,360.92,741.51,349.51,660.06,452.85
1778,OK,270,20,765,765,545.55,358.06,742.47,348.42,661.75,451.6
1779,OK,269,14,771,771,544.94,357.3,743.24,346.81,664.83,446.39
1780,OK,267,14,771,771,544.44,357.0,742.83,347.97,662.2,445.99
1781,OK,271,15,767,767,546.07,356.26,743.48,346.9,663.56,445.91
1782,OK,269,13,771,771,545.39,357.47,743.83,347.6,663.77,444.95
1783,OK,267,12,776,776,546.04,358.24,745.66,349.86,664.6,447.46
1784,OK,270,13,772,772,547.68,357.7,746.26,349.06,665.03,446.37
1785,OK,268,11,775,775,546.55,358.84,745.81,347.16,664.88,444.75
1786,OK,269,11,773,773,547.27,357.24,746.1,346.14,664.94,443.53
1787,OK,270,13,772,772,547.04,359.93,745.37,347.58,665.95,445.25
1788,OK,272,16,771,771,549.29,360.07,747.61,349.68,666.97,448.94
1789,OK,270,15,772,772,548.51,359.45,746.96,348.88,665.53,448.95
1790,OK,268,13,775,775,547.25,359.44,746.52,347.72,664.69,447.95
1791,OK,270,12,775,775,548.59,359.25,747.84,347.47,667.1,445.77
1792,OK,270,11,775,775,548.37,358.04,747.77,346.89,666.02,445.24
1793,OK,269,11,774,774,548.15,357.61,747.17,347.64,664.85,445.17
1794,OK,270,14,772,772,548.39,358.94,746.97,348.3,665.05,447.25
1795,OK,272,16,770,770,549.56,359.3,747.61,349.7,666.07,449.05
1796,OK,270,15,772,772,548.62,358.81,747.2,348.76,665.29,448.37
1797,OK,272,14,772,772,549.2,359.66,747.82,348.23,667.51,447.14
1798,OK,269,14,775,775,548.21,360.0,747.52,349.21,665.76,448.22
1799,OK,270,14,773,773,548.66,358.63,747.55,348.62,665.69,447.44
