k,status,x,y,w,h,rx,ry,lx,ly,nx,ny
0,FAILED,,,,,,,,,,
1,OK,266,-2,703,703,515.67,327.21,695.04,303.13,628.87,383.61
2,OK,255,-1,711,711,507.16,330.6,689.49,314.54,621.95,387.02
3,OK,248,-8,716,716,502.17,321.18,686.22,307.92,618.93,386.28
4,OK,248,-9,717,717,501.93,319.99,686.19,308.08,618.03,385.0
5,OK,250,-13,725,725,506.89,321.98,693.44,314.93,624.23,380.1
6,OK,250,-13,735,735,510.87,323.87,699.98,315.43,629.15,389.57
7,OK,255,-7,728,728,514.27,322.93,701.82,317.77,631.77,394.14
8,OK,278,2,718,718,533.24,319.2,718.16,321.45,649.71,402.27
9,OK,278,-2,728,728,536.46,318.71,723.91,324.76,655.18,403.9
10,OK,286,8,730,730,544.75,324.38,732.64,330.69,664.52,420.17
11,OK,289,6,724,724,546.68,321.0,733.01,326.66,663.84,413.83
12,OK,277,4,742,742,543.57,322.04,734.51,329.76,658.0,424.12
13,OK,265,1,760,760,540.48,333.4,736.3,336.12,653.33,427.44
14,OK,251,20,767,767,533.09,350.28,730.53,351.03,638.06,455.99
15,OK,249,30,767,767,530.92,358.21,728.23,351.27,634.86,471.3
16,OK,251,37,771,771,534.41,365.01,732.87,358.51,638.46,482.81
17,OK,245,31,782,782,535.28,367.21,736.34,357.26,637.72,483.49
18,OK,259,26,775,775,545.62,356.88,745.11,348.03,646.8,474.84
19,OK,271,27,762,762,553.7,352.08,749.82,347.44,652.6,466.52
20,OK,291,36,738,738,564.93,346.89,754.89,345.39,660.62,465.33
21,OK,303,22,743,743,574.17,335.61,765.63,336.06,678.54,451.77
22,OK,312,15,738,738,577.26,332.89,767.3,330.22,690.33,437.64
23,OK,305,16,735,735,566.33,334.55,755.7,331.44,683.42,433.69
24,OK,298,13,727,727,556.61,316.38,743.87,320.07,673.21,435.51
25,OK,296,5,712,712,546.11,309.14,729.61,308.5,666.33,414.58
26,OK,262,17,709,709,515.89,322.71,698.62,321.98,624.86,419.84
27,OK,259,18,707,707,510.15,322.2,692.23,318.54,623.52,422.11
28,OK,265,19,692,692,507.91,316.98,686.02,311.36,625.04,417.18
29,OK,266,18,689,689,506.21,315.03,683.48,307.36,625.95,413.93
30,OK,254,6,696,696,497.28,311.21,675.87,296.25,618.01,405.97
31,OK,247,-19,719,719,499.51,303.19,684.42,292.11,621.1,383.66
32,OK,235,-49,736,736,494.81,287.16,683.83,273.25,617.23,359.24
33,OK,226,-80,771,771,503.23,274.5,701.89,273.43,620.93,336.3
34,OK,270,-82,751,751,536.91,254.04,730.18,258.17,657.23,331.89
35,OK,290,-96,757,757,559.2,241.13,754.29,240.81,680.73,324.63
36,OK,320,-142,782,782,598.12,208.73,799.03,221.44,723.78,283.39
37,OK,345,-143,784,784,619.82,213.25,821.08,229.46,755.13,277.19
38,OK,352,-117,778,778,626.27,224.75,825.43,246.81,756.37,309.51
39,OK,355,-59,756,756,615.08,268.33,809.4,281.31,753.83,363.81
40,OK,358,-21,737,737,611.14,293.79,801.03,295.75,746.79,401.03
41,OK,355,1,736,736,611.38,311.02,800.92,313.01,741.79,426.61
42,OK,357,5,734,734,613.13,315.34,802.17,317.16,741.01,429.36
43,OK,368,9,718,718,619.56,311.2,804.55,312.72,742.94,424.59
44,OK,385,1,702,702,628.7,301.54,809.48,298.02,753.4,405.61
45,OK,380,-18,719,719,631.15,291.51,816.27,291.35,755.18,391.18
46,OK,365,-38,741,741,626.35,283.12,817.03,289.63,749.34,379.41
47,OK,339,-69,781,781,615.17,272.43,816.16,276.88,743.39,368.73
48,OK,313,-104,811,811,607.12,248.54,815.76,257.16,725.65,349.61
49,OK,296,-102,815,815,592.75,246.92,802.66,246.86,709.0,364.26
50,OK,284,-96,829,829,585.15,268.15,798.48,263.56,706.08,371.63
51,OK,288,-67,823,823,585.45,287.56,797.45,284.89,706.76,401.78
52,OK,286,-46,814,814,583.7,301.57,793.21,298.68,698.81,422.61
53,OK,294,-29,795,795,584.89,313.22,789.56,311.84,695.48,424.38
54,OK,300,-28,768,768,581.68,309.91,779.42,303.78,688.15,405.86
55,OK,311,-22,749,749,585.23,302.25,778.16,299.72,689.55,403.09
56,OK,320,-17,739,739,589.27,304.73,779.52,299.66,694.36,401.85
57,OK,329,-17,730,730,597.44,298.14,785.52,300.78,697.81,396.89
58,OK,334,-12,731,731,600.45,308.55,788.63,304.09,704.85,401.16
59,OK,340,2,740,740,606.95,317.72,797.64,315.94,719.49,429.06
60,OK,346,0,739,739,610.99,316.11,801.41,313.77,724.32,423.12
61,OK,346,-3,737,737,611.58,315.45,801.28,312.27,723.37,416.7
62,OK,331,-16,731,731,596.62,304.01,784.83,297.76,702.53,397.14
63,OK,318,-30,734,734,584.23,300.72,772.98,288.9,693.18,380.86
64,OK,314,-37,736,736,579.05,298.81,768.35,286.98,691.17,369.83
65,OK,288,-57,770,770,563.18,307.58,760.63,290.3,684.67,357.91
66,OK,284,-68,783,783,562.03,311.32,762.9,293.22,688.52,345.72
67,OK,285,-62,773,773,560.57,310.48,759.32,296.97,682.36,345.38
68,OK,276,-64,787,787,555.46,316.75,757.07,295.73,681.98,352.36
69,OK,281,-48,778,778,552.87,322.03,752.03,300.1,688.27,372.7
70,OK,273,-45,785,785,547.59,322.39,748.03,296.41,683.14,385.64
71,OK,274,-39,776,776,546.73,322.46,745.0,296.62,679.65,388.97
72,OK,274,-50,786,786,548.82,320.88,749.82,296.58,686.23,378.42
73,OK,268,-54,810,810,553.39,322.27,761.7,313.01,690.23,384.83
74,OK,279,-53,803,803,558.64,321.61,765.0,308.58,699.94,382.65
75,OK,270,-58,812,812,555.42,320.6,764.06,307.08,692.84,382.66
76,OK,257,-38,820,820,549.28,336.68,759.83,321.93,680.06,415.28
77,OK,257,-31,822,822,548.91,345.21,759.72,327.05,682.68,425.02
78,OK,269,-17,808,808,555.47,351.01,762.77,332.29,688.03,433.91
79,OK,265,-22,819,819,555.78,351.82,765.74,330.88,687.73,432.8
80,OK,259,-42,838,838,557.08,346.76,771.84,324.51,692.75,418.88
81,OK,273,-32,826,826,567.63,345.97,779.62,329.21,700.34,424.72
82,OK,293,3,796,796,577.39,353.93,782.05,343.76,702.9,453.56
83,OK,284,16,813,813,572.64,375.53,781.31,357.98,704.0,477.37
84,OK,265,15,850,850,566.07,390.85,783.08,362.62,707.33,504.83
85,OK,275,25,844,844,571.8,396.24,787.08,366.33,716.34,513.7
86,OK,275,26,843,843,571.2,395.62,786.24,366.34,714.78,513.29
87,OK,278,28,838,838,572.24,395.18,786.09,366.81,716.27,514.32
88,OK,271,19,828,828,564.69,382.21,776.95,361.1,699.77,494.65
89,OK,275,11,812,812,565.04,366.7,773.77,354.97,692.78,473.41
90,OK,265,-5,819,819,557.51,361.18,767.79,344.22,686.45,456.95
91,OK,265,-4,821,821,559.9,357.12,770.98,343.34,686.43,461.96
92,OK,270,-5,815,815,561.8,357.45,771.05,341.28,689.34,455.22
93,OK,274,-9,814,814,564.98,356.35,773.89,339.65,694.24,448.92
94,OK,286,-3,807,807,572.96,361.83,779.96,343.69,702.04,447.94
95,OK,286,-5,799,799,571.04,354.27,775.9,335.68,698.41,444.78
96,OK,284,-9,807,807,571.66,349.84,778.8,333.63,700.61,446.37
97,OK,296,-2,798,798,579.17,349.73,784.38,336.44,709.1,451.57
98,OK,294,8,802,802,579.9,355.74,786.29,344.94,708.41,468.61
99,OK,312,37,782,782,587.49,376.02,788.28,361.52,719.12,487.94
100,OK,331,54,765,765,596.17,379.58,792.86,366.5,731.9,499.14
101,OK,332,48,764,764,597.69,373.63,794.2,364.17,733.61,491.73
102,OK,323,44,778,778,594.18,375.19,794.46,366.61,730.51,495.66
103,OK,314,26,787,787,591.91,366.22,794.33,356.66,720.95,478.15
104,OK,325,7,785,785,602.08,343.75,804.23,341.91,732.1,455.6
105,OK,323,-14,796,796,606.52,336.55,811.42,337.82,734.52,431.86
106,OK,291,-43,830,830,583.21,341.83,796.6,327.95,722.6,409.57
107,OK,274,-43,830,830,570.21,342.97,783.4,325.95,702.88,410.22
108,OK,251,-46,836,836,551.82,340.65,766.67,325.15,679.27,411.58
109,OK,253,-54,835,835,552.94,337.49,767.6,322.87,680.78,397.09
110,OK,270,-34,812,812,562.0,339.05,770.68,327.14,686.82,411.36
111,OK,261,-49,828,828,557.07,337.03,769.71,322.34,686.83,401.37
112,OK,255,-37,832,832,554.31,344.43,768.06,329.11,682.65,421.84
113,OK,263,-17,819,819,559.16,347.38,770.1,341.52,679.7,441.03
114,OK,258,-14,820,820,555.91,347.16,767.08,341.72,675.91,448.22
115,OK,265,5,807,807,558.0,356.25,765.78,350.27,674.82,463.52
116,OK,265,9,816,816,560.57,364.37,770.52,355.21,682.09,474.26
117,OK,270,11,805,805,561.42,363.4,768.65,354.85,679.58,468.27
118,OK,272,11,807,807,564.31,366.05,771.93,356.72,683.41,466.83
119,OK,287,15,793,793,573.8,358.97,778.09,354.39,690.65,466.59
120,OK,288,9,800,800,577.28,353.67,783.25,346.09,696.65,468.67
121,OK,308,22,778,778,587.67,355.87,787.93,349.35,708.07,471.31
122,OK,313,21,777,777,591.09,354.91,791.18,348.16,711.82,467.59
123,OK,321,19,782,782,600.16,354.64,801.65,353.73,723.64,467.33
124,OK,328,21,776,776,602.96,354.35,802.75,350.42,729.6,466.94
125,OK,340,25,759,759,607.61,351.63,803.1,349.01,733.69,458.58
126,OK,334,12,772,772,606.29,345.8,805.06,344.8,735.23,451.34
127,OK,338,7,775,775,609.9,338.99,809.57,341.86,741.5,449.38
128,OK,342,8,776,776,614.04,341.1,813.86,346.09,746.75,448.72
129,OK,334,4,777,777,607.59,338.08,807.67,338.39,737.28,446.03
130,OK,327,-3,782,782,602.64,336.64,804.03,334.63,733.95,442.01
131,OK,332,-1,782,782,607.36,337.27,808.66,338.77,738.08,442.78
132,OK,332,1,781,781,605.65,337.36,806.89,336.56,738.36,446.51
133,OK,333,-1,776,776,605.16,338.03,805.06,336.02,738.12,438.87
134,OK,337,0,775,775,608.78,339.11,808.45,338.71,740.37,435.18
135,OK,340,6,770,770,611.54,341.62,809.8,339.9,740.63,441.96
136,OK,318,-5,797,797,599.14,349.71,804.19,342.33,731.17,440.39
137,OK,333,0,782,782,607.83,344.47,809.3,340.03,740.94,440.19
138,OK,336,-2,782,782,610.68,345.51,811.97,341.77,743.8,435.28
139,OK,347,6,768,768,614.76,345.57,812.44,340.88,748.72,437.37
140,OK,349,9,766,766,616.54,345.44,813.92,343.08,749.15,440.25
141,OK,349,6,771,771,618.4,345.26,816.96,345.12,751.52,438.68
142,OK,347,11,769,769,616.3,347.18,814.25,344.97,748.33,445.86
143,OK,351,15,760,760,617.76,345.91,813.48,346.88,747.6,445.22
144,OK,355,21,756,756,619.81,347.14,814.42,347.46,750.49,451.23
145,OK,349,24,769,769,615.77,356.04,813.81,349.48,752.85,464.27
146,OK,345,44,781,781,613.02,377.04,813.55,360.68,757.89,500.42
147,OK,341,51,778,778,610.09,383.57,809.86,366.83,751.01,505.67
148,OK,352,40,774,774,618.97,371.94,817.77,358.17,760.7,489.65
149,OK,358,40,765,765,620.57,367.22,817.14,354.68,762.42,484.25
150,OK,347,30,765,765,613.15,361.53,810.04,351.16,747.05,467.67
151,OK,338,18,774,774,610.3,354.76,809.41,346.09,741.41,460.87
152,OK,331,12,776,776,605.89,349.2,805.78,345.87,732.93,453.5
153,OK,329,-3,780,780,604.69,344.46,805.53,338.38,734.0,432.77
154,OK,320,-27,797,797,600.24,331.37,805.41,327.55,733.65,413.76
155,OK,307,-20,799,799,589.98,341.15,795.47,331.76,719.84,422.42
156,OK,291,2,787,787,574.86,349.07,777.28,340.89,692.3,446.46
157,OK,282,7,782,782,567.59,347.63,769.0,343.48,677.72,450.64
158,OK,285,1,783,783,570.69,345.76,772.3,341.68,680.73,441.11
159,OK,290,-3,785,785,574.47,345.71,776.56,336.9,690.33,437.12
160,OK,294,1,781,781,576.97,348.03,777.84,339.91,692.05,438.45
161,OK,283,0,792,792,571.39,350.43,775.28,342.32,685.85,446.1
162,OK,292,3,784,784,576.92,348.52,778.67,340.76,691.21,446.52
163,OK,295,8,785,785,578.9,350.51,781.0,341.91,694.57,454.67
164,OK,300,7,782,782,583.31,346.86,784.62,339.38,698.48,454.2
165,OK,295,-7,792,792,581.09,344.56,784.62,332.81,700.34,439.43
166,OK,298,-23,795,795,585.4,333.66,790.02,326.12,703.96,419.43
167,OK,297,-27,794,794,584.58,329.99,789.08,323.51,703.12,414.35
168,OK,308,-20,781,781,587.66,330.17,788.74,321.79,708.04,414.8
169,OK,306,-17,784,784,588.22,331.07,789.99,325.45,707.31,423.19
170,OK,313,-15,779,779,591.81,330.49,792.21,323.97,712.07,422.49
171,OK,311,-21,787,787,592.39,329.99,794.94,323.35,716.19,418.24
172,OK,313,-20,784,784,593.62,330.43,795.6,326.33,716.12,417.5
173,OK,323,-13,772,772,599.16,328.1,797.9,325.18,720.5,420.96
174,OK,337,-6,763,763,607.61,328.81,804.2,325.5,731.26,423.53
175,OK,333,-19,783,783,608.29,335.56,809.82,328.74,739.66,413.54
176,OK,339,-26,777,777,611.18,331.15,811.14,323.37,743.34,397.74
177,OK,339,-30,777,777,611.05,326.24,811.2,319.95,744.12,394.33
178,OK,339,-20,768,768,610.44,326.25,808.24,323.09,738.38,404.32
179,OK,325,-21,782,782,602.56,328.55,803.99,330.81,729.17,410.98
180,OK,312,-21,778,778,586.34,331.49,786.65,326.38,715.69,408.4
181,OK,283,-31,809,809,571.31,335.49,779.43,326.86,700.42,415.62
182,OK,292,-17,782,782,570.59,337.45,771.8,327.58,696.66,416.03
183,OK,292,-23,790,790,572.35,339.28,775.38,326.3,701.32,412.79
184,OK,304,-11,786,786,582.92,339.65,785.13,331.88,710.79,429.56
185,OK,307,-17,793,793,586.66,338.32,790.87,331.46,717.53,423.21
186,OK,307,-17,793,793,586.94,339.47,791.08,332.23,718.22,423.64
187,OK,305,-18,798,798,586.86,336.16,792.17,329.79,719.26,429.99
188,OK,300,-26,802,802,584.86,336.28,791.21,327.43,715.37,419.26
189,OK,309,-19,789,789,587.9,337.19,791.04,329.63,717.36,418.05
190,OK,310,-17,786,786,588.12,337.4,790.34,329.97,717.45,419.47
191,OK,317,-11,776,776,591.15,335.42,791.0,329.21,719.11,423.31
192,OK,306,-20,789,789,586.24,331.26,789.33,325.16,714.18,420.61
193,OK,317,-19,775,775,590.01,326.96,789.6,319.37,718.88,414.33
194,OK,325,-15,763,763,593.58,326.55,789.96,318.85,721.55,409.87
195,OK,329,-12,761,761,596.62,326.56,792.39,320.09,724.46,413.35
196,OK,335,-4,753,753,599.41,326.84,793.39,321.3,726.29,421.0
197,OK,339,-2,746,746,601.48,325.47,793.51,321.68,728.22,418.63
198,OK,332,-7,758,758,598.63,328.04,793.72,324.87,726.43,417.76
199,OK,325,-13,771,771,595.99,333.22,794.58,327.89,725.6,414.63
200,OK,307,-34,808,808,592.38,333.72,800.41,325.44,726.41,412.4
201,OK,327,-13,783,783,602.77,333.99,804.3,328.13,732.5,425.55
202,OK,331,-19,780,780,607.57,328.12,808.44,324.87,734.23,415.76
203,OK,333,-17,769,769,605.11,328.6,803.07,322.6,731.69,409.41
204,OK,336,-15,768,768,606.73,324.45,804.65,322.78,734.67,414.5
205,OK,335,-10,765,765,604.35,324.91,801.31,324.54,731.41,419.76
206,OK,319,-19,778,778,596.05,328.75,796.39,324.72,720.83,414.84
207,OK,330,-13,766,766,599.63,329.28,796.84,321.54,728.26,414.83
208,OK,335,-12,762,762,603.44,327.97,799.72,322.5,731.61,413.17
209,OK,334,-19,770,770,606.68,324.73,805.03,321.81,733.45,409.66
210,OK,343,-9,759,759,610.19,326.5,805.55,323.75,737.49,416.84
211,OK,333,-10,772,772,605.62,328.87,804.45,324.44,734.26,426.2
212,OK,334,-14,777,777,609.14,327.92,809.21,327.48,736.28,420.52
213,OK,322,-22,798,798,607.55,331.96,812.96,333.32,732.89,422.15
214,OK,333,-14,784,784,612.44,329.99,814.33,331.51,737.72,426.89
215,OK,321,-19,794,794,606.29,338.0,810.69,337.59,729.41,420.01
216,OK,322,0,784,784,602.95,346.5,804.92,343.44,725.81,439.08
217,OK,322,3,782,782,602.88,350.58,804.34,348.99,723.68,438.37
218,OK,324,5,776,776,600.74,344.71,800.47,341.95,723.55,443.68
219,OK,326,-11,774,774,598.98,336.65,798.36,331.41,728.55,418.28
220,OK,322,-16,763,763,591.28,326.66,787.83,321.66,717.93,407.0
221,OK,316,-16,762,762,584.55,326.98,780.71,317.74,713.03,408.3
222,OK,299,-24,787,787,579.18,330.72,781.54,320.08,704.81,412.95
223,OK,300,-25,776,776,576.46,331.02,775.83,316.17,700.79,403.14
224,OK,306,-21,769,769,578.1,329.08,775.52,314.27,703.88,405.1
225,OK,299,-27,784,784,578.12,330.98,779.55,316.18,704.23,408.39
226,OK,300,-30,796,796,582.03,332.96,786.56,320.2,712.82,409.67
227,OK,287,-31,807,807,573.91,339.81,780.74,318.19,704.24,416.76
228,OK,284,-33,815,815,572.31,341.96,780.55,315.79,706.8,420.69
229,OK,286,-29,812,812,573.96,343.1,781.43,317.82,706.77,424.25
230,OK,294,-29,810,810,580.67,338.19,788.22,317.36,714.98,425.64
231,OK,312,-15,793,793,588.95,342.29,792.28,322.11,725.55,430.33
232,OK,309,-5,789,789,586.49,346.54,788.63,325.16,719.06,442.82
233,OK,306,-7,789,789,583.96,345.09,786.41,326.19,715.35,439.95
234,OK,310,-10,788,788,587.28,339.76,789.34,320.17,720.44,438.2
235,OK,312,-21,784,784,586.63,330.93,787.69,313.02,720.93,421.91
236,OK,305,-33,787,787,583.6,328.54,785.27,309.28,713.28,402.34
237,OK,295,-35,795,795,578.53,329.2,782.36,309.5,705.02,404.97
238,OK,300,-33,781,781,577.01,328.68,777.18,308.25,704.18,397.4
239,OK,299,-35,782,782,577.31,325.54,777.79,307.16,703.87,396.06
240,OK,300,-31,783,783,577.25,328.82,778.23,310.91,704.4,400.2
241,OK,305,-29,774,774,579.31,326.73,777.8,308.68,706.7,398.83
242,OK,315,-23,773,773,584.93,332.63,783.42,315.82,718.04,402.03
243,OK,321,-24,776,776,592.36,332.48,791.65,319.03,726.25,403.63
244,OK,323,-24,771,771,593.8,328.88,791.89,315.27,724.96,400.98
245,OK,327,-13,763,763,594.86,329.91,790.95,316.45,724.45,414.47
246,OK,337,-10,748,748,597.68,329.71,789.71,314.27,728.84,407.41
247,OK,335,-8,748,748,596.4,329.97,788.42,314.45,727.03,411.55
248,OK,333,-8,750,750,594.25,330.61,786.77,313.44,725.97,413.08
249,OK,335,-7,746,746,595.45,329.46,786.78,312.91,725.39,412.36
250,OK,327,-13,759,759,592.5,331.03,787.25,314.15,723.83,410.9
251,OK,322,-21,769,769,591.44,329.68,788.94,315.09,723.09,403.64
252,OK,336,-11,750,750,597.91,327.21,790.65,315.63,729.63,408.57
253,OK,335,-19,752,752,596.41,326.03,789.45,311.11,729.35,396.71
254,OK,336,-14,754,754,598.79,327.38,792.47,314.42,731.73,406.17
255,OK,335,-12,753,753,597.81,327.08,791.39,315.4,728.11,408.42
256,OK,325,-20,770,770,594.86,332.55,792.71,319.77,727.96,405.75
257,OK,316,-25,777,777,590.6,329.52,790.23,317.3,719.09,402.94
258,OK,319,-25,777,777,592.06,330.43,791.9,318.49,722.76,401.55
259,OK,325,-27,785,785,601.16,328.08,803.19,321.38,732.93,407.15
260,OK,342,-24,779,779,613.48,328.96,814.22,330.7,748.85,402.13
261,OK,344,-30,791,791,622.29,326.13,825.78,334.62,754.21,401.61
262,OK,352,-31,788,788,631.7,322.93,834.07,337.27,761.07,397.31
263,OK,358,-21,785,785,635.14,327.93,836.68,344.92,765.14,405.77
264,OK,369,-14,769,769,638.72,326.95,836.17,342.63,769.59,405.88
265,OK,358,-17,780,780,634.53,326.94,834.89,341.27,762.74,413.76
266,OK,340,-34,798,798,624.27,323.28,829.45,333.15,753.12,402.79
267,OK,338,-30,793,793,618.84,321.22,822.9,329.12,747.48,407.51
268,OK,341,-27,793,793,620.75,324.13,824.88,331.55,751.86,411.96
269,OK,342,-23,799,799,624.23,330.67,829.65,341.02,756.33,417.86
270,OK,338,-23,798,798,620.66,329.47,826.06,339.0,751.89,418.03
271,OK,336,-32,802,802,621.41,324.53,827.76,333.55,750.75,409.06
272,OK,343,-25,785,785,619.03,325.19,821.32,327.1,751.72,408.74
273,OK,352,-19,773,773,622.92,325.64,822.06,325.91,755.3,408.61
274,OK,336,-37,807,807,621.23,324.5,828.9,329.91,754.77,405.23
275,OK,335,-34,805,805,619.22,325.81,826.51,331.49,751.34,407.88
276,OK,345,-28,783,783,621.03,327.45,822.54,333.07,750.51,396.02
277,OK,346,-24,777,777,619.94,325.87,820.0,331.27,748.41,400.83
278,OK,341,-22,782,782,619.27,325.94,820.7,332.1,745.93,410.79
279,OK,337,-22,793,793,618.11,326.87,822.17,334.59,746.28,418.21
280,OK,337,-22,792,792,618.69,330.0,822.55,337.26,746.97,415.93
281,OK,332,-30,798,798,614.78,328.43,820.29,332.16,744.57,409.09
282,OK,336,-23,784,784,613.3,326.36,815.33,327.84,743.12,411.71
283,OK,334,-19,781,781,608.61,326.23,809.79,324.62,740.61,416.69
284,OK,335,-15,774,774,608.65,325.54,807.98,326.08,737.3,420.12
285,OK,338,-19,777,777,611.42,326.25,811.4,329.88,741.84,410.29
286,OK,342,-17,770,770,611.09,329.4,809.52,328.83,745.49,406.93
287,OK,344,-19,764,764,610.31,323.63,807.01,320.39,744.48,405.79
288,OK,339,-31,770,770,607.49,319.99,805.67,313.51,742.83,391.28
289,OK,332,-44,789,789,608.2,317.99,811.34,319.58,743.61,382.52
290,OK,336,-30,770,770,606.42,318.96,804.83,317.41,737.82,393.29
291,OK,330,-35,778,778,603.06,320.54,803.46,316.49,735.13,390.33
292,OK,344,-15,755,755,606.64,323.06,800.91,317.48,739.83,403.94
293,OK,334,-25,772,772,605.05,323.42,803.93,321.96,736.72,400.21
294,OK,331,-29,790,790,608.98,327.74,812.55,330.03,741.25,404.92
295,OK,328,-22,789,789,606.33,331.47,809.55,336.71,737.28,410.35
296,OK,329,-21,789,789,606.88,331.64,809.87,338.08,738.24,412.24
297,OK,327,-23,784,784,602.24,335.3,804.17,338.66,736.59,402.55
298,OK,323,-10,783,783,600.52,337.85,802.09,341.17,727.73,423.34
299,OK,310,-12,786,786,589.89,340.11,792.29,340.32,715.29,422.07
300,OK,307,-13,781,781,585.94,340.79,786.98,333.98,708.67,416.66
301,OK,316,-16,762,762,588.63,333.47,784.83,330.75,709.24,399.41
302,OK,326,-14,754,754,592.91,333.73,787.01,331.22,717.26,394.54
303,OK,329,-7,747,747,593.16,331.35,785.51,331.39,716.15,400.94
304,OK,329,-6,755,755,595.34,334.47,789.91,333.65,719.9,409.89
305,OK,328,-10,761,761,594.78,336.24,790.82,332.87,724.45,406.69
306,OK,329,-6,760,760,597.1,336.6,792.84,334.88,723.81,413.85
307,OK,329,-3,760,760,599.63,334.49,795.43,337.51,722.41,418.07
308,OK,338,3,753,753,605.99,334.42,799.67,342.15,725.94,421.56
309,OK,340,0,752,752,607.75,333.28,801.15,341.42,729.48,416.03
310,OK,336,2,748,748,602.31,334.12,794.92,339.59,723.38,415.71
311,OK,332,3,750,750,598.48,335.74,791.76,336.92,720.63,420.27
312,OK,333,4,752,752,599.86,335.55,793.53,336.95,722.98,424.57
313,OK,329,0,757,757,597.24,334.99,792.1,333.98,721.08,421.56
314,OK,326,-7,767,767,597.09,336.08,794.68,334.9,723.87,418.25
315,OK,316,-20,785,785,594.55,341.01,796.69,337.81,721.81,405.42
316,OK,325,-15,776,776,600.75,338.66,800.56,339.31,725.98,408.73
317,OK,323,-15,780,780,599.28,337.65,800.15,337.83,726.28,412.95
318,OK,334,-7,766,766,605.38,334.21,802.67,338.31,730.25,416.6
319,OK,333,-6,771,771,606.52,336.11,805.12,342.39,730.88,419.63
320,OK,329,-5,773,773,604.06,336.97,802.99,341.64,727.89,423.95
321,OK,328,-3,768,768,603.38,337.26,801.08,341.87,723.41,424.06
322,OK,329,-3,766,766,602.78,335.75,800.08,340.66,723.44,423.21
323,OK,326,-5,770,770,601.69,335.88,800.08,339.6,722.6,423.0
324,OK,329,-2,762,762,601.4,335.91,797.75,337.55,722.41,422.91
325,OK,328,-2,764,764,601.53,336.59,798.23,339.25,721.65,423.84
326,OK,330,-2,762,762,602.67,334.87,798.87,338.1,722.95,422.8
327,OK,329,0,762,762,602.39,335.32,798.72,339.4,720.91,426.28
328,OK,327,-4,768,768,602.74,333.07,800.36,339.72,721.95,425.21
329,OK,333,2,763,763,604.76,335.03,801.32,340.47,726.48,429.39
330,OK,332,-3,768,768,604.92,334.27,802.78,338.36,728.36,426.04
331,OK,340,-2,754,754,606.68,331.35,800.75,336.7,731.26,417.96
332,OK,341,-5,755,755,606.24,331.84,800.69,334.59,733.41,412.5
333,OK,338,-11,762,762,607.04,331.37,803.16,336.49,733.63,406.93
334,OK,321,-25,790,790,600.0,337.86,803.6,336.97,731.66,403.07
335,OK,315,-24,796,796,597.9,337.98,802.81,336.78,726.83,410.92
336,OK,338,-19,779,779,611.3,335.53,811.92,338.53,744.17,404.37
337,OK,334,-21,787,787,609.6,337.63,812.19,338.64,744.35,407.48
338,OK,339,-17,778,778,610.57,337.51,810.9,337.03,746.84,407.0
339,OK,344,-21,776,776,615.62,333.64,815.59,334.19,749.54,401.99
340,OK,338,-25,788,788,616.62,332.55,819.61,337.73,746.14,404.33
341,OK,338,-30,795,795,620.71,330.87,825.3,337.54,747.61,400.56
342,OK,335,-27,787,787,613.42,333.02,816.24,332.73,741.46,400.45
343,OK,329,-27,794,794,610.08,332.47,814.53,332.74,740.92,409.01
344,OK,322,-26,794,794,601.49,339.19,805.94,332.77,734.29,406.52
345,OK,324,-11,788,788,599.21,349.39,801.8,336.71,736.11,424.69
346,OK,325,-2,786,786,599.91,353.17,802.18,342.39,735.01,435.38
347,OK,328,-5,789,789,603.38,349.9,806.29,341.52,739.47,433.25
348,OK,327,-7,786,786,601.79,348.3,804.16,340.94,737.6,427.41
349,OK,333,-13,789,789,608.36,347.02,811.32,339.17,745.02,419.46
350,OK,338,-18,789,789,612.88,342.95,816.03,337.05,750.21,413.46
351,OK,336,-20,786,786,610.03,342.08,812.26,333.69,747.06,408.97
352,OK,335,-17,786,786,610.36,342.94,812.61,338.17,746.5,412.53
353,OK,334,-13,784,784,608.4,342.78,810.15,337.97,742.78,417.75
354,OK,334,-10,781,781,606.6,344.48,807.66,338.83,741.13,418.74
355,OK,332,-8,783,783,605.73,342.3,807.29,340.16,739.91,425.3
356,OK,338,12,761,761,604.45,346.48,800.27,340.51,733.94,441.24
357,OK,324,4,779,779,597.8,348.92,797.97,333.47,728.74,444.87
358,OK,334,5,768,768,603.44,344.86,801.2,337.55,733.99,437.62
359,OK,336,4,772,772,605.69,348.66,804.53,342.33,739.07,436.43
360,OK,324,-13,793,793,602.3,346.73,806.37,340.43,737.0,422.7
361,OK,316,-5,783,783,593.48,351.38,794.88,339.08,719.97,427.34
362,OK,292,-21,798,798,579.4,349.77,784.01,330.63,700.74,416.76
363,OK,287,-4,788,788,572.52,354.79,774.9,339.84,689.44,433.93
364,OK,275,5,784,784,560.27,357.26,761.5,341.71,674.51,445.91
365,OK,255,-1,797,797,545.3,363.61,749.6,342.79,660.29,441.89
366,OK,252,-3,805,805,543.23,366.85,748.78,340.24,663.13,444.56
367,OK,257,-12,806,806,548.5,359.0,754.67,334.89,670.03,435.99
368,OK,273,-18,808,808,562.09,353.64,769.27,332.82,688.76,429.38
369,OK,290,-18,798,798,574.59,347.74,779.46,332.16,701.09,422.51
370,OK,304,-16,795,795,587.14,345.44,791.54,331.87,714.05,425.07
371,OK,315,-9,785,785,592.75,347.55,794.62,334.56,721.2,425.36
372,OK,324,-10,775,775,598.16,342.55,797.39,332.53,725.24,418.21
373,OK,314,-8,788,788,592.98,346.68,795.7,337.57,722.19,431.1
374,OK,325,-9,784,784,601.37,343.03,803.35,338.26,732.04,427.04
375,OK,335,-4,775,775,608.15,340.71,807.84,344.2,737.04,425.31
376,OK,330,-19,784,784,609.06,331.02,810.91,338.46,735.98,412.22
377,OK,337,-10,768,768,608.35,332.96,806.05,339.83,735.28,412.93
378,OK,327,-12,764,764,598.31,330.17,795.16,333.1,722.51,410.1
379,OK,326,-16,764,764,596.41,329.45,793.24,328.81,721.81,403.09
380,OK,330,-16,761,761,598.22,328.85,794.24,324.68,724.08,401.99
381,OK,327,-18,770,770,598.99,329.82,797.37,327.4,727.23,407.34
382,OK,320,-20,774,774,594.73,330.15,794.19,328.4,720.54,405.08
383,OK,314,-27,790,790,596.05,331.35,799.51,330.58,721.67,405.24
384,OK,321,-23,786,786,598.52,335.0,800.83,331.14,729.45,408.18
385,OK,328,-25,782,782,603.5,334.7,804.82,333.23,734.12,399.09
386,OK,342,-9,755,755,606.99,330.73,801.4,333.83,734.45,405.07
387,OK,352,-2,735,735,609.01,325.62,798.23,331.36,734.6,403.18
388,OK,340,-2,754,754,605.61,332.61,799.69,340.09,732.05,414.75
389,OK,341,-3,750,750,605.59,328.74,798.59,338.36,731.73,412.35
390,OK,330,-13,763,763,599.03,327.1,795.47,334.44,726.49,406.86
391,OK,319,-14,772,772,592.29,329.96,791.08,335.56,719.99,411.55
392,OK,322,-14,773,773,594.17,330.14,793.13,334.15,723.62,412.44
393,OK,342,-7,740,740,601.53,323.87,792.0,328.3,728.19,401.45
394,OK,349,4,727,727,602.4,325.82,789.61,328.09,729.53,407.99
395,OK,345,-3,738,738,603.61,325.78,793.57,328.48,731.26,405.01
396,OK,354,0,731,731,607.84,326.75,796.12,330.84,736.61,403.11
397,OK,345,-5,740,740,605.28,325.81,795.66,331.73,729.68,401.37
398,OK,344,-3,743,743,604.16,327.05,795.37,331.05,730.41,407.34
399,OK,350,-5,737,737,607.36,324.2,797.04,331.27,735.23,398.49
400,OK,339,-14,746,746,600.46,323.66,792.5,332.12,729.11,391.4
401,OK,318,-20,777,777,591.72,327.16,791.72,333.9,720.62,406.01
402,OK,323,-10,761,761,592.42,328.56,788.27,337.34,715.74,407.43
403,OK,312,-8,778,778,589.67,332.96,789.46,347.93,713.34,423.2
404,OK,321,1,768,768,595.82,335.9,792.84,353.16,715.71,425.63
405,OK,319,4,782,782,597.48,341.3,798.23,356.7,724.07,441.96
406,OK,327,29,763,763,597.05,354.0,793.24,363.95,721.32,461.53
407,OK,338,21,756,756,603.63,350.55,797.94,361.15,732.88,443.26
408,OK,327,8,781,781,601.44,348.22,802.45,356.56,733.67,443.79
409,OK,329,4,775,775,601.03,340.49,800.36,350.74,731.89,438.27
410,OK,321,1,777,777,596.96,340.51,797.02,348.86,722.59,434.6
411,OK,322,-9,778,778,597.9,330.37,797.87,341.92,725.84,424.63
412,OK,325,-18,767,767,595.87,324.8,793.4,330.11,722.82,403.66
413,OK,334,-18,754,754,598.31,321.81,792.54,325.79,726.97,395.91
414,OK,333,-17,745,745,595.0,319.05,786.81,323.3,720.25,390.11
415,OK,334,-14,748,748,596.03,323.09,788.72,324.4,724.42,396.47
416,OK,331,-17,752,752,596.45,321.28,790.06,327.18,722.25,394.37
417,OK,332,-16,758,758,599.49,325.96,794.64,334.61,725.32,397.1
418,OK,314,-22,794,794,595.16,332.46,799.62,339.26,725.41,414.47
419,OK,316,-9,783,783,593.85,337.57,795.4,343.98,721.33,424.76
420,OK,305,-24,796,796,587.43,333.93,792.46,335.17,716.72,413.58
421,OK,314,-24,790,790,594.32,329.95,797.73,334.52,723.44,411.31
422,OK,323,-23,776,776,595.53,326.2,795.26,329.98,726.97,403.81
423,OK,332,-12,758,758,597.14,326.1,792.44,330.01,727.42,406.33
424,OK,332,-16,759,759,597.57,324.17,793.06,330.74,727.8,399.51
425,OK,329,-13,755,755,594.01,326.18,788.48,331.58,722.45,399.7
426,OK,324,-15,770,770,593.55,328.68,791.6,336.11,725.73,409.29
427,OK,330,-9,762,762,597.82,326.54,793.84,336.72,727.11,413.21
428,OK,333,-10,763,763,599.77,325.01,796.17,334.6,731.89,412.77
429,OK,331,-11,763,763,597.97,326.25,794.24,335.49,728.96,409.33
430,OK,336,-9,753,753,597.2,330.18,791.12,333.38,729.9,403.62
431,OK,321,-14,772,772,592.21,336.82,791.02,338.43,722.48,408.35
432,OK,296,-12,798,798,580.33,346.46,785.88,344.68,707.31,428.57
433,OK,282,-21,793,793,564.38,340.86,768.34,331.48,689.82,414.27
434,OK,266,-28,802,802,553.18,343.62,759.24,327.93,678.35,410.86
435,OK,262,-37,809,809,550.85,338.28,758.75,323.94,678.18,403.46
436,OK,273,-41,793,793,554.06,334.52,757.44,316.28,683.35,386.04
437,OK,267,-49,806,806,553.89,331.72,760.73,315.33,683.31,386.02
438,OK,269,-46,800,800,553.74,332.19,759.17,314.63,682.53,384.63
439,OK,265,-53,812,812,554.52,329.4,763.29,316.03,683.65,385.0
440,OK,278,-38,802,802,562.89,335.96,768.85,320.77,692.13,398.05
441,OK,286,-32,791,791,565.68,335.92,768.95,320.87,694.82,398.85
442,OK,288,-26,791,791,568.68,335.69,772.24,325.95,696.19,408.41
443,OK,289,-30,794,794,571.17,334.38,775.35,324.07,700.53,406.39
444,OK,293,-23,791,791,573.34,334.55,776.93,325.96,702.34,414.26
445,OK,299,-21,776,776,574.53,331.98,774.32,324.82,700.82,407.11
446,OK,303,-21,770,770,575.45,330.02,773.52,321.52,702.56,404.12
447,OK,303,-20,772,772,575.71,331.88,774.39,322.44,704.36,404.99
448,OK,304,-19,770,770,576.1,332.53,774.2,322.54,703.7,404.6
449,OK,307,-18,774,774,580.8,332.63,780.07,325.69,708.26,410.28
450,OK,312,-20,778,778,587.0,332.69,787.24,327.68,716.57,409.15
451,OK,310,-21,784,784,587.25,333.42,789.09,328.35,717.25,413.04
452,OK,308,-25,783,783,583.76,336.96,785.02,326.03,714.64,401.52
453,OK,310,-19,780,780,582.86,340.54,783.27,327.45,717.72,409.55
454,OK,313,-16,781,781,586.92,339.96,788.04,332.43,719.42,412.35
455,OK,321,-13,776,776,591.76,340.28,791.51,333.01,727.12,414.43
456,OK,326,-9,768,768,592.98,340.03,790.46,330.54,728.53,416.17
457,OK,340,3,751,751,600.06,340.12,793.28,331.09,733.62,421.43
458,OK,324,-7,777,777,595.37,342.55,795.41,337.26,730.5,423.14
459,OK,320,-9,785,785,594.59,343.91,796.54,337.16,728.47,425.82
460,OK,306,-20,797,797,587.03,343.12,791.94,332.75,719.79,418.37
461,OK,307,-23,796,796,587.39,339.97,792.2,333.41,720.45,413.56
462,OK,317,-6,779,779,592.25,340.74,792.84,341.49,720.11,425.39
463,OK,315,-14,781,781,591.25,334.56,792.44,337.42,718.9,417.65
464,OK,312,-5,778,778,590.93,334.45,791.17,342.16,712.57,429.92
465,OK,300,-7,780,780,580.26,340.71,781.17,342.01,700.4,424.74
466,OK,292,-10,783,783,571.64,339.66,773.31,337.76,695.13,423.44
467,OK,288,-8,791,791,568.94,342.02,772.72,336.73,696.7,435.44
468,OK,291,-8,785,785,569.25,340.54,771.38,334.47,696.49,430.91
469,OK,297,-7,779,779,574.9,339.95,775.6,339.89,697.92,425.41
470,OK,299,-17,783,783,579.27,332.33,780.87,335.61,701.43,414.99
471,OK,300,-19,783,783,579.24,333.03,780.97,336.84,702.05,410.62
472,OK,298,-26,775,775,572.83,335.36,772.52,332.02,698.13,388.85
473,OK,295,-40,781,781,572.01,324.39,772.96,318.14,697.91,380.35
474,OK,312,-25,754,754,580.53,321.91,774.59,317.51,700.56,385.38
475,OK,329,-15,745,745,588.86,325.03,780.64,317.89,718.18,393.6
476,OK,342,-8,732,732,597.37,321.38,785.79,317.69,724.64,396.83
477,OK,339,-14,738,738,598.35,321.78,788.54,319.58,722.63,390.35
478,OK,327,-20,758,758,594.55,327.28,789.84,324.44,721.09,394.03
479,OK,325,-19,761,761,591.48,329.13,787.33,321.35,721.54,398.6
480,OK,315,-23,779,779,588.97,334.26,789.24,323.16,719.04,405.17
481,OK,316,-24,779,779,590.28,335.11,790.43,321.43,721.46,402.62
482,OK,311,-31,786,786,585.36,337.87,786.8,316.9,723.06,396.65
483,OK,314,-25,782,782,589.45,334.69,790.52,322.77,721.15,403.76
484,OK,318,-21,776,776,592.26,330.81,792.17,326.82,720.1,405.55
485,OK,316,-29,787,787,593.76,329.6,796.52,325.53,723.59,401.19
486,OK,334,-18,769,769,603.69,328.07,801.63,327.7,733.5,405.33
487,OK,341,-16,763,763,611.57,326.47,807.99,333.5,734.84,401.33
488,OK,339,-17,781,781,615.45,330.39,816.41,337.76,743.25,412.74
489,OK,338,-24,790,790,618.56,333.47,821.95,342.27,747.34,405.49
490,OK,342,-28,787,787,619.13,332.54,821.64,340.51,750.98,395.05
491,OK,348,-20,781,781,621.64,334.88,822.73,342.55,754.4,402.37
492,OK,345,-24,788,788,621.66,335.36,824.52,340.09,755.82,403.31
493,OK,341,-27,791,791,617.29,337.74,820.9,337.16,753.9,400.42
494,OK,364,-5,761,761,624.39,341.67,820.38,343.43,766.0,407.76
495,OK,387,-3,754,754,641.76,337.68,835.78,345.95,789.54,408.11
496,OK,381,1,755,755,636.92,339.22,831.13,349.95,783.0,413.18
497,OK,367,-5,764,764,627.17,345.58,823.99,350.35,774.33,406.67
498,OK,364,-5,765,765,625.54,345.19,822.58,349.63,768.18,407.54
499,OK,351,-21,788,788,623.01,340.48,826.02,345.54,767.46,403.84
500,OK,345,-40,797,797,619.98,329.78,825.28,334.45,764.77,384.72
501,OK,323,-63,805,805,605.39,317.61,812.62,312.39,741.64,363.24
502,OK,318,-56,779,779,593.62,313.93,794.23,307.57,720.45,356.68
503,OK,333,-35,739,739,594.08,312.36,784.21,305.22,716.29,360.86
504,OK,325,-40,747,747,589.59,312.7,781.78,306.34,711.42,357.68
505,OK,328,-36,744,744,591.07,311.94,782.65,304.11,714.3,365.54
506,OK,330,-33,738,738,591.1,314.42,781.02,305.71,713.32,363.86
507,OK,339,-16,726,726,595.18,317.42,782.02,309.97,717.1,381.56
508,OK,342,-25,758,758,605.33,326.67,800.55,319.94,740.92,386.18
509,OK,344,-23,759,759,605.19,330.73,800.57,321.76,744.05,386.43
510,OK,350,-22,754,754,610.94,328.38,805.18,325.48,747.57,384.68
511,OK,350,-22,755,755,612.42,326.17,806.77,324.58,745.54,384.75
512,OK,351,-26,760,760,614.73,327.5,810.47,324.31,750.94,382.23
513,OK,346,-25,772,772,614.71,331.47,813.42,330.54,751.24,391.0
514,OK,349,-19,765,765,616.64,331.99,813.65,333.57,748.48,394.69
515,OK,353,-17,764,764,618.94,334.78,815.77,335.9,754.1,394.89
516,OK,351,-18,766,766,617.69,334.03,814.94,334.27,751.87,396.13
517,OK,348,-18,773,773,616.27,337.38,815.38,339.18,752.23,399.3
518,OK,358,-7,755,755,619.3,338.72,813.63,340.55,755.49,401.75
519,OK,356,-10,759,759,617.99,338.18,813.46,337.21,754.45,400.83
520,OK,349,-18,769,769,616.2,336.1,814.32,335.12,751.56,397.48
521,OK,348,-15,770,770,616.73,338.03,815.17,340.35,750.88,402.1
522,OK,344,-19,776,776,615.2,337.13,815.04,338.85,749.73,400.63
523,OK,347,-14,776,776,616.63,337.78,816.54,340.72,753.71,409.61
524,OK,347,-16,769,769,615.18,336.61,813.3,337.22,748.48,400.76
525,OK,345,-15,768,768,613.69,336.56,811.59,336.9,746.46,402.07
526,OK,349,-8,764,764,616.36,334.79,813.23,338.44,749.14,411.8
527,OK,343,-12,772,772,612.7,339.91,811.43,340.87,746.1,409.24
528,OK,340,4,764,764,609.07,344.42,805.78,341.93,736.82,428.87
529,OK,331,9,773,773,603.87,347.89,802.89,342.34,732.58,445.76
530,OK,328,2,776,776,602.54,348.75,802.25,342.88,729.92,435.91
531,OK,323,-3,786,786,601.69,350.96,804.1,343.51,730.86,432.85
532,OK,330,6,772,772,602.96,350.24,801.66,344.32,729.83,437.85
533,OK,332,-5,773,773,604.59,342.5,803.69,337.42,732.56,422.08
534,OK,332,-11,778,778,605.99,341.42,806.36,338.13,737.26,418.04
535,OK,343,-6,758,758,607.95,337.19,803.28,334.59,739.55,411.06
536,OK,339,-12,763,763,605.28,333.44,801.69,328.33,736.71,407.63
537,OK,333,-16,773,773,606.35,333.55,805.43,329.7,733.38,409.75
538,OK,330,-28,785,785,606.15,329.96,808.29,325.0,738.29,400.79
539,OK,339,-20,772,772,610.2,330.15,808.97,327.0,740.83,403.75
540,OK,337,-17,762,762,606.75,330.07,802.86,324.41,733.04,402.43
541,OK,338,-14,758,758,605.63,330.77,800.64,323.59,732.28,404.52
542,OK,337,-14,758,758,604.29,330.47,799.48,323.63,730.82,403.22
543,OK,338,-14,757,757,604.33,330.13,799.05,322.61,731.97,402.33
544,OK,340,-11,759,759,605.92,330.6,801.43,325.86,735.11,408.29
545,OK,343,-10,756,756,608.2,331.54,802.81,326.75,738.29,407.2
546,OK,344,-11,755,755,608.8,331.14,803.17,327.53,737.56,403.22
547,OK,343,-13,759,759,609.16,330.93,804.58,329.22,738.79,402.91
548,OK,338,-18,768,768,607.15,331.44,805.01,329.77,738.23,403.37
549,OK,339,-14,767,767,607.74,332.91,805.38,331.22,737.8,406.39
550,OK,338,-13,765,765,606.55,333.51,803.44,329.9,736.83,407.85
551,OK,338,-13,765,765,606.21,333.95,803.18,330.72,737.17,406.4
552,OK,338,-13,767,767,607.43,334.16,804.97,333.01,736.81,407.96
553,OK,337,-13,769,769,606.38,336.24,804.5,333.69,736.96,408.31
554,OK,336,-16,776,776,607.88,338.3,807.62,335.27,740.78,407.24
555,OK,337,-17,766,766,607.51,333.15,804.69,329.52,735.81,402.61
556,OK,335,-15,776,776,607.54,337.18,807.27,333.02,739.53,412.24
557,OK,333,-12,779,779,607.16,339.6,807.79,336.32,736.83,416.76
558,OK,334,-13,780,780,607.87,338.47,808.7,335.69,740.55,417.19
559,OK,330,-22,778,778,604.75,330.46,805.12,325.44,733.4,407.23
560,OK,340,-17,760,760,607.48,328.8,803.05,320.52,735.99,401.84
561,OK,343,-14,749,749,605.27,326.95,797.71,314.53,733.53,399.31
562,OK,345,-11,750,750,608.06,327.27,800.94,317.64,735.66,405.78
563,OK,339,-18,763,763,607.27,330.79,803.2,316.88,736.11,403.97
564,OK,339,-20,764,764,607.83,330.32,804.21,318.17,737.62,400.62
565,OK,341,-19,760,760,608.25,330.57,803.74,321.65,736.12,397.53
566,OK,341,-16,758,758,607.44,331.02,802.54,324.18,735.04,399.3
567,OK,341,-17,761,761,608.23,331.66,804.11,323.31,736.56,399.48
568,OK,344,-14,756,756,608.87,330.27,803.25,319.33,738.28,403.44
569,OK,338,-15,769,769,607.25,336.28,805.26,328.1,739.73,406.81
570,OK,335,-14,770,770,605.86,338.85,803.97,328.76,735.75,408.48
571,OK,323,-8,785,785,601.09,345.45,802.87,333.77,729.11,430.12
572,OK,331,-19,781,781,606.52,340.99,807.54,332.2,735.69,406.65
573,OK,340,-22,775,775,611.45,335.32,810.73,325.02,743.44,400.93
574,OK,347,-28,788,788,622.5,334.47,825.36,328.22,758.36,400.66
575,OK,341,-41,796,796,619.0,334.57,823.79,323.92,756.68,386.53
576,OK,342,-24,774,774,613.11,333.66,812.24,322.89,745.88,398.35
577,OK,338,-24,773,773,607.64,335.33,806.22,321.76,741.56,397.15
578,OK,343,-29,783,783,614.85,335.71,816.18,324.78,752.74,395.31
579,OK,339,-37,788,788,615.41,329.55,818.11,320.88,749.37,390.43
580,OK,341,-37,788,788,616.11,330.44,818.84,320.06,752.6,389.2
581,OK,340,-30,773,773,611.06,326.49,809.82,315.08,742.92,391.99
582,OK,341,-49,788,788,612.62,326.93,815.09,312.77,756.23,371.96
583,OK,332,-51,795,795,607.45,327.85,811.54,311.18,750.13,372.62
584,OK,334,-47,791,791,607.25,328.27,810.19,310.32,749.51,377.35
585,OK,333,-43,789,789,607.07,329.34,809.69,313.47,746.18,382.25
586,OK,328,-43,789,789,605.09,331.71,807.97,318.69,739.1,377.6
587,OK,321,-50,799,799,602.01,328.45,807.42,314.36,737.22,377.5
588,OK,338,-20,761,761,606.24,327.39,801.85,316.34,732.97,398.22
589,OK,335,-18,762,762,605.35,328.52,801.16,316.66,730.21,404.64
590,OK,343,-13,754,754,608.36,328.14,802.25,315.7,736.03,408.02
591,OK,341,-18,754,754,605.8,327.8,799.43,313.03,734.63,399.12
592,OK,341,-19,756,756,606.15,327.78,800.35,313.03,735.55,399.48
593,OK,343,-13,750,750,606.19,328.38,798.88,313.5,733.84,404.04
594,OK,351,-7,734,734,607.63,325.43,796.07,311.61,734.87,402.74
595,OK,345,-24,752,752,608.07,323.98,801.24,310.76,738.09,387.21
596,OK,347,-20,749,749,608.16,323.9,800.69,310.91,739.21,390.97
597,OK,335,-23,770,770,605.94,329.42,803.91,316.85,736.86,401.51
598,OK,342,-28,769,769,609.37,329.57,807.15,317.71,745.47,389.3
599,OK,340,-34,780,780,612.44,330.81,813.07,321.17,748.63,388.0
600,OK,344,-38,780,780,616.67,325.81,817.06,312.54,752.76,385.05
601,OK,346,-29,784,784,619.87,334.02,821.54,325.18,756.07,396.81
602,OK,355,-27,779,779,624.22,339.16,824.22,324.0,764.82,392.78
603,OK,360,-16,771,771,625.5,345.23,823.27,327.2,766.89,402.34
604,OK,351,-17,778,778,620.5,347.33,819.75,327.04,761.7,408.32
605,OK,354,-28,781,781,623.99,338.69,824.65,325.75,765.37,392.67
606,OK,360,-27,766,766,623.79,332.69,820.65,319.21,765.73,386.86
607,OK,349,-41,785,785,619.81,329.96,821.67,317.07,761.85,378.9
608,OK,352,-41,781,781,620.7,330.27,821.5,317.3,763.26,374.64
609,OK,350,-46,780,780,619.39,326.88,819.94,314.41,760.72,368.95
610,OK,358,-41,771,771,622.68,327.26,821.04,316.76,765.24,366.25
611,OK,352,-39,775,775,620.69,329.88,820.14,319.62,759.55,373.02
612,OK,351,-39,778,778,619.87,331.78,819.84,320.93,761.35,374.84
613,OK,340,-39,795,795,618.94,332.73,823.76,328.24,753.9,386.01
614,OK,333,-38,787,787,608.8,329.64,811.07,316.31,742.54,387.2
615,OK,332,-33,777,777,603.68,332.22,802.88,314.1,737.97,388.57
616,OK,336,-22,763,763,602.59,332.71,798.31,314.26,735.35,394.55
617,OK,345,-11,742,742,602.37,330.38,792.97,317.2,734.38,397.42
618,OK,342,-17,750,750,603.84,329.16,796.47,315.58,735.77,394.97
619,OK,348,-12,741,741,604.7,328.19,795.2,316.17,736.68,394.36
620,OK,342,-20,756,756,605.79,331.01,800.05,316.37,737.33,393.22
621,OK,332,-37,782,782,603.8,332.59,804.32,314.87,742.82,384.78
622,OK,327,-40,790,790,602.19,334.72,804.78,314.98,742.16,385.68
623,OK,335,-34,778,778,604.07,333.66,803.48,313.98,744.79,387.84
624,OK,333,-34,782,782,604.44,334.02,804.98,315.15,744.5,389.68
625,OK,329,-38,786,786,603.32,337.33,804.81,318.79,740.44,382.48
626,OK,331,-38,783,783,603.96,332.75,804.82,314.71,741.21,383.65
627,OK,331,-47,794,794,606.61,330.74,810.53,314.97,747.74,378.75
628,OK,330,-46,796,796,606.22,333.13,810.33,313.83,748.52,381.45
629,OK,337,-49,785,785,606.7,328.51,808.04,309.92,750.99,367.0
630,OK,338,-54,793,793,610.81,325.31,814.76,313.36,756.12,365.26
631,OK,336,-56,793,793,609.05,326.51,812.55,307.85,754.63,364.6
632,OK,342,-51,789,789,614.11,327.91,816.62,311.74,758.27,367.74
633,OK,338,-55,794,794,612.84,327.56,816.42,309.33,757.24,367.13
634,OK,339,-45,795,795,614.59,328.82,818.98,315.12,755.64,383.64
635,OK,336,-37,789,789,612.69,331.09,815.39,317.19,746.94,390.67
636,OK,333,-41,790,790,608.14,332.02,811.07,316.18,747.7,384.29
637,OK,338,-30,776,776,607.58,333.9,806.59,316.82,744.97,391.35
638,OK,336,-25,775,775,606.45,334.53,805.5,319.42,740.73,397.11
639,OK,329,-39,791,791,604.04,332.04,807.16,316.83,742.68,387.79
640,OK,329,-40,793,793,605.57,331.43,809.44,318.1,743.3,388.4
641,OK,334,-40,789,789,608.99,330.27,812.05,322.33,746.72,382.69
642,OK,340,-43,786,786,613.78,326.55,816.14,322.34,752.8,377.52
643,OK,339,-45,789,789,613.27,329.17,816.25,321.86,752.89,373.92
644,OK,345,-40,778,778,614.42,327.65,814.78,323.52,753.45,373.79
645,OK,336,-28,781,781,608.59,329.42,809.74,324.43,744.79,398.26
646,OK,328,-25,789,789,603.46,332.04,806.55,326.83,739.89,408.77
647,OK,339,-11,762,762,603.12,334.88,799.16,323.92,739.27,412.3
648,OK,342,-14,752,752,600.44,334.74,793.12,315.58,740.07,399.36
649,OK,326,-35,788,788,600.7,337.63,803.32,325.53,739.01,387.31
650,OK,324,-43,790,790,598.89,333.89,801.74,317.79,739.47,379.24
651,OK,327,-36,777,777,599.01,329.48,798.58,314.91,732.51,382.86
652,OK,333,-27,763,763,598.94,330.8,794.68,313.15,732.95,386.32
653,OK,336,-30,759,759,599.54,326.74,794.38,311.75,734.98,380.14
654,OK,336,-35,763,763,597.8,327.63,793.15,306.73,739.2,375.75
655,OK,334,-41,770,770,599.56,326.04,796.98,308.11,740.25,372.07
656,OK,324,-44,788,788,599.15,326.21,801.79,315.84,736.1,379.01
657,OK,329,-36,787,787,605.64,325.17,808.34,320.41,738.54,391.34
658,OK,340,-22,769,769,610.11,329.95,807.96,323.29,740.42,398.71
659,OK,342,-23,767,767,613.5,328.41,810.91,326.28,738.92,393.22
660,OK,339,-26,776,776,614.26,330.53,814.13,326.74,740.68,396.61
661,OK,337,-24,776,776,610.86,331.33,810.56,324.59,739.47,400.4
662,OK,339,-22,769,769,608.83,330.24,806.68,320.08,739.71,399.41
663,OK,349,-14,748,748,610.47,327.87,802.86,316.67,739.36,398.16
664,OK,335,-12,752,752,599.77,331.36,793.04,317.12,725.77,405.43
665,OK,322,-25,785,785,597.39,336.63,798.75,318.86,730.2,406.36
666,OK,328,-20,789,789,606.36,333.33,809.66,334.38,736.67,415.99
667,OK,333,-10,779,779,607.4,337.34,808.1,340.14,737.85,420.95
668,OK,330,-7,776,776,602.81,341.84,802.6,336.17,734.24,423.92
669,OK,324,-17,785,785,599.78,339.8,801.89,333.38,731.21,415.23
670,OK,337,-10,766,766,604.73,338.19,802.02,331.36,737.27,411.95
671,OK,329,-16,787,787,604.95,341.04,807.41,334.11,738.31,418.27
672,OK,335,-17,779,779,605.77,338.24,806.22,329.86,742.33,411.44
673,OK,335,-14,766,766,602.78,336.46,799.91,326.66,735.99,407.44
674,OK,330,-18,767,767,598.23,334.31,795.67,326.21,729.72,400.48
675,OK,322,-24,784,784,594.33,333.97,796.09,324.94,732.82,408.35
676,OK,318,-22,783,783,592.28,337.89,793.53,325.01,726.08,407.44
677,OK,323,-24,773,773,593.27,338.15,791.77,324.47,726.47,393.01
678,OK,326,-20,761,761,593.24,333.5,788.66,319.66,721.26,394.51
679,OK,323,-23,767,767,595.05,329.61,792.46,322.06,718.53,395.99
680,OK,315,-21,774,774,588.22,335.83,787.21,322.18,717.21,403.74
681,OK,318,-14,767,767,584.79,338.5,781.44,320.54,720.14,408.75
682,OK,307,-24,772,772,578.53,334.03,776.66,318.01,708.76,399.76
683,OK,295,-27,789,789,574.74,339.13,777.06,320.47,703.3,405.68
684,OK,290,-33,787,787,568.39,339.38,769.97,317.33,697.45,393.06
685,OK,286,-31,788,788,566.98,341.4,768.69,317.87,693.9,396.93
686,OK,301,-26,780,780,577.1,338.86,777.0,318.88,706.19,401.11
687,OK,303,-28,782,782,578.49,339.52,778.64,316.85,709.98,397.92
688,OK,320,-19,762,762,587.09,340.72,782.14,318.18,718.74,395.46
689,OK,330,-13,753,753,593.89,334.59,786.89,316.48,723.48,401.17
690,OK,345,-14,733,733,599.35,326.66,787.63,311.13,728.55,386.62
691,OK,339,-17,743,743,598.82,328.46,789.49,313.17,726.43,387.95
692,OK,325,-25,768,768,596.22,332.6,793.66,318.79,723.19,393.98
693,OK,328,-27,764,764,597.16,331.13,793.32,314.64,725.26,388.18
694,OK,324,-27,771,771,596.34,332.54,794.29,316.3,724.65,392.81
695,OK,326,-29,768,768,597.98,329.67,795.08,314.17,724.72,388.44
696,OK,332,-26,761,761,599.24,332.35,794.42,314.67,728.53,385.69
697,OK,335,-20,750,750,599.68,328.19,792.46,314.93,724.88,389.8
698,OK,338,-16,744,744,599.66,328.81,790.85,314.13,726.48,391.39
699,OK,340,-11,736,736,600.7,323.99,789.82,311.61,721.68,396.21
700,OK,342,-23,740,740,603.23,322.42,793.44,309.56,727.55,380.01
701,OK,338,-35,763,763,605.1,326.81,801.14,313.31,736.47,371.96
702,OK,334,-26,761,761,600.43,331.27,795.66,313.86,730.91,387.34
703,OK,317,-32,781,781,590.66,341.16,789.8,312.1,725.54,390.32
704,OK,304,-36,797,797,584.17,346.58,786.8,313.18,719.24,395.16
705,OK,326,-22,789,789,595.45,356.04,795.78,321.47,744.68,405.83
706,OK,344,-16,770,770,605.95,350.47,802.89,326.88,755.55,399.77
707,OK,352,-7,771,771,614.74,350.63,812.58,333.14,760.55,414.56
708,OK,360,-2,766,766,620.1,353.54,816.42,334.62,768.95,418.65
709,OK,346,-12,777,777,614.62,350.05,814.04,332.36,754.16,412.01
710,OK,339,-19,784,784,610.09,353.67,810.64,329.19,753.39,406.44
711,OK,349,-47,786,786,615.47,334.88,816.42,310.54,769.33,369.55
712,OK,350,-61,784,784,612.65,326.68,812.81,300.57,771.58,349.48
713,OK,345,-69,788,788,609.43,324.89,810.08,294.5,768.42,341.1
714,OK,333,-71,796,796,604.46,324.42,808.12,299.81,757.45,343.78
715,OK,346,-40,762,762,605.79,325.79,800.52,301.23,752.3,368.89
716,OK,337,-39,775,775,602.39,331.0,800.72,307.72,746.47,377.69
717,OK,339,-27,770,770,603.31,336.53,800.57,316.74,746.11,390.43
718,OK,339,-22,767,767,602.77,338.04,799.26,317.94,744.71,395.58
719,OK,338,-21,767,767,601.28,340.9,797.52,319.26,744.17,395.73
720,OK,347,-18,757,757,604.49,338.51,798.49,318.39,750.27,392.02
721,OK,336,-24,779,779,605.09,339.94,804.77,320.24,746.76,400.39
722,OK,333,-21,777,777,602.1,342.63,801.27,322.83,741.61,403.13
723,OK,336,-28,776,776,604.93,338.79,803.6,317.39,745.21,392.59
724,OK,341,-19,771,771,605.42,342.81,803.22,324.98,748.55,399.57
725,OK,343,-16,770,770,608.19,342.89,805.97,326.95,749.92,404.79
726,OK,349,-10,754,754,607.84,340.62,800.8,319.65,748.42,404.15
727,OK,350,-14,759,759,610.52,338.02,805.06,319.91,751.41,401.22
728,OK,350,-14,756,756,609.35,338.14,802.78,316.53,750.03,400.9
729,OK,350,-15,755,755,610.1,334.69,803.79,317.0,747.89,400.01
730,OK,350,-19,754,754,608.88,333.52,802.08,313.82,749.56,393.19
731,OK,348,-15,761,761,610.39,335.77,805.67,317.77,747.98,404.07
732,OK,329,-17,778,778,599.76,344.16,799.01,323.34,736.67,411.4
733,OK,324,-5,787,787,600.52,354.2,802.4,335.03,733.93,432.68
734,OK,323,-4,792,792,604.41,355.33,807.76,340.67,733.58,437.95
735,OK,337,-15,779,779,609.75,345.35,809.94,331.41,742.82,410.06
736,OK,338,-39,772,772,610.91,320.47,809.63,312.02,737.96,377.86
737,OK,347,-34,737,737,610.13,302.55,799.8,298.87,725.99,367.89
738,OK,336,-68,764,764,610.61,289.48,807.26,292.66,727.26,337.89
739,OK,363,-45,743,743,624.96,298.0,816.2,300.44,748.21,353.02
740,OK,359,-29,742,742,625.95,303.0,816.99,308.52,739.35,378.44
741,OK,353,0,756,756,624.25,327.57,818.84,336.27,741.22,424.23
742,OK,331,38,754,754,605.73,358.49,799.92,364.77,714.02,469.53
743,OK,300,37,786,786,588.3,369.23,790.83,370.11,696.73,491.6
744,OK,283,31,822,822,581.84,381.89,793.48,375.28,700.78,506.03
745,OK,282,33,816,816,578.43,384.0,788.6,377.08,696.66,502.84
746,OK,268,21,831,831,569.14,382.72,782.9,370.09,691.88,496.82
747,OK,266,13,818,818,561.23,374.76,771.38,360.39,683.77,477.9
748,OK,271,0,807,807,562.74,353.26,770.43,346.35,681.86,457.7
749,OK,268,-2,802,802,558.9,353.41,765.34,344.71,676.56,449.98
750,OK,274,2,796,796,563.01,353.03,767.82,346.25,679.25,451.06
751,OK,273,2,791,791,560.4,351.29,764.18,346.8,674.83,445.67
752,OK,271,7,786,786,557.71,352.52,760.04,346.07,670.8,452.4
753,OK,272,11,774,774,554.98,355.99,753.93,344.87,664.6,447.09
754,OK,255,-42,822,822,550.44,344.01,760.83,320.73,677.61,407.14
755,OK,267,-52,810,810,554.61,335.43,761.96,312.98,686.39,383.4
756,OK,270,-51,807,807,556.01,336.34,762.46,313.33,688.1,380.14
757,OK,279,-48,799,799,561.43,339.49,765.8,315.05,692.45,375.07
758,OK,282,-43,802,802,566.23,341.09,771.56,318.14,697.47,388.06
759,OK,282,-45,809,809,567.25,341.9,773.97,315.44,702.59,390.1
760,OK,297,-41,793,793,575.5,335.95,778.15,311.48,709.31,386.94
761,OK,306,-31,789,789,583.46,338.52,785.66,317.67,716.01,399.67
762,OK,314,-24,777,777,587.28,336.8,786.74,319.4,718.5,400.2
763,OK,321,-25,773,773,592.86,335.62,791.41,320.07,723.5,395.57
764,OK,322,-23,770,770,594.3,335.37,792.03,321.66,721.4,397.47
765,OK,336,-16,764,764,606.43,333.1,802.98,324.88,733.26,403.2
766,OK,322,-29,794,794,603.83,336.3,808.1,326.8,732.07,405.94
767,OK,328,-23,790,790,605.74,345.03,808.75,331.3,739.11,407.79
768,OK,331,-26,792,792,610.16,343.54,813.71,331.55,743.59,402.88
769,OK,330,-14,795,795,610.64,346.69,815.19,341.1,741.46,422.72
770,OK,332,3,778,778,608.19,351.93,808.43,345.04,734.41,436.23
771,OK,328,21,760,760,599.38,357.84,794.91,346.21,719.95,450.09
772,OK,336,15,761,761,605.01,352.09,800.89,345.07,729.79,442.27
773,OK,340,17,754,754,604.97,353.29,798.93,343.4,732.93,441.43
774,OK,331,-6,778,778,607.03,344.71,807.38,341.06,734.56,423.28
775,OK,329,-15,783,783,604.55,345.06,805.85,332.22,736.44,413.62
776,OK,339,-22,782,782,611.92,342.66,812.75,327.92,748.86,403.4
777,OK,325,-12,795,795,603.69,352.46,807.92,338.35,738.23,425.76
778,OK,327,-8,783,783,602.35,349.26,803.69,336.64,734.61,423.47
779,OK,336,-14,778,778,607.02,349.38,806.72,331.93,743.99,411.12
780,OK,324,-12,797,797,603.02,353.89,807.74,337.46,739.83,427.08
781,OK,324,-14,791,791,600.04,350.5,803.21,336.89,736.81,420.28
782,OK,325,-17,780,780,598.62,343.49,799.22,332.38,732.81,408.59
783,OK,310,-23,793,793,589.75,342.07,793.37,325.6,721.38,414.04
784,OK,308,-22,788,788,586.46,340.75,788.35,320.61,718.33,413.65
785,OK,308,-34,795,795,587.22,339.58,791.29,323.94,721.6,395.56
786,OK,318,-27,791,791,597.6,339.14,801.06,331.16,728.36,400.9
787,OK,333,-16,776,776,605.14,338.71,804.89,330.21,738.45,410.88
788,OK,336,-16,773,773,606.96,338.07,805.89,328.03,738.35,408.18
789,OK,342,-15,754,754,604.95,334.66,798.45,317.95,737.99,399.69
790,OK,337,-19,765,765,605.92,331.56,802.64,320.33,735.1,401.05
791,OK,334,-25,776,776,605.89,335.33,805.37,324.89,739.35,396.92
792,OK,338,-24,766,766,605.66,332.12,802.56,320.86,738.56,393.12
793,OK,341,-21,762,762,606.93,331.39,802.78,318.85,740.28,396.46
794,OK,337,-18,764,764,604.67,332.44,801.11,322.52,735.5,402.33
795,OK,339,-12,760,760,605.02,334.17,800.41,323.54,735.38,408.49
796,OK,335,-16,766,766,602.22,334.76,799.14,321.8,735.94,407.5
797,OK,331,-16,766,766,599.37,334.52,796.3,321.65,731.38,406.39
798,OK,332,-14,772,772,600.72,339.06,798.91,324.64,736.58,412.22
799,OK,319,-28,792,792,595.33,342.56,798.36,323.89,733.37,403.34
800,OK,320,-18,785,785,594.14,345.4,795.18,323.45,730.94,414.92
801,OK,299,-11,799,799,581.26,354.65,785.15,327.1,713.54,436.16
802,OK,296,10,788,788,576.92,367.74,777.69,338.22,704.37,455.96
803,OK,316,29,775,775,589.16,375.58,787.34,351.68,719.18,469.99
804,OK,320,26,769,769,591.77,369.19,788.56,346.91,719.17,463.61
805,OK,327,23,768,768,599.15,361.59,796.24,345.99,725.49,460.35
806,OK,330,20,774,774,603.21,361.28,802.06,347.62,731.58,459.78
807,OK,327,12,774,774,600.48,356.07,799.33,342.0,728.89,449.48
808,OK,332,7,772,772,603.23,350.47,801.61,338.51,733.72,441.59
809,OK,322,-14,793,793,600.87,345.75,804.87,336.56,735.03,423.7
810,OK,321,-17,783,783,596.71,337.86,798.0,327.74,728.1,416.07
811,OK,315,-18,791,791,592.54,340.17,795.93,326.92,726.71,421.52
812,OK,313,-18,786,786,590.99,337.69,793.22,325.92,720.65,419.05
813,OK,318,-18,774,774,592.88,334.44,792.03,323.02,719.25,410.92
814,OK,321,-16,770,770,594.51,334.4,792.46,323.69,720.41,410.46
815,OK,323,-15,765,765,593.75,333.14,790.54,322.51,719.67,408.09
816,OK,323,-15,765,765,593.66,332.28,790.52,322.82,719.54,408.23
817,OK,316,-17,770,770,590.84,334.68,788.91,322.88,714.1,408.59
818,OK,312,-20,782,782,590.16,335.9,791.37,325.58,716.62,412.34
819,OK,313,-18,782,782,589.98,338.47,791.06,326.16,718.39,415.62
820,OK,323,-10,772,772,597.03,337.93,795.7,330.93,722.41,419.38
821,OK,316,-21,783,783,593.32,337.06,794.81,327.88,721.43,409.39
822,OK,325,-13,771,771,597.04,336.37,795.4,329.12,724.2,413.25
823,OK,323,-14,773,773,598.3,335.85,797.29,330.95,721.99,411.91
824,OK,326,-11,773,773,599.9,334.63,798.91,330.17,724.92,417.66
825,OK,328,-14,777,777,603.41,334.55,803.52,331.53,729.96,416.79
826,OK,331,-12,769,769,603.62,336.46,801.59,329.93,727.94,412.37
827,OK,336,-14,764,764,606.41,334.23,803.15,328.0,732.11,406.15
828,OK,332,-20,781,781,606.68,337.43,807.65,332.63,738.55,406.46
829,OK,337,-23,786,786,612.23,342.66,814.58,334.2,747.86,402.11
830,OK,335,-10,779,779,607.72,347.96,807.95,336.2,741.52,416.78
831,OK,335,1,775,775,604.41,356.96,803.17,338.38,740.63,429.59
832,OK,343,29,766,766,608.15,370.29,804.2,348.36,747.13,465.51
833,OK,342,29,765,765,607.1,370.71,802.97,348.39,744.45,463.37
834,OK,338,37,764,764,607.08,374.05,803.13,357.52,736.85,472.78
835,OK,327,38,763,763,596.63,375.47,792.51,358.49,721.93,471.52
836,OK,322,38,768,768,595.43,377.78,792.56,360.84,719.18,475.59
837,OK,318,40,772,772,595.98,376.64,794.68,366.72,714.48,481.32
838,OK,318,38,772,772,596.63,372.85,795.29,367.35,712.4,479.03
839,OK,309,32,781,781,592.44,371.89,793.49,366.31,705.39,476.79
840,OK,305,30,782,782,590.48,371.59,791.78,365.52,701.99,474.14
841,OK,313,40,765,765,592.14,371.17,789.04,367.02,701.25,475.09
842,OK,317,39,761,761,593.96,369.06,789.97,365.93,703.13,470.86
843,OK,314,29,771,771,594.02,366.04,792.5,362.28,705.19,465.55
844,OK,311,28,776,776,593.23,367.23,793.0,361.85,705.13,469.17
845,OK,315,28,770,770,595.11,364.92,793.36,359.05,707.55,464.38
846,OK,317,26,767,767,595.84,360.43,793.45,356.98,707.35,460.3
847,OK,311,25,765,765,589.97,358.23,786.85,354.83,697.83,457.76
848,OK,312,26,761,761,589.83,357.5,785.89,354.21,697.75,456.58
849,OK,304,23,768,768,584.48,360.21,782.1,354.55,693.28,456.82
850,OK,309,26,761,761,585.6,359.33,781.58,352.89,695.28,456.24
851,OK,314,24,761,761,589.24,355.99,785.23,348.77,700.87,455.7
852,OK,323,26,759,759,596.67,359.14,791.99,348.65,710.8,457.23
853,OK,325,31,758,758,596.47,363.75,791.01,348.33,715.02,464.27
854,OK,318,24,765,765,591.44,361.81,787.71,343.16,711.03,460.68
855,OK,337,11,762,762,607.5,349.75,803.51,339.74,731.2,440.92
856,OK,344,0,766,766,615.14,340.61,812.32,338.03,740.36,427.23
857,OK,334,7,758,758,605.45,343.67,800.55,337.65,723.78,431.68
858,OK,331,3,765,765,603.42,347.21,800.24,336.06,725.97,429.36
859,OK,339,4,767,767,610.17,349.01,807.56,341.72,736.53,429.53
860,OK,339,8,765,765,609.2,349.62,806.07,340.89,735.66,435.61
861,OK,334,8,770,770,607.8,351.11,805.87,340.71,732.79,440.59
862,OK,340,11,761,761,609.75,348.24,805.65,339.9,733.77,439.08
863,OK,337,2,772,772,610.79,346.31,809.5,336.51,737.66,434.71
864,OK,349,9,753,753,614.39,341.48,808.25,332.6,740.44,433.81
865,OK,351,8,753,753,615.83,341.21,809.71,334.15,742.88,431.32
866,OK,343,-1,770,770,613.76,343.35,811.91,336.17,743.87,429.23
867,OK,344,-2,763,763,611.68,338.39,807.97,331.13,741.12,424.07
868,OK,334,-13,779,779,609.49,339.13,810.05,334.17,737.56,416.14
869,OK,340,-7,770,770,610.4,341.3,808.48,333.38,740.84,420.01
870,OK,347,0,762,762,614.11,345.36,810.3,337.37,745.18,422.09
871,OK,345,7,760,760,612.44,346.51,807.9,337.39,741.73,432.88
872,OK,340,10,766,766,611.43,352.61,808.65,344.15,737.89,438.81
873,OK,343,16,763,763,614.14,352.78,810.63,351.89,736.93,443.06
874,OK,348,20,759,759,617.55,353.21,813.0,354.86,739.23,444.48
875,OK,356,40,744,744,619.95,363.66,811.58,364.48,740.95,461.2
876,OK,352,42,749,749,618.12,366.91,811.16,366.07,738.35,466.78
877,OK,353,41,751,751,619.69,365.73,813.07,363.36,741.6,467.81
878,OK,350,33,753,753,617.71,360.54,811.6,359.37,738.81,459.74
879,OK,353,33,749,749,618.15,357.87,811.0,357.13,740.38,458.44
880,OK,349,31,756,756,618.65,357.95,813.27,359.08,739.85,460.67
881,OK,350,31,754,754,619.31,355.43,813.55,359.12,738.8,459.95
882,OK,351,32,746,746,616.39,356.08,808.57,355.37,737.07,454.4
883,OK,350,28,750,750,616.65,355.54,809.91,354.63,737.92,452.48
884,OK,347,21,759,759,616.21,353.16,811.69,352.43,738.32,447.65
885,OK,340,5,775,775,614.25,348.3,813.9,347.96,740.17,437.45
886,OK,322,-5,784,784,601.45,354.62,802.64,338.16,726.38,428.9
887,OK,304,-18,800,800,588.67,358.98,792.17,326.6,717.6,422.87
888,OK,337,-52,794,794,611.07,337.67,814.07,312.41,756.92,366.01
889,OK,352,-51,781,781,619.17,335.21,819.28,313.63,765.47,354.47
890,OK,336,-24,778,778,608.46,347.62,807.92,328.55,743.58,393.74
891,OK,338,-24,771,771,606.57,344.58,804.51,328.87,742.37,386.51
892,OK,341,-22,756,756,603.49,341.21,797.36,324.01,737.59,379.41
893,OK,341,-23,755,755,602.99,340.92,796.18,319.7,736.58,379.0
894,OK,334,-21,765,765,599.46,345.64,795.21,323.49,734.95,388.1
895,OK,328,-22,769,769,596.9,345.08,793.53,321.02,729.45,392.21
896,OK,321,-16,776,776,592.66,351.35,790.74,324.57,726.4,407.42
897,OK,322,-20,783,783,595.9,351.78,796.36,330.54,730.24,401.36
898,OK,334,-10,770,770,602.73,353.78,799.62,330.38,737.33,409.69
899,OK,330,-6,786,786,605.04,357.6,806.5,338.5,740.95,426.87
900,OK,338,5,771,771,608.56,356.92,806.55,340.3,740.17,432.92
901,OK,332,3,773,773,604.35,355.81,803.06,342.43,734.25,428.95
902,OK,329,2,776,776,603.89,356.25,803.49,344.4,732.17,430.46
903,OK,330,1,778,778,605.66,355.78,805.68,344.25,732.74,431.77
904,OK,347,10,758,758,615.57,349.34,810.79,345.01,740.08,431.89
905,OK,336,0,775,775,610.99,347.84,810.46,342.6,736.21,428.79
906,OK,338,0,770,770,611.66,348.01,809.93,343.34,736.27,426.28
907,OK,340,4,766,766,612.36,347.92,809.58,343.72,735.7,429.9
908,OK,340,5,769,769,612.8,349.2,810.91,347.74,736.27,430.99
909,OK,338,8,768,768,611.25,351.82,809.07,348.34,735.7,434.37
910,OK,336,1,773,773,609.77,351.23,808.8,346.59,735.92,426.65
911,OK,342,7,762,762,611.94,350.13,808.05,345.09,737.29,429.89
912,OK,339,7,766,766,609.74,350.61,807.06,345.75,736.18,433.13
913,OK,332,-1,778,778,608.67,350.74,809.07,348.09,734.88,427.24
914,OK,334,0,777,777,609.0,350.67,809.2,346.99,735.7,428.03
915,OK,336,4,770,770,609.26,351.13,807.65,346.95,735.16,429.74
916,OK,338,5,768,768,609.56,351.21,807.26,346.46,735.72,430.21
917,OK,340,8,765,765,610.69,350.51,807.8,347.34,736.55,431.9
918,OK,336,3,770,770,608.29,351.49,806.67,346.62,734.62,426.96
919,OK,332,-2,783,783,608.31,351.99,809.77,346.31,737.31,429.31
920,OK,337,8,770,770,609.72,352.27,807.87,347.75,735.75,437.28
921,OK,336,5,772,772,609.13,351.68,807.83,347.66,735.92,433.02
922,OK,336,6,771,771,608.39,352.81,806.77,346.93,735.54,432.31
923,OK,333,3,774,774,606.89,351.69,806.28,345.6,733.87,432.54
924,OK,331,4,779,779,608.77,354.99,809.26,351.41,732.93,433.43
925,OK,335,-4,782,782,611.14,350.76,812.6,347.51,740.75,425.28
926,OK,340,0,774,774,613.96,348.79,813.32,345.47,742.15,428.1
927,OK,330,-27,791,791,610.47,339.6,814.12,335.02,738.61,400.01
928,OK,334,-29,782,782,610.11,334.91,811.11,322.06,741.13,395.86
929,OK,324,-42,789,789,604.64,326.83,807.64,317.08,731.3,382.53
930,OK,326,-42,790,790,605.41,327.43,808.84,319.01,735.01,384.45
931,OK,341,-23,772,772,611.21,331.06,810.04,325.16,744.47,398.91
932,OK,342,-15,759,759,605.83,331.79,801.12,322.34,739.28,402.28
933,OK,326,-21,769,769,597.72,332.71,795.47,323.65,724.49,398.01
934,OK,319,-28,781,781,594.72,335.44,795.36,319.93,724.96,398.0
935,OK,325,-29,767,767,592.36,334.88,788.71,312.1,725.62,386.48
936,OK,340,-29,755,755,600.3,331.94,793.44,308.36,738.86,376.92
937,OK,334,-46,783,783,606.65,327.85,807.52,308.94,744.02,373.25
938,OK,332,-34,791,791,610.13,340.73,812.9,321.48,743.97,392.28
939,OK,349,-33,785,785,620.44,338.73,822.1,324.05,762.65,388.59
940,OK,363,-29,768,768,628.65,330.26,826.25,318.81,768.02,386.65
941,OK,356,-27,773,773,623.88,332.54,822.6,320.82,762.22,391.75
942,OK,372,-21,766,766,638.16,329.13,835.46,330.69,773.85,394.44
943,OK,342,-24,790,790,619.17,344.21,822.67,339.38,754.51,400.7
944,OK,325,-13,796,796,605.63,353.52,810.33,340.33,738.6,424.59
945,OK,345,-23,794,794,622.66,344.06,827.0,338.9,759.96,406.91
946,OK,379,-15,765,765,641.61,332.51,838.57,336.63,783.89,400.33
947,OK,358,-18,787,787,633.36,336.7,836.11,341.85,767.97,412.5
948,OK,354,1,777,777,626.16,350.51,826.32,346.92,758.57,429.54
949,OK,374,2,761,761,635.97,347.18,832.07,344.87,774.77,419.79
950,OK,348,-11,777,777,614.81,353.91,813.98,335.53,758.36,409.96
951,OK,351,-17,774,774,616.92,348.26,815.96,335.12,760.2,400.27
952,OK,383,-5,747,747,632.44,345.36,824.48,334.31,783.56,396.77
953,OK,344,-30,786,786,613.41,345.91,815.24,330.89,760.07,388.92
954,OK,337,-23,778,778,605.74,345.96,805.25,328.02,748.41,396.87
955,OK,339,-22,782,782,608.65,349.84,809.18,330.71,752.08,399.01
956,OK,330,-33,797,797,605.7,351.48,809.65,329.35,750.13,389.9
957,OK,327,-24,786,786,599.02,356.99,799.56,329.05,742.66,396.05
958,OK,339,-13,771,771,603.42,355.13,800.89,334.49,747.21,399.82
959,OK,345,-11,761,761,606.6,351.47,801.78,332.85,746.91,396.93
960,OK,332,-18,787,787,606.89,350.83,809.25,339.05,742.87,405.36
961,OK,331,-19,782,782,601.66,353.61,802.35,337.09,742.04,400.18
962,OK,337,-10,767,767,604.34,353.93,801.6,341.09,738.82,398.7
963,OK,329,-13,764,764,596.34,350.78,792.28,331.52,727.79,398.45
964,OK,326,-12,754,754,588.69,346.93,781.93,326.86,721.48,393.88
965,OK,330,-17,744,744,587.26,341.26,777.29,316.48,722.42,382.17
966,OK,315,-23,757,757,577.78,340.11,770.91,313.91,713.35,383.23
967,OK,290,-40,792,792,568.12,339.44,770.42,313.66,703.51,386.8
968,OK,286,-29,791,791,561.66,345.06,764.04,320.75,699.38,400.95
969,OK,291,-27,793,793,567.2,348.65,769.64,322.31,705.7,404.51
970,OK,288,-30,800,800,567.84,347.89,772.77,326.41,707.19,403.98
971,OK,286,-34,797,797,564.6,341.07,768.75,319.92,702.76,397.55
972,OK,296,-44,776,776,569.82,326.68,768.81,308.46,698.81,370.85
973,OK,311,-36,767,767,576.32,329.43,772.85,308.65,713.67,376.72
974,OK,312,-34,766,766,578.95,334.93,774.57,310.1,715.09,375.83
975,OK,313,-29,775,775,581.04,338.8,779.48,317.59,720.96,388.93
976,OK,300,-21,774,774,571.82,342.62,770.23,323.45,704.27,400.31
977,OK,285,-25,791,791,563.27,348.58,766.02,328.92,695.75,401.87
978,OK,281,-23,791,791,558.99,346.31,761.73,325.91,692.16,409.7
979,OK,256,-44,817,817,545.16,347.44,754.23,324.51,680.26,392.12
980,OK,264,-37,795,795,544.74,343.67,748.32,322.98,675.81,388.16
981,OK,260,-37,792,792,541.47,340.34,744.59,320.66,670.25,389.35
982,OK,269,-43,776,776,545.66,331.74,744.75,313.52,670.02,368.17
983,OK,279,-43,769,769,551.58,325.46,749.1,310.73,677.42,364.24
984,OK,271,-46,797,797,550.47,333.19,755.46,320.75,685.22,377.49
985,OK,271,-42,784,784,548.48,332.08,750.39,326.11,678.41,372.51
986,OK,278,-32,771,771,548.89,333.95,747.13,322.24,679.68,379.85
987,OK,272,-40,791,791,551.12,329.95,754.74,327.32,681.5,382.21
988,OK,278,-34,775,775,552.13,326.13,751.86,325.21,678.44,382.29
989,OK,282,-40,774,774,556.25,326.5,755.55,319.13,682.28,371.62
990,OK,276,-48,779,779,552.76,323.07,753.05,310.81,677.97,365.22
991,OK,281,-42,773,773,554.65,324.47,753.41,312.94,681.01,369.3
992,OK,282,-32,767,767,553.86,328.83,751.03,318.36,679.41,378.93
993,OK,283,-33,766,766,554.91,325.67,752.03,318.94,679.64,377.8
994,OK,276,-38,775,775,549.83,327.41,749.01,314.41,676.85,377.86
995,OK,271,-48,796,796,551.54,331.32,756.05,316.3,685.41,376.81
996,OK,262,-49,804,804,545.59,334.53,752.16,319.58,680.0,380.26
997,OK,263,-43,800,800,545.92,337.47,751.25,320.62,678.07,386.88
998,OK,263,-39,796,796,544.5,342.0,748.38,319.88,675.83,387.65
999,OK,268,-38,796,796,549.81,342.9,753.61,321.23,682.11,388.7
1000,OK,284,-29,781,781,559.01,341.05,759.0,319.06,690.63,393.85
1001,OK,285,-31,775,775,557.65,339.81,755.88,316.91,687.54,383.77
1002,OK,280,-41,781,781,555.49,336.37,755.31,313.11,685.94,373.68
1003,OK,283,-44,773,773,555.95,329.89,753.66,305.82,683.59,366.31
1004,OK,277,-37,785,785,554.1,333.84,754.88,310.61,684.94,388.54
1005,OK,281,-39,786,786,559.43,335.06,760.59,311.43,688.94,385.47
1006,OK,295,-29,773,773,567.5,336.32,765.35,315.12,697.26,388.96
1007,OK,293,-37,781,781,568.97,336.41,768.91,314.8,698.42,382.15
1008,OK,304,-33,769,769,575.38,334.49,772.37,313.37,703.42,378.32
1009,OK,316,-32,752,752,581.28,325.1,773.99,306.44,707.84,373.98
1010,OK,317,-33,756,756,583.07,321.1,777.36,308.39,711.28,375.91
1011,OK,308,-38,765,765,578.34,322.71,775.05,310.22,704.98,372.74
1012,OK,306,-34,769,769,576.44,325.3,774.0,312.69,705.91,382.66
1013,OK,294,-37,783,783,572.22,328.25,773.54,318.53,697.4,385.86
1014,OK,294,-33,780,780,570.64,330.53,771.25,320.03,698.22,389.48
1015,OK,301,-29,765,765,572.37,328.91,769.09,317.66,696.69,384.55
1016,OK,305,-26,757,757,571.99,332.13,766.42,316.66,697.67,381.3
1017,OK,307,-23,759,759,576.26,328.22,771.61,318.57,698.92,390.43
1018,OK,311,-14,754,754,578.37,331.9,772.52,324.02,701.85,399.47
1019,OK,303,-18,765,765,574.73,335.11,771.47,324.24,698.35,398.51
1020,OK,295,-22,778,778,572.92,336.47,773.13,326.3,696.02,403.04
1021,OK,306,-15,775,775,580.37,335.62,779.74,327.08,706.13,414.4
1022,OK,314,-12,762,762,581.99,337.17,777.99,328.24,710.73,406.74
1023,OK,322,-10,750,750,585.21,333.36,778.26,324.59,713.94,401.48
1024,OK,315,-16,769,769,584.95,336.14,782.94,328.09,714.93,405.4
1025,OK,322,-18,761,761,586.33,335.27,781.9,321.89,721.06,395.92
1026,OK,325,-16,761,761,587.52,337.49,782.94,321.76,725.54,399.73
1027,OK,317,-23,769,769,582.09,341.75,779.18,322.0,721.74,391.57
1028,OK,329,-14,754,754,588.3,338.91,781.72,321.64,727.94,396.0
1029,OK,322,-20,770,770,587.05,335.93,784.82,320.39,729.12,403.29
1030,OK,321,-21,770,770,586.22,337.43,783.68,320.14,727.78,400.94
1031,OK,324,-19,767,767,588.23,338.49,784.92,319.64,728.22,400.09
1032,OK,319,-25,770,770,586.73,338.52,784.45,321.85,724.18,390.49
1033,OK,327,-17,756,756,589.1,339.09,782.93,321.8,724.77,392.65
1034,OK,326,-19,758,758,587.87,338.84,782.11,320.52,725.06,391.22
1035,OK,324,-19,761,761,586.87,340.6,781.73,320.53,723.77,391.53
1036,OK,311,-29,780,780,583.04,339.99,782.98,320.48,720.42,392.01
1037,OK,327,-18,751,751,587.32,335.9,779.97,317.96,720.47,388.54
1038,OK,323,-12,751,751,585.64,335.2,778.53,319.94,715.13,399.89
1039,OK,318,-15,754,754,583.48,333.82,777.21,319.95,710.19,397.52
1040,OK,300,-17,780,780,576.99,340.26,777.44,328.26,704.34,412.85
1041,OK,291,-33,799,799,570.58,347.43,775.29,325.34,707.67,396.51
1042,OK,295,-36,808,808,576.61,347.58,783.39,324.35,718.31,401.09
1043,OK,332,-5,762,762,595.66,348.5,791.45,335.03,733.98,411.08
1044,OK,343,-5,763,763,605.6,346.9,802.12,339.78,744.86,408.89
1045,OK,358,0,748,748,615.17,341.59,807.86,342.95,753.75,406.91
1046,OK,365,2,744,744,621.46,339.02,812.88,348.68,758.02,405.21
1047,OK,357,-7,758,758,617.4,340.0,812.41,347.78,757.14,401.88
1048,OK,361,-1,747,747,617.91,339.71,810.06,348.22,754.86,401.67
1049,OK,356,-7,760,760,618.63,338.15,814.1,347.13,755.87,403.88
1050,OK,369,8,737,737,623.57,338.49,813.19,347.94,756.96,408.95
1051,OK,363,7,751,751,622.27,341.31,815.54,349.62,758.16,419.49
1052,OK,363,3,753,753,621.59,341.67,815.47,349.29,760.67,413.91
1053,OK,358,-3,758,758,619.92,340.88,814.94,348.51,757.86,408.07
1054,OK,362,-1,754,754,621.63,342.03,815.7,347.78,760.41,409.03
1055,OK,362,-3,754,754,622.28,342.46,816.36,346.34,760.5,405.6
1056,OK,364,1,749,749,622.29,341.29,815.26,346.34,758.94,407.4
1057,OK,361,8,744,744,616.79,346.65,808.38,350.28,755.03,412.79
1058,OK,364,6,742,742,618.24,343.6,809.3,345.64,756.82,409.86
1059,OK,361,4,745,745,615.53,342.38,807.36,343.71,755.53,409.94
1060,OK,373,12,720,720,618.74,339.43,804.06,341.14,755.85,404.04
1061,OK,379,10,713,713,617.68,335.05,801.26,334.48,760.82,397.98
1062,OK,366,-4,736,736,616.95,333.18,806.61,333.63,756.92,394.62
1063,OK,364,-10,742,742,616.42,331.95,807.66,332.35,759.38,390.78
1064,OK,369,-7,734,734,617.56,333.53,806.56,331.36,760.51,388.93
1065,OK,380,2,719,719,622.22,333.87,807.34,335.51,763.33,388.52
1066,OK,366,-10,751,751,621.91,336.56,815.21,338.06,763.63,393.2
1067,OK,363,-14,754,754,618.98,337.3,813.28,339.26,765.87,388.54
1068,OK,368,-10,749,749,622.57,337.13,815.36,338.83,766.11,390.96
1069,OK,359,-14,758,758,616.99,340.65,812.22,341.42,761.88,389.59
1070,OK,345,-26,778,778,612.66,339.44,813.11,337.46,756.95,387.96
1071,OK,344,-33,775,775,610.48,330.0,810.12,328.31,753.68,380.07
1072,OK,342,-31,762,762,604.19,328.24,800.36,320.04,745.38,377.35
1073,OK,353,-18,743,743,606.94,324.92,798.15,320.43,746.16,383.61
1074,OK,355,-17,738,738,607.08,326.21,797.0,319.1,747.12,381.85
1075,OK,355,-17,745,745,608.75,327.19,800.45,319.7,751.05,387.93
1076,OK,354,-13,743,743,607.07,328.64,798.33,322.47,747.58,391.08
1077,OK,355,-4,729,729,605.35,328.89,792.83,320.93,740.47,396.37
1078,OK,348,-7,742,742,604.89,331.87,795.84,327.83,738.04,399.42
1079,OK,339,-9,751,751,600.41,333.07,793.72,330.45,731.72,402.12
1080,OK,341,-8,752,752,602.15,339.53,795.71,333.53,736.38,401.14
1081,OK,320,-22,774,774,589.31,341.69,788.26,327.72,725.9,395.72
1082,OK,320,-22,772,772,589.59,341.06,787.79,326.61,725.02,395.86
1083,OK,333,-9,755,755,595.35,338.78,789.48,329.08,729.4,402.48
1084,OK,336,-8,754,754,598.6,337.57,792.68,330.66,731.44,405.06
1085,OK,337,-7,744,744,597.35,334.29,788.92,329.82,725.66,398.93
1086,OK,338,-8,746,746,598.44,330.86,790.52,330.35,728.73,401.16
1087,OK,347,-2,728,728,601.13,328.44,788.51,326.79,727.76,396.5
1088,OK,345,-3,740,740,606.47,328.5,796.85,334.49,730.19,403.66
1089,OK,353,-1,746,746,614.09,332.43,805.88,345.15,742.16,405.82
1090,OK,332,0,768,768,607.54,336.77,804.52,354.56,726.31,423.21
1091,OK,344,9,755,755,611.07,339.75,804.87,356.82,735.08,425.38
1092,OK,345,21,749,749,609.43,346.07,801.67,361.53,732.48,437.1
1093,OK,346,26,741,741,607.84,346.53,798.18,359.09,730.56,440.64
1094,OK,345,14,750,750,608.11,344.44,800.77,357.58,736.08,428.56
1095,OK,357,6,749,749,615.63,337.52,808.0,353.32,752.12,415.95
1096,OK,370,6,738,738,623.14,337.39,812.81,351.04,761.1,405.79
1097,OK,382,27,713,713,627.52,338.66,810.75,351.83,757.94,421.9
1098,OK,360,14,746,746,619.83,341.15,811.57,352.5,750.35,427.44
1099,OK,353,14,746,746,614.44,341.31,806.32,351.36,743.15,427.73
1100,OK,345,11,751,751,608.84,337.91,801.83,350.63,736.26,427.9
1101,OK,342,14,739,739,601.65,337.53,791.84,347.51,726.29,424.38
1102,OK,320,5,756,756,588.71,339.78,783.18,348.64,711.34,422.75
1103,OK,311,-3,759,759,579.51,339.74,775.08,341.59,704.06,411.69
1104,OK,324,8,750,750,591.08,339.99,784.18,346.78,712.04,423.37
1105,OK,328,9,761,761,598.84,341.61,794.61,350.71,720.48,432.13
1106,OK,338,4,758,758,607.04,337.68,801.84,349.4,730.32,423.3
1107,OK,348,12,738,738,609.24,336.66,798.98,349.17,729.95,420.67
1108,OK,342,11,732,732,601.62,332.04,789.83,343.88,720.73,417.22
1109,OK,327,-3,749,749,591.88,335.63,784.83,338.51,715.09,405.67
1110,OK,331,2,742,742,592.54,338.19,783.7,336.34,717.85,410.67
1111,OK,323,-2,746,746,586.91,336.39,779.15,335.39,710.32,406.52
1112,OK,329,-4,739,739,589.4,332.49,779.75,331.73,713.04,399.37
1113,OK,317,-7,747,747,580.21,332.3,772.67,330.11,704.54,402.77
1114,OK,306,-21,751,751,571.58,329.24,765.02,322.82,695.07,383.2
1115,OK,305,-13,745,745,569.07,326.7,760.93,325.86,689.36,392.2
1116,OK,306,-10,739,739,566.53,325.34,756.93,324.11,689.06,393.74
1117,OK,305,-12,743,743,564.69,325.75,756.03,324.13,692.1,394.19
1118,OK,305,-12,741,741,564.97,326.34,755.82,323.45,690.16,391.52
1119,OK,301,-16,746,746,564.76,328.63,756.91,324.39,688.58,388.21
1120,OK,300,-16,747,747,563.95,329.99,756.15,323.23,687.54,388.79
1121,OK,297,-13,760,760,566.59,332.39,762.41,333.62,690.43,401.41
1122,OK,283,-25,787,787,561.56,341.64,764.1,334.84,690.24,398.83
1123,OK,286,-21,777,777,560.33,342.02,760.27,330.99,687.9,398.47
1124,OK,295,-12,761,761,564.27,340.17,760.15,331.52,688.04,400.49
1125,OK,310,-4,751,751,573.99,340.73,767.23,331.54,700.11,405.93
1126,OK,328,-3,739,739,587.28,331.79,777.71,330.97,712.56,401.4
1127,OK,331,-13,743,743,590.91,331.94,782.35,327.61,718.45,387.44
1128,OK,340,-3,730,730,597.02,327.61,785.0,330.43,720.36,396.07
1129,OK,339,-6,735,735,597.43,327.19,786.83,329.29,720.92,394.97
1130,OK,347,-1,726,726,601.89,325.22,788.83,329.11,725.17,397.18
1131,OK,346,-6,724,724,598.93,323.47,785.4,322.21,724.26,390.75
1132,OK,343,-12,728,728,597.35,320.37,784.76,317.05,724.44,386.22
1133,OK,339,-10,732,732,594.48,324.0,782.86,320.41,722.97,390.6
1134,OK,335,-10,742,742,595.93,325.96,786.99,327.6,721.72,396.15
1135,OK,342,-3,726,726,595.71,328.98,782.7,328.27,722.08,392.55
1136,OK,341,-6,740,740,599.35,334.7,789.98,331.1,728.08,397.06
1137,OK,351,7,742,742,609.42,338.5,800.5,341.48,739.54,416.48
1138,OK,352,5,733,733,606.59,336.82,795.36,337.24,735.71,405.36
1139,OK,352,1,732,732,606.44,331.45,794.98,332.29,737.08,402.57
1140,OK,358,-3,716,716,605.12,325.09,789.58,325.74,735.12,386.47
1141,OK,335,-10,745,745,595.97,329.68,787.8,325.57,723.18,396.43
1142,OK,332,-7,744,744,593.13,332.27,784.77,328.09,719.24,400.77
1143,OK,320,-11,753,753,586.82,332.26,780.63,326.93,709.54,402.01
1144,OK,316,-11,759,759,584.01,334.49,779.44,328.65,708.42,404.94
1145,OK,295,-15,777,777,570.81,344.76,770.27,327.12,697.17,411.21
1146,OK,275,-31,800,800,560.22,345.78,765.07,324.66,687.84,403.55
1147,OK,281,-24,786,786,559.9,347.45,760.75,323.15,687.75,403.74
1148,OK,290,-14,787,787,567.49,350.29,769.15,329.82,698.42,418.57
1149,OK,325,2,758,758,591.41,344.22,786.66,340.22,719.48,420.17
1150,OK,337,5,751,751,603.17,336.45,796.42,346.31,724.96,420.18
1151,OK,325,2,753,753,595.32,335.1,789.1,342.25,710.41,418.69
1152,OK,306,-17,768,768,581.65,337.28,779.35,333.33,699.73,398.84
1153,OK,341,-6,732,732,598.0,330.45,786.67,331.61,722.94,389.16
1154,OK,347,-12,717,717,595.49,324.53,780.22,320.21,722.9,371.43
1155,OK,314,-43,734,734,577.61,303.3,766.46,309.79,690.02,342.98
1156,OK,305,-41,742,742,571.64,305.39,762.7,313.81,684.86,352.15
1157,OK,305,-36,743,743,571.28,308.91,762.39,320.69,686.15,356.38
1158,OK,297,-40,754,754,568.76,311.69,762.84,320.87,683.67,359.17
1159,OK,292,-33,760,760,565.34,320.22,761.08,327.55,681.53,370.16
1160,OK,300,-7,753,753,567.54,332.92,761.21,344.13,687.85,399.56
1161,OK,294,-10,755,755,562.77,335.18,757.02,342.69,683.71,396.2
1162,OK,307,-1,747,747,572.16,332.88,763.81,348.59,693.62,404.3
1163,OK,316,-6,755,755,582.82,329.83,775.71,353.6,707.48,401.58
1164,OK,321,0,747,747,585.56,330.4,776.3,354.77,708.75,403.91
1165,OK,305,-5,759,759,576.35,332.5,770.69,354.79,695.96,405.62
1166,OK,297,-7,762,762,570.55,335.04,766.13,350.43,689.28,407.14
1167,OK,294,-1,767,767,569.5,338.59,766.34,356.19,686.68,418.51
1168,OK,300,1,765,765,573.99,342.16,769.87,362.37,692.71,414.67
1169,OK,291,4,764,764,569.14,340.32,764.5,363.69,680.85,420.53
1170,OK,298,19,752,752,568.23,347.6,761.25,362.61,683.68,435.02
1171,OK,301,20,752,752,570.22,350.64,763.34,364.07,687.66,436.15
1172,OK,313,33,745,745,577.64,357.16,768.81,373.05,697.26,445.88
1173,OK,315,33,745,745,579.61,357.37,770.9,373.57,700.16,444.87
1174,OK,309,29,746,746,574.66,354.55,766.4,367.49,694.29,443.66
1175,OK,303,31,758,758,572.51,360.78,767.51,368.66,694.51,455.91
1176,OK,316,42,749,749,580.83,363.97,773.5,374.03,703.5,463.49
1177,OK,317,37,748,748,580.68,362.81,773.37,369.16,706.62,456.91
1178,OK,314,36,751,751,580.19,362.86,773.4,368.97,702.27,457.23
1179,OK,311,32,755,755,577.3,363.11,771.7,367.46,701.55,453.86
1180,OK,311,38,750,750,576.52,364.08,769.54,367.91,700.23,460.22
1181,OK,298,18,770,770,571.72,361.08,769.75,370.94,695.37,441.54
1182,OK,314,40,744,744,577.96,361.23,769.32,369.53,698.97,459.11
1183,OK,307,32,753,753,575.72,359.4,769.37,368.91,694.75,452.78
1184,OK,304,20,757,757,573.61,348.8,768.23,360.47,693.39,441.71
1185,OK,301,21,763,763,574.16,355.06,770.47,366.38,693.46,445.21
1186,OK,298,17,766,766,572.46,352.94,769.41,364.64,692.65,441.26
1187,OK,311,35,751,751,577.31,359.76,770.45,369.56,698.65,457.14
1188,OK,319,39,745,745,581.61,360.84,773.27,370.12,705.03,458.29
1189,OK,326,43,737,737,585.61,359.38,774.89,372.68,708.14,457.46
1190,OK,326,39,738,738,586.39,358.32,776.17,371.03,710.2,452.52
1191,OK,330,46,727,727,586.69,357.05,773.48,369.28,707.38,455.12
1192,OK,307,22,752,752,574.76,350.71,768.1,362.41,695.34,439.64
1193,OK,297,1,764,764,569.33,341.75,765.67,354.28,691.69,417.99
1194,OK,298,-3,768,768,570.68,342.91,768.08,354.87,696.39,413.86
1195,OK,312,0,756,756,576.8,343.43,771.43,351.28,706.38,408.94
1196,OK,329,23,737,737,585.9,353.61,775.38,365.3,714.1,423.77
1197,OK,329,23,736,736,586.26,352.54,775.51,361.81,715.03,426.72
1198,OK,324,24,741,741,584.18,356.42,774.71,365.35,710.08,428.54
1199,OK,330,30,732,732,585.61,354.89,773.85,363.51,712.36,434.14
1200,OK,329,29,736,736,586.59,355.13,775.91,362.54,713.82,436.55
1201,OK,326,27,737,737,583.89,353.67,773.53,359.24,710.33,434.69
1202,OK,323,28,739,739,582.29,355.37,772.59,360.45,707.87,437.16
1203,OK,319,28,744,744,580.61,357.86,772.08,362.58,706.54,441.07
1204,OK,320,29,740,740,580.68,354.97,771.3,360.82,704.8,441.04
1205,OK,317,29,744,744,579.49,358.2,771.11,362.68,703.13,442.47
1206,OK,317,30,746,746,579.57,360.08,771.59,364.47,705.04,444.5
1207,OK,318,33,741,741,579.49,358.86,770.16,363.61,702.99,445.92
1208,OK,315,30,746,746,578.48,359.53,770.5,363.64,703.38,444.97
1209,OK,320,38,737,737,580.05,360.41,769.75,363.53,702.89,451.03
1210,OK,315,35,744,744,577.77,361.88,769.41,364.06,701.58,452.6
1211,OK,320,39,737,737,579.63,361.2,769.31,364.27,702.92,452.7
1212,OK,322,38,737,737,581.88,360.22,771.71,366.83,704.43,449.28
1213,OK,325,44,733,733,582.62,363.28,771.31,369.58,705.97,455.5
1214,OK,328,47,726,726,583.77,362.23,770.54,368.45,705.96,454.78
1215,OK,328,45,733,733,584.73,363.93,773.46,370.74,709.31,455.82
1216,OK,330,46,730,730,586.09,364.76,773.88,371.42,712.0,455.13
1217,OK,328,44,731,731,583.25,365.39,771.6,368.93,708.98,450.89
1218,OK,328,41,734,734,584.1,364.94,773.16,370.12,712.41,449.45
1219,OK,331,42,730,730,585.25,364.29,773.29,367.94,713.45,448.48
1220,OK,329,40,733,733,583.24,364.67,772.0,366.02,712.83,447.33
1221,OK,332,43,729,729,584.68,363.23,772.37,366.03,713.59,449.82
1222,OK,331,44,726,726,584.19,362.94,771.25,367.09,711.86,450.55
1223,OK,333,43,726,726,585.34,363.55,772.3,368.84,713.97,447.0
1224,OK,332,43,729,729,585.81,363.76,773.35,370.82,713.21,447.22
1225,OK,333,44,730,730,587.56,363.64,775.39,371.75,714.63,451.0
1226,OK,332,44,731,731,587.12,363.9,775.15,371.73,714.76,451.43
1227,OK,333,47,729,729,587.07,363.32,774.79,370.64,713.3,455.93
1228,OK,333,45,733,733,588.12,364.01,776.69,372.56,715.68,453.93
1229,OK,332,46,729,729,586.65,363.56,774.13,371.52,713.57,453.48
1230,OK,330,42,734,734,586.76,363.11,775.54,372.15,713.89,450.73
1231,OK,331,44,731,731,585.98,363.54,774.02,371.19,712.49,450.99
1232,OK,333,44,729,729,586.48,363.38,774.18,369.19,713.82,450.97
1233,OK,332,44,730,730,587.57,363.4,775.37,370.62,714.15,451.94
1234,OK,333,46,731,731,588.66,366.15,776.66,375.75,714.6,451.68
1235,OK,333,48,729,729,587.42,365.86,774.93,373.97,714.55,455.21
1236,OK,331,46,731,731,586.36,364.83,774.41,372.37,713.01,453.49
1237,OK,332,44,733,733,587.88,363.39,776.52,372.99,715.22,451.99
1238,OK,332,44,732,732,587.34,364.39,775.72,374.95,714.89,450.4
1239,OK,328,42,733,733,584.67,362.74,773.35,371.08,710.8,449.25
1240,OK,330,45,729,729,585.41,362.11,772.86,370.99,710.41,452.77
1241,OK,331,46,725,725,584.24,362.37,770.78,369.96,710.09,451.34
1242,OK,327,37,732,732,582.82,359.35,771.13,366.27,709.21,444.36
1243,OK,325,33,736,736,582.82,357.93,772.28,364.64,709.75,442.41
1244,OK,325,40,737,737,582.78,361.51,772.63,367.58,708.98,452.17
1245,OK,326,39,737,737,583.87,360.86,773.47,368.33,710.88,449.69
1246,OK,326,40,742,742,585.72,364.34,776.45,374.87,714.88,453.47
1247,OK,317,25,757,757,582.18,358.83,776.94,368.26,711.95,443.04
1248,OK,316,11,763,763,583.58,351.97,779.89,361.75,713.16,429.11
1249,OK,314,11,759,759,579.54,350.59,774.79,357.47,708.98,427.09
1250,OK,306,3,766,766,576.69,346.66,773.82,352.47,704.65,422.79
1251,OK,305,4,762,762,573.61,344.59,769.94,348.19,701.96,424.11
1252,OK,292,-16,772,772,565.4,337.52,764.27,338.86,692.55,402.8
1253,OK,290,-19,779,779,563.14,338.92,763.86,336.23,695.7,403.95
1254,OK,281,-20,789,789,558.51,343.34,761.62,337.51,691.56,408.77
1255,OK,285,-24,791,791,563.29,340.89,767.1,337.54,696.51,402.82
1256,OK,295,-12,762,762,564.08,339.93,760.38,338.06,691.08,400.07
1257,OK,287,-21,781,781,563.37,338.23,764.4,338.09,691.36,401.82
1258,OK,289,-20,772,772,563.01,337.7,761.85,335.57,688.1,396.95
1259,OK,287,-20,779,779,563.64,339.07,764.31,340.28,689.82,400.29
1260,OK,276,-27,782,782,554.28,338.87,755.43,331.03,679.34,394.33
1261,OK,272,-33,798,798,554.69,339.97,760.14,337.23,685.32,395.32
1262,OK,263,-39,813,813,551.48,339.43,760.97,341.22,682.08,394.4
1263,OK,265,-38,803,803,549.16,335.1,755.93,336.1,680.24,391.41
1264,OK,273,-25,778,778,548.35,336.0,748.8,333.86,676.46,393.64
1265,OK,281,-27,771,771,551.47,331.24,750.14,330.55,682.65,385.94
1266,OK,276,-30,779,779,548.91,329.58,749.43,328.03,681.29,389.92
1267,OK,275,-28,779,779,548.47,332.12,749.03,326.95,679.32,394.24
1268,OK,265,-32,794,794,546.16,336.08,750.59,327.79,677.02,398.65
1269,OK,296,-14,768,768,563.15,346.86,760.61,334.0,699.57,400.62
1270,OK,309,-10,769,769,574.99,346.39,772.88,338.49,713.94,405.56
1271,OK,296,-5,772,772,566.05,350.82,764.58,340.31,699.79,418.39
1272,OK,289,-16,774,774,560.1,345.05,759.28,336.91,694.3,402.83
1273,OK,288,-20,770,770,558.12,337.99,756.45,335.21,689.32,394.85
1274,OK,294,-15,769,769,563.18,339.34,761.14,342.39,694.28,398.84
1275,OK,285,-23,785,785,561.34,339.01,763.44,339.81,693.41,398.62
1276,OK,270,-35,799,799,552.39,337.75,758.04,335.6,683.34,392.15
1277,OK,264,-39,807,807,548.8,340.19,756.63,333.19,682.52,393.2
1278,OK,262,-35,803,803,546.2,345.34,752.36,330.42,678.5,394.48
1279,OK,270,-27,802,802,553.38,349.54,759.11,330.69,686.64,409.46
1280,OK,291,-16,780,780,563.73,351.16,763.71,332.65,698.56,407.84
1281,OK,288,-19,789,789,564.5,358.2,765.59,329.57,699.37,407.25
1282,OK,306,-12,783,783,578.4,358.17,778.43,333.51,716.01,413.24
1283,OK,329,-6,768,768,593.65,354.7,790.98,340.96,734.59,409.67
1284,OK,340,1,753,753,597.89,351.45,791.53,339.41,738.54,410.24
1285,OK,338,2,755,755,598.35,349.88,792.7,342.56,735.86,412.81
1286,OK,328,-3,761,761,591.41,349.36,787.1,336.96,728.64,411.67
1287,OK,317,-14,772,772,585.44,350.95,783.67,334.31,721.69,403.12
1288,OK,311,-26,789,789,584.82,348.48,787.31,332.04,724.62,397.12
1289,OK,320,-14,773,773,588.69,344.84,787.36,331.21,724.41,407.41
1290,OK,335,-5,759,759,599.09,342.1,794.36,334.98,732.75,410.33
1291,OK,334,-3,770,770,601.8,345.79,799.99,339.55,737.74,421.42
1292,OK,341,2,760,760,605.06,348.64,800.51,338.98,740.53,422.07
1293,OK,347,0,754,754,608.12,345.95,802.09,338.8,744.85,411.87
1294,OK,352,6,738,738,606.77,344.56,796.74,337.83,741.99,410.0
1295,OK,347,-1,749,749,606.35,341.87,799.33,339.85,739.73,407.13
1296,OK,345,-1,752,752,605.67,345.67,799.23,339.72,740.54,408.1
1297,OK,339,7,760,760,603.44,352.0,798.98,344.9,738.02,426.22
1298,OK,344,14,757,757,607.3,354.2,802.22,347.12,739.28,433.92
1299,OK,340,7,764,764,607.68,356.48,803.87,342.82,738.5,429.2
1300,OK,339,3,775,775,610.96,357.81,810.02,344.6,743.27,430.11
1301,OK,349,8,769,769,616.78,359.71,814.55,347.75,750.62,430.68
1302,OK,343,4,777,777,614.3,359.37,814.06,347.55,749.51,431.44
1303,OK,359,5,759,759,621.21,355.17,816.37,344.34,758.06,419.91
1304,OK,353,-2,767,767,617.64,354.93,814.9,342.11,756.68,415.42
1305,OK,341,-12,781,781,613.38,352.9,814.28,342.33,749.97,409.09
1306,OK,343,-6,777,777,613.56,358.21,813.16,343.54,750.43,413.57
1307,OK,333,-13,793,793,609.37,362.07,813.03,348.09,748.37,410.94
1308,OK,342,-11,779,779,611.54,355.6,811.92,343.63,751.39,407.87
1309,OK,340,-14,783,783,613.0,351.25,814.49,341.74,750.03,408.36
1310,OK,347,-22,771,771,614.99,342.58,813.26,333.1,749.98,389.23
1311,OK,345,-40,785,785,617.75,334.63,819.77,329.42,756.11,373.08
1312,OK,337,-42,791,791,613.26,335.2,816.84,328.73,750.06,375.11
1313,OK,327,-42,791,791,602.81,334.93,806.1,323.12,739.87,377.04
1314,OK,332,-30,764,764,598.75,332.32,794.86,315.75,733.09,381.03
1315,OK,326,-24,772,772,594.62,336.82,792.8,322.09,731.94,394.85
1316,OK,324,-19,756,756,587.47,339.21,781.34,320.19,721.25,389.18
1317,OK,300,-30,782,782,573.22,339.66,773.88,322.12,708.96,391.82
1318,OK,287,-24,783,783,564.84,341.18,766.29,331.62,692.3,399.21
1319,OK,278,-21,778,778,554.58,340.43,754.63,327.01,680.08,402.4
1320,OK,272,-28,784,784,550.44,338.15,751.9,325.31,678.45,397.22
1321,OK,261,-40,799,799,544.93,333.54,750.34,323.12,673.82,391.39
1322,OK,266,-38,795,795,546.6,333.87,750.96,323.31,677.8,390.12
1323,OK,263,-38,798,798,545.82,334.42,751.2,324.69,676.64,394.15
1324,OK,266,-37,794,794,547.7,337.98,751.94,325.57,677.5,389.29
1325,OK,278,-25,782,782,553.53,340.55,754.57,326.55,684.77,398.49
1326,OK,283,-26,784,784,559.32,341.09,760.77,326.59,691.59,399.45
1327,OK,285,-22,785,785,561.54,340.94,763.47,329.29,691.68,405.91
1328,OK,288,-20,791,791,566.68,343.73,770.15,333.98,698.93,411.74
1329,OK,275,-30,799,799,557.09,346.34,762.29,330.69,689.19,399.5
1330,OK,269,-34,801,801,552.08,343.69,757.94,329.0,683.61,396.05
1331,OK,272,-36,795,795,551.88,341.14,756.1,325.92,685.24,389.69
1332,OK,276,-31,781,781,552.53,337.15,753.1,321.21,680.45,389.43
1333,OK,283,-31,770,770,556.04,334.0,753.58,317.46,682.63,383.75
1334,OK,277,-36,780,780,553.29,332.69,753.71,317.31,680.63,383.84
1335,OK,270,-37,788,788,549.08,336.19,751.49,322.04,679.42,384.89
1336,OK,275,-33,779,779,549.57,335.89,749.88,322.62,679.28,383.6
1337,OK,279,-36,784,784,555.86,332.93,757.44,320.0,686.29,387.01
1338,OK,291,-29,772,772,562.49,335.85,760.72,321.11,693.99,386.75
1339,OK,295,-26,769,769,564.93,334.71,762.41,319.04,696.3,391.08
1340,OK,286,-26,776,776,560.6,339.99,760.07,326.45,688.86,392.74
1341,OK,278,-22,791,791,557.93,352.76,761.04,337.06,686.9,401.78
1342,OK,283,-12,792,792,564.14,355.32,767.85,344.56,693.94,419.53
1343,OK,301,5,773,773,572.34,357.55,771.39,353.67,702.59,428.21
1344,OK,308,11,765,765,575.67,357.58,772.65,352.04,706.28,432.89
1345,OK,303,2,770,770,574.29,353.6,772.5,347.46,704.38,423.64
1346,OK,308,4,758,758,575.54,351.0,770.74,350.09,700.93,417.03
1347,OK,302,3,760,760,570.63,350.95,766.11,342.74,697.6,420.16
1348,OK,301,1,760,760,569.72,349.58,765.38,344.27,696.0,416.6
1349,OK,293,-9,775,775,566.74,348.01,766.03,338.98,695.29,414.14
1350,OK,289,-15,782,782,565.58,345.83,766.49,330.28,695.95,414.59
1351,OK,298,-11,774,774,571.24,344.59,770.29,331.43,699.46,415.67
1352,OK,299,-10,778,778,571.82,352.39,771.71,339.61,705.44,413.74
1353,OK,295,-15,788,788,571.01,352.55,773.44,336.85,705.86,413.68
1354,OK,301,0,767,767,570.18,352.98,767.25,340.4,699.92,419.45
1355,OK,310,2,750,750,572.26,348.25,764.79,334.12,701.76,413.96
1356,OK,298,-6,766,766,567.18,348.02,763.58,330.15,697.98,415.2
1357,OK,303,-5,761,761,568.69,348.08,764.01,331.53,700.17,410.84
1358,OK,308,-7,763,763,573.17,349.33,769.08,332.57,707.33,407.71
1359,OK,300,-13,778,778,571.7,348.36,771.46,332.82,707.26,412.54
1360,OK,311,-9,768,768,580.56,346.7,778.19,337.47,712.45,409.3
1361,OK,310,-13,777,777,579.51,348.07,779.47,337.52,716.69,407.44
1362,OK,319,-3,764,764,584.48,349.65,781.07,340.56,719.97,414.33
1363,OK,330,4,748,748,588.23,347.74,780.76,339.07,725.29,414.12
1364,OK,332,8,747,747,589.85,348.33,782.14,341.03,724.79,418.71
1365,OK,321,0,762,762,585.68,348.56,781.82,339.94,720.41,418.62
1366,OK,317,-5,763,763,582.73,346.03,778.95,336.44,717.05,411.06
1367,OK,316,-6,760,760,582.64,344.06,778.29,336.07,712.27,408.15
1368,OK,318,-4,759,759,583.97,345.6,779.33,337.36,714.19,409.52
1369,OK,319,-9,763,763,585.39,343.98,781.72,338.33,716.92,402.87
1370,OK,314,-12,774,774,585.61,344.26,784.84,341.44,717.39,407.16
1371,OK,310,-12,777,777,582.96,346.48,783.01,340.26,713.46,409.8
1372,OK,310,-12,778,778,583.21,344.98,783.49,337.79,715.95,414.08
1373,OK,309,-9,780,780,582.04,347.17,782.88,338.79,716.95,419.51
1374,OK,310,-11,779,779,582.19,347.12,782.53,337.35,717.37,414.92
1375,OK,315,-10,778,778,586.11,350.85,786.31,342.35,722.81,413.22
1376,OK,311,-13,782,782,583.32,349.48,784.48,341.29,721.22,411.29
1377,OK,331,3,751,751,589.67,348.57,783.04,342.62,726.81,411.32
1378,OK,325,-8,767,767,591.17,344.67,788.8,342.48,726.78,408.26
1379,OK,326,-3,761,761,589.77,346.7,785.68,340.65,724.66,411.18
1380,OK,325,1,757,757,588.47,347.42,783.32,340.72,720.34,414.93
1381,OK,324,2,756,756,587.26,346.67,782.03,341.89,720.5,416.78
1382,OK,328,7,746,746,587.11,347.49,779.26,340.95,719.7,417.07
1383,OK,327,4,757,757,588.27,353.52,782.84,342.91,724.48,416.68
1384,OK,322,2,761,761,586.28,352.12,781.92,342.29,720.24,418.55
1385,OK,330,12,741,741,586.77,353.02,777.4,343.39,719.2,417.13
1386,OK,319,4,757,757,582.37,350.65,777.06,338.75,715.38,420.7
1387,OK,313,1,763,763,579.3,349.83,775.55,338.96,710.79,420.76
1388,OK,302,-9,779,779,576.71,349.27,777.09,340.16,706.86,415.61
1389,OK,301,-13,776,776,573.19,346.62,772.5,331.94,705.83,412.66
1390,OK,297,-14,781,781,570.26,348.73,770.52,330.18,703.64,412.89
1391,OK,295,-16,789,789,572.1,349.65,774.87,335.13,705.08,415.44
1392,OK,295,-17,792,792,574.0,349.5,777.61,337.48,706.26,414.59
1393,OK,295,-17,793,793,574.34,350.06,778.22,336.52,705.91,416.36
1394,OK,291,-19,802,802,574.22,349.55,780.54,338.23,707.53,421.32
1395,OK,290,-16,800,800,573.49,349.25,779.42,339.5,704.6,424.04
1396,OK,289,-18,798,798,571.42,349.53,776.85,339.96,701.89,418.09
1397,OK,300,-2,784,784,578.44,355.11,780.3,350.45,705.03,428.19
1398,OK,311,13,768,768,584.27,354.75,781.96,358.74,708.45,437.83
1399,OK,311,14,764,764,583.73,354.97,780.46,357.69,705.61,437.51
1400,OK,314,16,760,760,584.43,356.29,780.15,356.88,707.12,436.13
1401,OK,314,16,762,762,585.04,356.71,781.28,357.96,707.51,437.49
1402,OK,318,22,756,756,586.63,357.8,781.4,360.14,709.06,442.22
1403,OK,307,14,772,772,583.31,357.7,782.21,362.57,704.94,439.99
1404,OK,307,12,773,773,581.97,360.75,781.13,364.1,705.43,433.81
1405,OK,306,15,770,770,580.67,363.35,779.1,364.16,703.84,436.94
1406,OK,317,26,759,759,585.65,365.99,781.08,365.15,709.93,445.58
1407,OK,318,27,755,755,585.8,364.04,780.22,363.13,708.48,445.18
1408,OK,319,23,757,757,586.97,361.16,781.91,358.39,710.49,442.37
1409,OK,316,18,758,758,584.85,359.95,779.89,354.76,708.91,438.31
1410,OK,315,21,761,761,583.14,363.53,779.05,358.15,709.08,442.05
1411,OK,316,23,754,754,582.43,363.22,776.65,358.65,706.61,439.4
1412,OK,312,27,755,755,579.42,366.71,773.85,361.63,701.91,445.38
1413,OK,313,27,752,752,579.45,365.89,773.2,361.87,703.52,443.89
1414,OK,304,19,761,761,574.7,361.95,770.55,357.28,695.66,439.96
1415,OK,302,16,766,766,574.38,362.44,771.49,355.24,697.21,440.09
1416,OK,299,14,771,771,573.45,362.33,771.89,354.68,696.54,441.27
1417,OK,304,17,763,763,575.42,359.77,771.77,353.21,696.86,439.53
1418,OK,305,18,765,765,576.63,361.46,773.45,353.71,699.34,442.62
1419,OK,300,14,769,769,573.99,361.29,771.77,353.09,696.11,439.18
1420,OK,302,15,766,766,575.86,360.29,773.14,355.2,696.82,439.96
1421,OK,303,19,761,761,573.97,361.81,769.81,353.27,695.25,441.03
1422,OK,299,13,770,770,573.28,362.13,771.31,353.13,696.77,439.31
1423,OK,303,20,761,761,574.49,362.68,770.4,354.21,695.54,442.76
1424,OK,308,19,756,756,576.88,359.13,771.47,353.51,697.99,439.23
1425,OK,300,15,765,765,572.63,358.93,769.47,350.43,694.82,440.84
1426,OK,302,14,765,765,573.97,356.62,770.93,351.03,696.25,438.77
1427,OK,300,10,770,770,572.8,358.87,770.88,350.15,698.38,436.35
1428,OK,291,3,779,779,566.95,361.2,766.82,342.99,693.68,432.7
1429,OK,291,-2,775,775,565.74,356.6,764.6,340.59,692.36,423.11
1430,OK,295,6,779,779,571.41,356.35,771.8,347.09,697.68,438.69
1431,OK,303,-11,774,774,577.08,346.33,776.23,340.44,703.45,408.8
1432,OK,306,7,754,754,573.23,350.52,767.2,341.47,697.65,422.76
1433,OK,295,1,770,770,568.9,347.86,767.16,345.39,692.33,426.09
1434,OK,297,4,773,773,571.0,350.1,770.01,348.06,696.2,432.15
1435,OK,294,1,782,782,569.12,355.27,770.29,347.03,700.52,433.82
1436,OK,301,0,774,774,575.0,353.47,774.22,347.05,703.38,425.69
1437,OK,315,2,759,759,582.71,349.44,778.13,344.8,708.6,416.24
1438,OK,326,5,753,753,588.24,348.99,782.08,343.44,718.97,416.19
1439,OK,316,-5,764,764,583.6,347.26,780.16,337.26,715.15,412.9
1440,OK,314,-3,764,764,581.9,350.02,778.38,339.16,712.57,413.55
1441,OK,305,-5,774,774,578.39,351.28,777.45,340.72,707.81,419.05
1442,OK,309,-6,767,767,578.29,347.97,775.73,339.25,707.78,411.73
1443,OK,305,-7,777,777,577.54,351.72,777.47,342.32,708.73,415.04
1444,OK,307,-7,777,777,579.97,351.38,780.04,343.31,711.0,416.62
1445,OK,316,-1,758,758,582.22,350.38,777.08,338.63,711.99,412.69
1446,OK,316,-1,762,762,583.23,349.55,779.31,341.38,714.03,414.64
1447,OK,304,-9,771,771,575.84,347.53,774.1,337.27,703.78,410.08
1448,OK,304,-10,768,768,576.27,346.09,773.86,334.49,702.86,408.55
1449,OK,309,-6,762,762,577.37,346.62,773.29,336.07,705.89,409.49
1450,OK,310,-8,766,766,578.51,347.67,775.55,336.78,710.29,409.03
1451,OK,310,-10,769,769,579.96,346.83,777.83,337.87,710.61,406.73
1452,OK,311,-6,765,765,579.7,347.42,776.6,338.39,709.84,409.59
1453,OK,309,-9,768,768,579.0,346.35,776.47,337.19,708.46,408.45
1454,OK,317,-5,761,761,583.57,347.09,779.3,338.6,713.85,407.85
1455,OK,315,-4,765,765,582.66,348.81,779.28,337.76,714.56,414.44
1456,OK,323,-13,766,766,588.65,345.77,785.86,336.82,725.55,400.55
1457,OK,321,-9,767,767,588.08,347.01,785.17,333.82,722.8,408.17
1458,OK,326,2,759,759,590.03,350.88,785.41,343.54,722.34,414.93
1459,OK,339,5,749,749,598.01,345.22,790.94,343.43,732.44,414.65
1460,OK,338,2,757,757,600.41,342.74,795.34,344.99,734.26,417.81
1461,OK,326,0,769,769,596.54,344.69,794.51,352.44,726.0,420.94
1462,OK,333,19,753,753,595.31,352.39,789.04,361.83,727.48,433.66
1463,OK,315,17,769,769,584.84,361.22,782.74,370.11,715.86,437.18
1464,OK,295,15,784,784,570.77,368.12,772.55,365.24,703.15,448.93
1465,OK,292,2,787,787,568.42,358.4,771.07,354.67,701.5,434.08
1466,OK,303,-7,781,781,574.68,352.31,775.73,347.66,710.85,416.23
1467,OK,314,-9,769,769,580.44,342.65,778.48,337.48,718.19,410.52
1468,OK,325,-14,757,757,586.39,334.98,781.4,329.15,723.73,396.08
1469,OK,328,-15,758,758,589.2,336.29,784.43,329.93,727.49,396.75
1470,OK,326,-13,758,758,588.85,336.57,783.93,330.92,723.76,399.3
1471,OK,319,-15,769,769,586.69,341.75,784.38,330.84,720.59,403.35
1472,OK,321,-14,761,761,588.0,338.21,783.88,330.31,716.96,398.99
1473,OK,334,-7,746,746,593.41,337.43,785.36,330.05,725.48,400.23
1474,OK,318,-18,773,773,588.38,337.84,787.27,326.72,721.82,405.43
1475,OK,330,-12,756,756,593.74,335.64,788.32,326.5,726.6,402.07
1476,OK,349,-3,736,736,605.44,332.29,795.08,334.41,734.94,398.26
1477,OK,358,4,730,730,610.62,334.46,798.56,334.64,742.7,404.73
1478,OK,345,-10,759,759,608.46,340.43,803.92,341.9,743.26,397.01
1479,OK,341,-10,756,756,605.38,339.77,800.01,339.13,736.9,397.84
1480,OK,320,-14,750,750,584.55,339.02,777.21,326.09,710.65,390.18
1481,OK,310,-16,752,752,575.17,338.75,768.19,323.84,701.33,390.65
1482,OK,315,-22,746,746,575.4,336.44,766.51,316.32,705.65,377.03
1483,OK,325,-22,746,746,583.41,335.66,774.49,315.1,718.47,378.61
1484,OK,334,-14,741,741,588.64,337.57,778.75,320.83,724.72,384.32
1485,OK,323,-19,762,762,585.3,341.12,781.13,326.69,726.42,390.79
1486,OK,320,-18,763,763,582.47,341.04,778.63,327.22,722.02,393.25
1487,OK,302,-19,778,778,573.03,342.27,773.06,330.87,709.24,405.3
1488,OK,282,-28,802,802,564.89,343.89,771.11,333.2,699.03,407.47
1489,OK,285,-24,790,790,562.89,347.56,765.96,335.43,696.84,401.79
1490,OK,289,-21,788,788,565.22,347.7,767.83,334.88,699.78,406.34
1491,OK,299,-13,777,777,570.58,348.06,770.36,337.08,704.98,408.29
1492,OK,310,-7,765,765,575.31,348.43,772.0,335.53,711.52,409.95
1493,OK,310,-10,768,768,576.74,348.54,774.1,334.5,712.77,408.34
1494,OK,305,-11,773,773,574.64,351.37,773.01,335.77,709.52,406.85
1495,OK,316,-15,766,766,579.82,344.98,776.81,331.82,720.01,397.72
1496,OK,308,-15,774,774,576.52,345.87,775.36,330.83,715.37,406.34
1497,OK,310,-19,773,773,577.01,343.57,775.53,327.64,717.42,400.09
1498,OK,312,-16,768,768,577.83,344.27,774.86,325.94,717.43,401.13
1499,OK,321,-1,757,757,582.24,347.65,776.94,336.5,718.69,412.05
1500,OK,311,-6,763,763,577.03,348.31,773.0,333.62,709.51,409.85
1501,OK,300,-13,778,778,573.13,348.66,773.14,335.37,705.42,411.23
1502,OK,298,-17,782,782,572.26,347.99,772.99,332.37,706.05,409.01
1503,OK,296,-17,783,783,572.92,345.5,774.24,335.29,700.71,408.39
1504,OK,290,-18,782,782,566.84,347.87,767.92,337.33,695.07,404.06
1505,OK,287,-23,780,780,561.72,346.67,762.18,332.43,693.11,395.26
1506,OK,291,-23,777,777,565.31,342.51,764.9,329.62,693.69,394.22
1507,OK,295,-22,770,770,567.31,338.89,765.53,329.27,695.01,393.52
1508,OK,299,-19,766,766,569.68,340.08,766.71,330.6,697.49,394.18
1509,OK,300,-15,771,771,570.98,341.43,769.31,331.87,700.07,403.62
1510,OK,303,-16,768,768,573.55,342.89,771.14,331.97,702.72,399.28
1511,OK,305,-13,770,770,574.76,344.27,772.91,334.81,706.77,404.74
1512,OK,303,-11,768,768,573.96,344.43,771.51,334.12,703.16,406.87
1513,OK,319,-8,753,753,579.55,343.82,773.2,331.27,714.03,398.58
1514,OK,320,-12,758,758,582.27,342.11,776.99,329.43,718.97,399.26
1515,OK,312,-16,773,773,582.35,342.67,781.3,333.97,715.79,402.54
1516,OK,321,-9,769,769,588.26,351.25,786.08,344.1,723.59,403.14
1517,OK,317,-10,769,769,587.21,346.17,785.17,343.61,717.43,404.14
1518,OK,314,-13,770,770,585.72,341.93,784.12,339.24,714.78,405.29
1519,OK,321,-8,762,762,589.92,340.98,786.22,346.08,716.51,402.66
1520,OK,302,-14,778,778,578.63,343.3,778.95,344.5,703.87,407.82
1521,OK,296,-12,783,783,572.16,351.06,773.7,342.93,701.22,411.89
1522,OK,326,-1,760,760,596.41,339.25,791.44,354.98,719.84,411.19
1523,OK,337,3,750,750,602.31,338.66,795.24,349.96,727.01,412.08
1524,OK,330,3,750,750,596.08,338.59,788.95,348.39,718.75,412.99
1525,OK,344,2,744,744,604.81,338.74,796.25,344.91,732.18,408.07
1526,OK,354,6,737,737,611.82,335.37,801.27,346.43,738.76,409.08
1527,OK,340,-5,764,764,608.91,339.18,805.4,351.88,737.82,409.69
1528,OK,330,1,760,760,599.97,339.04,795.27,352.09,723.6,418.38
1529,OK,318,9,749,749,586.86,343.54,779.63,348.44,702.38,420.92
1530,OK,291,-5,772,772,565.32,349.43,763.73,337.3,690.51,419.74
1531,OK,288,-11,777,777,562.11,349.94,761.96,340.0,690.1,409.67
1532,OK,324,12,752,752,585.27,352.9,778.93,354.45,718.36,423.02
1533,OK,332,17,753,753,594.55,351.3,787.88,366.1,726.48,427.45
1534,OK,325,17,742,742,587.96,347.13,778.32,364.63,710.52,420.28
1535,OK,307,9,763,763,577.09,348.25,773.3,358.64,701.0,428.12
1536,OK,302,14,756,756,569.1,349.46,763.63,356.06,694.01,431.43
1537,OK,307,20,749,749,572.29,347.75,764.88,358.47,694.47,434.94
1538,OK,295,9,773,773,570.86,350.37,769.49,364.38,693.47,434.53
1539,OK,308,18,751,751,573.41,347.69,766.42,360.93,697.31,432.07
1540,OK,306,15,751,751,572.21,347.08,765.34,359.21,695.16,428.55
1541,OK,304,16,759,759,573.38,348.52,768.42,361.98,695.25,435.05
1542,OK,299,20,758,758,570.02,352.08,764.92,362.19,690.38,441.43
1543,OK,305,24,753,753,572.88,353.25,766.37,365.04,693.48,441.84
1544,OK,311,32,753,753,575.55,362.43,769.39,370.8,701.67,449.7
1545,OK,310,30,756,756,575.98,363.43,770.51,369.6,704.2,450.73
1546,OK,308,30,756,756,574.96,362.51,769.47,368.63,700.55,451.57
1547,OK,307,31,757,757,573.57,364.68,768.6,368.22,700.65,452.33
1548,OK,305,29,756,756,571.92,362.86,766.62,365.81,697.99,450.01
1549,OK,307,32,751,751,572.35,360.76,765.73,366.02,696.38,450.68
1550,OK,309,33,760,760,575.98,369.33,771.58,376.34,704.59,453.59
1551,OK,307,37,755,755,572.25,368.05,766.59,372.36,699.06,458.43
1552,OK,305,37,752,752,569.76,367.26,763.33,365.78,697.32,460.59
1553,OK,290,31,758,758,558.36,368.05,753.43,361.3,682.69,456.34
1554,OK,283,25,770,770,556.23,369.25,754.21,358.8,682.44,457.16
1555,OK,287,29,765,765,557.26,370.56,754.14,360.23,683.16,456.84
1556,OK,303,36,748,748,566.26,367.38,758.9,361.75,691.98,456.19
1557,OK,308,38,749,749,570.5,369.63,763.25,365.26,697.42,457.78
1558,OK,313,40,746,746,575.13,368.6,767.31,366.42,701.8,458.87
1559,OK,311,38,753,753,575.98,369.74,769.92,367.6,701.91,460.84
1560,OK,319,42,743,743,579.41,368.1,770.86,368.0,705.62,459.56
1561,OK,321,45,744,744,582.19,369.75,773.8,370.36,708.75,465.9
1562,OK,323,46,742,742,583.63,369.31,774.65,372.03,709.03,464.95
1563,OK,324,43,742,742,584.65,367.04,775.68,370.14,710.98,460.26
1564,OK,323,43,744,744,584.84,368.63,776.41,370.26,710.91,461.67
1565,OK,328,46,737,737,587.16,366.27,776.82,370.51,711.86,461.3
1566,OK,328,46,737,737,586.47,366.48,776.27,369.84,711.18,460.27
1567,OK,329,47,733,733,587.62,363.84,776.26,369.58,709.58,460.19
1568,OK,327,45,738,738,586.93,365.18,776.88,370.64,710.89,460.68
1569,OK,330,47,733,733,588.08,364.77,776.85,371.5,710.54,459.11
1570,OK,330,51,735,735,588.72,368.76,777.82,376.25,711.7,463.75
1571,OK,333,54,730,730,589.52,369.89,777.56,375.99,713.74,467.01
1572,OK,333,55,733,733,590.32,372.5,778.95,377.82,715.18,467.44
1573,OK,338,54,729,729,592.98,370.48,780.64,375.58,718.57,464.49
1574,OK,344,45,732,732,599.92,362.87,788.04,373.61,726.41,454.93
1575,OK,341,39,742,742,601.01,362.45,791.89,372.95,727.79,452.32
1576,OK,341,37,743,743,601.44,361.48,792.44,373.66,728.1,450.4
1577,OK,344,41,737,737,601.73,361.41,791.44,370.04,727.69,453.51
1578,OK,340,38,740,740,598.58,360.81,789.08,367.16,726.26,452.62
1579,OK,339,27,742,742,599.22,355.14,790.13,363.28,726.66,438.55
1580,OK,342,31,734,734,600.71,352.38,789.54,362.7,722.89,438.47
1581,OK,340,31,735,735,599.39,352.34,788.27,363.55,720.79,438.59
1582,OK,337,29,740,740,597.91,353.7,788.2,363.52,721.68,439.88
1583,OK,336,29,740,740,596.62,355.7,787.11,364.18,721.44,439.44
1584,OK,344,36,729,729,599.27,355.71,786.75,366.55,724.03,439.93
1585,OK,341,35,734,734,598.76,356.41,787.45,368.26,723.15,441.79
1586,OK,345,40,729,729,600.93,356.64,788.28,368.59,723.57,446.96
1587,OK,343,39,731,731,599.92,356.93,787.74,368.81,722.79,445.97
1588,OK,343,40,728,728,599.88,356.33,786.96,368.24,721.9,446.45
1589,OK,341,38,731,731,599.42,355.8,787.3,368.58,720.25,445.25
1590,OK,341,40,728,728,598.48,357.48,785.68,368.15,719.38,447.15
1591,OK,340,40,733,733,597.53,359.91,786.18,368.76,720.86,447.91
1592,OK,338,40,734,734,597.58,360.22,786.47,369.63,719.45,449.55
1593,OK,337,41,731,731,595.45,360.04,783.43,368.41,716.41,449.6
1594,OK,337,46,729,729,594.31,363.18,781.9,369.38,715.24,453.78
1595,OK,333,47,731,731,590.9,368.09,779.23,371.14,711.82,455.64
1596,OK,340,47,728,728,596.65,366.82,784.2,370.46,719.22,454.44
1597,OK,348,50,723,723,600.51,367.48,786.65,370.32,726.27,454.16
1598,OK,345,47,729,729,597.87,369.91,785.72,366.74,727.08,453.78
1599,OK,345,46,729,729,598.09,368.98,785.9,365.91,726.11,453.53
1600,OK,349,47,723,723,600.59,366.92,786.92,366.78,727.54,450.59
1601,OK,348,46,724,724,599.69,366.32,786.09,366.24,727.25,450.32
1602,OK,347,43,725,725,599.82,364.45,786.67,365.72,726.33,446.83
1603,OK,349,46,722,722,600.74,365.07,786.69,365.1,727.28,450.26
1604,OK,344,44,727,727,598.52,365.44,785.8,364.08,723.48,450.72
1605,OK,338,37,736,736,597.79,364.78,787.27,365.99,719.75,445.47
1606,OK,345,39,731,731,602.2,360.25,790.41,364.27,724.18,447.48
1607,OK,339,34,738,738,600.76,359.47,790.7,362.48,722.24,446.74
1608,OK,340,33,738,738,600.45,359.17,790.5,360.82,723.39,444.96
1609,OK,341,35,735,735,599.7,358.92,789.04,359.4,722.3,444.93
1610,OK,341,34,735,735,600.75,357.22,790.16,360.14,722.04,443.47
1611,OK,343,38,729,729,600.56,358.12,788.22,360.36,720.91,446.46
1612,OK,342,40,731,731,599.09,361.67,787.45,361.05,722.67,450.61
1613,OK,341,40,733,733,597.84,362.67,786.74,360.99,722.24,450.4
1614,OK,342,43,731,731,598.57,363.25,786.87,362.21,722.31,453.79
1615,OK,341,41,730,730,597.81,362.09,785.95,360.63,721.78,451.53
1616,OK,340,40,734,734,597.75,362.28,786.78,361.03,722.73,453.42
1617,OK,340,38,731,731,597.33,360.49,785.61,361.01,719.92,446.7
1618,OK,338,38,735,735,596.71,361.09,785.9,365.03,719.44,447.93
1619,OK,336,39,734,734,595.93,361.63,784.8,366.57,717.12,448.85
1620,OK,334,35,737,737,594.59,361.12,784.44,365.0,715.42,444.77
1621,OK,332,34,738,738,594.18,360.96,784.15,364.74,714.38,443.88
1622,OK,333,35,736,736,594.07,359.87,783.72,364.17,713.48,444.7
1623,OK,335,35,731,731,594.22,358.03,782.43,361.44,712.42,442.25
1624,OK,332,32,736,736,593.61,358.77,783.28,361.51,713.19,441.16
1625,OK,334,35,733,733,594.06,358.35,782.94,361.43,713.5,442.77
1626,OK,335,35,731,731,593.75,357.15,781.98,360.2,712.25,443.09
1627,OK,335,36,731,731,593.77,358.3,782.03,360.28,713.24,444.5
1628,OK,336,39,727,727,593.1,358.96,780.27,360.22,711.79,444.55
1629,OK,330,34,732,732,590.09,358.17,778.59,358.27,707.76,442.2
1630,OK,329,33,733,733,590.03,357.37,778.92,357.5,707.32,442.25
1631,OK,327,32,732,732,588.1,356.81,776.66,356.31,705.32,440.51
1632,OK,333,37,727,727,590.06,358.4,777.35,356.09,709.27,443.44
1633,OK,332,34,730,730,590.57,358.13,778.4,352.92,711.14,443.56
1634,OK,333,35,731,731,591.27,359.34,779.44,354.59,711.12,443.85
1635,OK,337,41,725,725,593.14,360.4,779.84,357.66,712.91,447.25
1636,OK,334,36,732,732,592.97,361.09,781.35,357.35,714.43,446.51
1637,OK,335,35,732,732,594.18,359.95,782.8,358.79,714.48,443.16
1638,OK,337,38,728,728,594.22,359.86,781.79,359.25,714.82,445.51
1639,OK,334,37,730,730,592.21,361.75,780.13,359.39,713.24,445.2
1640,OK,334,37,730,730,591.95,362.99,780.03,358.88,713.84,444.79
1641,OK,337,44,727,727,593.57,364.9,780.87,365.86,712.9,449.77
1642,OK,334,37,735,735,593.78,364.57,783.1,363.87,715.47,444.18
1643,OK,332,43,730,730,590.0,367.72,777.94,364.77,710.61,450.25
1644,OK,331,41,729,729,588.51,366.27,776.33,361.86,708.24,447.3
1645,OK,327,39,735,735,586.73,367.18,776.04,361.85,707.04,447.87
1646,OK,329,39,733,733,588.2,366.68,777.04,361.28,709.35,446.63
1647,OK,329,40,730,730,588.11,366.59,776.08,361.53,707.9,447.09
1648,OK,329,40,731,731,587.01,366.48,775.26,361.1,707.26,446.6
1649,OK,328,39,731,731,586.12,366.25,774.2,360.49,706.99,445.56
1650,OK,326,37,733,733,585.13,365.42,773.79,359.14,705.75,445.65
1651,OK,324,39,731,731,583.01,363.4,771.38,360.2,702.5,447.29
1652,OK,315,40,733,733,576.55,363.52,765.21,358.79,691.99,450.96
1653,OK,309,35,736,736,571.4,362.97,760.89,354.88,689.51,447.68
1654,OK,304,29,742,742,567.82,361.21,758.78,352.91,687.13,443.03
1655,OK,300,24,748,748,565.96,362.16,758.43,353.03,686.76,439.79
1656,OK,307,35,737,737,568.66,361.93,758.38,353.02,686.89,448.89
1657,OK,310,38,733,733,570.8,363.83,759.53,355.92,687.31,448.55
1658,OK,308,35,738,738,571.32,364.09,761.17,355.53,689.57,448.23
1659,OK,308,30,742,742,571.83,363.71,762.71,354.59,690.86,443.38
1660,OK,306,26,744,744,571.5,362.55,763.01,353.57,690.53,439.71
1661,OK,308,29,744,744,573.04,363.81,764.6,356.02,691.69,443.09
1662,OK,308,32,740,740,571.88,364.48,762.23,355.52,690.37,444.56
1663,OK,309,32,741,741,572.3,364.61,762.85,355.17,691.02,446.06
1664,OK,309,33,740,740,572.55,365.73,762.95,357.03,691.37,446.23
1665,OK,308,34,740,740,571.92,365.24,762.29,356.02,690.17,447.44
1666,OK,310,36,738,738,572.54,366.95,762.3,356.97,690.95,449.67
1667,OK,311,34,738,738,574.45,364.42,764.33,356.94,692.22,446.66
1668,OK,314,37,733,733,575.97,363.52,764.6,358.24,690.98,446.9
1669,OK,316,42,730,730,576.14,365.56,763.93,359.02,692.09,451.78
1670,OK,317,42,731,731,577.19,364.28,765.45,360.03,693.87,451.96
1671,OK,319,43,730,730,579.15,365.37,767.17,360.02,696.74,453.98
1672,OK,317,35,741,741,579.03,365.16,769.74,360.39,700.34,448.82
1673,OK,319,40,736,736,578.81,367.6,768.32,360.06,700.51,453.85
1674,OK,320,42,734,734,580.45,365.84,769.39,362.52,699.52,454.47
1675,OK,318,39,736,736,580.01,364.22,769.49,362.06,698.92,451.37
1676,OK,319,38,736,736,581.41,362.94,771.01,362.98,699.05,450.69
1677,OK,318,38,738,738,580.86,364.1,770.93,361.73,699.54,451.77
1678,OK,319,37,736,736,581.66,363.19,771.13,362.04,699.57,448.97
1679,OK,320,39,734,734,581.77,363.07,770.78,362.53,699.1,449.41
1680,OK,318,36,739,739,579.93,362.7,770.25,360.07,698.94,448.74
1681,OK,320,41,733,733,581.07,362.22,769.77,360.96,696.59,452.93
1682,OK,322,42,729,729,581.43,361.45,769.22,360.62,697.26,451.64
1683,OK,319,41,731,731,579.6,361.68,767.81,359.89,695.56,452.81
1684,OK,320,41,728,728,579.58,362.31,767.12,358.23,696.39,450.21
1685,OK,320,41,729,729,578.97,363.77,766.75,358.5,696.79,450.5
1686,OK,318,40,730,730,578.7,362.37,766.66,358.15,694.63,449.83
1687,OK,318,39,731,731,577.87,361.82,766.16,356.96,694.43,450.59
1688,OK,320,39,731,731,579.22,361.92,767.42,358.46,696.71,449.74
1689,OK,316,34,737,737,578.56,360.96,768.38,357.67,696.1,446.11
1690,OK,322,42,734,734,581.99,369.37,770.9,363.06,703.08,452.33
1691,OK,323,42,734,734,581.91,370.6,770.89,363.26,704.02,452.39
1692,OK,324,44,730,730,582.49,368.94,770.55,363.3,703.33,452.69
1693,OK,324,43,732,732,582.1,367.96,770.51,362.53,704.46,453.66
1694,OK,322,40,733,733,580.74,365.08,769.41,360.11,701.03,451.25
1695,OK,321,40,735,735,581.07,364.62,770.36,359.36,701.78,452.28
1696,OK,323,44,733,733,582.14,366.55,770.8,361.54,701.97,456.13
1697,OK,323,42,733,733,582.62,366.39,771.39,361.89,702.55,453.51
1698,OK,321,40,737,737,582.21,366.13,772.02,361.96,702.66,453.81
1699,OK,318,39,742,742,580.98,368.17,771.95,362.69,701.92,455.87
1700,OK,320,37,741,741,581.14,367.68,772.01,362.77,703.97,449.72
1701,OK,320,39,738,738,581.74,366.98,771.66,362.27,703.29,451.79
1702,OK,318,37,743,743,580.53,367.49,771.75,361.6,702.52,451.93
1703,OK,318,39,740,740,580.91,367.84,771.47,361.69,701.69,453.67
1704,OK,321,40,739,739,581.78,368.58,772.02,361.91,703.63,453.56
1705,OK,323,43,735,735,582.72,368.89,771.99,362.55,704.42,455.53
1706,OK,317,38,742,742,580.51,368.71,771.37,361.49,701.65,453.94
1707,OK,318,39,740,740,580.43,368.1,770.89,360.68,702.04,454.62
1708,OK,318,39,741,741,580.79,368.18,771.52,361.89,701.81,453.25
1709,OK,322,43,734,734,581.89,368.46,770.84,361.75,703.51,455.86
1710,OK,321,43,736,736,581.88,367.65,771.4,362.87,703.1,457.18
1711,OK,321,38,734,734,581.53,363.67,770.65,358.9,701.16,450.56
1712,OK,325,40,731,731,583.66,363.78,771.89,359.71,702.94,449.86
1713,OK,321,35,740,740,583.0,363.99,773.54,359.67,704.21,449.38
1714,OK,318,36,741,741,581.8,364.1,772.69,362.44,700.58,450.72
1715,OK,312,17,762,762,579.81,358.43,775.9,353.66,709.1,440.24
1716,OK,317,8,770,770,584.75,357.24,783.15,355.64,720.88,429.91
1717,OK,297,-18,787,787,573.0,348.63,775.2,335.23,707.68,408.08
1718,OK,312,-12,761,761,577.88,338.8,773.8,333.34,709.99,400.49
1719,OK,307,-23,773,773,579.15,335.77,778.09,329.83,707.54,394.04
1720,OK,307,-18,765,765,575.53,338.7,772.36,332.07,704.45,393.45
1721,OK,307,-15,758,758,576.05,335.25,771.37,331.35,700.0,395.84
1722,OK,300,-15,766,766,572.0,338.26,769.26,336.56,696.17,399.56
1723,OK,298,-14,778,778,574.37,340.58,774.81,337.21,699.61,411.17
1724,OK,303,-8,769,769,575.73,342.33,773.76,338.19,700.87,413.24
1725,OK,305,-10,772,772,579.22,340.73,778.1,339.08,705.19,413.04
1726,OK,307,-9,769,769,578.69,342.2,776.7,337.36,704.94,410.51
1727,OK,308,-7,766,766,578.65,344.99,775.74,339.3,705.35,410.02
1728,OK,310,-8,763,763,578.17,345.01,774.6,336.86,706.81,406.1
1729,OK,302,-9,783,783,577.92,348.1,779.44,342.42,707.88,419.31
1730,OK,302,-6,782,782,577.52,350.7,778.96,346.76,709.39,421.47
1731,OK,313,2,765,765,581.74,350.0,778.57,343.24,710.24,422.25
1732,OK,311,-11,780,780,583.88,350.96,784.58,343.41,719.53,411.34
1733,OK,287,-23,792,792,565.63,350.42,768.37,328.63,700.61,407.69
1734,OK,284,-22,795,795,563.6,350.89,767.4,330.73,696.55,410.29
1735,OK,288,-17,788,788,566.48,350.66,769.22,339.63,697.29,409.92
1736,OK,281,-24,809,809,566.48,351.09,774.41,338.31,701.48,416.12
1737,OK,286,-18,794,794,566.02,348.24,769.98,334.53,698.83,416.74
1738,OK,287,-12,789,789,564.92,352.52,767.78,339.24,696.71,419.78
1739,OK,304,4,772,772,574.03,356.16,772.55,343.82,707.07,431.2
1740,OK,320,25,756,756,580.01,367.42,773.5,346.78,719.4,450.79
1741,OK,319,19,765,765,582.42,365.37,778.76,349.66,721.95,444.88
1742,OK,318,10,765,765,582.96,361.49,779.6,348.58,719.99,429.51
1743,OK,304,-3,773,773,574.07,355.77,772.67,340.61,707.44,418.38
1744,OK,290,-13,780,780,562.85,350.09,763.35,337.03,696.91,410.71
1745,OK,280,-20,792,792,558.24,349.15,761.58,333.57,693.52,410.82
1746,OK,276,-38,798,798,555.82,340.18,760.87,326.0,692.86,389.38
1747,OK,282,-34,782,782,556.7,338.93,757.55,325.2,689.58,383.91
1748,OK,282,-27,783,783,558.61,339.42,759.98,329.56,687.74,395.29
1749,OK,281,-27,787,787,558.81,340.57,761.27,332.9,688.92,395.9
1750,OK,288,-13,776,776,561.56,348.26,761.18,336.44,691.13,408.68
1751,OK,287,-13,780,780,562.44,349.88,763.01,336.41,692.97,411.61
1752,OK,293,-14,771,771,563.86,347.45,762.16,334.83,694.21,402.37
1753,OK,296,-11,769,769,565.64,348.7,763.23,334.98,696.24,405.41
1754,OK,294,-12,770,770,564.26,348.46,762.3,336.04,695.36,405.24
1755,OK,289,-7,776,776,562.96,353.1,762.35,339.01,692.78,417.41
1756,OK,284,-14,792,792,563.07,354.79,766.43,337.51,697.15,417.98
1757,OK,289,-18,792,792,566.98,349.56,770.67,336.59,702.38,414.85
1758,OK,299,0,771,771,570.05,352.7,768.41,345.39,700.41,422.43
1759,OK,297,-2,776,776,568.94,351.07,768.61,345.61,701.89,424.4
1760,OK,294,1,772,772,566.7,345.65,765.58,348.56,694.48,427.72
1761,OK,300,2,756,756,568.22,337.84,762.69,349.55,691.71,417.45
1762,OK,298,12,760,760,569.53,342.99,764.85,354.05,689.79,435.66
1763,OK,301,14,758,758,572.23,344.4,767.01,356.79,692.14,437.27
1764,OK,311,47,751,751,572.54,374.34,765.99,368.98,704.12,473.05
1765,OK,312,53,755,755,573.33,380.62,767.42,370.4,707.66,484.54
1766,OK,326,61,742,742,581.45,383.32,772.4,376.99,717.45,483.96
1767,OK,314,52,776,776,582.76,386.98,782.6,381.42,722.86,496.21
1768,OK,340,69,745,745,594.24,389.52,785.87,396.92,735.73,490.49
1769,OK,332,58,746,746,588.54,380.87,780.74,383.2,726.23,480.86
1770,OK,321,44,742,742,582.2,363.89,772.97,375.53,706.58,461.13
1771,OK,310,29,753,753,576.51,354.26,770.01,365.69,700.16,451.03
1772,OK,317,22,753,753,583.68,349.2,777.0,365.55,706.11,439.26
1773,OK,321,16,747,747,583.66,344.43,775.64,357.78,709.07,427.32
1774,OK,299,-5,774,774,574.57,340.3,773.74,349.19,699.01,421.25
1775,OK,295,-11,764,764,567.7,333.43,764.31,342.76,688.97,404.64
1776,OK,291,-16,765,765,561.69,332.25,758.81,333.83,686.3,400.7
1777,OK,286,-17,776,776,560.84,342.02,760.79,343.05,689.09,400.13
1778,OK,286,-25,776,776,560.37,334.58,760.3,335.5,688.09,391.9
1779,OK,313,-8,753,753,575.8,334.74,769.69,338.22,706.92,401.15
1780,OK,326,-5,751,751,585.3,336.39,778.72,343.56,720.87,401.77
1781,OK,339,3,731,731,590.57,332.85,778.93,336.73,724.72,402.31
1782,OK,345,-3,723,723,592.33,326.88,778.47,333.24,728.43,387.22
1783,OK,324,-10,734,734,579.11,328.73,768.06,328.42,709.29,385.91
1784,OK,296,-22,763,763,565.37,329.62,761.86,327.58,691.31,390.29
1785,OK,289,-20,761,761,558.3,331.68,754.39,328.74,683.39,391.59
1786,OK,289,-17,760,760,559.14,332.93,754.95,328.33,681.81,396.63
1787,OK,298,-16,762,762,567.61,331.1,763.99,331.55,692.76,399.35
1788,OK,291,-28,784,784,568.02,331.3,769.97,334.03,698.97,395.9
1789,OK,295,-21,765,765,564.91,331.04,761.9,329.63,692.52,392.96
1790,OK,289,-31,785,785,565.1,334.01,767.23,339.05,697.55,386.26
1791,OK,309,-17,751,751,569.0,330.0,762.47,330.94,702.55,387.31
1792,OK,274,-37,787,787,552.41,327.71,755.07,329.94,680.55,384.35
1793,OK,266,-41,800,800,552.2,320.3,757.89,333.23,678.73,392.92
1794,OK,277,-29,776,776,553.13,319.46,752.51,333.69,678.92,392.09
1795,OK,287,-30,765,765,558.88,312.98,755.17,331.19,682.22,382.43
1796,OK,275,-44,780,780,555.04,310.22,755.42,323.42,674.92,376.34
1797,OK,264,-47,808,808,551.86,323.85,759.98,328.3,681.9,388.07
1798,OK,288,-30,783,783,564.5,322.75,765.99,330.26,694.74,396.3
1799,OK,292,-34,768,768,562.81,323.64,760.59,324.97,690.75,377.47
