window_start_ms,window_end_ms,mean_hrv,mean_gsr,stress_label,anchor_frame,has_synthetic_scar,subject_id
0,1000,53.94178721667583,3.076697245666156,0,/data/bp4d/F001/frame_000480.png,1,F001
500,1500,57.22696607885384,2.178812295129494,0,/data/bp4d/F001/frame_001000.png,0,F001
1000,2000,59.6412910870282,2.197185496457939,0,/data/bp4d/F001/frame_001480.png,0,F001
1500,2500,60.17696910847638,2.1730702698464146,0,/data/bp4d/F001/frame_002001.png,0,F001
2000,3000,60.55884122830333,2.1734533146735773,0,/data/bp4d/F001/frame_002481.png,1,F001
2500,3500,60.62054320881819,2.1757485127811518,0,/data/bp4d/F001/frame_003002.png,0,F001
3000,4000,59.94876291660473,2.0185050016590913,0,/data/bp4d/F001/frame_003482.png,0,F001
3500,4500,59.73461697206492,2.0207691391680225,0,/data/bp4d/F001/frame_004002.png,0,F001
4000,5000,60.71910096680662,1.8965835439067251,0,/data/bp4d/F001/frame_004482.png,0,F001
4500,5500,60.5807828454242,1.7800046356359054,0,/data/bp4d/F001/frame_005003.png,0,F001
5000,6000,59.922014070269036,1.8731430086346736,0,/data/bp4d/F001/frame_005483.png,0,F001
5500,6500,60.1976661066253,2.05781741020192,0,/data/bp4d/F001/frame_006004.png,0,F001
6000,7000,60.16921590979951,2.0715962187059405,0,/data/bp4d/F001/frame_006484.png,0,F001
6500,7500,59.844664881762384,2.0500997647661414,0,/data/bp4d/F001/frame_007004.png,0,F001
7000,8000,55.65697520231905,2.509107416447729,0,/data/bp4d/F001/frame_007484.png,1,F001
7500,8500,49.74921487198553,3.615780190158698,1,/data/bp4d/F001/frame_008005.png,1,F001
8000,9000,47.2699906641121,4.382494289748748,1,/data/bp4d/F001/frame_008485.png,0,F001
8500,9500,46.119428724807356,4.862986284699438,1,/data/bp4d/F001/frame_009006.png,1,F001
9000,10000,45.71142214297196,5.0242759611347605,1,/data/bp4d/F001/frame_009486.png,1,F001
9500,10500,47.01611560610236,5.037735863734591,1,/data/bp4d/F001/frame_010006.png,0,F001
10000,11000,46.24707421511465,5.168005693266109,1,/data/bp4d/F001/frame_010486.png,1,F001
10500,11500,45.24633698124805,5.003105104790664,1,/data/bp4d/F001/frame_011007.png,1,F001
11000,12000,47.28178603335364,4.990695926579831,1,/data/bp4d/F001/frame_011487.png,0,F001
11500,12500,46.47342079514975,4.9301022459209,1,/data/bp4d/F001/frame_012008.png,1,F001
12000,13000,45.02102976172627,4.9579153593330725,1,/data/bp4d/F001/frame_012488.png,1,F001
12500,13500,46.337665259571914,5.109595186451282,1,/data/bp4d/F001/frame_013008.png,1,F001
13000,14000,46.91029400272561,4.96136323136313,1,/data/bp4d/F001/frame_013488.png,1,F001
13500,14500,45.80881744203411,4.854671789197903,1,/data/bp4d/F001/frame_014009.png,1,F001
14000,15000,45.01722397160766,4.810419012029518,1,/data/bp4d/F001/frame_014489.png,1,F001
14500,15500,44.22426530999632,4.888826873056485,1,/data/bp4d/F001/frame_015010.png,1,F001
15000,16000,44.58401308995487,4.927926035322009,1,/data/bp4d/F001/frame_015490.png,1,F001
15500,16500,48.18575741701632,4.257886555139994,1,/data/bp4d/F001/frame_016010.png,1,F001
16000,17000,47.47489167799862,4.351943963472048,1,/data/bp4d/F001/frame_016490.png,1,F001
16500,17500,48.66298320483903,4.10147938950935,1,/data/bp4d/F001/frame_017011.png,1,F001
17000,18000,52.566736339962326,3.355670957886499,0,/data/bp4d/F001/frame_017491.png,0,F001
17500,18500,56.649557293712384,2.712913421176736,0,/data/bp4d/F001/frame_018012.png,0,F001
18000,19000,54.51114134368274,3.276506874647211,0,/data/bp4d/F001/frame_018492.png,0,F001
18500,19500,46.75260539367984,4.8213994794989325,1,/data/bp4d/F001/frame_019012.png,1,F001
19000,20000,46.64391277560293,4.842140043040981,1,/data/bp4d/F001/frame_019492.png,1,F001
19500,20500,45.96306641057159,4.748361443432711,1,/data/bp4d/F001/frame_020013.png,0,F001
20000,21000,45.185244045475486,4.824409227839981,1,/data/bp4d/F001/frame_020493.png,1,F001
20500,21500,45.65398139962608,4.979225012554321,1,/data/bp4d/F001/frame_021014.png,1,F001
21000,22000,46.176905289861594,5.0617566048816505,1,/data/bp4d/F001/frame_021494.png,1,F001
21500,22500,46.14719739710021,5.1310589294199636,1,/data/bp4d/F001/frame_022014.png,1,F001
22000,23000,45.79448824056914,5.056938063935603,1,/data/bp4d/F001/frame_022494.png,0,F001
22500,23500,45.763425632778144,5.037869996888685,1,/data/bp4d/F001/frame_023015.png,0,F001
23000,24000,45.59542684644066,5.12315395492498,1,/data/bp4d/F001/frame_023495.png,1,F001
23500,24500,49.77200880430207,4.372236438265605,1,/data/bp4d/F001/frame_024016.png,1,F001
24000,25000,51.752387909845396,3.590528290334589,1,/data/bp4d/F001/frame_024496.png,0,F001
24500,25500,54.489570788203494,2.6893897165014016,0,/data/bp4d/F001/frame_025016.png,1,F001
25000,26000,58.731213507092164,2.048646426671792,0,/data/bp4d/F001/frame_025496.png,0,F001
25500,26500,58.81653612906387,2.0786972221434454,0,/data/bp4d/F001/frame_026017.png,0,F001
26000,27000,59.68703419825622,2.0892428671823224,0,/data/bp4d/F001/frame_026497.png,0,F001
26500,27500,59.58421587372031,2.119973870821808,0,/data/bp4d/F001/frame_027018.png,1,F001
27000,28000,60.08461734108612,1.9787033067454214,0,/data/bp4d/F001/frame_027498.png,0,F001
27500,28500,60.532952804677045,1.8494356100535176,0,/data/bp4d/F001/frame_028018.png,0,F001
28000,29000,59.86885713453554,1.9790149741699752,0,/data/bp4d/F001/frame_028498.png,0,F001
28500,29500,60.24933710126362,2.061707839937281,0,/data/bp4d/F001/frame_029019.png,0,F001
29000,30000,59.81152902623384,2.0662342940686327,0,/data/bp4d/F001/frame_029499.png,0,F001
29500,30500,59.633719585650134,2.0309323238191244,0,/data/bp4d/F001/frame_030020.png,1,F001
30000,31000,59.67663506266425,2.234953017764438,0,/data/bp4d/F001/frame_030500.png,0,F001
30500,31500,58.75561639893285,2.5143784078763267,0,/data/bp4d/F001/frame_030980.png,0,F001
31000,32000,53.98171230346358,3.211012200397499,0,/data/bp4d/F001/frame_031501.png,0,F001
31500,32500,47.86410647689957,4.46284508923419,1,/data/bp4d/F001/frame_031981.png,1,F001
32000,33000,45.25447027859237,4.9309434714206555,1,/data/bp4d/F001/frame_032501.png,1,F001
32500,33500,46.47570913215987,4.9180210887757765,1,/data/bp4d/F001/frame_032981.png,1,F001
33000,34000,45.356496947660496,5.005130012359343,1,/data/bp4d/F001/frame_033502.png,1,F001
33500,34500,42.88241992833117,4.926717192904866,1,/data/bp4d/F001/frame_033982.png,1,F001
34000,35000,44.174136237978075,4.998459446839622,1,/data/bp4d/F001/frame_034503.png,1,F001
34500,35500,49.5041642901517,4.304309906342042,1,/data/bp4d/F001/frame_034983.png,1,F001
35000,36000,56.43497256194275,2.675383833004395,0,/data/bp4d/F001/frame_035503.png,1,F001
35500,36500,60.03281606569686,2.029879949541014,0,/data/bp4d/F001/frame_035983.png,1,F001
36000,37000,59.91083981383314,2.066834249134164,0,/data/bp4d/F001/frame_036504.png,0,F001
36500,37500,59.55208762680143,2.045394715906501,0,/data/bp4d/F001/frame_036984.png,0,F001
37000,38000,59.85100239844039,2.040336787724675,0,/data/bp4d/F001/frame_037505.png,1,F001
37500,38500,59.23366982581492,2.0347903184259626,0,/data/bp4d/F001/frame_037985.png,0,F001
38000,39000,60.16071627267358,1.9850468528335323,0,/data/bp4d/F001/frame_038505.png,0,F001
38500,39500,60.33851594362816,1.898512576676225,0,/data/bp4d/F001/frame_038985.png,1,F001
39000,40000,59.42030054159599,1.9842132265946715,0,/data/bp4d/F001/frame_039506.png,0,F001
39500,40500,59.76926210121565,2.098045542102241,0,/data/bp4d/F001/frame_039986.png,0,F001
40000,41000,59.50821061396263,2.203335789566742,0,/data/bp4d/F001/frame_040507.png,1,F001
40500,41500,52.12156610527631,3.7174211471088046,1,/data/bp4d/F001/frame_040987.png,1,F001
41000,42000,45.28566466136921,5.198456208019468,1,/data/bp4d/F001/frame_041507.png,1,F001
41500,42500,45.374308658545885,5.14958196551635,1,/data/bp4d/F001/frame_041987.png,1,F001
42000,43000,44.78730350361207,4.954996410451343,1,/data/bp4d/F001/frame_042508.png,1,F001
42500,43500,49.40160802325824,3.9204278932251317,1,/data/bp4d/F001/frame_042988.png,1,F001
43000,44000,48.89806527485504,4.058102856077431,1,/data/bp4d/F001/frame_043509.png,1,F001
43500,44500,44.437790137240555,5.038584559938556,1,/data/bp4d/F001/frame_043989.png,0,F001
44000,45000,44.176863926927226,4.8243774200209355,1,/data/bp4d/F001/frame_044509.png,1,F001
44500,45500,44.82281495584194,4.795663614725997,1,/data/bp4d/F001/frame_044989.png,1,F001
45000,46000,47.26888162151768,4.867643017701431,1,/data/bp4d/F001/frame_045510.png,1,F001
45500,46500,47.098379074286846,4.734001362945049,1,/data/bp4d/F001/frame_045990.png,1,F001
46000,47000,45.91654034898247,4.858331990065818,1,/data/bp4d/F001/frame_046511.png,1,F001
46500,47500,45.30686167841658,5.025559614526174,1,/data/bp4d/F001/frame_046991.png,0,F001
47000,48000,45.06722280529767,4.952473150260138,1,/data/bp4d/F001/frame_047511.png,0,F001
47500,48500,44.119532774565904,4.903673315897628,1,/data/bp4d/F001/frame_047991.png,1,F001
48000,49000,44.0160829403291,4.886674920365108,1,/data/bp4d/F001/frame_048512.png,1,F001
48500,49500,43.48616886876445,4.895230815779077,1,/data/bp4d/F001/frame_048992.png,1,F001
49000,50000,43.55034472903093,5.0472116716092605,1,/data/bp4d/F001/frame_049513.png,1,F001
49500,50500,45.779123140581234,5.068562041562654,1,/data/bp4d/F001/frame_049993.png,1,F001
50000,51000,45.67235618190703,5.051487414512841,1,/data/bp4d/F001/frame_050513.png,1,F001
50500,51500,50.48953823788784,3.932212869291065,1,/data/bp4d/F001/frame_050993.png,0,F001
51000,52000,58.08511918322672,2.3585511978508635,0,/data/bp4d/F001/frame_051514.png,0,F001
51500,52500,60.71317170110332,2.0608662043520347,0,/data/bp4d/F001/frame_051994.png,0,F001
52000,53000,61.246012971564554,2.193757669427595,0,/data/bp4d/F001/frame_052515.png,0,F001
52500,53500,59.85646331986036,1.9860106156607213,0,/data/bp4d/F001/frame_052995.png,0,F001
53000,54000,59.82260729907872,1.7777714535285596,0,/data/bp4d/F001/frame_053515.png,0,F001
53500,54500,60.505387468796414,1.8968906329980688,0,/data/bp4d/F001/frame_053995.png,0,F001
54000,55000,60.12981860099586,1.9493865441594531,0,/data/bp4d/F001/frame_054516.png,0,F001
54500,55500,59.71492480799809,2.027086870085719,0,/data/bp4d/F001/frame_054996.png,0,F001
55000,56000,59.80453026879026,2.128755679778033,0,/data/bp4d/F001/frame_055517.png,0,F001
55500,56500,56.11857606099257,2.680304105269733,0,/data/bp4d/F001/frame_055997.png,0,F001
56000,57000,50.1309041967718,4.058492718219445,1,/data/bp4d/F001/frame_056517.png,1,F001
56500,57500,48.2932257321287,4.492586819669988,1,/data/bp4d/F001/frame_056997.png,1,F001
57000,58000,52.43381169808276,3.265564890442945,0,/data/bp4d/F001/frame_057518.png,0,F001
57500,58500,51.54355914479658,3.6372883961672158,1,/data/bp4d/F001/frame_057998.png,1,F001
58000,59000,46.70349232574583,5.029777752765184,1,/data/bp4d/F001/frame_058519.png,1,F001
58500,59500,45.921108526173846,5.083709459471017,1,/data/bp4d/F001/frame_058999.png,1,F001
0,1000,47.35757568679198,4.22845106539446,1,/data/bp4d/F002/frame_000480.png,0,F002
500,1500,47.13445586329075,4.380683420013943,1,/data/bp4d/F002/frame_001000.png,1,F002
1000,2000,54.66240551550286,3.0352803439547076,0,/data/bp4d/F002/frame_001480.png,0,F002
1500,2500,60.270458440953874,2.2095594972171972,0,/data/bp4d/F002/frame_002001.png,0,F002
2000,3000,60.63830474307266,2.0561727535718033,0,/data/bp4d/F002/frame_002481.png,0,F002
2500,3500,60.31414083327608,1.9731599094159042,0,/data/bp4d/F002/frame_003002.png,0,F002
3000,4000,59.67372724945511,2.228743754488579,0,/data/bp4d/F002/frame_003482.png,1,F002
3500,4500,58.88957136682704,2.183580881338136,0,/data/bp4d/F002/frame_004002.png,0,F002
4000,5000,60.180758010514324,1.9177491920447316,0,/data/bp4d/F002/frame_004482.png,0,F002
4500,5500,61.63999213355433,1.8994445029826357,0,/data/bp4d/F002/frame_005003.png,0,F002
5000,6000,60.80575611638493,2.011987420483575,0,/data/bp4d/F002/frame_005483.png,0,F002
5500,6500,59.0335277791662,2.120261588118391,0,/data/bp4d/F002/frame_006004.png,1,F002
6000,7000,59.84931783622784,2.013916646891051,0,/data/bp4d/F002/frame_006484.png,0,F002
6500,7500,60.826768125478566,1.929308309012788,0,/data/bp4d/F002/frame_007004.png,0,F002
7000,8000,52.869250775005376,3.3702339534831003,0,/data/bp4d/F002/frame_007484.png,0,F002
7500,8500,44.93723739802948,4.920188863725873,1,/data/bp4d/F002/frame_008005.png,1,F002
8000,9000,45.377446643288025,4.957866552788737,1,/data/bp4d/F002/frame_008485.png,1,F002
8500,9500,45.77118069071962,4.950420952565622,1,/data/bp4d/F002/frame_009006.png,1,F002
9000,10000,44.37087477629731,4.8911154974352025,1,/data/bp4d/F002/frame_009486.png,1,F002
9500,10500,45.38907672009136,4.9879614468209885,1,/data/bp4d/F002/frame_010006.png,1,F002
10000,11000,48.781378611879376,4.316414382263301,1,/data/bp4d/F002/frame_010486.png,1,F002
10500,11500,47.18561983645866,4.289406612534936,1,/data/bp4d/F002/frame_011007.png,1,F002
11000,12000,44.718182820310666,5.074841879639786,1,/data/bp4d/F002/frame_011487.png,0,F002
11500,12500,44.00692455961926,4.994263706872228,1,/data/bp4d/F002/frame_012008.png,1,F002
12000,13000,47.282940136044914,4.4098971243884515,1,/data/bp4d/F002/frame_012488.png,0,F002
12500,13500,49.47279680923622,3.879609773325781,1,/data/bp4d/F002/frame_013008.png,1,F002
13000,14000,52.80487599725663,3.163426327008267,0,/data/bp4d/F002/frame_013488.png,1,F002
13500,14500,56.42562404249927,2.7387419968588613,0,/data/bp4d/F002/frame_014009.png,0,F002
14000,15000,49.83820593530429,4.090539462864714,1,/data/bp4d/F002/frame_014489.png,1,F002
14500,15500,45.41045820686222,4.963729945894198,1,/data/bp4d/F002/frame_015010.png,1,F002
15000,16000,45.59956990441015,4.800516257069143,1,/data/bp4d/F002/frame_015490.png,1,F002
15500,16500,44.46750890547619,4.9180187177707015,1,/data/bp4d/F002/frame_016010.png,1,F002
16000,17000,43.92243069665349,5.138358646351929,1,/data/bp4d/F002/frame_016490.png,1,F002
16500,17500,47.35627600639262,4.35074773140096,1,/data/bp4d/F002/frame_017011.png,0,F002
17000,18000,47.307372002225875,4.08786621121648,1,/data/bp4d/F002/frame_017491.png,1,F002
17500,18500,43.63730748541214,4.894655993134597,1,/data/bp4d/F002/frame_018012.png,1,F002
18000,19000,42.82469775829734,5.09508620768807,1,/data/bp4d/F002/frame_018492.png,1,F002
18500,19500,43.49369548777846,5.05590493486694,1,/data/bp4d/F002/frame_019012.png,1,F002
19000,20000,50.71521825812847,3.718638067014236,1,/data/bp4d/F002/frame_019492.png,1,F002
19500,20500,58.87695265787695,2.0975998808510976,0,/data/bp4d/F002/frame_020013.png,0,F002
20000,21000,60.07281330151324,1.860011796902448,0,/data/bp4d/F002/frame_020493.png,0,F002
20500,21500,59.71180519137427,2.0227095668873045,0,/data/bp4d/F002/frame_021014.png,0,F002
21000,22000,60.627118832812315,1.974072381352247,0,/data/bp4d/F002/frame_021494.png,1,F002
21500,22500,61.71533930791016,1.915052297450396,0,/data/bp4d/F002/frame_022014.png,0,F002
22000,23000,61.598628067768516,2.041173878912545,0,/data/bp4d/F002/frame_022494.png,1,F002
22500,23500,60.23978359508491,1.975733954136254,0,/data/bp4d/F002/frame_023015.png,0,F002
23000,24000,58.2356431736081,2.176719993528336,0,/data/bp4d/F002/frame_023495.png,0,F002
23500,24500,54.15439258547384,3.2506421343983862,0,/data/bp4d/F002/frame_024016.png,0,F002
24000,25000,47.56421035309872,4.379994301697826,1,/data/bp4d/F002/frame_024496.png,1,F002
24500,25500,45.46847893407074,4.990910935450948,1,/data/bp4d/F002/frame_025016.png,1,F002
25000,26000,47.77163040405757,5.076506500352958,1,/data/bp4d/F002/frame_025496.png,1,F002
25500,26500,46.32929827787746,4.861589867923984,1,/data/bp4d/F002/frame_026017.png,1,F002
26000,27000,45.201370953775,4.900382201525857,1,/data/bp4d/F002/frame_026497.png,1,F002
26500,27500,45.086418744770036,4.985201662577236,1,/data/bp4d/F002/frame_027018.png,0,F002
27000,28000,44.357141463276264,4.830926112473208,1,/data/bp4d/F002/frame_027498.png,1,F002
27500,28500,48.37567496076453,4.296775175629536,1,/data/bp4d/F002/frame_028018.png,1,F002
28000,29000,55.51373993636864,2.9849752162141594,0,/data/bp4d/F002/frame_028498.png,0,F002
28500,29500,59.62313526142703,1.9819815222264867,0,/data/bp4d/F002/frame_029019.png,0,F002
29000,30000,59.33024369027936,2.0478997211706997,0,/data/bp4d/F002/frame_029499.png,0,F002
29500,30500,59.02814560888576,1.89411254582189,0,/data/bp4d/F002/frame_030020.png,0,F002
30000,31000,60.79500436510152,1.864406519740194,0,/data/bp4d/F002/frame_030500.png,0,F002
30500,31500,60.17729286920435,2.0849303078888806,0,/data/bp4d/F002/frame_030980.png,1,F002
31000,32000,58.50223794061673,2.0751734800051924,0,/data/bp4d/F002/frame_031501.png,0,F002
31500,32500,60.025710351120885,1.9717277554964552,0,/data/bp4d/F002/frame_031981.png,0,F002
32000,33000,59.81016865915643,2.0562231932151267,0,/data/bp4d/F002/frame_032501.png,0,F002
32500,33500,60.0855337919407,2.190403906443627,0,/data/bp4d/F002/frame_032981.png,0,F002
33000,34000,60.34338726933889,2.1108759447468572,0,/data/bp4d/F002/frame_033502.png,0,F002
33500,34500,60.08323499446803,2.1234509013402563,0,/data/bp4d/F002/frame_033982.png,0,F002
34000,35000,60.50859649841439,2.1619355889110157,0,/data/bp4d/F002/frame_034503.png,0,F002
34500,35500,59.724620694155476,1.9304218941884779,0,/data/bp4d/F002/frame_034983.png,0,F002
35000,36000,60.115086712037694,1.9041603802941398,0,/data/bp4d/F002/frame_035503.png,0,F002
35500,36500,56.27346198761133,3.023381203976003,0,/data/bp4d/F002/frame_035983.png,0,F002
36000,37000,48.020756974078374,4.533656392792036,1,/data/bp4d/F002/frame_036504.png,1,F002
36500,37500,44.827643857666835,5.048226754337433,1,/data/bp4d/F002/frame_036984.png,1,F002
37000,38000,45.58728011174152,4.801675169486392,1,/data/bp4d/F002/frame_037505.png,1,F002
37500,38500,45.68264024124716,4.915838929646675,1,/data/bp4d/F002/frame_037985.png,1,F002
38000,39000,45.07458373121969,5.178785424188199,1,/data/bp4d/F002/frame_038505.png,0,F002
38500,39500,44.189737888832276,4.87260661744647,1,/data/bp4d/F002/frame_038985.png,0,F002
39000,40000,44.19204152369685,4.913070471767373,1,/data/bp4d/F002/frame_039506.png,1,F002
39500,40500,45.29304635710238,5.064091630099437,1,/data/bp4d/F002/frame_039986.png,1,F002
40000,41000,43.54302880447592,5.0629416805671745,1,/data/bp4d/F002/frame_040507.png,1,F002
40500,41500,46.17307265372431,4.3406000359619865,1,/data/bp4d/F002/frame_040987.png,1,F002
41000,42000,49.64458437195662,3.775899917212106,1,/data/bp4d/F002/frame_041507.png,1,F002
41500,42500,45.88218586578358,4.52847251440478,1,/data/bp4d/F002/frame_041987.png,1,F002
42000,43000,44.162902405316096,5.054492367011285,1,/data/bp4d/F002/frame_042508.png,1,F002
42500,43500,45.63520653411388,5.133445859760392,1,/data/bp4d/F002/frame_042988.png,1,F002
43000,44000,45.89738199358464,5.2472105892603675,1,/data/bp4d/F002/frame_043509.png,1,F002
43500,44500,45.5432941675196,4.947539920962136,1,/data/bp4d/F002/frame_043989.png,1,F002
44000,45000,47.236365624224916,4.519334162402797,1,/data/bp4d/F002/frame_044509.png,1,F002
44500,45500,46.179094143717904,4.6049590451169395,1,/data/bp4d/F002/frame_044989.png,1,F002
45000,46000,44.77821325242692,4.864308507156048,1,/data/bp4d/F002/frame_045510.png,1,F002
45500,46500,46.27479848076154,4.969702661006255,1,/data/bp4d/F002/frame_045990.png,1,F002
46000,47000,45.27065792639914,4.977645815192337,1,/data/bp4d/F002/frame_046511.png,1,F002
46500,47500,44.269855578101755,5.001407410475838,1,/data/bp4d/F002/frame_046991.png,1,F002
47000,48000,49.50756185838323,3.8922611395065743,1,/data/bp4d/F002/frame_047511.png,1,F002
47500,48500,51.5782939057206,3.4854212653900483,1,/data/bp4d/F002/frame_047991.png,1,F002
48000,49000,53.20346244465791,3.0523785719914627,0,/data/bp4d/F002/frame_048512.png,0,F002
48500,49500,59.02829743571325,1.9699237723481875,0,/data/bp4d/F002/frame_048992.png,0,F002
49000,50000,56.39202727161025,2.7279883676056693,0,/data/bp4d/F002/frame_049513.png,0,F002
49500,50500,50.86285570633776,3.9229881151728923,1,/data/bp4d/F002/frame_049993.png,1,F002
50000,51000,48.537888563032304,4.268556181323233,1,/data/bp4d/F002/frame_050513.png,1,F002
50500,51500,53.42336867698266,3.128630825307561,0,/data/bp4d/F002/frame_050993.png,0,F002
51000,52000,59.73172653643364,1.9697445661609039,0,/data/bp4d/F002/frame_051514.png,0,F002
51500,52500,60.686102035432725,1.9258385269741332,0,/data/bp4d/F002/frame_051994.png,0,F002
52000,53000,56.44051470066486,2.940922068308958,0,/data/bp4d/F002/frame_052515.png,0,F002
52500,53500,47.966572377278425,4.241725343456025,1,/data/bp4d/F002/frame_052995.png,1,F002
53000,54000,47.868465028142744,4.155087790684758,1,/data/bp4d/F002/frame_053515.png,1,F002
53500,54500,55.990835696820774,2.865862833737872,0,/data/bp4d/F002/frame_053995.png,0,F002
54000,55000,58.649303160967186,2.2919880816852785,0,/data/bp4d/F002/frame_054516.png,0,F002
54500,55500,58.630436584162844,2.483953565845921,0,/data/bp4d/F002/frame_054996.png,0,F002
55000,56000,58.89733852246152,2.2946895817758755,0,/data/bp4d/F002/frame_055517.png,1,F002
55500,56500,58.354481872203685,2.098885606762718,0,/data/bp4d/F002/frame_055997.png,0,F002
56000,57000,58.62042118043955,2.03317099149554,0,/data/bp4d/F002/frame_056517.png,1,F002
56500,57500,59.70592382317217,2.012718552446062,0,/data/bp4d/F002/frame_056997.png,0,F002
57000,58000,61.590794907747366,2.0389892907479266,0,/data/bp4d/F002/frame_057518.png,0,F002
57500,58500,59.92819211950473,1.9767118442016636,0,/data/bp4d/F002/frame_057998.png,0,F002
58000,59000,58.51082099075426,1.9728248508906443,0,/data/bp4d/F002/frame_058519.png,0,F002
58500,59500,59.36455780098615,2.138584016068499,0,/data/bp4d/F002/frame_058999.png,0,F002
0,1000,57.878145340363524,2.422634670752238,0,/data/bp4d/F003/frame_000480.png,1,F003
500,1500,57.557545027701714,2.441236195743386,0,/data/bp4d/F003/frame_001000.png,1,F003
1000,2000,54.65707374548422,3.0200702129843524,0,/data/bp4d/F003/frame_001480.png,0,F003
1500,2500,48.377077199193735,4.245902986661422,1,/data/bp4d/F003/frame_002001.png,1,F003
2000,3000,44.22148157895026,4.97289788016433,1,/data/bp4d/F003/frame_002481.png,1,F003
2500,3500,43.600968717344095,5.0161569023817645,1,/data/bp4d/F003/frame_003002.png,0,F003
3000,4000,44.14068496297895,5.143004005246229,1,/data/bp4d/F003/frame_003482.png,1,F003
3500,4500,45.49779106847707,5.039431176085654,1,/data/bp4d/F003/frame_004002.png,1,F003
4000,5000,45.05945098801633,4.832289897105158,1,/data/bp4d/F003/frame_004482.png,1,F003
4500,5500,44.95686547357682,4.825101115329911,1,/data/bp4d/F003/frame_005003.png,1,F003
5000,6000,44.37670038014147,4.996792377766397,1,/data/bp4d/F003/frame_005483.png,1,F003
5500,6500,46.17412618698623,4.625862680890434,1,/data/bp4d/F003/frame_006004.png,1,F003
6000,7000,50.870601720055305,4.012369926845035,1,/data/bp4d/F003/frame_006484.png,1,F003
6500,7500,56.87085655171127,2.79746965475792,0,/data/bp4d/F003/frame_007004.png,0,F003
7000,8000,60.07247596511476,1.8755224996934248,0,/data/bp4d/F003/frame_007484.png,0,F003
7500,8500,60.03436342792942,1.8581600008431054,0,/data/bp4d/F003/frame_008005.png,0,F003
8000,9000,57.13830032868128,2.7664395011280236,0,/data/bp4d/F003/frame_008485.png,0,F003
8500,9500,49.53183307306608,4.353987572778919,1,/data/bp4d/F003/frame_009006.png,1,F003
9000,10000,44.89212853289034,4.7646313579016555,1,/data/bp4d/F003/frame_009486.png,1,F003
9500,10500,44.242564785520386,4.824722284022851,1,/data/bp4d/F003/frame_010006.png,0,F003
10000,11000,44.76259621751984,5.010822536291365,1,/data/bp4d/F003/frame_010486.png,1,F003
10500,11500,45.53910851370331,5.006178865233514,1,/data/bp4d/F003/frame_011007.png,0,F003
11000,12000,44.808963564388904,4.992327934613365,1,/data/bp4d/F003/frame_011487.png,0,F003
11500,12500,43.8771371633956,4.928522884670804,1,/data/bp4d/F003/frame_012008.png,1,F003
12000,13000,44.57768892487743,5.123868549700323,1,/data/bp4d/F003/frame_012488.png,1,F003
12500,13500,45.93697828770597,5.104205278877308,1,/data/bp4d/F003/frame_013008.png,1,F003
13000,14000,45.73581426820553,4.920388857429151,1,/data/bp4d/F003/frame_013488.png,1,F003
13500,14500,45.37493283212761,5.125251913856032,1,/data/bp4d/F003/frame_014009.png,1,F003
14000,15000,44.26070572395916,5.162383186087187,1,/data/bp4d/F003/frame_014489.png,1,F003
14500,15500,44.10670488846926,5.031250768461815,1,/data/bp4d/F003/frame_015010.png,1,F003
15000,16000,45.54930098449193,5.0535759875896,1,/data/bp4d/F003/frame_015490.png,1,F003
15500,16500,44.664061849419305,5.070943675389381,1,/data/bp4d/F003/frame_016010.png,1,F003
16000,17000,43.96217541182038,4.906429407914799,1,/data/bp4d/F003/frame_016490.png,0,F003
16500,17500,44.81513439180871,4.946343381166837,1,/data/bp4d/F003/frame_017011.png,1,F003
17000,18000,43.84568995004668,5.23592242805733,1,/data/bp4d/F003/frame_017491.png,0,F003
17500,18500,42.4225333649539,5.198204853324237,1,/data/bp4d/F003/frame_018012.png,1,F003
18000,19000,43.13544827295777,5.09104471473895,1,/data/bp4d/F003/frame_018492.png,1,F003
18500,19500,44.67204641284417,5.008637278497,1,/data/bp4d/F003/frame_019012.png,0,F003
19000,20000,46.89739546182811,4.770870701422316,1,/data/bp4d/F003/frame_019492.png,0,F003
19500,20500,50.09105964013819,4.194841889433187,1,/data/bp4d/F003/frame_020013.png,1,F003
20000,21000,56.06901464590392,3.0078607792759158,0,/data/bp4d/F003/frame_020493.png,0,F003
20500,21500,59.80096436264366,2.037405725021371,0,/data/bp4d/F003/frame_021014.png,0,F003
21000,22000,58.82405189559065,2.039545702740044,0,/data/bp4d/F003/frame_021494.png,0,F003
21500,22500,59.85499761562125,2.065133327729588,0,/data/bp4d/F003/frame_022014.png,0,F003
22000,23000,60.29644184053768,2.035791243504687,0,/data/bp4d/F003/frame_022494.png,1,F003
22500,23500,60.66910844897967,1.996562239397929,0,/data/bp4d/F003/frame_023015.png,0,F003
23000,24000,61.61850647083216,1.828814047164278,0,/data/bp4d/F003/frame_023495.png,0,F003
23500,24500,59.78242721774832,1.9647027935254144,0,/data/bp4d/F003/frame_024016.png,0,F003
24000,25000,59.51853246164813,2.023677994585218,0,/data/bp4d/F003/frame_024496.png,1,F003
24500,25500,61.33311296906742,2.0099587326202544,0,/data/bp4d/F003/frame_025016.png,1,F003
25000,26000,61.20010277733035,2.0080072273362806,0,/data/bp4d/F003/frame_025496.png,0,F003
25500,26500,59.94873720220364,1.9298456148938172,0,/data/bp4d/F003/frame_026017.png,0,F003
26000,27000,59.42347572112906,1.9920691718769468,0,/data/bp4d/F003/frame_026497.png,0,F003
26500,27500,59.137801167880795,1.9901234929259508,0,/data/bp4d/F003/frame_027018.png,0,F003
27000,28000,60.16344397487946,1.9412927109973126,0,/data/bp4d/F003/frame_027498.png,0,F003
27500,28500,60.99573215993287,1.8862298952670762,0,/data/bp4d/F003/frame_028018.png,1,F003
28000,29000,60.273290662557436,1.889638392567699,0,/data/bp4d/F003/frame_028498.png,1,F003
28500,29500,60.54870013809841,1.9398217744122512,0,/data/bp4d/F003/frame_029019.png,0,F003
29000,30000,59.87328460499761,2.1635838783084065,0,/data/bp4d/F003/frame_029499.png,0,F003
29500,30500,51.48702194672328,3.8000145383580546,1,/data/bp4d/F003/frame_030020.png,1,F003
30000,31000,44.9536218816547,4.989147895431423,1,/data/bp4d/F003/frame_030500.png,1,F003
30500,31500,45.1867089795693,4.76444023880988,1,/data/bp4d/F003/frame_030980.png,1,F003
31000,32000,45.119703713313356,4.7934624752546116,1,/data/bp4d/F003/frame_031501.png,1,F003
31500,32500,44.07274557601231,4.947886569827275,1,/data/bp4d/F003/frame_031981.png,1,F003
32000,33000,44.18399153232804,4.983944298302905,1,/data/bp4d/F003/frame_032501.png,1,F003
32500,33500,45.03794220039237,4.979398710770857,1,/data/bp4d/F003/frame_032981.png,1,F003
33000,34000,44.29175523593927,5.096684732161367,1,/data/bp4d/F003/frame_033502.png,1,F003
33500,34500,44.15064310999761,5.1007662549959925,1,/data/bp4d/F003/frame_033982.png,1,F003
34000,35000,45.45074968097097,4.7412623742779205,1,/data/bp4d/F003/frame_034503.png,1,F003
34500,35500,48.53275652150207,4.281467858767376,1,/data/bp4d/F003/frame_034983.png,1,F003
35000,36000,54.59153028301873,3.0580218050785173,0,/data/bp4d/F003/frame_035503.png,0,F003
35500,36500,59.917088435850204,2.0619781900859673,0,/data/bp4d/F003/frame_035983.png,0,F003
36000,37000,60.31423575721535,2.036953165999303,0,/data/bp4d/F003/frame_036504.png,0,F003
36500,37500,60.07176229629788,2.043035189620862,0,/data/bp4d/F003/frame_036984.png,1,F003
37000,38000,61.307303757417095,2.087136088295136,0,/data/bp4d/F003/frame_037505.png,0,F003
37500,38500,60.80951528169707,2.0997168310638874,0,/data/bp4d/F003/frame_037985.png,0,F003
38000,39000,59.58425917963623,1.9578539839533453,0,/data/bp4d/F003/frame_038505.png,0,F003
38500,39500,59.87006483350888,1.9829278190327642,0,/data/bp4d/F003/frame_038985.png,0,F003
39000,40000,59.462241149104926,1.9549052063271264,0,/data/bp4d/F003/frame_039506.png,1,F003
39500,40500,59.87330957814525,1.9080738924901754,0,/data/bp4d/F003/frame_039986.png,1,F003
40000,41000,60.41669793053519,2.0759971206870294,0,/data/bp4d/F003/frame_040507.png,1,F003
40500,41500,59.2286480638638,2.075030365154475,0,/data/bp4d/F003/frame_040987.png,0,F003
41000,42000,57.105059306735605,2.0018912045629573,0,/data/bp4d/F003/frame_041507.png,0,F003
41500,42500,57.440307175387716,2.1202116538492186,0,/data/bp4d/F003/frame_041987.png,0,F003
42000,43000,54.12088896118903,3.0992819719559908,0,/data/bp4d/F003/frame_042508.png,0,F003
42500,43500,48.968942825345856,4.311961755019815,1,/data/bp4d/F003/frame_042988.png,1,F003
43000,44000,47.21804505199752,4.961954670266509,1,/data/bp4d/F003/frame_043509.png,0,F003
43500,44500,44.70764653977566,5.054920133628236,1,/data/bp4d/F003/frame_043989.png,0,F003
44000,45000,45.018077094078286,5.002336389762534,1,/data/bp4d/F003/frame_044509.png,1,F003
44500,45500,45.459084612628615,5.025909708249423,1,/data/bp4d/F003/frame_044989.png,1,F003
45000,46000,44.794177174161156,4.896101968070788,1,/data/bp4d/F003/frame_045510.png,1,F003
45500,46500,44.37503711962362,4.883251644590584,1,/data/bp4d/F003/frame_045990.png,1,F003
46000,47000,43.57480676929471,4.94537085245158,1,/data/bp4d/F003/frame_046511.png,1,F003
46500,47500,44.46739391585792,4.981138665809728,1,/data/bp4d/F003/frame_046991.png,0,F003
47000,48000,51.182843427365384,3.8211954562769144,1,/data/bp4d/F003/frame_047511.png,1,F003
47500,48500,57.939901902001374,2.3799352075371716,0,/data/bp4d/F003/frame_047991.png,0,F003
48000,49000,58.39755053142312,1.9844460053022348,0,/data/bp4d/F003/frame_048512.png,0,F003
48500,49500,58.32912213685095,1.9072139117090605,0,/data/bp4d/F003/frame_048992.png,0,F003
49000,50000,57.088288561734416,2.317722668180862,0,/data/bp4d/F003/frame_049513.png,1,F003
49500,50500,56.52528244989698,2.421482507832256,0,/data/bp4d/F003/frame_049993.png,0,F003
50000,51000,53.327524149182025,3.108095395595246,0,/data/bp4d/F003/frame_050513.png,1,F003
50500,51500,47.16932965367525,4.558084035597989,1,/data/bp4d/F003/frame_050993.png,1,F003
51000,52000,46.55077044726107,4.815612279688554,1,/data/bp4d/F003/frame_051514.png,1,F003
51500,52500,46.93009903168118,4.773613658528471,1,/data/bp4d/F003/frame_051994.png,1,F003
52000,53000,45.87642785755249,4.94686420179589,1,/data/bp4d/F003/frame_052515.png,1,F003
52500,53500,45.01895404905542,4.950966075579443,1,/data/bp4d/F003/frame_052995.png,1,F003
53000,54000,44.64231704456106,5.02467765063073,1,/data/bp4d/F003/frame_053515.png,1,F003
53500,54500,45.0318366379046,4.889155504929164,1,/data/bp4d/F003/frame_053995.png,1,F003
54000,55000,48.08928267395003,4.236579356350073,1,/data/bp4d/F003/frame_054516.png,1,F003
54500,55500,54.783715844576435,2.7916409160813793,0,/data/bp4d/F003/frame_054996.png,1,F003
55000,56000,58.31063457891554,2.22453748355356,0,/data/bp4d/F003/frame_055517.png,1,F003
55500,56500,58.41268952629438,2.407354626752951,0,/data/bp4d/F003/frame_055997.png,0,F003
56000,57000,58.813697484722,2.137065499567936,0,/data/bp4d/F003/frame_056517.png,1,F003
56500,57500,59.991003578094826,2.126858551128041,0,/data/bp4d/F003/frame_056997.png,0,F003
57000,58000,60.83383954132178,2.0483325640522643,0,/data/bp4d/F003/frame_057518.png,0,F003
57500,58500,59.764413227778306,2.0481117925634265,0,/data/bp4d/F003/frame_057998.png,0,F003
58000,59000,59.58665984745186,2.196772839638754,0,/data/bp4d/F003/frame_058519.png,1,F003
58500,59500,60.03084978690084,2.0408773079402356,0,/data/bp4d/F003/frame_058999.png,0,F003
0,1000,59.4150450765269,2.257292668823324,0,/data/bp4d/F004/frame_000480.png,1,F004
500,1500,57.56032305631308,2.678596072086608,0,/data/bp4d/F004/frame_001000.png,0,F004
1000,2000,56.88068328451621,2.6404045634467654,0,/data/bp4d/F004/frame_001480.png,0,F004
1500,2500,57.58927128092696,2.4193026550146457,0,/data/bp4d/F004/frame_002001.png,0,F004
2000,3000,50.41955533183582,3.6110200109890145,1,/data/bp4d/F004/frame_002481.png,1,F004
2500,3500,46.522917745350966,4.285449057454652,1,/data/bp4d/F004/frame_003002.png,1,F004
3000,4000,50.34752812311055,3.7401644274034225,1,/data/bp4d/F004/frame_003482.png,1,F004
3500,4500,54.44533714288381,3.0334367837097047,0,/data/bp4d/F004/frame_004002.png,0,F004
4000,5000,51.13579359756172,3.6481119414423033,1,/data/bp4d/F004/frame_004482.png,1,F004
4500,5500,44.52505209178728,4.964640552183716,1,/data/bp4d/F004/frame_005003.png,1,F004
5000,6000,44.18069133581858,5.08072457766001,1,/data/bp4d/F004/frame_005483.png,1,F004
5500,6500,46.345692407560165,4.58142051094932,1,/data/bp4d/F004/frame_006004.png,1,F004
6000,7000,48.86687485103643,4.213568980787078,1,/data/bp4d/F004/frame_006484.png,1,F004
6500,7500,55.10655087157892,3.4202373379566966,0,/data/bp4d/F004/frame_007004.png,0,F004
7000,8000,58.86023074793543,2.3682636220134516,0,/data/bp4d/F004/frame_007484.png,0,F004
7500,8500,59.013999154570676,1.9951422266616996,0,/data/bp4d/F004/frame_008005.png,1,F004
8000,9000,56.01522239787759,2.5085261388828837,0,/data/bp4d/F004/frame_008485.png,1,F004
8500,9500,50.78995623241506,3.972919124803772,1,/data/bp4d/F004/frame_009006.png,0,F004
9000,10000,50.83292328083787,4.212635458114563,1,/data/bp4d/F004/frame_009486.png,0,F004
9500,10500,56.67863863622613,2.79492019803192,0,/data/bp4d/F004/frame_010006.png,0,F004
10000,11000,61.695741134008614,2.0775090267810388,0,/data/bp4d/F004/frame_010486.png,1,F004
10500,11500,61.325985977150495,2.0488022290950814,0,/data/bp4d/F004/frame_011007.png,1,F004
11000,12000,59.85204370307676,1.9984584561176755,0,/data/bp4d/F004/frame_011487.png,0,F004
11500,12500,59.912171378064095,1.8767104736622724,0,/data/bp4d/F004/frame_012008.png,0,F004
12000,13000,59.66427567545332,1.8309846130351284,0,/data/bp4d/F004/frame_012488.png,0,F004
12500,13500,60.250815046373546,2.0323124072624483,0,/data/bp4d/F004/frame_013008.png,0,F004
13000,14000,59.14725819234823,2.1010620248977916,0,/data/bp4d/F004/frame_013488.png,0,F004
13500,14500,56.824706592629425,2.566284630854505,0,/data/bp4d/F004/frame_014009.png,0,F004
14000,15000,53.429074505728124,3.717791413263178,0,/data/bp4d/F004/frame_014489.png,0,F004
14500,15500,49.0887541830792,4.337362661126042,1,/data/bp4d/F004/frame_015010.png,1,F004
15000,16000,48.19326054078189,4.575999088124403,1,/data/bp4d/F004/frame_015490.png,1,F004
15500,16500,46.118787457792884,5.061158897567947,1,/data/bp4d/F004/frame_016010.png,0,F004
16000,17000,44.652911787589886,5.094528030320808,1,/data/bp4d/F004/frame_016490.png,1,F004
16500,17500,43.94480262688355,4.972933166996168,1,/data/bp4d/F004/frame_017011.png,0,F004
17000,18000,44.34052452352914,4.961314377911614,1,/data/bp4d/F004/frame_017491.png,1,F004
17500,18500,45.47558789056224,4.994700088589254,1,/data/bp4d/F004/frame_018012.png,1,F004
18000,19000,44.85170177577895,5.052300140739225,1,/data/bp4d/F004/frame_018492.png,1,F004
18500,19500,44.84429668564024,5.158499929562429,1,/data/bp4d/F004/frame_019012.png,1,F004
19000,20000,44.27862189462351,5.083290282713531,1,/data/bp4d/F004/frame_019492.png,1,F004
19500,20500,44.20649630816919,4.965146171860526,1,/data/bp4d/F004/frame_020013.png,1,F004
20000,21000,48.80153083812236,4.342929327924102,1,/data/bp4d/F004/frame_020493.png,1,F004
20500,21500,49.53312889107987,4.42082912135512,1,/data/bp4d/F004/frame_021014.png,1,F004
21000,22000,46.415594638618565,5.098905666982026,1,/data/bp4d/F004/frame_021494.png,1,F004
21500,22500,45.57448113926037,5.015040522278115,1,/data/bp4d/F004/frame_022014.png,1,F004
22000,23000,44.68000192548629,4.914215278475907,1,/data/bp4d/F004/frame_022494.png,1,F004
22500,23500,43.40049812313843,4.906311363794455,1,/data/bp4d/F004/frame_023015.png,1,F004
23000,24000,42.593421242482336,4.998098891219923,1,/data/bp4d/F004/frame_023495.png,1,F004
23500,24500,43.01513353435312,5.024262146626604,1,/data/bp4d/F004/frame_024016.png,0,F004
24000,25000,45.272788137654,5.102183197604768,1,/data/bp4d/F004/frame_024496.png,1,F004
24500,25500,47.7873939653659,5.168645025606221,1,/data/bp4d/F004/frame_025016.png,0,F004
25000,26000,46.45889456680328,5.084754749784564,1,/data/bp4d/F004/frame_025496.png,1,F004
25500,26500,45.62146347945789,5.036848955940758,1,/data/bp4d/F004/frame_026017.png,1,F004
26000,27000,44.79797128662669,5.015845218023016,1,/data/bp4d/F004/frame_026497.png,1,F004
26500,27500,44.53685065039892,4.883367229641009,1,/data/bp4d/F004/frame_027018.png,1,F004
27000,28000,45.862647859262886,4.8961684185053995,1,/data/bp4d/F004/frame_027498.png,1,F004
27500,28500,45.27672379675665,4.965252744866156,1,/data/bp4d/F004/frame_028018.png,1,F004
28000,29000,45.01215274517751,5.085635219180322,1,/data/bp4d/F004/frame_028498.png,1,F004
28500,29500,45.047520312380676,5.160718739146695,1,/data/bp4d/F004/frame_029019.png,1,F004
29000,30000,44.953057538563854,5.027848127602695,1,/data/bp4d/F004/frame_029499.png,0,F004
29500,30500,44.96791366037629,5.057798676503274,1,/data/bp4d/F004/frame_030020.png,1,F004
30000,31000,44.619079622536795,5.014119866895076,1,/data/bp4d/F004/frame_030500.png,0,F004
30500,31500,44.82151940495345,4.979315477033566,1,/data/bp4d/F004/frame_030980.png,1,F004
31000,32000,45.416047792219615,5.009803111981607,1,/data/bp4d/F004/frame_031501.png,1,F004
31500,32500,45.92953845747962,4.851118439991108,1,/data/bp4d/F004/frame_031981.png,1,F004
32000,33000,45.558369591321544,4.554673111563183,1,/data/bp4d/F004/frame_032501.png,1,F004
32500,33500,45.615157636741685,4.5385171222669305,1,/data/bp4d/F004/frame_032981.png,0,F004
33000,34000,46.44178667551124,4.8475477830497455,1,/data/bp4d/F004/frame_033502.png,1,F004
33500,34500,46.44907946663614,5.017383262734558,1,/data/bp4d/F004/frame_033982.png,1,F004
34000,35000,45.00919581734923,4.880574809430406,1,/data/bp4d/F004/frame_034503.png,0,F004
34500,35500,45.38083250268706,4.815813179087988,1,/data/bp4d/F004/frame_034983.png,1,F004
35000,36000,47.204459306172524,4.8631279110108885,1,/data/bp4d/F004/frame_035503.png,1,F004
35500,36500,45.359489110703315,4.93194424348453,1,/data/bp4d/F004/frame_035983.png,1,F004
36000,37000,43.98414065212097,5.154924622991104,1,/data/bp4d/F004/frame_036504.png,1,F004
36500,37500,44.863838145348716,5.051059409972791,1,/data/bp4d/F004/frame_036984.png,1,F004
37000,38000,45.77711947183715,4.8844674210771055,1,/data/bp4d/F004/frame_037505.png,1,F004
37500,38500,45.444716550185674,4.919169263728483,1,/data/bp4d/F004/frame_037985.png,1,F004
38000,39000,45.302577509124504,5.03880393675704,1,/data/bp4d/F004/frame_038505.png,1,F004
38500,39500,46.61227430540325,5.1293640243377645,1,/data/bp4d/F004/frame_038985.png,1,F004
39000,40000,45.53272318624386,5.078956612438852,1,/data/bp4d/F004/frame_039506.png,0,F004
39500,40500,45.853630554115426,5.120929001743504,1,/data/bp4d/F004/frame_039986.png,1,F004
40000,41000,45.73326484164531,5.113554669487245,1,/data/bp4d/F004/frame_040507.png,1,F004
40500,41500,45.46719678462189,5.11552170404937,1,/data/bp4d/F004/frame_040987.png,1,F004
41000,42000,45.924405761795086,5.036420379221948,1,/data/bp4d/F004/frame_041507.png,1,F004
41500,42500,43.48147108937653,4.870395770961554,1,/data/bp4d/F004/frame_041987.png,1,F004
42000,43000,43.58121701100766,4.9685567053626025,1,/data/bp4d/F004/frame_042508.png,1,F004
42500,43500,46.451754613573364,4.83616857712616,1,/data/bp4d/F004/frame_042988.png,1,F004
43000,44000,45.68329366318164,4.78675434180327,1,/data/bp4d/F004/frame_043509.png,0,F004
43500,44500,43.763818707525864,4.977587724930665,1,/data/bp4d/F004/frame_043989.png,1,F004
44000,45000,45.1841509713712,4.988482174994233,1,/data/bp4d/F004/frame_044509.png,1,F004
44500,45500,45.20519048217541,5.044266194503157,1,/data/bp4d/F004/frame_044989.png,1,F004
45000,46000,44.440250909353225,5.024248253100698,1,/data/bp4d/F004/frame_045510.png,1,F004
45500,46500,44.29971634874326,5.065757132968711,1,/data/bp4d/F004/frame_045990.png,1,F004
46000,47000,44.27673092926377,5.11030578644051,1,/data/bp4d/F004/frame_046511.png,1,F004
46500,47500,43.88649710936821,5.0242791884504365,1,/data/bp4d/F004/frame_046991.png,1,F004
47000,48000,44.12378984730575,4.925919150329048,1,/data/bp4d/F004/frame_047511.png,1,F004
47500,48500,44.94982622047648,4.971084510700923,1,/data/bp4d/F004/frame_047991.png,0,F004
48000,49000,46.81129353274318,5.097658090602354,1,/data/bp4d/F004/frame_048512.png,1,F004
48500,49500,47.66310305313775,4.999319016480135,1,/data/bp4d/F004/frame_048992.png,1,F004
49000,50000,53.435307061154944,3.3289857227738917,0,/data/bp4d/F004/frame_049513.png,0,F004
49500,50500,60.99821586189302,1.9805941775446865,0,/data/bp4d/F004/frame_049993.png,0,F004
50000,51000,60.781651966433785,2.087440191444177,0,/data/bp4d/F004/frame_050513.png,0,F004
50500,51500,60.72545039692551,1.9592057977368527,0,/data/bp4d/F004/frame_050993.png,0,F004
51000,52000,59.72986597713121,1.9592391146869708,0,/data/bp4d/F004/frame_051514.png,0,F004
51500,52500,58.742930234279264,2.0749454374089957,0,/data/bp4d/F004/frame_051994.png,0,F004
52000,53000,58.81496854290363,2.0884620794352706,0,/data/bp4d/F004/frame_052515.png,0,F004
52500,53500,51.932523827713624,3.415857344964104,0,/data/bp4d/F004/frame_052995.png,0,F004
53000,54000,44.16170707372624,5.021108535063897,1,/data/bp4d/F004/frame_053515.png,1,F004
53500,54500,44.15622441462557,5.064211268946704,1,/data/bp4d/F004/frame_053995.png,0,F004
54000,55000,43.51288698480366,5.046555060839434,1,/data/bp4d/F004/frame_054516.png,1,F004
54500,55500,42.771159191046245,5.066249497173685,1,/data/bp4d/F004/frame_054996.png,1,F004
55000,56000,44.74789077658245,4.9262790895110555,1,/data/bp4d/F004/frame_055517.png,0,F004
55500,56500,45.39950873341825,5.026131557945189,1,/data/bp4d/F004/frame_055997.png,1,F004
56000,57000,45.56787486867648,5.179884605307685,1,/data/bp4d/F004/frame_056517.png,1,F004
56500,57500,45.44528895755384,5.103434963050357,1,/data/bp4d/F004/frame_056997.png,1,F004
57000,58000,44.668986726655795,4.988952570576021,1,/data/bp4d/F004/frame_057518.png,1,F004
57500,58500,45.05503417815668,5.006594739997315,1,/data/bp4d/F004/frame_057998.png,0,F004
58000,59000,46.65452446227076,5.076239021185442,1,/data/bp4d/F004/frame_058519.png,1,F004
58500,59500,47.895921207845156,4.766918433686837,1,/data/bp4d/F004/frame_058999.png,0,F004
0,1000,50.88595478861749,3.9586911804354386,1,/data/bp4d/F005/frame_000480.png,1,F005
500,1500,48.77566328584872,4.100875046271373,1,/data/bp4d/F005/frame_001000.png,1,F005
1000,2000,51.2185418841114,3.8755016708271364,1,/data/bp4d/F005/frame_001480.png,1,F005
1500,2500,57.102558811862906,2.811175354419908,0,/data/bp4d/F005/frame_002001.png,0,F005
2000,3000,60.078380416658604,2.150430034721505,0,/data/bp4d/F005/frame_002481.png,1,F005
2500,3500,60.739519568522084,2.066014266956893,0,/data/bp4d/F005/frame_003002.png,0,F005
3000,4000,53.52871268883266,3.5144005842321633,0,/data/bp4d/F005/frame_003482.png,0,F005
3500,4500,49.42764837497091,4.467290182605738,1,/data/bp4d/F005/frame_004002.png,1,F005
4000,5000,55.30622718994598,3.023756857441476,0,/data/bp4d/F005/frame_004482.png,0,F005
4500,5500,58.56662175274973,2.0293834682770675,0,/data/bp4d/F005/frame_005003.png,0,F005
5000,6000,59.365240941900744,1.964655849850062,0,/data/bp4d/F005/frame_005483.png,1,F005
5500,6500,59.06548240230363,1.847325654037517,0,/data/bp4d/F005/frame_006004.png,1,F005
6000,7000,57.92092320256493,2.2897950736137336,0,/data/bp4d/F005/frame_006484.png,0,F005
6500,7500,50.77570724374527,3.9662752491151103,1,/data/bp4d/F005/frame_007004.png,1,F005
7000,8000,45.11790980764022,5.038242691232989,1,/data/bp4d/F005/frame_007484.png,1,F005
7500,8500,45.924331842929625,4.903135397604382,1,/data/bp4d/F005/frame_008005.png,1,F005
8000,9000,47.98560210996536,4.387580166988475,1,/data/bp4d/F005/frame_008485.png,1,F005
8500,9500,52.745701714677054,3.564701970069237,1,/data/bp4d/F005/frame_009006.png,1,F005
9000,10000,50.18091580233715,4.164564400569541,1,/data/bp4d/F005/frame_009486.png,1,F005
9500,10500,44.6280879751263,5.110240150496207,1,/data/bp4d/F005/frame_010006.png,1,F005
10000,11000,44.85668007840743,5.032297859022785,1,/data/bp4d/F005/frame_010486.png,1,F005
10500,11500,44.06439522434019,5.045911302528049,1,/data/bp4d/F005/frame_011007.png,0,F005
11000,12000,44.78903725121026,4.8202691886181785,1,/data/bp4d/F005/frame_011487.png,1,F005
11500,12500,45.839739671818386,4.7760675974636335,1,/data/bp4d/F005/frame_012008.png,0,F005
12000,13000,45.447717111305884,4.966093343655558,1,/data/bp4d/F005/frame_012488.png,1,F005
12500,13500,45.182493511415586,4.97480045650569,1,/data/bp4d/F005/frame_013008.png,1,F005
13000,14000,44.74293367927858,4.912932316848929,1,/data/bp4d/F005/frame_013488.png,1,F005
13500,14500,44.53421733656307,4.948555622439011,1,/data/bp4d/F005/frame_014009.png,1,F005
14000,15000,43.972906556152566,5.114877851296189,1,/data/bp4d/F005/frame_014489.png,1,F005
14500,15500,43.87875735869013,5.229681108554695,1,/data/bp4d/F005/frame_015010.png,1,F005
15000,16000,45.738346240346274,4.971977872286395,1,/data/bp4d/F005/frame_015490.png,1,F005
15500,16500,45.00873900019176,4.892541048240804,1,/data/bp4d/F005/frame_016010.png,1,F005
16000,17000,43.880379365145146,5.055857699180138,1,/data/bp4d/F005/frame_016490.png,1,F005
16500,17500,44.704693348384914,5.03526873553396,1,/data/bp4d/F005/frame_017011.png,0,F005
17000,18000,44.38592000866247,4.9464268275320125,1,/data/bp4d/F005/frame_017491.png,1,F005
17500,18500,45.046520955959934,4.930570860254918,1,/data/bp4d/F005/frame_018012.png,1,F005
18000,19000,49.13853249905064,4.218011727383944,1,/data/bp4d/F005/frame_018492.png,0,F005
18500,19500,55.334464184627834,2.6064767801301922,0,/data/bp4d/F005/frame_019012.png,0,F005
19000,20000,59.3277247241333,1.8282759522457568,0,/data/bp4d/F005/frame_019492.png,0,F005
19500,20500,60.07465454765334,1.9312083133448246,0,/data/bp4d/F005/frame_020013.png,0,F005
20000,21000,59.08995613452154,1.9661970367392976,0,/data/bp4d/F005/frame_020493.png,0,F005
20500,21500,60.02653263725755,1.840613766902655,0,/data/bp4d/F005/frame_021014.png,1,F005
21000,22000,61.710566640560955,2.028020237378878,0,/data/bp4d/F005/frame_021494.png,0,F005
21500,22500,61.52800668058596,2.0166262404770645,0,/data/bp4d/F005/frame_022014.png,0,F005
22000,23000,61.874059035855936,1.8744015746590406,0,/data/bp4d/F005/frame_022494.png,1,F005
22500,23500,57.00332296459886,2.616436738204686,0,/data/bp4d/F005/frame_023015.png,0,F005
23000,24000,49.536906114724395,4.055708614888506,1,/data/bp4d/F005/frame_023495.png,0,F005
23500,24500,45.89535500676169,4.9995177875988555,1,/data/bp4d/F005/frame_024016.png,1,F005
24000,25000,45.25073180374825,5.113857553420263,1,/data/bp4d/F005/frame_024496.png,1,F005
24500,25500,43.8536649821623,4.976098524635515,1,/data/bp4d/F005/frame_025016.png,1,F005
25000,26000,43.726876110847094,4.968501622882983,1,/data/bp4d/F005/frame_025496.png,0,F005
25500,26500,44.160555671037486,5.016652103254015,1,/data/bp4d/F005/frame_026017.png,1,F005
26000,27000,42.0987492946003,5.002132341309749,1,/data/bp4d/F005/frame_026497.png,0,F005
26500,27500,43.38183867367577,4.92534232830441,1,/data/bp4d/F005/frame_027018.png,1,F005
27000,28000,44.44027106406422,4.828730892043649,1,/data/bp4d/F005/frame_027498.png,1,F005
27500,28500,43.629503597244295,4.862352472161261,1,/data/bp4d/F005/frame_028018.png,1,F005
28000,29000,44.96017520051842,4.895482772943693,1,/data/bp4d/F005/frame_028498.png,1,F005
28500,29500,45.52157212812076,4.921346857759751,1,/data/bp4d/F005/frame_029019.png,1,F005
29000,30000,45.305647973915384,4.920583655904272,1,/data/bp4d/F005/frame_029499.png,0,F005
29500,30500,45.913935449410246,5.044372264836375,1,/data/bp4d/F005/frame_030020.png,1,F005
30000,31000,44.93656598757194,5.026240730120972,1,/data/bp4d/F005/frame_030500.png,1,F005
30500,31500,45.44542931532779,4.9465987764077015,1,/data/bp4d/F005/frame_030980.png,0,F005
31000,32000,46.465871925838464,4.998967200428524,1,/data/bp4d/F005/frame_031501.png,1,F005
31500,32500,46.15326794536629,5.046533310261854,1,/data/bp4d/F005/frame_031981.png,0,F005
32000,33000,45.96062772114699,5.006518757109702,1,/data/bp4d/F005/frame_032501.png,1,F005
32500,33500,44.957693077393735,4.9784521006487585,1,/data/bp4d/F005/frame_032981.png,1,F005
33000,34000,44.07210163821265,4.943218463343856,1,/data/bp4d/F005/frame_033502.png,1,F005
33500,34500,44.795882338010294,4.893413947694334,1,/data/bp4d/F005/frame_033982.png,1,F005
34000,35000,44.482453610868454,4.852811485652407,1,/data/bp4d/F005/frame_034503.png,1,F005
34500,35500,42.45935475366984,4.981633765309017,1,/data/bp4d/F005/frame_034983.png,0,F005
35000,36000,44.09222121167772,5.200933198649877,1,/data/bp4d/F005/frame_035503.png,1,F005
35500,36500,45.175482600365946,5.179551229592392,1,/data/bp4d/F005/frame_035983.png,1,F005
36000,37000,43.756418493455634,5.115385441654924,1,/data/bp4d/F005/frame_036504.png,0,F005
36500,37500,45.492788481045935,5.079338078881426,1,/data/bp4d/F005/frame_036984.png,1,F005
37000,38000,47.92212658401488,4.997407499037799,1,/data/bp4d/F005/frame_037505.png,0,F005
37500,38500,46.6764809567634,4.842215377464706,1,/data/bp4d/F005/frame_037985.png,1,F005
38000,39000,45.47661961975038,4.814759419202932,1,/data/bp4d/F005/frame_038505.png,1,F005
38500,39500,45.95723303945426,5.081118310827328,1,/data/bp4d/F005/frame_038985.png,1,F005
39000,40000,45.563633006980524,5.047308327913854,1,/data/bp4d/F005/frame_039506.png,1,F005
39500,40500,44.76333954604558,4.9078184504941955,1,/data/bp4d/F005/frame_039986.png,1,F005
40000,41000,44.80769185136878,4.99249813719852,1,/data/bp4d/F005/frame_040507.png,1,F005
40500,41500,49.46994083101523,4.226388179805147,1,/data/bp4d/F005/frame_040987.png,1,F005
41000,42000,56.74905255941749,2.551290888604309,0,/data/bp4d/F005/frame_041507.png,0,F005
41500,42500,59.59785456721131,1.7879118846080502,0,/data/bp4d/F005/frame_041987.png,1,F005
42000,43000,55.045383101245896,3.2156535783314966,0,/data/bp4d/F005/frame_042508.png,0,F005
42500,43500,47.892193242375825,4.6921242604543,1,/data/bp4d/F005/frame_042988.png,1,F005
43000,44000,45.02978602608303,4.987665916803874,1,/data/bp4d/F005/frame_043509.png,1,F005
43500,44500,44.69649748653186,5.033731161215897,1,/data/bp4d/F005/frame_043989.png,1,F005
44000,45000,45.656620352634675,4.889975904186758,1,/data/bp4d/F005/frame_044509.png,1,F005
44500,45500,46.43343272702313,4.883693794915575,1,/data/bp4d/F005/frame_044989.png,1,F005
45000,46000,46.05506415302662,4.890139429771128,1,/data/bp4d/F005/frame_045510.png,1,F005
45500,46500,44.688395888751636,4.91275445603147,1,/data/bp4d/F005/frame_045990.png,1,F005
46000,47000,43.50320210559569,4.942224269143754,1,/data/bp4d/F005/frame_046511.png,1,F005
46500,47500,44.61143373112775,4.9406782557399875,1,/data/bp4d/F005/frame_046991.png,0,F005
47000,48000,45.571529436594346,5.1148047466746265,1,/data/bp4d/F005/frame_047511.png,1,F005
47500,48500,45.72616088766486,5.144019475236296,1,/data/bp4d/F005/frame_047991.png,1,F005
48000,49000,45.89442094237229,5.028734340634097,1,/data/bp4d/F005/frame_048512.png,1,F005
48500,49500,44.39202728847645,5.086577469352407,1,/data/bp4d/F005/frame_048992.png,1,F005
49000,50000,44.95192055390817,5.115068149479742,1,/data/bp4d/F005/frame_049513.png,1,F005
49500,50500,45.084927632598394,5.062062708568804,1,/data/bp4d/F005/frame_049993.png,1,F005
50000,51000,44.803982374282086,5.04882161510182,1,/data/bp4d/F005/frame_050513.png,1,F005
50500,51500,45.33877908529335,5.078747101764794,1,/data/bp4d/F005/frame_050993.png,1,F005
51000,52000,45.5716375109657,4.9879072460578495,1,/data/bp4d/F005/frame_051514.png,1,F005
51500,52500,44.15409902588775,4.896145456947678,1,/data/bp4d/F005/frame_051994.png,1,F005
52000,53000,46.744437496772136,4.42730222687513,1,/data/bp4d/F005/frame_052515.png,1,F005
52500,53500,57.019504641520214,3.118207593326211,0,/data/bp4d/F005/frame_052995.png,0,F005
53000,54000,61.10550310876856,2.0609530531910267,0,/data/bp4d/F005/frame_053515.png,0,F005
53500,54500,59.636758394660454,2.010398698314439,0,/data/bp4d/F005/frame_053995.png,0,F005
54000,55000,60.4900754304488,2.051696457918533,0,/data/bp4d/F005/frame_054516.png,0,F005
54500,55500,58.10523687881182,2.6654602564661896,0,/data/bp4d/F005/frame_054996.png,0,F005
55000,56000,48.92872281358159,4.162656647139171,1,/data/bp4d/F005/frame_055517.png,1,F005
55500,56500,48.96605420119059,3.924331471204178,1,/data/bp4d/F005/frame_055997.png,1,F005
56000,57000,49.74692488762359,3.6974328768459754,1,/data/bp4d/F005/frame_056517.png,1,F005
56500,57500,45.80106057942986,4.8161600696637805,1,/data/bp4d/F005/frame_056997.png,1,F005
57000,58000,47.253566803845004,4.763857937090505,1,/data/bp4d/F005/frame_057518.png,1,F005
57500,58500,46.65751106791081,4.5216904554922195,1,/data/bp4d/F005/frame_057998.png,1,F005
58000,59000,45.66182204118828,4.8948979836034034,1,/data/bp4d/F005/frame_058519.png,1,F005
58500,59500,45.980751483830325,5.041202833610126,1,/data/bp4d/F005/frame_058999.png,1,F005
0,1000,56.9367334885254,2.632363121946574,0,/data/bp4d/F006/frame_000480.png,0,F006
500,1500,52.82357195067255,3.509798216352863,0,/data/bp4d/F006/frame_001000.png,0,F006
1000,2000,50.54719802356505,4.207349765654534,1,/data/bp4d/F006/frame_001480.png,1,F006
1500,2500,46.78399789980663,4.93938679661562,1,/data/bp4d/F006/frame_002001.png,1,F006
2000,3000,46.93242768684276,4.8945578536782275,1,/data/bp4d/F006/frame_002481.png,1,F006
2500,3500,45.964514519893484,4.925753023029327,1,/data/bp4d/F006/frame_003002.png,1,F006
3000,4000,44.012092846848844,5.039459937687068,1,/data/bp4d/F006/frame_003482.png,0,F006
3500,4500,43.94494130904309,5.138203009540255,1,/data/bp4d/F006/frame_004002.png,0,F006
4000,5000,43.94766957456812,5.160807249247302,1,/data/bp4d/F006/frame_004482.png,1,F006
4500,5500,43.52343149867686,5.157818144546394,1,/data/bp4d/F006/frame_005003.png,0,F006
5000,6000,42.648104636987945,5.056475615449487,1,/data/bp4d/F006/frame_005483.png,1,F006
5500,6500,42.3332047302281,5.106091039697413,1,/data/bp4d/F006/frame_006004.png,0,F006
6000,7000,44.712713481031805,5.063070258736188,1,/data/bp4d/F006/frame_006484.png,0,F006
6500,7500,50.82002305500593,3.851840450916864,1,/data/bp4d/F006/frame_007004.png,1,F006
7000,8000,57.024709158735206,2.4451176688191607,0,/data/bp4d/F006/frame_007484.png,0,F006
7500,8500,60.09592611682383,1.8031800719252056,0,/data/bp4d/F006/frame_008005.png,0,F006
8000,9000,59.654929284316246,1.8620545193604425,0,/data/bp4d/F006/frame_008485.png,1,F006
8500,9500,59.40213364103827,2.0586993795198687,0,/data/bp4d/F006/frame_009006.png,0,F006
9000,10000,59.462008767251646,2.074268859379009,0,/data/bp4d/F006/frame_009486.png,0,F006
9500,10500,60.128693242440406,1.8837786977957165,0,/data/bp4d/F006/frame_010006.png,0,F006
10000,11000,61.33058716260547,1.824644933953048,0,/data/bp4d/F006/frame_010486.png,0,F006
10500,11500,59.29223555713491,2.262453648172372,0,/data/bp4d/F006/frame_011007.png,0,F006
11000,12000,52.47723636747314,3.506591828279801,0,/data/bp4d/F006/frame_011487.png,0,F006
11500,12500,46.232916852587685,4.804005058984336,1,/data/bp4d/F006/frame_012008.png,1,F006
12000,13000,45.61342074669846,4.9410018116652745,1,/data/bp4d/F006/frame_012488.png,1,F006
12500,13500,46.01935237327102,4.901489846624985,1,/data/bp4d/F006/frame_013008.png,1,F006
13000,14000,46.23433567427798,4.978928783305864,1,/data/bp4d/F006/frame_013488.png,1,F006
13500,14500,46.42574720495997,4.87289734643889,1,/data/bp4d/F006/frame_014009.png,1,F006
14000,15000,46.47656732352824,4.892726506611483,1,/data/bp4d/F006/frame_014489.png,1,F006
14500,15500,45.7596747442191,5.124407382013987,1,/data/bp4d/F006/frame_015010.png,1,F006
15000,16000,44.602996528753955,5.053711830590993,1,/data/bp4d/F006/frame_015490.png,1,F006
15500,16500,44.199413934533005,4.893630906868431,1,/data/bp4d/F006/frame_016010.png,1,F006
16000,17000,44.68692810943191,4.952530644718137,1,/data/bp4d/F006/frame_016490.png,1,F006
16500,17500,44.019642548230834,4.934122238769468,1,/data/bp4d/F006/frame_017011.png,1,F006
17000,18000,44.84861374626178,4.9995342264477,1,/data/bp4d/F006/frame_017491.png,1,F006
17500,18500,45.4195734738445,5.050332138868159,1,/data/bp4d/F006/frame_018012.png,0,F006
18000,19000,45.58578254819245,4.932126766772496,1,/data/bp4d/F006/frame_018492.png,0,F006
18500,19500,46.2455753094819,4.956962319471382,1,/data/bp4d/F006/frame_019012.png,1,F006
19000,20000,47.099881036725066,4.327868526372208,1,/data/bp4d/F006/frame_019492.png,1,F006
19500,20500,48.1950325508746,4.072701405938889,1,/data/bp4d/F006/frame_020013.png,1,F006
20000,21000,46.18246181926821,4.745690541491024,1,/data/bp4d/F006/frame_020493.png,1,F006
20500,21500,43.72734594214295,5.084181906740596,1,/data/bp4d/F006/frame_021014.png,1,F006
21000,22000,47.171033198447596,4.416712350850579,1,/data/bp4d/F006/frame_021494.png,1,F006
21500,22500,56.147611756555804,2.8297031163330604,0,/data/bp4d/F006/frame_022014.png,0,F006
22000,23000,59.604053648228536,2.0676779980538047,0,/data/bp4d/F006/frame_022494.png,0,F006
22500,23500,60.037003779099365,2.0010408994636277,0,/data/bp4d/F006/frame_023015.png,1,F006
23000,24000,59.0414726823806,2.0572657610597536,0,/data/bp4d/F006/frame_023495.png,0,F006
23500,24500,58.45126426105223,1.990616294868437,0,/data/bp4d/F006/frame_024016.png,0,F006
24000,25000,59.75446138706303,1.7957469570062168,0,/data/bp4d/F006/frame_024496.png,1,F006
24500,25500,60.346709107395434,1.8036957695360578,0,/data/bp4d/F006/frame_025016.png,0,F006
25000,26000,60.8209911252081,1.916647501348256,0,/data/bp4d/F006/frame_025496.png,1,F006
25500,26500,60.18506959664364,1.9266541607890526,0,/data/bp4d/F006/frame_026017.png,0,F006
26000,27000,59.92383070006741,1.933741883787364,0,/data/bp4d/F006/frame_026497.png,0,F006
26500,27500,60.72810995292304,1.9549180247947413,0,/data/bp4d/F006/frame_027018.png,0,F006
27000,28000,60.5306966254951,1.9198167655390415,0,/data/bp4d/F006/frame_027498.png,0,F006
27500,28500,59.3235832896114,1.8981276490775167,0,/data/bp4d/F006/frame_028018.png,0,F006
28000,29000,58.9992793506949,1.9110372840148266,0,/data/bp4d/F006/frame_028498.png,0,F006
28500,29500,60.594078759707756,1.9707613918467484,0,/data/bp4d/F006/frame_029019.png,0,F006
29000,30000,60.082019203607096,2.0128117265105447,0,/data/bp4d/F006/frame_029499.png,0,F006
29500,30500,59.18394761505238,1.9905809465264435,0,/data/bp4d/F006/frame_030020.png,0,F006
30000,31000,61.09872700149103,2.056763087839852,0,/data/bp4d/F006/frame_030500.png,0,F006
30500,31500,55.391486651963184,3.0967973809382725,0,/data/bp4d/F006/frame_030980.png,0,F006
31000,32000,46.38139113998539,4.517733754545026,1,/data/bp4d/F006/frame_031501.png,0,F006
31500,32500,45.04970281712531,4.868197997068018,1,/data/bp4d/F006/frame_031981.png,1,F006
32000,33000,44.82774733378103,5.040942206700475,1,/data/bp4d/F006/frame_032501.png,0,F006
32500,33500,45.49230682622961,5.075177119035489,1,/data/bp4d/F006/frame_032981.png,1,F006
33000,34000,45.84180211415827,4.890384370035499,1,/data/bp4d/F006/frame_033502.png,1,F006
33500,34500,46.026307874979594,4.710617853912575,1,/data/bp4d/F006/frame_033982.png,1,F006
34000,35000,46.26647740553212,4.881538089630947,1,/data/bp4d/F006/frame_034503.png,1,F006
34500,35500,49.11270239616241,4.145095190710676,1,/data/bp4d/F006/frame_034983.png,1,F006
35000,36000,55.767811088626395,2.6533228763713326,0,/data/bp4d/F006/frame_035503.png,0,F006
35500,36500,59.506218369972636,2.4020550237894,0,/data/bp4d/F006/frame_035983.png,0,F006
36000,37000,61.74004768165638,2.3669462941881134,0,/data/bp4d/F006/frame_036504.png,0,F006
36500,37500,61.59171619025281,1.959260462555008,0,/data/bp4d/F006/frame_036984.png,0,F006
37000,38000,61.30307010323607,1.8526840107922422,0,/data/bp4d/F006/frame_037505.png,0,F006
37500,38500,61.41357190197379,2.3617404262566595,0,/data/bp4d/F006/frame_037985.png,0,F006
38000,39000,59.95269034620257,2.366162784930731,0,/data/bp4d/F006/frame_038505.png,0,F006
38500,39500,60.15852538432546,2.0003128436513524,0,/data/bp4d/F006/frame_038985.png,0,F006
39000,40000,61.35593444510689,1.9050834300379504,0,/data/bp4d/F006/frame_039506.png,0,F006
39500,40500,59.61878234295578,1.771972661428399,0,/data/bp4d/F006/frame_039986.png,0,F006
40000,41000,54.45483895676415,2.6434527179028633,0,/data/bp4d/F006/frame_040507.png,0,F006
40500,41500,54.54560881083481,2.757450529705072,0,/data/bp4d/F006/frame_040987.png,1,F006
41000,42000,58.292999969165585,1.9682512932191154,0,/data/bp4d/F006/frame_041507.png,0,F006
41500,42500,59.72086466663303,2.0597671202235763,0,/data/bp4d/F006/frame_041987.png,0,F006
42000,43000,60.27961440604022,2.0797854531512856,0,/data/bp4d/F006/frame_042508.png,0,F006
42500,43500,60.18253615289548,1.9944660000836132,0,/data/bp4d/F006/frame_042988.png,0,F006
43000,44000,59.81621761313012,1.9484845189521869,0,/data/bp4d/F006/frame_043509.png,1,F006
43500,44500,59.938360599186424,2.1038399647465953,0,/data/bp4d/F006/frame_043989.png,0,F006
44000,45000,60.83738631943893,2.1552361059384872,0,/data/bp4d/F006/frame_044509.png,0,F006
44500,45500,60.5859721970831,1.848621787448545,0,/data/bp4d/F006/frame_044989.png,1,F006
45000,46000,59.05975690991706,1.7792734407560993,0,/data/bp4d/F006/frame_045510.png,1,F006
45500,46500,59.00963561687373,1.9429505731827885,0,/data/bp4d/F006/frame_045990.png,0,F006
46000,47000,61.005293370384116,1.8999249705233558,0,/data/bp4d/F006/frame_046511.png,0,F006
46500,47500,60.505042103731846,1.8365147190656814,0,/data/bp4d/F006/frame_046991.png,0,F006
47000,48000,59.79072891914532,1.9349987885839997,0,/data/bp4d/F006/frame_047511.png,0,F006
47500,48500,59.47951341321117,2.0267947540222395,0,/data/bp4d/F006/frame_047991.png,0,F006
48000,49000,59.53954320919936,2.060353096793076,0,/data/bp4d/F006/frame_048512.png,0,F006
48500,49500,59.434754040151745,2.1307393456031987,0,/data/bp4d/F006/frame_048992.png,0,F006
49000,50000,58.400640029635,2.1073780247595097,0,/data/bp4d/F006/frame_049513.png,0,F006
49500,50500,58.917942447659534,2.0438618879456993,0,/data/bp4d/F006/frame_049993.png,1,F006
50000,51000,59.0289870865163,2.0486600080767468,0,/data/bp4d/F006/frame_050513.png,0,F006
50500,51500,58.23985238895209,1.9627422795042593,0,/data/bp4d/F006/frame_050993.png,1,F006
51000,52000,59.0853233407339,1.8869982600726087,0,/data/bp4d/F006/frame_051514.png,0,F006
51500,52500,61.58226120399946,1.9890082414720691,0,/data/bp4d/F006/frame_051994.png,0,F006
52000,53000,60.85944039646648,2.0690055616770278,0,/data/bp4d/F006/frame_052515.png,0,F006
52500,53500,60.1039644427493,1.8647205353637673,0,/data/bp4d/F006/frame_052995.png,0,F006
53000,54000,61.35519864365649,1.749105239178061,0,/data/bp4d/F006/frame_053515.png,0,F006
53500,54500,60.176420468317374,1.9478885085406912,0,/data/bp4d/F006/frame_053995.png,0,F006
54000,55000,58.53934225008951,2.0650357356129416,0,/data/bp4d/F006/frame_054516.png,0,F006
54500,55500,58.29358751222106,2.0508220667179,0,/data/bp4d/F006/frame_054996.png,0,F006
55000,56000,58.87846885295076,1.993249752587614,0,/data/bp4d/F006/frame_055517.png,0,F006
55500,56500,58.72898647028852,1.9937472686517135,0,/data/bp4d/F006/frame_055997.png,0,F006
56000,57000,58.71533157843215,2.020690436524023,0,/data/bp4d/F006/frame_056517.png,0,F006
56500,57500,59.82088818801244,1.9531707570444552,0,/data/bp4d/F006/frame_056997.png,1,F006
57000,58000,60.31905650502747,2.0049024447868473,0,/data/bp4d/F006/frame_057518.png,1,F006
57500,58500,59.95054400490497,2.0812975731917582,0,/data/bp4d/F006/frame_057998.png,0,F006
58000,59000,61.323586294895875,2.1134713954736752,0,/data/bp4d/F006/frame_058519.png,0,F006
58500,59500,62.37953271049297,2.1291869327338078,0,/data/bp4d/F006/frame_058999.png,0,F006
0,1000,54.3009462697527,2.4425190931592837,0,/data/bp4d/F007/frame_000480.png,0,F007
500,1500,57.471717519368354,2.168586231680353,0,/data/bp4d/F007/frame_001000.png,0,F007
1000,2000,61.47814300230928,1.95439009856957,0,/data/bp4d/F007/frame_001480.png,0,F007
1500,2500,62.11948293790373,1.9044535984311244,0,/data/bp4d/F007/frame_002001.png,0,F007
2000,3000,59.66980985119312,1.8938734827470025,0,/data/bp4d/F007/frame_002481.png,0,F007
2500,3500,59.65675711979339,2.009231169440758,0,/data/bp4d/F007/frame_003002.png,0,F007
3000,4000,60.48747628067914,1.9322197301692041,0,/data/bp4d/F007/frame_003482.png,0,F007
3500,4500,61.24371494373225,1.9608529160356045,0,/data/bp4d/F007/frame_004002.png,0,F007
4000,5000,60.14389514652629,2.0142174335566527,0,/data/bp4d/F007/frame_004482.png,0,F007
4500,5500,60.908727648697386,1.9387932709022269,0,/data/bp4d/F007/frame_005003.png,0,F007
5000,6000,60.91509311650192,1.9191479852558258,0,/data/bp4d/F007/frame_005483.png,1,F007
5500,6500,58.19255500927673,1.9636161802235024,0,/data/bp4d/F007/frame_006004.png,0,F007
6000,7000,59.17142757196267,2.294922158549626,0,/data/bp4d/F007/frame_006484.png,0,F007
6500,7500,56.45383646218213,2.7670690430741107,0,/data/bp4d/F007/frame_007004.png,0,F007
7000,8000,50.25093937891058,3.650873311474149,1,/data/bp4d/F007/frame_007484.png,1,F007
7500,8500,47.3191100141028,4.556967766575168,1,/data/bp4d/F007/frame_008005.png,1,F007
8000,9000,52.17285550917843,3.9317535655312907,1,/data/bp4d/F007/frame_008485.png,1,F007
8500,9500,58.1700770291291,2.623152257396187,0,/data/bp4d/F007/frame_009006.png,0,F007
9000,10000,53.05498015964398,2.844436527652123,0,/data/bp4d/F007/frame_009486.png,0,F007
9500,10500,43.956600311799704,4.211775452901827,1,/data/bp4d/F007/frame_010006.png,0,F007
10000,11000,45.0721377379694,4.594104231994616,1,/data/bp4d/F007/frame_010486.png,1,F007
10500,11500,54.31278106995586,3.4121155032305133,0,/data/bp4d/F007/frame_011007.png,0,F007
11000,12000,59.21789219288776,2.2774010209326163,0,/data/bp4d/F007/frame_011487.png,0,F007
11500,12500,59.44059168359488,2.0053757031521995,0,/data/bp4d/F007/frame_012008.png,0,F007
12000,13000,57.21037012443951,2.5064077528836486,0,/data/bp4d/F007/frame_012488.png,0,F007
12500,13500,51.18716187430694,3.7149713732329945,1,/data/bp4d/F007/frame_013008.png,1,F007
13000,14000,45.31516690162028,4.570602576749069,1,/data/bp4d/F007/frame_013488.png,1,F007
13500,14500,43.25666775225659,4.902797486226531,1,/data/bp4d/F007/frame_014009.png,1,F007
14000,15000,44.03005257010373,4.9403803892730345,1,/data/bp4d/F007/frame_014489.png,1,F007
14500,15500,43.97948685719816,4.790313512905855,1,/data/bp4d/F007/frame_015010.png,1,F007
15000,16000,43.87075043845766,4.799650759570641,1,/data/bp4d/F007/frame_015490.png,1,F007
15500,16500,45.34644827764226,5.074693762153076,1,/data/bp4d/F007/frame_016010.png,1,F007
16000,17000,46.273892459417695,5.023921207611916,1,/data/bp4d/F007/frame_016490.png,1,F007
16500,17500,44.97278845948231,4.861653295991765,1,/data/bp4d/F007/frame_017011.png,1,F007
17000,18000,43.21873764386731,4.895417480363835,1,/data/bp4d/F007/frame_017491.png,1,F007
17500,18500,47.895984322439354,4.055606950785412,1,/data/bp4d/F007/frame_018012.png,1,F007
18000,19000,57.47158077089044,2.6777989108658398,0,/data/bp4d/F007/frame_018492.png,0,F007
18500,19500,60.88543960926373,1.9279868097757549,0,/data/bp4d/F007/frame_019012.png,1,F007
19000,20000,55.54824796393255,2.7116471056741944,0,/data/bp4d/F007/frame_019492.png,1,F007
19500,20500,48.01997039783594,4.369014796105185,1,/data/bp4d/F007/frame_020013.png,0,F007
20000,21000,45.15197205489572,4.937022149893093,1,/data/bp4d/F007/frame_020493.png,1,F007
20500,21500,45.76464250266813,4.852015624109511,1,/data/bp4d/F007/frame_021014.png,1,F007
21000,22000,44.40343768953584,4.957698719166251,1,/data/bp4d/F007/frame_021494.png,1,F007
21500,22500,43.63480778007005,5.02869325094461,1,/data/bp4d/F007/frame_022014.png,1,F007
22000,23000,45.53809086950619,4.877980512885182,1,/data/bp4d/F007/frame_022494.png,1,F007
22500,23500,44.992875906520545,4.753199872427243,1,/data/bp4d/F007/frame_023015.png,1,F007
23000,24000,43.166739973551074,4.857077755265257,1,/data/bp4d/F007/frame_023495.png,0,F007
23500,24500,43.55202034768147,5.0801000045819285,1,/data/bp4d/F007/frame_024016.png,1,F007
24000,25000,44.85846025976416,5.060820492580635,1,/data/bp4d/F007/frame_024496.png,1,F007
24500,25500,45.64043024163801,4.940311009150188,1,/data/bp4d/F007/frame_025016.png,1,F007
25000,26000,51.05982487154094,3.9965696627953053,1,/data/bp4d/F007/frame_025496.png,1,F007
25500,26500,59.29739532510689,2.485890435053641,0,/data/bp4d/F007/frame_026017.png,0,F007
26000,27000,61.093440952923196,1.929781191508724,0,/data/bp4d/F007/frame_026497.png,0,F007
26500,27500,60.250236032525656,1.851000372590637,0,/data/bp4d/F007/frame_027018.png,1,F007
27000,28000,59.298638160507245,1.9985374345053133,0,/data/bp4d/F007/frame_027498.png,0,F007
27500,28500,59.753514219308855,2.021726055156501,0,/data/bp4d/F007/frame_028018.png,0,F007
28000,29000,61.251958633138365,1.8734372870772176,0,/data/bp4d/F007/frame_028498.png,1,F007
28500,29500,60.56702501273263,1.8971808408423834,0,/data/bp4d/F007/frame_029019.png,0,F007
29000,30000,59.26106417616949,1.9906725152089049,0,/data/bp4d/F007/frame_029499.png,0,F007
29500,30500,57.884305758646974,2.2251012197900004,0,/data/bp4d/F007/frame_030020.png,0,F007
30000,31000,52.69361334327452,3.5459207964829846,1,/data/bp4d/F007/frame_030500.png,1,F007
30500,31500,47.06704823279767,4.716378104134564,1,/data/bp4d/F007/frame_030980.png,1,F007
31000,32000,46.011709849100335,4.846672706846242,1,/data/bp4d/F007/frame_031501.png,1,F007
31500,32500,47.61189556644095,4.567333601842503,1,/data/bp4d/F007/frame_031981.png,1,F007
32000,33000,53.8129637964163,3.3335194160154833,0,/data/bp4d/F007/frame_032501.png,0,F007
32500,33500,57.57250786865438,2.414609202662608,0,/data/bp4d/F007/frame_032981.png,0,F007
33000,34000,50.385693714784814,3.458283446604783,0,/data/bp4d/F007/frame_033502.png,0,F007
33500,34500,48.59114981335804,3.7921514760339248,1,/data/bp4d/F007/frame_033982.png,1,F007
34000,35000,50.81010648303728,3.932735943626576,1,/data/bp4d/F007/frame_034503.png,1,F007
34500,35500,46.90417701375892,4.919976346112241,1,/data/bp4d/F007/frame_034983.png,1,F007
35000,36000,44.85386151300292,4.849618337740508,1,/data/bp4d/F007/frame_035503.png,1,F007
35500,36500,47.759540868514044,4.422243950200247,1,/data/bp4d/F007/frame_035983.png,1,F007
36000,37000,47.317316378405614,4.674215039502985,1,/data/bp4d/F007/frame_036504.png,1,F007
36500,37500,44.49319168583063,5.054177781660077,1,/data/bp4d/F007/frame_036984.png,1,F007
37000,38000,44.72577526224044,5.141909621305693,1,/data/bp4d/F007/frame_037505.png,1,F007
37500,38500,45.71495157923416,5.180469965132412,1,/data/bp4d/F007/frame_037985.png,1,F007
38000,39000,45.50661839854043,4.996247675448174,1,/data/bp4d/F007/frame_038505.png,1,F007
38500,39500,46.37670598951959,4.971700709296733,1,/data/bp4d/F007/frame_038985.png,1,F007
39000,40000,46.82840785576715,5.083202035592249,1,/data/bp4d/F007/frame_039506.png,0,F007
39500,40500,45.48536035629897,5.044990361549686,1,/data/bp4d/F007/frame_039986.png,1,F007
40000,41000,45.989410144831126,5.030783420451567,1,/data/bp4d/F007/frame_040507.png,1,F007
40500,41500,45.668643785271016,5.049183968440538,1,/data/bp4d/F007/frame_040987.png,0,F007
41000,42000,44.96100652710346,4.963658261067614,1,/data/bp4d/F007/frame_041507.png,1,F007
41500,42500,50.51002590526175,3.9101898804307855,1,/data/bp4d/F007/frame_041987.png,1,F007
42000,43000,55.50780811102157,3.0354308703911013,0,/data/bp4d/F007/frame_042508.png,0,F007
42500,43500,55.065006412804514,3.0760649116132854,0,/data/bp4d/F007/frame_042988.png,1,F007
43000,44000,52.65358495159824,3.2464315837761752,0,/data/bp4d/F007/frame_043509.png,0,F007
43500,44500,54.45900007590945,2.767126563249718,0,/data/bp4d/F007/frame_043989.png,0,F007
44000,45000,60.56273855035244,1.9636669818173556,0,/data/bp4d/F007/frame_044509.png,0,F007
44500,45500,61.07078433742339,1.9759993711462085,0,/data/bp4d/F007/frame_044989.png,0,F007
45000,46000,60.77206777217683,2.075103282229065,0,/data/bp4d/F007/frame_045510.png,0,F007
45500,46500,58.7136268886936,2.343693324548143,0,/data/bp4d/F007/frame_045990.png,0,F007
46000,47000,52.00094968299331,3.4040316024479425,0,/data/bp4d/F007/frame_046511.png,0,F007
46500,47500,46.89318732397442,4.549414079376385,1,/data/bp4d/F007/frame_046991.png,1,F007
47000,48000,48.24741838464663,4.543489391277715,1,/data/bp4d/F007/frame_047511.png,1,F007
47500,48500,48.30684724702916,4.418569898944611,1,/data/bp4d/F007/frame_047991.png,1,F007
48000,49000,45.94434237940702,4.685973585796935,1,/data/bp4d/F007/frame_048512.png,1,F007
48500,49500,44.82969700727663,4.867249566734578,1,/data/bp4d/F007/frame_048992.png,1,F007
49000,50000,45.362221712225875,5.0184392254749834,1,/data/bp4d/F007/frame_049513.png,1,F007
49500,50500,45.470368083786504,4.931375690888177,1,/data/bp4d/F007/frame_049993.png,1,F007
50000,51000,43.34715373144315,5.139433412876473,1,/data/bp4d/F007/frame_050513.png,1,F007
50500,51500,44.80566742693961,5.15846673108648,1,/data/bp4d/F007/frame_050993.png,1,F007
51000,52000,45.00733670222257,4.859085228595481,1,/data/bp4d/F007/frame_051514.png,0,F007
51500,52500,44.042185333228915,4.898964133494649,1,/data/bp4d/F007/frame_051994.png,1,F007
52000,53000,44.774588471939275,4.977151677171371,1,/data/bp4d/F007/frame_052515.png,1,F007
52500,53500,50.166428100159195,3.856665660928543,1,/data/bp4d/F007/frame_052995.png,1,F007
53000,54000,57.720238559192694,2.3676268752231264,0,/data/bp4d/F007/frame_053515.png,0,F007
53500,54500,59.94086748896653,1.9837692167203014,0,/data/bp4d/F007/frame_053995.png,0,F007
54000,55000,59.49844496671729,2.0187745847196528,0,/data/bp4d/F007/frame_054516.png,0,F007
54500,55500,59.698630349994474,2.1324852255590114,0,/data/bp4d/F007/frame_054996.png,0,F007
55000,56000,59.90990195176656,2.0620617068170293,0,/data/bp4d/F007/frame_055517.png,0,F007
55500,56500,58.941219006148486,1.930545801309686,0,/data/bp4d/F007/frame_055997.png,1,F007
56000,57000,59.13534369514319,1.8264154983992105,0,/data/bp4d/F007/frame_056517.png,0,F007
56500,57500,60.38459636686085,2.0291690131160856,0,/data/bp4d/F007/frame_056997.png,0,F007
57000,58000,60.97190256274393,2.145858240340948,0,/data/bp4d/F007/frame_057518.png,1,F007
57500,58500,55.58491278121098,2.9266163647472454,0,/data/bp4d/F007/frame_057998.png,0,F007
58000,59000,47.49484731709886,4.303068804954445,1,/data/bp4d/F007/frame_058519.png,1,F007
58500,59500,44.556960662101616,4.83188019268354,1,/data/bp4d/F007/frame_058999.png,1,F007
0,1000,60.6592039199302,1.8319271799339478,0,/data/bp4d/F008/frame_000480.png,0,F008
500,1500,59.836550526396174,2.0139159164532714,0,/data/bp4d/F008/frame_001000.png,0,F008
1000,2000,58.76178276666137,2.0372957451614715,0,/data/bp4d/F008/frame_001480.png,0,F008
1500,2500,61.48309792686254,2.021404737310025,0,/data/bp4d/F008/frame_002001.png,0,F008
2000,3000,61.85491235176518,2.1025727111783015,0,/data/bp4d/F008/frame_002481.png,0,F008
2500,3500,60.06140396832079,2.1345588639408692,0,/data/bp4d/F008/frame_003002.png,0,F008
3000,4000,61.35890232198947,2.0889286711450055,0,/data/bp4d/F008/frame_003482.png,0,F008
3500,4500,62.44386844300565,1.9665647118690026,0,/data/bp4d/F008/frame_004002.png,0,F008
4000,5000,61.71939309578089,1.9734843411885188,0,/data/bp4d/F008/frame_004482.png,0,F008
4500,5500,59.09454053001832,2.0550896150488733,0,/data/bp4d/F008/frame_005003.png,0,F008
5000,6000,58.492479623724584,1.997103598062926,0,/data/bp4d/F008/frame_005483.png,0,F008
5500,6500,60.80146960082001,2.141498388265693,0,/data/bp4d/F008/frame_006004.png,0,F008
6000,7000,60.96719865957379,1.9929290619028628,0,/data/bp4d/F008/frame_006484.png,0,F008
6500,7500,59.78465321377487,1.9537640487003742,0,/data/bp4d/F008/frame_007004.png,0,F008
7000,8000,59.30987730523773,2.1651260111452793,0,/data/bp4d/F008/frame_007484.png,0,F008
7500,8500,58.74197156327425,1.926051775538002,0,/data/bp4d/F008/frame_008005.png,0,F008
8000,9000,59.57566152993961,1.8894907232388152,0,/data/bp4d/F008/frame_008485.png,0,F008
8500,9500,60.176036800056416,2.0589491815097714,0,/data/bp4d/F008/frame_009006.png,0,F008
9000,10000,60.38578644250354,2.076900805058563,0,/data/bp4d/F008/frame_009486.png,0,F008
9500,10500,60.426107999521776,2.1189643666101277,0,/data/bp4d/F008/frame_010006.png,1,F008
10000,11000,55.826991298831075,2.8681352768658086,0,/data/bp4d/F008/frame_010486.png,0,F008
10500,11500,48.73158905008367,4.33242598164641,1,/data/bp4d/F008/frame_011007.png,1,F008
11000,12000,45.73158140586316,4.871012568430949,1,/data/bp4d/F008/frame_011487.png,1,F008
11500,12500,43.79799135498291,4.820676943744627,1,/data/bp4d/F008/frame_012008.png,1,F008
12000,13000,43.57748016496524,5.049465065399686,1,/data/bp4d/F008/frame_012488.png,1,F008
12500,13500,45.09736469106879,5.087922674268665,1,/data/bp4d/F008/frame_013008.png,1,F008
13000,14000,44.874880565150036,4.930406875872773,1,/data/bp4d/F008/frame_013488.png,0,F008
13500,14500,44.84474218603925,4.95233483956114,1,/data/bp4d/F008/frame_014009.png,1,F008
14000,15000,44.69303752501923,5.032548721352255,1,/data/bp4d/F008/frame_014489.png,1,F008
14500,15500,43.64855267717239,5.127050877538978,1,/data/bp4d/F008/frame_015010.png,1,F008
15000,16000,45.09019233177673,5.022966248957994,1,/data/bp4d/F008/frame_015490.png,1,F008
15500,16500,47.166340930820404,5.03871279352675,1,/data/bp4d/F008/frame_016010.png,1,F008
16000,17000,45.874212624353376,4.98142800659329,1,/data/bp4d/F008/frame_016490.png,0,F008
16500,17500,45.23095655870029,4.843346097999654,1,/data/bp4d/F008/frame_017011.png,1,F008
17000,18000,45.25158159863899,5.028929267367601,1,/data/bp4d/F008/frame_017491.png,1,F008
17500,18500,44.12968372883276,5.163529485408267,1,/data/bp4d/F008/frame_018012.png,1,F008
18000,19000,44.270159271327486,5.061400084383428,1,/data/bp4d/F008/frame_018492.png,1,F008
18500,19500,43.11454029626293,4.976886444666987,1,/data/bp4d/F008/frame_019012.png,1,F008
19000,20000,44.24254477975144,4.721718484284171,1,/data/bp4d/F008/frame_019492.png,1,F008
19500,20500,53.37736813109595,3.235403543826119,0,/data/bp4d/F008/frame_020013.png,0,F008
20000,21000,58.92533146793838,2.0588928443507974,0,/data/bp4d/F008/frame_020493.png,0,F008
20500,21500,59.290462542087106,1.9533541683571403,0,/data/bp4d/F008/frame_021014.png,0,F008
21000,22000,59.91816943454927,2.014327208161942,0,/data/bp4d/F008/frame_021494.png,0,F008
21500,22500,60.65886274698501,2.0453493138141856,0,/data/bp4d/F008/frame_022014.png,0,F008
22000,23000,60.426277433111316,2.109600007147619,0,/data/bp4d/F008/frame_022494.png,0,F008
22500,23500,59.56102856814303,2.1092952208339097,0,/data/bp4d/F008/frame_023015.png,0,F008
23000,24000,59.42005253347297,1.9262099202443201,0,/data/bp4d/F008/frame_023495.png,0,F008
23500,24500,58.61077579243543,1.9413619366239043,0,/data/bp4d/F008/frame_024016.png,0,F008
24000,25000,51.661407065072154,3.44424688055157,0,/data/bp4d/F008/frame_024496.png,0,F008
24500,25500,45.3801916248975,4.985913182819324,1,/data/bp4d/F008/frame_025016.png,1,F008
25000,26000,45.61872228773713,4.990038017830028,1,/data/bp4d/F008/frame_025496.png,1,F008
25500,26500,44.34546733948871,4.914596532957978,1,/data/bp4d/F008/frame_026017.png,1,F008
26000,27000,44.75957303139021,4.920868885772282,1,/data/bp4d/F008/frame_026497.png,1,F008
26500,27500,45.0800880134983,5.1201060506403016,1,/data/bp4d/F008/frame_027018.png,1,F008
27000,28000,44.84315444974939,5.225028663793957,1,/data/bp4d/F008/frame_027498.png,1,F008
27500,28500,45.83057629552311,5.325895316176756,1,/data/bp4d/F008/frame_028018.png,1,F008
28000,29000,49.620990352720085,4.445818294269102,1,/data/bp4d/F008/frame_028498.png,1,F008
28500,29500,56.32605197277741,2.737489713637063,0,/data/bp4d/F008/frame_029019.png,0,F008
29000,30000,58.77736995545726,2.0941506070486797,0,/data/bp4d/F008/frame_029499.png,1,F008
29500,30500,59.76818945118714,2.083832495644971,0,/data/bp4d/F008/frame_030020.png,0,F008
30000,31000,60.045786663180536,2.0169522529705883,0,/data/bp4d/F008/frame_030500.png,0,F008
30500,31500,59.56919595263642,1.9175133878654043,0,/data/bp4d/F008/frame_030980.png,0,F008
31000,32000,60.65733600009323,1.9779471913304374,0,/data/bp4d/F008/frame_031501.png,0,F008
31500,32500,60.43950377766259,2.2596541631506857,0,/data/bp4d/F008/frame_031981.png,0,F008
32000,33000,59.19665172012784,2.412117874039202,0,/data/bp4d/F008/frame_032501.png,0,F008
32500,33500,57.717665763949235,2.4360240095907804,0,/data/bp4d/F008/frame_032981.png,0,F008
33000,34000,52.209719512203556,3.8106188830976646,1,/data/bp4d/F008/frame_033502.png,1,F008
33500,34500,46.96707129145445,4.914229678740568,1,/data/bp4d/F008/frame_033982.png,1,F008
34000,35000,44.23291985482129,4.872235817112136,1,/data/bp4d/F008/frame_034503.png,0,F008
34500,35500,43.36435388026173,4.83717644800848,1,/data/bp4d/F008/frame_034983.png,1,F008
35000,36000,43.48679913600826,4.947116102486369,1,/data/bp4d/F008/frame_035503.png,1,F008
35500,36500,43.46300059053374,5.1341118773726535,1,/data/bp4d/F008/frame_035983.png,1,F008
36000,37000,43.91808887272976,5.164975840716215,1,/data/bp4d/F008/frame_036504.png,1,F008
36500,37500,43.78857642012197,5.042250061491659,1,/data/bp4d/F008/frame_036984.png,1,F008
37000,38000,42.88273794966365,5.13053398108759,1,/data/bp4d/F008/frame_037505.png,1,F008
37500,38500,43.24980772299725,5.133416909772779,1,/data/bp4d/F008/frame_037985.png,1,F008
38000,39000,44.942133249371466,4.96383016696385,1,/data/bp4d/F008/frame_038505.png,1,F008
38500,39500,45.223452694732856,5.1266135724210775,1,/data/bp4d/F008/frame_038985.png,0,F008
39000,40000,44.53664903385964,5.052515447655448,1,/data/bp4d/F008/frame_039506.png,1,F008
39500,40500,44.08414102925277,4.7875571691216585,1,/data/bp4d/F008/frame_039986.png,1,F008
40000,41000,44.1978610513114,4.629826577719467,1,/data/bp4d/F008/frame_040507.png,1,F008
40500,41500,45.8513846984616,4.817253616668889,1,/data/bp4d/F008/frame_040987.png,1,F008
41000,42000,45.2788293158201,5.087900341975579,1,/data/bp4d/F008/frame_041507.png,1,F008
41500,42500,47.68454409952944,4.1652821662270085,1,/data/bp4d/F008/frame_041987.png,1,F008
42000,43000,56.593551376842285,2.663918719728372,0,/data/bp4d/F008/frame_042508.png,1,F008
42500,43500,59.63025852333747,2.1024009749221233,0,/data/bp4d/F008/frame_042988.png,0,F008
43000,44000,55.40928294123919,2.7192103936635963,0,/data/bp4d/F008/frame_043509.png,0,F008
43500,44500,46.44006763809295,4.073654747518275,1,/data/bp4d/F008/frame_043989.png,1,F008
44000,45000,42.37465014401291,5.008701099408541,1,/data/bp4d/F008/frame_044509.png,1,F008
44500,45500,46.866052775141505,4.763879495071563,1,/data/bp4d/F008/frame_044989.png,1,F008
45000,46000,51.550855767620305,3.875672968777416,1,/data/bp4d/F008/frame_045510.png,1,F008
45500,46500,53.47968386251875,3.3123513048465014,0,/data/bp4d/F008/frame_045990.png,0,F008
46000,47000,52.572122912367114,3.229842713606569,0,/data/bp4d/F008/frame_046511.png,1,F008
46500,47500,48.17516841184556,4.131975147041,1,/data/bp4d/F008/frame_046991.png,0,F008
47000,48000,44.441020448514664,5.06058909982531,1,/data/bp4d/F008/frame_047511.png,1,F008
47500,48500,46.84746426633026,4.5940863453304095,1,/data/bp4d/F008/frame_047991.png,1,F008
48000,49000,49.585616559947354,4.023064048156289,1,/data/bp4d/F008/frame_048512.png,1,F008
48500,49500,51.60114580657348,3.4237104725331613,1,/data/bp4d/F008/frame_048992.png,0,F008
49000,50000,51.58086049493682,3.6437453180073045,1,/data/bp4d/F008/frame_049513.png,1,F008
49500,50500,50.46375622628043,4.005681766782854,1,/data/bp4d/F008/frame_049993.png,1,F008
50000,51000,48.524068661144135,4.430421643229577,1,/data/bp4d/F008/frame_050513.png,0,F008
50500,51500,45.673115250066985,5.124658457801336,1,/data/bp4d/F008/frame_050993.png,1,F008
51000,52000,47.39626575105864,4.332642836744681,1,/data/bp4d/F008/frame_051514.png,0,F008
51500,52500,51.82666099147361,3.359024693052843,0,/data/bp4d/F008/frame_051994.png,1,F008
52000,53000,55.845791976724826,2.491484078148513,0,/data/bp4d/F008/frame_052515.png,0,F008
52500,53500,58.365203115058776,1.9285671626937426,0,/data/bp4d/F008/frame_052995.png,1,F008
53000,54000,61.16076361301895,2.0300812529251795,0,/data/bp4d/F008/frame_053515.png,0,F008
53500,54500,61.74756052742916,2.0730684022443002,0,/data/bp4d/F008/frame_053995.png,0,F008
54000,55000,61.127355684158246,1.8852425122451248,0,/data/bp4d/F008/frame_054516.png,0,F008
54500,55500,59.94551437483532,1.9929731623773668,0,/data/bp4d/F008/frame_054996.png,0,F008
55000,56000,59.30072223899362,2.191875994172036,0,/data/bp4d/F008/frame_055517.png,0,F008
55500,56500,60.978395623798946,2.040738437516546,0,/data/bp4d/F008/frame_055997.png,1,F008
56000,57000,60.61142825157646,1.8787153197136854,0,/data/bp4d/F008/frame_056517.png,0,F008
56500,57500,59.636267023333346,1.9357651933611606,0,/data/bp4d/F008/frame_056997.png,1,F008
57000,58000,59.777716391749344,1.9024723691008278,0,/data/bp4d/F008/frame_057518.png,0,F008
57500,58500,59.89439414144558,1.8414687337903837,0,/data/bp4d/F008/frame_057998.png,0,F008
58000,59000,57.87817487092993,2.409126719055984,0,/data/bp4d/F008/frame_058519.png,0,F008
58500,59500,52.37511972910151,3.6712018894538336,1,/data/bp4d/F008/frame_058999.png,1,F008
0,1000,55.25109702891657,2.481255640449127,0,/data/bp4d/F009/frame_000480.png,0,F009
500,1500,58.304647292269195,1.9501633158286638,0,/data/bp4d/F009/frame_001000.png,0,F009
1000,2000,59.44731190653849,1.96876687965936,0,/data/bp4d/F009/frame_001480.png,0,F009
1500,2500,59.61540200639469,1.9477243263082409,0,/data/bp4d/F009/frame_002001.png,0,F009
2000,3000,60.14732100260022,1.9198007141430775,0,/data/bp4d/F009/frame_002481.png,0,F009
2500,3500,59.65692782997374,2.0286533048111397,0,/data/bp4d/F009/frame_003002.png,1,F009
3000,4000,58.94841407695051,2.0496935425531873,0,/data/bp4d/F009/frame_003482.png,0,F009
3500,4500,60.24929796757163,1.9524880935234743,0,/data/bp4d/F009/frame_004002.png,0,F009
4000,5000,59.47460097520397,1.8798496651680896,0,/data/bp4d/F009/frame_004482.png,0,F009
4500,5500,59.44756553172211,1.808611491970303,0,/data/bp4d/F009/frame_005003.png,1,F009
5000,6000,60.88096127252737,1.9270684393707447,0,/data/bp4d/F009/frame_005483.png,0,F009
5500,6500,59.732678963848905,2.023926503522863,0,/data/bp4d/F009/frame_006004.png,0,F009
6000,7000,60.2549505649228,1.9748214792022916,0,/data/bp4d/F009/frame_006484.png,0,F009
6500,7500,61.63903921793062,2.0085886959332684,0,/data/bp4d/F009/frame_007004.png,0,F009
7000,8000,60.91374971966754,2.003799576518137,0,/data/bp4d/F009/frame_007484.png,0,F009
7500,8500,60.897472877380714,1.8699136493619717,0,/data/bp4d/F009/frame_008005.png,0,F009
8000,9000,59.85603945199497,1.8545584756444666,0,/data/bp4d/F009/frame_008485.png,0,F009
8500,9500,59.86520546887008,2.009348764226727,0,/data/bp4d/F009/frame_009006.png,0,F009
9000,10000,60.43129331634561,1.9828056871394895,0,/data/bp4d/F009/frame_009486.png,0,F009
9500,10500,60.67157741474022,2.117864013765278,0,/data/bp4d/F009/frame_010006.png,0,F009
10000,11000,59.871744832595326,2.1115450268523346,0,/data/bp4d/F009/frame_010486.png,0,F009
10500,11500,59.17418017675949,1.883589081148821,0,/data/bp4d/F009/frame_011007.png,0,F009
11000,12000,60.173794488854384,2.0069050447403214,0,/data/bp4d/F009/frame_011487.png,0,F009
11500,12500,60.44673491407058,2.001934816715366,0,/data/bp4d/F009/frame_012008.png,0,F009
12000,13000,60.44844582794752,1.8889098463681477,0,/data/bp4d/F009/frame_012488.png,0,F009
12500,13500,60.36186958890144,2.010874656133292,0,/data/bp4d/F009/frame_013008.png,0,F009
13000,14000,59.72068754461315,2.1789118500161613,0,/data/bp4d/F009/frame_013488.png,0,F009
13500,14500,58.7813323785824,2.060891661224336,0,/data/bp4d/F009/frame_014009.png,0,F009
14000,15000,58.26330772022939,1.8998351808121334,0,/data/bp4d/F009/frame_014489.png,0,F009
14500,15500,58.87534692004514,2.07334264937231,0,/data/bp4d/F009/frame_015010.png,0,F009
15000,16000,60.1530833598977,2.0917184381881695,0,/data/bp4d/F009/frame_015490.png,0,F009
15500,16500,61.08873180811055,1.9353359720155527,0,/data/bp4d/F009/frame_016010.png,0,F009
16000,17000,60.84914142587075,1.9207865035019713,0,/data/bp4d/F009/frame_016490.png,0,F009
16500,17500,59.85652460522842,1.9068610024940642,0,/data/bp4d/F009/frame_017011.png,0,F009
17000,18000,59.13145619408326,1.8878792674449443,0,/data/bp4d/F009/frame_017491.png,0,F009
17500,18500,59.61459889975575,1.8885463899276533,0,/data/bp4d/F009/frame_018012.png,0,F009
18000,19000,59.7060574805659,1.9987406395541536,0,/data/bp4d/F009/frame_018492.png,0,F009
18500,19500,60.63764485716094,2.063366516213246,0,/data/bp4d/F009/frame_019012.png,0,F009
19000,20000,60.57272525299611,2.0468409816025726,0,/data/bp4d/F009/frame_019492.png,0,F009
19500,20500,58.823673470721836,2.111392338816906,0,/data/bp4d/F009/frame_020013.png,0,F009
20000,21000,59.597298790280945,1.974505638168333,0,/data/bp4d/F009/frame_020493.png,0,F009
20500,21500,57.46861032745737,2.7192745253554644,0,/data/bp4d/F009/frame_021014.png,0,F009
21000,22000,53.622837093298884,3.8944235901073436,1,/data/bp4d/F009/frame_021494.png,1,F009
21500,22500,48.53601718587785,4.390833612830885,1,/data/bp4d/F009/frame_022014.png,1,F009
22000,23000,52.587165609834166,3.364773935303236,0,/data/bp4d/F009/frame_022494.png,0,F009
22500,23500,57.34460495018015,2.445240141067211,0,/data/bp4d/F009/frame_023015.png,0,F009
23000,24000,56.252056262366956,2.3730326604424237,0,/data/bp4d/F009/frame_023495.png,0,F009
23500,24500,59.16586847102185,1.9797127149399933,0,/data/bp4d/F009/frame_024016.png,1,F009
24000,25000,60.04253803668842,1.9903194253870324,0,/data/bp4d/F009/frame_024496.png,0,F009
24500,25500,60.47824636727415,2.036169696653173,0,/data/bp4d/F009/frame_025016.png,0,F009
25000,26000,59.75987124027977,2.0298994796725145,0,/data/bp4d/F009/frame_025496.png,0,F009
25500,26500,60.412373738852715,2.022630514461299,0,/data/bp4d/F009/frame_026017.png,0,F009
26000,27000,60.73314575843295,2.098451405252889,0,/data/bp4d/F009/frame_026497.png,1,F009
26500,27500,60.33092439801787,2.074767187385045,0,/data/bp4d/F009/frame_027018.png,0,F009
27000,28000,61.09158937117429,1.9529907197066911,0,/data/bp4d/F009/frame_027498.png,0,F009
27500,28500,57.65985958050585,2.4632015579128663,0,/data/bp4d/F009/frame_028018.png,0,F009
28000,29000,49.44948105230473,4.020986868849049,1,/data/bp4d/F009/frame_028498.png,1,F009
28500,29500,44.62746560067471,5.010640276523,1,/data/bp4d/F009/frame_029019.png,1,F009
29000,30000,45.18622483603966,5.043623218846862,1,/data/bp4d/F009/frame_029499.png,0,F009
29500,30500,45.434957921289914,5.11919606124538,1,/data/bp4d/F009/frame_030020.png,1,F009
30000,31000,46.69948806095275,4.703828892495469,1,/data/bp4d/F009/frame_030500.png,1,F009
30500,31500,46.47445197316081,4.607327788937954,1,/data/bp4d/F009/frame_030980.png,1,F009
31000,32000,46.11721978905033,4.664002446414463,1,/data/bp4d/F009/frame_031501.png,1,F009
31500,32500,50.38025734510798,3.846303895113968,1,/data/bp4d/F009/frame_031981.png,1,F009
32000,33000,52.104431506991816,3.9315276869536375,1,/data/bp4d/F009/frame_032501.png,1,F009
32500,33500,54.24331916793026,3.3400341559185605,0,/data/bp4d/F009/frame_032981.png,0,F009
33000,34000,55.95405482668976,2.723419623491131,0,/data/bp4d/F009/frame_033502.png,1,F009
33500,34500,55.48935130572012,2.7407436525380273,0,/data/bp4d/F009/frame_033982.png,0,F009
34000,35000,58.91281908764745,1.96400902523349,0,/data/bp4d/F009/frame_034503.png,0,F009
34500,35500,60.26882919383886,1.9996495876153861,0,/data/bp4d/F009/frame_034983.png,0,F009
35000,36000,60.006775980685816,2.078696420691448,0,/data/bp4d/F009/frame_035503.png,0,F009
35500,36500,59.58874886553725,1.8959102327243025,0,/data/bp4d/F009/frame_035983.png,0,F009
36000,37000,59.335128582371595,1.8078000958352347,0,/data/bp4d/F009/frame_036504.png,0,F009
36500,37500,59.97713571712048,2.0017005291749412,0,/data/bp4d/F009/frame_036984.png,0,F009
37000,38000,59.12984175677996,2.013494432602326,0,/data/bp4d/F009/frame_037505.png,0,F009
37500,38500,58.97578651752958,1.9081691438456827,0,/data/bp4d/F009/frame_037985.png,0,F009
38000,39000,59.978110750406074,1.7212793061529963,0,/data/bp4d/F009/frame_038505.png,0,F009
38500,39500,58.853464356152415,1.7647254075481031,0,/data/bp4d/F009/frame_038985.png,0,F009
39000,40000,58.91370345949033,2.0126382222531594,0,/data/bp4d/F009/frame_039506.png,0,F009
39500,40500,60.21051976610644,2.1899671469531,0,/data/bp4d/F009/frame_039986.png,0,F009
40000,41000,60.37900570466863,2.1453123996996744,0,/data/bp4d/F009/frame_040507.png,0,F009
40500,41500,59.65854468425905,1.8671193367068457,0,/data/bp4d/F009/frame_040987.png,0,F009
41000,42000,60.91898233611428,1.8841494726261896,0,/data/bp4d/F009/frame_041507.png,0,F009
41500,42500,58.620840739425255,2.4807999325306245,0,/data/bp4d/F009/frame_041987.png,1,F009
42000,43000,52.197514540899554,3.2488522135164692,0,/data/bp4d/F009/frame_042508.png,0,F009
42500,43500,53.83161984780659,2.8073119022936788,0,/data/bp4d/F009/frame_042988.png,0,F009
43000,44000,59.9358238406831,1.9455319226818941,0,/data/bp4d/F009/frame_043509.png,0,F009
43500,44500,62.24761548303987,1.9679288117854818,0,/data/bp4d/F009/frame_043989.png,0,F009
44000,45000,60.400907768522615,2.1839133905352317,0,/data/bp4d/F009/frame_044509.png,0,F009
44500,45500,58.22036910137967,2.053218910526458,0,/data/bp4d/F009/frame_044989.png,0,F009
45000,46000,59.51272417278795,1.8530008487253138,0,/data/bp4d/F009/frame_045510.png,0,F009
45500,46500,61.01736084986839,1.9319280160373415,0,/data/bp4d/F009/frame_045990.png,0,F009
46000,47000,61.29128314390091,1.9801176564929746,0,/data/bp4d/F009/frame_046511.png,0,F009
46500,47500,61.11540256810261,1.875606782689991,0,/data/bp4d/F009/frame_046991.png,0,F009
47000,48000,60.22570153881623,1.884264376280395,0,/data/bp4d/F009/frame_047511.png,0,F009
47500,48500,59.5241590371037,2.0049610933398756,0,/data/bp4d/F009/frame_047991.png,0,F009
48000,49000,60.48318739328771,1.967379545632316,0,/data/bp4d/F009/frame_048512.png,1,F009
48500,49500,60.61205211383559,1.7802684922762106,0,/data/bp4d/F009/frame_048992.png,0,F009
49000,50000,57.36238559443923,2.1395336959777165,0,/data/bp4d/F009/frame_049513.png,0,F009
49500,50500,49.86600930180223,3.8584651480688534,1,/data/bp4d/F009/frame_049993.png,1,F009
50000,51000,44.87879548036043,5.054347710948705,1,/data/bp4d/F009/frame_050513.png,1,F009
50500,51500,46.33612455744603,4.825706563573822,1,/data/bp4d/F009/frame_050993.png,1,F009
51000,52000,45.835525199549075,4.911877880595543,1,/data/bp4d/F009/frame_051514.png,1,F009
51500,52500,48.00002330735552,4.22180116877845,1,/data/bp4d/F009/frame_051994.png,1,F009
52000,53000,57.22060779082536,2.65144948802661,0,/data/bp4d/F009/frame_052515.png,0,F009
52500,53500,60.987798321987114,2.105413761836408,0,/data/bp4d/F009/frame_052995.png,0,F009
53000,54000,60.169895316727334,2.097295481351417,0,/data/bp4d/F009/frame_053515.png,0,F009
53500,54500,56.42980211136357,2.906984476693639,0,/data/bp4d/F009/frame_053995.png,0,F009
54000,55000,53.48760709896335,3.431412609492166,0,/data/bp4d/F009/frame_054516.png,0,F009
54500,55500,56.707770913423374,2.4741783373995245,0,/data/bp4d/F009/frame_054996.png,0,F009
55000,56000,59.70393854071279,1.9401167697463222,0,/data/bp4d/F009/frame_055517.png,0,F009
55500,56500,60.15752651658815,2.0238079085722664,0,/data/bp4d/F009/frame_055997.png,0,F009
56000,57000,59.68253525730765,2.0834508261588227,0,/data/bp4d/F009/frame_056517.png,0,F009
56500,57500,58.023572775638556,2.436735510173239,0,/data/bp4d/F009/frame_056997.png,0,F009
57000,58000,52.46395372550951,3.7033668115596554,1,/data/bp4d/F009/frame_057518.png,0,F009
57500,58500,52.36136004489977,3.6415975988587648,1,/data/bp4d/F009/frame_057998.png,1,F009
58000,59000,58.37401430676364,2.261279635982054,0,/data/bp4d/F009/frame_058519.png,0,F009
58500,59500,60.2764443980562,1.9630831921985332,0,/data/bp4d/F009/frame_058999.png,0,F009
0,1000,56.66632756087037,3.185244678944683,0,/data/bp4d/F010/frame_000480.png,0,F010
500,1500,62.54234870001574,1.9829045200216044,0,/data/bp4d/F010/frame_001000.png,0,F010
1000,2000,61.30742609928137,1.9201477636900954,0,/data/bp4d/F010/frame_001480.png,0,F010
1500,2500,60.817006147909005,1.9588695434077965,0,/data/bp4d/F010/frame_002001.png,0,F010
2000,3000,55.28409461588035,2.819051478117338,0,/data/bp4d/F010/frame_002481.png,0,F010
2500,3500,47.27606628092186,4.355494478662898,1,/data/bp4d/F010/frame_003002.png,1,F010
3000,4000,45.3976061500854,5.047612603252969,1,/data/bp4d/F010/frame_003482.png,1,F010
3500,4500,45.47103472133418,5.060201530889242,1,/data/bp4d/F010/frame_004002.png,1,F010
4000,5000,44.97655435273677,5.016470868513872,1,/data/bp4d/F010/frame_004482.png,1,F010
4500,5500,45.41616313508751,4.961523682293822,1,/data/bp4d/F010/frame_005003.png,0,F010
5000,6000,45.40040728953164,4.97853935839796,1,/data/bp4d/F010/frame_005483.png,1,F010
5500,6500,45.46681394411842,5.103025564106423,1,/data/bp4d/F010/frame_006004.png,1,F010
6000,7000,45.20088951182879,5.0897806431112835,1,/data/bp4d/F010/frame_006484.png,1,F010
6500,7500,44.80681824262073,4.930694846946522,1,/data/bp4d/F010/frame_007004.png,1,F010
7000,8000,45.91707463344031,4.735521521323835,1,/data/bp4d/F010/frame_007484.png,1,F010
7500,8500,56.277186828026416,3.2322598948628625,0,/data/bp4d/F010/frame_008005.png,0,F010
8000,9000,60.393406344708886,2.5008514500718464,0,/data/bp4d/F010/frame_008485.png,0,F010
8500,9500,58.965400496779445,2.6519904784930963,0,/data/bp4d/F010/frame_009006.png,0,F010
9000,10000,61.9271577464667,2.0093165618747655,0,/data/bp4d/F010/frame_009486.png,0,F010
9500,10500,60.59785779560301,1.9522882624745035,0,/data/bp4d/F010/frame_010006.png,0,F010
10000,11000,58.230113296063585,2.1740871587256207,0,/data/bp4d/F010/frame_010486.png,0,F010
10500,11500,54.551695129019,3.141388690030947,0,/data/bp4d/F010/frame_011007.png,0,F010
11000,12000,52.486767773107694,3.5327328580929525,1,/data/bp4d/F010/frame_011487.png,0,F010
11500,12500,57.52398576564818,2.5065091543238953,0,/data/bp4d/F010/frame_012008.png,0,F010
12000,13000,61.01041884183232,2.436213894952509,0,/data/bp4d/F010/frame_012488.png,0,F010
12500,13500,57.87576879339904,2.963996593505296,0,/data/bp4d/F010/frame_013008.png,0,F010
13000,14000,57.33944389782511,2.5376420097048373,0,/data/bp4d/F010/frame_013488.png,0,F010
13500,14500,60.85404866035793,1.9523799608015653,0,/data/bp4d/F010/frame_014009.png,0,F010
14000,15000,61.80253132924307,1.996469376783403,0,/data/bp4d/F010/frame_014489.png,0,F010
14500,15500,60.01628212521503,2.248109371946977,0,/data/bp4d/F010/frame_015010.png,0,F010
15000,16000,53.99905684657776,3.2702912599540612,0,/data/bp4d/F010/frame_015490.png,0,F010
15500,16500,54.75232919137207,3.073403504083099,0,/data/bp4d/F010/frame_016010.png,0,F010
16000,17000,61.12406652162952,1.9977304493877168,0,/data/bp4d/F010/frame_016490.png,0,F010
16500,17500,58.822257867881355,2.1390276971838005,0,/data/bp4d/F010/frame_017011.png,0,F010
17000,18000,56.437569919643,2.671005137015525,0,/data/bp4d/F010/frame_017491.png,0,F010
17500,18500,49.868404926373366,4.088270427137467,1,/data/bp4d/F010/frame_018012.png,1,F010
18000,19000,44.8492165631221,5.000786068323126,1,/data/bp4d/F010/frame_018492.png,1,F010
18500,19500,46.126372592481765,4.989616912768795,1,/data/bp4d/F010/frame_019012.png,1,F010
19000,20000,45.29791096294838,5.126973090596498,1,/data/bp4d/F010/frame_019492.png,1,F010
19500,20500,44.33180845109383,5.1816646688393995,1,/data/bp4d/F010/frame_020013.png,1,F010
20000,21000,43.44471056196423,5.007731442308454,1,/data/bp4d/F010/frame_020493.png,1,F010
20500,21500,44.67409268523129,5.10345330285264,1,/data/bp4d/F010/frame_021014.png,1,F010
21000,22000,44.890541961555854,5.173823263820188,1,/data/bp4d/F010/frame_021494.png,1,F010
21500,22500,45.58215701116264,5.114731468896617,1,/data/bp4d/F010/frame_022014.png,1,F010
22000,23000,47.420517227302305,5.098554025699596,1,/data/bp4d/F010/frame_022494.png,1,F010
22500,23500,44.87690839132158,4.937927959741966,1,/data/bp4d/F010/frame_023015.png,1,F010
23000,24000,44.30919856891982,5.032571131875117,1,/data/bp4d/F010/frame_023495.png,1,F010
23500,24500,43.40088717509,4.95092344604613,1,/data/bp4d/F010/frame_024016.png,0,F010
24000,25000,42.715579114143566,4.823773301965373,1,/data/bp4d/F010/frame_024496.png,0,F010
24500,25500,44.126572397560764,4.990762421916909,1,/data/bp4d/F010/frame_025016.png,1,F010
25000,26000,44.765836593976225,5.053740529772062,1,/data/bp4d/F010/frame_025496.png,1,F010
25500,26500,48.38836667658321,4.481996539556254,1,/data/bp4d/F010/frame_026017.png,0,F010
26000,27000,56.01024602137869,3.030042193589732,0,/data/bp4d/F010/frame_026497.png,0,F010
26500,27500,60.515338960376496,2.034807159000244,0,/data/bp4d/F010/frame_027018.png,0,F010
27000,28000,59.548271446282094,1.909686544791104,0,/data/bp4d/F010/frame_027498.png,0,F010
27500,28500,59.15950947639185,1.8052360594441677,0,/data/bp4d/F010/frame_028018.png,1,F010
28000,29000,58.88532930211759,1.836557107711195,0,/data/bp4d/F010/frame_028498.png,0,F010
28500,29500,59.83751576165868,1.8726663776642534,0,/data/bp4d/F010/frame_029019.png,0,F010
29000,30000,60.1540541510787,1.9032034658829053,0,/data/bp4d/F010/frame_029499.png,0,F010
29500,30500,59.13803527335981,2.0687820818364404,0,/data/bp4d/F010/frame_030020.png,0,F010
30000,31000,60.41269940585283,2.118460903802564,0,/data/bp4d/F010/frame_030500.png,0,F010
30500,31500,61.727152069182445,1.9710474049362032,0,/data/bp4d/F010/frame_030980.png,0,F010
31000,32000,61.332270743527694,1.929175560116774,0,/data/bp4d/F010/frame_031501.png,0,F010
31500,32500,61.26355571282764,1.956483063008183,0,/data/bp4d/F010/frame_031981.png,0,F010
32000,33000,62.11124628342142,1.9941753475362887,0,/data/bp4d/F010/frame_032501.png,0,F010
32500,33500,62.48621378072939,2.0132985880308016,0,/data/bp4d/F010/frame_032981.png,0,F010
33000,34000,61.62676012101322,2.0993555402392925,0,/data/bp4d/F010/frame_033502.png,0,F010
33500,34500,57.01469054070927,3.0629335452946442,0,/data/bp4d/F010/frame_033982.png,0,F010
34000,35000,48.07971977255822,4.499165712238773,1,/data/bp4d/F010/frame_034503.png,1,F010
34500,35500,44.836747494679415,4.9082526186929885,1,/data/bp4d/F010/frame_034983.png,0,F010
35000,36000,46.080487248934496,4.911192201329921,1,/data/bp4d/F010/frame_035503.png,1,F010
35500,36500,45.288402663948574,4.954728794898954,1,/data/bp4d/F010/frame_035983.png,1,F010
36000,37000,44.35461612781543,5.092874280323024,1,/data/bp4d/F010/frame_036504.png,1,F010
36500,37500,44.07905827532104,5.073069163983526,1,/data/bp4d/F010/frame_036984.png,1,F010
37000,38000,45.899417366023066,5.0378653788925005,1,/data/bp4d/F010/frame_037505.png,1,F010
37500,38500,45.827845049877745,5.015388270763879,1,/data/bp4d/F010/frame_037985.png,1,F010
38000,39000,45.059158603227864,4.929907715519904,1,/data/bp4d/F010/frame_038505.png,1,F010
38500,39500,50.54287119850502,4.130446072806114,1,/data/bp4d/F010/frame_038985.png,1,F010
39000,40000,58.16696513829602,2.5732516097580884,0,/data/bp4d/F010/frame_039506.png,0,F010
39500,40500,57.82022732529373,2.5465511817786783,0,/data/bp4d/F010/frame_039986.png,0,F010
40000,41000,56.27112631354699,2.510931258721635,0,/data/bp4d/F010/frame_040507.png,1,F010
40500,41500,60.07821849819433,1.8481515752855027,0,/data/bp4d/F010/frame_040987.png,1,F010
41000,42000,61.72126689317491,1.9173069735310253,0,/data/bp4d/F010/frame_041507.png,0,F010
41500,42500,60.32985620705539,1.9320063160114207,0,/data/bp4d/F010/frame_041987.png,0,F010
42000,43000,56.28259825345865,2.6429740939608126,0,/data/bp4d/F010/frame_042508.png,0,F010
42500,43500,49.5299134341245,4.1651597575655535,1,/data/bp4d/F010/frame_042988.png,1,F010
43000,44000,49.789495467114754,4.060167318369044,1,/data/bp4d/F010/frame_043509.png,1,F010
43500,44500,53.081099471701854,3.3417396157393746,0,/data/bp4d/F010/frame_043989.png,0,F010
44000,45000,52.37068564176664,3.3942246938181695,0,/data/bp4d/F010/frame_044509.png,0,F010
44500,45500,50.54234083451012,3.695000966962443,1,/data/bp4d/F010/frame_044989.png,1,F010
45000,46000,45.09457296160368,4.603834559710785,1,/data/bp4d/F010/frame_045510.png,1,F010
45500,46500,44.53363736609127,4.96572201565519,1,/data/bp4d/F010/frame_045990.png,0,F010
46000,47000,46.419997905493986,4.946031818045842,1,/data/bp4d/F010/frame_046511.png,1,F010
46500,47500,46.193300377537724,5.0499270930884395,1,/data/bp4d/F010/frame_046991.png,1,F010
47000,48000,45.6108761074817,5.031758862051663,1,/data/bp4d/F010/frame_047511.png,1,F010
47500,48500,47.16318890605202,4.467007334925717,1,/data/bp4d/F010/frame_047991.png,0,F010
48000,49000,55.414461732789604,2.915498863629628,0,/data/bp4d/F010/frame_048512.png,0,F010
48500,49500,61.13263915349726,1.9419822019446722,0,/data/bp4d/F010/frame_048992.png,0,F010
49000,50000,58.178438576888496,2.3725148078686886,0,/data/bp4d/F010/frame_049513.png,0,F010
49500,50500,57.54813382861107,2.5244021128565577,0,/data/bp4d/F010/frame_049993.png,1,F010
50000,51000,59.83357849937882,2.201399234088336,0,/data/bp4d/F010/frame_050513.png,1,F010
50500,51500,61.37587653904383,2.139842685305931,0,/data/bp4d/F010/frame_050993.png,0,F010
51000,52000,60.74299555229864,1.914943426904624,0,/data/bp4d/F010/frame_051514.png,0,F010
51500,52500,58.69549953842628,1.9019608932310614,0,/data/bp4d/F010/frame_051994.png,0,F010
52000,53000,60.22911613945805,2.0380643709736916,0,/data/bp4d/F010/frame_052515.png,0,F010
52500,53500,60.2693280931586,2.059535694240935,0,/data/bp4d/F010/frame_052995.png,0,F010
53000,54000,57.129423924043046,2.6288251059286982,0,/data/bp4d/F010/frame_053515.png,0,F010
53500,54500,50.354628579072035,3.9649420449580504,1,/data/bp4d/F010/frame_053995.png,1,F010
54000,55000,50.06141173832737,3.9371758611248993,1,/data/bp4d/F010/frame_054516.png,1,F010
54500,55500,56.80972590473577,2.591035573329929,0,/data/bp4d/F010/frame_054996.png,0,F010
55000,56000,56.33274699317797,2.541390367041007,0,/data/bp4d/F010/frame_055517.png,0,F010
55500,56500,57.30194961199804,2.6624657292794343,0,/data/bp4d/F010/frame_055997.png,0,F010
56000,57000,58.50763334628512,2.4768228667677943,0,/data/bp4d/F010/frame_056517.png,1,F010
56500,57500,57.094957894292996,2.140407164891425,0,/data/bp4d/F010/frame_056997.png,0,F010
57000,58000,60.5007415807203,1.8843792266824169,0,/data/bp4d/F010/frame_057518.png,0,F010
57500,58500,60.83779613654056,2.1139909889360697,0,/data/bp4d/F010/frame_057998.png,1,F010
58000,59000,60.00068925605623,1.9723923828175927,0,/data/bp4d/F010/frame_058519.png,0,F010
58500,59500,59.911248237992034,2.094498891339795,0,/data/bp4d/F010/frame_058999.png,0,F010
0,1000,51.64845562225047,4.079699328748623,1,/data/bp4d/M001/frame_000480.png,1,M001
500,1500,51.58509513336627,4.1419934913915,1,/data/bp4d/M001/frame_001000.png,1,M001
1000,2000,44.65152977158381,5.029425158666812,1,/data/bp4d/M001/frame_001480.png,1,M001
1500,2500,43.34906870981285,4.960355085421142,1,/data/bp4d/M001/frame_002001.png,0,M001
2000,3000,45.64121056142705,4.883982860534818,1,/data/bp4d/M001/frame_002481.png,1,M001
2500,3500,47.50356116658498,4.922823472849872,1,/data/bp4d/M001/frame_003002.png,1,M001
3000,4000,46.325610174927235,4.853678239451067,1,/data/bp4d/M001/frame_003482.png,1,M001
3500,4500,47.14079464563623,4.809351016154156,1,/data/bp4d/M001/frame_004002.png,1,M001
4000,5000,46.81904682710443,4.9347658710540285,1,/data/bp4d/M001/frame_004482.png,1,M001
4500,5500,45.460694767137014,4.949301349286425,1,/data/bp4d/M001/frame_005003.png,1,M001
5000,6000,46.08647527505677,4.890988378441903,1,/data/bp4d/M001/frame_005483.png,1,M001
5500,6500,46.477360296190184,4.806337844969582,1,/data/bp4d/M001/frame_006004.png,1,M001
6000,7000,45.097697194816554,4.8991227076033965,1,/data/bp4d/M001/frame_006484.png,1,M001
6500,7500,51.911002305603,3.7316071342861044,1,/data/bp4d/M001/frame_007004.png,1,M001
7000,8000,59.674715954775365,2.2538924455036127,0,/data/bp4d/M001/frame_007484.png,0,M001
7500,8500,59.574565811554514,1.9653150056818538,0,/data/bp4d/M001/frame_008005.png,0,M001
8000,9000,59.6948022725195,2.1089534321261225,0,/data/bp4d/M001/frame_008485.png,0,M001
8500,9500,59.93982236591313,2.118943161291049,0,/data/bp4d/M001/frame_009006.png,0,M001
9000,10000,57.981887562702056,2.349792228821976,0,/data/bp4d/M001/frame_009486.png,0,M001
9500,10500,57.374746623343164,2.3645701811201625,0,/data/bp4d/M001/frame_010006.png,0,M001
10000,11000,58.493731066711305,2.2225396982650265,0,/data/bp4d/M001/frame_010486.png,0,M001
10500,11500,55.14148969126739,2.9904830698783242,0,/data/bp4d/M001/frame_011007.png,0,M001
11000,12000,55.9160734220828,2.853139392019906,0,/data/bp4d/M001/frame_011487.png,1,M001
11500,12500,52.91325909980297,3.652059509669242,1,/data/bp4d/M001/frame_012008.png,0,M001
12000,13000,45.1130612142227,5.040786507949762,1,/data/bp4d/M001/frame_012488.png,1,M001
12500,13500,45.653592994472575,4.759683239303851,1,/data/bp4d/M001/frame_013008.png,1,M001
13000,14000,50.73135780354839,3.6070881152481378,1,/data/bp4d/M001/frame_013488.png,1,M001
13500,14500,56.61075806406952,2.371160735612552,0,/data/bp4d/M001/frame_014009.png,1,M001
14000,15000,59.43933356408168,2.012211758493488,0,/data/bp4d/M001/frame_014489.png,1,M001
14500,15500,58.97223179850379,2.0459710782854432,0,/data/bp4d/M001/frame_015010.png,0,M001
15000,16000,58.77557327984514,2.207792490826397,0,/data/bp4d/M001/frame_015490.png,0,M001
15500,16500,60.06246724423671,2.0908696596507754,0,/data/bp4d/M001/frame_016010.png,0,M001
16000,17000,59.879894334964675,2.0903056313044983,0,/data/bp4d/M001/frame_016490.png,0,M001
16500,17500,60.398342994492,2.216125653579735,0,/data/bp4d/M001/frame_017011.png,0,M001
17000,18000,62.383817100590996,2.013617241185066,0,/data/bp4d/M001/frame_017491.png,0,M001
17500,18500,62.20939368334773,1.9922830487233072,0,/data/bp4d/M001/frame_018012.png,1,M001
18000,19000,61.739497649675805,2.0238240403476224,0,/data/bp4d/M001/frame_018492.png,0,M001
18500,19500,56.063154120982546,3.095654890809237,0,/data/bp4d/M001/frame_019012.png,0,M001
19000,20000,51.94238856466075,3.86855204171645,1,/data/bp4d/M001/frame_019492.png,1,M001
19500,20500,52.413247954328654,3.736869475082268,1,/data/bp4d/M001/frame_020013.png,0,M001
20000,21000,54.93317403110843,3.1649107761860464,0,/data/bp4d/M001/frame_020493.png,0,M001
20500,21500,56.88839884343595,2.819756978247306,0,/data/bp4d/M001/frame_021014.png,0,M001
21000,22000,54.18073113464474,3.565188498734156,0,/data/bp4d/M001/frame_021494.png,0,M001
21500,22500,52.569231743395285,3.8420207450561037,1,/data/bp4d/M001/frame_022014.png,1,M001
22000,23000,48.71503489574293,4.163669136597377,1,/data/bp4d/M001/frame_022494.png,1,M001
22500,23500,44.28422474794993,4.726479044086034,1,/data/bp4d/M001/frame_023015.png,1,M001
23000,24000,44.28476720610524,4.930189321272529,1,/data/bp4d/M001/frame_023495.png,1,M001
23500,24500,44.02467261369744,4.907379329409498,1,/data/bp4d/M001/frame_024016.png,1,M001
24000,25000,43.65229898317566,5.019272995103234,1,/data/bp4d/M001/frame_024496.png,1,M001
24500,25500,43.98145171533036,5.100334169957687,1,/data/bp4d/M001/frame_025016.png,1,M001
25000,26000,44.756476094472816,4.974109633012437,1,/data/bp4d/M001/frame_025496.png,1,M001
25500,26500,45.62093498829236,4.854322460005534,1,/data/bp4d/M001/frame_026017.png,1,M001
26000,27000,44.77499119141772,4.890277485309531,1,/data/bp4d/M001/frame_026497.png,1,M001
26500,27500,45.66544966643379,5.045188432311364,1,/data/bp4d/M001/frame_027018.png,1,M001
27000,28000,45.761494308572395,5.0363059566450445,1,/data/bp4d/M001/frame_027498.png,1,M001
27500,28500,44.93579939438392,5.066958475489412,1,/data/bp4d/M001/frame_028018.png,1,M001
28000,29000,45.643619858654645,5.094049204004949,1,/data/bp4d/M001/frame_028498.png,1,M001
28500,29500,48.80773225887086,4.349013362370247,1,/data/bp4d/M001/frame_029019.png,1,M001
29000,30000,54.86283554613412,2.811477961409928,0,/data/bp4d/M001/frame_029499.png,0,M001
29500,30500,60.279227200331356,1.8247853639499143,0,/data/bp4d/M001/frame_030020.png,0,M001
30000,31000,60.17920856338926,2.1076604278737285,0,/data/bp4d/M001/frame_030500.png,1,M001
30500,31500,52.19578190289193,3.625667576054008,1,/data/bp4d/M001/frame_030980.png,1,M001
31000,32000,44.069271596858265,5.095325348077489,1,/data/bp4d/M001/frame_031501.png,1,M001
31500,32500,48.01890829748205,4.165848695934856,1,/data/bp4d/M001/frame_031981.png,0,M001
32000,33000,56.708529288062664,2.455964828006174,0,/data/bp4d/M001/frame_032501.png,0,M001
32500,33500,60.7188254690493,2.007010278538571,0,/data/bp4d/M001/frame_032981.png,0,M001
33000,34000,61.49991408998414,1.9558968969426727,0,/data/bp4d/M001/frame_033502.png,0,M001
33500,34500,53.009620452959105,3.3892406260213943,0,/data/bp4d/M001/frame_033982.png,0,M001
34000,35000,44.4876277094204,5.113741437183226,1,/data/bp4d/M001/frame_034503.png,1,M001
34500,35500,44.975734591036286,5.037866109777443,1,/data/bp4d/M001/frame_034983.png,1,M001
35000,36000,46.12219558694522,4.777410649363989,1,/data/bp4d/M001/frame_035503.png,1,M001
35500,36500,50.72980371855602,3.773681523610458,1,/data/bp4d/M001/frame_035983.png,0,M001
36000,37000,49.34739302287058,3.804802475052532,1,/data/bp4d/M001/frame_036504.png,1,M001
36500,37500,44.08291727963098,4.8128256103851745,1,/data/bp4d/M001/frame_036984.png,1,M001
37000,38000,43.78448152298557,5.037311896196885,1,/data/bp4d/M001/frame_037505.png,1,M001
37500,38500,45.457302826344005,5.046908822956482,1,/data/bp4d/M001/frame_037985.png,1,M001
38000,39000,45.98185644793546,4.981536675459053,1,/data/bp4d/M001/frame_038505.png,1,M001
38500,39500,44.759622655385776,5.060170968389483,1,/data/bp4d/M001/frame_038985.png,1,M001
39000,40000,43.6517238778214,5.076435139637883,1,/data/bp4d/M001/frame_039506.png,0,M001
39500,40500,43.814971827099114,5.092977250843386,1,/data/bp4d/M001/frame_039986.png,0,M001
40000,41000,45.67857460065652,5.030664986070211,1,/data/bp4d/M001/frame_040507.png,1,M001
40500,41500,45.62666671782531,4.882360401382474,1,/data/bp4d/M001/frame_040987.png,1,M001
41000,42000,44.87273162341291,4.841471253432484,1,/data/bp4d/M001/frame_041507.png,1,M001
41500,42500,43.77794981143593,4.835801279524967,1,/data/bp4d/M001/frame_041987.png,1,M001
42000,43000,43.61379290362318,4.967299179713733,1,/data/bp4d/M001/frame_042508.png,1,M001
42500,43500,44.48318341675347,5.1265129373053275,1,/data/bp4d/M001/frame_042988.png,1,M001
43000,44000,45.582552662467435,5.090180401392498,1,/data/bp4d/M001/frame_043509.png,1,M001
43500,44500,45.89856651718134,5.031006158613415,1,/data/bp4d/M001/frame_043989.png,1,M001
44000,45000,44.51763249696976,5.101823265883297,1,/data/bp4d/M001/frame_044509.png,1,M001
44500,45500,44.73897951902216,5.083481250666443,1,/data/bp4d/M001/frame_044989.png,1,M001
45000,46000,50.39158361002079,4.003688283488167,1,/data/bp4d/M001/frame_045510.png,1,M001
45500,46500,59.291561576611,2.5732032969050938,0,/data/bp4d/M001/frame_045990.png,1,M001
46000,47000,62.013680363180875,1.9004959268980484,0,/data/bp4d/M001/frame_046511.png,0,M001
46500,47500,61.232478905752096,1.9617041516180398,0,/data/bp4d/M001/frame_046991.png,0,M001
47000,48000,60.926809591695665,2.1437915375162633,0,/data/bp4d/M001/frame_047511.png,0,M001
47500,48500,60.58582639049792,2.127491103290164,0,/data/bp4d/M001/frame_047991.png,0,M001
48000,49000,60.87961863415054,1.9353385605458788,0,/data/bp4d/M001/frame_048512.png,0,M001
48500,49500,59.04841639273442,1.9219731771221273,0,/data/bp4d/M001/frame_048992.png,0,M001
49000,50000,59.62679002917335,2.0428266305515828,0,/data/bp4d/M001/frame_049513.png,0,M001
49500,50500,61.60287519650031,1.9388391239895284,0,/data/bp4d/M001/frame_049993.png,0,M001
50000,51000,59.96550361756039,2.044201087744323,0,/data/bp4d/M001/frame_050513.png,0,M001
50500,51500,58.33648063147811,2.127750786058966,0,/data/bp4d/M001/frame_050993.png,0,M001
51000,52000,59.79641597887734,1.8767971758086932,0,/data/bp4d/M001/frame_051514.png,0,M001
51500,52500,60.70956522868879,1.820249066970296,0,/data/bp4d/M001/frame_051994.png,0,M001
52000,53000,59.559339047264714,1.8890204424943215,0,/data/bp4d/M001/frame_052515.png,0,M001
52500,53500,58.552951447139264,1.9762854389268,0,/data/bp4d/M001/frame_052995.png,0,M001
53000,54000,59.14267181532942,2.040602385312956,0,/data/bp4d/M001/frame_053515.png,0,M001
53500,54500,58.84370333609197,1.9276741844020342,0,/data/bp4d/M001/frame_053995.png,0,M001
54000,55000,57.73176974191597,2.0206531493910083,0,/data/bp4d/M001/frame_054516.png,0,M001
54500,55500,58.498608524988605,1.9809989076936003,0,/data/bp4d/M001/frame_054996.png,0,M001
55000,56000,57.75822779579785,2.174903125030433,0,/data/bp4d/M001/frame_055517.png,1,M001
55500,56500,55.269311430613385,2.8088445591053466,0,/data/bp4d/M001/frame_055997.png,0,M001
56000,57000,58.76191959199877,2.597208056293261,0,/data/bp4d/M001/frame_056517.png,0,M001
56500,57500,62.997946472394204,2.129823055878615,0,/data/bp4d/M001/frame_056997.png,0,M001
57000,58000,62.243557085347796,2.0403587034183035,0,/data/bp4d/M001/frame_057518.png,0,M001
57500,58500,60.573621716377914,1.9021101064253836,0,/data/bp4d/M001/frame_057998.png,0,M001
58000,59000,60.05025008157024,1.819540936342209,0,/data/bp4d/M001/frame_058519.png,0,M001
58500,59500,58.85979173538596,1.8860026340545835,0,/data/bp4d/M001/frame_058999.png,0,M001
0,1000,47.291818132518095,4.383409162823036,1,/data/bp4d/M002/frame_000480.png,0,M002
500,1500,49.39366561803618,4.323315717507332,1,/data/bp4d/M002/frame_001000.png,1,M002
1000,2000,49.32551614458679,4.415188662259407,1,/data/bp4d/M002/frame_001480.png,1,M002
1500,2500,54.490226060962215,2.9353725571425535,0,/data/bp4d/M002/frame_002001.png,0,M002
2000,3000,57.35898161940425,2.020653777390754,0,/data/bp4d/M002/frame_002481.png,0,M002
2500,3500,58.49138033742383,1.827855142453935,0,/data/bp4d/M002/frame_003002.png,0,M002
3000,4000,59.40567298955901,1.8291173906550222,0,/data/bp4d/M002/frame_003482.png,0,M002
3500,4500,60.21891380756281,2.014603859482768,0,/data/bp4d/M002/frame_004002.png,0,M002
4000,5000,59.07351718925784,2.067868169733579,0,/data/bp4d/M002/frame_004482.png,0,M002
4500,5500,56.8648871341982,2.060102682776015,0,/data/bp4d/M002/frame_005003.png,0,M002
5000,6000,59.32589640689672,2.0115003809468264,0,/data/bp4d/M002/frame_005483.png,0,M002
5500,6500,60.287427249002796,1.9875709748669643,0,/data/bp4d/M002/frame_006004.png,1,M002
6000,7000,58.88888346043843,1.8197579813920006,0,/data/bp4d/M002/frame_006484.png,0,M002
6500,7500,59.771755180805705,1.7632054861555202,0,/data/bp4d/M002/frame_007004.png,0,M002
7000,8000,54.48171660914253,3.037080971375539,0,/data/bp4d/M002/frame_007484.png,0,M002
7500,8500,45.8433315756813,4.780111434926191,1,/data/bp4d/M002/frame_008005.png,1,M002
8000,9000,50.82816859812718,4.189156131272849,1,/data/bp4d/M002/frame_008485.png,1,M002
8500,9500,58.841978158730015,2.424681477766889,0,/data/bp4d/M002/frame_009006.png,0,M002
9000,10000,59.39660128299227,1.9151113611595267,0,/data/bp4d/M002/frame_009486.png,0,M002
9500,10500,59.59886074462888,2.044263053289204,0,/data/bp4d/M002/frame_010006.png,0,M002
10000,11000,60.90505863908365,2.112446019465347,0,/data/bp4d/M002/frame_010486.png,0,M002
10500,11500,61.05220379724576,2.0897769250444727,0,/data/bp4d/M002/frame_011007.png,1,M002
11000,12000,59.12188332191755,2.182488045876341,0,/data/bp4d/M002/frame_011487.png,0,M002
11500,12500,58.256899776875606,2.074231014669223,0,/data/bp4d/M002/frame_012008.png,0,M002
12000,13000,57.899569806583756,1.8528960846931626,0,/data/bp4d/M002/frame_012488.png,0,M002
12500,13500,58.81107414683315,1.937614565203755,0,/data/bp4d/M002/frame_013008.png,1,M002
13000,14000,60.91216580997473,1.8688215718515853,0,/data/bp4d/M002/frame_013488.png,0,M002
13500,14500,61.81814026295997,1.8469226025865288,0,/data/bp4d/M002/frame_014009.png,1,M002
14000,15000,60.91135152658486,2.0784346312367314,0,/data/bp4d/M002/frame_014489.png,0,M002
14500,15500,60.02742311948073,2.1133166444175133,0,/data/bp4d/M002/frame_015010.png,0,M002
15000,16000,60.61439056586355,2.0789487770408064,0,/data/bp4d/M002/frame_015490.png,1,M002
15500,16500,60.85294275044083,2.0332353402965326,0,/data/bp4d/M002/frame_016010.png,0,M002
16000,17000,59.60191073337083,1.8815926667726475,0,/data/bp4d/M002/frame_016490.png,0,M002
16500,17500,60.09090647784326,1.9816934229609333,0,/data/bp4d/M002/frame_017011.png,0,M002
17000,18000,62.42156297603365,2.0286392199719057,0,/data/bp4d/M002/frame_017491.png,0,M002
17500,18500,60.65808998187078,1.9803007053739268,0,/data/bp4d/M002/frame_018012.png,0,M002
18000,19000,58.5037362748869,2.075753817007182,0,/data/bp4d/M002/frame_018492.png,0,M002
18500,19500,59.80525286220329,2.098279128014545,0,/data/bp4d/M002/frame_019012.png,1,M002
19000,20000,61.09162243335248,2.029010787227552,0,/data/bp4d/M002/frame_019492.png,0,M002
19500,20500,60.650146908945665,1.9244416753154678,0,/data/bp4d/M002/frame_020013.png,0,M002
20000,21000,61.41978863030917,1.790573238779327,0,/data/bp4d/M002/frame_020493.png,0,M002
20500,21500,61.840220635697236,1.9809828891264891,0,/data/bp4d/M002/frame_021014.png,0,M002
21000,22000,60.562685943051704,2.1103586668731857,0,/data/bp4d/M002/frame_021494.png,0,M002
21500,22500,59.24636632855827,1.9768751600056662,0,/data/bp4d/M002/frame_022014.png,0,M002
22000,23000,59.4541138665221,2.034594958008923,0,/data/bp4d/M002/frame_022494.png,0,M002
22500,23500,60.08017383759177,2.0128912597662323,0,/data/bp4d/M002/frame_023015.png,0,M002
23000,24000,58.717873376961506,2.0812953192340764,0,/data/bp4d/M002/frame_023495.png,1,M002
23500,24500,59.18250253187135,2.0549555473706445,0,/data/bp4d/M002/frame_024016.png,0,M002
24000,25000,61.01279024236137,1.93008230542089,0,/data/bp4d/M002/frame_024496.png,0,M002
24500,25500,61.46963257346498,1.9980087527069117,0,/data/bp4d/M002/frame_025016.png,1,M002
25000,26000,60.68207613747785,1.9790530227282905,0,/data/bp4d/M002/frame_025496.png,0,M002
25500,26500,60.500755749232354,1.8283833145948967,0,/data/bp4d/M002/frame_026017.png,0,M002
26000,27000,60.09619849597884,2.0686919327244726,0,/data/bp4d/M002/frame_026497.png,0,M002
26500,27500,60.42909457008997,2.164660356283901,0,/data/bp4d/M002/frame_027018.png,0,M002
27000,28000,60.721342796359096,1.8792416587293226,0,/data/bp4d/M002/frame_027498.png,1,M002
27500,28500,59.71023847307755,1.9835290019327882,0,/data/bp4d/M002/frame_028018.png,0,M002
28000,29000,58.28577954596894,2.0299361339840116,0,/data/bp4d/M002/frame_028498.png,1,M002
28500,29500,58.57371697033321,1.9770135969653404,0,/data/bp4d/M002/frame_029019.png,1,M002
29000,30000,59.03775682048221,2.042567328875449,0,/data/bp4d/M002/frame_029499.png,0,M002
29500,30500,60.45082118184502,1.9673037489937133,0,/data/bp4d/M002/frame_030020.png,0,M002
30000,31000,54.67820000401385,3.0974756920349993,0,/data/bp4d/M002/frame_030500.png,0,M002
30500,31500,46.94519557109505,4.698550636620982,1,/data/bp4d/M002/frame_030980.png,0,M002
31000,32000,46.972150591795945,5.05292830022366,1,/data/bp4d/M002/frame_031501.png,1,M002
31500,32500,46.667823038718126,5.0001395868763305,1,/data/bp4d/M002/frame_031981.png,1,M002
32000,33000,45.93263981212373,5.08568381147837,1,/data/bp4d/M002/frame_032501.png,1,M002
32500,33500,46.23510723726814,4.952937519034545,1,/data/bp4d/M002/frame_032981.png,1,M002
33000,34000,45.051221542236256,5.030081389622046,1,/data/bp4d/M002/frame_033502.png,1,M002
33500,34500,44.50542232790407,5.084066351417557,1,/data/bp4d/M002/frame_033982.png,1,M002
34000,35000,45.08350210123864,4.934105070074943,1,/data/bp4d/M002/frame_034503.png,1,M002
34500,35500,44.59047245262903,5.0110230101497715,1,/data/bp4d/M002/frame_034983.png,1,M002
35000,36000,48.58045598791522,4.235661522112569,1,/data/bp4d/M002/frame_035503.png,1,M002
35500,36500,56.44117903456815,2.608990007912336,0,/data/bp4d/M002/frame_035983.png,0,M002
36000,37000,59.4830318551842,1.9819014309802114,0,/data/bp4d/M002/frame_036504.png,0,M002
36500,37500,60.08818295597228,2.0940704678045567,0,/data/bp4d/M002/frame_036984.png,0,M002
37000,38000,62.85916392552408,1.79983414926953,0,/data/bp4d/M002/frame_037505.png,0,M002
37500,38500,61.32810307229183,1.8254654737431608,0,/data/bp4d/M002/frame_037985.png,0,M002
38000,39000,58.719214903566154,1.8788322315390709,0,/data/bp4d/M002/frame_038505.png,0,M002
38500,39500,59.911485555477086,1.9057611241569443,0,/data/bp4d/M002/frame_038985.png,0,M002
39000,40000,60.512689607913345,1.953944801961295,0,/data/bp4d/M002/frame_039506.png,1,M002
39500,40500,59.315975806050275,1.9734096117433788,0,/data/bp4d/M002/frame_039986.png,0,M002
40000,41000,55.8402857106278,2.759511456577813,0,/data/bp4d/M002/frame_040507.png,1,M002
40500,41500,54.51242404281984,3.015402443720197,0,/data/bp4d/M002/frame_040987.png,0,M002
41000,42000,57.06450082217365,2.431284034366353,0,/data/bp4d/M002/frame_041507.png,0,M002
41500,42500,56.742400643424126,2.416463810205015,0,/data/bp4d/M002/frame_041987.png,1,M002
42000,43000,54.36701531590923,3.2488729866383004,0,/data/bp4d/M002/frame_042508.png,0,M002
42500,43500,50.65376549428377,4.424142738640205,1,/data/bp4d/M002/frame_042988.png,1,M002
43000,44000,46.351496537569616,5.0280746807370384,1,/data/bp4d/M002/frame_043509.png,1,M002
43500,44500,45.58866371758249,4.979414532652059,1,/data/bp4d/M002/frame_043989.png,1,M002
44000,45000,45.914765595335496,5.026312248677792,1,/data/bp4d/M002/frame_044509.png,1,M002
44500,45500,46.136793573165605,5.102677901288993,1,/data/bp4d/M002/frame_044989.png,1,M002
45000,46000,44.667384851811356,5.005741968565317,1,/data/bp4d/M002/frame_045510.png,1,M002
45500,46500,46.908147843689,4.469170665769053,1,/data/bp4d/M002/frame_045990.png,1,M002
46000,47000,56.339578996946415,2.977703542127155,0,/data/bp4d/M002/frame_046511.png,0,M002
46500,47500,61.49557049121009,2.0517095884918595,0,/data/bp4d/M002/frame_046991.png,1,M002
47000,48000,60.20462874069817,1.941156459100396,0,/data/bp4d/M002/frame_047511.png,0,M002
47500,48500,58.58137707184678,2.031158168251548,0,/data/bp4d/M002/frame_047991.png,0,M002
48000,49000,60.05811513498615,2.2285839959494447,0,/data/bp4d/M002/frame_048512.png,0,M002
48500,49500,60.772118821011084,2.1234477211343306,0,/data/bp4d/M002/frame_048992.png,0,M002
49000,50000,60.051769278357014,2.082057908820902,0,/data/bp4d/M002/frame_049513.png,0,M002
49500,50500,59.41697810889955,1.983657745901489,0,/data/bp4d/M002/frame_049993.png,0,M002
50000,51000,59.68051079575781,1.8256981529410996,0,/data/bp4d/M002/frame_050513.png,1,M002
50500,51500,60.395854653666646,1.878720512558921,0,/data/bp4d/M002/frame_050993.png,1,M002
51000,52000,59.92587449848728,2.100810932842157,0,/data/bp4d/M002/frame_051514.png,0,M002
51500,52500,60.88639414693307,2.270596669952845,0,/data/bp4d/M002/frame_051994.png,1,M002
52000,53000,61.20688257195894,2.0041839848005236,0,/data/bp4d/M002/frame_052515.png,0,M002
52500,53500,58.42408242791001,2.097714498674024,0,/data/bp4d/M002/frame_052995.png,1,M002
53000,54000,51.63764183111311,3.704440671034868,1,/data/bp4d/M002/frame_053515.png,1,M002
53500,54500,46.493963690217996,4.976987025228644,1,/data/bp4d/M002/frame_053995.png,1,M002
54000,55000,46.3160498292193,5.05689986861209,1,/data/bp4d/M002/frame_054516.png,1,M002
54500,55500,46.43450453637736,5.018792889418453,1,/data/bp4d/M002/frame_054996.png,1,M002
55000,56000,44.903674072626345,4.917983565711896,1,/data/bp4d/M002/frame_055517.png,1,M002
55500,56500,44.24158699460571,4.906107767733343,1,/data/bp4d/M002/frame_055997.png,1,M002
56000,57000,44.55958557450224,4.881660580771583,1,/data/bp4d/M002/frame_056517.png,1,M002
56500,57500,45.097350489111456,4.998009291349851,1,/data/bp4d/M002/frame_056997.png,1,M002
57000,58000,46.19949657709338,5.143034088201906,1,/data/bp4d/M002/frame_057518.png,1,M002
57500,58500,46.167065496664556,4.975224865795397,1,/data/bp4d/M002/frame_057998.png,0,M002
58000,59000,44.666599057470286,4.8079500867845715,1,/data/bp4d/M002/frame_058519.png,1,M002
58500,59500,43.680185076116686,4.926769891084991,1,/data/bp4d/M002/frame_058999.png,1,M002
0,1000,55.351718346358986,2.61950278503497,0,/data/bp4d/M003/frame_000480.png,0,M003
500,1500,59.270618984857386,2.0167137337809997,0,/data/bp4d/M003/frame_001000.png,0,M003
1000,2000,59.93540835510703,2.0706571372594365,0,/data/bp4d/M003/frame_001480.png,0,M003
1500,2500,59.34912315678234,1.9273698895520142,0,/data/bp4d/M003/frame_002001.png,0,M003
2000,3000,58.406966503344954,2.0201581343303094,0,/data/bp4d/M003/frame_002481.png,0,M003
2500,3500,58.80346180374807,2.0280681324016774,0,/data/bp4d/M003/frame_003002.png,0,M003
3000,4000,60.331510719336784,2.0418640800613845,0,/data/bp4d/M003/frame_003482.png,0,M003
3500,4500,61.137230880403756,2.045819143477403,0,/data/bp4d/M003/frame_004002.png,0,M003
4000,5000,59.80601172163846,1.9693208025910507,0,/data/bp4d/M003/frame_004482.png,0,M003
4500,5500,57.93008646486932,2.044949860508531,0,/data/bp4d/M003/frame_005003.png,0,M003
5000,6000,58.98570199026822,2.051427654574418,0,/data/bp4d/M003/frame_005483.png,0,M003
5500,6500,61.380923452187126,2.114624495988364,0,/data/bp4d/M003/frame_006004.png,0,M003
6000,7000,60.072835279144336,2.173929038982887,0,/data/bp4d/M003/frame_006484.png,0,M003
6500,7500,58.45291431494342,1.9704817888590216,0,/data/bp4d/M003/frame_007004.png,0,M003
7000,8000,58.74572109028276,1.9095643781249931,0,/data/bp4d/M003/frame_007484.png,0,M003
7500,8500,60.67050935399685,1.9481636384678145,0,/data/bp4d/M003/frame_008005.png,0,M003
8000,9000,61.317580812969574,2.0759031208095293,0,/data/bp4d/M003/frame_008485.png,0,M003
8500,9500,54.20412265453787,3.341304793678196,0,/data/bp4d/M003/frame_009006.png,0,M003
9000,10000,46.78480841852124,4.6844736786575565,1,/data/bp4d/M003/frame_009486.png,1,M003
9500,10500,43.28308658654826,5.010753530892254,1,/data/bp4d/M003/frame_010006.png,1,M003
10000,11000,44.890125424886534,4.925168631828971,1,/data/bp4d/M003/frame_010486.png,1,M003
10500,11500,45.37652496145048,4.929108951454656,1,/data/bp4d/M003/frame_011007.png,1,M003
11000,12000,43.76917365423881,4.961379964282375,1,/data/bp4d/M003/frame_011487.png,1,M003
11500,12500,45.28648366744496,5.029859266118236,1,/data/bp4d/M003/frame_012008.png,1,M003
12000,13000,45.565641608402146,5.049167364411641,1,/data/bp4d/M003/frame_012488.png,1,M003
12500,13500,45.00150915954646,4.874791411255383,1,/data/bp4d/M003/frame_013008.png,1,M003
13000,14000,46.967900349884594,4.915612387027921,1,/data/bp4d/M003/frame_013488.png,1,M003
13500,14500,47.22695366942831,5.059163945515952,1,/data/bp4d/M003/frame_014009.png,1,M003
14000,15000,44.94543503492765,5.172109655134444,1,/data/bp4d/M003/frame_014489.png,0,M003
14500,15500,45.43883952581659,5.165047586590861,1,/data/bp4d/M003/frame_015010.png,1,M003
15000,16000,45.382160476245225,4.938984893844825,1,/data/bp4d/M003/frame_015490.png,1,M003
15500,16500,43.054514015842344,5.032744524696108,1,/data/bp4d/M003/frame_016010.png,1,M003
16000,17000,44.64211628247667,5.017025346420339,1,/data/bp4d/M003/frame_016490.png,1,M003
16500,17500,46.31085321537492,4.81273849854642,1,/data/bp4d/M003/frame_017011.png,1,M003
17000,18000,44.69630534484959,4.967140520574372,1,/data/bp4d/M003/frame_017491.png,1,M003
17500,18500,44.943220628064374,4.989133577092207,1,/data/bp4d/M003/frame_018012.png,1,M003
18000,19000,45.349269082065405,4.970270430088808,1,/data/bp4d/M003/frame_018492.png,1,M003
18500,19500,45.69797871933919,4.767858032317266,1,/data/bp4d/M003/frame_019012.png,1,M003
19000,20000,47.369306184598315,4.756051648783969,1,/data/bp4d/M003/frame_019492.png,1,M003
19500,20500,45.95821038595744,5.039162232223864,1,/data/bp4d/M003/frame_020013.png,1,M003
20000,21000,46.84137157818521,4.462211378429854,1,/data/bp4d/M003/frame_020493.png,1,M003
20500,21500,50.52354574057088,3.996497878416778,1,/data/bp4d/M003/frame_021014.png,0,M003
21000,22000,55.29408834603291,3.196310643916851,0,/data/bp4d/M003/frame_021494.png,0,M003
21500,22500,59.65483735429798,2.0367414012031126,0,/data/bp4d/M003/frame_022014.png,0,M003
22000,23000,60.92242892026241,1.9534907793214054,0,/data/bp4d/M003/frame_022494.png,0,M003
22500,23500,60.215251149315264,2.0992181186642087,0,/data/bp4d/M003/frame_023015.png,0,M003
23000,24000,60.09360857032334,2.166233784521746,0,/data/bp4d/M003/frame_023495.png,0,M003
23500,24500,60.31275773577229,2.319738241504323,0,/data/bp4d/M003/frame_024016.png,1,M003
24000,25000,59.31774459994713,2.3209064181429166,0,/data/bp4d/M003/frame_024496.png,1,M003
24500,25500,59.180102193282735,2.2204756940490817,0,/data/bp4d/M003/frame_025016.png,0,M003
25000,26000,58.17318858235672,2.1872092928947264,0,/data/bp4d/M003/frame_025496.png,0,M003
25500,26500,58.688353615881006,2.0668816877296594,0,/data/bp4d/M003/frame_026017.png,0,M003
26000,27000,54.469639041233705,2.5262188343288696,0,/data/bp4d/M003/frame_026497.png,0,M003
26500,27500,52.62179084896238,2.910676235967906,0,/data/bp4d/M003/frame_027018.png,0,M003
27000,28000,52.22448848444534,3.7294227469353434,1,/data/bp4d/M003/frame_027498.png,1,M003
27500,28500,47.690147398012414,4.895811944357736,1,/data/bp4d/M003/frame_028018.png,1,M003
28000,29000,46.168642015040135,5.129521035565856,1,/data/bp4d/M003/frame_028498.png,1,M003
28500,29500,44.05719361273991,5.040906088016166,1,/data/bp4d/M003/frame_029019.png,1,M003
29000,30000,44.97170994151521,4.989091531509445,1,/data/bp4d/M003/frame_029499.png,1,M003
29500,30500,46.80618157745116,5.124819450081226,1,/data/bp4d/M003/frame_030020.png,1,M003
30000,31000,46.22107621221021,5.187865451633139,1,/data/bp4d/M003/frame_030500.png,0,M003
30500,31500,46.28541155044144,5.14704194111795,1,/data/bp4d/M003/frame_030980.png,0,M003
31000,32000,50.410367326919484,4.254939469270753,1,/data/bp4d/M003/frame_031501.png,1,M003
31500,32500,55.34075541533354,2.8930516742663035,0,/data/bp4d/M003/frame_031981.png,0,M003
32000,33000,56.16239464304172,2.414880795049791,0,/data/bp4d/M003/frame_032501.png,0,M003
32500,33500,57.50372914001008,2.338500129329761,0,/data/bp4d/M003/frame_032981.png,0,M003
33000,34000,59.5058657014237,2.1472626502601484,0,/data/bp4d/M003/frame_033502.png,0,M003
33500,34500,61.10114692871993,2.3047754832577043,0,/data/bp4d/M003/frame_033982.png,0,M003
34000,35000,60.67998225419385,2.179827173988032,0,/data/bp4d/M003/frame_034503.png,0,M003
34500,35500,58.22916560144543,1.9620629843766397,0,/data/bp4d/M003/frame_034983.png,0,M003
35000,36000,59.69904999327215,1.9852299932421638,0,/data/bp4d/M003/frame_035503.png,0,M003
35500,36500,60.44483138975434,2.0979070914638474,0,/data/bp4d/M003/frame_035983.png,0,M003
36000,37000,60.141831375022,2.172051448618119,0,/data/bp4d/M003/frame_036504.png,1,M003
36500,37500,60.744146674300474,2.1367727058509987,0,/data/bp4d/M003/frame_036984.png,1,M003
37000,38000,60.47515842363414,2.023559083100506,0,/data/bp4d/M003/frame_037505.png,0,M003
37500,38500,58.87205125230055,2.14970175629564,0,/data/bp4d/M003/frame_037985.png,0,M003
38000,39000,51.29928286189271,3.508521384647196,1,/data/bp4d/M003/frame_038505.png,1,M003
38500,39500,45.2698957643589,4.781582689445253,1,/data/bp4d/M003/frame_038985.png,1,M003
39000,40000,44.47324539887439,5.029740418465129,1,/data/bp4d/M003/frame_039506.png,1,M003
39500,40500,45.04969151531077,4.998505180302618,1,/data/bp4d/M003/frame_039986.png,1,M003
40000,41000,46.20751366523363,4.802693673723702,1,/data/bp4d/M003/frame_040507.png,1,M003
40500,41500,46.95022590214066,4.78729509834657,1,/data/bp4d/M003/frame_040987.png,1,M003
41000,42000,45.913117090354355,4.943241382358774,1,/data/bp4d/M003/frame_041507.png,1,M003
41500,42500,44.45532859083071,5.056400796438985,1,/data/bp4d/M003/frame_041987.png,1,M003
42000,43000,43.2740833437523,4.909569118848057,1,/data/bp4d/M003/frame_042508.png,1,M003
42500,43500,43.17872438648364,4.942024626975637,1,/data/bp4d/M003/frame_042988.png,1,M003
43000,44000,46.06625987892116,5.013902778900873,1,/data/bp4d/M003/frame_043509.png,1,M003
43500,44500,45.487407659275235,4.7718285632566415,1,/data/bp4d/M003/frame_043989.png,0,M003
44000,45000,44.37096245475339,4.8432678754354175,1,/data/bp4d/M003/frame_044509.png,0,M003
44500,45500,44.427156029126174,4.93415487528069,1,/data/bp4d/M003/frame_044989.png,1,M003
45000,46000,45.10082368700767,4.841663022961508,1,/data/bp4d/M003/frame_045510.png,0,M003
45500,46500,44.98537218374015,4.833650285477114,1,/data/bp4d/M003/frame_045990.png,1,M003
46000,47000,43.95783078846753,4.890662307122561,1,/data/bp4d/M003/frame_046511.png,1,M003
46500,47500,44.474865143617805,5.012802111825748,1,/data/bp4d/M003/frame_046991.png,0,M003
47000,48000,44.02468662922765,5.127390040185848,1,/data/bp4d/M003/frame_047511.png,1,M003
47500,48500,42.92650226238361,5.105028330401824,1,/data/bp4d/M003/frame_047991.png,0,M003
48000,49000,43.34441902588347,4.874760668933262,1,/data/bp4d/M003/frame_048512.png,0,M003
48500,49500,43.73907064723702,4.806193724414253,1,/data/bp4d/M003/frame_048992.png,0,M003
49000,50000,43.36060151990916,4.904457646072314,1,/data/bp4d/M003/frame_049513.png,1,M003
49500,50500,45.06445400950071,4.843185035451509,1,/data/bp4d/M003/frame_049993.png,1,M003
50000,51000,45.79505931788101,4.9316890922980265,1,/data/bp4d/M003/frame_050513.png,1,M003
50500,51500,44.57831517900493,4.86326492118943,1,/data/bp4d/M003/frame_050993.png,1,M003
51000,52000,46.72731746473584,4.551560989068056,1,/data/bp4d/M003/frame_051514.png,1,M003
51500,52500,48.28430050464282,4.2307683770736055,1,/data/bp4d/M003/frame_051994.png,0,M003
52000,53000,46.69389735174088,4.157306624124168,1,/data/bp4d/M003/frame_052515.png,1,M003
52500,53500,45.077775477766835,4.638683875182647,1,/data/bp4d/M003/frame_052995.png,1,M003
53000,54000,44.43325175826398,4.945301000773738,1,/data/bp4d/M003/frame_053515.png,1,M003
53500,54500,46.85621668916655,4.53044060510861,1,/data/bp4d/M003/frame_053995.png,1,M003
54000,55000,46.973593368689166,4.401009386746482,1,/data/bp4d/M003/frame_054516.png,1,M003
54500,55500,50.14037223302014,3.8378972764026584,1,/data/bp4d/M003/frame_054996.png,1,M003
55000,56000,56.755372840332754,2.8523539868333136,0,/data/bp4d/M003/frame_055517.png,0,M003
55500,56500,50.94280339047386,3.918580709808059,1,/data/bp4d/M003/frame_055997.png,1,M003
56000,57000,45.43509837985579,5.02895599145055,1,/data/bp4d/M003/frame_056517.png,1,M003
56500,57500,46.68167266109283,4.981942565767863,1,/data/bp4d/M003/frame_056997.png,1,M003
57000,58000,45.28169470277761,5.011969813015926,1,/data/bp4d/M003/frame_057518.png,1,M003
57500,58500,45.60566523855824,4.989544764435129,1,/data/bp4d/M003/frame_057998.png,1,M003
58000,59000,47.016165350133605,4.962786581800707,1,/data/bp4d/M003/frame_058519.png,1,M003
58500,59500,47.60666107054859,4.814974460102224,1,/data/bp4d/M003/frame_058999.png,0,M003
0,1000,57.21195146199143,2.724330312286112,0,/data/bp4d/M004/frame_000480.png,0,M004
500,1500,49.297437485029484,4.0429493975701085,1,/data/bp4d/M004/frame_001000.png,1,M004
1000,2000,45.653874936128275,5.024513050895561,1,/data/bp4d/M004/frame_001480.png,1,M004
1500,2500,43.355445000666734,5.061971946452194,1,/data/bp4d/M004/frame_002001.png,1,M004
2000,3000,43.39520961835096,5.1127585703198815,1,/data/bp4d/M004/frame_002481.png,1,M004
2500,3500,44.56716487128018,5.043515696948657,1,/data/bp4d/M004/frame_003002.png,1,M004
3000,4000,45.16998970382744,4.996488063835703,1,/data/bp4d/M004/frame_003482.png,1,M004
3500,4500,45.28554408679296,4.988250300725003,1,/data/bp4d/M004/frame_004002.png,1,M004
4000,5000,43.999941731554536,5.069281525283983,1,/data/bp4d/M004/frame_004482.png,1,M004
4500,5500,49.21464991130096,4.057517969670314,1,/data/bp4d/M004/frame_005003.png,0,M004
5000,6000,53.695507622591585,3.011831163618489,0,/data/bp4d/M004/frame_005483.png,0,M004
5500,6500,54.56522993164369,2.8534219812773527,0,/data/bp4d/M004/frame_006004.png,0,M004
6000,7000,58.97556076175123,2.400944809118374,0,/data/bp4d/M004/frame_006484.png,0,M004
6500,7500,60.29797275779515,1.9913691495998456,0,/data/bp4d/M004/frame_007004.png,0,M004
7000,8000,60.53302002365023,1.9779089385386137,0,/data/bp4d/M004/frame_007484.png,0,M004
7500,8500,60.93862066790006,2.058325311144642,0,/data/bp4d/M004/frame_008005.png,1,M004
8000,9000,59.737068548519765,1.9943390193278634,0,/data/bp4d/M004/frame_008485.png,0,M004
8500,9500,60.43899379170901,2.0452778443736856,0,/data/bp4d/M004/frame_009006.png,1,M004
9000,10000,60.45733807828641,2.154152441424518,0,/data/bp4d/M004/frame_009486.png,0,M004
9500,10500,59.68028489056169,2.1729149147069204,0,/data/bp4d/M004/frame_010006.png,0,M004
10000,11000,57.55298282525664,2.8445515357663,0,/data/bp4d/M004/frame_010486.png,0,M004
10500,11500,54.42130426625479,3.5624294274245374,1,/data/bp4d/M004/frame_011007.png,1,M004
11000,12000,47.852820404047016,4.268097635038563,1,/data/bp4d/M004/frame_011487.png,1,M004
11500,12500,43.70512237035194,4.7816911260900845,1,/data/bp4d/M004/frame_012008.png,1,M004
12000,13000,45.2655861142209,4.899707395245458,1,/data/bp4d/M004/frame_012488.png,1,M004
12500,13500,45.703829822035935,5.131963309257027,1,/data/bp4d/M004/frame_013008.png,1,M004
13000,14000,50.95248920757759,4.0319239828659486,1,/data/bp4d/M004/frame_013488.png,1,M004
13500,14500,51.45496739585288,3.6393188811835238,1,/data/bp4d/M004/frame_014009.png,1,M004
14000,15000,45.59585075859812,4.6273278932793405,1,/data/bp4d/M004/frame_014489.png,1,M004
14500,15500,51.05405799122179,3.393526403852128,0,/data/bp4d/M004/frame_015010.png,0,M004
15000,16000,60.016904460519136,2.0162864328383425,0,/data/bp4d/M004/frame_015490.png,0,M004
15500,16500,61.350162535611034,1.9486398855041676,0,/data/bp4d/M004/frame_016010.png,0,M004
16000,17000,58.83405794756614,1.8159452986669737,0,/data/bp4d/M004/frame_016490.png,1,M004
16500,17500,59.710328008333505,1.7662930619328387,0,/data/bp4d/M004/frame_017011.png,0,M004
17000,18000,61.12641859535438,1.8574764829984716,0,/data/bp4d/M004/frame_017491.png,0,M004
17500,18500,61.05172647446916,2.0894690800165154,0,/data/bp4d/M004/frame_018012.png,0,M004
18000,19000,56.66213505183161,3.185996732035508,0,/data/bp4d/M004/frame_018492.png,0,M004
18500,19500,47.2876961838035,4.625625189968664,1,/data/bp4d/M004/frame_019012.png,1,M004
19000,20000,43.30198778454568,5.060969911607383,1,/data/bp4d/M004/frame_019492.png,1,M004
19500,20500,43.24856553379109,5.103428745321414,1,/data/bp4d/M004/frame_020013.png,1,M004
20000,21000,43.56067297872251,5.1320940980873475,1,/data/bp4d/M004/frame_020493.png,1,M004
20500,21500,47.51692074655541,4.296501104690278,1,/data/bp4d/M004/frame_021014.png,1,M004
21000,22000,51.671980614871146,3.3729730925615216,0,/data/bp4d/M004/frame_021494.png,0,M004
21500,22500,48.38023951615626,4.150377957670907,1,/data/bp4d/M004/frame_022014.png,1,M004
22000,23000,51.110297173353835,3.7896927948170247,1,/data/bp4d/M004/frame_022494.png,1,M004
22500,23500,59.15072063044068,2.1414345010775637,0,/data/bp4d/M004/frame_023015.png,0,M004
23000,24000,60.7205432914012,1.8724945139885814,0,/data/bp4d/M004/frame_023495.png,0,M004
23500,24500,61.35648968581566,2.1057390105371243,0,/data/bp4d/M004/frame_024016.png,0,M004
24000,25000,60.346848814479245,2.0180308741380646,0,/data/bp4d/M004/frame_024496.png,0,M004
24500,25500,59.97953023525506,1.9450851637005602,0,/data/bp4d/M004/frame_025016.png,0,M004
25000,26000,59.48057905573245,1.9745956519379526,0,/data/bp4d/M004/frame_025496.png,0,M004
25500,26500,58.12799939251729,2.0801263273864476,0,/data/bp4d/M004/frame_026017.png,0,M004
26000,27000,56.14206390021649,2.545453676270033,0,/data/bp4d/M004/frame_026497.png,1,M004
26500,27500,56.24947764586025,2.4643354128997896,0,/data/bp4d/M004/frame_027018.png,0,M004
27000,28000,58.43479903046295,2.0749301321427938,0,/data/bp4d/M004/frame_027498.png,0,M004
27500,28500,59.419399147604665,2.098184112650815,0,/data/bp4d/M004/frame_028018.png,1,M004
28000,29000,59.25421547507768,2.112411901146732,0,/data/bp4d/M004/frame_028498.png,0,M004
28500,29500,59.71992481894777,2.1321862097208837,0,/data/bp4d/M004/frame_029019.png,0,M004
29000,30000,60.20817782540135,2.084334731158186,0,/data/bp4d/M004/frame_029499.png,0,M004
29500,30500,59.72331268636706,2.0217783904799824,0,/data/bp4d/M004/frame_030020.png,0,M004
30000,31000,61.23598029583191,2.030562563610958,0,/data/bp4d/M004/frame_030500.png,1,M004
30500,31500,61.12772047780034,1.8189487374884843,0,/data/bp4d/M004/frame_030980.png,0,M004
31000,32000,55.0902252251893,2.7556901023206177,0,/data/bp4d/M004/frame_031501.png,0,M004
31500,32500,46.811001423680764,4.312742475100043,1,/data/bp4d/M004/frame_031981.png,1,M004
32000,33000,43.72085708943016,5.032075817663671,1,/data/bp4d/M004/frame_032501.png,1,M004
32500,33500,45.270969045751,5.0273217521528055,1,/data/bp4d/M004/frame_032981.png,1,M004
33000,34000,45.849602404803484,5.013318162204891,1,/data/bp4d/M004/frame_033502.png,1,M004
33500,34500,44.536399586704356,4.932697279664494,1,/data/bp4d/M004/frame_033982.png,1,M004
34000,35000,43.94896033782625,4.985422883633279,1,/data/bp4d/M004/frame_034503.png,1,M004
34500,35500,45.982096265532654,5.182061269759008,1,/data/bp4d/M004/frame_034983.png,1,M004
35000,36000,46.95884578929533,5.083049795232775,1,/data/bp4d/M004/frame_035503.png,0,M004
35500,36500,49.52474334334281,4.398749359986613,1,/data/bp4d/M004/frame_035983.png,1,M004
36000,37000,56.16462735822246,2.866355435894278,0,/data/bp4d/M004/frame_036504.png,0,M004
36500,37500,59.958215141003684,2.067171240455322,0,/data/bp4d/M004/frame_036984.png,0,M004
37000,38000,54.81613841909612,3.484298381023889,1,/data/bp4d/M004/frame_037505.png,1,M004
37500,38500,51.59054268466707,4.009844809232452,1,/data/bp4d/M004/frame_037985.png,1,M004
38000,39000,57.138281306078746,2.4748313571469556,0,/data/bp4d/M004/frame_038505.png,0,M004
38500,39500,61.45700549096434,1.9034342932697776,0,/data/bp4d/M004/frame_038985.png,0,M004
39000,40000,60.65513348012386,2.0241102779138176,0,/data/bp4d/M004/frame_039506.png,0,M004
39500,40500,60.86762278857405,2.0117424292802086,0,/data/bp4d/M004/frame_039986.png,0,M004
40000,41000,60.047109898274584,2.0369674988337776,0,/data/bp4d/M004/frame_040507.png,0,M004
40500,41500,58.0355225064759,2.016262671106549,0,/data/bp4d/M004/frame_040987.png,0,M004
41000,42000,59.927167402588445,1.8532174989275247,0,/data/bp4d/M004/frame_041507.png,1,M004
41500,42500,60.73161189768135,1.9464884799025044,0,/data/bp4d/M004/frame_041987.png,0,M004
42000,43000,60.453576466133406,1.9927472956350427,0,/data/bp4d/M004/frame_042508.png,0,M004
42500,43500,59.14494057074184,1.8604118747668459,0,/data/bp4d/M004/frame_042988.png,0,M004
43000,44000,60.756270400963814,1.8334037459748165,0,/data/bp4d/M004/frame_043509.png,0,M004
43500,44500,61.4368547439939,1.9644626934300515,0,/data/bp4d/M004/frame_043989.png,0,M004
44000,45000,53.97270723775163,3.181641087475374,0,/data/bp4d/M004/frame_044509.png,0,M004
44500,45500,51.70312898588726,3.6675485483132295,1,/data/bp4d/M004/frame_044989.png,1,M004
45000,46000,53.05408682032947,3.3189139036035997,0,/data/bp4d/M004/frame_045510.png,0,M004
45500,46500,51.9410212279342,3.756309468554109,1,/data/bp4d/M004/frame_045990.png,1,M004
46000,47000,49.50024167579879,3.8553758795855715,1,/data/bp4d/M004/frame_046511.png,1,M004
46500,47500,44.371608734514176,4.288282618426866,1,/data/bp4d/M004/frame_046991.png,1,M004
47000,48000,43.14221304821301,4.939045239734803,1,/data/bp4d/M004/frame_047511.png,0,M004
47500,48500,45.42730842973951,5.009578585145255,1,/data/bp4d/M004/frame_047991.png,1,M004
48000,49000,45.739766591105926,5.055141023033078,1,/data/bp4d/M004/frame_048512.png,0,M004
48500,49500,48.104831053097044,4.225818484931252,1,/data/bp4d/M004/frame_048992.png,1,M004
49000,50000,55.47172211817166,2.6198900407366175,0,/data/bp4d/M004/frame_049513.png,0,M004
49500,50500,59.91556757729793,2.1137094154954483,0,/data/bp4d/M004/frame_049993.png,0,M004
50000,51000,53.58993839273398,3.658728123759547,1,/data/bp4d/M004/frame_050513.png,0,M004
50500,51500,50.02382330744056,4.147213860287365,1,/data/bp4d/M004/frame_050993.png,1,M004
51000,52000,51.73546078189449,3.5494284458699012,1,/data/bp4d/M004/frame_051514.png,1,M004
51500,52500,55.59409539199796,2.976727878611509,0,/data/bp4d/M004/frame_051994.png,0,M004
52000,53000,60.582494600433876,2.0141306665477328,0,/data/bp4d/M004/frame_052515.png,0,M004
52500,53500,60.6218523936128,2.0521244788970496,0,/data/bp4d/M004/frame_052995.png,0,M004
53000,54000,59.278767792312436,2.09250551088451,0,/data/bp4d/M004/frame_053515.png,0,M004
53500,54500,54.68095992140353,2.9824145972232063,0,/data/bp4d/M004/frame_053995.png,1,M004
54000,55000,48.43678325131825,4.543850428895869,1,/data/bp4d/M004/frame_054516.png,1,M004
54500,55500,44.30655594980516,5.011306234832554,1,/data/bp4d/M004/frame_054996.png,1,M004
55000,56000,51.59889503568822,3.5907912547279603,1,/data/bp4d/M004/frame_055517.png,1,M004
55500,56500,54.84676187468474,3.1466626281028054,0,/data/bp4d/M004/frame_055997.png,0,M004
56000,57000,49.56448663119646,3.9435269642182407,1,/data/bp4d/M004/frame_056517.png,1,M004
56500,57500,48.29126881298637,4.222077536012255,1,/data/bp4d/M004/frame_056997.png,1,M004
57000,58000,51.8349331099247,3.7543254601079012,1,/data/bp4d/M004/frame_057518.png,1,M004
57500,58500,50.44624054429714,3.988819028714383,1,/data/bp4d/M004/frame_057998.png,1,M004
58000,59000,47.23961982048881,4.560514343655545,1,/data/bp4d/M004/frame_058519.png,0,M004
58500,59500,50.85524348560957,3.924836246349059,1,/data/bp4d/M004/frame_058999.png,0,M004
