k,status,x,y,w,h,rx,ry,lx,ly,nx,ny
0,FAILED,,,,,,,,,,
1,OK,162,-9,958,958,541.87,422.7,720.92,417.78,652.09,521.03
2,OK,161,0,958,958,540.84,430.98,719.87,425.28,651.62,531.17
3,OK,158,0,969,969,540.89,434.3,722.04,426.34,653.05,538.16
4,OK,152,-8,981,981,541.1,431.7,724.53,426.21,652.33,536.89
5,OK,162,-4,967,967,545.18,429.43,726.01,424.29,656.19,532.45
6,OK,168,-3,960,960,548.36,425.77,727.93,423.9,658.01,530.01
7,OK,156,-13,969,969,539.67,421.97,720.62,413.34,650.09,525.73
8,OK,154,-21,962,962,534.79,413.71,714.37,403.35,645.62,512.54
9,OK,141,-30,973,973,525.95,411.4,707.3,397.03,638.61,509.56
10,OK,124,-46,991,991,517.65,406.23,702.67,394.08,627.98,499.82
11,OK,135,-37,966,966,519.71,401.4,700.18,391.77,626.66,497.36
12,OK,128,-45,966,966,514.78,393.91,695.17,382.5,618.25,489.43
13,OK,117,-61,985,985,512.56,387.38,696.56,376.89,615.2,481.12
14,OK,124,-56,968,968,513.74,382.47,694.59,373.89,613.63,477.97
15,OK,123,-61,969,969,512.96,378.2,694.1,373.29,611.04,471.76
16,OK,114,-71,973,973,506.11,368.07,688.17,369.01,603.56,462.77
17,OK,114,-66,965,965,502.98,369.05,683.48,371.76,598.86,462.48
18,OK,99,-70,976,976,494.67,371.94,677.29,372.06,588.61,465.27
19,OK,78,-84,1001,1001,485.96,372.37,673.17,370.12,577.92,462.51
20,OK,65,-83,1001,1001,475.95,374.2,663.11,370.97,560.81,463.3
21,OK,63,-81,992,992,472.54,375.14,658.03,368.1,553.2,459.12
22,OK,77,-70,966,966,477.1,368.16,657.78,367.63,552.98,459.31
23,OK,77,-79,981,981,481.93,365.59,665.45,368.32,560.73,456.4
24,OK,86,-82,992,992,491.84,369.72,677.28,368.55,580.13,459.27
25,OK,112,-67,973,973,505.0,378.13,686.71,368.79,601.15,465.05
26,OK,127,-75,974,974,519.4,370.02,701.59,368.81,619.33,456.23
27,OK,127,-68,966,966,516.02,371.6,696.68,368.05,614.82,460.69
28,OK,123,-61,969,969,512.93,376.62,694.1,374.08,610.74,471.33
29,OK,116,-68,985,985,512.75,376.94,696.93,376.14,611.54,472.65
30,OK,118,-67,975,975,512.34,374.48,694.72,374.62,608.34,467.06
31,OK,123,-68,970,970,515.35,370.81,696.83,374.45,611.08,461.89
32,OK,152,-70,967,967,536.86,365.27,717.54,373.24,644.1,457.35
33,OK,157,-76,976,976,545.36,362.79,727.6,374.2,654.55,456.65
34,OK,154,-72,977,977,543.45,365.33,725.61,379.58,649.9,461.5
35,OK,156,-71,971,971,542.61,364.64,723.92,375.13,650.59,459.57
36,OK,160,-74,966,966,544.52,362.48,724.86,372.55,652.61,452.05
37,OK,158,-78,970,970,544.21,364.57,725.48,369.43,652.86,447.64
38,OK,151,-90,985,985,540.38,365.87,724.65,363.95,653.72,439.97
39,OK,156,-89,978,978,545.58,363.45,728.39,359.32,653.14,439.21
40,OK,167,-77,963,963,551.02,364.16,731.14,362.66,656.17,446.55
41,OK,158,-85,972,972,545.3,361.58,726.97,366.25,651.87,439.78
42,OK,125,-91,995,995,525.46,367.54,711.54,372.43,627.25,442.74
43,OK,120,-82,986,986,518.3,368.17,702.64,373.8,615.91,452.71
44,OK,125,-73,984,984,519.37,372.63,703.32,377.48,624.64,463.44
45,OK,140,-57,966,966,522.84,379.69,703.59,380.52,633.55,473.23
46,OK,126,-63,984,984,517.31,381.22,701.29,380.16,627.48,478.44
47,OK,123,-64,985,985,515.37,384.54,699.43,377.4,624.36,476.77
48,OK,122,-62,986,986,516.05,385.6,700.37,377.66,623.66,481.24
49,OK,141,-51,960,960,523.83,384.44,703.26,378.86,629.79,477.98
50,OK,133,-72,997,997,527.76,385.02,713.85,374.36,641.85,473.03
51,OK,141,-76,1008,1008,537.58,386.36,725.59,373.28,658.57,476.59
52,OK,142,-73,1011,1011,538.68,391.64,727.02,375.22,661.35,481.92
53,OK,139,-76,1004,1004,535.94,386.84,723.31,373.66,652.66,473.55
54,OK,141,-68,987,987,531.15,385.26,715.41,372.82,646.53,472.17
55,OK,122,-68,997,997,518.13,393.28,703.88,376.71,630.15,476.5
56,OK,113,-53,991,991,507.64,404.29,691.41,380.87,617.83,491.98
57,OK,107,-45,1000,1000,502.41,415.4,687.01,385.12,620.42,511.38
58,OK,93,-43,1009,1009,494.14,421.19,680.58,391.6,608.47,516.5
59,OK,90,-41,1010,1010,491.51,426.24,678.13,396.49,605.8,517.77
60,OK,95,-38,1006,1006,493.38,426.44,678.74,394.22,610.06,520.68
61,OK,105,-37,997,997,498.69,426.56,681.55,390.46,616.11,513.71
62,OK,113,-36,993,993,503.48,428.17,684.49,386.58,625.05,512.74
63,OK,105,-52,1006,1006,502.24,428.73,684.58,382.04,623.89,497.94
64,OK,86,-66,1019,1019,491.49,424.39,676.32,378.21,606.45,486.46
65,OK,85,-67,1006,1006,489.39,416.07,674.16,380.76,595.32,474.51
66,OK,99,-68,982,982,493.79,409.14,674.48,375.99,597.28,453.44
67,OK,89,-100,1014,1014,495.22,393.44,681.96,360.62,604.87,438.7
68,OK,99,-96,1009,1009,501.27,389.99,687.87,361.73,612.7,441.21
69,OK,103,-92,1014,1014,507.11,390.76,695.4,367.43,619.51,452.39
70,OK,101,-92,1021,1021,507.12,394.96,696.32,368.79,621.12,454.21
71,OK,116,-76,1000,1000,514.75,393.23,700.43,370.49,625.98,467.71
72,OK,119,-75,1002,1002,517.53,397.81,703.28,373.68,630.59,468.06
73,OK,110,-90,1020,1020,515.17,394.24,704.91,374.06,630.57,457.34
74,OK,101,-86,1008,1008,506.78,390.32,694.39,371.41,611.18,456.6
75,OK,86,-79,1013,1013,496.54,393.25,685.15,375.75,593.74,470.02
76,OK,80,-69,1011,1011,490.51,401.12,678.36,380.24,586.93,482.01
77,OK,68,-68,1017,1017,482.14,409.26,670.52,382.52,576.89,485.53
78,OK,67,-56,1009,1009,477.93,413.23,664.87,387.12,570.84,496.76
79,OK,69,-55,1015,1015,481.74,416.83,669.54,388.78,577.76,502.46
80,OK,75,-57,1014,1014,486.38,413.24,674.34,387.71,584.06,499.66
81,OK,81,-60,1010,1010,490.2,409.14,677.36,383.77,589.05,494.98
82,OK,91,-70,1003,1003,495.73,397.8,681.75,374.24,596.53,476.66
83,OK,94,-93,1015,1015,501.19,386.43,689.38,361.25,608.17,454.49
84,OK,104,-103,1010,1010,507.53,377.41,694.93,353.92,618.13,440.32
85,OK,105,-106,1009,1009,507.21,377.37,694.31,353.36,617.96,432.46
86,OK,114,-105,1012,1012,514.47,386.47,701.5,357.99,632.32,430.19
87,OK,137,-100,996,996,526.49,380.37,710.6,352.33,652.96,431.33
88,OK,138,-99,1004,1004,531.26,384.79,716.24,352.63,657.58,437.72
89,OK,144,-101,999,999,536.48,381.96,720.4,349.0,658.08,432.38
90,OK,146,-111,1015,1015,544.41,385.76,730.24,346.81,669.64,426.92
91,OK,164,-110,1005,1005,559.58,381.14,744.34,347.09,681.22,421.25
92,OK,188,-99,996,996,578.46,383.5,762.38,353.42,703.2,430.13
93,OK,191,-91,991,991,581.3,382.36,765.24,359.4,699.55,437.12
94,OK,177,-104,1005,1005,574.04,378.74,760.58,355.48,691.68,430.83
95,OK,159,-102,1013,1013,560.69,390.74,747.2,357.22,676.72,435.74
96,OK,172,-94,1007,1007,569.73,392.79,755.69,363.34,687.52,440.72
97,OK,181,-88,995,995,573.99,390.49,758.05,363.29,691.68,442.97
98,OK,182,-97,1004,1004,577.95,392.37,762.81,359.94,699.41,434.52
99,OK,183,-99,1008,1008,579.07,391.85,764.23,356.66,702.73,437.3
100,OK,200,-85,990,990,588.21,393.29,771.08,364.27,710.9,442.56
101,OK,157,-66,1003,1003,558.9,418.19,742.18,378.56,667.4,473.09
102,OK,142,-35,1016,1016,547.25,448.22,731.07,399.92,661.31,523.39
103,OK,149,6,1004,1004,547.81,469.94,731.03,429.06,663.27,568.0
104,OK,117,-10,1070,1070,542.74,489.06,737.53,443.37,664.71,584.23
105,OK,120,-7,1070,1070,545.22,493.19,739.54,445.54,668.46,587.19
106,OK,126,13,1056,1056,547.05,499.79,739.21,454.59,666.1,605.17
107,OK,129,21,1053,1053,547.41,504.1,738.97,458.07,667.43,613.15
108,OK,135,26,1045,1045,550.42,506.85,740.1,459.81,669.36,614.03
109,OK,135,20,1051,1051,553.14,505.82,744.28,460.04,671.47,607.41
110,OK,136,23,1047,1047,553.07,507.38,743.54,461.65,670.15,607.67
111,OK,136,28,1040,1040,550.63,507.41,739.23,459.81,667.47,612.69
112,OK,136,27,1040,1040,550.6,505.66,739.6,459.6,668.67,611.48
113,OK,141,31,1031,1031,551.79,503.74,739.65,459.92,667.72,611.22
114,OK,142,24,1032,1032,552.79,499.92,740.61,455.72,670.92,602.64
115,OK,134,10,1052,1052,551.36,497.2,742.48,450.66,674.23,599.98
116,OK,131,11,1055,1055,549.12,496.27,741.48,452.02,670.97,602.78
117,OK,135,9,1049,1049,550.15,493.67,741.05,448.14,672.83,596.05
118,OK,129,3,1058,1058,548.51,495.56,739.97,445.75,673.69,595.3
119,OK,130,5,1055,1055,548.09,491.87,739.92,445.93,671.14,596.37
120,OK,128,4,1058,1058,547.81,492.58,739.79,444.82,671.12,597.93
121,OK,120,-3,1069,1069,544.3,494.0,738.16,445.15,667.19,593.3
122,OK,122,1,1063,1063,544.49,493.13,737.77,446.73,666.6,595.83
123,OK,124,5,1057,1057,543.37,494.58,735.39,447.38,666.47,595.77
124,OK,134,12,1038,1038,546.28,490.14,735.83,448.16,665.39,594.23
125,OK,139,8,1026,1026,546.28,485.14,733.41,442.7,664.39,579.46
126,OK,141,6,1027,1027,546.51,485.26,732.87,438.92,668.84,576.26
127,OK,132,-3,1046,1046,544.35,483.62,734.37,437.19,671.06,580.84
128,OK,138,5,1031,1031,543.44,485.03,730.08,436.25,670.64,579.43
129,OK,133,-3,1024,1024,536.8,477.99,721.83,428.63,662.22,566.51
130,OK,133,1,1020,1020,534.21,474.85,719.52,429.69,659.81,569.78
131,OK,139,-4,1015,1015,537.11,471.7,720.73,423.57,664.26,558.78
132,OK,136,-13,1027,1027,538.75,466.44,724.01,415.51,667.52,560.58
133,OK,144,-20,1026,1026,546.62,461.33,731.02,408.17,677.03,551.5
134,OK,158,-20,1013,1013,555.91,454.58,739.23,407.06,680.77,542.22
135,OK,177,-18,997,997,570.76,443.95,752.68,403.44,688.52,537.78
136,OK,172,-35,1010,1010,572.8,440.13,755.92,393.61,690.76,524.35
137,OK,160,-43,1023,1023,566.65,440.27,751.83,392.06,684.02,520.01
138,OK,146,-47,1025,1025,551.42,441.58,735.57,388.01,672.89,515.59
139,OK,135,-39,1042,1042,543.61,460.49,728.88,399.76,676.67,535.52
140,OK,134,-28,1033,1033,537.22,464.76,722.06,408.53,671.59,539.81
141,OK,115,-31,1025,1025,516.98,457.03,700.74,402.39,646.1,533.12
142,OK,97,-29,1033,1033,503.58,465.18,687.25,405.45,631.8,539.63
143,OK,103,-28,1015,1015,503.38,455.1,685.36,401.35,626.06,531.45
144,OK,103,-35,1016,1016,504.76,448.1,686.88,393.58,626.93,526.12
145,OK,116,-38,1015,1015,515.12,445.82,695.73,387.17,641.09,522.46
146,OK,132,-50,1018,1018,531.23,442.66,712.73,384.91,660.83,505.45
147,OK,140,-50,1026,1026,543.72,440.28,727.97,386.47,670.27,512.87
148,OK,135,-61,1037,1037,545.74,433.93,732.67,382.04,666.93,507.91
149,OK,152,-66,1027,1027,558.86,426.4,744.92,378.91,678.2,493.04
150,OK,161,-71,1028,1028,567.98,422.7,754.27,375.45,690.59,488.14
151,OK,180,-67,1019,1019,576.52,416.49,762.22,373.42,709.45,489.89
152,OK,197,-89,1001,1001,583.18,386.98,767.11,351.76,719.1,453.65
153,OK,186,-111,999,999,573.66,362.85,758.41,335.38,705.65,428.3
154,OK,159,-150,1034,1034,561.59,340.7,754.74,332.05,694.57,397.97
155,OK,179,-137,988,988,554.96,333.09,739.53,322.72,698.91,386.77
156,OK,140,-182,1053,1053,549.15,312.42,745.66,325.62,685.73,370.74
157,OK,150,-178,1035,1035,549.9,301.84,743.16,312.8,688.81,370.91
158,OK,143,-185,1018,1018,538.31,290.89,728.42,300.8,672.6,353.0
159,OK,119,-204,1040,1040,523.22,287.92,717.57,297.1,659.29,340.29
160,OK,90,-227,1062,1062,502.12,281.37,700.8,280.96,640.59,328.73
161,OK,63,-246,1101,1101,493.64,275.86,699.51,273.59,630.59,333.67
162,OK,82,-246,1082,1082,504.02,259.39,706.29,260.87,642.32,330.97
163,OK,75,-269,1112,1112,515.02,244.97,722.65,257.37,644.96,324.68
164,OK,96,-278,1109,1109,532.19,235.39,738.81,252.36,665.51,308.73
165,OK,124,-255,1070,1070,540.79,233.01,740.38,247.82,677.76,321.05
166,OK,82,-299,1137,1137,533.07,225.93,744.58,248.05,661.99,302.86
167,OK,112,-277,1084,1084,536.03,216.56,737.99,233.87,671.09,305.53
168,OK,103,-283,1092,1092,536.59,220.54,740.02,238.76,660.23,297.77
169,OK,113,-261,1070,1070,535.66,236.39,735.66,243.09,661.5,308.65
170,OK,119,-230,1056,1056,538.5,258.61,735.92,263.18,658.75,336.23
171,OK,141,-203,1030,1030,548.48,273.26,741.02,277.89,667.43,348.76
172,OK,200,-123,940,940,572.61,297.6,748.27,306.18,680.15,393.03
173,OK,221,-82,908,908,580.45,320.88,750.17,324.23,686.0,423.21
174,OK,220,-70,909,909,578.01,342.84,748.0,342.69,685.51,426.91
175,OK,201,-69,922,922,567.58,349.75,739.97,346.12,670.95,437.14
176,OK,176,-88,935,935,549.09,343.63,723.87,335.65,649.65,419.82
177,OK,180,-105,923,923,548.22,323.84,720.9,320.34,648.48,390.15
178,OK,162,-99,955,955,544.54,336.55,723.13,331.4,646.03,422.81
179,OK,146,-112,979,979,538.6,338.45,721.5,329.79,641.53,421.11
180,OK,157,-105,973,973,544.16,342.18,725.98,333.34,651.66,425.42
181,OK,173,-97,965,965,552.65,345.16,732.76,332.46,667.7,431.2
182,OK,169,-107,978,978,556.2,344.09,738.32,327.97,670.45,429.26
183,OK,216,-78,935,935,579.47,345.12,753.79,332.14,699.55,439.92
184,OK,225,-69,923,923,583.04,345.15,755.26,333.05,703.26,446.82
185,OK,223,-66,919,919,581.67,348.74,753.01,335.23,698.16,445.96
186,OK,216,-72,932,932,580.5,348.93,754.22,335.46,697.05,447.72
187,OK,219,-70,924,924,582.37,345.55,754.91,336.23,694.9,443.5
188,OK,220,-73,926,926,584.32,341.86,757.36,336.89,695.48,440.86
189,OK,221,-72,925,925,584.56,345.01,757.3,336.0,695.79,440.16
190,OK,218,-72,929,929,583.43,346.72,757.05,339.14,693.8,442.07
191,OK,235,-61,903,903,590.12,345.82,759.0,341.19,697.95,438.4
192,OK,238,-69,907,907,593.61,337.94,763.19,336.73,704.71,431.63
193,OK,244,-74,903,903,596.61,333.88,765.56,332.03,709.36,421.95
194,OK,249,-66,894,894,602.29,332.63,769.43,336.78,708.03,429.11
195,OK,258,-71,901,901,611.07,336.7,779.68,337.13,722.51,421.56
196,OK,258,-65,897,897,611.46,337.25,779.11,343.7,717.86,425.81
197,OK,234,-92,916,916,595.08,333.64,766.09,324.07,703.84,405.01
198,OK,235,-102,919,919,592.47,327.82,763.66,312.55,710.03,395.36
199,OK,247,-106,904,904,596.16,322.09,764.47,305.79,718.7,379.61
200,OK,233,-118,927,927,590.92,319.44,763.92,306.99,715.57,376.79
201,OK,195,-137,968,968,574.44,320.61,755.27,313.97,693.39,377.11
202,OK,180,-128,961,961,558.77,319.92,738.42,314.97,672.1,387.64
203,OK,172,-113,948,948,546.8,326.82,724.08,321.95,658.45,399.51
204,OK,142,-121,980,980,531.06,335.03,714.24,327.88,642.08,407.32
205,OK,145,-115,966,966,528.45,335.44,708.71,324.35,638.38,406.46
206,OK,144,-115,967,967,527.72,335.72,708.46,327.46,636.08,406.26
207,OK,148,-104,953,953,527.55,337.37,705.76,332.91,633.21,409.49
208,OK,152,-104,956,956,531.35,336.94,709.98,331.18,640.63,414.15
209,OK,176,-99,955,955,550.84,331.99,729.4,338.03,666.41,421.12
210,OK,189,-100,958,958,562.43,334.95,741.57,336.84,684.46,423.4
211,OK,200,-92,947,947,569.33,335.96,746.49,340.15,688.29,424.53
212,OK,205,-87,947,947,573.19,343.03,750.32,343.39,695.37,429.14
213,OK,177,-115,987,987,566.03,336.86,750.49,341.62,683.55,417.54
214,OK,173,-115,990,990,563.78,337.39,748.99,339.47,681.55,423.03
215,OK,163,-129,995,995,557.56,336.16,743.71,334.81,670.46,400.81
216,OK,155,-131,998,998,554.0,333.09,740.74,331.99,661.52,404.26
217,OK,147,-126,997,997,544.22,335.66,730.64,331.47,653.27,410.8
218,OK,136,-131,1011,1011,540.18,337.86,729.13,332.55,648.88,412.85
219,OK,127,-132,1017,1017,533.1,336.64,723.21,335.0,642.83,416.52
220,OK,136,-119,991,991,531.15,339.55,716.39,333.36,639.66,417.4
221,OK,148,-106,978,978,537.71,344.43,720.67,341.44,645.72,424.85
222,OK,130,-108,994,994,528.47,347.91,714.32,347.5,633.74,431.69
223,OK,130,-99,982,982,525.05,347.74,708.71,348.78,626.85,435.95
224,OK,135,-97,970,970,523.42,346.45,704.86,346.18,626.42,429.81
225,OK,149,-107,973,973,533.88,336.66,715.95,337.1,646.79,421.84
226,OK,174,-112,949,949,543.64,327.49,721.11,324.46,664.11,399.18
227,OK,194,-104,936,936,555.92,326.57,730.96,327.93,681.31,402.18
228,OK,186,-108,947,947,555.25,325.0,732.29,329.42,675.84,403.23
229,OK,172,-109,955,955,546.57,326.47,725.1,328.09,663.0,409.3
230,OK,153,-98,953,953,529.74,345.23,707.83,340.86,640.35,413.3
231,OK,118,-82,969,969,505.29,368.37,685.87,352.21,608.95,444.08
232,OK,79,-89,1000,1000,482.76,371.21,669.12,355.11,583.98,460.48
233,OK,71,-89,1005,1005,476.85,375.08,663.9,355.88,577.36,461.74
234,OK,78,-78,995,995,478.06,380.04,663.02,359.92,579.86,468.35
235,OK,72,-72,998,998,475.17,388.57,660.04,363.09,575.35,478.38
236,OK,78,-65,997,997,478.52,394.1,663.46,369.84,582.97,485.68
237,OK,66,-75,1014,1014,475.69,390.44,664.26,370.76,577.62,483.74
238,OK,71,-71,1006,1006,476.99,390.91,664.05,371.15,578.23,483.7
239,OK,68,-73,1011,1011,476.19,391.37,664.23,371.05,577.01,482.81
240,OK,72,-69,1003,1003,476.19,391.33,662.61,371.04,577.46,483.36
241,OK,72,-70,1002,1002,476.35,390.59,662.61,370.02,578.0,481.96
242,OK,79,-64,997,997,480.63,393.47,665.97,372.15,581.52,486.78
243,OK,83,-62,991,991,482.19,391.6,666.6,372.77,582.11,485.21
244,OK,86,-67,993,993,484.83,385.89,669.83,370.64,587.35,480.51
245,OK,83,-70,999,999,484.94,386.55,671.17,371.25,587.63,479.21
246,OK,91,-73,987,987,487.56,382.0,671.5,366.25,588.5,466.65
247,OK,81,-80,1006,1006,486.56,382.87,674.16,367.3,589.18,471.07
248,OK,87,-73,997,997,486.88,384.25,672.74,369.92,591.92,474.31
249,OK,86,-67,992,992,484.12,384.9,669.34,372.87,588.21,481.04
250,OK,78,-65,999,999,478.92,388.79,665.32,375.99,582.95,487.58
251,OK,78,-61,998,998,478.91,392.92,665.04,379.84,582.24,491.39
252,OK,83,-60,995,995,482.11,392.38,667.79,379.23,586.02,489.54
253,OK,82,-62,999,999,483.95,390.68,670.59,381.55,585.19,487.97
254,OK,89,-55,988,988,487.79,392.74,672.22,381.68,586.63,491.73
255,OK,90,-61,1003,1003,492.7,395.34,679.85,382.58,596.37,492.48
256,OK,94,-55,995,995,493.97,397.78,679.49,383.0,596.22,494.27
257,OK,96,-54,994,994,497.23,399.32,682.62,384.53,597.73,495.33
258,OK,107,-45,984,984,502.2,400.2,685.78,386.15,604.86,501.38
259,OK,104,-53,990,990,502.33,397.35,686.85,382.41,603.53,495.03
260,OK,99,-56,999,999,500.64,399.05,686.77,382.36,603.89,496.33
261,OK,107,-53,991,991,504.25,398.95,688.75,380.91,607.89,495.68
262,OK,110,-50,987,987,506.31,398.28,690.29,382.14,608.23,496.01
263,OK,106,-49,991,991,503.01,399.82,687.89,386.21,606.8,499.27
264,OK,104,-49,990,990,501.83,399.25,686.73,389.52,604.0,498.97
265,OK,102,-49,991,991,501.16,396.36,686.38,392.09,601.4,499.56
266,OK,104,-45,986,986,500.73,397.95,684.98,393.02,601.93,501.31
267,OK,103,-43,987,987,500.34,398.31,684.84,396.14,599.71,503.5
268,OK,104,-42,988,988,501.68,397.98,686.48,396.26,602.7,507.22
269,OK,105,-39,979,979,499.33,397.85,682.5,396.75,598.47,504.08
270,OK,101,-48,992,992,501.41,394.1,686.99,393.2,600.88,503.93
271,OK,118,-41,975,975,508.38,391.84,690.67,391.45,610.69,502.02
272,OK,117,-49,987,987,509.83,395.85,694.23,387.27,618.16,498.01
273,OK,117,-54,979,979,510.68,383.55,693.73,385.24,610.29,486.58
274,OK,116,-61,981,981,510.83,378.07,694.25,384.37,610.4,477.08
275,OK,110,-70,978,978,505.78,360.93,688.26,373.99,602.35,472.47
276,OK,104,-76,980,980,499.37,358.23,682.18,370.19,598.08,465.06
277,OK,100,-79,977,977,493.82,355.64,676.23,365.94,592.55,459.05
278,OK,94,-90,989,989,491.05,353.63,675.89,360.86,593.61,451.43
279,OK,108,-94,983,983,501.29,346.2,684.73,359.3,605.36,442.87
280,OK,113,-115,997,997,512.16,336.29,698.11,348.98,618.48,424.8
281,OK,129,-112,981,981,521.16,332.57,704.47,340.91,626.33,419.8
282,OK,130,-116,988,988,525.71,333.75,710.13,344.45,631.68,418.83
283,OK,165,-90,953,953,541.66,336.23,719.38,349.91,651.62,429.76
284,OK,165,-89,950,950,540.52,336.72,717.38,352.88,653.03,428.13
285,OK,126,-116,979,979,516.96,328.91,699.66,341.78,622.84,411.23
286,OK,126,-107,962,962,509.32,330.82,689.06,340.51,614.94,414.32
287,OK,105,-115,985,985,497.47,338.11,681.65,339.66,606.41,415.81
288,OK,106,-112,987,987,498.53,338.71,683.09,343.23,608.24,421.41
289,OK,102,-108,985,985,494.79,343.45,678.96,350.34,603.02,421.75
290,OK,106,-113,985,985,496.93,340.21,681.13,346.68,608.91,415.75
291,OK,120,-99,958,958,498.9,342.59,678.02,344.78,610.63,418.03
292,OK,106,-111,978,978,491.62,342.41,674.49,341.25,607.31,415.55
293,OK,109,-114,964,964,493.23,333.73,673.55,336.75,598.77,402.17
294,OK,102,-124,986,986,495.88,332.98,680.31,337.48,602.51,403.13
295,OK,107,-121,986,986,503.4,334.54,687.42,346.06,606.06,404.41
296,OK,116,-111,979,979,506.99,338.34,689.78,349.54,611.88,413.24
297,OK,121,-105,975,975,510.81,340.02,692.7,353.79,615.92,417.8
298,OK,126,-105,972,972,515.48,339.75,696.9,351.19,619.0,417.26
299,OK,124,-111,981,981,516.47,338.21,699.5,350.72,620.21,415.28
300,OK,135,-108,969,969,522.6,331.03,703.4,342.89,626.68,415.25
301,OK,141,-100,957,957,524.61,330.62,702.97,346.0,625.16,418.14
302,OK,121,-102,969,969,512.79,337.3,693.34,353.83,608.13,420.03
303,OK,102,-120,994,994,505.53,332.39,690.32,352.24,600.29,413.15
304,OK,116,-112,975,975,507.86,328.39,689.11,349.06,607.64,412.19
305,OK,120,-118,976,976,513.25,326.71,694.89,345.67,613.84,404.88
306,OK,138,-108,954,954,522.61,321.8,700.78,331.86,619.58,412.32
307,OK,140,-108,952,952,520.39,324.97,698.36,327.6,622.85,411.25
308,OK,126,-92,963,963,509.59,350.12,689.28,338.0,615.09,435.2
309,OK,135,-45,934,934,507.04,382.97,680.81,364.56,611.4,471.89
310,OK,167,-26,916,916,524.73,398.23,694.28,373.28,641.37,479.67
311,OK,169,-31,937,937,534.72,400.19,708.02,374.04,653.83,487.78
312,OK,128,-33,988,988,519.78,421.11,701.07,385.37,633.82,519.26
313,OK,114,-44,1002,1002,514.42,419.75,698.19,382.72,624.95,512.83
314,OK,123,-52,1006,1006,522.93,424.41,703.72,372.52,638.84,503.82
315,OK,141,-54,988,988,530.21,413.6,709.0,367.13,651.36,490.31
316,OK,151,-48,946,946,522.67,394.26,696.06,358.91,639.68,473.62
317,OK,170,-49,928,928,533.68,375.95,705.87,354.28,648.36,466.06
318,OK,176,-47,927,927,537.68,382.92,709.13,356.54,654.9,463.94
319,OK,154,-63,987,987,538.41,405.94,718.21,364.51,666.09,475.2
320,OK,142,-59,980,980,527.42,404.33,706.3,364.66,647.57,477.99
321,OK,128,-75,1003,1003,522.36,401.62,704.97,358.76,646.28,471.93
322,OK,127,-101,996,996,517.08,383.97,696.54,333.69,643.47,435.73
323,OK,129,-81,977,977,517.5,379.38,697.15,346.22,628.47,452.43
324,OK,146,-79,963,963,526.85,365.99,705.83,345.53,638.58,448.38
325,OK,160,-79,952,952,536.34,357.3,714.14,347.34,647.24,443.02
326,OK,158,-102,962,962,537.38,344.38,717.0,334.22,651.51,419.11
327,OK,158,-86,947,947,532.08,348.96,709.13,349.08,641.7,425.77
328,OK,129,-82,974,974,519.87,356.59,701.69,367.53,622.24,449.43
329,OK,122,-74,962,962,507.64,354.32,687.41,363.31,609.14,456.45
330,OK,105,-78,982,982,498.87,357.05,682.34,365.67,601.8,465.81
331,OK,98,-58,974,974,487.51,368.78,669.67,374.28,591.98,488.45
332,OK,104,-48,957,957,485.91,369.94,664.85,375.68,588.68,488.69
333,OK,101,-50,959,959,486.26,368.26,665.51,376.49,585.89,486.51
334,OK,99,-60,971,971,488.98,361.83,670.31,371.73,589.0,483.57
335,OK,99,-68,974,974,491.66,357.22,673.32,370.6,589.54,474.46
336,OK,101,-77,982,982,497.63,353.07,680.92,366.12,595.65,469.81
337,OK,130,-84,978,978,522.99,348.02,705.1,365.34,625.52,453.43
338,OK,144,-90,981,981,536.25,343.15,718.45,363.98,641.05,446.8
339,OK,163,-102,972,972,552.14,329.85,732.21,355.27,657.29,427.31
340,OK,169,-106,971,971,556.45,330.53,736.42,354.93,663.55,416.8
341,OK,167,-96,952,952,548.17,331.34,723.93,360.08,650.33,414.59
342,OK,145,-102,956,956,528.93,328.42,706.42,350.65,629.38,414.25
343,OK,133,-108,966,966,521.92,329.91,701.19,352.68,622.06,409.68
344,OK,125,-117,968,968,517.92,323.89,697.65,345.33,610.5,399.82
345,OK,128,-110,950,950,513.07,327.89,689.95,345.27,604.49,394.29
346,OK,128,-106,942,942,512.36,322.91,687.36,343.41,598.82,398.65
347,OK,121,-114,963,963,512.65,324.39,691.39,346.34,602.5,399.3
348,OK,124,-114,959,959,514.66,324.66,692.97,344.51,603.61,396.09
349,OK,120,-116,973,973,517.5,324.56,697.94,348.73,605.06,404.38
350,OK,122,-119,976,976,518.21,329.07,699.84,346.47,611.89,401.38
351,OK,125,-114,976,976,522.45,331.7,704.12,349.73,614.39,408.94
352,OK,135,-108,969,969,527.07,335.24,707.65,351.63,621.19,408.83
353,OK,149,-98,958,958,536.74,337.21,714.68,357.6,631.27,414.72
354,OK,154,-97,960,960,541.95,337.62,719.79,362.22,639.02,417.27
355,OK,150,-103,968,968,540.95,337.37,720.54,360.49,638.95,414.61
356,OK,144,-108,980,980,539.81,337.54,721.58,361.55,638.3,414.66
357,OK,144,-96,965,965,532.86,343.04,712.35,361.83,630.71,421.48
358,OK,139,-98,970,970,528.92,344.27,709.61,360.39,629.07,422.52
359,OK,135,-93,967,967,525.44,344.71,705.41,363.52,621.67,426.45
360,OK,113,-109,986,986,514.61,341.04,698.33,356.45,606.34,420.68
361,OK,108,-114,990,990,509.22,341.45,694.19,351.37,606.03,415.89
362,OK,105,-119,999,999,507.69,341.12,694.31,351.64,608.75,413.98
363,OK,87,-122,1011,1011,499.22,340.39,687.78,355.08,591.28,419.27
364,OK,72,-126,1030,1030,492.91,343.32,685.07,357.92,586.31,427.62
365,OK,76,-122,1027,1027,493.71,345.84,685.51,356.99,588.62,430.79
366,OK,92,-110,1008,1008,503.43,346.13,691.27,361.15,595.83,435.62
367,OK,86,-123,1027,1027,502.29,347.43,693.99,358.75,600.99,428.61
368,OK,89,-106,1003,1003,495.64,350.77,683.0,358.95,592.55,436.8
369,OK,80,-108,1005,1005,486.64,353.25,674.58,356.09,585.36,434.31
370,OK,78,-106,992,992,478.47,352.48,664.08,352.28,578.01,428.99
371,OK,75,-115,998,998,478.43,348.8,665.01,348.96,577.97,419.37
372,OK,92,-118,996,996,489.93,345.96,676.14,346.05,597.43,414.31
373,OK,107,-119,992,992,503.45,344.01,688.94,343.26,610.29,412.2
374,OK,143,-111,975,975,527.51,341.59,709.77,339.67,642.22,413.28
375,OK,138,-134,1006,1006,535.43,334.99,723.55,334.23,654.01,405.38
376,OK,129,-131,1011,1011,527.38,345.82,716.43,341.46,646.31,405.9
377,OK,130,-111,1010,1010,529.99,358.38,718.69,352.17,647.38,434.48
378,OK,151,-106,1009,1009,547.57,362.2,735.65,347.27,669.16,442.54
379,OK,142,-114,1033,1033,550.47,362.26,743.28,349.49,670.25,449.17
380,OK,154,-97,1023,1023,554.98,373.58,745.45,355.29,679.97,464.95
381,OK,145,-96,1038,1038,549.58,385.65,741.94,359.08,683.72,474.58
382,OK,136,-83,1009,1009,531.68,382.08,719.11,359.64,655.54,471.46
383,OK,115,-91,1015,1015,517.45,380.16,706.4,361.7,633.83,461.17
384,OK,109,-91,998,998,506.54,371.51,692.43,354.58,617.64,454.76
385,OK,105,-93,998,998,502.09,370.49,688.02,354.85,614.15,450.81
386,OK,103,-92,996,996,499.51,371.36,684.89,353.04,611.09,451.18
387,OK,102,-96,1002,1002,500.97,372.14,687.24,351.76,612.97,449.37
388,OK,105,-94,1001,1001,503.31,372.52,689.41,352.21,614.08,451.59
389,OK,103,-97,1004,1004,504.12,370.65,691.08,353.2,613.28,448.82
390,OK,99,-114,1018,1018,505.2,364.93,694.71,347.18,616.25,435.83
391,OK,112,-105,1006,1006,510.77,366.31,698.02,348.57,625.82,439.54
392,OK,130,-96,987,987,518.64,363.05,702.56,347.35,635.55,439.2
393,OK,135,-102,986,986,521.63,358.7,705.25,341.87,643.14,432.61
394,OK,131,-99,980,980,515.8,356.58,698.61,342.78,634.89,433.88
395,OK,103,-120,1013,1013,501.24,355.13,689.7,335.0,624.16,427.5
396,OK,112,-82,970,970,493.02,368.86,673.78,352.94,610.89,446.82
397,OK,85,-86,999,999,478.67,378.07,664.03,354.97,597.65,461.36
398,OK,81,-77,990,990,472.72,382.13,656.24,357.78,589.21,466.69
399,OK,87,-76,986,986,477.13,381.85,659.97,357.96,592.38,464.58
400,OK,84,-86,997,997,478.41,379.6,662.82,351.63,594.0,458.66
401,OK,101,-81,984,984,488.75,376.96,670.95,350.6,607.72,458.68
402,OK,101,-90,998,998,494.66,379.46,678.4,346.19,614.47,455.25
403,OK,121,-81,983,983,509.25,377.09,691.04,349.11,624.55,457.87
404,OK,120,-81,991,991,511.81,381.54,694.67,351.14,628.43,463.0
405,OK,125,-77,992,992,517.84,381.61,702.01,358.48,632.16,469.0
406,OK,126,-61,991,991,517.79,394.72,701.24,368.44,634.29,487.51
407,OK,128,-49,974,974,513.7,394.84,694.28,370.63,626.89,494.62
408,OK,118,-55,986,986,508.62,392.38,691.87,371.1,622.43,495.02
409,OK,110,-63,992,992,501.14,387.37,685.33,364.68,619.81,491.08
410,OK,118,-59,985,985,504.26,385.65,687.41,365.24,624.6,491.55
411,OK,110,-85,1003,1003,505.61,374.57,692.58,358.3,624.41,467.54
412,OK,126,-84,991,991,514.15,374.51,698.21,353.18,636.74,459.8
413,OK,125,-86,990,990,512.35,371.22,696.18,349.86,636.27,457.95
414,OK,120,-83,981,981,505.44,369.28,687.88,350.52,623.78,454.4
415,OK,116,-80,970,970,499.6,366.73,680.3,351.53,613.49,452.07
416,OK,105,-69,967,967,488.52,371.96,669.03,360.75,598.81,462.13
417,OK,75,-72,990,990,468.27,384.26,652.08,362.53,581.21,473.56
418,OK,60,-80,1001,1001,457.5,382.91,643.04,357.78,570.01,470.41
419,OK,54,-71,981,981,447.39,379.26,629.44,357.15,549.93,471.44
420,OK,48,-69,982,982,443.05,383.03,625.02,357.77,544.96,474.95
421,OK,25,-76,1010,1010,432.47,392.05,619.04,361.89,535.64,482.89
422,OK,17,-71,1012,1012,426.28,394.69,613.27,365.29,527.66,491.93
423,OK,8,-71,1016,1016,420.84,400.28,608.58,371.24,518.79,489.12
424,OK,16,-43,982,982,417.72,407.06,599.01,377.29,506.91,504.7
425,OK,9,-40,985,985,412.99,412.38,594.34,379.4,499.83,509.87
426,OK,11,-34,978,978,411.32,417.28,590.58,380.7,499.21,511.81
427,OK,14,-30,967,967,410.33,415.9,587.75,380.71,496.94,508.43
428,OK,12,-33,971,971,408.93,417.66,586.5,379.76,496.47,505.92
429,OK,9,-38,984,984,411.75,417.87,591.96,380.89,500.69,510.4
430,OK,7,-52,1008,1008,416.87,415.54,601.49,376.97,514.52,508.54
431,OK,16,-61,1014,1014,425.9,415.46,610.25,371.08,529.87,499.23
432,OK,18,-72,1027,1027,431.46,411.46,619.21,370.83,537.84,491.94
433,OK,38,-76,1020,1020,445.99,400.23,633.95,367.93,556.73,484.98
434,OK,53,-80,1017,1017,458.89,394.33,647.13,367.5,570.37,477.01
435,OK,70,-75,1001,1001,469.53,383.67,655.64,364.13,578.71,478.02
436,OK,85,-75,996,996,480.52,379.42,665.96,361.86,594.24,475.56
437,OK,99,-71,982,982,487.57,376.31,670.52,359.69,601.23,472.58
438,OK,106,-74,974,974,490.48,371.91,672.08,356.43,605.63,463.78
439,OK,107,-71,969,969,489.43,370.52,669.9,354.46,602.57,464.9
440,OK,98,-77,983,983,488.11,368.28,671.58,355.59,599.89,466.28
441,OK,99,-71,978,978,486.91,369.33,669.44,356.47,598.27,474.48
442,OK,101,-68,969,969,484.39,369.2,665.3,357.59,595.21,468.97
443,OK,87,-80,989,989,479.75,369.31,664.31,357.55,590.68,464.66
444,OK,83,-80,985,985,474.32,368.08,657.93,353.59,584.92,463.52
445,OK,75,-82,991,991,470.12,368.63,654.94,354.41,578.28,464.54
446,OK,77,-78,984,984,470.61,369.41,654.29,356.92,576.84,466.36
447,OK,76,-82,992,992,471.74,372.2,656.73,357.87,579.78,464.36
448,OK,84,-76,981,981,474.96,371.24,658.08,359.12,582.57,464.0
449,OK,86,-76,979,979,476.18,372.06,658.76,358.63,583.58,460.81
450,OK,82,-83,985,985,475.17,370.36,658.76,355.45,581.43,456.57
451,OK,75,-91,990,990,471.41,368.97,655.88,352.73,576.73,448.01
452,OK,79,-85,980,980,472.15,369.86,654.83,355.35,575.71,447.54
453,OK,77,-85,980,980,471.89,366.81,654.96,356.27,572.21,449.39
454,OK,79,-85,982,982,473.68,367.16,657.07,357.2,574.92,450.3
455,OK,73,-91,997,997,472.33,370.7,658.17,356.53,577.35,452.32
456,OK,76,-85,991,991,472.73,370.94,657.77,359.02,577.96,455.17
457,OK,82,-72,978,978,474.22,373.18,657.09,366.27,576.44,464.96
458,OK,79,-74,987,987,472.89,379.09,657.23,368.25,579.25,465.34
459,OK,77,-78,997,997,475.45,379.2,661.58,369.53,582.15,467.35
460,OK,87,-75,992,992,484.3,376.92,669.66,369.23,589.58,470.61
461,OK,83,-79,1005,1005,487.81,380.16,675.52,369.78,589.51,472.15
462,OK,109,-82,1001,1001,509.31,374.89,696.41,366.83,615.57,465.36
463,OK,136,-80,984,984,527.46,365.81,711.43,363.82,638.51,459.77
464,OK,147,-87,988,988,538.08,359.69,722.89,360.55,652.14,455.52
465,OK,152,-85,987,987,540.53,357.96,725.14,358.69,657.43,458.26
466,OK,138,-91,998,998,531.92,357.06,718.62,360.12,649.21,458.61
467,OK,119,-88,995,995,515.91,359.2,701.99,360.58,624.38,459.83
468,OK,120,-73,965,965,504.57,357.56,685.0,360.44,610.4,459.07
469,OK,106,-81,974,974,493.59,358.5,675.73,359.02,601.75,454.43
470,OK,85,-92,999,999,483.7,361.68,670.59,357.57,592.68,455.85
471,OK,88,-90,999,999,486.13,361.9,672.83,355.07,595.04,461.12
472,OK,97,-96,993,993,494.41,353.76,680.11,357.8,600.12,444.99
473,OK,132,-93,984,984,523.41,351.98,707.21,361.16,634.05,442.92
474,OK,144,-105,994,994,535.32,345.67,720.73,359.06,655.1,432.71
475,OK,159,-77,957,957,531.47,356.18,710.43,356.31,653.69,447.23
476,OK,147,-85,973,973,528.72,355.14,710.68,359.05,646.3,446.67
477,OK,133,-96,990,990,523.04,352.45,708.08,355.82,641.3,445.41
478,OK,129,-98,986,986,519.34,348.19,703.66,351.49,633.04,440.27
479,OK,133,-95,981,981,521.77,347.52,705.15,354.03,634.48,439.63
480,OK,138,-84,968,968,521.39,351.0,702.4,357.26,633.29,447.63
481,OK,127,-88,977,977,516.4,351.43,698.96,358.55,623.67,446.87
482,OK,118,-98,986,986,511.71,348.19,695.73,359.06,619.28,436.73
483,OK,118,-99,985,985,511.4,343.81,695.04,357.83,617.68,436.36
484,OK,113,-101,991,991,509.19,345.48,694.17,358.51,615.48,437.39
485,OK,115,-100,993,993,511.0,348.0,696.33,358.92,618.8,439.49
486,OK,119,-87,984,984,513.65,352.16,697.14,365.28,616.75,451.55
487,OK,113,-92,989,989,509.26,352.34,694.09,360.19,614.28,448.82
488,OK,112,-93,993,993,508.7,353.45,694.28,360.82,616.39,449.62
489,OK,101,-101,1004,1004,503.56,352.79,691.05,361.82,608.92,445.44
490,OK,104,-102,999,999,504.4,347.77,690.93,358.71,609.65,441.19
491,OK,108,-104,996,996,507.59,345.54,693.51,355.96,612.99,438.56
492,OK,118,-102,985,985,512.9,342.23,696.7,353.44,617.08,433.57
493,OK,122,-101,983,983,514.9,343.06,698.6,350.91,621.18,434.77
494,OK,121,-101,984,984,514.03,345.87,698.01,349.93,621.64,434.68
495,OK,125,-93,977,977,515.81,343.54,698.15,355.31,619.74,441.22
496,OK,115,-96,985,985,509.75,348.35,693.5,361.78,612.67,437.41
497,OK,124,-74,966,966,509.23,357.12,689.56,368.88,615.65,455.76
498,OK,120,-77,974,974,507.42,358.87,689.18,370.64,615.8,455.93
499,OK,112,-81,986,986,508.12,357.07,692.24,368.95,611.64,461.03
500,OK,117,-82,988,988,513.06,356.03,697.44,369.21,617.42,462.63
501,OK,114,-77,991,991,513.46,363.62,698.57,371.03,613.94,469.16
502,OK,122,-76,987,987,519.42,361.05,703.91,369.11,619.71,470.2
503,OK,110,-96,1018,1018,523.93,357.51,713.52,375.26,620.11,460.24
504,OK,118,-90,1005,1005,525.9,357.69,713.22,373.8,622.4,459.84
505,OK,120,-88,997,997,522.68,358.26,709.04,364.85,621.43,460.0
506,OK,83,-122,1027,1027,501.17,351.04,693.25,353.2,595.66,431.87
507,OK,75,-111,1021,1021,485.55,358.68,676.38,350.16,589.11,443.85
508,OK,56,-114,1038,1038,472.85,373.9,665.35,348.8,582.71,448.99
509,OK,45,-106,1045,1045,463.99,384.12,656.96,352.89,575.29,463.89
510,OK,39,-115,1054,1054,461.91,384.43,655.67,348.14,574.6,458.43
511,OK,37,-118,1052,1052,459.56,385.61,652.49,346.84,570.14,451.44
512,OK,44,-116,1048,1048,463.65,383.69,655.72,344.93,578.3,451.81
513,OK,53,-116,1045,1045,470.45,378.56,662.72,343.82,584.17,451.19
514,OK,57,-115,1028,1028,469.46,375.98,657.83,337.15,579.69,442.95
515,OK,66,-109,1014,1014,474.54,378.84,659.62,337.36,579.9,438.7
516,OK,59,-104,1012,1012,469.17,384.3,652.72,338.31,569.9,444.55
517,OK,55,-109,1018,1018,467.64,381.86,652.9,337.79,569.19,440.94
518,OK,58,-105,1014,1014,466.65,387.25,650.32,339.76,572.57,441.35
519,OK,62,-93,1009,1009,468.51,391.56,652.04,347.91,573.59,453.42
520,OK,63,-92,1007,1007,468.37,391.84,651.34,347.13,572.49,454.04
521,OK,61,-97,1012,1012,469.41,390.76,653.79,347.78,574.28,449.79
522,OK,75,-117,1025,1025,486.43,372.41,674.9,337.71,595.21,435.57
523,OK,106,-103,992,992,501.16,368.05,683.09,331.62,612.27,438.0
524,OK,119,-96,983,983,508.33,363.45,689.96,334.86,621.77,440.95
525,OK,129,-83,962,962,510.81,354.41,690.36,342.41,620.13,449.14
526,OK,127,-61,937,937,496.86,366.44,671.41,350.41,607.5,455.61
527,OK,101,-82,964,964,482.85,360.91,662.76,349.17,593.82,445.41
528,OK,85,-91,979,979,472.75,365.82,654.72,345.71,586.23,441.28
529,OK,86,-95,978,978,470.81,364.89,651.55,337.31,589.94,437.74
530,OK,78,-101,988,988,468.59,363.61,651.45,337.18,584.37,435.66
531,OK,90,-87,965,965,473.32,361.57,652.74,341.3,582.09,439.48
532,OK,82,-98,982,982,473.32,358.4,656.26,342.88,581.96,436.0
533,OK,85,-107,990,990,478.45,355.84,662.73,338.27,591.11,429.81
534,OK,103,-77,965,965,483.96,368.3,662.97,344.51,597.92,454.26
535,OK,93,-88,975,975,479.18,364.66,660.31,343.93,591.26,444.2
536,OK,88,-90,976,976,474.8,363.33,655.81,339.78,588.23,444.93
537,OK,83,-97,977,977,470.89,357.4,652.12,334.68,582.11,437.37
538,OK,86,-105,983,983,474.26,357.85,656.44,333.35,589.09,427.46
539,OK,101,-96,972,972,484.37,357.24,664.63,333.69,600.83,436.11
540,OK,104,-102,988,988,496.41,353.61,680.79,340.84,607.79,437.43
541,OK,131,-79,954,954,508.86,356.66,687.01,346.01,619.94,444.82
542,OK,142,-77,951,951,517.85,358.68,695.35,348.02,628.31,443.64
543,OK,146,-69,945,945,519.76,358.14,696.33,351.91,629.44,452.17
544,OK,153,-60,953,953,527.59,366.01,705.89,363.77,641.4,467.76
545,OK,146,-55,956,956,525.3,370.46,704.11,369.98,634.98,476.8
546,OK,142,-54,944,944,517.98,367.18,694.53,365.34,622.14,470.01
547,OK,140,-61,940,940,515.41,361.33,691.16,361.41,617.3,458.63
548,OK,140,-71,953,953,519.45,359.89,697.69,358.37,624.82,451.6
549,OK,134,-88,964,964,519.4,352.35,699.74,353.82,622.67,436.6
550,OK,147,-94,947,947,525.49,340.59,702.61,346.07,627.43,415.28
551,OK,154,-85,935,935,528.59,338.26,703.2,348.57,627.2,421.31
552,OK,137,-95,950,950,518.88,339.0,696.41,346.71,618.08,418.73
553,OK,132,-95,952,952,512.28,342.58,690.12,349.63,615.49,416.54
554,OK,134,-87,932,932,505.44,344.87,679.74,350.82,607.99,411.44
555,OK,121,-98,941,941,494.96,332.72,670.92,338.79,600.19,409.54
556,OK,121,-103,948,948,496.97,330.91,674.21,335.37,606.28,408.9
557,OK,110,-98,955,955,489.59,342.63,668.2,346.96,595.83,414.02
558,OK,96,-110,978,978,487.06,340.76,669.76,347.87,591.68,414.85
559,OK,96,-102,965,965,482.99,341.06,663.38,348.44,583.57,415.49
560,OK,95,-101,967,967,483.54,340.88,664.21,350.98,582.67,418.44
561,OK,98,-101,961,961,482.78,338.08,662.33,347.21,583.65,416.67
562,OK,90,-91,944,944,471.8,336.19,648.04,346.01,565.91,421.27
563,OK,81,-99,951,951,465.99,331.82,643.02,349.48,558.47,412.46
564,OK,89,-92,941,941,468.36,333.13,643.67,348.3,563.07,417.2
565,OK,104,-93,935,935,482.13,328.16,655.47,351.69,573.21,409.9
566,OK,105,-105,949,949,493.22,321.05,668.35,349.43,578.8,403.92
567,OK,104,-127,972,972,500.55,314.87,680.94,337.32,589.28,392.9
568,OK,109,-129,974,974,510.78,308.91,690.74,337.74,592.69,393.21
569,OK,137,-113,963,963,530.8,314.24,707.92,346.79,617.36,406.45
570,OK,156,-109,957,957,544.65,316.11,721.12,345.55,637.01,407.88
571,OK,165,-115,962,962,554.71,313.85,731.58,346.39,649.15,403.17
572,OK,164,-118,959,959,553.49,311.04,729.4,345.74,644.72,394.78
573,OK,166,-114,957,957,554.05,314.81,729.09,352.52,648.07,395.82
574,OK,171,-115,956,956,559.33,312.85,734.44,348.68,652.62,396.18
575,OK,172,-131,963,963,564.42,300.44,738.84,345.34,655.42,377.54
576,OK,185,-126,939,939,565.58,297.56,736.36,338.91,658.39,369.21
577,OK,205,-116,911,911,571.25,293.89,737.45,331.09,667.33,367.09
578,OK,203,-125,931,931,577.84,295.19,746.51,338.15,674.7,364.37
579,OK,203,-129,946,946,586.14,297.48,756.44,345.17,682.37,368.51
580,OK,215,-120,937,937,594.47,300.08,763.22,347.2,688.15,374.24
581,OK,224,-120,930,930,601.63,296.82,768.59,345.38,694.15,370.13
582,OK,238,-114,917,917,608.96,294.28,773.21,343.41,702.17,369.89
583,OK,229,-122,932,932,607.36,294.13,773.87,345.79,700.58,368.7
584,OK,226,-112,927,927,603.68,296.9,769.38,348.09,692.13,380.2
585,OK,207,-125,948,948,593.28,299.14,763.45,348.62,684.49,374.3
586,OK,193,-130,961,961,587.13,295.73,758.3,350.55,675.13,377.14
587,OK,184,-116,940,940,568.99,301.88,738.87,347.12,655.54,383.63
588,OK,145,-128,978,978,548.1,302.82,723.69,354.11,633.25,393.85
589,OK,143,-126,976,976,542.95,304.9,718.78,354.2,631.43,394.9
590,OK,148,-120,974,974,545.7,309.14,720.7,359.48,637.83,401.33
591,OK,151,-117,973,973,549.11,312.74,723.9,363.09,637.97,402.03
592,OK,158,-106,962,962,553.27,314.59,726.78,361.96,639.52,413.55
593,OK,151,-120,981,981,550.45,315.54,729.21,356.85,642.26,404.99
594,OK,162,-119,970,970,558.39,308.61,734.23,352.93,647.96,402.51
595,OK,167,-119,966,966,559.86,311.17,736.85,347.46,652.3,400.3
596,OK,166,-96,961,961,557.67,331.46,733.71,367.52,647.83,419.71
597,OK,149,-106,986,986,551.55,334.78,732.28,371.36,642.68,421.03
598,OK,138,-105,1004,1004,548.11,342.35,732.68,376.8,640.31,436.12
599,OK,136,-106,1009,1009,548.28,341.31,733.47,377.46,640.64,438.45
600,OK,132,-109,1006,1006,543.24,339.35,728.44,372.7,634.34,433.0
601,OK,139,-100,982,982,538.25,341.36,720.27,366.13,631.41,429.63
602,OK,134,-91,973,973,530.8,343.45,710.89,369.33,619.19,434.35
603,OK,112,-112,999,999,519.26,340.25,704.91,361.38,611.85,424.22
604,OK,99,-112,1000,1000,508.19,345.06,694.55,360.1,598.21,424.59
605,OK,99,-101,995,995,506.22,344.49,691.3,364.03,593.61,438.24
606,OK,84,-115,1017,1017,501.88,343.21,691.23,361.68,588.85,433.67
607,OK,82,-109,1015,1015,497.69,347.52,687.02,362.05,587.24,441.52
608,OK,80,-109,1012,1012,497.07,345.78,685.42,364.75,581.67,440.38
609,OK,87,-105,1003,1003,499.36,348.45,686.27,363.88,584.99,437.19
610,OK,88,-114,1005,1005,501.02,343.2,688.45,358.16,586.99,426.4
611,OK,87,-115,1003,1003,500.4,342.74,687.33,358.27,584.09,422.63
612,OK,92,-108,993,993,499.25,346.01,684.52,358.8,586.0,424.23
613,OK,87,-112,999,999,497.26,345.76,683.55,360.15,582.87,422.02
614,OK,78,-124,1012,1012,495.28,340.83,683.88,355.56,580.22,416.18
615,OK,92,-111,989,989,496.91,345.13,681.47,358.56,582.85,415.41
616,OK,88,-115,991,991,496.44,343.22,681.47,354.88,578.09,411.66
617,OK,100,-113,984,984,503.4,344.48,687.27,353.74,589.22,409.46
618,OK,100,-120,990,990,504.78,340.8,689.84,349.12,592.94,405.81
619,OK,98,-121,995,995,507.15,337.42,692.56,353.17,591.92,408.24
620,OK,101,-117,990,990,507.58,338.96,692.15,353.17,592.97,410.32
621,OK,106,-117,985,985,508.74,338.99,692.42,352.54,596.89,405.49
622,OK,107,-115,988,988,509.97,340.66,694.32,352.98,601.47,411.19
623,OK,109,-118,984,984,509.97,337.4,693.59,351.08,601.44,404.22
624,OK,115,-113,981,981,511.87,337.57,694.91,349.56,607.61,411.9
625,OK,125,-113,982,982,521.21,335.41,704.59,346.83,620.68,415.47
626,OK,118,-120,990,990,516.63,332.83,701.45,342.58,617.03,412.47
627,OK,119,-120,984,984,516.6,329.4,700.29,341.45,613.98,409.7
628,OK,108,-130,998,998,512.06,326.65,698.36,337.9,608.89,407.54
629,OK,108,-126,995,995,511.05,330.47,696.86,340.92,606.64,406.9
630,OK,112,-123,989,989,512.05,329.79,696.88,338.92,609.08,409.47
631,OK,117,-118,986,986,515.15,331.47,699.31,342.47,613.82,414.83
632,OK,120,-118,986,986,517.56,330.88,701.65,342.32,616.41,415.38
633,OK,120,-114,985,985,518.53,332.08,702.22,345.62,614.99,418.76
634,OK,128,-104,979,979,523.19,336.97,705.6,352.01,621.07,426.74
635,OK,126,-109,985,985,523.54,334.99,706.97,352.43,621.57,424.14
636,OK,122,-102,988,988,521.19,340.56,704.82,360.74,619.68,434.28
637,OK,114,-97,979,979,511.73,338.12,693.45,360.46,603.94,434.73
638,OK,92,-114,1010,1010,501.01,344.45,689.21,361.07,600.02,430.94
639,OK,121,-89,956,956,503.76,343.25,681.79,359.02,605.44,427.64
640,OK,118,-104,970,970,504.28,339.91,685.34,351.06,612.13,418.38
641,OK,108,-125,990,990,504.54,334.01,689.68,339.86,610.47,403.55
642,OK,115,-119,973,973,506.27,326.12,688.13,331.99,606.71,405.12
643,OK,105,-136,987,987,502.03,324.61,686.52,330.18,603.56,387.75
644,OK,109,-116,950,950,491.53,317.2,668.95,326.09,588.48,396.48
645,OK,82,-121,953,953,466.84,318.06,644.74,327.53,562.0,389.14
646,OK,73,-109,944,944,454.73,320.53,631.06,331.11,547.88,401.3
647,OK,55,-121,968,968,445.84,324.71,626.71,332.96,541.98,397.49
648,OK,59,-109,953,953,444.85,328.89,622.92,337.38,537.83,402.39
649,OK,78,-91,940,940,455.45,338.8,631.02,346.93,553.1,415.43
650,OK,101,-80,920,920,467.08,340.2,639.06,346.73,569.38,417.44
651,OK,105,-109,961,961,489.5,331.95,669.12,337.45,591.72,408.66
652,OK,106,-121,962,962,491.83,327.71,671.78,329.16,592.8,391.72
653,OK,92,-137,993,993,495.18,322.93,680.63,333.18,588.42,391.18
654,OK,99,-124,976,976,495.92,327.82,678.03,341.3,587.62,394.95
655,OK,101,-119,965,965,493.57,324.09,673.32,339.48,583.14,395.37
656,OK,101,-116,955,955,490.27,320.55,668.04,337.73,578.83,394.69
657,OK,101,-111,957,957,489.66,323.2,667.84,340.11,579.32,403.3
658,OK,103,-109,948,948,485.33,320.17,661.89,335.61,580.78,403.05
659,OK,96,-103,949,949,478.4,329.16,655.59,339.6,574.53,407.95
660,OK,92,-113,981,981,487.67,331.22,670.12,349.76,585.56,414.34
661,OK,101,-100,968,968,491.12,337.22,671.52,352.95,589.12,424.9
662,OK,101,-92,978,978,496.78,342.42,678.67,361.31,593.07,442.7
663,OK,93,-101,997,997,497.27,342.58,682.52,363.04,593.37,441.67
664,OK,94,-110,997,997,498.57,339.02,684.0,359.47,594.69,427.91
665,OK,98,-111,994,994,500.69,338.39,685.55,358.06,597.85,423.86
666,OK,103,-112,993,993,506.07,333.53,690.37,356.47,601.59,424.06
667,OK,114,-113,986,986,509.38,335.16,693.28,350.07,614.4,419.13
668,OK,127,-117,966,966,506.64,333.8,687.26,328.6,624.46,402.08
669,OK,103,-132,983,983,490.67,338.19,674.27,327.25,605.6,385.84
670,OK,92,-120,974,974,476.05,344.35,657.56,328.34,591.49,398.7
671,OK,87,-125,969,969,468.29,341.29,648.66,323.67,584.2,386.19
672,OK,82,-121,956,956,462.03,341.17,639.71,321.27,569.17,383.5
673,OK,77,-125,961,961,459.63,340.1,638.17,319.56,567.01,381.12
674,OK,51,-144,987,987,446.51,336.9,629.91,316.23,551.61,371.48
675,OK,42,-142,987,987,437.43,341.86,620.42,317.38,542.38,373.36
676,OK,48,-117,973,973,436.85,350.92,616.88,324.7,542.68,401.79
677,OK,37,-115,983,983,430.88,357.3,613.22,333.22,534.95,408.46
678,OK,24,-111,996,996,424.52,364.6,609.37,340.8,528.0,423.16
679,OK,0,-119,1024,1024,412.99,368.0,603.31,346.91,516.5,428.55
680,OK,-3,-115,1021,1021,410.28,369.61,599.89,347.09,508.93,432.61
681,OK,0,-115,1026,1026,414.75,369.6,605.41,348.47,517.12,438.53
682,OK,13,-95,1018,1018,422.67,378.04,611.94,357.94,527.69,461.41
683,OK,12,-88,1017,1017,422.4,386.68,611.19,363.54,524.21,466.64
684,OK,15,-78,1015,1015,422.81,395.64,610.57,368.01,527.58,476.53
685,OK,9,-78,1026,1026,421.69,399.21,611.88,373.1,528.37,484.82
686,OK,11,-75,1024,1024,423.26,399.23,613.63,378.32,528.9,485.6
687,OK,4,-78,1036,1036,419.27,405.77,610.67,375.48,529.69,490.8
688,OK,-1,-72,1027,1027,414.69,407.02,604.9,379.88,516.2,490.23
689,OK,-2,-66,1016,1016,411.63,408.26,599.65,380.7,507.73,491.06
690,OK,0,-67,1014,1014,412.12,403.02,600.18,378.72,508.99,490.51
691,OK,-6,-75,1021,1021,409.34,397.76,598.59,372.14,505.85,486.79
692,OK,-6,-79,1019,1019,408.19,396.89,596.86,370.44,505.13,476.73
693,OK,1,-84,1020,1020,415.31,388.35,605.17,369.88,512.64,474.03
694,OK,6,-92,1028,1028,423.92,381.3,615.71,367.87,521.92,470.51
695,OK,22,-100,1023,1023,434.79,375.13,625.56,360.53,536.57,455.42
696,OK,51,-92,1003,1003,455.16,365.81,642.71,365.86,555.29,453.95
697,OK,69,-91,1005,1005,468.91,368.73,656.76,365.36,579.66,455.32
698,OK,80,-85,1000,1000,475.76,373.35,662.72,367.56,590.79,460.59
699,OK,77,-93,1009,1009,479.54,366.18,668.26,363.49,589.52,458.06
700,OK,83,-90,1006,1006,485.45,365.25,673.68,366.58,592.98,460.47
701,OK,73,-103,1024,1024,484.66,363.76,676.12,365.22,591.33,455.49
702,OK,76,-98,1014,1014,483.34,361.69,673.0,365.73,588.4,454.93
703,OK,76,-101,1012,1012,482.14,360.85,671.38,365.02,588.59,447.07
704,OK,75,-101,1007,1007,478.28,360.13,666.56,364.61,583.97,442.38
705,OK,68,-107,1016,1016,475.78,361.6,665.74,363.27,581.27,440.62
706,OK,71,-104,1010,1010,477.18,359.08,666.06,363.08,581.29,441.94
707,OK,64,-114,1022,1022,473.59,357.4,664.65,358.74,581.78,436.3
708,OK,71,-106,1011,1011,474.72,358.33,663.8,356.98,582.96,441.92
709,OK,79,-99,1003,1003,479.97,359.28,667.57,360.11,586.84,444.51
710,OK,80,-100,1010,1010,485.64,358.77,674.51,363.16,590.46,449.43
711,OK,98,-93,992,992,498.36,353.67,683.38,366.54,598.49,447.29
712,OK,89,-101,1000,1000,495.73,350.06,681.72,369.61,590.55,439.26
713,OK,71,-113,1026,1026,494.5,344.63,682.71,381.69,581.05,437.39
714,OK,89,-94,989,989,501.17,340.96,679.99,388.26,575.94,436.17
715,OK,106,-75,957,957,503.49,347.17,675.48,396.51,579.79,435.65
716,OK,98,-84,972,972,502.73,344.82,676.86,396.88,578.53,434.05
717,OK,84,-91,992,992,494.04,342.1,673.77,388.08,576.74,445.97
718,OK,89,-95,989,989,496.63,337.85,676.62,380.26,580.76,440.01
719,OK,82,-111,1004,1004,498.45,332.67,680.81,377.7,579.07,427.68
720,OK,81,-114,1004,1004,501.14,327.84,682.23,377.59,575.34,423.53
721,OK,100,-104,988,988,508.99,332.07,688.41,376.27,590.25,427.11
722,OK,97,-111,1000,1000,513.33,329.8,694.26,377.17,590.92,425.22
723,OK,106,-107,999,999,518.38,328.33,700.16,371.74,601.98,435.01
724,OK,121,-91,977,977,523.02,336.28,702.09,373.12,606.17,440.43
725,OK,117,-93,986,986,523.72,340.84,705.03,374.73,607.54,443.19
726,OK,101,-119,1004,1004,516.08,333.31,701.03,365.22,598.9,417.94
727,OK,97,-137,1019,1019,516.21,324.02,704.62,352.99,602.62,406.16
728,OK,112,-119,1004,1004,523.19,330.61,708.36,362.06,612.42,420.54
729,OK,118,-115,998,998,528.87,330.57,712.5,363.76,614.02,421.93
730,OK,112,-126,1019,1019,529.15,333.05,717.41,363.28,619.79,418.4
731,OK,113,-129,1025,1025,531.01,334.13,720.36,364.09,625.11,417.5
732,OK,124,-104,1003,1003,531.15,344.6,717.22,368.17,626.35,439.6
733,OK,116,-103,1006,1006,527.53,345.43,713.56,373.51,618.71,441.92
734,OK,113,-105,1010,1010,526.24,344.48,712.89,373.85,617.67,441.73
735,OK,111,-102,1003,1003,519.06,343.82,704.79,370.08,612.31,442.84
736,OK,108,-96,983,983,509.3,342.15,691.6,365.98,598.18,437.84
737,OK,81,-119,1026,1026,502.33,338.62,692.38,365.42,591.55,436.98
738,OK,80,-118,1013,1013,495.7,334.83,682.97,362.96,584.61,428.62
739,OK,81,-121,1011,1011,494.58,334.17,681.79,360.84,584.42,421.64
740,OK,83,-123,1002,1002,491.2,330.29,677.06,354.59,583.89,413.64
741,OK,76,-124,995,995,480.42,330.67,665.8,346.17,574.05,408.35
742,OK,83,-119,985,985,483.89,330.17,667.5,345.45,574.71,409.72
743,OK,77,-131,1003,1003,487.18,328.17,673.87,345.97,577.12,403.7
744,OK,74,-134,1009,1009,486.56,332.23,674.76,345.44,576.81,401.9
745,OK,79,-132,1006,1006,490.19,333.79,677.95,345.98,581.08,402.84
746,OK,77,-138,1017,1017,492.4,331.52,681.99,346.55,582.93,401.99
747,OK,64,-149,1044,1044,492.54,333.22,687.2,349.48,584.09,404.84
748,OK,62,-155,1057,1057,494.89,334.83,691.76,353.03,586.98,402.32
749,OK,70,-147,1041,1041,497.21,334.21,691.09,352.21,587.52,403.93
750,OK,73,-136,1029,1029,498.94,334.5,690.08,357.35,580.36,411.54
751,OK,66,-144,1025,1025,488.93,331.73,679.75,349.18,573.31,396.28
752,OK,69,-134,1003,1003,482.67,328.22,669.53,345.06,564.78,398.85
753,OK,68,-128,998,998,477.36,335.22,663.67,346.43,564.11,402.81
754,OK,73,-122,989,989,478.71,333.59,663.24,347.45,563.79,405.27
755,OK,86,-113,975,975,489.04,331.61,669.04,360.82,567.84,403.66
756,OK,82,-125,990,990,488.94,326.23,671.48,356.98,574.09,400.17
757,OK,73,-135,1018,1018,490.71,329.5,677.96,364.22,580.04,401.39
758,OK,84,-126,998,998,492.2,325.54,676.99,351.8,583.4,408.84
759,OK,93,-123,993,993,495.34,326.09,679.46,349.81,590.88,409.86
760,OK,102,-113,980,980,498.37,330.47,680.68,348.88,596.37,414.76
761,OK,96,-115,986,986,494.77,327.18,678.32,344.11,593.31,420.5
762,OK,98,-119,998,998,496.52,336.89,682.8,348.3,605.8,418.83
763,OK,101,-98,982,982,492.06,348.29,675.75,352.91,601.73,436.34
764,OK,101,-93,985,985,490.9,352.93,675.11,354.76,603.13,444.38
765,OK,106,-82,974,974,491.05,356.95,673.16,357.35,604.46,454.31
766,OK,102,-79,981,981,491.8,359.84,675.33,362.5,601.61,461.44
767,OK,103,-84,986,986,496.94,356.14,681.3,362.29,604.13,459.35
768,OK,88,-90,1012,1012,494.59,357.14,683.64,366.66,599.63,471.5
769,OK,94,-79,997,997,494.05,358.7,680.33,367.24,597.88,476.02
770,OK,90,-77,996,996,488.7,361.76,674.88,366.52,595.69,478.89
771,OK,81,-72,997,997,478.1,371.86,664.62,368.35,588.26,482.47
772,OK,61,-75,1011,1011,465.05,380.56,653.9,371.8,573.21,485.8
773,OK,55,-86,1018,1018,463.33,375.36,653.49,366.99,571.06,475.41
774,OK,60,-86,1015,1015,464.18,375.83,653.62,364.32,576.35,473.71
775,OK,71,-95,990,990,464.34,363.56,648.77,347.49,577.17,446.04
776,OK,35,-106,1000,1000,437.84,361.57,623.48,339.29,540.85,438.75
777,OK,-13,-108,984,984,390.93,360.9,572.35,330.09,477.46,422.54
778,OK,-30,-98,964,964,368.24,369.67,543.0,325.28,448.69,421.97
779,OK,-33,-84,934,934,355.72,376.19,523.13,325.99,430.4,415.28
780,OK,-39,-69,925,925,344.87,384.02,508.64,328.29,421.16,430.75
781,OK,-38,-66,921,921,342.55,385.78,506.96,334.1,420.24,429.18
782,OK,-44,-70,932,932,342.6,386.43,509.34,335.7,418.96,432.34
783,OK,-41,-71,946,946,351.4,385.59,521.66,337.6,428.88,444.0
784,OK,-30,-71,956,956,363.31,390.83,535.57,342.82,447.55,447.68
785,OK,-23,-81,973,973,374.89,390.61,549.26,338.59,465.92,445.45
786,OK,-6,-56,946,946,381.62,399.84,550.81,348.03,469.21,461.11
787,OK,-5,-37,938,938,383.04,405.41,551.6,356.47,461.46,484.44
788,OK,-4,-33,929,929,383.06,409.15,548.75,357.0,455.47,480.19
789,OK,-10,-37,940,940,381.0,411.38,548.36,357.56,456.72,482.8
790,OK,-14,-46,956,956,382.05,412.28,552.15,357.23,461.73,479.58
791,OK,-22,-52,965,965,376.81,411.71,548.85,357.19,459.16,477.13
792,OK,-22,-55,970,970,377.03,410.61,550.46,357.5,462.51,477.91
793,OK,-3,-56,954,954,388.98,397.68,561.43,351.91,474.77,468.84
794,OK,-3,-94,1003,1003,404.01,385.98,587.48,346.57,502.21,448.81
795,OK,-1,-104,1014,1014,409.54,374.14,596.23,340.89,509.48,448.79
796,OK,9,-113,1013,1013,418.28,366.67,605.6,338.7,519.66,433.56
797,OK,42,-149,1051,1051,472.96,338.51,668.82,356.17,564.9,405.15
798,OK,98,-44,962,962,488.28,377.21,667.78,389.49,581.25,490.86
799,OK,103,-60,980,980,497.95,369.81,681.04,376.85,597.12,487.69
800,OK,133,-48,950,950,514.3,366.46,691.94,373.25,613.27,484.39
801,OK,125,-59,962,962,514.86,366.01,694.76,372.22,608.49,476.1
802,OK,95,-77,991,991,502.7,363.18,687.7,373.62,585.86,469.45
803,OK,86,-83,1000,1000,499.62,360.64,686.35,371.04,580.01,468.25
804,OK,92,-95,1000,1000,499.45,361.68,686.38,358.25,591.57,450.09
805,OK,91,-101,994,994,492.73,357.3,678.35,348.53,590.79,439.75
806,OK,107,-101,970,970,490.23,353.86,670.92,338.64,603.87,423.15
807,OK,98,-95,970,970,481.67,361.02,662.48,345.89,594.74,426.72
808,OK,70,-93,977,977,457.73,364.33,639.28,343.48,567.66,436.32
809,OK,61,-97,985,985,453.66,363.44,636.71,342.09,560.81,437.49
810,OK,71,-106,982,982,461.1,353.08,644.12,337.28,571.77,425.19
811,OK,77,-101,980,980,465.58,355.67,648.42,341.97,577.65,429.65
812,OK,67,-96,991,991,459.74,362.94,644.67,349.53,573.71,442.21
813,OK,58,-95,988,988,451.46,362.45,635.67,347.87,560.64,444.33
814,OK,55,-93,988,988,451.41,363.56,635.81,352.21,555.54,445.94
815,OK,73,-89,979,979,463.37,359.17,646.31,351.63,570.82,444.93
816,OK,91,-88,975,975,476.57,358.23,658.83,350.57,588.63,445.01
817,OK,96,-83,970,970,479.69,359.88,660.98,351.07,592.21,449.45
818,OK,87,-98,997,997,483.45,356.19,669.9,351.96,595.2,446.96
819,OK,96,-95,991,991,490.59,355.53,675.97,354.63,599.84,445.37
820,OK,108,-89,976,976,495.01,357.47,677.56,352.92,606.48,444.47
821,OK,117,-84,965,965,499.56,354.73,679.95,353.49,608.82,443.38
822,OK,123,-87,965,965,504.75,355.6,685.24,353.63,615.59,436.95
823,OK,119,-93,972,972,503.68,355.94,685.37,351.01,616.44,434.28
824,OK,106,-97,989,989,498.18,357.83,682.92,349.77,610.77,442.1
825,OK,111,-99,983,983,500.48,355.69,684.1,347.54,613.36,434.05
826,OK,111,-106,988,988,501.26,357.91,685.47,343.35,618.63,426.77
827,OK,111,-114,1000,1000,506.69,353.43,693.37,342.31,623.37,425.3
828,OK,115,-126,998,998,508.76,350.47,694.05,328.37,627.65,406.67
829,OK,116,-138,994,994,508.05,344.3,691.62,314.37,626.28,389.67
830,OK,97,-162,992,992,487.76,338.76,666.17,288.1,610.29,356.43
831,OK,102,-152,977,977,484.79,343.66,658.77,287.51,609.08,357.92
832,OK,103,-134,969,969,484.51,354.74,656.5,297.81,604.1,374.88
833,OK,98,-135,966,966,481.69,354.08,654.38,300.7,595.58,368.65
834,OK,95,-146,965,965,477.34,346.92,649.06,291.37,591.61,354.58
835,OK,96,-138,951,951,473.16,350.58,639.88,288.87,585.78,354.61
836,OK,96,-134,949,949,473.25,354.05,639.16,290.88,584.92,357.87
837,OK,89,-133,959,959,472.83,358.16,640.37,294.32,581.06,367.4
838,OK,84,-138,968,968,471.81,358.48,640.79,293.67,581.15,366.6
839,OK,91,-123,951,951,470.82,364.59,635.82,297.95,579.49,374.25
840,OK,82,-124,957,957,465.84,365.69,631.91,298.89,572.66,377.45
841,OK,78,-113,954,954,462.33,374.41,628.03,308.07,566.45,387.91
842,OK,80,-99,949,949,461.22,382.5,625.8,316.06,565.37,402.23
843,OK,80,-95,959,959,463.3,385.92,630.92,322.03,572.55,414.51
844,OK,78,-98,969,969,464.87,386.9,635.5,326.03,573.86,417.45
845,OK,77,-97,974,974,466.75,387.52,638.74,327.75,575.69,422.47
846,OK,75,-100,979,979,466.35,386.92,638.97,325.88,575.93,422.32
847,OK,66,-110,997,997,464.72,381.95,641.81,323.61,574.84,423.52
848,OK,67,-106,990,990,463.81,386.61,639.25,327.12,573.5,423.13
849,OK,62,-117,999,999,461.4,378.44,639.79,323.07,572.47,413.63
850,OK,58,-125,1016,1016,463.71,375.35,645.69,320.4,578.1,418.22
851,OK,61,-118,1015,1015,466.03,381.39,647.37,325.03,580.05,426.38
852,OK,76,-102,987,987,469.75,382.51,646.15,327.89,581.99,427.57
853,OK,75,-94,983,983,467.71,390.66,643.49,336.91,577.26,430.82
854,OK,70,-98,990,990,466.46,390.29,643.91,337.13,575.61,430.51
855,OK,66,-95,995,995,463.45,393.25,642.2,341.51,573.67,436.69
856,OK,67,-86,982,982,461.03,395.34,637.05,343.19,567.38,442.55
857,OK,56,-95,991,991,455.49,395.38,633.23,342.63,559.15,432.5
858,OK,53,-95,994,994,453.36,394.87,632.39,344.47,557.71,435.35
859,OK,57,-83,983,983,453.89,397.9,630.57,347.21,554.95,443.5
860,OK,61,-82,979,979,455.69,398.07,631.71,347.96,556.52,442.04
861,OK,67,-81,971,971,459.13,398.6,633.62,348.52,559.58,435.25
862,OK,65,-82,978,978,459.45,398.24,635.5,348.92,560.98,440.99
863,OK,70,-85,984,984,464.59,396.37,641.79,346.77,571.94,442.91
864,OK,73,-82,979,979,465.24,396.66,641.35,346.63,571.96,443.17
865,OK,72,-86,981,981,465.22,396.39,641.63,345.62,572.02,438.24
866,OK,75,-93,985,985,470.45,391.26,648.56,343.98,576.08,431.17
867,OK,94,-117,999,999,494.0,359.45,678.83,332.59,600.15,419.2
868,OK,116,-131,1002,1002,515.01,343.44,701.82,328.05,626.35,405.22
869,OK,118,-110,992,992,516.95,352.56,702.45,354.01,620.0,419.09
870,OK,121,-106,976,976,513.82,340.47,696.19,350.18,613.64,419.7
871,OK,107,-118,996,996,508.76,336.47,694.44,350.39,608.79,417.4
872,OK,85,-132,1014,1014,498.43,329.99,687.02,349.22,592.57,411.64
873,OK,82,-130,1008,1008,493.55,330.55,681.34,346.55,585.56,409.52
874,OK,90,-140,1007,1007,500.15,320.42,687.76,337.87,593.05,397.3
875,OK,88,-136,996,996,494.99,319.62,680.71,334.06,584.35,397.67
876,OK,96,-124,976,976,498.8,312.91,679.87,336.4,580.18,404.06
877,OK,91,-133,1001,1001,500.1,322.92,686.68,338.99,590.51,404.83
878,OK,86,-133,1007,1007,495.73,330.63,683.82,338.27,588.56,406.46
879,OK,95,-126,995,995,500.99,331.46,686.96,340.33,591.43,407.18
880,OK,93,-132,1006,1006,503.66,328.62,691.63,338.37,596.02,409.93
881,OK,105,-111,993,993,510.7,336.13,695.92,350.77,599.85,427.35
882,OK,91,-131,1031,1031,511.99,337.75,704.04,354.1,604.07,422.41
883,OK,104,-118,1005,1005,513.57,338.49,700.86,353.19,605.91,422.94
884,OK,106,-114,992,992,511.67,338.24,696.76,351.33,601.7,420.94
885,OK,107,-112,983,983,510.74,338.78,693.78,355.68,594.98,411.54
886,OK,98,-118,998,998,507.24,341.8,693.5,354.92,595.23,415.31
887,OK,103,-114,988,988,508.15,340.37,692.37,353.53,594.4,415.03
888,OK,100,-118,994,994,507.9,340.48,693.33,354.39,593.64,410.85
889,OK,97,-117,995,995,505.18,342.4,690.89,354.61,591.5,411.51
890,OK,92,-119,1005,1005,504.51,343.09,692.13,355.37,590.56,418.38
891,OK,99,-113,998,998,507.83,345.16,694.09,356.76,596.99,422.74
892,OK,88,-127,1031,1031,509.56,345.52,701.92,359.88,600.65,424.55
893,OK,104,-112,1006,1006,514.2,346.76,701.79,362.1,606.38,428.15
894,OK,109,-106,1005,1005,517.63,347.83,704.94,363.09,611.15,437.91
895,OK,123,-96,989,989,523.82,350.8,708.41,363.44,618.89,440.58
896,OK,129,-102,995,995,530.45,349.35,716.1,361.55,630.72,434.71
897,OK,144,-105,989,989,537.54,348.67,722.47,355.65,647.99,426.55
898,OK,147,-105,988,988,538.4,347.42,723.09,352.11,652.41,429.27
899,OK,132,-112,1010,1010,533.41,349.28,722.01,358.81,646.66,432.85
900,OK,142,-86,970,970,528.17,351.28,709.52,357.3,636.49,443.72
901,OK,122,-108,1003,1003,520.63,352.35,708.24,356.74,631.88,433.38
902,OK,131,-100,989,989,524.42,349.54,709.26,357.76,633.56,436.35
903,OK,141,-88,970,970,525.2,352.86,706.6,354.55,637.56,440.7
904,OK,118,-101,992,992,513.29,356.81,698.7,353.13,624.0,436.36
905,OK,101,-116,1013,1013,506.82,349.96,696.31,353.19,614.06,428.44
906,OK,97,-127,993,993,495.55,340.19,681.3,339.82,599.39,399.93
907,OK,94,-128,987,987,490.59,339.69,675.2,336.56,591.46,393.24
908,OK,110,-120,968,968,498.4,335.06,679.39,338.0,599.13,391.68
909,OK,115,-126,960,960,503.28,323.47,682.37,336.03,597.77,379.1
910,OK,114,-128,970,970,507.8,322.07,688.21,340.9,601.34,382.77
911,OK,116,-136,974,974,512.22,312.89,692.98,335.1,604.14,379.75
912,OK,114,-140,979,979,511.97,310.13,693.48,334.47,604.09,377.57
913,OK,105,-145,990,990,508.65,309.9,692.13,334.97,599.74,377.75
914,OK,109,-141,981,981,507.22,312.47,689.75,331.74,601.0,376.53
915,OK,139,-131,974,974,532.92,312.41,713.26,338.2,629.2,387.0
916,OK,159,-131,975,975,553.54,311.57,734.19,337.03,648.49,388.86
917,OK,167,-122,970,970,559.82,326.96,740.35,344.74,654.16,390.26
918,OK,168,-136,977,977,564.85,316.28,746.37,337.2,658.25,378.78
919,OK,175,-140,982,982,573.89,312.59,756.12,335.54,667.79,379.43
920,OK,177,-133,982,982,575.86,317.41,757.75,343.15,669.69,387.6
921,OK,186,-108,958,958,572.77,330.36,751.37,345.52,669.11,405.95
922,OK,177,-103,967,967,570.68,336.67,748.95,367.14,661.61,408.23
923,OK,165,-108,983,983,563.75,340.1,745.29,368.94,658.64,413.25
924,OK,152,-111,998,998,557.31,339.86,741.67,369.11,654.28,422.19
925,OK,126,-127,1032,1032,544.55,340.48,735.33,369.46,644.49,423.48
926,OK,117,-121,1033,1033,535.27,350.17,726.97,373.49,635.44,429.9
927,OK,113,-103,1019,1019,525.58,354.71,714.94,376.6,625.73,447.5
928,OK,106,-94,1013,1013,515.37,358.31,704.03,374.61,615.09,459.47
929,OK,95,-96,1011,1011,504.98,355.69,693.37,371.07,601.49,455.2
930,OK,73,-107,1034,1034,492.37,360.27,685.46,370.79,592.03,454.55
931,OK,69,-106,1030,1030,486.2,362.05,678.58,372.25,586.44,452.1
932,OK,108,-90,1006,1006,513.32,356.77,699.36,384.25,617.07,456.27
933,OK,133,-90,1011,1011,540.48,356.33,725.61,395.12,644.33,454.33
934,OK,139,-96,1010,1010,547.15,349.68,731.48,391.35,650.12,448.21
935,OK,147,-88,1003,1003,552.28,351.02,736.08,388.44,651.98,457.95
936,OK,144,-90,1006,1006,550.5,353.4,735.4,388.05,652.05,456.52
937,OK,144,-76,995,995,544.83,360.09,728.84,387.45,646.53,468.96
938,OK,128,-84,1014,1014,540.41,359.29,727.16,392.09,636.83,472.24
939,OK,121,-82,1007,1007,526.4,364.59,713.73,384.73,628.42,468.01
940,OK,98,-87,1013,1013,507.02,364.88,696.29,375.22,608.19,468.67
941,OK,76,-104,1033,1033,494.59,361.7,687.46,372.88,593.98,457.17
942,OK,66,-110,1048,1048,490.39,366.59,686.21,374.39,592.33,459.26
943,OK,72,-104,1038,1038,491.73,365.9,685.68,373.05,593.97,462.16
944,OK,77,-93,1029,1029,491.26,374.99,683.69,374.74,595.59,467.77
945,OK,70,-92,1030,1030,484.45,375.52,677.11,374.14,589.44,471.42
946,OK,77,-75,1013,1013,478.17,387.26,667.04,373.5,593.73,483.34
947,OK,75,-77,1017,1017,478.28,387.99,667.96,373.14,594.6,482.28
948,OK,81,-67,1008,1008,479.15,392.52,666.88,376.01,598.46,491.27
949,OK,68,-81,1028,1028,473.99,390.93,665.29,372.32,595.36,484.48
950,OK,74,-82,1019,1019,478.57,382.86,668.73,370.7,594.26,478.58
951,OK,90,-74,1003,1003,486.98,378.63,674.53,371.84,601.47,479.0
952,OK,98,-83,1001,1001,496.1,366.44,683.22,365.62,606.82,468.51
953,OK,98,-90,1008,1008,500.8,362.28,689.21,367.39,609.14,464.12
954,OK,107,-95,1007,1007,505.96,360.87,694.35,360.7,620.42,456.79
955,OK,104,-88,1002,1002,502.4,364.95,689.84,360.75,614.36,464.99
956,OK,92,-85,1007,1007,492.01,370.43,680.16,361.0,605.71,472.06
957,OK,86,-57,991,991,481.1,387.0,666.24,379.45,590.15,494.06
958,OK,80,-52,1003,1003,480.72,392.6,668.35,391.05,588.2,506.61
959,OK,83,-53,1000,1000,481.54,392.02,668.48,388.5,592.07,504.69
960,OK,72,-66,1022,1022,478.73,390.66,669.71,383.27,592.57,503.1
961,OK,78,-58,1010,1010,478.69,391.32,667.42,383.33,593.68,506.79
962,OK,74,-54,997,997,467.94,392.36,653.9,379.57,584.63,502.59
963,OK,81,-51,991,991,473.96,386.39,659.37,388.45,587.08,501.05
964,OK,119,-61,983,983,513.88,366.85,696.26,389.5,616.2,482.37
965,OK,139,-65,977,977,528.87,360.54,709.95,384.59,634.79,473.51
966,OK,150,-83,979,979,544.1,345.14,724.35,377.0,644.55,451.37
967,OK,153,-85,972,972,542.84,342.9,722.71,369.59,646.58,446.15
968,OK,146,-98,975,975,534.45,339.15,716.08,355.76,642.43,431.07
969,OK,141,-104,970,970,525.54,345.13,706.96,348.1,635.87,417.06
970,OK,106,-129,1003,1003,506.18,343.8,693.69,338.06,615.3,404.48
971,OK,101,-116,998,998,501.79,348.97,688.4,345.22,605.35,420.7
972,OK,81,-120,1028,1028,494.94,356.24,687.12,351.54,599.43,434.28
973,OK,89,-98,1002,1002,492.3,359.81,679.57,355.92,595.37,449.21
974,OK,77,-102,1012,1012,484.18,363.65,673.24,356.33,589.02,448.35
975,OK,81,-86,998,998,479.46,373.25,665.75,360.68,587.99,460.35
976,OK,71,-89,1007,1007,473.43,376.05,661.28,361.32,580.85,460.56
977,OK,68,-88,1013,1013,472.59,381.04,660.86,360.29,581.98,465.8
978,OK,54,-98,1035,1035,467.98,384.74,659.76,358.46,578.76,467.07
979,OK,55,-94,1028,1028,467.34,386.33,657.73,359.2,575.49,467.35
980,OK,58,-87,1023,1023,468.56,389.91,657.92,363.15,576.6,472.56
981,OK,45,-78,1021,1021,455.82,400.03,644.69,371.99,560.93,479.41
982,OK,47,-71,1013,1013,453.63,400.36,641.35,374.03,559.45,483.31
983,OK,61,-52,993,993,455.59,406.73,639.28,379.01,566.93,495.21
984,OK,31,-66,1031,1031,440.57,413.22,630.38,379.1,557.2,502.95
985,OK,12,-70,1040,1040,425.87,418.02,614.03,368.74,544.08,508.6
986,OK,12,-74,1040,1040,424.79,412.86,613.96,367.93,546.04,503.07
987,OK,-3,-84,1044,1044,413.18,406.14,603.43,362.59,530.55,493.0
988,OK,2,-83,1031,1031,414.78,403.7,603.21,363.06,526.45,482.02
989,OK,10,-97,1019,1019,418.63,385.0,605.95,349.58,527.11,457.16
990,OK,24,-97,1000,1000,425.2,369.96,610.0,341.48,531.5,451.91
991,OK,48,-130,1009,1009,448.23,355.69,633.59,320.78,563.49,409.89
992,OK,81,-123,991,991,470.35,350.2,653.46,322.0,590.9,409.4
993,OK,101,-121,993,993,489.56,349.95,673.83,327.4,612.5,411.72
994,OK,91,-132,1010,1010,489.21,349.2,676.24,323.28,610.6,410.67
995,OK,111,-114,984,984,496.98,353.42,679.93,334.26,618.93,413.06
996,OK,104,-118,986,986,492.65,352.01,676.08,332.38,611.29,408.08
997,OK,95,-123,994,994,489.41,348.33,674.58,332.31,603.94,409.63
998,OK,99,-113,978,978,485.5,350.14,667.56,332.37,601.47,412.07
999,OK,96,-107,991,991,489.55,355.97,674.56,346.0,601.45,425.73
1000,OK,97,-100,987,987,490.1,355.39,674.57,347.05,599.61,434.9
1001,OK,79,-101,987,987,472.51,360.29,656.7,347.2,580.51,431.6
1002,OK,74,-100,982,982,467.36,358.5,650.68,347.35,571.64,430.4
1003,OK,63,-102,1002,1002,465.18,366.26,651.74,349.33,570.4,440.49
1004,OK,55,-122,1022,1022,462.72,364.83,652.58,341.99,574.64,425.03
1005,OK,59,-115,1012,1012,461.62,365.28,649.52,342.9,574.9,429.21
1006,OK,56,-108,1014,1014,459.89,372.08,648.0,347.67,573.86,439.39
1007,OK,52,-98,1010,1010,457.98,375.91,645.81,355.47,563.77,448.59
1008,OK,51,-96,1012,1012,457.12,378.8,645.08,355.92,563.81,453.72
1009,OK,43,-108,1015,1015,452.57,375.84,640.95,352.47,554.97,434.89
1010,OK,45,-113,1017,1017,454.87,372.76,643.31,347.27,557.7,430.74
1011,OK,61,-90,990,990,459.38,380.84,642.37,353.17,561.33,443.27
1012,OK,61,-94,1005,1005,463.5,380.98,649.64,354.91,570.53,449.13
1013,OK,58,-98,1005,1005,462.06,380.16,648.01,352.62,565.33,441.98
1014,OK,46,-100,1013,1013,456.0,378.02,643.76,352.86,555.22,447.77
1015,OK,45,-105,1009,1009,451.98,376.41,638.99,350.55,552.89,434.56
1016,OK,39,-111,1015,1015,447.9,378.13,635.65,350.33,551.12,428.31
1017,OK,28,-105,1018,1018,438.51,384.05,625.98,351.01,543.02,440.71
1018,OK,27,-103,1017,1017,438.08,380.93,626.04,351.78,538.74,445.45
1019,OK,33,-94,1008,1008,440.75,378.4,627.81,355.21,540.16,453.52
1020,OK,44,-81,1004,1004,449.1,385.58,636.1,369.32,550.03,465.95
1021,OK,64,-73,1004,1004,464.13,388.46,651.68,377.69,574.11,476.85
1022,OK,102,-48,973,973,490.9,376.83,672.74,385.6,595.98,495.09
1023,OK,114,-54,983,983,507.26,374.48,690.54,388.99,611.18,493.45
1024,OK,138,-51,976,976,526.01,372.56,707.79,389.87,635.3,493.41
1025,OK,150,-45,965,965,531.53,371.87,711.49,386.32,643.07,495.07
1026,OK,145,-61,981,981,534.83,367.52,717.6,382.99,644.54,483.22
1027,OK,130,-80,1007,1007,532.55,362.61,720.14,378.84,639.74,475.53
1028,OK,148,-75,992,992,544.71,361.35,729.77,373.59,651.88,475.58
1029,OK,139,-84,1013,1013,545.95,364.19,735.04,375.86,650.12,474.5
1030,OK,167,-69,1005,1005,565.59,375.36,753.43,379.9,678.92,490.32
1031,OK,202,-48,982,982,589.68,383.65,772.99,394.35,705.12,498.81
1032,OK,199,-48,983,983,590.32,379.09,773.31,396.11,698.59,499.74
1033,OK,187,-49,993,993,583.44,382.75,768.53,398.64,691.1,503.32
1034,OK,165,-50,992,992,566.36,383.62,750.38,407.51,664.75,497.83
1035,OK,140,-58,1016,1016,548.33,392.82,738.01,403.16,654.09,502.51
1036,OK,112,-45,1025,1025,521.0,416.09,712.57,408.14,631.91,522.31
1037,OK,88,-53,1043,1043,503.09,421.74,697.4,405.19,618.14,524.48
1038,OK,63,-43,1039,1039,479.18,429.1,672.38,408.74,589.45,534.96
1039,OK,57,-27,1016,1016,464.41,435.69,652.52,409.24,572.73,541.27
1040,OK,29,-34,1018,1018,439.2,434.9,626.37,400.5,543.35,532.63
1041,OK,12,-34,1025,1025,424.85,439.33,612.04,398.36,531.42,538.3
1042,OK,18,-10,995,995,419.07,448.86,599.42,403.04,522.5,548.7
1043,OK,13,-6,988,988,411.16,452.77,590.12,406.87,514.07,546.73
1044,OK,6,-15,992,992,405.67,451.4,583.52,398.24,509.89,539.0
1045,OK,9,-1,971,971,401.64,453.79,576.33,404.23,499.6,539.84
1046,OK,10,9,950,950,396.53,449.55,568.43,404.85,487.61,541.96
1047,OK,2,-2,962,962,393.01,448.21,566.67,401.03,487.25,534.37
1048,OK,-5,-5,972,972,388.81,451.52,563.65,401.56,486.53,535.7
1049,OK,-2,-5,962,962,387.84,448.92,560.04,397.1,484.29,529.79
1050,OK,5,0,952,952,393.44,449.5,563.74,397.44,485.22,528.88
1051,OK,10,-11,964,964,400.83,442.34,573.19,389.34,497.35,527.15
1052,OK,8,-31,994,994,408.01,438.65,586.18,385.54,514.85,521.36
1053,OK,14,-48,1014,1014,417.26,427.89,600.82,380.15,533.01,515.81
1054,OK,24,-64,1022,1022,430.55,414.97,618.12,378.13,546.54,499.04
1055,OK,57,-57,993,993,447.59,400.28,631.23,372.64,568.4,492.19
1056,OK,45,-62,997,997,440.4,393.1,625.59,371.79,553.23,490.45
1057,OK,56,-64,986,986,446.28,384.4,629.96,367.55,560.14,483.01
1058,OK,49,-69,984,984,442.77,380.69,626.07,365.23,548.22,473.28
1059,OK,71,-68,967,967,457.75,371.63,638.41,362.83,561.5,463.18
1060,OK,64,-84,993,993,459.32,369.88,644.77,358.86,569.07,460.25
1061,OK,88,-72,970,970,473.38,368.64,654.73,362.27,583.3,461.9
1062,OK,101,-72,969,969,484.04,365.9,665.3,362.04,596.15,461.59
1063,OK,102,-78,974,974,490.67,361.12,672.91,363.24,596.76,455.94
1064,OK,96,-83,986,986,489.39,363.74,673.72,363.94,598.39,456.33
1065,OK,110,-80,977,977,498.72,360.59,681.4,363.19,607.31,454.8
1066,OK,110,-88,997,997,506.37,362.44,692.83,368.43,618.09,455.45
1067,OK,137,-77,980,980,522.46,362.06,705.59,370.87,640.4,459.7
1068,OK,129,-80,982,982,518.63,359.34,701.85,371.53,631.68,457.89
1069,OK,131,-85,981,981,519.71,354.14,702.78,366.1,631.99,450.45
1070,OK,140,-67,956,956,520.47,356.94,698.83,369.42,626.42,459.36
1071,OK,131,-70,959,959,513.97,354.29,692.77,367.51,616.66,457.79
1072,OK,120,-77,971,971,509.25,356.59,690.62,366.49,611.77,456.18
1073,OK,113,-76,979,979,505.95,358.6,688.64,371.6,608.45,461.3
1074,OK,133,-66,961,961,519.61,358.83,697.81,382.67,619.23,457.46
1075,OK,151,-75,974,974,538.49,357.32,719.6,377.63,647.61,457.84
1076,OK,170,-74,959,959,550.97,346.38,728.55,371.49,659.78,451.13
1077,OK,162,-108,991,991,554.15,331.46,738.14,354.33,668.61,432.57
1078,OK,151,-121,1004,1004,549.17,335.04,736.49,347.44,665.06,422.09
1079,OK,172,-125,981,981,557.19,335.69,740.68,331.13,676.66,398.32
1080,OK,217,-99,932,932,580.58,339.37,754.47,327.8,699.09,401.2
1081,OK,233,-92,921,921,590.39,339.27,762.36,327.83,710.78,403.11
1082,OK,220,-106,934,934,583.89,333.27,758.36,323.64,703.23,394.35
1083,OK,155,-125,979,979,543.04,335.54,725.78,324.84,655.47,398.21
1084,OK,127,-108,981,981,517.11,348.51,700.18,334.96,626.17,423.8
1085,OK,120,-50,952,952,495.99,397.2,670.49,362.04,609.7,474.15
1086,OK,83,-59,1014,1014,482.47,420.13,666.0,372.66,606.27,499.66
1087,OK,82,-51,1027,1027,480.8,437.2,664.61,381.25,618.52,515.95
1088,OK,40,-62,1061,1061,457.45,447.06,645.55,383.75,588.8,522.18
1089,OK,36,-59,1057,1057,452.05,446.66,639.74,384.33,582.8,523.44
1090,OK,42,-40,1022,1022,448.62,447.05,632.31,394.18,566.37,522.19
1091,OK,44,-66,1052,1052,459.01,447.5,644.17,380.74,588.61,506.03
1092,OK,71,-59,1023,1023,467.53,440.54,646.55,372.94,607.61,498.69
1093,OK,69,-65,1014,1014,468.56,428.05,648.57,368.46,593.47,485.78
1094,OK,81,-69,1031,1031,488.91,424.39,674.02,370.24,611.61,496.28
1095,OK,104,-58,992,992,493.58,415.63,674.22,373.53,616.9,483.04
1096,OK,91,-52,986,986,479.71,421.92,658.65,377.44,599.49,483.42
1097,OK,84,-54,974,974,470.26,420.77,645.24,369.93,585.46,471.57
1098,OK,95,-64,988,988,487.45,403.29,669.82,373.91,600.67,472.54
1099,OK,106,-50,981,981,498.74,407.45,678.85,372.88,604.99,491.53
1100,OK,119,-82,1000,1000,516.56,387.17,701.52,359.92,629.21,463.34
1101,OK,130,-87,995,995,525.09,382.97,708.64,352.8,637.77,454.11
1102,OK,136,-87,987,987,529.02,376.98,712.03,352.4,637.57,447.35
1103,OK,130,-89,994,994,527.6,375.76,712.35,355.54,635.65,452.15
1104,OK,126,-88,996,996,523.76,374.68,709.28,356.98,632.25,454.84
1105,OK,115,-87,1002,1002,515.89,378.14,702.55,361.34,623.32,459.06
1106,OK,117,-75,987,987,511.97,381.41,695.78,363.5,616.61,464.19
1107,OK,116,-66,983,983,508.92,384.24,692.3,370.34,614.53,474.66
1108,OK,108,-62,987,987,502.05,391.13,685.79,372.95,608.13,480.02
1109,OK,93,-72,1003,1003,495.39,385.22,682.7,375.26,600.81,477.87
1110,OK,76,-78,1008,1008,482.13,381.09,670.57,375.06,584.79,475.1
1111,OK,72,-72,997,997,471.95,383.72,658.19,374.48,576.1,473.77
1112,OK,56,-69,1001,1001,458.56,388.12,645.55,377.62,561.85,480.42
1113,OK,58,-68,998,998,458.98,387.67,645.44,378.15,563.1,480.44
1114,OK,59,-68,999,999,458.28,388.69,644.76,377.21,565.46,479.35
1115,OK,71,-66,995,995,465.67,389.43,651.31,376.7,577.93,480.08
1116,OK,85,-67,988,988,477.64,380.38,662.29,374.21,589.6,477.08
1117,OK,94,-73,985,985,485.41,370.78,669.65,371.63,594.55,468.08
1118,OK,112,-64,958,958,495.37,363.48,674.37,372.13,598.21,463.23
1119,OK,117,-66,963,963,500.02,364.54,680.05,372.07,605.97,463.52
1120,OK,121,-66,952,952,498.89,360.48,676.93,366.02,606.5,457.9
1121,OK,114,-75,962,962,497.77,356.15,677.46,363.51,603.72,454.0
1122,OK,115,-73,960,960,499.52,354.75,678.66,368.16,602.65,454.05
1123,OK,118,-71,958,958,501.59,355.3,680.26,369.19,603.88,453.92
1124,OK,123,-65,949,949,501.56,358.38,678.63,371.81,604.98,453.87
1125,OK,110,-77,962,962,497.15,352.95,676.64,365.88,596.83,449.61
1126,OK,103,-80,965,965,491.1,351.49,671.06,364.51,589.56,446.03
1127,OK,106,-83,963,963,493.13,349.57,672.88,361.61,591.91,441.03
1128,OK,109,-80,963,963,497.09,352.87,676.88,364.92,594.2,444.17
1129,OK,119,-80,965,965,508.74,351.17,688.72,365.9,604.73,446.31
1130,OK,136,-74,956,956,521.57,351.49,699.7,367.37,618.66,449.72
1131,OK,149,-80,968,968,538.48,347.96,717.88,371.96,638.2,449.65
1132,OK,149,-92,991,991,547.74,344.57,731.15,370.99,650.15,449.22
1133,OK,166,-84,981,981,559.48,347.5,741.33,371.5,663.15,454.14
1134,OK,177,-80,972,972,567.97,347.05,748.41,369.95,668.61,454.43
1135,OK,184,-73,967,967,572.17,350.64,751.55,373.46,672.44,458.83
1136,OK,178,-72,973,973,568.69,354.49,749.35,375.71,670.49,463.19
1137,OK,157,-84,992,992,558.63,351.31,742.18,378.88,656.92,459.68
1138,OK,151,-93,992,992,553.05,346.9,736.55,374.94,650.01,446.31
1139,OK,148,-91,995,995,551.82,347.06,734.84,380.51,646.89,449.92
1140,OK,148,-87,990,990,550.53,348.19,732.74,381.05,644.99,453.26
1141,OK,136,-98,1005,1005,546.32,342.93,730.61,379.82,638.64,448.35
1142,OK,145,-84,985,985,547.73,344.17,728.11,381.22,636.1,453.39
1143,OK,137,-86,989,989,541.63,347.02,723.24,381.77,631.02,452.19
1144,OK,141,-80,975,975,540.0,345.71,719.22,379.33,627.76,453.12
1145,OK,139,-78,971,971,535.0,347.6,714.04,378.19,624.46,451.59
1146,OK,131,-84,986,986,533.64,352.82,715.45,383.87,625.28,450.94
1147,OK,140,-88,994,994,545.51,345.15,726.53,387.18,639.01,451.88
1148,OK,146,-73,973,973,542.45,347.94,719.85,388.42,634.02,458.67
1149,OK,145,-72,962,962,536.45,344.86,712.01,384.08,628.73,453.77
1150,OK,123,-86,982,982,522.58,346.84,703.11,380.5,616.44,448.08
1151,OK,129,-81,974,974,524.26,346.23,703.15,381.03,619.58,449.91
1152,OK,126,-83,982,982,523.27,349.02,704.08,380.92,620.87,452.05
1153,OK,136,-77,968,968,529.33,345.23,706.88,380.87,623.11,451.91
1154,OK,150,-64,953,953,537.71,347.0,711.76,385.49,628.28,458.21
1155,OK,149,-67,952,952,536.45,345.15,710.17,383.77,627.85,454.62
1156,OK,135,-81,976,976,532.67,344.32,711.13,383.1,624.83,450.47
1157,OK,132,-84,979,979,532.01,342.37,710.56,383.05,622.09,448.77
1158,OK,131,-88,984,984,533.56,340.8,712.72,382.72,623.3,446.93
1159,OK,147,-76,966,966,541.48,341.57,716.37,386.78,632.23,451.32
1160,OK,158,-67,953,953,547.03,342.11,719.21,388.45,636.05,453.12
1161,OK,164,-64,947,947,549.44,344.95,720.93,389.23,639.14,452.62
1162,OK,164,-68,953,953,551.77,344.31,724.34,389.07,642.93,450.84
1163,OK,164,-70,954,954,551.92,343.39,724.72,388.03,643.83,449.06
1164,OK,165,-69,952,952,551.99,343.32,724.95,385.52,644.89,450.37
1165,OK,165,-71,948,948,550.7,341.39,722.91,383.55,642.8,445.27
1166,OK,164,-72,951,951,550.95,339.92,723.33,383.68,642.37,446.05
1167,OK,163,-75,956,956,552.43,340.32,725.57,385.07,643.29,445.2
1168,OK,161,-81,969,969,555.92,339.23,731.07,385.54,647.56,443.71
1169,OK,162,-78,965,965,556.1,340.45,731.01,384.87,645.75,445.67
1170,OK,167,-77,959,959,557.87,341.08,731.43,386.22,648.15,441.75
1171,OK,163,-82,970,970,558.32,341.18,734.44,384.52,650.13,443.49
1172,OK,164,-94,976,976,562.24,335.27,739.56,378.76,653.68,431.29
1173,OK,179,-81,955,955,568.22,337.69,742.2,377.72,657.5,434.51
1174,OK,186,-88,963,963,577.48,338.03,753.07,378.41,670.13,429.44
1175,OK,189,-93,974,974,585.07,336.49,761.45,382.18,678.93,430.29
1176,OK,203,-81,960,960,592.85,340.1,767.05,383.89,686.9,437.38
1177,OK,208,-75,951,951,594.91,341.97,767.41,385.13,685.56,438.23
1178,OK,214,-68,940,940,596.43,344.46,767.33,385.43,686.65,440.48
1179,OK,203,-78,960,960,594.94,340.82,768.67,386.1,684.25,442.5
1180,OK,204,-86,964,964,598.02,335.1,771.68,383.93,687.45,434.42
1181,OK,200,-87,974,974,599.09,335.89,774.33,385.4,687.82,441.27
1182,OK,197,-86,978,978,598.33,340.69,774.67,389.18,686.96,443.02
1183,OK,217,-77,951,951,605.0,338.88,776.82,384.54,694.13,435.73
1184,OK,218,-82,949,949,605.37,336.4,777.14,381.16,693.98,426.27
1185,OK,213,-98,973,973,609.14,332.01,785.64,376.34,700.77,422.5
1186,OK,212,-88,986,986,613.38,343.72,793.73,382.15,706.77,448.73
1187,OK,204,-77,985,985,608.6,348.49,788.45,388.7,694.8,462.01
1188,OK,195,-71,980,980,598.57,350.62,777.03,392.63,684.15,467.48
1189,OK,166,-95,1007,1007,582.9,342.27,765.05,390.03,665.55,450.91
1190,OK,136,-115,1027,1027,560.16,338.7,746.0,387.25,645.14,434.95
1191,OK,122,-117,1035,1035,549.59,336.66,737.03,384.86,636.56,441.09
1192,OK,117,-95,1011,1011,532.22,344.96,717.22,384.17,620.07,455.66
1193,OK,111,-94,996,996,519.7,345.28,703.41,376.6,607.81,447.98
1194,OK,103,-106,998,998,511.24,336.43,695.7,364.46,602.17,436.82
1195,OK,81,-137,1032,1032,505.5,327.93,695.85,359.47,594.03,415.47
1196,OK,82,-133,1026,1026,504.74,327.82,693.76,360.38,591.15,416.85
1197,OK,79,-131,1025,1025,500.23,333.29,690.11,359.38,587.35,416.32
1198,OK,74,-129,1029,1029,496.54,336.59,687.55,360.33,584.79,421.58
1199,OK,71,-134,1039,1039,495.42,341.41,689.45,352.85,587.94,423.23
1200,OK,77,-140,1046,1046,504.88,340.15,700.35,349.15,599.35,422.7
1201,OK,88,-143,1048,1048,517.92,339.45,713.78,345.24,609.39,421.2
1202,OK,108,-135,1017,1017,522.59,339.94,712.65,335.44,615.93,409.74
1203,OK,96,-137,1037,1037,515.97,352.73,709.26,336.6,615.8,419.22
1204,OK,98,-126,1018,1018,510.69,358.01,699.96,338.16,609.7,419.35
1205,OK,101,-95,1004,1004,504.39,381.94,689.17,348.1,611.08,450.21
1206,OK,91,-86,1028,1028,504.39,396.11,693.55,361.64,611.53,478.01
1207,OK,88,-72,1010,1010,494.57,399.03,680.63,365.9,599.7,484.64
1208,OK,75,-75,1019,1019,485.92,399.57,673.56,366.21,589.51,485.77
1209,OK,69,-73,1021,1021,479.48,401.28,667.26,367.09,586.09,490.72
1210,OK,65,-67,1026,1026,475.7,407.61,664.4,373.23,586.12,503.3
1211,OK,46,-59,1024,1024,456.0,423.58,641.6,375.99,568.93,506.98
1212,OK,52,-51,1028,1028,460.74,430.56,646.54,381.36,578.75,521.12
1213,OK,41,-47,1028,1028,450.9,440.81,634.54,384.0,568.55,521.64
1214,OK,41,-43,1020,1020,450.13,441.16,632.56,385.62,562.38,521.25
1215,OK,40,-48,1022,1022,451.51,435.52,635.65,384.03,558.73,517.35
1216,OK,43,-48,1020,1020,453.21,434.82,636.03,380.62,561.45,517.0
1217,OK,36,-68,1028,1028,451.36,425.06,636.18,372.04,557.52,493.77
1218,OK,37,-64,1018,1018,449.14,424.98,631.89,371.25,552.81,492.49
1219,OK,42,-65,1019,1019,452.99,426.45,635.61,371.7,557.98,489.26
1220,OK,43,-55,1010,1010,451.77,426.28,633.73,375.41,555.03,499.48
1221,OK,39,-48,998,998,445.41,429.18,624.67,376.89,542.92,500.46
1222,OK,50,-30,974,974,446.96,430.95,622.16,380.92,540.56,509.15
1223,OK,35,-49,1011,1011,443.54,435.55,624.24,379.66,547.32,506.01
1224,OK,36,-46,1006,1006,442.43,434.82,622.7,380.7,545.51,506.77
1225,OK,34,-60,1026,1026,448.45,436.08,631.89,379.99,554.26,499.13
1226,OK,37,-64,1024,1024,450.64,431.6,633.44,374.73,557.89,493.24
1227,OK,40,-64,1024,1024,453.81,423.56,639.17,375.3,559.2,496.59
1228,OK,56,-53,1002,1002,461.12,418.95,644.27,379.17,562.45,498.75
1229,OK,51,-59,1018,1018,460.57,420.02,646.6,379.44,566.92,500.73
1230,OK,55,-69,1025,1025,465.66,408.74,654.58,376.4,574.11,494.44
1231,OK,66,-72,1019,1019,473.64,394.54,662.12,366.3,583.7,493.72
1232,OK,82,-75,1014,1014,484.2,388.27,672.2,363.24,601.03,489.63
1233,OK,79,-86,1022,1022,485.87,381.84,675.87,361.26,599.53,479.61
1234,OK,77,-98,1029,1029,486.66,376.07,678.24,357.34,601.52,465.98
1235,OK,86,-96,1022,1022,492.97,374.15,683.08,355.08,606.76,466.24
1236,OK,101,-87,1003,1003,497.45,375.35,683.39,350.92,614.83,465.27
1237,OK,94,-96,1013,1013,495.57,373.81,683.56,350.59,611.81,459.2
1238,OK,104,-89,995,995,499.32,375.76,683.46,348.51,612.16,454.24
1239,OK,111,-98,998,998,506.66,374.64,690.18,341.05,621.86,444.83
1240,OK,109,-118,1021,1021,511.24,373.28,697.24,330.26,635.25,432.26
1241,OK,113,-133,1025,1025,515.71,367.22,701.49,320.04,642.86,415.43
1242,OK,113,-139,1029,1029,518.87,364.99,705.29,317.11,643.59,409.91
1243,OK,120,-135,1013,1013,518.18,362.48,701.89,315.82,642.85,404.68
1244,OK,119,-131,998,998,512.74,361.66,694.25,318.27,633.09,397.84
1245,OK,104,-133,1006,1006,502.34,368.52,683.68,318.12,622.64,398.64
1246,OK,84,-125,1016,1016,489.95,375.56,672.54,323.01,604.15,417.07
1247,OK,83,-113,1011,1011,487.91,378.83,670.16,328.39,598.83,430.49
1248,OK,86,-104,1007,1007,488.32,382.26,671.13,337.28,598.89,438.66
1249,OK,79,-102,1013,1013,483.97,385.91,668.14,341.66,594.92,445.52
1250,OK,84,-97,1004,1004,486.42,386.55,669.69,345.63,595.16,445.59
1251,OK,75,-103,1020,1020,484.3,385.45,670.89,345.87,592.5,449.48
1252,OK,77,-97,1018,1018,485.47,390.06,670.99,346.84,595.51,456.17
1253,OK,85,-103,1018,1018,492.67,390.17,677.11,342.63,604.47,446.79
1254,OK,122,-111,1020,1020,524.1,384.74,708.21,334.77,648.13,440.13
1255,OK,131,-117,1029,1029,537.12,384.47,723.64,337.25,660.69,434.33
1256,OK,143,-111,1027,1027,547.39,388.69,733.16,339.5,672.13,441.41
1257,OK,141,-121,1040,1040,551.79,386.84,740.26,338.63,676.22,436.7
1258,OK,147,-108,1028,1028,553.82,392.61,739.47,342.35,675.7,445.87
1259,OK,131,-110,1047,1047,547.43,395.54,736.93,345.96,666.79,456.03
1260,OK,127,-108,1033,1033,542.42,387.41,731.26,346.53,649.6,450.8
1261,OK,127,-103,1012,1012,535.73,382.5,721.26,344.59,637.52,443.62
1262,OK,114,-106,1005,1005,522.98,371.06,709.05,344.33,616.47,435.83
1263,OK,94,-118,1009,1009,507.84,360.78,695.27,339.06,595.2,423.35
1264,OK,72,-125,1017,1017,492.72,354.04,682.8,346.35,574.1,416.63
1265,OK,60,-132,1043,1043,488.37,355.54,683.33,348.92,576.54,425.96
1266,OK,55,-114,1030,1030,478.99,360.63,671.65,356.95,564.83,444.39
1267,OK,68,-96,1001,1001,476.6,360.41,663.88,358.06,566.32,449.64
1268,OK,55,-113,1022,1022,473.85,356.0,664.97,353.47,564.51,441.99
1269,OK,65,-93,1011,1011,478.54,359.89,667.53,367.08,567.84,460.6
1270,OK,64,-93,1014,1014,480.67,357.47,670.11,368.07,567.08,465.6
1271,OK,66,-93,1016,1016,483.55,359.83,673.4,368.47,570.91,466.16
1272,OK,74,-84,1006,1006,488.11,358.32,675.81,372.34,572.16,472.76
1273,OK,81,-92,1011,1011,494.97,355.77,683.6,368.04,584.19,464.34
1274,OK,96,-95,1003,1003,506.03,351.59,693.22,364.15,594.87,454.89
1275,OK,110,-103,1012,1012,520.68,350.21,709.56,363.4,617.25,449.92
1276,OK,120,-96,1001,1001,525.03,352.34,711.85,364.86,623.37,449.57
1277,OK,136,-91,988,988,532.84,354.01,717.38,365.12,636.43,448.42
1278,OK,134,-95,995,995,532.94,352.98,718.74,362.24,636.22,447.76
1279,OK,136,-101,998,998,536.92,349.99,723.27,362.09,640.34,441.41
1280,OK,140,-106,1000,1000,540.67,349.32,727.55,358.16,646.04,434.91
1281,OK,135,-114,1010,1010,539.8,353.59,728.7,354.65,647.6,429.03
1282,OK,139,-116,1013,1013,543.51,350.63,732.98,347.53,653.5,431.3
1283,OK,125,-133,1039,1039,543.08,344.57,737.4,346.8,649.46,427.65
1284,OK,131,-128,1025,1025,543.68,342.71,735.28,347.85,647.28,423.83
1285,OK,136,-114,1010,1010,542.01,349.72,730.82,348.68,646.17,434.36
1286,OK,128,-115,1016,1016,536.58,349.97,726.64,352.42,641.15,435.54
1287,OK,124,-115,1004,1004,528.97,347.83,716.75,345.58,630.96,428.1
1288,OK,112,-126,1015,1015,521.2,345.56,710.89,339.69,623.82,421.35
1289,OK,110,-136,1007,1007,516.8,332.76,705.07,331.53,615.38,403.59
1290,OK,124,-152,1024,1024,537.81,321.99,728.99,332.41,640.1,394.05
1291,OK,149,-129,1007,1007,552.53,331.16,740.06,348.0,657.86,410.2
1292,OK,143,-133,1019,1019,551.98,330.95,741.68,349.0,658.38,412.51
1293,OK,144,-125,1015,1015,555.68,330.61,743.28,359.34,653.5,419.16
1294,OK,158,-122,1002,1002,562.42,328.13,747.08,359.92,663.74,415.94
1295,OK,158,-107,985,985,554.59,329.26,736.14,360.21,655.42,426.4
1296,OK,142,-116,1007,1007,548.31,331.04,733.79,363.81,649.48,427.51
1297,OK,141,-102,1000,1000,545.22,338.23,729.79,368.81,646.38,443.34
1298,OK,145,-100,994,994,546.42,339.97,730.19,368.22,646.69,440.54
1299,OK,141,-106,1005,1005,546.59,340.8,732.72,366.61,648.02,439.61
1300,OK,135,-110,1015,1015,544.24,344.33,732.61,368.49,646.17,438.42
1301,OK,148,-107,1004,1004,554.71,341.92,740.18,371.0,653.25,434.05
1302,OK,203,-92,958,958,584.92,343.2,761.91,370.93,691.31,418.15
1303,OK,232,-78,929,929,598.66,340.86,770.84,364.17,707.98,419.62
1304,OK,223,-90,944,944,598.27,338.28,772.59,365.93,705.61,412.73
1305,OK,219,-91,942,942,594.25,337.14,768.31,364.16,698.8,411.09
1306,OK,208,-96,948,948,584.05,339.97,760.52,356.32,693.46,407.95
1307,OK,199,-98,957,957,578.74,345.09,757.1,359.96,687.61,409.46
1308,OK,202,-96,952,952,579.28,343.46,756.75,358.03,689.74,411.1
1309,OK,180,-112,978,978,571.24,332.79,752.69,356.47,676.33,410.12
1310,OK,185,-101,964,964,570.25,337.82,748.61,364.0,676.32,412.4
1311,OK,184,-101,977,977,571.42,337.68,752.08,365.53,683.79,423.45
1312,OK,193,-83,959,959,571.53,346.56,749.59,367.75,685.35,435.13
1313,OK,191,-81,961,961,569.95,349.54,748.52,369.66,684.69,439.98
1314,OK,182,-82,967,967,565.56,348.12,745.37,367.42,676.12,445.31
1315,OK,166,-98,984,984,557.88,344.33,741.06,361.52,668.23,435.39
1316,OK,157,-100,992,992,552.35,342.98,737.07,360.95,663.17,440.97
1317,OK,159,-89,972,972,545.98,344.34,726.35,367.21,654.72,439.71
1318,OK,119,-104,1001,1001,519.72,349.62,706.37,364.2,624.97,435.99
1319,OK,97,-101,1012,1012,506.42,351.86,695.29,365.34,606.49,451.77
1320,OK,112,-83,978,978,503.37,358.19,686.25,364.04,607.86,451.94
1321,OK,104,-87,993,993,499.08,363.73,684.83,363.87,609.15,455.34
1322,OK,85,-99,1024,1024,494.66,368.71,686.24,365.16,605.04,459.58
1323,OK,85,-104,1029,1029,494.96,368.87,687.27,359.99,608.4,456.06
1324,OK,113,-88,991,991,507.48,362.32,692.88,361.13,616.54,453.57
1325,OK,110,-95,1006,1006,512.13,364.43,700.31,362.96,620.75,452.48
1326,OK,123,-82,984,984,515.43,365.37,699.54,363.32,623.78,457.31
1327,OK,126,-83,987,987,518.12,365.4,702.68,361.99,628.25,456.87
1328,OK,122,-79,1000,1000,519.54,373.92,706.44,365.96,631.7,472.96
1329,OK,112,-79,1006,1006,511.63,382.66,698.75,363.46,625.81,475.05
1330,OK,116,-67,993,993,510.1,387.37,694.54,365.79,622.12,482.04
1331,OK,106,-80,1012,1012,510.43,385.43,698.62,364.37,620.87,477.96
1332,OK,112,-98,1014,1014,516.3,372.36,705.05,354.78,628.9,456.12
1333,OK,94,-123,1033,1033,507.16,368.1,699.14,346.14,617.4,430.07
1334,OK,85,-125,1021,1021,496.7,362.32,685.78,335.37,600.08,422.26
1335,OK,77,-135,1023,1023,489.65,359.25,678.46,328.04,592.89,409.75
1336,OK,70,-131,1007,1007,476.94,355.03,663.08,326.66,576.32,404.22
1337,OK,77,-123,985,985,474.21,353.83,656.74,328.75,574.51,397.15
1338,OK,63,-130,995,995,463.84,357.39,647.78,328.72,564.72,391.36
1339,OK,63,-126,991,991,462.23,358.44,645.27,329.43,562.25,394.71
1340,OK,55,-131,1005,1005,461.2,362.72,646.14,329.34,561.89,396.48
1341,OK,55,-132,1017,1017,463.46,366.46,650.18,330.22,570.36,405.4
1342,OK,58,-111,1010,1010,465.07,374.68,650.4,337.89,569.82,433.48
1343,OK,55,-112,1013,1013,464.9,375.86,651.32,341.59,565.4,430.31
1344,OK,65,-104,997,997,466.8,377.77,649.8,341.79,567.9,429.58
1345,OK,86,-94,998,998,490.23,369.9,676.41,356.19,588.3,448.65
1346,OK,97,-95,1001,1001,501.14,366.9,688.01,355.93,601.06,449.71
1347,OK,108,-94,1004,1004,512.0,365.87,699.69,359.07,615.87,454.24
1348,OK,116,-86,990,990,510.54,367.67,695.64,360.79,618.92,455.5
1349,OK,108,-90,998,998,507.26,363.65,694.0,363.19,613.51,454.64
1350,OK,98,-90,1003,1003,500.48,366.11,688.05,363.62,605.58,458.59
1351,OK,94,-90,1006,1006,497.27,367.78,685.41,365.92,602.76,460.32
1352,OK,97,-85,995,995,495.15,367.06,681.14,363.23,601.53,459.69
1353,OK,98,-87,993,993,494.7,366.35,680.36,361.53,601.0,455.24
1354,OK,91,-98,1007,1007,493.38,362.84,681.6,357.27,601.37,451.26
1355,OK,97,-101,1007,1007,500.69,357.74,688.97,357.98,606.41,447.06
1356,OK,93,-101,1013,1013,500.4,358.83,689.88,359.38,603.56,450.97
1357,OK,105,-79,990,990,502.52,365.53,687.7,364.96,605.34,467.33
1358,OK,110,-70,992,992,506.27,369.82,691.72,369.12,614.54,482.9
1359,OK,107,-84,1001,1001,507.39,364.44,694.55,366.86,613.95,467.69
1360,OK,107,-84,1002,1002,508.59,363.6,696.01,367.66,613.76,468.38
1361,OK,119,-76,995,995,515.73,368.41,701.79,370.12,623.76,473.02
1362,OK,125,-83,996,996,523.82,361.78,710.0,366.79,630.96,466.63
1363,OK,132,-87,1005,1005,532.01,362.02,719.99,366.9,643.08,466.4
1364,OK,139,-93,1004,1004,539.4,354.3,726.96,362.95,650.6,461.16
1365,OK,134,-112,1024,1024,542.04,353.44,733.55,358.12,655.57,445.0
1366,OK,145,-111,1002,1002,543.04,350.23,730.5,350.21,657.08,431.23
1367,OK,148,-112,986,986,537.85,353.82,722.12,349.03,653.3,411.79
1368,OK,128,-114,994,994,522.29,355.76,708.02,346.61,635.37,415.6
1369,OK,114,-116,1001,1001,511.41,357.29,698.04,341.6,624.11,420.48
1370,OK,114,-114,996,996,510.34,355.08,695.92,339.42,622.46,421.09
1371,OK,103,-118,1002,1002,504.08,351.26,691.14,340.09,611.03,421.91
1372,OK,97,-109,997,997,495.86,359.2,681.35,339.8,603.12,430.08
1373,OK,90,-106,1005,1005,493.32,361.13,680.73,346.03,597.56,438.71
1374,OK,84,-110,1014,1014,489.44,364.73,678.26,346.98,598.16,438.89
1375,OK,80,-106,1014,1014,487.91,364.39,677.16,353.23,592.89,444.76
1376,OK,83,-102,1009,1009,488.13,366.23,676.37,353.15,593.44,444.66
1377,OK,85,-98,1007,1007,487.9,369.18,675.69,354.98,594.72,448.39
1378,OK,74,-97,1008,1008,478.48,373.29,666.1,355.23,585.47,451.73
1379,OK,63,-103,1025,1025,474.66,371.9,665.58,354.44,580.59,455.49
1380,OK,67,-98,1017,1017,476.08,371.94,665.62,356.47,580.66,457.7
1381,OK,82,-88,998,998,482.85,368.96,669.3,358.81,587.21,458.74
1382,OK,101,-86,993,993,497.76,367.24,683.36,363.07,604.54,455.84
1383,OK,124,-75,970,970,511.14,366.78,692.45,362.47,617.5,456.77
1384,OK,136,-76,975,975,522.6,363.86,704.87,368.61,633.73,456.37
1385,OK,140,-80,978,978,527.76,361.69,710.62,367.57,638.84,453.82
1386,OK,139,-74,979,979,528.89,364.45,711.69,374.45,637.36,461.17
1387,OK,141,-66,971,971,527.16,367.11,708.5,376.63,634.96,468.11
1388,OK,136,-70,978,978,528.27,365.51,710.8,378.76,630.84,466.44
1389,OK,125,-83,996,996,523.8,361.25,709.41,377.11,629.95,461.59
1390,OK,142,-65,962,962,524.06,360.61,703.49,374.53,632.62,465.23
1391,OK,148,-57,962,962,529.54,364.9,708.9,379.47,639.08,476.1
1392,OK,148,-46,962,962,532.26,371.05,710.87,392.05,638.13,489.67
1393,OK,148,-38,956,956,529.21,372.92,706.67,394.19,636.03,498.34
1394,OK,138,-40,961,961,524.35,370.94,702.21,396.78,623.69,497.31
1395,OK,137,-40,965,965,525.04,374.68,703.72,399.67,624.96,497.58
1396,OK,150,-40,956,956,532.23,370.79,709.66,392.68,635.39,495.69
1397,OK,147,-50,973,973,534.89,372.64,715.93,390.42,642.51,491.17
1398,OK,160,-41,963,963,543.81,372.13,722.78,393.05,650.66,498.02
1399,OK,169,-34,962,962,552.0,378.79,730.98,397.7,660.2,507.25
1400,OK,163,-48,981,981,554.89,374.73,737.33,393.98,660.63,500.19
1401,OK,170,-41,967,967,553.32,376.15,733.8,388.73,663.57,502.76
1402,OK,191,-54,961,961,567.79,367.58,747.39,372.91,685.19,482.98
1403,OK,219,-49,942,942,584.51,367.97,760.72,368.64,708.83,476.09
1404,OK,209,-66,963,963,586.05,358.19,765.95,364.87,704.9,469.11
1405,OK,222,-60,933,933,590.31,351.8,764.62,361.21,700.28,457.25
1406,OK,241,-53,918,918,603.81,347.95,774.7,364.67,712.43,457.41
1407,OK,255,-52,919,919,612.62,351.93,784.07,364.56,729.67,456.65
1408,OK,259,-50,906,906,610.71,348.83,779.69,360.68,729.98,451.67
1409,OK,230,-73,936,936,595.11,343.74,769.76,355.79,713.66,441.6
1410,OK,163,-122,1002,1002,557.96,333.03,745.27,339.99,676.57,422.04
1411,OK,143,-102,974,974,529.0,344.25,710.99,337.61,641.43,429.7
1412,OK,131,-100,972,972,516.73,345.59,698.08,333.56,626.81,432.88
1413,OK,114,-99,984,984,505.51,355.72,689.09,341.41,615.45,438.63
1414,OK,111,-75,966,966,493.4,368.04,672.52,344.07,605.31,461.13
1415,OK,102,-85,976,976,489.21,362.58,670.68,343.03,600.6,453.94
1416,OK,101,-88,979,979,488.69,363.83,670.71,344.07,601.03,449.67
1417,OK,106,-89,979,979,491.65,365.92,673.06,341.59,609.03,447.09
1418,OK,105,-89,980,980,491.89,365.25,673.94,343.95,607.81,447.65
1419,OK,108,-77,969,969,490.25,367.99,670.54,350.21,604.07,455.8
1420,OK,97,-79,977,977,483.48,369.05,665.27,350.16,597.05,459.89
1421,OK,93,-79,981,981,481.7,369.27,664.42,352.35,593.91,461.34
1422,OK,94,-80,982,982,483.1,369.36,665.94,351.23,596.77,461.91
1423,OK,109,-75,969,969,489.38,370.84,669.34,350.25,606.71,457.66
1424,OK,107,-78,975,975,490.09,371.52,670.94,348.5,608.02,459.59
1425,OK,110,-78,970,970,491.23,371.38,671.01,347.29,610.58,455.43
1426,OK,110,-78,972,972,492.67,372.3,673.19,350.09,610.67,456.17
1427,OK,121,-74,962,962,498.65,371.58,677.07,348.01,617.32,454.38
1428,OK,118,-85,976,976,499.67,367.79,680.85,346.2,622.79,450.76
1429,OK,115,-88,983,983,498.19,372.05,680.15,345.15,623.3,447.89
1430,OK,118,-86,982,982,501.66,372.97,683.5,347.11,626.91,451.4
1431,OK,121,-79,977,977,503.37,374.26,684.65,351.99,625.79,456.01
1432,OK,117,-82,983,983,500.35,376.56,682.14,349.5,626.53,455.38
1433,OK,100,-100,1006,1006,494.25,372.31,680.52,345.36,620.25,447.68
1434,OK,105,-95,996,996,492.55,373.63,676.23,342.42,622.68,448.04
1435,OK,102,-94,997,997,490.01,376.61,673.65,344.02,618.32,449.31
1436,OK,98,-96,1004,1004,489.61,378.63,674.57,346.15,618.97,449.97
1437,OK,79,-120,1038,1038,488.74,378.57,680.25,347.24,613.45,436.63
1438,OK,90,-107,1025,1025,490.68,378.99,679.72,346.6,619.22,448.48
1439,OK,90,-113,1029,1029,491.59,375.46,680.71,340.19,622.54,445.12
1440,OK,88,-114,1033,1033,492.19,376.44,682.18,341.83,622.81,446.48
1441,OK,98,-108,1017,1017,496.44,372.68,684.34,343.57,622.35,443.14
1442,OK,96,-118,1019,1019,494.68,371.45,682.11,337.05,622.69,429.05
1443,OK,88,-121,1030,1030,490.86,373.77,680.11,337.46,620.95,433.53
1444,OK,93,-114,1014,1014,490.29,371.83,676.05,333.78,618.82,434.76
1445,OK,95,-108,1006,1006,487.56,371.17,672.02,334.38,616.23,438.54
1446,OK,94,-107,1005,1005,486.25,371.35,670.69,334.94,613.71,437.2
1447,OK,90,-103,998,998,482.64,376.82,665.35,338.68,604.4,435.05
1448,OK,85,-111,1008,1008,481.81,374.75,666.45,336.44,604.42,431.86
1449,OK,90,-110,1004,1004,484.6,374.24,668.72,337.38,608.17,429.81
1450,OK,90,-116,1012,1012,488.36,371.13,674.56,337.17,610.59,426.64
1451,OK,91,-114,1009,1009,489.32,370.09,675.03,336.96,608.75,426.61
1452,OK,85,-122,1020,1020,488.47,369.17,676.06,334.13,608.27,425.82
1453,OK,93,-107,1001,1001,489.89,367.09,674.93,339.17,604.39,434.6
1454,OK,82,-121,1019,1019,487.23,363.49,675.76,335.41,601.93,427.37
1455,OK,80,-120,1020,1020,486.6,358.67,676.18,337.51,599.94,432.08
1456,OK,86,-114,1007,1007,485.06,359.57,672.38,340.78,599.59,428.25
1457,OK,79,-112,1003,1003,478.88,358.6,665.52,340.24,588.72,429.8
1458,OK,83,-99,997,997,483.16,358.54,669.51,353.62,587.17,442.49
1459,OK,96,-94,982,982,491.05,352.22,674.68,355.24,591.38,441.46
1460,OK,106,-88,973,973,498.6,353.09,680.39,360.59,596.37,439.4
1461,OK,98,-97,997,997,500.86,353.91,687.05,364.28,599.26,444.25
1462,OK,124,-81,958,958,512.25,351.44,690.21,372.82,605.03,434.3
1463,OK,142,-72,935,935,520.73,346.13,694.62,365.43,610.71,436.01
1464,OK,145,-88,955,955,533.69,334.05,709.6,364.77,624.28,430.04
1465,OK,162,-85,944,944,544.35,332.79,718.14,363.76,636.95,426.06
1466,OK,159,-110,969,969,550.26,326.05,729.64,351.68,647.58,409.89
1467,OK,168,-112,959,959,556.55,321.27,734.43,344.77,649.11,401.87
1468,OK,163,-120,987,987,562.28,327.17,745.54,349.42,659.01,409.19
1469,OK,164,-113,974,974,558.71,328.12,739.43,350.82,654.68,409.57
1470,OK,159,-110,964,964,553.91,321.98,731.89,351.17,640.88,409.12
1471,OK,157,-103,955,955,546.16,323.36,722.49,351.45,635.54,411.46
1472,OK,164,-98,943,943,548.7,316.81,721.93,349.76,636.53,413.15
1473,OK,152,-105,955,955,542.84,313.04,717.97,347.99,627.98,415.1
1474,OK,130,-121,968,968,527.61,312.18,706.83,337.99,612.59,401.73
1475,OK,125,-125,964,964,522.14,306.82,700.52,332.75,604.32,394.86
1476,OK,114,-125,971,971,513.85,311.55,694.27,332.11,595.09,399.33
1477,OK,128,-108,950,950,519.26,311.25,695.54,333.63,599.33,411.86
1478,OK,114,-123,969,969,513.6,317.51,693.85,336.93,593.88,396.56
1479,OK,97,-133,974,974,501.19,315.6,682.15,336.41,576.63,382.96
1480,OK,87,-143,982,982,496.04,308.05,678.18,331.99,569.95,375.99
1481,OK,101,-128,959,959,495.97,314.92,674.31,334.54,575.34,377.94
1482,OK,99,-134,977,977,498.42,323.32,680.73,335.0,585.07,379.02
1483,OK,98,-137,975,975,498.38,320.35,680.25,333.8,581.36,373.46
1484,OK,113,-134,967,967,508.43,314.81,688.76,328.36,593.45,376.81
1485,OK,123,-137,971,971,517.84,311.35,698.9,324.47,608.61,379.48
1486,OK,136,-111,955,955,522.31,325.51,700.1,342.99,615.2,399.33
1487,OK,138,-106,967,967,529.91,328.16,707.8,360.4,623.92,410.58
1488,OK,152,-111,967,967,539.3,324.36,717.65,354.42,641.59,405.98
1489,OK,185,-129,958,958,558.57,314.5,736.71,333.8,681.98,377.24
1490,OK,193,-122,945,945,558.18,317.83,734.43,330.99,685.35,377.57
1491,OK,179,-117,954,954,546.56,329.74,724.92,329.62,677.97,391.81
1492,OK,145,-125,987,987,532.42,333.63,716.81,340.7,653.29,399.96
1493,OK,128,-115,985,985,518.75,346.37,702.95,347.81,629.83,408.38
1494,OK,101,-111,1000,1000,503.78,345.46,690.56,355.15,606.35,427.79
1495,OK,77,-104,1000,1000,477.45,354.26,664.35,358.08,584.87,437.61
1496,OK,57,-97,997,997,456.98,360.6,643.47,359.31,560.47,443.62
1497,OK,36,-97,1000,1000,438.64,362.53,625.63,360.25,540.52,446.33
1498,OK,31,-98,998,998,434.6,359.79,621.2,360.94,533.38,443.44
1499,OK,31,-85,996,996,432.86,369.53,619.08,366.04,533.01,458.3
1500,OK,37,-89,992,992,437.01,363.59,622.62,363.38,536.91,452.33
1501,OK,56,-82,971,971,444.66,362.29,626.16,354.69,547.96,448.06
1502,OK,69,-86,975,975,456.06,362.91,638.23,354.58,565.08,443.66
1503,OK,93,-79,964,964,475.77,365.18,655.97,359.36,584.76,445.52
1504,OK,99,-73,964,964,482.87,364.27,663.19,366.17,589.63,454.31
1505,OK,110,-71,959,959,492.49,363.2,671.8,368.47,596.54,450.89
1506,OK,98,-91,984,984,493.67,357.13,677.61,362.45,594.45,442.73
1507,OK,111,-98,981,981,505.62,346.28,689.01,354.17,604.95,435.19
1508,OK,120,-107,983,983,512.85,347.42,696.62,349.9,617.71,420.16
1509,OK,120,-122,1000,1000,520.57,344.19,707.54,343.02,627.73,413.9
1510,OK,136,-108,986,986,530.2,347.2,714.51,353.31,635.73,419.79
1511,OK,133,-104,994,994,530.23,354.26,716.12,355.26,638.02,431.46
1512,OK,112,-118,1022,1022,521.96,354.57,713.19,353.3,629.29,432.44
1513,OK,112,-101,996,996,512.97,358.03,699.23,353.9,614.38,438.31
1514,OK,112,-104,1002,1002,512.38,359.22,699.8,356.77,620.02,436.14
1515,OK,128,-88,988,988,523.41,355.14,707.76,368.21,630.41,450.96
1516,OK,118,-100,1007,1007,520.39,353.89,708.44,365.4,628.25,447.1
1517,OK,127,-89,996,996,525.75,355.51,711.48,370.32,632.29,456.53
1518,OK,121,-103,1020,1020,530.69,354.06,720.66,371.66,637.71,452.2
1519,OK,136,-93,999,999,532.59,354.14,719.05,365.45,644.18,453.11
1520,OK,124,-93,1002,1002,525.59,354.36,712.59,365.9,632.79,457.38
1521,OK,134,-94,996,996,533.47,351.74,719.02,367.35,639.05,450.37
1522,OK,137,-95,1001,1001,537.35,352.35,723.99,368.05,643.73,450.17
1523,OK,141,-93,999,999,540.16,353.57,726.38,367.73,647.79,451.69
1524,OK,148,-95,1001,1001,546.04,354.09,732.99,364.85,656.62,451.76
1525,OK,145,-102,1008,1008,545.48,355.44,734.02,359.3,659.67,447.01
1526,OK,143,-105,1006,1006,542.31,353.57,730.48,356.4,656.34,442.93
1527,OK,145,-104,1000,1000,540.56,353.82,727.5,354.59,656.92,439.41
1528,OK,131,-108,1007,1007,530.21,356.91,718.46,353.66,643.68,435.09
1529,OK,127,-103,1011,1011,530.56,357.41,719.45,363.88,639.92,445.16
1530,OK,120,-105,1012,1012,526.65,353.33,715.7,364.11,631.19,443.36
1531,OK,113,-103,1013,1013,517.61,356.42,706.88,364.0,626.17,446.75
1532,OK,106,-100,1005,1005,509.41,355.21,697.18,362.07,614.7,447.02
1533,OK,103,-105,1004,1004,503.5,355.28,691.33,355.88,613.68,438.72
1534,OK,91,-114,1005,1005,494.57,350.22,682.51,348.9,599.11,426.96
1535,OK,77,-126,1006,1006,481.36,346.0,669.39,337.34,584.86,412.56
1536,OK,71,-122,994,994,473.74,349.63,658.91,333.51,570.91,408.52
1537,OK,65,-126,1006,1006,473.07,350.98,660.29,332.9,571.07,412.92
1538,OK,68,-122,1002,1002,472.56,357.36,658.93,338.56,572.59,411.68
1539,OK,72,-116,996,996,473.42,357.03,659.15,341.73,574.21,415.36
1540,OK,52,-138,1028,1028,464.89,356.93,655.38,331.06,572.7,409.76
1541,OK,67,-109,995,995,465.17,362.18,650.13,341.86,571.27,424.56
1542,OK,60,-105,1001,1001,460.41,368.22,646.02,344.32,567.27,434.07
1543,OK,55,-110,1008,1008,460.94,366.39,648.15,343.81,565.0,434.72
1544,OK,56,-117,1011,1011,461.73,363.94,649.09,337.83,567.18,426.0
1545,OK,61,-115,1021,1021,471.28,365.03,660.57,339.89,577.32,439.01
1546,OK,96,-87,981,981,489.26,365.85,671.64,346.35,591.66,450.07
1547,OK,89,-102,998,998,489.83,365.35,674.8,339.82,594.94,441.88
1548,OK,103,-88,979,979,495.67,363.64,677.83,344.43,598.55,448.05
1549,OK,87,-113,1012,1012,491.54,362.27,678.95,335.46,601.38,438.03
1550,OK,96,-109,994,994,496.21,353.19,681.09,334.31,599.31,432.84
1551,OK,94,-96,997,997,496.04,357.8,682.37,352.17,596.4,449.15
1552,OK,106,-74,978,978,498.73,367.94,681.68,366.34,600.35,464.29
1553,OK,95,-91,1002,1002,497.93,363.84,685.32,367.02,600.71,455.88
1554,OK,96,-90,992,992,493.62,362.04,679.05,359.52,598.59,452.09
1555,OK,82,-101,1011,1011,488.36,358.7,677.45,356.06,591.55,451.13
1556,OK,83,-94,1000,1000,484.27,360.23,671.28,357.48,588.3,454.53
1557,OK,80,-99,1004,1004,483.02,357.94,670.77,353.81,587.84,451.44
1558,OK,81,-106,1014,1014,487.13,356.36,676.69,352.7,594.46,448.81
1559,OK,109,-101,993,993,503.12,353.11,688.84,351.22,615.97,439.25
1560,OK,113,-101,997,997,508.17,353.32,694.64,352.99,622.24,441.52
1561,OK,97,-101,1008,1008,499.93,361.2,688.46,360.57,609.58,445.59
1562,OK,95,-101,1005,1005,495.0,362.64,682.95,357.12,606.37,443.89
1563,OK,88,-110,1020,1020,498.35,357.4,689.06,358.87,604.12,442.04
1564,OK,92,-106,1017,1017,499.54,359.24,689.74,360.69,607.14,445.76
1565,OK,98,-107,1016,1016,507.03,358.91,697.07,359.3,611.74,443.66
1566,OK,106,-101,1004,1004,508.18,359.08,695.97,357.89,614.42,444.87
1567,OK,95,-105,1026,1026,506.89,365.66,698.81,364.12,613.67,453.11
1568,OK,97,-95,1018,1018,506.61,370.13,696.99,367.44,611.17,460.34
1569,OK,93,-99,1024,1024,505.29,366.66,696.75,365.28,609.28,460.9
1570,OK,103,-83,1000,1000,505.13,370.83,692.05,367.83,609.14,465.63
1571,OK,94,-85,1011,1011,501.32,373.32,690.48,372.2,602.85,468.35
1572,OK,92,-83,1006,1006,498.1,371.87,686.19,370.61,598.46,469.66
1573,OK,85,-83,1015,1015,492.67,376.63,682.4,371.02,598.12,475.11
1574,OK,83,-76,1012,1012,491.14,379.07,680.37,378.46,593.36,483.02
1575,OK,83,-73,1024,1024,494.48,388.86,685.96,387.6,599.85,490.0
1576,OK,90,-55,1006,1006,494.19,393.11,682.33,395.69,598.64,502.96
1577,OK,81,-58,1026,1026,494.51,396.65,686.3,401.9,599.48,512.16
1578,OK,89,-51,1023,1023,498.28,400.95,689.52,402.27,607.63,518.61
1579,OK,89,-59,1022,1022,499.48,395.92,690.68,397.08,605.88,509.22
1580,OK,96,-61,1010,1010,502.07,391.76,690.94,389.87,606.15,498.24
1581,OK,115,-59,987,987,509.82,381.55,694.41,379.37,613.91,489.17
1582,OK,109,-72,1000,1000,511.33,376.09,698.4,376.63,613.74,479.72
1583,OK,103,-100,1021,1021,515.42,360.62,706.25,366.35,615.69,456.85
1584,OK,115,-100,1014,1014,525.76,354.21,714.93,367.31,625.56,453.24
1585,OK,122,-98,1007,1007,528.55,352.51,716.34,367.2,628.22,451.25
1586,OK,122,-95,1002,1002,525.91,354.21,712.88,367.77,627.01,452.63
1587,OK,121,-94,998,998,523.1,355.98,709.31,367.97,625.63,449.89
1588,OK,118,-94,992,992,515.49,358.04,700.99,363.26,619.84,444.07
1589,OK,113,-102,1000,1000,516.78,350.61,703.42,363.12,616.05,440.99
1590,OK,122,-102,978,978,514.9,348.89,697.84,352.26,616.4,424.97
1591,OK,107,-110,1011,1011,514.47,349.49,703.15,361.14,616.68,435.38
1592,OK,111,-107,998,998,513.44,343.33,699.3,359.62,615.23,433.4
1593,OK,105,-115,1005,1005,510.52,340.56,697.93,355.09,611.64,426.4
1594,OK,119,-101,985,985,513.33,346.46,697.34,355.62,617.07,431.56
1595,OK,118,-96,994,994,518.48,349.55,703.97,363.26,620.54,447.42
1596,OK,120,-92,1003,1003,522.05,353.62,708.97,368.93,627.04,457.77
1597,OK,128,-76,985,985,522.9,360.08,706.55,373.78,626.52,466.89
1598,OK,110,-84,1004,1004,515.15,360.97,702.16,377.39,615.92,468.35
1599,OK,114,-71,986,986,511.29,364.83,695.31,376.99,611.18,474.23
1600,OK,118,-65,973,973,508.16,364.39,690.11,370.67,610.46,475.24
1601,OK,115,-65,975,975,505.68,365.13,687.87,371.49,608.15,476.37
1602,OK,114,-57,972,972,502.41,371.06,684.21,374.12,606.96,485.75
1603,OK,109,-74,988,988,506.25,366.05,690.98,372.54,607.9,472.54
1604,OK,109,-83,995,995,509.66,364.17,695.52,373.44,610.98,459.88
1605,OK,101,-97,1010,1010,509.88,360.62,698.72,365.93,609.14,452.96
1606,OK,99,-107,1004,1004,505.43,353.89,693.28,356.47,603.75,436.63
1607,OK,83,-120,1006,1006,488.36,358.25,675.6,338.86,591.86,418.26
1608,OK,59,-140,1027,1027,470.62,359.97,660.23,329.79,579.24,403.01
1609,OK,57,-127,1020,1020,467.38,365.62,655.51,333.49,573.58,416.68
1610,OK,56,-130,1018,1018,465.44,364.67,653.46,334.7,571.33,408.79
1611,OK,40,-139,1042,1042,460.3,368.52,652.21,334.84,566.49,413.55
1612,OK,54,-118,1014,1014,460.8,373.61,648.06,343.33,568.02,421.52
1613,OK,51,-119,1022,1022,461.93,375.56,650.23,342.77,569.67,425.56
1614,OK,55,-107,1023,1023,464.22,377.59,653.33,348.65,575.18,445.87
1615,OK,58,-88,1008,1008,463.81,379.22,651.59,362.37,567.55,463.07
1616,OK,53,-73,1015,1015,460.39,392.12,649.66,376.52,566.96,485.54
1617,OK,70,-57,1000,1000,467.35,403.18,653.69,387.85,579.52,490.62
1618,OK,23,-87,1079,1079,464.04,408.96,665.8,402.95,560.41,498.12
1619,OK,75,-31,1007,1007,484.31,416.74,672.67,421.14,579.11,526.62
1620,OK,84,-45,1012,1012,493.67,402.3,682.84,403.72,592.84,520.65
1621,OK,96,-37,988,988,498.47,395.4,683.07,404.47,589.73,514.93
1622,OK,99,-48,979,979,498.55,386.68,681.56,392.71,586.6,494.14
1623,OK,90,-62,984,984,497.37,371.35,680.83,385.59,576.26,482.22
1624,OK,77,-78,1000,1000,490.2,367.4,677.13,374.91,570.87,473.41
1625,OK,79,-80,995,995,490.35,363.1,676.11,373.72,570.44,466.0
1626,OK,105,-72,979,979,502.39,363.48,685.37,369.96,595.44,468.58
1627,OK,124,-66,966,966,509.18,367.61,689.91,368.02,615.47,466.63
1628,OK,112,-69,972,972,499.27,368.18,681.01,367.58,605.94,466.47
1629,OK,101,-65,979,979,490.63,374.31,673.69,368.55,599.64,477.65
1630,OK,109,-52,964,964,492.96,383.1,673.07,375.65,600.46,480.88
1631,OK,108,-68,978,978,499.15,370.05,682.02,370.45,605.06,471.95
1632,OK,108,-75,976,976,499.37,366.73,681.83,367.15,603.01,460.3
1633,OK,103,-80,978,978,492.71,363.84,675.62,362.65,599.85,455.24
1634,OK,87,-82,997,997,482.68,371.78,668.89,362.67,594.63,465.94
1635,OK,86,-69,1000,1000,479.17,390.14,664.83,368.04,601.46,484.84
1636,OK,92,-65,994,994,484.05,387.96,669.15,370.59,601.66,486.27
1637,OK,97,-72,988,988,489.24,377.01,673.83,367.05,601.11,472.13
1638,OK,99,-75,986,986,491.26,371.69,675.53,364.59,602.58,468.51
1639,OK,93,-83,993,993,487.0,371.66,672.34,360.64,599.55,460.22
1640,OK,95,-80,983,983,484.76,372.88,668.14,358.95,596.78,456.45
1641,OK,67,-106,1018,1018,471.99,377.33,660.23,348.72,586.73,444.87
1642,OK,69,-107,1007,1007,468.2,372.8,653.82,340.49,584.71,437.31
1643,OK,42,-135,1033,1033,454.18,368.31,644.06,332.91,567.57,412.55
1644,OK,36,-139,1029,1029,447.34,363.16,636.46,327.1,558.28,405.78
1645,OK,29,-135,1029,1029,441.69,363.35,631.03,328.94,549.78,413.29
1646,OK,30,-141,1034,1034,442.81,366.25,632.63,329.49,556.71,405.69
1647,OK,39,-129,1028,1028,449.59,368.81,638.55,333.71,563.8,420.24
1648,OK,46,-118,1017,1017,449.8,370.77,636.72,335.58,565.38,428.28
1649,OK,43,-106,1021,1021,448.98,383.46,636.67,348.78,564.22,443.5
1650,OK,21,-89,1031,1031,434.99,405.88,623.06,363.48,544.32,467.72
1651,OK,16,-66,1013,1013,425.91,412.48,611.33,373.15,526.66,488.36
1652,OK,9,-63,1017,1017,420.44,417.27,605.4,372.52,521.85,496.15
1653,OK,15,-56,1006,1006,423.43,420.16,605.89,374.6,522.98,496.77
1654,OK,18,-57,1015,1015,427.21,421.1,612.05,378.13,530.56,500.99
1655,OK,9,-50,1034,1034,424.1,437.45,610.98,387.88,535.65,521.69
1656,OK,14,-15,1001,1001,418.32,447.74,600.14,403.44,520.35,545.26
1657,OK,15,1,975,975,409.26,452.6,586.13,408.5,506.85,547.03
1658,OK,1,-15,999,999,406.08,451.35,587.47,406.31,505.16,540.5
1659,OK,10,3,977,977,406.57,456.64,583.97,412.81,500.91,548.79
1660,OK,23,19,962,962,412.42,461.15,588.25,422.64,507.88,560.03
1661,OK,11,9,996,996,413.94,465.43,596.37,427.64,513.4,567.94
1662,OK,15,3,986,986,413.76,461.66,593.03,418.63,514.36,552.35
1663,OK,4,-7,988,988,405.82,454.35,585.36,410.95,500.88,542.73
1664,OK,19,15,950,950,408.21,454.65,581.07,413.21,495.02,547.43
1665,OK,10,-1,978,978,408.37,454.35,584.73,405.66,502.83,547.14
1666,OK,10,-14,990,990,412.23,451.0,590.47,401.14,510.0,537.32
1667,OK,3,-25,1004,1004,411.03,448.0,592.1,398.33,510.07,531.46
1668,OK,9,-18,991,991,411.99,444.63,591.71,399.28,507.19,533.44
1669,OK,10,-21,991,991,412.54,439.86,592.65,395.94,507.68,530.27
1670,OK,11,-29,1014,1014,420.47,441.37,605.15,397.95,524.95,536.72
1671,OK,11,-40,1024,1024,421.72,438.95,607.75,393.32,532.88,529.05
1672,OK,5,-46,1042,1042,421.06,441.52,609.74,393.12,538.24,533.02
1673,OK,2,-46,1032,1032,418.04,439.23,605.41,392.6,526.22,524.55
1674,OK,9,-29,998,998,415.67,434.71,598.84,399.3,509.91,524.98
1675,OK,14,-9,964,964,410.24,433.5,587.55,401.24,493.73,530.08
1676,OK,23,-16,964,964,418.28,430.05,595.07,394.57,504.07,520.9
1677,OK,18,-29,985,985,421.01,425.77,602.11,391.82,510.01,519.2
1678,OK,15,-49,1010,1010,424.88,423.36,608.8,380.09,523.83,512.27
1679,OK,14,-45,1006,1006,423.14,421.75,606.96,381.67,519.67,515.18
1680,OK,12,-28,986,986,415.4,423.67,596.08,387.21,504.75,524.58
1681,OK,14,-25,968,968,412.46,417.5,590.56,384.5,495.48,517.09
1682,OK,22,-9,929,929,408.19,414.27,579.41,384.59,479.47,511.85
1683,OK,23,-12,928,928,409.32,414.02,579.93,382.53,480.51,506.82
1684,OK,27,0,898,898,404.42,413.71,568.5,377.98,467.31,502.88
1685,OK,24,6,874,874,395.17,412.35,554.78,377.43,447.55,492.75
1686,OK,13,18,859,859,381.41,412.73,538.82,380.14,425.42,499.21
1687,OK,11,5,874,874,385.02,409.71,545.61,379.4,432.31,489.7
1688,OK,22,-37,939,939,412.47,400.52,585.09,368.0,483.97,481.19
1689,OK,16,-74,1018,1018,428.47,403.1,614.91,364.94,529.34,487.86
1690,OK,58,-82,1014,1014,461.49,392.66,648.44,361.0,575.31,473.41
1691,OK,96,-77,989,989,486.51,375.18,670.96,360.46,601.32,467.99
1692,OK,115,-74,980,980,502.79,371.66,685.65,360.07,617.31,466.73
1693,OK,108,-85,988,988,499.57,368.1,683.96,356.64,612.69,457.12
1694,OK,108,-86,990,990,501.9,365.58,686.93,356.75,611.66,457.61
1695,OK,115,-78,969,969,502.44,366.12,683.22,353.02,607.08,452.72
1696,OK,116,-88,979,979,506.95,363.55,689.63,351.57,612.45,446.03
1697,OK,122,-86,972,972,510.24,361.85,691.43,347.41,616.59,445.37
1698,OK,119,-106,995,995,511.56,363.07,696.15,338.82,628.69,432.07
1699,OK,128,-102,989,989,517.49,364.19,700.32,336.37,636.59,433.85
1700,OK,132,-104,986,986,520.83,361.34,703.61,336.23,639.06,430.91
1701,OK,108,-128,1021,1021,513.01,358.07,702.16,331.25,629.95,419.46
1702,OK,118,-131,1007,1007,516.13,350.9,702.79,325.7,633.13,406.56
1703,OK,132,-127,993,993,522.83,348.97,707.01,324.98,641.2,401.18
1704,OK,146,-113,979,979,528.16,349.92,709.45,323.65,651.68,415.59
1705,OK,157,-109,952,952,527.78,345.83,703.87,319.11,651.7,401.88
1706,OK,144,-111,949,949,516.51,349.44,691.16,318.04,632.97,394.09
1707,OK,121,-126,971,971,505.3,349.67,683.4,314.58,618.98,387.3
1708,OK,112,-125,981,981,501.27,350.34,681.99,318.49,613.94,397.57
1709,OK,94,-123,994,994,491.32,354.96,674.06,320.43,600.37,410.52
1710,OK,95,-113,986,986,488.99,358.81,671.59,333.66,596.2,415.5
1711,OK,99,-103,981,981,492.0,361.09,674.72,344.52,596.31,422.74
1712,OK,95,-113,999,999,496.65,355.82,683.06,342.91,599.11,422.99
1713,OK,115,-113,984,984,508.83,344.84,692.79,337.06,613.76,417.25
1714,OK,140,-101,960,960,520.29,343.59,699.65,336.27,630.56,418.24
1715,OK,152,-100,958,958,529.5,343.4,708.46,334.67,644.93,419.27
1716,OK,151,-102,962,962,530.07,345.27,709.86,337.64,645.72,417.65
1717,OK,154,-108,955,955,530.8,336.24,709.22,328.48,643.34,406.99
1718,OK,158,-103,948,948,531.76,341.85,708.77,331.87,645.15,405.64
1719,OK,153,-110,954,954,531.75,337.1,710.06,332.46,640.78,400.22
1720,OK,144,-133,968,968,531.04,323.74,712.02,320.33,635.81,380.13
1721,OK,146,-136,959,959,532.04,314.66,711.35,313.46,629.94,372.63
1722,OK,146,-145,965,965,535.38,308.02,715.78,312.36,630.98,364.26
1723,OK,164,-141,942,942,544.5,299.12,720.32,310.55,638.56,355.99
1724,OK,164,-154,945,945,548.91,284.38,724.06,308.64,637.0,339.76
1725,OK,164,-157,952,952,555.28,282.97,730.56,314.05,638.84,339.62
1726,OK,169,-151,946,946,554.14,290.75,729.69,313.3,643.67,343.43
1727,OK,180,-150,946,946,563.19,289.49,738.65,311.67,655.24,345.96
1728,OK,179,-147,945,945,562.07,290.88,737.5,311.91,653.89,349.61
1729,OK,162,-155,956,956,551.66,289.32,729.37,308.66,640.0,348.61
1730,OK,147,-154,966,966,541.06,297.63,721.0,313.84,629.83,352.48
1731,OK,147,-137,966,966,537.14,309.33,717.65,318.33,632.66,378.92
1732,OK,139,-144,977,977,535.02,306.33,717.41,318.28,628.77,376.87
1733,OK,141,-132,959,959,531.68,304.95,710.7,316.84,620.02,384.58
1734,OK,141,-129,961,961,532.25,314.17,711.83,322.85,620.8,385.16
1735,OK,135,-122,956,956,525.89,316.7,704.62,324.04,611.53,392.54
1736,OK,123,-127,967,967,519.11,319.13,699.77,326.73,603.07,389.16
1737,OK,108,-127,985,985,510.88,327.11,694.99,331.77,597.61,402.3
1738,OK,111,-119,980,980,511.14,332.67,694.34,336.45,599.97,407.54
1739,OK,92,-126,1007,1007,504.92,337.42,693.16,345.49,592.71,412.82
1740,OK,98,-115,993,993,505.28,338.07,690.52,350.77,591.14,417.7
1741,OK,89,-105,1002,1002,502.68,351.35,689.67,363.91,585.49,435.9
1742,OK,98,-90,988,988,503.23,356.22,687.83,364.21,588.67,449.05
1743,OK,111,-82,977,977,511.59,355.09,694.03,366.82,597.01,452.1
1744,OK,111,-85,981,981,512.23,354.7,695.35,366.09,598.45,450.46
1745,OK,103,-93,992,992,510.58,353.88,695.69,365.46,596.12,447.85
1746,OK,104,-93,990,990,509.51,354.43,694.5,364.1,596.34,445.37
1747,OK,97,-98,1007,1007,509.2,355.37,697.15,367.25,597.55,448.71
1748,OK,112,-87,998,998,518.02,357.36,704.21,371.43,612.29,460.55
1749,OK,132,-72,976,976,526.28,362.4,708.43,373.96,624.2,464.69
1750,OK,131,-78,983,983,526.74,359.63,710.17,372.29,626.17,461.86
1751,OK,132,-78,986,986,529.92,359.48,713.68,373.99,628.53,464.7
1752,OK,127,-96,1006,1006,535.09,352.93,722.32,371.85,631.8,453.58
1753,OK,136,-99,998,998,538.28,351.25,724.5,362.92,640.26,442.93
1754,OK,136,-114,1005,1005,538.55,346.89,726.47,349.32,644.33,429.34
1755,OK,137,-114,1001,1001,538.92,346.05,726.18,345.89,642.18,426.64
1756,OK,135,-123,998,998,535.93,343.37,722.58,337.9,639.35,411.95
1757,OK,133,-128,1002,1002,535.21,340.35,722.47,334.57,639.38,410.31
1758,OK,134,-130,994,994,532.78,338.04,718.19,323.85,638.3,404.49
1759,OK,134,-126,994,994,531.57,343.75,716.23,322.75,639.43,409.83
1760,OK,137,-121,995,995,532.69,349.41,717.31,325.7,644.23,415.48
1761,OK,131,-131,1002,1002,531.44,344.83,717.65,323.11,641.38,407.21
1762,OK,122,-128,990,990,517.62,346.03,701.04,321.02,626.36,400.85
1763,OK,114,-121,986,986,508.53,352.56,690.55,322.81,615.07,407.17
1764,OK,89,-106,984,984,485.92,368.66,667.15,336.6,585.59,420.28
1765,OK,72,-107,990,990,472.07,371.46,654.5,340.28,571.6,421.83
1766,OK,51,-107,1012,1012,460.33,380.27,646.47,346.46,562.56,436.53
1767,OK,37,-102,1018,1018,449.17,384.18,636.87,352.12,549.69,446.8
1768,OK,22,-92,1022,1022,438.55,391.24,626.57,356.77,534.46,465.23
1769,OK,23,-75,1005,1005,433.29,400.21,617.2,361.54,526.34,473.83
1770,OK,16,-80,1011,1011,429.09,397.49,615.05,363.49,521.01,470.09
1771,OK,19,-78,1007,1007,430.15,397.71,615.09,362.56,522.2,470.56
1772,OK,10,-81,1023,1023,427.84,400.27,616.09,365.84,521.54,478.18
1773,OK,20,-77,1012,1012,433.44,400.85,618.6,361.32,526.73,477.03
1774,OK,24,-99,1035,1035,445.26,392.82,635.28,355.93,543.67,462.35
1775,OK,46,-87,1019,1019,459.67,393.88,646.96,358.29,557.4,468.56
1776,OK,49,-87,1025,1025,464.45,392.11,653.56,360.89,564.42,475.47
1777,OK,53,-78,1014,1014,464.5,393.62,651.78,363.26,562.32,480.21
1778,OK,46,-78,1024,1024,460.79,396.25,649.53,363.59,561.07,488.23
1779,OK,46,-69,1013,1013,455.49,398.29,641.45,362.27,556.44,495.11
1780,OK,35,-80,1024,1024,450.89,397.66,638.69,360.06,551.0,486.24
1781,OK,37,-85,1025,1025,451.04,395.83,638.71,356.67,553.69,478.87
1782,OK,38,-88,1018,1018,451.14,392.91,637.95,356.1,549.5,468.82
1783,OK,42,-110,1031,1031,455.59,379.13,644.52,340.34,564.66,450.61
1784,OK,59,-115,1011,1011,462.65,370.75,647.58,331.35,573.8,430.04
1785,OK,77,-124,1003,1003,476.23,361.73,660.37,326.05,588.81,410.8
1786,OK,81,-133,1005,1005,481.56,347.68,667.69,320.83,591.49,404.81
1787,OK,85,-129,986,986,480.36,340.91,663.48,318.74,585.75,399.28
1788,OK,82,-132,986,986,477.92,337.93,661.25,318.37,582.38,394.46
1789,OK,68,-119,983,983,465.38,348.75,648.89,337.75,561.27,400.98
1790,OK,60,-107,972,972,458.36,348.38,640.02,340.93,544.09,413.4
1791,OK,46,-130,1002,1002,457.36,340.43,644.72,336.23,543.08,404.21
1792,OK,56,-127,1003,1003,465.79,343.56,653.33,342.24,555.97,405.56
1793,OK,52,-132,1023,1023,468.98,346.26,660.19,341.64,563.04,414.36
1794,OK,60,-127,1016,1016,476.4,340.12,666.24,345.71,564.89,419.13
1795,OK,72,-123,1001,1001,483.26,344.67,670.37,347.52,568.05,409.83
1796,OK,83,-110,990,990,491.82,348.88,676.94,354.11,573.22,419.64
1797,OK,87,-121,997,997,496.23,344.5,682.61,345.23,581.4,409.9
1798,OK,69,-134,1029,1029,494.34,343.56,686.64,351.46,577.19,412.99
1799,OK,82,-105,1004,1004,496.94,355.15,684.54,361.62,579.15,436.99
