k,status,x,y,w,h,rx,ry,lx,ly,nx,ny
0,FAILED,,,,,,,,,,
1,OK,285,202,645,645,541.87,422.7,720.92,417.78,652.09,521.03
2,OK,284,204,647,647,540.84,430.98,719.87,425.28,651.62,531.17
3,OK,280,202,656,656,540.89,434.3,722.04,426.34,653.05,538.16
4,OK,279,200,661,661,541.1,431.7,724.53,426.21,652.33,536.89
5,OK,280,200,660,660,545.18,429.43,726.01,424.29,656.19,532.45
6,OK,281,199,659,659,548.36,425.77,727.93,423.9,658.01,530.01
7,OK,277,193,667,667,539.67,421.97,720.62,413.34,650.09,525.73
8,OK,275,189,667,667,534.79,413.71,714.37,403.35,645.62,512.54
9,OK,271,184,668,668,525.95,411.4,707.3,397.03,638.61,509.56
10,OK,268,183,666,666,517.65,406.23,702.67,394.08,627.98,499.82
11,OK,271,180,654,654,519.71,401.4,700.18,391.77,626.66,497.36
12,OK,275,175,646,646,514.78,393.91,695.17,382.5,618.25,489.43
13,OK,276,171,644,644,512.56,387.38,696.56,376.89,615.2,481.12
14,OK,275,168,647,647,513.74,382.47,694.59,373.89,613.63,477.97
15,OK,275,167,645,645,512.96,378.2,694.1,373.29,611.04,471.76
16,OK,273,164,638,638,506.11,368.07,688.17,369.01,603.56,462.77
17,OK,273,165,629,629,502.98,369.05,683.48,371.76,598.86,462.48
18,OK,271,165,626,626,494.67,371.94,677.29,372.06,588.61,465.27
19,OK,269,165,628,628,485.96,372.37,673.17,370.12,577.92,462.51
20,OK,268,166,629,629,475.95,374.2,663.11,370.97,560.81,463.3
21,OK,268,167,628,628,472.54,375.14,658.03,368.1,553.2,459.12
22,OK,267,165,630,630,477.1,368.16,657.78,367.63,552.98,459.31
23,OK,268,165,629,629,481.93,365.59,665.45,368.32,560.73,456.4
24,OK,272,165,628,628,491.84,369.72,677.28,368.55,580.13,459.27
25,OK,279,167,624,624,505.0,378.13,686.71,368.79,601.15,465.05
26,OK,284,168,621,621,519.4,370.02,701.59,368.81,619.33,456.23
27,OK,285,166,621,621,516.02,371.6,696.68,368.05,614.82,460.69
28,OK,282,165,626,626,512.93,376.62,694.1,374.08,610.74,471.33
29,OK,280,165,632,632,512.75,376.94,696.93,376.14,611.54,472.65
30,OK,282,166,627,627,512.34,374.48,694.72,374.62,608.34,467.06
31,OK,283,168,623,623,515.35,370.81,696.83,374.45,611.08,461.89
32,OK,286,167,620,620,536.86,365.27,717.54,373.24,644.1,457.35
33,OK,288,165,622,622,545.36,362.79,727.6,374.2,654.55,456.65
34,OK,288,166,624,624,543.45,365.33,725.61,379.58,649.9,461.5
35,OK,289,165,623,623,542.61,364.64,723.92,375.13,650.59,459.57
36,OK,293,167,618,618,544.52,362.48,724.86,372.55,652.61,452.05
37,OK,299,170,612,612,544.21,364.57,725.48,369.43,652.86,447.64
38,OK,302,172,609,609,540.38,365.87,724.65,363.95,653.72,439.97
39,OK,307,170,611,611,545.58,363.45,728.39,359.32,653.14,439.21
40,OK,311,168,612,612,551.02,364.16,731.14,362.66,656.17,446.55
41,OK,309,170,611,611,545.3,361.58,726.97,366.25,651.87,439.78
42,OK,304,177,608,608,525.46,367.54,711.54,372.43,627.25,442.74
43,OK,296,176,612,612,518.3,368.17,702.64,373.8,615.91,452.71
44,OK,285,174,620,620,519.37,372.63,703.32,377.48,624.64,463.44
45,OK,277,173,628,628,522.84,379.69,703.59,380.52,633.55,473.23
46,OK,271,169,634,634,517.31,381.22,701.29,380.16,627.48,478.44
47,OK,272,169,635,635,515.37,384.54,699.43,377.4,624.36,476.77
48,OK,273,167,639,639,516.05,385.6,700.37,377.66,623.66,481.24
49,OK,277,168,635,635,523.83,384.44,703.26,378.86,629.79,477.98
50,OK,280,168,637,637,527.76,385.02,713.85,374.36,641.85,473.03
51,OK,281,166,644,644,537.58,386.36,725.59,373.28,658.57,476.59
52,OK,283,165,649,649,538.68,391.64,727.02,375.22,661.35,481.92
53,OK,287,167,645,645,535.94,386.84,723.31,373.66,652.66,473.55
54,OK,287,168,640,640,531.15,385.26,715.41,372.82,646.53,472.17
55,OK,285,173,636,636,518.13,393.28,703.88,376.71,630.15,476.5
56,OK,281,174,639,639,507.64,404.29,691.41,380.87,617.83,491.98
57,OK,267,170,655,655,502.41,415.4,687.01,385.12,620.42,511.38
58,OK,261,172,659,659,494.14,421.19,680.58,391.6,608.47,516.5
59,OK,259,178,656,656,491.51,426.24,678.13,396.49,605.8,517.77
60,OK,256,178,658,658,493.38,426.44,678.74,394.22,610.06,520.68
61,OK,262,181,651,651,498.69,426.56,681.55,390.46,616.11,513.71
62,OK,267,182,647,647,503.48,428.17,684.49,386.58,625.05,512.74
63,OK,277,189,634,634,502.24,428.73,684.58,382.04,623.89,497.94
64,OK,283,195,624,624,491.49,424.39,676.32,378.21,606.45,486.46
65,OK,290,202,611,611,489.39,416.07,674.16,380.76,595.32,474.51
66,OK,301,212,591,591,493.79,409.14,674.48,375.99,597.28,453.44
67,OK,301,207,591,591,495.22,393.44,681.96,360.62,604.87,438.7
68,OK,299,203,595,595,501.27,389.99,687.87,361.73,612.7,441.21
69,OK,296,198,603,603,507.11,390.76,695.4,367.43,619.51,452.39
70,OK,296,196,607,607,507.12,394.96,696.32,368.79,621.12,454.21
71,OK,294,188,614,614,514.75,393.23,700.43,370.49,625.98,467.71
72,OK,295,188,616,616,517.53,397.81,703.28,373.68,630.59,468.06
73,OK,295,192,615,615,515.17,394.24,704.91,374.06,630.57,457.34
74,OK,296,192,614,614,506.78,390.32,694.39,371.41,611.18,456.6
75,OK,292,188,618,618,496.54,393.25,685.15,375.75,593.74,470.02
76,OK,288,185,623,623,490.51,401.12,678.36,380.24,586.93,482.01
77,OK,286,188,624,624,482.14,409.26,670.52,382.52,576.89,485.53
78,OK,281,187,630,630,477.93,413.23,664.87,387.12,570.84,496.76
79,OK,279,185,635,635,481.74,416.83,669.54,388.78,577.76,502.46
80,OK,279,184,636,636,486.38,413.24,674.34,387.71,584.06,499.66
81,OK,281,182,633,633,490.2,409.14,677.36,383.77,589.05,494.98
82,OK,284,180,628,628,495.73,397.8,681.75,374.24,596.53,476.66
83,OK,288,179,621,621,501.19,386.43,689.38,361.25,608.17,454.49
84,OK,292,177,613,613,507.53,377.41,694.93,353.92,618.13,440.32
85,OK,297,181,605,605,507.21,377.37,694.31,353.36,617.96,432.46
86,OK,302,189,598,598,514.47,386.47,701.5,357.99,632.32,430.19
87,OK,302,187,598,598,526.49,380.37,710.6,352.33,652.96,431.33
88,OK,307,185,599,599,531.26,384.79,716.24,352.63,657.58,437.72
89,OK,315,184,598,598,536.48,381.96,720.4,349.0,658.08,432.38
90,OK,324,186,599,599,544.41,385.76,730.24,346.81,669.64,426.92
91,OK,337,188,597,597,559.58,381.14,744.34,347.09,681.22,421.25
92,OK,348,190,597,597,578.46,383.5,762.38,353.42,703.2,430.13
93,OK,355,191,597,597,581.3,382.36,765.24,359.4,699.55,437.12
94,OK,356,189,600,600,574.04,378.74,760.58,355.48,691.68,430.83
95,OK,355,194,601,601,560.69,390.74,747.2,357.22,676.72,435.74
96,OK,359,198,596,596,569.73,392.79,755.69,363.34,687.52,440.72
97,OK,360,199,595,595,573.99,390.49,758.05,363.29,691.68,442.97
98,OK,368,201,587,587,577.95,392.37,762.81,359.94,699.41,434.52
99,OK,370,200,588,588,579.07,391.85,764.23,356.66,702.73,437.3
100,OK,373,202,586,586,588.21,393.29,771.08,364.27,710.9,442.56
101,OK,370,206,590,590,558.9,418.19,742.18,378.56,667.4,473.09
102,OK,351,205,617,617,547.25,448.22,731.07,399.92,661.31,523.39
103,OK,332,203,646,646,547.81,469.94,731.03,429.06,663.27,568.0
104,OK,322,210,668,668,542.74,489.06,737.53,443.37,664.71,584.23
105,OK,317,216,680,680,545.22,493.19,739.54,445.54,668.46,587.19
106,OK,315,215,689,689,547.05,499.79,739.21,454.59,666.1,605.17
107,OK,312,215,694,694,547.41,504.1,738.97,458.07,667.43,613.15
108,OK,314,218,695,695,550.42,506.85,740.1,459.81,669.36,614.03
109,OK,319,223,692,692,553.14,505.82,744.28,460.04,671.47,607.41
110,OK,323,228,688,688,553.07,507.38,743.54,461.65,670.15,607.67
111,OK,322,226,689,689,550.63,507.41,739.23,459.81,667.47,612.69
112,OK,320,224,690,690,550.6,505.66,739.6,459.6,668.67,611.48
113,OK,319,223,691,691,551.79,503.74,739.65,459.92,667.72,611.22
114,OK,319,223,689,689,552.79,499.92,740.61,455.72,670.92,602.64
115,OK,315,220,694,694,551.36,497.2,742.48,450.66,674.23,599.98
116,OK,311,216,698,698,549.12,496.27,741.48,452.02,670.97,602.78
117,OK,309,215,699,699,550.15,493.67,741.05,448.14,672.83,596.05
118,OK,308,214,699,699,548.51,495.56,739.97,445.75,673.69,595.3
119,OK,307,211,702,702,548.09,491.87,739.92,445.93,671.14,596.37
120,OK,306,208,705,705,547.81,492.58,739.79,444.82,671.12,597.93
121,OK,309,210,700,700,544.3,494.0,738.16,445.15,667.19,593.3
122,OK,309,210,699,699,544.49,493.13,737.77,446.73,666.6,595.83
123,OK,308,211,696,696,543.37,494.58,735.39,447.38,666.47,595.77
124,OK,309,211,693,693,546.28,490.14,735.83,448.16,665.39,594.23
125,OK,312,216,684,684,546.28,485.14,733.41,442.7,664.39,579.46
126,OK,313,218,679,679,546.51,485.26,732.87,438.92,668.84,576.26
127,OK,306,213,686,686,544.35,483.62,734.37,437.19,671.06,580.84
128,OK,303,212,685,685,543.44,485.03,730.08,436.25,670.64,579.43
129,OK,301,212,682,682,536.8,477.99,721.83,428.63,662.22,566.51
130,OK,296,208,682,682,534.21,474.85,719.52,429.69,659.81,569.78
131,OK,296,209,677,677,537.11,471.7,720.73,423.57,664.26,558.78
132,OK,294,200,682,682,538.75,466.44,724.01,415.51,667.52,560.58
133,OK,298,194,680,680,546.62,461.33,731.02,408.17,677.03,551.5
134,OK,307,194,673,673,555.91,454.58,739.23,407.06,680.77,542.22
135,OK,319,189,670,670,570.76,443.95,752.68,403.44,688.52,537.78
136,OK,332,188,661,661,572.8,440.13,755.92,393.61,690.76,524.35
137,OK,336,189,660,660,566.65,440.27,751.83,392.06,684.02,520.01
138,OK,333,191,655,655,551.42,441.58,735.57,388.01,672.89,515.59
139,OK,323,195,656,656,543.61,460.49,728.88,399.76,676.67,535.52
140,OK,313,203,656,656,537.22,464.76,722.06,408.53,671.59,539.81
141,OK,298,203,658,658,516.98,457.03,700.74,402.39,646.1,533.12
142,OK,288,206,657,657,503.58,465.18,687.25,405.45,631.8,539.63
143,OK,284,205,653,653,503.38,455.1,685.36,401.35,626.06,531.45
144,OK,283,199,653,653,504.76,448.1,686.88,393.58,626.93,526.12
145,OK,285,193,654,654,515.12,445.82,695.73,387.17,641.09,522.46
146,OK,297,198,644,644,531.23,442.66,712.73,384.91,660.83,505.45
147,OK,307,194,646,646,543.72,440.28,727.97,386.47,670.27,512.87
148,OK,317,189,647,647,545.74,433.93,732.67,382.04,666.93,507.91
149,OK,331,191,640,640,558.86,426.4,744.92,378.91,678.2,493.04
150,OK,341,191,635,635,567.98,422.7,754.27,375.45,690.59,488.14
151,OK,340,186,637,637,576.52,416.49,762.22,373.42,709.45,489.89
152,OK,341,177,629,629,583.18,386.98,767.11,351.76,719.1,453.65
153,OK,336,164,626,626,573.66,362.85,758.41,335.38,705.65,428.3
154,OK,321,156,631,631,561.59,340.7,754.74,332.05,694.57,397.97
155,OK,309,152,619,619,554.96,333.09,739.53,322.72,698.91,386.77
156,OK,294,144,626,626,549.15,312.42,745.66,325.62,685.73,370.74
157,OK,282,130,631,631,549.9,301.84,743.16,312.8,688.81,370.91
158,OK,273,120,632,632,538.31,290.89,728.42,300.8,672.6,353.0
159,OK,264,114,634,634,523.22,287.92,717.57,297.1,659.29,340.29
160,OK,252,106,639,639,502.12,281.37,700.8,280.96,640.59,328.73
161,OK,239,92,655,655,493.64,275.86,699.51,273.59,630.59,333.67
162,OK,228,73,672,672,504.02,259.39,706.29,260.87,642.32,330.97
163,OK,230,58,683,683,515.02,244.97,722.65,257.37,644.96,324.68
164,OK,239,51,682,682,532.19,235.39,738.81,252.36,665.51,308.73
165,OK,239,38,686,686,540.79,233.01,740.38,247.82,677.76,321.05
166,OK,246,36,686,686,533.07,225.93,744.58,248.05,661.99,302.86
167,OK,242,24,688,688,536.03,216.56,737.99,233.87,671.09,305.53
168,OK,252,27,680,680,536.59,220.54,740.02,238.76,660.23,297.77
169,OK,264,35,665,665,535.66,236.39,735.66,243.09,661.5,308.65
170,OK,275,48,655,655,538.5,258.61,735.92,263.18,658.75,336.23
171,OK,287,66,644,644,548.48,273.26,741.02,277.89,667.43,348.76
172,OK,300,82,637,637,572.61,297.6,748.27,306.18,680.15,393.03
173,OK,307,94,639,639,580.45,320.88,750.17,324.23,686.0,423.21
174,OK,322,121,617,617,578.01,342.84,748.0,342.69,685.51,426.91
175,OK,328,134,609,609,567.58,349.75,739.97,346.12,670.95,437.14
176,OK,330,142,598,598,549.09,343.63,723.87,335.65,649.65,419.82
177,OK,333,144,582,582,548.22,323.84,720.9,320.34,648.48,390.15
178,OK,324,137,599,599,544.54,336.55,723.13,331.4,646.03,422.81
179,OK,320,136,607,607,538.6,338.45,721.5,329.79,641.53,421.11
180,OK,317,136,612,612,544.16,342.18,725.98,333.34,651.66,425.42
181,OK,314,133,618,618,552.65,345.16,732.76,332.46,667.7,431.2
182,OK,317,129,621,621,556.2,344.09,738.32,327.97,670.45,429.26
183,OK,314,122,633,633,579.47,345.12,753.79,332.14,699.55,439.92
184,OK,311,115,642,642,583.04,345.15,755.26,333.05,703.26,446.82
185,OK,314,116,642,642,581.67,348.74,753.01,335.23,698.16,445.96
186,OK,314,115,646,646,580.5,348.93,754.22,335.46,697.05,447.72
187,OK,318,117,644,644,582.37,345.55,754.91,336.23,694.9,443.5
188,OK,319,118,644,644,584.32,341.86,757.36,336.89,695.48,440.86
189,OK,323,121,640,640,584.56,345.01,757.3,336.0,695.79,440.16
190,OK,324,124,639,639,583.43,346.72,757.05,339.14,693.8,442.07
191,OK,330,129,631,631,590.12,345.82,759.0,341.19,697.95,438.4
192,OK,333,130,625,625,593.61,337.94,763.19,336.73,704.71,431.63
193,OK,337,131,619,619,596.61,333.88,765.56,332.03,709.36,421.95
194,OK,341,130,619,619,602.29,332.63,769.43,336.78,708.03,429.11
195,OK,351,136,611,611,611.07,336.7,779.68,337.13,722.51,421.56
196,OK,356,141,605,605,611.46,337.25,779.11,343.7,717.86,425.81
197,OK,361,143,598,598,595.08,333.64,766.09,324.07,703.84,405.01
198,OK,360,140,594,594,592.47,327.82,763.66,312.55,710.03,395.36
199,OK,362,141,583,583,596.16,322.09,764.47,305.79,718.7,379.61
200,OK,357,141,584,584,590.92,319.44,763.92,306.99,715.57,376.79
201,OK,349,142,589,589,574.44,320.61,755.27,313.97,693.39,377.11
202,OK,336,139,596,596,558.77,319.92,738.42,314.97,672.1,387.64
203,OK,323,139,597,597,546.8,326.82,724.08,321.95,658.45,399.51
204,OK,313,142,600,600,531.06,335.03,714.24,327.88,642.08,407.32
205,OK,307,143,600,600,528.45,335.44,708.71,324.35,638.38,406.46
206,OK,303,145,600,600,527.72,335.72,708.46,327.46,636.08,406.26
207,OK,302,148,596,596,527.55,337.37,705.76,332.91,633.21,409.49
208,OK,299,145,601,601,531.35,336.94,709.98,331.18,640.63,414.15
209,OK,295,140,608,608,550.84,331.99,729.4,338.03,666.41,421.12
210,OK,294,137,616,616,562.43,334.95,741.57,336.84,684.46,423.4
211,OK,295,136,627,627,569.33,335.96,746.49,340.15,688.29,424.53
212,OK,298,139,628,628,573.19,343.03,750.32,343.39,695.37,429.14
213,OK,300,142,633,633,566.03,336.86,750.49,341.62,683.55,417.54
214,OK,299,139,641,641,563.78,337.39,748.99,339.47,681.55,423.03
215,OK,307,145,632,632,557.56,336.16,743.71,334.81,670.46,400.81
216,OK,313,145,628,628,554.0,333.09,740.74,331.99,661.52,404.26
217,OK,313,144,621,621,544.22,335.66,730.64,331.47,653.27,410.8
218,OK,311,142,622,622,540.18,337.86,729.13,332.55,648.88,412.85
219,OK,304,141,623,623,533.1,336.64,723.21,335.0,642.83,416.52
220,OK,302,141,620,620,531.15,339.55,716.39,333.36,639.66,417.4
221,OK,303,144,616,616,537.71,344.43,720.67,341.44,645.72,424.85
222,OK,298,146,619,619,528.47,347.91,714.32,347.5,633.74,431.69
223,OK,293,147,623,623,525.05,347.74,708.71,348.78,626.85,435.95
224,OK,292,148,619,619,523.42,346.45,704.86,346.18,626.42,429.81
225,OK,288,144,619,619,533.88,336.66,715.95,337.1,646.79,421.84
226,OK,293,143,606,606,543.64,327.49,721.11,324.46,664.11,399.18
227,OK,296,142,600,600,555.92,326.57,730.96,327.93,681.31,402.18
228,OK,296,140,603,603,555.25,325.0,732.29,329.42,675.84,403.23
229,OK,293,137,609,609,546.57,326.47,725.1,328.09,663.0,409.3
230,OK,298,149,597,597,529.74,345.23,707.83,340.86,640.35,413.3
231,OK,293,156,602,602,505.29,368.37,685.87,352.21,608.95,444.08
232,OK,279,153,616,616,482.76,371.21,669.12,355.11,583.98,460.48
233,OK,272,154,621,621,476.85,375.08,663.9,355.88,577.36,461.74
234,OK,267,155,624,624,478.06,380.04,663.02,359.92,579.86,468.35
235,OK,266,155,629,629,475.17,388.57,660.04,363.09,575.35,478.38
236,OK,264,157,632,632,478.52,394.1,663.46,369.84,582.97,485.68
237,OK,262,157,636,636,475.69,390.44,664.26,370.76,577.62,483.74
238,OK,262,158,636,636,476.99,390.91,664.05,371.15,578.23,483.7
239,OK,262,159,636,636,476.19,391.37,664.23,371.05,577.01,482.81
240,OK,261,159,636,636,476.19,391.33,662.61,371.04,577.46,483.36
241,OK,261,159,635,635,476.35,390.59,662.61,370.02,578.0,481.96
242,OK,263,159,636,636,480.63,393.47,665.97,372.15,581.52,486.78
243,OK,264,160,634,634,482.19,391.6,666.6,372.77,582.11,485.21
244,OK,264,158,632,632,484.83,385.89,669.83,370.64,587.35,480.51
245,OK,264,159,631,631,484.94,386.55,671.17,371.25,587.63,479.21
246,OK,270,162,623,623,487.56,382.0,671.5,366.25,588.5,466.65
247,OK,270,161,625,625,486.56,382.87,674.16,367.3,589.18,471.07
248,OK,267,161,626,626,486.88,384.25,672.74,369.92,591.92,474.31
249,OK,262,160,630,630,484.12,384.9,669.34,372.87,588.21,481.04
250,OK,256,159,636,636,478.92,388.79,665.32,375.99,582.95,487.58
251,OK,255,161,637,637,478.91,392.92,665.04,379.84,582.24,491.39
252,OK,255,162,637,637,482.11,392.38,667.79,379.23,586.02,489.54
253,OK,257,163,635,635,483.95,390.68,670.59,381.55,585.19,487.97
254,OK,260,163,636,636,487.79,392.74,672.22,381.68,586.63,491.73
255,OK,262,164,639,639,492.7,395.34,679.85,382.58,596.37,492.48
256,OK,264,165,642,642,493.97,397.78,679.49,383.0,596.22,494.27
257,OK,268,167,643,643,497.23,399.32,682.62,384.53,597.73,495.33
258,OK,267,166,649,649,502.2,400.2,685.78,386.15,604.86,501.38
259,OK,269,166,650,650,502.33,397.35,686.85,382.41,603.53,495.03
260,OK,269,166,652,652,500.64,399.05,686.77,382.36,603.89,496.33
261,OK,270,165,652,652,504.25,398.95,688.75,380.91,607.89,495.68
262,OK,272,165,652,652,506.31,398.28,690.29,382.14,608.23,496.01
263,OK,270,166,650,650,503.01,399.82,687.89,386.21,606.8,499.27
264,OK,269,168,646,646,501.83,399.25,686.73,389.52,604.0,498.97
265,OK,267,169,645,645,501.16,396.36,686.38,392.09,601.4,499.56
266,OK,264,170,647,647,500.73,397.95,684.98,393.02,601.93,501.31
267,OK,263,170,646,646,500.34,398.31,684.84,396.14,599.71,503.5
268,OK,260,168,650,650,501.68,397.98,686.48,396.26,602.7,507.22
269,OK,260,169,647,647,499.33,397.85,682.5,396.75,598.47,504.08
270,OK,257,165,655,655,501.41,394.1,686.99,393.2,600.88,503.93
271,OK,254,162,661,661,508.38,391.84,690.67,391.45,610.69,502.02
272,OK,255,163,663,663,509.83,395.85,694.23,387.27,618.16,498.01
273,OK,260,164,657,657,510.68,383.55,693.73,385.24,610.29,486.58
274,OK,262,167,651,651,510.83,378.07,694.25,384.37,610.4,477.08
275,OK,255,156,656,656,505.78,360.93,688.26,373.99,602.35,472.47
276,OK,254,152,646,646,499.37,358.23,682.18,370.19,598.08,465.06
277,OK,251,150,641,641,493.82,355.64,676.23,365.94,592.55,459.05
278,OK,248,149,642,642,491.05,353.63,675.89,360.86,593.61,451.43
279,OK,248,148,640,640,501.29,346.2,684.73,359.3,605.36,442.87
280,OK,257,147,632,632,512.16,336.29,698.11,348.98,618.48,424.8
281,OK,265,143,630,630,521.16,332.57,704.47,340.91,626.33,419.8
282,OK,273,145,623,623,525.71,333.75,710.13,344.45,631.68,418.83
283,OK,277,144,621,621,541.66,336.23,719.38,349.91,651.62,429.76
284,OK,278,146,615,615,540.52,336.72,717.38,352.88,653.03,428.13
285,OK,277,146,609,609,516.96,328.91,699.66,341.78,622.84,411.23
286,OK,270,143,612,612,509.32,330.82,689.06,340.51,614.94,414.32
287,OK,265,144,615,615,497.47,338.11,681.65,339.66,606.41,415.81
288,OK,260,143,620,620,498.53,338.71,683.09,343.23,608.24,421.41
289,OK,258,148,619,619,494.79,343.45,678.96,350.34,603.02,421.75
290,OK,255,150,620,620,496.93,340.21,681.13,346.68,608.91,415.75
291,OK,254,150,618,618,498.9,342.59,678.02,344.78,610.63,418.03
292,OK,252,151,616,616,491.62,342.41,674.49,341.25,607.31,415.55
293,OK,257,153,608,608,493.23,333.73,673.55,336.75,598.77,402.17
294,OK,259,152,609,609,495.88,332.98,680.31,337.48,602.51,403.13
295,OK,266,157,604,604,503.4,334.54,687.42,346.06,606.06,404.41
296,OK,270,159,601,601,506.99,338.34,689.78,349.54,611.88,413.24
297,OK,273,161,598,598,510.81,340.02,692.7,353.79,615.92,417.8
298,OK,279,161,596,596,515.48,339.75,696.9,351.19,619.0,417.26
299,OK,282,160,597,597,516.47,338.21,699.5,350.72,620.21,415.28
300,OK,282,153,600,600,522.6,331.03,703.4,342.89,626.68,415.25
301,OK,282,150,602,602,524.61,330.62,702.97,346.0,625.16,418.14
302,OK,283,154,598,598,512.79,337.3,693.34,353.83,608.13,420.03
303,OK,280,155,600,600,505.53,332.39,690.32,352.24,600.29,413.15
304,OK,273,153,602,602,507.86,328.39,689.11,349.06,607.64,412.19
305,OK,274,153,602,602,513.25,326.71,694.89,345.67,613.84,404.88
306,OK,279,142,607,607,522.61,321.8,700.78,331.86,619.58,412.32
307,OK,282,137,608,608,520.39,324.97,698.36,327.6,622.85,411.25
308,OK,282,138,610,610,509.59,350.12,689.28,338.0,615.09,435.2
309,OK,286,149,604,604,507.04,382.97,680.81,364.56,611.4,471.89
310,OK,298,165,585,585,524.73,398.23,694.28,373.28,641.37,479.67
311,OK,304,168,587,587,534.72,400.19,708.02,374.04,653.83,487.78
312,OK,298,165,613,613,519.78,421.11,701.07,385.37,633.82,519.26
313,OK,297,165,626,626,514.42,419.75,698.19,382.72,624.95,512.83
314,OK,302,167,632,632,522.93,424.41,703.72,372.52,638.84,503.82
315,OK,307,170,622,622,530.21,413.6,709.0,367.13,651.36,490.31
316,OK,304,167,611,611,522.67,394.26,696.06,358.91,639.68,473.62
317,OK,303,158,605,605,533.68,375.95,705.87,354.28,648.36,466.06
318,OK,307,161,597,597,537.68,382.92,709.13,356.54,654.9,463.94
319,OK,310,170,602,602,538.41,405.94,718.21,364.51,666.09,475.2
320,OK,311,172,602,602,527.42,404.33,706.3,364.66,647.57,477.99
321,OK,308,171,607,607,522.36,401.62,704.97,358.76,646.28,471.93
322,OK,315,169,588,588,517.08,383.97,696.54,333.69,643.47,435.73
323,OK,310,164,597,597,517.5,379.38,697.15,346.22,628.47,452.43
324,OK,304,156,604,604,526.85,365.99,705.83,345.53,638.58,448.38
325,OK,301,152,609,609,536.34,357.3,714.14,347.34,647.24,443.02
326,OK,303,150,606,606,537.38,344.38,717.0,334.22,651.51,419.11
327,OK,300,155,599,599,532.08,348.96,709.13,349.08,641.7,425.77
328,OK,288,159,610,610,519.87,356.59,701.69,367.53,622.24,449.43
329,OK,272,153,623,623,507.64,354.32,687.41,363.31,609.14,456.45
330,OK,256,146,641,641,498.87,357.05,682.34,365.67,601.8,465.81
331,OK,234,137,664,664,487.51,368.78,669.67,374.28,591.98,488.45
332,OK,226,135,668,668,485.91,369.94,664.85,375.68,588.68,488.69
333,OK,224,136,667,667,486.26,368.26,665.51,376.49,585.89,486.51
334,OK,219,130,677,677,488.98,361.83,670.31,371.73,589.0,483.57
335,OK,222,131,675,675,491.66,357.22,673.32,370.6,589.54,474.46
336,OK,227,130,675,675,497.63,353.07,680.92,366.12,595.65,469.81
337,OK,243,137,661,661,522.99,348.02,705.1,365.34,625.52,453.43
338,OK,257,141,650,650,536.25,343.15,718.45,363.98,641.05,446.8
339,OK,275,142,632,632,552.14,329.85,732.21,355.27,657.29,427.31
340,OK,289,148,615,615,556.45,330.53,736.42,354.93,663.55,416.8
341,OK,297,156,597,597,548.17,331.34,723.93,360.08,650.33,414.59
342,OK,293,154,593,593,528.93,328.42,706.42,350.65,629.38,414.25
343,OK,290,156,589,589,521.92,329.91,701.19,352.68,622.06,409.68
344,OK,291,156,587,587,517.92,323.89,697.65,345.33,610.5,399.82
345,OK,292,161,581,581,513.07,327.89,689.95,345.27,604.49,394.29
346,OK,291,158,583,583,512.36,322.91,687.36,343.41,598.82,398.65
347,OK,289,158,585,585,512.65,324.39,691.39,346.34,602.5,399.3
348,OK,293,159,582,582,514.66,324.66,692.97,344.51,603.61,396.09
349,OK,293,156,585,585,517.5,324.56,697.94,348.73,605.06,404.38
350,OK,296,158,585,585,518.21,329.07,699.84,346.47,611.89,401.38
351,OK,298,158,586,586,522.45,331.7,704.12,349.73,614.39,408.94
352,OK,303,161,584,584,527.07,335.24,707.65,351.63,621.19,408.83
353,OK,306,164,583,583,536.74,337.21,714.68,357.6,631.27,414.72
354,OK,307,166,584,584,541.95,337.62,719.79,362.22,639.02,417.27
355,OK,307,167,586,586,540.95,337.37,720.54,360.49,638.95,414.61
356,OK,305,167,590,590,539.81,337.54,721.58,361.55,638.3,414.66
357,OK,305,169,587,587,532.86,343.04,712.35,361.83,630.71,421.48
358,OK,302,169,589,589,528.92,344.27,709.61,360.39,629.07,422.52
359,OK,298,169,592,592,525.44,344.71,705.41,363.52,621.67,426.45
360,OK,294,166,597,597,514.61,341.04,698.33,356.45,606.34,420.68
361,OK,290,164,599,599,509.22,341.45,694.19,351.37,606.03,415.89
362,OK,286,164,601,601,507.69,341.12,694.31,351.64,608.75,413.98
363,OK,281,162,606,606,499.22,340.39,687.78,355.08,591.28,419.27
364,OK,273,160,614,614,492.91,343.32,685.07,357.92,586.31,427.62
365,OK,270,159,619,619,493.71,345.84,685.51,356.99,588.62,430.79
366,OK,271,158,620,620,503.43,346.13,691.27,361.15,595.83,435.62
367,OK,272,160,619,619,502.29,347.43,693.99,358.75,600.99,428.61
368,OK,270,160,619,619,495.64,350.77,683.0,358.95,592.55,436.8
369,OK,267,162,617,617,486.64,353.25,674.58,356.09,585.36,434.31
370,OK,261,161,618,618,478.47,352.48,664.08,352.28,578.01,428.99
371,OK,260,162,614,614,478.43,348.8,665.01,348.96,577.97,419.37
372,OK,262,162,610,610,489.93,345.96,676.14,346.05,597.43,414.31
373,OK,272,161,604,604,503.45,344.01,688.94,343.26,610.29,412.2
374,OK,280,157,608,608,527.51,341.59,709.77,339.67,642.22,413.28
375,OK,286,152,610,610,535.43,334.99,723.55,334.23,654.01,405.38
376,OK,290,158,609,609,527.38,345.82,716.43,341.46,646.31,405.9
377,OK,290,158,615,615,529.99,358.38,718.69,352.17,647.38,434.48
378,OK,294,154,630,630,547.57,362.2,735.65,347.27,669.16,442.54
379,OK,294,148,651,651,550.47,362.26,743.28,349.49,670.25,449.17
380,OK,295,144,660,660,554.98,373.58,745.45,355.29,679.97,464.95
381,OK,291,144,666,666,549.58,385.65,741.94,359.08,683.72,474.58
382,OK,286,147,660,660,531.68,382.08,719.11,359.64,655.54,471.46
383,OK,284,155,647,647,517.45,380.16,706.4,361.7,633.83,461.17
384,OK,279,156,640,640,506.54,371.51,692.43,354.58,617.64,454.76
385,OK,276,158,632,632,502.09,370.49,688.02,354.85,614.15,450.81
386,OK,274,159,628,628,499.51,371.36,684.89,353.04,611.09,451.18
387,OK,274,160,629,629,500.97,372.14,687.24,351.76,612.97,449.37
388,OK,276,159,628,628,503.31,372.52,689.41,352.21,614.08,451.59
389,OK,278,160,626,626,504.12,370.65,691.08,353.2,613.28,448.82
390,OK,281,161,622,622,505.2,364.93,694.71,347.18,616.25,435.83
391,OK,283,161,619,619,510.77,366.31,698.02,348.57,625.82,439.54
392,OK,284,159,617,617,518.64,363.05,702.56,347.35,635.55,439.2
393,OK,284,155,616,616,521.63,358.7,705.25,341.87,643.14,432.61
394,OK,281,152,616,616,515.8,356.58,698.61,342.78,634.89,433.88
395,OK,274,149,620,620,501.24,355.13,689.7,335.0,624.16,427.5
396,OK,267,156,616,616,493.02,368.86,673.78,352.94,610.89,446.82
397,OK,255,156,627,627,478.67,378.07,664.03,354.97,597.65,461.36
398,OK,250,157,627,627,472.72,382.13,656.24,357.78,589.21,466.69
399,OK,251,159,624,624,477.13,381.85,659.97,357.96,592.38,464.58
400,OK,254,159,624,624,478.41,379.6,662.82,351.63,594.0,458.66
401,OK,255,157,627,627,488.75,376.96,670.95,350.6,607.72,458.68
402,OK,261,157,627,627,494.66,379.46,678.4,346.19,614.47,455.25
403,OK,269,155,632,632,509.25,377.09,691.04,349.11,624.55,457.87
404,OK,274,154,636,636,511.81,381.54,694.67,351.14,628.43,463.0
405,OK,278,153,639,639,517.84,381.61,702.01,358.48,632.16,469.0
406,OK,278,154,644,644,517.79,394.72,701.24,368.44,634.29,487.51
407,OK,272,152,652,652,513.7,394.84,694.28,370.63,626.89,494.62
408,OK,264,149,661,661,508.62,392.38,691.87,371.1,622.43,495.02
409,OK,253,144,671,671,501.14,387.37,685.33,364.68,619.81,491.08
410,OK,246,139,676,676,504.26,385.65,687.41,365.24,624.6,491.55
411,OK,249,142,668,668,505.61,374.57,692.58,358.3,624.41,467.54
412,OK,257,146,654,654,514.15,374.51,698.21,353.18,636.74,459.8
413,OK,260,146,647,647,512.35,371.22,696.18,349.86,636.27,457.95
414,OK,263,148,637,637,505.44,369.28,687.88,350.52,623.78,454.4
415,OK,265,151,628,628,499.6,366.73,680.3,351.53,613.49,452.07
416,OK,260,154,626,626,488.52,371.96,669.03,360.75,598.81,462.13
417,OK,249,154,631,631,468.27,384.26,652.08,362.53,581.21,473.56
418,OK,239,153,637,637,457.5,382.91,643.04,357.78,570.01,470.41
419,OK,230,150,644,644,447.39,379.26,629.44,357.15,549.93,471.44
420,OK,224,148,648,648,443.05,383.03,625.02,357.77,544.96,474.95
421,OK,220,148,652,652,432.47,392.05,619.04,361.89,535.64,482.89
422,OK,212,145,662,662,426.28,394.69,613.27,365.29,527.66,491.93
423,OK,212,151,657,657,420.84,400.28,608.58,371.24,518.79,489.12
424,OK,209,151,661,661,417.72,407.06,599.01,377.29,506.91,504.7
425,OK,205,152,667,667,412.99,412.38,594.34,379.4,499.83,509.87
426,OK,204,155,667,667,411.32,417.28,590.58,380.7,499.21,511.81
427,OK,205,159,662,662,410.33,415.9,587.75,380.71,496.94,508.43
428,OK,206,162,657,657,408.93,417.66,586.5,379.76,496.47,505.92
429,OK,204,161,662,662,411.75,417.87,591.96,380.89,500.69,510.4
430,OK,204,158,664,664,416.87,415.54,601.49,376.97,514.52,508.54
431,OK,213,160,655,655,425.9,415.46,610.25,371.08,529.87,499.23
432,OK,220,164,647,647,431.46,411.46,619.21,370.83,537.84,491.94
433,OK,228,164,640,640,445.99,400.23,633.95,367.93,556.73,484.98
434,OK,235,166,635,635,458.89,394.33,647.13,367.5,570.37,477.01
435,OK,234,158,646,646,469.53,383.67,655.64,364.13,578.71,478.02
436,OK,236,153,649,649,480.52,379.42,665.96,361.86,594.24,475.56
437,OK,240,150,650,650,487.57,376.31,670.52,359.69,601.23,472.58
438,OK,245,150,643,643,490.48,371.91,672.08,356.43,605.63,463.78
439,OK,247,147,641,641,489.43,370.52,669.9,354.46,602.57,464.9
440,OK,246,144,646,646,488.11,368.28,671.58,355.59,599.89,466.28
441,OK,239,137,655,655,486.91,369.33,669.44,356.47,598.27,474.48
442,OK,239,139,650,650,484.39,369.2,665.3,357.59,595.21,468.97
443,OK,240,142,645,645,479.75,369.31,664.31,357.55,590.68,464.66
444,OK,236,141,648,648,474.32,368.08,657.93,353.59,584.92,463.52
445,OK,233,141,651,651,470.12,368.63,654.94,354.41,578.28,464.54
446,OK,232,141,651,651,470.61,369.41,654.29,356.92,576.84,466.36
447,OK,235,145,647,647,471.74,372.2,656.73,357.87,579.78,464.36
448,OK,238,147,640,640,474.96,371.24,658.08,359.12,582.57,464.0
449,OK,242,151,635,635,476.18,372.06,658.76,358.63,583.58,460.81
450,OK,246,153,631,631,475.17,370.36,658.76,355.45,581.43,456.57
451,OK,251,157,622,622,471.41,368.97,655.88,352.73,576.73,448.01
452,OK,255,160,614,614,472.15,369.86,654.83,355.35,575.71,447.54
453,OK,256,160,613,613,471.89,366.81,654.96,356.27,572.21,449.39
454,OK,256,160,613,613,473.68,367.16,657.07,357.2,574.92,450.3
455,OK,255,161,615,615,472.33,370.7,658.17,356.53,577.35,452.32
456,OK,254,161,616,616,472.73,370.94,657.77,359.02,577.96,455.17
457,OK,252,160,617,617,474.22,373.18,657.09,366.27,576.44,464.96
458,OK,252,164,616,616,472.89,379.09,657.23,368.25,579.25,465.34
459,OK,251,165,620,620,475.45,379.2,661.58,369.53,582.15,467.35
460,OK,253,162,624,624,484.3,376.92,669.66,369.23,589.58,470.61
461,OK,259,162,626,626,487.81,380.16,675.52,369.78,589.51,472.15
462,OK,268,161,628,628,509.31,374.89,696.41,366.83,615.57,465.36
463,OK,275,157,629,629,527.46,365.81,711.43,363.82,638.51,459.77
464,OK,279,152,634,634,538.08,359.69,722.89,360.55,652.14,455.52
465,OK,276,145,643,643,540.53,357.96,725.14,358.69,657.43,458.26
466,OK,270,142,650,650,531.92,357.06,718.62,360.12,649.21,458.61
467,OK,265,142,652,652,515.91,359.2,701.99,360.58,624.38,459.83
468,OK,260,143,645,645,504.57,357.56,685.0,360.44,610.4,459.07
469,OK,254,145,639,639,493.59,358.5,675.73,359.02,601.75,454.43
470,OK,248,146,640,640,483.7,361.68,670.59,357.57,592.68,455.85
471,OK,241,142,652,652,486.13,361.9,672.83,355.07,595.04,461.12
472,OK,247,147,642,642,494.41,353.76,680.11,357.8,600.12,444.99
473,OK,258,151,636,636,523.41,351.98,707.21,361.16,634.05,442.92
474,OK,265,153,631,631,535.32,345.67,720.73,359.06,655.1,432.71
475,OK,264,151,632,632,531.47,356.18,710.43,356.31,653.69,447.23
476,OK,267,151,628,628,528.72,355.14,710.68,359.05,646.3,446.67
477,OK,266,149,630,630,523.04,352.45,708.08,355.82,641.3,445.41
478,OK,265,147,633,633,519.34,348.19,703.66,351.49,633.04,440.27
479,OK,265,147,633,633,521.77,347.52,705.15,354.03,634.48,439.63
480,OK,264,147,634,634,521.39,351.0,702.4,357.26,633.29,447.63
481,OK,263,148,635,635,516.4,351.43,698.96,358.55,623.67,446.87
482,OK,264,153,628,628,511.71,348.19,695.73,359.06,619.28,436.73
483,OK,262,152,629,629,511.4,343.81,695.04,357.83,617.68,436.36
484,OK,260,152,631,631,509.19,345.48,694.17,358.51,615.48,437.39
485,OK,261,154,629,629,511.0,348.0,696.33,358.92,618.8,439.49
486,OK,260,153,634,634,513.65,352.16,697.14,365.28,616.75,451.55
487,OK,259,151,638,638,509.26,352.34,694.09,360.19,614.28,448.82
488,OK,259,151,638,638,508.7,353.45,694.28,360.82,616.39,449.62
489,OK,260,155,634,634,503.56,352.79,691.05,361.82,608.92,445.44
490,OK,258,153,635,635,504.4,347.77,690.93,358.71,609.65,441.19
491,OK,259,151,634,634,507.59,345.54,693.51,355.96,612.99,438.56
492,OK,263,149,629,629,512.9,342.23,696.7,353.44,617.08,433.57
493,OK,265,147,629,629,514.9,343.06,698.6,350.91,621.18,434.77
494,OK,269,147,623,623,514.03,345.87,698.01,349.93,621.64,434.68
495,OK,267,145,625,625,515.81,343.54,698.15,355.31,619.74,441.22
496,OK,268,152,620,620,509.75,348.35,693.5,361.78,612.67,437.41
497,OK,262,154,624,624,509.23,357.12,689.56,368.88,615.65,455.76
498,OK,257,157,627,627,507.42,358.87,689.18,370.64,615.8,455.93
499,OK,254,153,636,636,508.12,357.07,692.24,368.95,611.64,461.03
500,OK,253,150,643,643,513.06,356.03,697.44,369.21,617.42,462.63
501,OK,258,148,645,645,513.46,363.62,698.57,371.03,613.94,469.16
502,OK,262,144,650,650,519.42,361.05,703.91,369.11,619.71,470.2
503,OK,270,149,645,645,523.93,357.51,713.52,375.26,620.11,460.24
504,OK,275,152,642,642,525.9,357.69,713.22,373.8,622.4,459.84
505,OK,276,150,646,646,522.68,358.26,709.04,364.85,621.43,460.0
506,OK,279,153,636,636,501.17,351.04,693.25,353.2,595.66,431.87
507,OK,272,152,632,632,485.55,358.68,676.38,350.16,589.11,443.85
508,OK,266,154,631,631,472.85,373.9,665.35,348.8,582.71,448.99
509,OK,260,155,633,633,463.99,384.12,656.96,352.89,575.29,463.89
510,OK,257,156,635,635,461.91,384.43,655.67,348.14,574.6,458.43
511,OK,257,161,631,631,459.56,385.61,652.49,346.84,570.14,451.44
512,OK,258,161,627,627,463.65,383.69,655.72,344.93,578.3,451.81
513,OK,260,158,629,629,470.45,378.56,662.72,343.82,584.17,451.19
514,OK,264,157,624,624,469.46,375.98,657.83,337.15,579.69,442.95
515,OK,273,160,616,616,474.54,378.84,659.62,337.36,579.9,438.7
516,OK,277,161,614,614,469.17,384.3,652.72,338.31,569.9,444.55
517,OK,278,162,613,613,467.64,381.86,652.9,337.79,569.19,440.94
518,OK,279,167,608,608,466.65,387.25,650.32,339.76,572.57,441.35
519,OK,278,170,607,607,468.51,391.56,652.04,347.91,573.59,453.42
520,OK,278,170,609,609,468.37,391.84,651.34,347.13,572.49,454.04
521,OK,279,173,607,607,469.41,390.76,653.79,347.78,574.28,449.79
522,OK,281,166,610,610,486.43,372.41,674.9,337.71,595.21,435.57
523,OK,284,156,614,614,501.16,368.05,683.09,331.62,612.27,438.0
524,OK,283,149,621,621,508.33,363.45,689.96,334.86,621.77,440.95
525,OK,276,141,630,630,510.81,354.41,690.36,342.41,620.13,449.14
526,OK,270,145,623,623,496.86,366.44,671.41,350.41,607.5,455.61
527,OK,260,148,619,619,482.85,360.91,662.76,349.17,593.82,445.41
528,OK,256,153,613,613,472.75,365.82,654.72,345.71,586.23,441.28
529,OK,249,150,615,615,470.81,364.89,651.55,337.31,589.94,437.74
530,OK,247,150,617,617,468.59,363.61,651.45,337.18,584.37,435.66
531,OK,248,149,617,617,473.32,361.57,652.74,341.3,582.09,439.48
532,OK,248,150,618,618,473.32,358.4,656.26,342.88,581.96,436.0
533,OK,251,149,618,618,478.45,355.84,662.73,338.27,591.11,429.81
534,OK,253,146,621,621,483.96,368.3,662.97,344.51,597.92,454.26
535,OK,254,148,620,620,479.18,364.66,660.31,343.93,591.26,444.2
536,OK,253,146,618,618,474.8,363.33,655.81,339.78,588.23,444.93
537,OK,247,142,624,624,470.89,357.4,652.12,334.68,582.11,437.37
538,OK,249,144,621,621,474.26,357.85,656.44,333.35,589.09,427.46
539,OK,251,141,624,624,484.37,357.24,664.63,333.69,600.83,436.11
540,OK,260,144,619,619,496.41,353.61,680.79,340.84,607.79,437.43
541,OK,265,144,619,619,508.86,356.66,687.01,346.01,619.94,444.82
542,OK,272,148,618,618,517.85,358.68,695.35,348.02,628.31,443.64
543,OK,272,147,622,622,519.76,358.14,696.33,351.91,629.44,452.17
544,OK,270,146,629,629,527.59,366.01,705.89,363.77,641.4,467.76
545,OK,266,145,640,640,525.3,370.46,704.11,369.98,634.98,476.8
546,OK,266,146,642,642,517.98,367.18,694.53,365.34,622.14,470.01
547,OK,269,149,634,634,515.41,361.33,691.16,361.41,617.3,458.63
548,OK,273,151,628,628,519.45,359.89,697.69,358.37,624.82,451.6
549,OK,280,154,618,618,519.4,352.35,699.74,353.82,622.67,436.6
550,OK,289,157,603,603,525.49,340.59,702.61,346.07,627.43,415.28
551,OK,293,156,596,596,528.59,338.26,703.2,348.57,627.2,421.31
552,OK,293,157,592,592,518.88,339.0,696.41,346.71,618.08,418.73
553,OK,288,161,591,591,512.28,342.58,690.12,349.63,615.49,416.54
554,OK,285,167,583,583,505.44,344.87,679.74,350.82,607.99,411.44
555,OK,271,158,591,591,494.96,332.72,670.92,338.79,600.19,409.54
556,OK,261,150,600,600,496.97,330.91,674.21,335.37,606.28,408.9
557,OK,260,156,596,596,489.59,342.63,668.2,346.96,595.83,414.02
558,OK,258,157,599,599,487.06,340.76,669.76,347.87,591.68,414.85
559,OK,256,158,599,599,482.99,341.06,663.38,348.44,583.57,415.49
560,OK,256,159,598,598,483.54,340.88,664.21,350.98,582.67,418.44
561,OK,253,157,600,600,482.78,338.08,662.33,347.21,583.65,416.67
562,OK,245,153,605,605,471.8,336.19,648.04,346.01,565.91,421.27
563,OK,241,155,599,599,465.99,331.82,643.02,349.48,558.47,412.46
564,OK,238,154,598,598,468.36,333.13,643.67,348.3,563.07,417.2
565,OK,245,157,590,590,482.13,328.16,655.47,351.69,573.21,409.9
566,OK,254,156,589,589,493.22,321.05,668.35,349.43,578.8,403.92
567,OK,260,150,597,597,500.55,314.87,680.94,337.32,589.28,392.9
568,OK,273,145,597,597,510.78,308.91,690.74,337.74,592.69,393.21
569,OK,284,144,596,596,530.8,314.24,707.92,346.79,617.36,406.45
570,OK,293,143,597,597,544.65,316.11,721.12,345.55,637.01,407.88
571,OK,301,144,594,594,554.71,313.85,731.58,346.39,649.15,403.17
572,OK,308,147,588,588,553.49,311.04,729.4,345.74,644.72,394.78
573,OK,312,153,579,579,554.05,314.81,729.09,352.52,648.07,395.82
574,OK,315,153,579,579,559.33,312.85,734.44,348.68,652.62,396.18
575,OK,318,154,574,574,564.42,300.44,738.84,345.34,655.42,377.54
576,OK,322,155,566,566,565.58,297.56,736.36,338.91,658.39,369.21
577,OK,325,152,561,561,571.25,293.89,737.45,331.09,667.33,367.09
578,OK,329,154,558,558,577.84,295.19,746.51,338.15,674.7,364.37
579,OK,333,157,559,559,586.14,297.48,756.44,345.17,682.37,368.51
580,OK,340,157,560,560,594.47,300.08,763.22,347.2,688.15,374.24
581,OK,348,157,559,559,601.63,296.82,768.59,345.38,694.15,370.13
582,OK,354,155,559,559,608.96,294.28,773.21,343.41,702.17,369.89
583,OK,354,154,562,562,607.36,294.13,773.87,345.79,700.58,368.7
584,OK,352,152,567,567,603.68,296.9,769.38,348.09,692.13,380.2
585,OK,350,155,564,564,593.28,299.14,763.45,348.62,684.49,374.3
586,OK,343,154,567,567,587.13,295.73,758.3,350.55,675.13,377.14
587,OK,336,153,565,565,568.99,301.88,738.87,347.12,655.54,383.63
588,OK,319,151,573,573,548.1,302.82,723.69,354.11,633.25,393.85
589,OK,307,151,577,577,542.95,304.9,718.78,354.2,631.43,394.9
590,OK,300,152,579,579,545.7,309.14,720.7,359.48,637.83,401.33
591,OK,301,156,577,577,549.11,312.74,723.9,363.09,637.97,402.03
592,OK,303,154,582,582,553.27,314.59,726.78,361.96,639.52,413.55
593,OK,302,153,589,589,550.45,315.54,729.21,356.85,642.26,404.99
594,OK,305,149,590,590,558.39,308.61,734.23,352.93,647.96,402.51
595,OK,310,147,590,590,559.86,311.17,736.85,347.46,652.3,400.3
596,OK,314,157,586,586,557.67,331.46,733.71,367.52,647.83,419.71
597,OK,313,163,590,590,551.55,334.78,732.28,371.36,642.68,421.03
598,OK,306,164,605,605,548.11,342.35,732.68,376.8,640.31,436.12
599,OK,300,163,616,616,548.28,341.31,733.47,377.46,640.64,438.45
600,OK,299,162,618,618,543.24,339.35,728.44,372.7,634.34,433.0
601,OK,300,161,613,613,538.25,341.36,720.27,366.13,631.41,429.63
602,OK,299,162,608,608,530.8,343.45,710.89,369.33,619.19,434.35
603,OK,294,161,609,609,519.26,340.25,704.91,361.38,611.85,424.22
604,OK,291,163,608,608,508.19,345.06,694.55,360.1,598.21,424.59
605,OK,282,159,615,615,506.22,344.49,691.3,364.03,593.61,438.24
606,OK,277,157,621,621,501.88,343.21,691.23,361.68,588.85,433.67
607,OK,272,155,627,627,497.69,347.52,687.02,362.05,587.24,441.52
608,OK,270,155,629,629,497.07,345.78,685.42,364.75,581.67,440.38
609,OK,274,158,622,622,499.36,348.45,686.27,363.88,584.99,437.19
610,OK,278,159,617,617,501.02,343.2,688.45,358.16,586.99,426.4
611,OK,282,161,612,612,500.4,342.74,687.33,358.27,584.09,422.63
612,OK,284,163,607,607,499.25,346.01,684.52,358.8,586.0,424.23
613,OK,286,166,602,602,497.26,345.76,683.55,360.15,582.87,422.02
614,OK,287,165,599,599,495.28,340.83,683.88,355.56,580.22,416.18
615,OK,290,169,591,591,496.91,345.13,681.47,358.56,582.85,415.41
616,OK,294,170,588,588,496.44,343.22,681.47,354.88,578.09,411.66
617,OK,299,171,584,584,503.4,344.48,687.27,353.74,589.22,409.46
618,OK,302,170,582,582,504.78,340.8,689.84,349.12,592.94,405.81
619,OK,303,169,582,582,507.15,337.42,692.56,353.17,591.92,408.24
620,OK,303,168,582,582,507.58,338.96,692.15,353.17,592.97,410.32
621,OK,303,169,581,581,508.74,338.99,692.42,352.54,596.89,405.49
622,OK,301,168,583,583,509.97,340.66,694.32,352.98,601.47,411.19
623,OK,300,168,583,583,509.97,337.4,693.59,351.08,601.44,404.22
624,OK,294,164,592,592,511.87,337.57,694.91,349.56,607.61,411.9
625,OK,293,158,596,596,521.21,335.41,704.59,346.83,620.68,415.47
626,OK,291,153,598,598,516.63,332.83,701.45,342.58,617.03,412.47
627,OK,290,151,600,600,516.6,329.4,700.29,341.45,613.98,409.7
628,OK,285,147,609,609,512.06,326.65,698.36,337.9,608.89,407.54
629,OK,287,149,606,606,511.05,330.47,696.86,340.92,606.64,406.9
630,OK,286,147,606,606,512.05,329.79,696.88,338.92,609.08,409.47
631,OK,286,146,606,606,515.15,331.47,699.31,342.47,613.82,414.83
632,OK,285,145,608,608,517.56,330.88,701.65,342.32,616.41,415.38
633,OK,286,146,608,608,518.53,332.08,702.22,345.62,614.99,418.76
634,OK,287,147,607,607,523.19,336.97,705.6,352.01,621.07,426.74
635,OK,286,148,611,611,523.54,334.99,706.97,352.43,621.57,424.14
636,OK,281,150,616,616,521.19,340.56,704.82,360.74,619.68,434.28
637,OK,276,150,618,618,511.73,338.12,693.45,360.46,603.94,434.73
638,OK,266,154,628,628,501.01,344.45,689.21,361.07,600.02,430.94
639,OK,263,158,618,618,503.76,343.25,681.79,359.02,605.44,427.64
640,OK,262,157,615,615,504.28,339.91,685.34,351.06,612.13,418.38
641,OK,267,156,612,612,504.54,334.01,689.68,339.86,610.47,403.55
642,OK,268,146,615,615,506.27,326.12,688.13,331.99,606.71,405.12
643,OK,270,147,613,613,502.03,324.61,686.52,330.18,603.56,387.75
644,OK,257,138,620,620,491.53,317.2,668.95,326.09,588.48,396.48
645,OK,248,141,610,610,466.84,318.06,644.74,327.53,562.0,389.14
646,OK,237,140,605,605,454.73,320.53,631.06,331.11,547.88,401.3
647,OK,227,143,606,606,445.84,324.71,626.71,332.96,541.98,397.49
648,OK,225,147,600,600,444.85,328.89,622.92,337.38,537.83,402.39
649,OK,226,153,597,597,455.45,338.8,631.02,346.93,553.1,415.43
650,OK,231,157,590,590,467.08,340.2,639.06,346.73,569.38,417.44
651,OK,243,152,598,598,489.5,331.95,669.12,337.45,591.72,408.66
652,OK,256,151,596,596,491.83,327.71,671.78,329.16,592.8,391.72
653,OK,267,150,596,596,495.18,322.93,680.63,333.18,588.42,391.18
654,OK,273,155,592,592,495.92,327.82,678.03,341.3,587.62,394.95
655,OK,272,155,593,593,493.57,324.09,673.32,339.48,583.14,395.37
656,OK,268,153,594,594,490.27,320.55,668.04,337.73,578.83,394.69
657,OK,263,150,599,599,489.66,323.2,667.84,340.11,579.32,403.3
658,OK,253,145,607,607,485.33,320.17,661.89,335.61,580.78,403.05
659,OK,251,148,602,602,478.4,329.16,655.59,339.6,574.53,407.95
660,OK,250,149,607,607,487.67,331.22,670.12,349.76,585.56,414.34
661,OK,251,150,610,610,491.12,337.22,671.52,352.95,589.12,424.9
662,OK,251,147,619,619,496.78,342.42,678.67,361.31,593.07,442.7
663,OK,252,147,625,625,497.27,342.58,682.52,363.04,593.37,441.67
664,OK,256,150,623,623,498.57,339.02,684.0,359.47,594.69,427.91
665,OK,259,153,619,619,500.69,338.39,685.55,358.06,597.85,423.86
666,OK,261,151,621,621,506.07,333.53,690.37,356.47,601.59,424.06
667,OK,263,150,619,619,509.38,335.16,693.28,350.07,614.4,419.13
668,OK,263,147,614,614,506.64,333.8,687.26,328.6,624.46,402.08
669,OK,263,153,607,607,490.67,338.19,674.27,327.25,605.6,385.84
670,OK,258,155,603,603,476.05,344.35,657.56,328.34,591.49,398.7
671,OK,253,158,597,597,468.29,341.29,648.66,323.67,584.2,386.19
672,OK,255,162,587,587,462.03,341.17,639.71,321.27,569.17,383.5
673,OK,254,163,583,583,459.63,340.1,638.17,319.56,567.01,381.12
674,OK,252,165,581,581,446.51,336.9,629.91,316.23,551.61,371.48
675,OK,249,167,579,579,437.43,341.86,620.42,317.38,542.38,373.36
676,OK,242,164,584,584,436.85,350.92,616.88,324.7,542.68,401.79
677,OK,238,167,586,586,430.88,357.3,613.22,333.22,534.95,408.46
678,OK,231,168,593,593,424.52,364.6,609.37,340.8,528.0,423.16
679,OK,219,168,605,605,412.99,368.0,603.31,346.91,516.5,428.55
680,OK,214,168,612,612,410.28,369.61,599.89,347.09,508.93,432.61
681,OK,209,165,622,622,414.75,369.6,605.41,348.47,517.12,438.53
682,OK,205,160,635,635,422.67,378.04,611.94,357.94,527.69,461.41
683,OK,205,162,640,640,422.4,386.68,611.19,363.54,524.21,466.64
684,OK,206,165,641,641,422.81,395.64,610.57,368.01,527.58,476.53
685,OK,203,166,649,649,421.69,399.21,611.88,373.1,528.37,484.82
686,OK,200,169,653,653,423.26,399.23,613.63,378.32,528.9,485.6
687,OK,194,168,664,664,419.27,405.77,610.67,375.48,529.69,490.8
688,OK,191,170,669,669,414.69,407.02,604.9,379.88,516.2,490.23
689,OK,192,172,666,666,411.63,408.26,599.65,380.7,507.73,491.06
690,OK,190,169,668,668,412.12,403.02,600.18,378.72,508.99,490.51
691,OK,187,163,673,673,409.34,397.76,598.59,372.14,505.85,486.79
692,OK,191,166,663,663,408.19,396.89,596.86,370.44,505.13,476.73
693,OK,193,165,660,660,415.31,388.35,605.17,369.88,512.64,474.03
694,OK,197,161,658,658,423.92,381.3,615.71,367.87,521.92,470.51
695,OK,205,162,651,651,434.79,375.13,625.56,360.53,536.57,455.42
696,OK,212,162,647,647,455.16,365.81,642.71,365.86,555.29,453.95
697,OK,219,162,642,642,468.91,368.73,656.76,365.36,579.66,455.32
698,OK,225,164,639,639,475.76,373.35,662.72,367.56,590.79,460.59
699,OK,229,160,643,643,479.54,366.18,668.26,363.49,589.52,458.06
700,OK,234,157,645,645,485.45,365.25,673.68,366.58,592.98,460.47
701,OK,238,157,647,647,484.66,363.76,676.12,365.22,591.33,455.49
702,OK,238,156,646,646,483.34,361.69,673.0,365.73,588.4,454.93
703,OK,239,160,641,641,482.14,360.85,671.38,365.02,588.59,447.07
704,OK,239,164,635,635,478.28,360.13,666.56,364.61,583.97,442.38
705,OK,240,166,632,632,475.78,361.6,665.74,363.27,581.27,440.62
706,OK,241,166,631,631,477.18,359.08,666.06,363.08,581.29,441.94
707,OK,240,165,630,630,473.59,357.4,664.65,358.74,581.78,436.3
708,OK,240,162,630,630,474.72,358.33,663.8,356.98,582.96,441.92
709,OK,242,161,629,629,479.97,359.28,667.57,360.11,586.84,444.51
710,OK,245,159,631,631,485.64,358.77,674.51,363.16,590.46,449.43
711,OK,250,159,629,629,498.36,353.67,683.38,366.54,598.49,447.29
712,OK,254,164,625,625,495.73,350.06,681.72,369.61,590.55,439.26
713,OK,254,169,622,622,494.5,344.63,682.71,381.69,581.05,437.39
714,OK,258,173,613,613,501.17,340.96,679.99,388.26,575.94,436.17
715,OK,263,183,596,596,503.49,347.17,675.48,396.51,579.79,435.65
716,OK,264,187,589,589,502.73,344.82,676.86,396.88,578.53,434.05
717,OK,251,177,606,606,494.04,342.1,673.77,388.08,576.74,445.97
718,OK,248,169,612,612,496.63,337.85,676.62,380.26,580.76,440.01
719,OK,254,167,609,609,498.45,332.67,680.81,377.7,579.07,427.68
720,OK,259,165,607,607,501.14,327.84,682.23,377.59,575.34,423.53
721,OK,264,165,605,605,508.99,332.07,688.41,376.27,590.25,427.11
722,OK,270,166,602,602,513.33,329.8,694.26,377.17,590.92,425.22
723,OK,271,159,607,607,518.38,328.33,700.16,371.74,601.98,435.01
724,OK,274,156,611,611,523.02,336.28,702.09,373.12,606.17,440.43
725,OK,278,156,615,615,523.72,340.84,705.03,374.73,607.54,443.19
726,OK,286,160,605,605,516.08,333.31,701.03,365.22,598.9,417.94
727,OK,288,156,604,604,516.21,324.02,704.62,352.99,602.62,406.16
728,OK,288,157,605,605,523.19,330.61,708.36,362.06,612.42,420.54
729,OK,291,157,607,607,528.87,330.57,712.5,363.76,614.02,421.93
730,OK,294,158,608,608,529.15,333.05,717.41,363.28,619.79,418.4
731,OK,295,160,610,610,531.01,334.13,720.36,364.09,625.11,417.5
732,OK,292,158,616,616,531.15,344.6,717.22,368.17,626.35,439.6
733,OK,289,160,618,618,527.53,345.43,713.56,373.51,618.71,441.92
734,OK,285,160,621,621,526.24,344.48,712.89,373.85,617.67,441.73
735,OK,278,158,624,624,519.06,343.82,704.79,370.08,612.31,442.84
736,OK,275,157,621,621,509.3,342.15,691.6,365.98,598.18,437.84
737,OK,268,154,627,627,502.33,338.62,692.38,365.42,591.55,436.98
738,OK,263,153,625,625,495.7,334.83,682.97,362.96,584.61,428.62
739,OK,262,155,620,620,494.58,334.17,681.79,360.84,584.42,421.64
740,OK,260,154,617,617,491.2,330.29,677.06,354.59,583.89,413.64
741,OK,257,153,613,613,480.42,330.67,665.8,346.17,574.05,408.35
742,OK,258,152,610,610,483.89,330.17,667.5,345.45,574.71,409.72
743,OK,260,153,610,610,487.18,328.17,673.87,345.97,577.12,403.7
744,OK,267,157,604,604,486.56,332.23,674.76,345.44,576.81,401.9
745,OK,272,160,601,601,490.19,333.79,677.95,345.98,581.08,402.84
746,OK,275,160,600,600,492.4,331.52,681.99,346.55,582.93,401.99
747,OK,276,160,605,605,492.54,333.22,687.2,349.48,584.09,404.84
748,OK,278,163,607,607,494.89,334.83,691.76,353.03,586.98,402.32
749,OK,279,162,608,608,497.21,334.21,691.09,352.21,587.52,403.93
750,OK,284,162,604,604,498.94,334.5,690.08,357.35,580.36,411.54
751,OK,284,165,599,599,488.93,331.73,679.75,349.18,573.31,396.28
752,OK,280,162,597,597,482.67,328.22,669.53,345.06,564.78,398.85
753,OK,275,163,595,595,477.36,335.22,663.67,346.43,564.11,402.81
754,OK,272,162,594,594,478.71,333.59,663.24,347.45,563.79,405.27
755,OK,275,168,585,585,489.04,331.61,669.04,360.82,567.84,403.66
756,OK,269,167,588,588,488.94,326.23,671.48,356.98,574.09,400.17
757,OK,264,168,594,594,490.71,329.5,677.96,364.22,580.04,401.39
758,OK,260,160,603,603,492.2,325.54,676.99,351.8,583.4,408.84
759,OK,257,155,608,608,495.34,326.09,679.46,349.81,590.88,409.86
760,OK,255,150,616,616,498.37,330.47,680.68,348.88,596.37,414.76
761,OK,248,141,628,628,494.77,327.18,678.32,344.11,593.31,420.5
762,OK,248,143,628,628,496.52,336.89,682.8,348.3,605.8,418.83
763,OK,246,144,628,628,492.06,348.29,675.75,352.91,601.73,436.34
764,OK,242,144,634,634,490.9,352.93,675.11,354.76,603.13,444.38
765,OK,237,143,638,638,491.05,356.95,673.16,357.35,604.46,454.31
766,OK,238,143,640,640,491.8,359.84,675.33,362.5,601.61,461.44
767,OK,240,142,643,643,496.94,356.14,681.3,362.29,604.13,459.35
768,OK,233,136,665,665,494.59,357.14,683.64,366.66,599.63,471.5
769,OK,228,131,676,676,494.05,358.7,680.33,367.24,597.88,476.02
770,OK,222,128,683,683,488.7,361.76,674.88,366.52,595.69,478.89
771,OK,218,130,682,682,478.1,371.86,664.62,368.35,588.26,482.47
772,OK,216,136,680,680,465.05,380.56,653.9,371.8,573.21,485.8
773,OK,217,141,672,672,463.33,375.36,653.49,366.99,571.06,475.41
774,OK,217,143,667,667,464.18,375.83,653.62,364.32,576.35,473.71
775,OK,222,145,650,650,464.34,363.56,648.77,347.49,577.17,446.04
776,OK,222,146,641,641,437.84,361.57,623.48,339.29,540.85,438.75
777,OK,215,150,625,625,390.93,360.9,572.35,330.09,477.46,422.54
778,OK,209,154,609,609,368.24,369.67,543.0,325.28,448.69,421.97
779,OK,209,162,588,588,355.72,376.19,523.13,325.99,430.4,415.28
780,OK,202,165,579,579,344.87,384.02,508.64,328.29,421.16,430.75
781,OK,199,172,568,568,342.55,385.78,506.96,334.1,420.24,429.18
782,OK,194,174,569,569,342.6,386.43,509.34,335.7,418.96,432.34
783,OK,191,169,582,582,351.4,385.59,521.66,337.6,428.88,444.0
784,OK,193,170,588,588,363.31,390.83,535.57,342.82,447.55,447.68
785,OK,197,170,594,594,374.89,390.61,549.26,338.59,465.92,445.45
786,OK,201,170,599,599,381.62,399.84,550.81,348.03,469.21,461.11
787,OK,199,161,621,621,383.04,405.41,551.6,356.47,461.46,484.44
788,OK,201,161,630,630,383.06,409.15,548.75,357.0,455.47,480.19
789,OK,201,161,634,634,381.0,411.38,548.36,357.56,456.72,482.8
790,OK,201,164,635,635,382.05,412.28,552.15,357.23,461.73,479.58
791,OK,200,167,632,632,376.81,411.71,548.85,357.19,459.16,477.13
792,OK,198,167,632,632,377.03,410.61,550.46,357.5,462.51,477.91
793,OK,199,164,631,631,388.98,397.68,561.43,351.91,474.77,468.84
794,OK,204,165,626,626,404.01,385.98,587.48,346.57,502.21,448.81
795,OK,204,155,634,634,409.54,374.14,596.23,340.89,509.48,448.79
796,OK,209,155,630,630,418.28,366.67,605.6,338.7,519.66,433.56
797,OK,213,152,658,658,472.96,338.51,668.82,356.17,564.9,405.15
798,OK,223,155,659,659,488.28,377.21,667.78,389.49,581.25,490.86
799,OK,228,145,671,671,497.95,369.81,681.04,376.85,597.12,487.69
800,OK,239,140,669,669,514.3,366.46,691.94,373.25,613.27,484.39
801,OK,253,141,660,660,514.86,366.01,694.76,372.22,608.49,476.1
802,OK,263,146,653,653,502.7,363.18,687.7,373.62,585.86,469.45
803,OK,267,146,655,655,499.62,360.64,686.35,371.04,580.01,468.25
804,OK,275,150,638,638,499.45,361.68,686.38,358.25,591.57,450.09
805,OK,275,151,627,627,492.73,357.3,678.35,348.53,590.79,439.75
806,OK,272,154,612,612,490.23,353.86,670.92,338.64,603.87,423.15
807,OK,267,160,603,603,481.67,361.02,662.48,345.89,594.74,426.72
808,OK,252,159,608,608,457.73,364.33,639.28,343.48,567.66,436.32
809,OK,243,157,615,615,453.66,363.44,636.71,342.09,560.81,437.49
810,OK,238,154,618,618,461.1,353.08,644.12,337.28,571.77,425.19
811,OK,236,153,620,620,465.58,355.67,648.42,341.97,577.65,429.65
812,OK,229,153,627,627,459.74,362.94,644.67,349.53,573.71,442.21
813,OK,222,151,634,634,451.46,362.45,635.67,347.87,560.64,444.33
814,OK,223,153,633,633,451.41,363.56,635.81,352.21,555.54,445.94
815,OK,225,152,633,633,463.37,359.17,646.31,351.63,570.82,444.93
816,OK,228,150,634,634,476.57,358.23,658.83,350.57,588.63,445.01
817,OK,231,146,635,635,479.69,359.88,660.98,351.07,592.21,449.45
818,OK,234,144,639,639,483.45,356.19,669.9,351.96,595.2,446.96
819,OK,240,146,638,638,490.59,355.53,675.97,354.63,599.84,445.37
820,OK,246,148,633,633,495.01,357.47,677.56,352.92,606.48,444.47
821,OK,251,149,629,629,499.56,354.73,679.95,353.49,608.82,443.38
822,OK,258,155,620,620,504.75,355.6,685.24,353.63,615.59,436.95
823,OK,262,157,615,615,503.68,355.94,685.37,351.01,616.44,434.28
824,OK,262,154,621,621,498.18,357.83,682.92,349.77,610.77,442.1
825,OK,265,156,617,617,500.48,355.69,684.1,347.54,613.36,434.05
826,OK,269,160,612,612,501.26,357.91,685.47,343.35,618.63,426.77
827,OK,272,159,612,612,506.69,353.43,693.37,342.31,623.37,425.3
828,OK,279,159,607,607,508.76,350.47,694.05,328.37,627.65,406.67
829,OK,289,157,596,596,508.05,344.3,691.62,314.37,626.28,389.67
830,OK,295,155,579,579,487.76,338.76,666.17,288.1,610.29,356.43
831,OK,298,156,566,566,484.79,343.66,658.77,287.51,609.08,357.92
832,OK,301,160,559,559,484.51,354.74,656.5,297.81,604.1,374.88
833,OK,305,166,552,552,481.69,354.08,654.38,300.7,595.58,368.65
834,OK,307,168,545,545,477.34,346.92,649.06,291.37,591.61,354.58
835,OK,311,172,534,534,473.16,350.58,639.88,288.87,585.78,354.61
836,OK,314,174,527,527,473.25,354.05,639.16,290.88,584.92,357.87
837,OK,316,175,526,526,472.83,358.16,640.37,294.32,581.06,367.4
838,OK,315,175,530,530,471.81,358.48,640.79,293.67,581.15,366.6
839,OK,315,177,529,529,470.82,364.59,635.82,297.95,579.49,374.25
840,OK,312,176,533,533,465.84,365.69,631.91,298.89,572.66,377.45
841,OK,309,179,537,537,462.33,374.41,628.03,308.07,566.45,387.91
842,OK,306,182,539,539,461.22,382.5,625.8,316.06,565.37,402.23
843,OK,303,182,543,543,463.3,385.92,630.92,322.03,572.55,414.51
844,OK,302,183,546,546,464.87,386.9,635.5,326.03,573.86,417.45
845,OK,300,182,553,553,466.75,387.52,638.74,327.75,575.69,422.47
846,OK,297,180,560,560,466.35,386.92,638.97,325.88,575.93,422.32
847,OK,290,175,574,574,464.72,381.95,641.81,323.61,574.84,423.52
848,OK,289,177,576,576,463.81,386.61,639.25,327.12,573.5,423.13
849,OK,287,176,576,576,461.4,378.44,639.79,323.07,572.47,413.63
850,OK,281,170,586,586,463.71,375.35,645.69,320.4,578.1,418.22
851,OK,279,168,592,592,466.03,381.39,647.37,325.03,580.05,426.38
852,OK,281,170,587,587,469.75,382.51,646.15,327.89,581.99,427.57
853,OK,284,177,581,581,467.71,390.66,643.49,336.91,577.26,430.82
854,OK,285,180,580,580,466.46,390.29,643.91,337.13,575.61,430.51
855,OK,283,183,581,581,463.45,393.25,642.2,341.51,573.67,436.69
856,OK,282,184,582,582,461.03,395.34,637.05,343.19,567.38,442.55
857,OK,282,189,579,579,455.49,395.38,633.23,342.63,559.15,432.5
858,OK,280,191,579,579,453.36,394.87,632.39,344.47,557.71,435.35
859,OK,279,191,581,581,453.89,397.9,630.57,347.21,554.95,443.5
860,OK,280,192,580,580,455.69,398.07,631.71,347.96,556.52,442.04
861,OK,284,196,574,574,459.13,398.6,633.62,348.52,559.58,435.25
862,OK,284,196,575,575,459.45,398.24,635.5,348.92,560.98,440.99
863,OK,283,192,578,578,464.59,396.37,641.79,346.77,571.94,442.91
864,OK,284,191,578,578,465.24,396.66,641.35,346.63,571.96,443.17
865,OK,285,192,577,577,465.22,396.39,641.63,345.62,572.02,438.24
866,OK,288,193,577,577,470.45,391.26,648.56,343.98,576.08,431.17
867,OK,291,176,584,584,494.0,359.45,678.83,332.59,600.15,419.2
868,OK,294,164,592,592,515.01,343.44,701.82,328.05,626.35,405.22
869,OK,297,168,591,591,516.95,352.56,702.45,354.01,620.0,419.09
870,OK,293,163,594,594,513.82,340.47,696.19,350.18,613.64,419.7
871,OK,286,159,599,599,508.76,336.47,694.44,350.39,608.79,417.4
872,OK,278,155,604,604,498.43,329.99,687.02,349.22,592.57,411.64
873,OK,274,154,607,607,493.55,330.55,681.34,346.55,585.56,409.52
874,OK,268,148,619,619,500.15,320.42,687.76,337.87,593.05,397.3
875,OK,270,146,613,613,494.99,319.62,680.71,334.06,584.35,397.67
876,OK,269,138,617,617,498.8,312.91,679.87,336.4,580.18,404.06
877,OK,270,139,617,617,500.1,322.92,686.68,338.99,590.51,404.83
878,OK,272,142,616,616,495.73,330.63,683.82,338.27,588.56,406.46
879,OK,278,146,611,611,500.99,331.46,686.96,340.33,591.43,407.18
880,OK,277,143,616,616,503.66,328.62,691.63,338.37,596.02,409.93
881,OK,278,144,620,620,510.7,336.13,695.92,350.77,599.85,427.35
882,OK,280,148,625,625,511.99,337.75,704.04,354.1,604.07,422.41
883,OK,283,151,622,622,513.57,338.49,700.86,353.19,605.91,422.94
884,OK,287,152,614,614,511.67,338.24,696.76,351.33,601.7,420.94
885,OK,294,160,601,601,510.74,338.78,693.78,355.68,594.98,411.54
886,OK,295,163,597,597,507.24,341.8,693.5,354.92,595.23,415.31
887,OK,297,164,593,593,508.15,340.37,692.37,353.53,594.4,415.03
888,OK,299,166,591,591,507.9,340.48,693.33,354.39,593.64,410.85
889,OK,299,168,590,590,505.18,342.4,690.89,354.61,591.5,411.51
890,OK,297,166,596,596,504.51,343.09,692.13,355.37,590.56,418.38
891,OK,294,165,601,601,507.83,345.16,694.09,356.76,596.99,422.74
892,OK,290,164,611,611,509.56,345.52,701.92,359.88,600.65,424.55
893,OK,289,164,612,612,514.2,346.76,701.79,362.1,606.38,428.15
894,OK,288,161,615,615,517.63,347.83,704.94,363.09,611.15,437.91
895,OK,291,161,614,614,523.82,350.8,708.41,363.44,618.89,440.58
896,OK,293,161,614,614,530.45,349.35,716.1,361.55,630.72,434.71
897,OK,296,161,610,610,537.54,348.67,722.47,355.65,647.99,426.55
898,OK,293,158,614,614,538.4,347.42,723.09,352.11,652.41,429.27
899,OK,288,158,619,619,533.41,349.28,722.01,358.81,646.66,432.85
900,OK,282,154,624,624,528.17,351.28,709.52,357.3,636.49,443.72
901,OK,281,157,620,620,520.63,352.35,708.24,356.74,631.88,433.38
902,OK,279,157,621,621,524.42,349.54,709.26,357.76,633.56,436.35
903,OK,277,155,621,621,525.2,352.86,706.6,354.55,637.56,440.7
904,OK,278,158,617,617,513.29,356.81,698.7,353.13,624.0,436.36
905,OK,276,158,618,618,506.82,349.96,696.31,353.19,614.06,428.44
906,OK,276,161,609,609,495.55,340.19,681.3,339.82,599.39,399.93
907,OK,278,164,600,600,490.59,339.69,675.2,336.56,591.46,393.24
908,OK,280,165,591,591,498.4,335.06,679.39,338.0,599.13,391.68
909,OK,286,167,579,579,503.28,323.47,682.37,336.03,597.77,379.1
910,OK,287,167,576,576,507.8,322.07,688.21,340.9,601.34,382.77
911,OK,289,161,576,576,512.22,312.89,692.98,335.1,604.14,379.75
912,OK,288,157,578,578,511.97,310.13,693.48,334.47,604.09,377.57
913,OK,285,155,583,583,508.65,309.9,692.13,334.97,599.74,377.75
914,OK,285,155,584,584,507.22,312.47,689.75,331.74,601.0,376.53
915,OK,291,152,587,587,532.92,312.41,713.26,338.2,629.2,387.0
916,OK,302,148,593,593,553.54,311.57,734.19,337.03,648.49,388.86
917,OK,319,157,586,586,559.82,326.96,740.35,344.74,654.16,390.26
918,OK,331,157,584,584,564.85,316.28,746.37,337.2,658.25,378.78
919,OK,339,154,586,586,573.89,312.59,756.12,335.54,667.79,379.43
920,OK,342,155,588,588,575.86,317.41,757.75,343.15,669.69,387.6
921,OK,342,155,592,592,572.77,330.36,751.37,345.52,669.11,405.95
922,OK,340,167,588,588,570.68,336.67,748.95,367.14,661.61,408.23
923,OK,334,173,588,588,563.75,340.1,745.29,368.94,658.64,413.25
924,OK,322,170,602,602,557.31,339.86,741.67,369.11,654.28,422.19
925,OK,310,168,613,613,544.55,340.48,735.33,369.46,644.49,423.48
926,OK,303,170,617,617,535.27,350.17,726.97,373.49,635.44,429.9
927,OK,289,168,625,625,525.58,354.71,714.94,376.6,625.73,447.5
928,OK,276,162,635,635,515.37,358.31,704.03,374.61,615.09,459.47
929,OK,267,159,640,640,504.98,355.69,693.37,371.07,601.49,455.2
930,OK,260,160,640,640,492.37,360.27,685.46,370.79,592.03,454.55
931,OK,254,164,638,638,486.2,362.05,678.58,372.25,586.44,452.1
932,OK,251,166,639,639,513.32,356.77,699.36,384.25,617.07,456.27
933,OK,258,171,638,638,540.48,356.33,725.61,395.12,644.33,454.33
934,OK,266,172,633,633,547.15,349.68,731.48,391.35,650.12,448.21
935,OK,272,167,637,637,552.28,351.02,736.08,388.44,651.98,457.95
936,OK,276,167,637,637,550.5,353.4,735.4,388.05,652.05,456.52
937,OK,273,164,647,647,544.83,360.09,728.84,387.45,646.53,468.96
938,OK,269,161,655,655,540.41,359.29,727.16,392.09,636.83,472.24
939,OK,267,162,652,652,526.4,364.59,713.73,384.73,628.42,468.01
940,OK,261,157,654,654,507.02,364.88,696.29,375.22,608.19,468.67
941,OK,258,160,648,648,494.59,361.7,687.46,372.88,593.98,457.17
942,OK,255,164,646,646,490.39,366.59,686.21,374.39,592.33,459.26
943,OK,253,163,648,648,491.73,365.9,685.68,373.05,593.97,462.16
944,OK,253,165,648,648,491.26,374.99,683.69,374.74,595.59,467.77
945,OK,248,163,651,651,484.45,375.52,677.11,374.14,589.44,471.42
946,OK,236,160,660,660,478.17,387.26,667.04,373.5,593.73,483.34
947,OK,230,160,665,665,478.28,387.99,667.96,373.14,594.6,482.28
948,OK,224,158,670,670,479.15,392.52,666.88,376.01,598.46,491.27
949,OK,219,157,674,674,473.99,390.93,665.29,372.32,595.36,484.48
950,OK,222,156,672,672,478.57,382.86,668.73,370.7,594.26,478.58
951,OK,226,154,668,668,486.98,378.63,674.53,371.84,601.47,479.0
952,OK,232,150,667,667,496.1,366.44,683.22,365.62,606.82,468.51
953,OK,239,150,662,662,500.8,362.28,689.21,367.39,609.14,464.12
954,OK,244,149,657,657,505.96,360.87,694.35,360.7,620.42,456.79
955,OK,245,146,660,660,502.4,364.95,689.84,360.75,614.36,464.99
956,OK,240,144,666,666,492.01,370.43,680.16,361.0,605.71,472.06
957,OK,232,148,669,669,481.1,387.0,666.24,379.45,590.15,494.06
958,OK,223,149,679,679,480.72,392.6,668.35,391.05,588.2,506.61
959,OK,218,149,684,684,481.54,392.02,668.48,388.5,592.07,504.69
960,OK,213,146,692,692,478.73,390.66,669.71,383.27,592.57,503.1
961,OK,208,142,697,697,478.69,391.32,667.42,383.33,593.68,506.79
962,OK,201,141,698,698,467.94,392.36,653.9,379.57,584.63,502.59
963,OK,197,143,694,694,473.96,386.39,659.37,388.45,587.08,501.05
964,OK,217,148,680,680,513.88,366.85,696.26,389.5,616.2,482.37
965,OK,233,150,668,668,528.87,360.54,709.95,384.59,634.79,473.51
966,OK,251,152,656,656,544.1,345.14,724.35,377.0,644.55,451.37
967,OK,261,151,648,648,542.84,342.9,722.71,369.59,646.58,446.15
968,OK,269,150,636,636,534.45,339.15,716.08,355.76,642.43,431.07
969,OK,282,157,612,612,525.54,345.13,706.96,348.1,635.87,417.06
970,OK,284,159,606,606,506.18,343.8,693.69,338.06,615.3,404.48
971,OK,282,159,606,606,501.79,348.97,688.4,345.22,605.35,420.7
972,OK,277,159,614,614,494.94,356.24,687.12,351.54,599.43,434.28
973,OK,271,157,620,620,492.3,359.81,679.57,355.92,595.37,449.21
974,OK,266,158,622,622,484.18,363.65,673.24,356.33,589.02,448.35
975,OK,260,159,623,623,479.46,373.25,665.75,360.68,587.99,460.35
976,OK,256,161,625,625,473.43,376.05,661.28,361.32,580.85,460.56
977,OK,254,161,628,628,472.59,381.04,660.86,360.29,581.98,465.8
978,OK,252,160,634,634,467.98,384.74,659.76,358.46,578.76,467.07
979,OK,252,161,635,635,467.34,386.33,657.73,359.2,575.49,467.35
980,OK,254,163,634,634,468.56,389.91,657.92,363.15,576.6,472.56
981,OK,250,169,634,634,455.82,400.03,644.69,371.99,560.93,479.41
982,OK,243,171,638,638,453.63,400.36,641.35,374.03,559.45,483.31
983,OK,234,170,643,643,455.59,406.73,639.28,379.01,566.93,495.21
984,OK,219,167,659,659,440.57,413.22,630.38,379.1,557.2,502.95
985,OK,207,157,672,672,425.87,418.02,614.03,368.74,544.08,508.6
986,OK,198,152,674,674,424.79,412.86,613.96,367.93,546.04,503.07
987,OK,191,149,675,675,413.18,406.14,603.43,362.59,530.55,493.0
988,OK,195,155,665,665,414.78,403.7,603.21,363.06,526.45,482.02
989,OK,200,157,653,653,418.63,385.0,605.95,349.58,527.11,457.16
990,OK,202,148,649,649,425.2,369.96,610.0,341.48,531.5,451.91
991,OK,218,148,635,635,448.23,355.69,633.59,320.78,563.49,409.89
992,OK,230,147,627,627,470.35,350.2,653.46,322.0,590.9,409.4
993,OK,245,148,618,618,489.56,349.95,673.83,327.4,612.5,411.72
994,OK,255,148,614,614,489.21,349.2,676.24,323.28,610.6,410.67
995,OK,262,154,608,608,496.98,353.42,679.93,334.26,618.93,413.06
996,OK,266,158,603,603,492.65,352.01,676.08,332.38,611.29,408.08
997,OK,266,157,606,606,489.41,348.33,674.58,332.31,603.94,409.63
998,OK,264,156,604,604,485.5,350.14,667.56,332.37,601.47,412.07
999,OK,263,158,607,607,489.55,355.97,674.56,346.0,601.45,425.73
1000,OK,261,155,614,614,490.1,355.39,674.57,347.05,599.61,434.9
1001,OK,258,158,610,610,472.51,360.29,656.7,347.2,580.51,431.6
1002,OK,253,160,610,610,467.36,358.5,650.68,347.35,571.64,430.4
1003,OK,252,161,614,614,465.18,366.26,651.74,349.33,570.4,440.49
1004,OK,252,164,613,613,462.72,364.83,652.58,341.99,574.64,425.03
1005,OK,248,164,614,614,461.62,365.28,649.52,342.9,574.9,429.21
1006,OK,246,165,616,616,459.89,372.08,648.0,347.67,573.86,439.39
1007,OK,246,168,617,617,457.98,375.91,645.81,355.47,563.77,448.59
1008,OK,245,168,619,619,457.12,378.8,645.08,355.92,563.81,453.72
1009,OK,250,175,609,609,452.57,375.84,640.95,352.47,554.97,434.89
1010,OK,252,174,609,609,454.87,372.76,643.31,347.27,557.7,430.74
1011,OK,257,178,602,602,459.38,380.84,642.37,353.17,561.33,443.27
1012,OK,258,177,603,603,463.5,380.98,649.64,354.91,570.53,449.13
1013,OK,262,178,601,601,462.06,380.16,648.01,352.62,565.33,441.98
1014,OK,258,174,610,610,456.0,378.02,643.76,352.86,555.22,447.77
1015,OK,259,177,603,603,451.98,376.41,638.99,350.55,552.89,434.56
1016,OK,256,182,601,601,447.9,378.13,635.65,350.33,551.12,428.31
1017,OK,250,181,604,604,438.51,384.05,625.98,351.01,543.02,440.71
1018,OK,245,177,611,611,438.08,380.93,626.04,351.78,538.74,445.45
1019,OK,240,171,617,617,440.75,378.4,627.81,355.21,540.16,453.52
1020,OK,238,172,622,622,449.1,385.58,636.1,369.32,550.03,465.95
1021,OK,234,172,629,629,464.13,388.46,651.68,377.69,574.11,476.85
1022,OK,226,158,653,653,490.9,376.83,672.74,385.6,595.98,495.09
1023,OK,228,153,666,666,507.26,374.48,690.54,388.99,611.18,493.45
1024,OK,232,149,672,672,526.01,372.56,707.79,389.87,635.3,493.41
1025,OK,234,144,678,678,531.53,371.87,711.49,386.32,643.07,495.07
1026,OK,241,144,678,678,534.83,367.52,717.6,382.99,644.54,483.22
1027,OK,247,144,679,679,532.55,362.61,720.14,378.84,639.74,475.53
1028,OK,256,140,679,679,544.71,361.35,729.77,373.59,651.88,475.58
1029,OK,266,141,679,679,545.95,364.19,735.04,375.86,650.12,474.5
1030,OK,272,138,692,692,565.59,375.36,753.43,379.9,678.92,490.32
1031,OK,284,144,690,690,589.68,383.65,772.99,394.35,705.12,498.81
1032,OK,292,145,689,689,590.32,379.09,773.31,396.11,698.59,499.74
1033,OK,293,147,691,691,583.44,382.75,768.53,398.64,691.1,503.32
1034,OK,295,160,676,676,566.36,383.62,750.38,407.51,664.75,497.83
1035,OK,289,165,673,673,548.33,392.82,738.01,403.16,654.09,502.51
1036,OK,276,171,679,679,521.0,416.09,712.57,408.14,631.91,522.31
1037,OK,263,175,681,681,503.09,421.74,697.4,405.19,618.14,524.48
1038,OK,250,176,681,681,479.18,429.1,672.38,408.74,589.45,534.96
1039,OK,237,176,679,679,464.41,435.69,652.52,409.24,572.73,541.27
1040,OK,226,176,674,674,439.2,434.9,626.37,400.5,543.35,532.63
1041,OK,212,172,678,678,424.85,439.33,612.04,398.36,531.42,538.3
1042,OK,206,172,675,675,419.07,448.86,599.42,403.04,522.5,548.7
1043,OK,200,178,670,670,411.16,452.77,590.12,406.87,514.07,546.73
1044,OK,196,180,669,669,405.67,451.4,583.52,398.24,509.89,539.0
1045,OK,197,187,660,660,401.64,453.79,576.33,404.23,499.6,539.84
1046,OK,195,186,656,656,396.53,449.55,568.43,404.85,487.61,541.96
1047,OK,193,188,653,653,393.01,448.21,566.67,401.03,487.25,534.37
1048,OK,190,190,650,650,388.81,451.52,563.65,401.56,486.53,535.7
1049,OK,189,191,648,648,387.84,448.92,560.04,397.1,484.29,529.79
1050,OK,193,193,645,645,393.44,449.5,563.74,397.44,485.22,528.88
1051,OK,194,186,650,650,400.83,442.34,573.19,389.34,497.35,527.15
1052,OK,194,181,654,654,408.01,438.65,586.18,385.54,514.85,521.36
1053,OK,193,173,656,656,417.26,427.89,600.82,380.15,533.01,515.81
1054,OK,197,172,658,658,430.55,414.97,618.12,378.13,546.54,499.04
1055,OK,195,164,664,664,447.59,400.28,631.23,372.64,568.4,492.19
1056,OK,193,157,671,671,440.4,393.1,625.59,371.79,553.23,490.45
1057,OK,193,151,670,670,446.28,384.4,629.96,367.55,560.14,483.01
1058,OK,197,151,667,667,442.77,380.69,626.07,365.23,548.22,473.28
1059,OK,208,153,655,655,457.75,371.63,638.41,362.83,561.5,463.18
1060,OK,210,152,657,657,459.32,369.88,644.77,358.86,569.07,460.25
1061,OK,219,152,646,646,473.38,368.64,654.73,362.27,583.3,461.9
1062,OK,225,151,644,644,484.04,365.9,665.3,362.04,596.15,461.59
1063,OK,235,152,639,639,490.67,361.12,672.91,363.24,596.76,455.94
1064,OK,239,155,639,639,489.39,363.74,673.72,363.94,598.39,456.33
1065,OK,243,154,639,639,498.72,360.59,681.4,363.19,607.31,454.8
1066,OK,248,157,639,639,506.37,362.44,692.83,368.43,618.09,455.45
1067,OK,250,156,642,642,522.46,362.06,705.59,370.87,640.4,459.7
1068,OK,253,156,639,639,518.63,359.34,701.85,371.53,631.68,457.89
1069,OK,255,156,638,638,519.71,354.14,702.78,366.1,631.99,450.45
1070,OK,255,153,641,641,520.47,356.94,698.83,369.42,626.42,459.36
1071,OK,253,150,643,643,513.97,354.29,692.77,367.51,616.66,457.79
1072,OK,255,151,641,641,509.25,356.59,690.62,366.49,611.77,456.18
1073,OK,251,152,644,644,505.95,358.6,688.64,371.6,608.45,461.3
1074,OK,256,161,635,635,519.61,358.83,697.81,382.67,619.23,457.46
1075,OK,262,159,636,636,538.49,357.32,719.6,377.63,647.61,457.84
1076,OK,265,153,640,640,550.97,346.38,728.55,371.49,659.78,451.13
1077,OK,267,143,647,647,554.15,331.46,738.14,354.33,668.61,432.57
1078,OK,277,144,643,643,549.17,335.04,736.49,347.44,665.06,422.09
1079,OK,297,149,622,622,557.19,335.69,740.68,331.13,676.66,398.32
1080,OK,320,152,608,608,580.58,339.37,754.47,327.8,699.09,401.2
1081,OK,334,152,601,601,590.39,339.27,762.36,327.83,710.78,403.11
1082,OK,339,151,596,596,583.89,333.27,758.36,323.64,703.23,394.35
1083,OK,327,150,597,597,543.04,335.54,725.78,324.84,655.47,398.21
1084,OK,310,148,601,601,517.11,348.51,700.18,334.96,626.17,423.8
1085,OK,300,160,593,593,495.99,397.2,670.49,362.04,609.7,474.15
1086,OK,283,167,606,606,482.47,420.13,666.0,372.66,606.27,499.66
1087,OK,266,173,619,619,480.8,437.2,664.61,381.25,618.52,515.95
1088,OK,254,177,627,627,457.45,447.06,645.55,383.75,588.8,522.18
1089,OK,242,179,638,638,452.05,446.66,639.74,384.33,582.8,523.44
1090,OK,236,187,641,641,448.62,447.05,632.31,394.18,566.37,522.19
1091,OK,248,195,625,625,459.01,447.5,644.17,380.74,588.61,506.03
1092,OK,251,195,614,614,467.53,440.54,646.55,372.94,607.61,498.69
1093,OK,262,193,603,603,468.56,428.05,648.57,368.46,593.47,485.78
1094,OK,269,185,616,616,488.91,424.39,674.02,370.24,611.61,496.28
1095,OK,275,187,608,608,493.58,415.63,674.22,373.53,616.9,483.04
1096,OK,273,192,603,603,479.71,421.92,658.65,377.44,599.49,483.42
1097,OK,275,199,594,594,470.26,420.77,645.24,369.93,585.46,471.57
1098,OK,274,196,603,603,487.45,403.29,669.82,373.91,600.67,472.54
1099,OK,281,183,613,613,498.74,407.45,678.85,372.88,604.99,491.53
1100,OK,291,176,614,614,516.56,387.17,701.52,359.92,629.21,463.34
1101,OK,300,171,613,613,525.09,382.97,708.64,352.8,637.77,454.11
1102,OK,308,169,609,609,529.02,376.98,712.03,352.4,637.57,447.35
1103,OK,309,166,612,612,527.6,375.76,712.35,355.54,635.65,452.15
1104,OK,305,163,615,615,523.76,374.68,709.28,356.98,632.25,454.84
1105,OK,300,164,617,617,515.89,378.14,702.55,361.34,623.32,459.06
1106,OK,298,164,614,614,511.97,381.41,695.78,363.5,616.61,464.19
1107,OK,290,163,619,619,508.92,384.24,692.3,370.34,614.53,474.66
1108,OK,285,164,623,623,502.05,391.13,685.79,372.95,608.13,480.02
1109,OK,276,164,627,627,495.39,385.22,682.7,375.26,600.81,477.87
1110,OK,265,164,629,629,482.13,381.09,670.57,375.06,584.79,475.1
1111,OK,256,166,627,627,471.95,383.72,658.19,374.48,576.1,473.77
1112,OK,246,167,628,628,458.56,388.12,645.55,377.62,561.85,480.42
1113,OK,240,167,629,629,458.98,387.67,645.44,378.15,563.1,480.44
1114,OK,237,168,628,628,458.28,388.69,644.76,377.21,565.46,479.35
1115,OK,233,168,631,631,465.67,389.43,651.31,376.7,577.93,480.08
1116,OK,235,164,632,632,477.64,380.38,662.29,374.21,589.6,477.08
1117,OK,238,161,632,632,485.41,370.78,669.65,371.63,594.55,468.08
1118,OK,245,159,625,625,495.37,363.48,674.37,372.13,598.21,463.23
1119,OK,248,158,626,626,500.02,364.54,680.05,372.07,605.97,463.52
1120,OK,249,156,625,625,498.89,360.48,676.93,366.02,606.5,457.9
1121,OK,248,153,627,627,497.77,356.15,677.46,363.51,603.72,454.0
1122,OK,249,153,626,626,499.52,354.75,678.66,368.16,602.65,454.05
1123,OK,251,155,625,625,501.59,355.3,680.26,369.19,603.88,453.92
1124,OK,253,159,620,620,501.56,358.38,678.63,371.81,604.98,453.87
1125,OK,254,156,619,619,497.15,352.95,676.64,365.88,596.83,449.61
1126,OK,252,156,619,619,491.1,351.49,671.06,364.51,589.56,446.03
1127,OK,253,155,618,618,493.13,349.57,672.88,361.61,591.91,441.03
1128,OK,258,158,613,613,497.09,352.87,676.88,364.92,594.2,444.17
1129,OK,264,157,614,614,508.74,351.17,688.72,365.9,604.73,446.31
1130,OK,271,156,613,613,521.57,351.49,699.7,367.37,618.66,449.72
1131,OK,278,155,614,614,538.48,347.96,717.88,371.96,638.2,449.65
1132,OK,280,152,625,625,547.74,344.57,731.15,370.99,650.15,449.22
1133,OK,283,148,636,636,559.48,347.5,741.33,371.5,663.15,454.14
1134,OK,290,146,641,641,567.97,347.05,748.41,369.95,668.61,454.43
1135,OK,297,146,642,642,572.17,350.64,751.55,373.46,672.44,458.83
1136,OK,298,147,645,645,568.69,354.49,749.35,375.71,670.49,463.19
1137,OK,295,150,648,648,558.63,351.31,742.18,378.88,656.92,459.68
1138,OK,297,155,637,637,553.05,346.9,736.55,374.94,650.01,446.31
1139,OK,294,158,634,634,551.82,347.06,734.84,380.51,646.89,449.92
1140,OK,293,158,631,631,550.53,348.19,732.74,381.05,644.99,453.26
1141,OK,290,158,632,632,546.32,342.93,730.61,379.82,638.64,448.35
1142,OK,291,157,629,629,547.73,344.17,728.11,381.22,636.1,453.39
1143,OK,290,159,627,627,541.63,347.02,723.24,381.77,631.02,452.19
1144,OK,290,158,623,623,540.0,345.71,719.22,379.33,627.76,453.12
1145,OK,288,159,622,622,535.0,347.6,714.04,378.19,624.46,451.59
1146,OK,288,165,617,617,533.64,352.82,715.45,383.87,625.28,450.94
1147,OK,283,164,624,624,545.51,345.15,726.53,387.18,639.01,451.88
1148,OK,279,162,625,625,542.45,347.94,719.85,388.42,634.02,458.67
1149,OK,275,160,625,625,536.45,344.86,712.01,384.08,628.73,453.77
1150,OK,272,162,622,622,522.58,346.84,703.11,380.5,616.44,448.08
1151,OK,269,163,621,621,524.26,346.23,703.15,381.03,619.58,449.91
1152,OK,267,163,623,623,523.27,349.02,704.08,380.92,620.87,452.05
1153,OK,267,161,624,624,529.33,345.23,706.88,380.87,623.11,451.91
1154,OK,270,159,623,623,537.71,347.0,711.76,385.49,628.28,458.21
1155,OK,272,159,621,621,536.45,345.15,710.17,383.77,627.85,454.62
1156,OK,272,160,621,621,532.67,344.32,711.13,383.1,624.83,450.47
1157,OK,271,160,622,622,532.01,342.37,710.56,383.05,622.09,448.77
1158,OK,273,161,621,621,533.56,340.8,712.72,382.72,623.3,446.93
1159,OK,276,161,616,616,541.48,341.57,716.37,386.78,632.23,451.32
1160,OK,279,161,613,613,547.03,342.11,719.21,388.45,636.05,453.12
1161,OK,284,164,607,607,549.44,344.95,720.93,389.23,639.14,452.62
1162,OK,287,165,605,605,551.77,344.31,724.34,389.07,642.93,450.84
1163,OK,288,165,604,604,551.92,343.39,724.72,388.03,643.83,449.06
1164,OK,288,163,605,605,551.99,343.32,724.95,385.52,644.89,450.37
1165,OK,290,164,602,602,550.7,341.39,722.91,383.55,642.8,445.27
1166,OK,289,163,603,603,550.95,339.92,723.33,383.68,642.37,446.05
1167,OK,290,163,603,603,552.43,340.32,725.57,385.07,643.29,445.2
1168,OK,291,163,605,605,555.92,339.23,731.07,385.54,647.56,443.71
1169,OK,294,163,605,605,556.1,340.45,731.01,384.87,645.75,445.67
1170,OK,297,166,601,601,557.87,341.08,731.43,386.22,648.15,441.75
1171,OK,299,166,602,602,558.32,341.18,734.44,384.52,650.13,443.49
1172,OK,303,165,602,602,562.24,335.27,739.56,378.76,653.68,431.29
1173,OK,309,165,599,599,568.22,337.69,742.2,377.72,657.5,434.51
1174,OK,316,168,598,598,577.48,338.03,753.07,378.41,670.13,429.44
1175,OK,318,169,602,602,585.07,336.49,761.45,382.18,678.93,430.29
1176,OK,322,169,605,605,592.85,340.1,767.05,383.89,686.9,437.38
1177,OK,329,171,603,603,594.91,341.97,767.41,385.13,685.56,438.23
1178,OK,334,172,600,600,596.43,344.46,767.33,385.43,686.65,440.48
1179,OK,331,169,609,609,594.94,340.82,768.67,386.1,684.25,442.5
1180,OK,328,167,616,616,598.02,335.1,771.68,383.93,687.45,434.42
1181,OK,325,163,626,626,599.09,335.89,774.33,385.4,687.82,441.27
1182,OK,328,165,625,625,598.33,340.69,774.67,389.18,686.96,443.02
1183,OK,337,168,613,613,605.0,338.88,776.82,384.54,694.13,435.73
1184,OK,347,173,599,599,605.37,336.4,777.14,381.16,693.98,426.27
1185,OK,349,170,602,602,609.14,332.01,785.64,376.34,700.77,422.5
1186,OK,348,163,618,618,613.38,343.72,793.73,382.15,706.77,448.73
1187,OK,349,159,624,624,608.6,348.49,788.45,388.7,694.8,462.01
1188,OK,340,157,634,634,598.57,350.62,777.03,392.63,684.15,467.48
1189,OK,329,157,638,638,582.9,342.27,765.05,390.03,665.55,450.91
1190,OK,318,164,631,631,560.16,338.7,746.0,387.25,645.14,434.95
1191,OK,304,163,634,634,549.59,336.66,737.03,384.86,636.56,441.09
1192,OK,291,160,633,633,532.22,344.96,717.22,384.17,620.07,455.66
1193,OK,284,160,627,627,519.7,345.28,703.41,376.6,607.81,447.98
1194,OK,275,155,627,627,511.24,336.43,695.7,364.46,602.17,436.82
1195,OK,273,155,621,621,505.5,327.93,695.85,359.47,594.03,415.47
1196,OK,273,155,618,618,504.74,327.82,693.76,360.38,591.15,416.85
1197,OK,274,157,614,614,500.23,333.29,690.11,359.38,587.35,416.32
1198,OK,272,158,615,615,496.54,336.59,687.55,360.33,584.79,421.58
1199,OK,273,155,619,619,495.42,341.41,689.45,352.85,587.94,423.23
1200,OK,278,151,623,623,504.88,340.15,700.35,349.15,599.35,422.7
1201,OK,288,147,628,628,517.92,339.45,713.78,345.24,609.39,421.2
1202,OK,300,147,623,623,522.59,339.94,712.65,335.44,615.93,409.74
1203,OK,305,149,622,622,515.97,352.73,709.26,336.6,615.8,419.22
1204,OK,306,153,620,620,510.69,358.01,699.96,338.16,609.7,419.35
1205,OK,304,159,617,617,504.39,381.94,689.17,348.1,611.08,450.21
1206,OK,299,159,629,629,504.39,396.11,693.55,361.64,611.53,478.01
1207,OK,292,161,633,633,494.57,399.03,680.63,365.9,599.7,484.64
1208,OK,286,162,635,635,485.92,399.57,673.56,366.21,589.51,485.77
1209,OK,276,160,640,640,479.48,401.28,667.26,367.09,586.09,490.72
1210,OK,263,157,650,650,475.7,407.61,664.4,373.23,586.12,503.3
1211,OK,256,164,646,646,456.0,423.58,641.6,375.99,568.93,506.98
1212,OK,247,165,654,654,460.74,430.56,646.54,381.36,578.75,521.12
1213,OK,244,172,648,648,450.9,440.81,634.54,384.0,568.55,521.64
1214,OK,245,177,644,644,450.13,441.16,632.56,385.62,562.38,521.25
1215,OK,247,178,646,646,451.51,435.52,635.65,384.03,558.73,517.35
1216,OK,247,177,650,650,453.21,434.82,636.03,380.62,561.45,517.0
1217,OK,255,181,635,635,451.36,425.06,636.18,372.04,557.52,493.77
1218,OK,260,183,625,625,449.14,424.98,631.89,371.25,552.81,492.49
1219,OK,266,187,615,615,452.99,426.45,635.61,371.7,557.98,489.26
1220,OK,265,185,618,618,451.77,426.28,633.73,375.41,555.03,499.48
1221,OK,264,185,617,617,445.41,429.18,624.67,376.89,542.92,500.46
1222,OK,263,182,619,619,446.96,430.95,622.16,380.92,540.56,509.15
1223,OK,258,184,623,623,443.54,435.55,624.24,379.66,547.32,506.01
1224,OK,255,185,623,623,442.43,434.82,622.7,380.7,545.51,506.77
1225,OK,258,191,621,621,448.45,436.08,631.89,379.99,554.26,499.13
1226,OK,262,193,616,616,450.64,431.6,633.44,374.73,557.89,493.24
1227,OK,261,188,621,621,453.81,423.56,639.17,375.3,559.2,496.59
1228,OK,261,184,626,626,461.12,418.95,644.27,379.17,562.45,498.75
1229,OK,257,182,635,635,460.57,420.02,646.6,379.44,566.92,500.73
1230,OK,250,176,648,648,465.66,408.74,654.58,376.4,574.11,494.44
1231,OK,243,160,663,663,473.64,394.54,662.12,366.3,583.7,493.72
1232,OK,236,149,675,675,484.2,388.27,672.2,363.24,601.03,489.63
1233,OK,240,146,671,671,485.87,381.84,675.87,361.26,599.53,479.61
1234,OK,245,148,662,662,486.66,376.07,678.24,357.34,601.52,465.98
1235,OK,249,147,661,661,492.97,374.15,683.08,355.08,606.76,466.24
1236,OK,252,145,656,656,497.45,375.35,683.39,350.92,614.83,465.27
1237,OK,256,147,652,652,495.57,373.81,683.56,350.59,611.81,459.2
1238,OK,265,151,641,641,499.32,375.76,683.46,348.51,612.16,454.24
1239,OK,275,153,634,634,506.66,374.64,690.18,341.05,621.86,444.83
1240,OK,285,153,626,626,511.24,373.28,697.24,330.26,635.25,432.26
1241,OK,297,155,612,612,515.71,367.22,701.49,320.04,642.86,415.43
1242,OK,308,156,604,604,518.87,364.99,705.29,317.11,643.59,409.91
1243,OK,312,158,596,596,518.18,362.48,701.89,315.82,642.85,404.68
1244,OK,315,163,585,585,512.74,361.66,694.25,318.27,633.09,397.84
1245,OK,316,168,579,579,502.34,368.52,683.68,318.12,622.64,398.64
1246,OK,310,168,582,582,489.95,375.56,672.54,323.01,604.15,417.07
1247,OK,303,165,591,591,487.91,378.83,670.16,328.39,598.83,430.49
1248,OK,298,166,595,595,488.32,382.26,671.13,337.28,598.89,438.66
1249,OK,292,167,601,601,483.97,385.91,668.14,341.66,594.92,445.52
1250,OK,290,171,602,602,486.42,386.55,669.69,345.63,595.16,445.59
1251,OK,287,169,609,609,484.3,385.45,670.89,345.87,592.5,449.48
1252,OK,286,167,613,613,485.47,390.06,670.99,346.84,595.51,456.17
1253,OK,292,169,611,611,492.67,390.17,677.11,342.63,604.47,446.79
1254,OK,305,167,607,607,524.1,384.74,708.21,334.77,648.13,440.13
1255,OK,318,169,607,607,537.12,384.47,723.64,337.25,660.69,434.33
1256,OK,327,170,611,611,547.39,388.69,733.16,339.5,672.13,441.41
1257,OK,335,172,615,615,551.79,386.84,740.26,338.63,676.22,436.7
1258,OK,344,174,611,611,553.82,392.61,739.47,342.35,675.7,445.87
1259,OK,345,171,616,616,547.43,395.54,736.93,345.96,666.79,456.03
1260,OK,342,168,625,625,542.42,387.41,731.26,346.53,649.6,450.8
1261,OK,342,168,620,620,535.73,382.5,721.26,344.59,637.52,443.62
1262,OK,337,166,615,615,522.98,371.06,709.05,344.33,616.47,435.83
1263,OK,326,162,618,618,507.84,360.78,695.27,339.06,595.2,423.35
1264,OK,318,163,608,608,492.72,354.04,682.8,346.35,574.1,416.63
1265,OK,303,161,616,616,488.37,355.54,683.33,348.92,576.54,425.96
1266,OK,288,159,622,622,478.99,360.63,671.65,356.95,564.83,444.39
1267,OK,274,156,625,625,476.6,360.41,663.88,358.06,566.32,449.64
1268,OK,267,155,628,628,473.85,356.0,664.97,353.47,564.51,441.99
1269,OK,259,153,635,635,478.54,359.89,667.53,367.08,567.84,460.6
1270,OK,255,148,644,644,480.67,357.47,670.11,368.07,567.08,465.6
1271,OK,254,147,649,649,483.55,359.83,673.4,368.47,570.91,466.16
1272,OK,251,144,657,657,488.11,358.32,675.81,372.34,572.16,472.76
1273,OK,253,142,658,658,494.97,355.77,683.6,368.04,584.19,464.34
1274,OK,262,144,651,651,506.03,351.59,693.22,364.15,594.87,454.89
1275,OK,271,146,645,645,520.68,350.21,709.56,363.4,617.25,449.92
1276,OK,278,149,636,636,525.03,352.34,711.85,364.86,623.37,449.57
1277,OK,283,152,629,629,532.84,354.01,717.38,365.12,636.43,448.42
1278,OK,287,152,627,627,532.94,352.98,718.74,362.24,636.22,447.76
1279,OK,289,154,627,627,536.92,349.99,723.27,362.09,640.34,441.41
1280,OK,293,155,627,627,540.67,349.32,727.55,358.16,646.04,434.91
1281,OK,298,159,627,627,539.8,353.59,728.7,354.65,647.6,429.03
1282,OK,300,155,632,632,543.51,350.63,732.98,347.53,653.5,431.3
1283,OK,300,150,643,643,543.08,344.57,737.4,346.8,649.46,427.65
1284,OK,301,150,644,644,543.68,342.71,735.28,347.85,647.28,423.83
1285,OK,302,149,641,641,542.01,349.72,730.82,348.68,646.17,434.36
1286,OK,300,150,639,639,536.58,349.97,726.64,352.42,641.15,435.54
1287,OK,299,150,633,633,528.97,347.83,716.75,345.58,630.96,428.1
1288,OK,300,149,624,624,521.2,345.56,710.89,339.69,623.82,421.35
1289,OK,299,147,618,618,516.8,332.76,705.07,331.53,615.38,403.59
1290,OK,302,145,618,618,537.81,321.99,728.99,332.41,640.1,394.05
1291,OK,306,149,614,614,552.53,331.16,740.06,348.0,657.86,410.2
1292,OK,304,149,618,618,551.98,330.95,741.68,349.0,658.38,412.51
1293,OK,306,152,618,618,555.68,330.61,743.28,359.34,653.5,419.16
1294,OK,306,153,617,617,562.42,328.13,747.08,359.92,663.74,415.94
1295,OK,299,151,622,622,554.59,329.26,736.14,360.21,655.42,426.4
1296,OK,292,151,626,626,548.31,331.04,733.79,363.81,649.48,427.51
1297,OK,284,149,634,634,545.22,338.23,729.79,368.81,646.38,443.34
1298,OK,284,150,635,635,546.42,339.97,730.19,368.22,646.69,440.54
1299,OK,286,151,634,634,546.59,340.8,732.72,366.61,648.02,439.61
1300,OK,289,154,632,632,544.24,344.33,732.61,368.49,646.17,438.42
1301,OK,295,158,628,628,554.71,341.92,740.18,371.0,653.25,434.05
1302,OK,316,169,605,605,584.92,343.2,761.91,370.93,691.31,418.15
1303,OK,329,170,596,596,598.66,340.86,770.84,364.17,707.98,419.62
1304,OK,337,173,591,591,598.27,338.28,772.59,365.93,705.61,412.73
1305,OK,342,174,585,585,594.25,337.14,768.31,364.16,698.8,411.09
1306,OK,343,173,582,582,584.05,339.97,760.52,356.32,693.46,407.95
1307,OK,343,177,580,580,578.74,345.09,757.1,359.96,687.61,409.46
1308,OK,339,176,583,583,579.28,343.46,756.75,358.03,689.74,411.1
1309,OK,328,169,599,599,571.24,332.79,752.69,356.47,676.33,410.12
1310,OK,323,170,597,597,570.25,337.82,748.61,364.0,676.32,412.4
1311,OK,312,165,609,609,571.42,337.68,752.08,365.53,683.79,423.45
1312,OK,307,164,613,613,571.53,346.56,749.59,367.75,685.35,435.13
1313,OK,303,163,617,617,569.95,349.54,748.52,369.66,684.69,439.98
1314,OK,298,157,625,625,565.56,348.12,745.37,367.42,676.12,445.31
1315,OK,297,155,626,626,557.88,344.33,741.06,361.52,668.23,435.39
1316,OK,289,150,635,635,552.35,342.98,737.07,360.95,663.17,440.97
1317,OK,284,153,630,630,545.98,344.34,726.35,367.21,654.72,439.71
1318,OK,280,158,625,625,519.72,349.62,706.37,364.2,624.97,435.99
1319,OK,268,154,637,637,506.42,351.86,695.29,365.34,606.49,451.77
1320,OK,264,155,634,634,503.37,358.19,686.25,364.04,607.86,451.94
1321,OK,258,157,636,636,499.08,363.73,684.83,363.87,609.15,455.34
1322,OK,256,159,640,640,494.66,368.71,686.24,365.16,605.04,459.58
1323,OK,256,159,642,642,494.96,368.87,687.27,359.99,608.4,456.06
1324,OK,260,158,637,637,507.48,362.32,692.88,361.13,616.54,453.57
1325,OK,266,159,635,635,512.13,364.43,700.31,362.96,620.75,452.48
1326,OK,269,158,633,633,515.43,365.37,699.54,363.32,623.78,457.31
1327,OK,270,157,635,635,518.12,365.4,702.68,361.99,628.25,456.87
1328,OK,265,152,652,652,519.54,373.92,706.44,365.96,631.7,472.96
1329,OK,266,152,655,655,511.63,382.66,698.75,363.46,625.81,475.05
1330,OK,264,152,662,662,510.1,387.37,694.54,365.79,622.12,482.04
1331,OK,267,152,664,664,510.43,385.43,698.62,364.37,620.87,477.96
1332,OK,275,153,653,653,516.3,372.36,705.05,354.78,628.9,456.12
1333,OK,285,161,635,635,507.16,368.1,699.14,346.14,617.4,430.07
1334,OK,290,161,624,624,496.7,362.32,685.78,335.37,600.08,422.26
1335,OK,292,161,614,614,489.65,359.25,678.46,328.04,592.89,409.75
1336,OK,288,161,607,607,476.94,355.03,663.08,326.66,576.32,404.22
1337,OK,286,166,593,593,474.21,353.83,656.74,328.75,574.51,397.15
1338,OK,285,173,583,583,463.84,357.39,647.78,328.72,564.72,391.36
1339,OK,283,175,578,578,462.23,358.44,645.27,329.43,562.25,394.71
1340,OK,283,177,577,577,461.2,362.72,646.14,329.34,561.89,396.48
1341,OK,279,176,585,585,463.46,366.46,650.18,330.22,570.36,405.4
1342,OK,275,171,596,596,465.07,374.68,650.4,337.89,569.82,433.48
1343,OK,276,172,599,599,464.9,375.86,651.32,341.59,565.4,430.31
1344,OK,278,174,596,596,466.8,377.77,649.8,341.79,567.9,429.58
1345,OK,278,169,608,608,490.23,369.9,676.41,356.19,588.3,448.65
1346,OK,279,165,617,617,501.14,366.9,688.01,355.93,601.06,449.71
1347,OK,276,160,632,632,512.0,365.87,699.69,359.07,615.87,454.24
1348,OK,273,160,635,635,510.54,367.67,695.64,360.79,618.92,455.5
1349,OK,270,159,634,634,507.26,363.65,694.0,363.19,613.51,454.64
1350,OK,266,158,636,636,500.48,366.11,688.05,363.62,605.58,458.59
1351,OK,263,159,636,636,497.27,367.78,685.41,365.92,602.76,460.32
1352,OK,261,158,636,636,495.15,367.06,681.14,363.23,601.53,459.69
1353,OK,262,160,631,631,494.7,366.35,680.36,361.53,601.0,455.24
1354,OK,260,157,635,635,493.38,362.84,681.6,357.27,601.37,451.26
1355,OK,262,157,634,634,500.69,357.74,688.97,357.98,606.41,447.06
1356,OK,261,155,640,640,500.4,358.83,689.88,359.38,603.56,450.97
1357,OK,257,151,649,649,502.52,365.53,687.7,364.96,605.34,467.33
1358,OK,247,142,668,668,506.27,369.82,691.72,369.12,614.54,482.9
1359,OK,249,144,664,664,507.39,364.44,694.55,366.86,613.95,467.69
1360,OK,251,145,663,663,508.59,363.6,696.01,367.66,613.76,468.38
1361,OK,252,146,666,666,515.73,368.41,701.79,370.12,623.76,473.02
1362,OK,257,145,664,664,523.82,361.78,710.0,366.79,630.96,466.63
1363,OK,261,144,665,665,532.01,362.02,719.99,366.9,643.08,466.4
1364,OK,263,139,668,668,539.4,354.3,726.96,362.95,650.6,461.16
1365,OK,275,143,659,659,542.04,353.44,733.55,358.12,655.57,445.0
1366,OK,287,148,643,643,543.04,350.23,730.5,350.21,657.08,431.23
1367,OK,299,160,618,618,537.85,353.82,722.12,349.03,653.3,411.79
1368,OK,299,165,608,608,522.29,355.76,708.02,346.61,635.37,415.6
1369,OK,295,165,606,606,511.41,357.29,698.04,341.6,624.11,420.48
1370,OK,292,163,607,607,510.34,355.08,695.92,339.42,622.46,421.09
1371,OK,288,160,610,610,504.08,351.26,691.14,340.09,611.03,421.91
1372,OK,284,157,611,611,495.86,359.2,681.35,339.8,603.12,430.08
1373,OK,280,156,615,615,493.32,361.13,680.73,346.03,597.56,438.71
1374,OK,276,158,617,617,489.44,364.73,678.26,346.98,598.16,438.89
1375,OK,272,159,619,619,487.91,364.39,677.16,353.23,592.89,444.76
1376,OK,272,160,618,618,488.13,366.23,676.37,353.15,593.44,444.66
1377,OK,271,162,618,618,487.9,369.18,675.69,354.98,594.72,448.39
1378,OK,267,163,618,618,478.48,373.29,666.1,355.23,585.47,451.73
1379,OK,263,160,624,624,474.66,371.9,665.58,354.44,580.59,455.49
1380,OK,261,158,628,628,476.08,371.94,665.62,356.47,580.66,457.7
1381,OK,260,157,627,627,482.85,368.96,669.3,358.81,587.21,458.74
1382,OK,262,160,626,626,497.76,367.24,683.36,363.07,604.54,455.84
1383,OK,269,160,622,622,511.14,366.78,692.45,362.47,617.5,456.77
1384,OK,272,160,621,621,522.6,363.86,704.87,368.61,633.73,456.37
1385,OK,276,160,620,620,527.76,361.69,710.62,367.57,638.84,453.82
1386,OK,276,161,623,623,528.89,364.45,711.69,374.45,637.36,461.17
1387,OK,273,159,628,628,527.16,367.11,708.5,376.63,634.96,468.11
1388,OK,277,160,625,625,528.27,365.51,710.8,378.76,630.84,466.44
1389,OK,274,159,628,628,523.8,361.25,709.41,377.11,629.95,461.59
1390,OK,267,156,632,632,524.06,360.61,703.49,374.53,632.62,465.23
1391,OK,261,152,639,639,529.54,364.9,708.9,379.47,639.08,476.1
1392,OK,256,152,647,647,532.26,371.05,710.87,392.05,638.13,489.67
1393,OK,248,149,656,656,529.21,372.92,706.67,394.19,636.03,498.34
1394,OK,244,148,660,660,524.35,370.94,702.21,396.78,623.69,497.31
1395,OK,245,151,659,659,525.04,374.68,703.72,399.67,624.96,497.58
1396,OK,247,148,661,661,532.23,370.79,709.66,392.68,635.39,495.69
1397,OK,250,149,662,662,534.89,372.64,715.93,390.42,642.51,491.17
1398,OK,249,145,670,670,543.81,372.13,722.78,393.05,650.66,498.02
1399,OK,252,143,675,675,552.0,378.79,730.98,397.7,660.2,507.25
1400,OK,257,142,681,681,554.89,374.73,737.33,393.98,660.63,500.19
1401,OK,256,137,687,687,553.32,376.15,733.8,388.73,663.57,502.76
1402,OK,265,133,684,684,567.79,367.58,747.39,372.91,685.19,482.98
1403,OK,277,133,672,672,584.51,367.97,760.72,368.64,708.83,476.09
1404,OK,283,129,674,674,586.05,358.19,765.95,364.87,704.9,469.11
1405,OK,296,132,662,662,590.31,351.8,764.62,361.21,700.28,457.25
1406,OK,307,133,652,652,603.81,347.95,774.7,364.67,712.43,457.41
1407,OK,313,135,649,649,612.62,351.93,784.07,364.56,729.67,456.65
1408,OK,313,136,644,644,610.71,348.83,779.69,360.68,729.98,451.67
1409,OK,309,137,644,644,595.11,343.74,769.76,355.79,713.66,441.6
1410,OK,300,134,642,642,557.96,333.03,745.27,339.99,676.57,422.04
1411,OK,293,136,631,631,529.0,344.25,710.99,337.61,641.43,429.7
1412,OK,285,134,629,629,516.73,345.59,698.08,333.56,626.81,432.88
1413,OK,281,139,623,623,505.51,355.72,689.09,341.41,615.45,438.63
1414,OK,271,137,629,629,493.4,368.04,672.52,344.07,605.31,461.13
1415,OK,264,136,631,631,489.21,362.58,670.68,343.03,600.6,453.94
1416,OK,262,140,627,627,488.69,363.83,670.71,344.07,601.03,449.67
1417,OK,262,143,626,626,491.65,365.92,673.06,341.59,609.03,447.09
1418,OK,262,145,625,625,491.89,365.25,673.94,343.95,607.81,447.65
1419,OK,260,146,625,625,490.25,367.99,670.54,350.21,604.07,455.8
1420,OK,254,144,630,630,483.48,369.05,665.27,350.16,597.05,459.89
1421,OK,252,144,630,630,481.7,369.27,664.42,352.35,593.91,461.34
1422,OK,250,142,632,632,483.1,369.36,665.94,351.23,596.77,461.91
1423,OK,252,145,628,628,489.38,370.84,669.34,350.25,606.71,457.66
1424,OK,253,145,629,629,490.09,371.52,670.94,348.5,608.02,459.59
1425,OK,255,147,627,627,491.23,371.38,671.01,347.29,610.58,455.43
1426,OK,257,150,626,626,492.67,372.3,673.19,350.09,610.67,456.17
1427,OK,260,151,624,624,498.65,371.58,677.07,348.01,617.32,454.38
1428,OK,259,150,626,626,499.67,367.79,680.85,346.2,622.79,450.76
1429,OK,262,153,621,621,498.19,372.05,680.15,345.15,623.3,447.89
1430,OK,264,154,621,621,501.66,372.97,683.5,347.11,626.91,451.4
1431,OK,264,155,621,621,503.37,374.26,684.65,351.99,625.79,456.01
1432,OK,263,156,622,622,500.35,376.56,682.14,349.5,626.53,455.38
1433,OK,262,156,623,623,494.25,372.31,680.52,345.36,620.25,447.68
1434,OK,258,154,625,625,492.55,373.63,676.23,342.42,622.68,448.04
1435,OK,257,156,625,625,490.01,376.61,673.65,344.02,618.32,449.31
1436,OK,256,159,626,626,489.61,378.63,674.57,346.15,618.97,449.97
1437,OK,263,167,622,622,488.74,378.57,680.25,347.24,613.45,436.63
1438,OK,261,166,625,625,490.68,378.99,679.72,346.6,619.22,448.48
1439,OK,260,162,629,629,491.59,375.46,680.71,340.19,622.54,445.12
1440,OK,260,160,631,631,492.19,376.44,682.18,341.83,622.81,446.48
1441,OK,264,160,628,628,496.44,372.68,684.34,343.57,622.35,443.14
1442,OK,269,163,620,620,494.68,371.45,682.11,337.05,622.69,429.05
1443,OK,268,163,618,618,490.86,373.77,680.11,337.46,620.95,433.53
1444,OK,267,160,616,616,490.29,371.83,676.05,333.78,618.82,434.76
1445,OK,263,156,617,617,487.56,371.17,672.02,334.38,616.23,438.54
1446,OK,262,155,616,616,486.25,371.35,670.69,334.94,613.71,437.2
1447,OK,266,161,607,607,482.64,376.82,665.35,338.68,604.4,435.05
1448,OK,269,163,602,602,481.81,374.75,666.45,336.44,604.42,431.86
1449,OK,272,165,597,597,484.6,374.24,668.72,337.38,608.17,429.81
1450,OK,274,166,597,597,488.36,371.13,674.56,337.17,610.59,426.64
1451,OK,277,167,597,597,489.32,370.09,675.03,336.96,608.75,426.61
1452,OK,277,166,601,601,488.47,369.17,676.06,334.13,608.27,425.82
1453,OK,276,163,607,607,489.89,367.09,674.93,339.17,604.39,434.6
1454,OK,275,159,609,609,487.23,363.49,675.76,335.41,601.93,427.37
1455,OK,271,154,615,615,486.6,358.67,676.18,337.51,599.94,432.08
1456,OK,267,156,614,614,485.06,359.57,672.38,340.78,599.59,428.25
1457,OK,264,155,616,616,478.88,358.6,665.52,340.24,588.72,429.8
1458,OK,261,155,620,620,483.16,358.54,669.51,353.62,587.17,442.49
1459,OK,260,153,622,622,491.05,352.22,674.68,355.24,591.38,441.46
1460,OK,264,157,616,616,498.6,353.09,680.39,360.59,596.37,439.4
1461,OK,262,159,624,624,500.86,353.91,687.05,364.28,599.26,444.25
1462,OK,270,168,611,611,512.25,351.44,690.21,372.82,605.03,434.3
1463,OK,278,166,604,604,520.73,346.13,694.62,365.43,610.71,436.01
1464,OK,285,161,600,600,533.69,334.05,709.6,364.77,624.28,430.04
1465,OK,294,160,594,594,544.35,332.79,718.14,363.76,636.95,426.06
1466,OK,302,158,593,593,550.26,326.05,729.64,351.68,647.58,409.89
1467,OK,313,155,591,591,556.55,321.27,734.43,344.77,649.11,401.87
1468,OK,317,154,600,600,562.28,327.17,745.54,349.42,659.01,409.19
1469,OK,320,155,597,597,558.71,328.12,739.43,350.82,654.68,409.57
1470,OK,320,153,594,594,553.91,321.98,731.89,351.17,640.88,409.12
1471,OK,315,153,593,593,546.16,323.36,722.49,351.45,635.54,411.46
1472,OK,311,148,592,592,548.7,316.81,721.93,349.76,636.53,413.15
1473,OK,306,142,596,596,542.84,313.04,717.97,347.99,627.98,415.1
1474,OK,301,140,599,599,527.61,312.18,706.83,337.99,612.59,401.73
1475,OK,296,136,603,603,522.14,306.82,700.52,332.75,604.32,394.86
1476,OK,292,134,607,607,513.85,311.55,694.27,332.11,595.09,399.33
1477,OK,289,128,613,613,519.26,311.25,695.54,333.63,599.33,411.86
1478,OK,295,136,602,602,513.6,317.51,693.85,336.93,593.88,396.56
1479,OK,295,145,592,592,501.19,315.6,682.15,336.41,576.63,382.96
1480,OK,291,147,590,590,496.04,308.05,678.18,331.99,569.95,375.99
1481,OK,291,154,580,580,495.97,314.92,674.31,334.54,575.34,377.94
1482,OK,294,160,576,576,498.42,323.32,680.73,335.0,585.07,379.02
1483,OK,296,164,572,572,498.38,320.35,680.25,333.8,581.36,373.46
1484,OK,301,160,570,570,508.43,314.81,688.76,328.36,593.45,376.81
1485,OK,301,152,578,578,517.84,311.35,698.9,324.47,608.61,379.48
1486,OK,301,154,577,577,522.31,325.51,700.1,342.99,615.2,399.33
1487,OK,298,159,579,579,529.91,328.16,707.8,360.4,623.92,410.58
1488,OK,295,159,584,584,539.3,324.36,717.65,354.42,641.59,405.98
1489,OK,298,156,582,582,558.57,314.5,736.71,333.8,681.98,377.24
1490,OK,299,155,581,581,558.18,317.83,734.43,330.99,685.35,377.57
1491,OK,296,154,584,584,546.56,329.74,724.92,329.62,677.97,391.81
1492,OK,291,156,593,593,532.42,333.63,716.81,340.7,653.29,399.96
1493,OK,292,163,589,589,518.75,346.37,702.95,347.81,629.83,408.38
1494,OK,281,161,605,605,503.78,345.46,690.56,355.15,606.35,427.79
1495,OK,260,160,616,616,477.45,354.26,664.35,358.08,584.87,437.61
1496,OK,245,161,618,618,456.98,360.6,643.47,359.31,560.47,443.62
1497,OK,224,161,630,630,438.64,362.53,625.63,360.25,540.52,446.33
1498,OK,212,161,636,636,434.6,359.79,621.2,360.94,533.38,443.44
1499,OK,205,161,640,640,432.86,369.53,619.08,366.04,533.01,458.3
1500,OK,203,160,640,640,437.01,363.59,622.62,363.38,536.91,452.33
1501,OK,207,157,636,636,444.66,362.29,626.16,354.69,547.96,448.06
1502,OK,215,159,628,628,456.06,362.91,638.23,354.58,565.08,443.66
1503,OK,230,163,618,618,475.77,365.18,655.97,359.36,584.76,445.52
1504,OK,237,163,618,618,482.87,364.27,663.19,366.17,589.63,454.31
1505,OK,247,166,613,613,492.49,363.2,671.8,368.47,596.54,450.89
1506,OK,253,165,614,614,493.67,357.13,677.61,362.45,594.45,442.73
1507,OK,261,158,619,619,505.62,346.28,689.01,354.17,604.95,435.19
1508,OK,273,161,611,611,512.85,347.42,696.62,349.9,617.71,420.16
1509,OK,285,160,607,607,520.57,344.19,707.54,343.02,627.73,413.9
1510,OK,293,163,603,603,530.2,347.2,714.51,353.31,635.73,419.79
1511,OK,294,163,609,609,530.23,354.26,716.12,355.26,638.02,431.46
1512,OK,292,161,618,618,521.96,354.57,713.19,353.3,629.29,432.44
1513,OK,290,161,618,618,512.97,358.03,699.23,353.9,614.38,438.31
1514,OK,286,164,617,617,512.38,359.22,699.8,356.77,620.02,436.14
1515,OK,277,160,625,625,523.41,355.14,707.76,368.21,630.41,450.96
1516,OK,272,159,632,632,520.39,353.89,708.44,365.4,628.25,447.1
1517,OK,268,156,640,640,525.75,355.51,711.48,370.32,632.29,456.53
1518,OK,270,156,642,642,530.69,354.06,720.66,371.66,637.71,452.2
1519,OK,271,153,642,642,532.59,354.14,719.05,365.45,644.18,453.11
1520,OK,267,149,649,649,525.59,354.36,712.59,365.9,632.79,457.38
1521,OK,272,151,644,644,533.47,351.74,719.02,367.35,639.05,450.37
1522,OK,278,152,638,638,537.35,352.35,723.99,368.05,643.73,450.17
1523,OK,281,152,637,637,540.16,353.57,726.38,367.73,647.79,451.69
1524,OK,283,150,641,641,546.04,354.09,732.99,364.85,656.62,451.76
1525,OK,286,150,642,642,545.48,355.44,734.02,359.3,659.67,447.01
1526,OK,288,150,639,639,542.31,353.57,730.48,356.4,656.34,442.93
1527,OK,290,151,632,632,540.56,353.82,727.5,354.59,656.92,439.41
1528,OK,291,155,627,627,530.21,356.91,718.46,353.66,643.68,435.09
1529,OK,288,157,629,629,530.56,357.41,719.45,363.88,639.92,445.16
1530,OK,285,158,631,631,526.65,353.33,715.7,364.11,631.19,443.36
1531,OK,277,158,635,635,517.61,356.42,706.88,364.0,626.17,446.75
1532,OK,272,157,633,633,509.41,355.21,697.18,362.07,614.7,447.02
1533,OK,269,159,627,627,503.5,355.28,691.33,355.88,613.68,438.72
1534,OK,268,158,621,621,494.57,350.22,682.51,348.9,599.11,426.96
1535,OK,268,157,613,613,481.36,346.0,669.39,337.34,584.86,412.56
1536,OK,272,159,605,605,473.74,349.63,658.91,333.51,570.91,408.52
1537,OK,272,158,607,607,473.07,350.98,660.29,332.9,571.07,412.92
1538,OK,274,164,600,600,472.56,357.36,658.93,338.56,572.59,411.68
1539,OK,272,167,597,597,473.42,357.03,659.15,341.73,574.21,415.36
1540,OK,266,164,606,606,464.89,356.93,655.38,331.06,572.7,409.76
1541,OK,263,165,603,603,465.17,362.18,650.13,341.86,571.27,424.56
1542,OK,258,165,605,605,460.41,368.22,646.02,344.32,567.27,434.07
1543,OK,256,163,610,610,460.94,366.39,648.15,343.81,565.0,434.72
1544,OK,257,162,610,610,461.73,363.94,649.09,337.83,567.18,426.0
1545,OK,260,157,616,616,471.28,365.03,660.57,339.89,577.32,439.01
1546,OK,266,153,620,620,489.26,365.85,671.64,346.35,591.66,450.07
1547,OK,271,151,621,621,489.83,365.35,674.8,339.82,594.94,441.88
1548,OK,274,148,621,621,495.67,363.64,677.83,344.43,598.55,448.05
1549,OK,275,146,621,621,491.54,362.27,678.95,335.46,601.38,438.03
1550,OK,277,142,621,621,496.21,353.19,681.09,334.31,599.31,432.84
1551,OK,273,143,624,624,496.04,357.8,682.37,352.17,596.4,449.15
1552,OK,267,149,629,629,498.73,367.94,681.68,366.34,600.35,464.29
1553,OK,266,156,628,628,497.93,363.84,685.32,367.02,600.71,455.88
1554,OK,262,157,629,629,493.62,362.04,679.05,359.52,598.59,452.09
1555,OK,257,154,637,637,488.36,358.7,677.45,356.06,591.55,451.13
1556,OK,252,151,638,638,484.27,360.23,671.28,357.48,588.3,454.53
1557,OK,248,147,643,643,483.02,357.94,670.77,353.81,587.84,451.44
1558,OK,247,145,647,647,487.13,356.36,676.69,352.7,594.46,448.81
1559,OK,251,148,642,642,503.12,353.11,688.84,351.22,615.97,439.25
1560,OK,255,149,640,640,508.17,353.32,694.64,352.99,622.24,441.52
1561,OK,258,156,635,635,499.93,361.2,688.46,360.57,609.58,445.59
1562,OK,260,160,629,629,495.0,362.64,682.95,357.12,606.37,443.89
1563,OK,263,162,628,628,498.35,357.4,689.06,358.87,604.12,442.04
1564,OK,264,162,627,627,499.54,359.24,689.74,360.69,607.14,445.76
1565,OK,269,161,627,627,507.03,358.91,697.07,359.3,611.74,443.66
1566,OK,271,159,627,627,508.18,359.08,695.97,357.89,614.42,444.87
1567,OK,270,160,634,634,506.89,365.66,698.81,364.12,613.67,453.11
1568,OK,270,161,638,638,506.61,370.13,696.99,367.44,611.17,460.34
1569,OK,268,158,643,643,505.29,366.66,696.75,365.28,609.28,460.9
1570,OK,267,158,643,643,505.13,370.83,692.05,367.83,609.14,465.63
1571,OK,266,159,642,642,501.32,373.32,690.48,372.2,602.85,468.35
1572,OK,263,158,644,644,498.1,371.87,686.19,370.61,598.46,469.66
1573,OK,257,156,650,650,492.67,376.63,682.4,371.02,598.12,475.11
1574,OK,249,155,660,660,491.14,379.07,680.37,378.46,593.36,483.02
1575,OK,246,161,665,665,494.48,388.86,685.96,387.6,599.85,490.0
1576,OK,240,162,670,670,494.19,393.11,682.33,395.69,598.64,502.96
1577,OK,233,161,681,681,494.51,396.65,686.3,401.9,599.48,512.16
1578,OK,225,158,693,693,498.28,400.95,689.52,402.27,607.63,518.61
1579,OK,226,158,696,696,499.48,395.92,690.68,397.08,605.88,509.22
1580,OK,235,160,689,689,502.07,391.76,690.94,389.87,606.15,498.24
1581,OK,242,156,683,683,509.82,381.55,694.41,379.37,613.91,489.17
1582,OK,251,155,675,675,511.33,376.09,698.4,376.63,613.74,479.72
1583,OK,263,155,661,661,515.42,360.62,706.25,366.35,615.69,456.85
1584,OK,271,154,652,652,525.76,354.21,714.93,367.31,625.56,453.24
1585,OK,277,153,644,644,528.55,352.51,716.34,367.2,628.22,451.25
1586,OK,278,153,640,640,525.91,354.21,712.88,367.77,627.01,452.63
1587,OK,277,156,635,635,523.1,355.98,709.31,367.97,625.63,449.89
1588,OK,278,160,626,626,515.49,358.04,700.99,363.26,619.84,444.07
1589,OK,279,160,622,622,516.78,350.61,703.42,363.12,616.05,440.99
1590,OK,283,161,613,613,514.9,348.89,697.84,352.26,616.4,424.97
1591,OK,280,160,617,617,514.47,349.49,703.15,361.14,616.68,435.38
1592,OK,274,157,620,620,513.44,343.33,699.3,359.62,615.23,433.4
1593,OK,272,156,622,622,510.52,340.56,697.93,355.09,611.64,426.4
1594,OK,273,156,618,618,513.33,346.46,697.34,355.62,617.07,431.56
1595,OK,271,153,624,624,518.48,349.55,703.97,363.26,620.54,447.42
1596,OK,266,150,638,638,522.05,353.62,708.97,368.93,627.04,457.77
1597,OK,262,150,646,646,522.9,360.08,706.55,373.78,626.52,466.89
1598,OK,259,152,651,651,515.15,360.97,702.16,377.39,615.92,468.35
1599,OK,256,151,654,654,511.29,364.83,695.31,376.99,611.18,474.23
1600,OK,252,146,659,659,508.16,364.39,690.11,370.67,610.46,475.24
1601,OK,248,144,663,663,505.68,365.13,687.87,371.49,608.15,476.37
1602,OK,240,142,675,675,502.41,371.06,684.21,374.12,606.96,485.75
1603,OK,245,146,668,668,506.25,366.05,690.98,372.54,607.9,472.54
1604,OK,254,154,654,654,509.66,364.17,695.52,373.44,610.98,459.88
1605,OK,263,157,646,646,509.88,360.62,698.72,365.93,609.14,452.96
1606,OK,271,159,632,632,505.43,353.89,693.28,356.47,603.75,436.63
1607,OK,279,161,615,615,488.36,358.25,675.6,338.86,591.86,418.26
1608,OK,278,166,606,606,470.62,359.97,660.23,329.79,579.24,403.01
1609,OK,275,167,603,603,467.38,365.62,655.51,333.49,573.58,416.68
1610,OK,274,171,599,599,465.44,364.67,653.46,334.7,571.33,408.79
1611,OK,272,172,600,600,460.3,368.52,652.21,334.84,566.49,413.55
1612,OK,269,177,597,597,460.8,373.61,648.06,343.33,568.02,421.52
1613,OK,268,178,599,599,461.93,375.56,650.23,342.77,569.67,425.56
1614,OK,261,173,608,608,464.22,377.59,653.33,348.65,575.18,445.87
1615,OK,253,168,620,620,463.81,379.22,651.59,362.37,567.55,463.07
1616,OK,239,164,639,639,460.39,392.12,649.66,376.52,566.96,485.54
1617,OK,237,172,633,633,467.35,403.18,653.69,387.85,579.52,490.62
1618,OK,232,179,660,660,464.04,408.96,665.8,402.95,560.41,498.12
1619,OK,233,184,667,667,484.31,416.74,672.67,421.14,579.11,526.62
1620,OK,235,172,677,677,493.67,402.3,682.84,403.72,592.84,520.65
1621,OK,241,166,674,674,498.47,395.4,683.07,404.47,589.73,514.93
1622,OK,252,166,661,661,498.55,386.68,681.56,392.71,586.6,494.14
1623,OK,258,162,659,659,497.37,371.35,680.83,385.59,576.26,482.22
1624,OK,260,156,660,660,490.2,367.4,677.13,374.91,570.87,473.41
1625,OK,264,156,651,651,490.35,363.1,676.11,373.72,570.44,466.0
1626,OK,263,152,647,647,502.39,363.48,685.37,369.96,595.44,468.58
1627,OK,262,153,642,642,509.18,367.61,689.91,368.02,615.47,466.63
1628,OK,258,154,639,639,499.27,368.18,681.01,367.58,605.94,466.47
1629,OK,249,151,647,647,490.63,374.31,673.69,368.55,599.64,477.65
1630,OK,248,156,645,645,492.96,383.1,673.07,375.65,600.46,480.88
1631,OK,250,155,645,645,499.15,370.05,682.02,370.45,605.06,471.95
1632,OK,255,158,637,637,499.37,366.73,681.83,367.15,603.01,460.3
1633,OK,254,158,632,632,492.71,363.84,675.62,362.65,599.85,455.24
1634,OK,246,155,640,640,482.68,371.78,668.89,362.67,594.63,465.94
1635,OK,236,154,651,651,479.17,390.14,664.83,368.04,601.46,484.84
1636,OK,233,153,657,657,484.05,387.96,669.15,370.59,601.66,486.27
1637,OK,240,155,649,649,489.24,377.01,673.83,367.05,601.11,472.13
1638,OK,243,154,647,647,491.26,371.69,675.53,364.59,602.58,468.51
1639,OK,246,156,642,642,487.0,371.66,672.34,360.64,599.55,460.22
1640,OK,250,159,633,633,484.76,372.88,668.14,358.95,596.78,456.45
1641,OK,254,163,625,625,471.99,377.33,660.23,348.72,586.73,444.87
1642,OK,254,162,621,621,468.2,372.8,653.82,340.49,584.71,437.31
1643,OK,255,166,614,614,454.18,368.31,644.06,332.91,567.57,412.55
1644,OK,252,166,612,612,447.34,363.16,636.46,327.1,558.28,405.78
1645,OK,245,164,618,618,441.69,363.35,631.03,328.94,549.78,413.29
1646,OK,245,168,612,612,442.81,366.25,632.63,329.49,556.71,405.69
1647,OK,241,166,621,621,449.59,368.81,638.55,333.71,563.8,420.24
1648,OK,236,164,626,626,449.8,370.77,636.72,335.58,565.38,428.28
1649,OK,235,170,625,625,448.98,383.46,636.67,348.78,564.22,443.5
1650,OK,235,178,623,623,434.99,405.88,623.06,363.48,544.32,467.72
1651,OK,229,176,633,633,425.91,412.48,611.33,373.15,526.66,488.36
1652,OK,223,172,642,642,420.44,417.27,605.4,372.52,521.85,496.15
1653,OK,222,173,643,643,423.43,420.16,605.89,374.6,522.98,496.77
1654,OK,222,173,644,644,427.21,421.1,612.05,378.13,530.56,500.99
1655,OK,216,174,650,650,424.1,437.45,610.98,387.88,535.65,521.69
1656,OK,211,175,655,655,418.32,447.74,600.14,403.44,520.35,545.26
1657,OK,205,180,656,656,409.26,452.6,586.13,408.5,506.85,547.03
1658,OK,203,184,655,655,406.08,451.35,587.47,406.31,505.16,540.5
1659,OK,200,188,659,659,406.57,456.64,583.97,412.81,500.91,548.79
1660,OK,199,192,663,663,412.42,461.15,588.25,422.64,507.88,560.03
1661,OK,197,193,672,672,413.94,465.43,596.37,427.64,513.4,567.94
1662,OK,199,197,668,668,413.76,461.66,593.03,418.63,514.36,552.35
1663,OK,199,196,665,665,405.82,454.35,585.36,410.95,500.88,542.73
1664,OK,200,194,664,664,408.21,454.65,581.07,413.21,495.02,547.43
1665,OK,199,188,667,667,408.37,454.35,584.73,405.66,502.83,547.14
1666,OK,199,187,671,671,412.23,451.0,590.47,401.14,510.0,537.32
1667,OK,200,186,670,670,411.03,448.0,592.1,398.33,510.07,531.46
1668,OK,200,183,670,670,411.99,444.63,591.71,399.28,507.19,533.44
1669,OK,200,179,671,671,412.54,439.86,592.65,395.94,507.68,530.27
1670,OK,200,175,672,672,420.47,441.37,605.15,397.95,524.95,536.72
1671,OK,199,174,671,671,421.72,438.95,607.75,393.32,532.88,529.05
1672,OK,196,172,676,676,421.06,441.52,609.74,393.12,538.24,533.02
1673,OK,199,175,671,671,418.04,439.23,605.41,392.6,526.22,524.55
1674,OK,201,178,667,667,415.67,434.71,598.84,399.3,509.91,524.98
1675,OK,201,177,665,665,410.24,433.5,587.55,401.24,493.73,530.08
1676,OK,207,177,660,660,418.28,430.05,595.07,394.57,504.07,520.9
1677,OK,209,174,662,662,421.01,425.77,602.11,391.82,510.01,519.2
1678,OK,211,168,664,664,424.88,423.36,608.8,380.09,523.83,512.27
1679,OK,210,164,668,668,423.14,421.75,606.96,381.67,519.67,515.18
1680,OK,204,160,676,676,415.4,423.67,596.08,387.21,504.75,524.58
1681,OK,202,157,676,676,412.46,417.5,590.56,384.5,495.48,517.09
1682,OK,204,158,671,671,408.19,414.27,579.41,384.59,479.47,511.85
1683,OK,208,161,664,664,409.32,414.02,579.93,382.53,480.51,506.82
1684,OK,211,162,659,659,404.42,413.71,568.5,377.98,467.31,502.88
1685,OK,213,168,649,649,395.17,412.35,554.78,377.43,447.55,492.75
1686,OK,210,168,646,646,381.41,412.73,538.82,380.14,425.42,499.21
1687,OK,211,172,639,639,385.02,409.71,545.61,379.4,432.31,489.7
1688,OK,215,168,644,644,412.47,400.52,585.09,368.0,483.97,481.19
1689,OK,218,162,650,650,428.47,403.1,614.91,364.94,529.34,487.86
1690,OK,228,162,647,647,461.49,392.66,648.44,361.0,575.31,473.41
1691,OK,236,157,646,646,486.51,375.18,670.96,360.46,601.32,467.99
1692,OK,244,153,648,648,502.79,371.66,685.65,360.07,617.31,466.73
1693,OK,250,153,644,644,499.57,368.1,683.96,356.64,612.69,457.12
1694,OK,256,152,640,640,501.9,365.58,686.93,356.75,611.66,457.61
1695,OK,264,152,631,631,502.44,366.12,683.22,353.02,607.08,452.72
1696,OK,271,155,628,628,506.95,363.55,689.63,351.57,612.45,446.03
1697,OK,275,153,626,626,510.24,361.85,691.43,347.41,616.59,445.37
1698,OK,281,155,619,619,511.56,363.07,696.15,338.82,628.69,432.07
1699,OK,286,154,616,616,517.49,364.19,700.32,336.37,636.59,433.85
1700,OK,289,153,615,615,520.83,361.34,703.61,336.23,639.06,430.91
1701,OK,294,155,611,611,513.01,358.07,702.16,331.25,629.95,419.46
1702,OK,298,155,604,604,516.13,350.9,702.79,325.7,633.13,406.56
1703,OK,302,157,598,598,522.83,348.97,707.01,324.98,641.2,401.18
1704,OK,301,152,599,599,528.16,349.92,709.45,323.65,651.68,415.59
1705,OK,304,152,588,588,527.78,345.83,703.87,319.11,651.7,401.88
1706,OK,309,158,574,574,516.51,349.44,691.16,318.04,632.97,394.09
1707,OK,310,162,569,569,505.3,349.67,683.4,314.58,618.98,387.3
1708,OK,307,161,571,571,501.27,350.34,681.99,318.49,613.94,397.57
1709,OK,302,157,578,578,491.32,354.96,674.06,320.43,600.37,410.52
1710,OK,296,161,581,581,488.99,358.81,671.59,333.66,596.2,415.5
1711,OK,290,165,589,589,492.0,361.09,674.72,344.52,596.31,422.74
1712,OK,287,163,597,597,496.65,355.82,683.06,342.91,599.11,422.99
1713,OK,287,157,600,600,508.83,344.84,692.79,337.06,613.76,417.25
1714,OK,289,154,597,597,520.29,343.59,699.65,336.27,630.56,418.24
1715,OK,291,150,598,598,529.5,343.4,708.46,334.67,644.93,419.27
1716,OK,293,152,596,596,530.07,345.27,709.86,337.64,645.72,417.65
1717,OK,296,150,595,595,530.8,336.24,709.22,328.48,643.34,406.99
1718,OK,300,154,589,589,531.76,341.85,708.77,331.87,645.15,405.64
1719,OK,305,156,584,584,531.75,337.1,710.06,332.46,640.78,400.22
1720,OK,309,154,582,582,531.04,323.74,712.02,320.33,635.81,380.13
1721,OK,314,150,580,580,532.04,314.66,711.35,313.46,629.94,372.63
1722,OK,317,146,580,580,535.38,308.02,715.78,312.36,630.98,364.26
1723,OK,323,144,572,572,544.5,299.12,720.32,310.55,638.56,355.99
1724,OK,328,141,566,566,548.91,284.38,724.06,308.64,637.0,339.76
1725,OK,333,141,562,562,555.28,282.97,730.56,314.05,638.84,339.62
1726,OK,336,143,560,560,554.14,290.75,729.69,313.3,643.67,343.43
1727,OK,339,141,563,563,563.19,289.49,738.65,311.67,655.24,345.96
1728,OK,340,139,565,565,562.07,290.88,737.5,311.91,653.89,349.61
1729,OK,338,138,567,567,551.66,289.32,729.37,308.66,640.0,348.61
1730,OK,335,142,567,567,541.06,297.63,721.0,313.84,629.83,352.48
1731,OK,322,140,584,584,537.14,309.33,717.65,318.33,632.66,378.92
1732,OK,315,138,593,593,535.02,306.33,717.41,318.28,628.77,376.87
1733,OK,308,133,604,604,531.68,304.95,710.7,316.84,620.02,384.58
1734,OK,310,137,602,602,532.25,314.17,711.83,322.85,620.8,385.16
1735,OK,311,138,600,600,525.89,316.7,704.62,324.04,611.53,392.54
1736,OK,312,142,594,594,519.11,319.13,699.77,326.73,603.07,389.16
1737,OK,305,143,600,600,510.88,327.11,694.99,331.77,597.61,402.3
1738,OK,303,146,600,600,511.14,332.67,694.34,336.45,599.97,407.54
1739,OK,299,150,603,603,504.92,337.42,693.16,345.49,592.71,412.82
1740,OK,294,153,605,605,505.28,338.07,690.52,350.77,591.14,417.7
1741,OK,291,158,609,609,502.68,351.35,689.67,363.91,585.49,435.9
1742,OK,288,158,613,613,503.23,356.22,687.83,364.21,588.67,449.05
1743,OK,286,157,618,618,511.59,355.09,694.03,366.82,597.01,452.1
1744,OK,286,157,621,621,512.23,354.7,695.35,366.09,598.45,450.46
1745,OK,286,158,623,623,510.58,353.88,695.69,365.46,596.12,447.85
1746,OK,286,159,622,622,509.51,354.43,694.5,364.1,596.34,445.37
1747,OK,283,160,626,626,509.2,355.37,697.15,367.25,597.55,448.71
1748,OK,278,156,635,635,518.02,357.36,704.21,371.43,612.29,460.55
1749,OK,278,156,636,636,526.28,362.4,708.43,373.96,624.2,464.69
1750,OK,276,155,640,640,526.74,359.63,710.17,372.29,626.17,461.86
1751,OK,274,153,647,647,529.92,359.48,713.68,373.99,628.53,464.7
1752,OK,279,154,646,646,535.09,352.93,722.32,371.85,631.8,453.58
1753,OK,286,155,639,639,538.28,351.25,724.5,362.92,640.26,442.93
1754,OK,292,153,634,634,538.55,346.89,726.47,349.32,644.33,429.34
1755,OK,300,152,626,626,538.92,346.05,726.18,345.89,642.18,426.64
1756,OK,309,153,615,615,535.93,343.37,722.58,337.9,639.35,411.95
1757,OK,312,151,612,612,535.21,340.35,722.47,334.57,639.38,410.31
1758,OK,313,147,612,612,532.78,338.04,718.19,323.85,638.3,404.49
1759,OK,314,145,611,611,531.57,343.75,716.23,322.75,639.43,409.83
1760,OK,316,146,609,609,532.69,349.41,717.31,325.7,644.23,415.48
1761,OK,317,146,606,606,531.44,344.83,717.65,323.11,641.38,407.21
1762,OK,316,150,596,596,517.62,346.03,701.04,321.02,626.36,400.85
1763,OK,314,153,590,590,508.53,352.56,690.55,322.81,615.07,407.17
1764,OK,308,162,584,584,485.92,368.66,667.15,336.6,585.59,420.28
1765,OK,296,169,587,587,472.07,371.46,654.5,340.28,571.6,421.83
1766,OK,283,173,592,592,460.33,380.27,646.47,346.46,562.56,436.53
1767,OK,271,175,598,598,449.17,384.18,636.87,352.12,549.69,446.8
1768,OK,256,170,617,617,438.55,391.24,626.57,356.77,534.46,465.23
1769,OK,248,169,625,625,433.29,400.21,617.2,361.54,526.34,473.83
1770,OK,245,170,623,623,429.09,397.49,615.05,363.49,521.01,470.09
1771,OK,245,171,622,622,430.15,397.71,615.09,362.56,522.2,470.56
1772,OK,241,169,627,627,427.84,400.27,616.09,365.84,521.54,478.18
1773,OK,242,167,632,632,433.44,400.85,618.6,361.32,526.73,477.03
1774,OK,246,167,634,634,445.26,392.82,635.28,355.93,543.67,462.35
1775,OK,255,166,631,631,459.67,393.88,646.96,358.29,557.4,468.56
1776,OK,257,162,636,636,464.45,392.11,653.56,360.89,564.42,475.47
1777,OK,259,160,639,639,464.5,393.62,651.78,363.26,562.32,480.21
1778,OK,256,155,646,646,460.79,396.25,649.53,363.59,561.07,488.23
1779,OK,250,149,654,654,455.49,398.29,641.45,362.27,556.44,495.11
1780,OK,249,148,653,653,450.89,397.66,638.69,360.06,551.0,486.24
1781,OK,249,150,649,649,451.04,395.83,638.71,356.67,553.69,478.87
1782,OK,252,155,641,641,451.14,392.91,637.95,356.1,549.5,468.82
1783,OK,251,154,640,640,455.59,379.13,644.52,340.34,564.66,450.61
1784,OK,255,155,630,630,462.65,370.75,647.58,331.35,573.8,430.04
1785,OK,265,159,615,615,476.23,361.73,660.37,326.05,588.81,410.8
1786,OK,269,154,611,611,481.56,347.68,667.69,320.83,591.49,404.81
1787,OK,271,151,605,605,480.36,340.91,663.48,318.74,585.75,399.28
1788,OK,268,149,607,607,477.92,337.93,661.25,318.37,582.38,394.46
1789,OK,270,161,592,592,465.38,348.75,648.89,337.75,561.27,400.98
1790,OK,266,161,593,593,458.36,348.38,640.02,340.93,544.09,413.4
1791,OK,259,158,605,605,457.36,340.43,644.72,336.23,543.08,404.21
1792,OK,261,161,604,604,465.79,343.56,653.33,342.24,555.97,405.56
1793,OK,258,159,615,615,468.98,346.26,660.19,341.64,563.04,414.36
1794,OK,259,155,618,618,476.4,340.12,666.24,345.71,564.89,419.13
1795,OK,272,162,607,607,483.26,344.67,670.37,347.52,568.05,409.83
1796,OK,284,165,599,599,491.82,348.88,676.94,354.11,573.22,419.64
1797,OK,293,164,595,595,496.23,344.5,682.61,345.23,581.4,409.9
1798,OK,292,164,602,602,494.34,343.56,686.64,351.46,577.19,412.99
1799,OK,291,164,607,607,496.94,355.15,684.54,361.62,579.15,436.99
