k,status,x,y,w,h,rx,ry,lx,ly,nx,ny
0,FAILED,,,,,,,,,,
1,OK,-19,-10,851,851,312.8,378.76,470.9,360.19,420.52,461.59
2,OK,-9,-10,852,852,323.0,378.77,481.62,364.32,433.14,462.42
3,OK,-12,-13,859,859,322.23,378.43,482.06,362.57,432.04,462.88
4,OK,-12,-14,855,855,321.35,375.17,480.46,359.38,431.02,458.86
5,OK,-24,-15,861,861,312.93,380.2,472.65,359.21,420.11,460.53
6,OK,-28,-12,859,859,308.31,381.08,467.66,360.51,414.31,463.75
7,OK,-32,-10,859,859,305.46,381.37,464.9,361.72,410.0,467.77
8,OK,-28,-7,855,855,307.2,382.84,465.79,362.58,412.14,468.78
9,OK,-24,-7,852,852,310.18,382.89,468.05,361.67,415.51,467.0
10,OK,-9,0,834,834,315.82,381.84,470.2,360.13,423.68,464.07
11,OK,-10,-12,855,855,324.36,377.9,483.34,360.55,432.05,462.38
12,OK,-7,-29,880,880,340.07,370.63,503.87,353.9,445.79,460.35
13,OK,14,-22,865,865,355.7,366.35,517.27,356.59,456.57,460.35
14,OK,28,-29,881,881,375.67,366.08,540.28,359.3,478.14,460.66
15,OK,23,-61,924,924,389.52,360.09,562.07,350.81,494.69,447.91
16,OK,30,-61,921,921,401.34,353.0,573.62,354.96,493.54,445.6
17,OK,55,-51,896,896,413.09,346.52,580.72,349.08,509.45,448.14
18,OK,60,-52,897,897,419.05,344.36,586.67,351.75,513.77,444.81
19,OK,48,-57,916,916,415.62,352.1,586.82,358.92,511.99,446.62
20,OK,36,-62,943,943,412.49,359.68,588.76,362.18,513.53,458.71
21,OK,33,-61,955,955,414.3,365.44,592.91,363.34,517.35,467.83
22,OK,48,-52,950,950,427.86,369.5,605.46,367.38,531.11,479.33
23,OK,54,-49,963,963,438.24,372.83,618.29,373.66,542.64,491.4
24,OK,64,-41,977,977,451.65,388.35,634.33,387.85,562.3,507.85
25,OK,69,-32,980,980,456.55,400.17,639.83,395.83,571.63,519.85
26,OK,84,-10,971,971,468.27,410.85,649.93,410.88,580.72,539.37
27,OK,108,15,955,955,484.01,424.36,662.38,431.93,598.03,556.5
28,OK,173,78,910,910,526.16,462.91,695.87,475.53,645.89,597.99
29,OK,225,125,871,871,563.02,483.32,723.86,509.76,678.43,624.37
30,OK,283,164,806,806,591.9,487.2,739.8,516.13,707.51,634.17
31,OK,291,148,811,811,599.97,476.86,749.35,503.27,718.88,617.28
32,OK,231,65,880,880,568.21,438.91,732.0,454.38,693.07,564.96
33,OK,177,21,891,891,517.41,405.65,684.08,405.71,643.71,527.31
34,OK,116,-33,929,929,479.82,373.91,653.47,379.72,595.28,486.62
35,OK,124,-15,892,892,474.5,371.7,641.18,379.42,584.08,486.66
36,OK,120,-14,886,886,464.7,371.68,630.43,375.1,579.33,485.47
37,OK,100,-28,907,907,454.97,373.74,624.51,371.51,567.32,478.62
38,OK,91,-30,909,909,447.75,373.43,617.78,371.98,557.27,477.12
39,OK,73,-43,928,928,438.09,371.59,611.6,366.93,549.23,472.87
40,OK,65,-46,933,933,432.71,369.97,607.24,366.23,542.21,472.3
41,OK,58,-47,936,936,428.36,371.19,603.37,367.66,538.06,474.47
42,OK,59,-44,934,934,428.43,370.8,603.07,369.17,537.3,477.19
43,OK,60,-40,930,930,427.75,374.0,601.76,371.58,536.15,478.62
44,OK,61,-38,928,928,428.26,372.64,601.79,373.8,535.54,480.52
45,OK,63,-41,933,933,430.23,372.44,604.77,370.74,541.22,479.81
46,OK,55,-46,946,946,429.93,373.68,606.8,375.75,538.15,480.66
47,OK,51,-45,942,942,426.87,376.34,603.09,374.66,530.5,478.05
48,OK,79,-17,908,908,437.34,387.48,607.16,386.92,545.73,487.13
49,OK,82,-9,930,930,450.06,402.03,623.98,398.51,557.82,511.86
50,OK,84,9,892,892,441.33,404.11,608.12,406.06,536.31,505.89
51,OK,40,-3,934,934,421.3,405.56,595.6,416.25,507.24,518.45
52,OK,25,-12,946,946,408.4,405.63,585.28,407.48,499.92,515.48
53,OK,-5,-14,946,946,383.18,398.96,559.94,405.38,464.79,516.51
54,OK,3,-13,945,945,390.79,393.82,567.06,406.6,471.51,518.22
55,OK,27,-22,937,937,407.14,382.97,581.7,398.05,496.03,502.99
56,OK,41,-34,948,948,427.47,372.64,603.55,393.74,515.78,498.11
57,OK,75,-25,922,922,451.1,369.06,622.25,389.87,535.35,492.62
58,OK,103,-38,922,922,474.96,360.19,646.45,377.78,567.6,477.35
59,OK,116,-51,930,930,490.4,351.74,663.75,365.99,585.2,470.05
60,OK,130,-47,921,921,498.32,354.11,670.23,364.88,597.3,466.71
61,OK,132,-39,932,932,502.18,368.26,676.47,374.17,607.35,482.86
62,OK,126,-37,930,930,497.42,370.71,671.34,376.63,597.82,483.94
63,OK,124,-56,934,934,495.79,363.62,670.53,366.49,600.09,458.74
64,OK,109,-73,951,951,488.72,353.94,666.61,358.67,591.94,448.74
65,OK,93,-76,951,951,471.28,356.62,649.12,350.51,576.7,446.37
66,OK,67,-82,973,973,454.53,365.91,635.96,352.3,562.66,450.08
67,OK,46,-73,989,989,440.48,375.85,624.78,360.76,548.4,473.82
68,OK,35,-58,1000,1000,434.31,392.02,620.88,379.2,543.92,499.41
69,OK,48,-27,975,975,439.6,402.19,621.89,398.82,539.36,520.81
70,OK,37,-5,988,988,435.74,428.63,620.39,423.46,534.87,552.1
71,OK,23,16,1032,1032,442.49,458.13,635.39,463.66,539.29,603.45
72,OK,26,27,1034,1034,449.28,465.35,642.42,476.31,541.39,617.34
73,OK,45,14,1032,1032,461.81,454.02,654.58,462.78,565.67,602.31
74,OK,48,-10,1044,1044,468.09,438.68,663.28,444.04,574.82,583.53
75,OK,56,-14,1033,1033,470.36,433.12,663.58,434.09,577.65,572.12
76,OK,57,-14,1029,1029,469.82,432.51,662.29,434.43,577.32,567.09
77,OK,52,-19,1031,1031,466.75,428.52,659.61,430.3,572.21,562.71
78,OK,42,-35,1044,1044,463.63,421.17,658.85,424.54,567.47,551.22
79,OK,36,-34,1048,1048,460.34,423.49,656.34,427.36,562.73,555.54
80,OK,44,-15,1033,1033,460.11,436.16,653.33,435.85,564.18,566.85
81,OK,34,-10,1047,1047,457.16,442.63,653.0,447.91,559.3,581.18
82,OK,31,3,1041,1041,454.64,450.82,649.27,458.37,551.74,592.35
83,OK,28,-3,1046,1046,454.58,447.63,650.02,456.7,550.3,589.79
84,OK,41,-19,1044,1044,465.6,432.17,660.51,442.17,563.38,570.52
85,OK,61,-13,1021,1021,477.12,426.15,667.66,440.13,570.98,562.17
86,OK,66,-8,1016,1016,483.22,424.85,672.09,445.59,570.47,564.91
87,OK,68,-9,1017,1017,484.77,425.9,674.1,444.26,573.73,564.64
88,OK,60,-7,1028,1028,481.64,430.69,673.05,448.43,572.12,574.9
89,OK,64,-6,1019,1019,481.3,429.41,671.02,447.78,570.9,568.98
90,OK,58,-8,1032,1032,481.59,432.02,673.56,452.22,572.17,575.39
91,OK,59,-7,1036,1036,481.67,437.1,674.64,453.61,577.0,578.46
92,OK,48,-3,1048,1048,475.63,444.85,670.83,461.63,570.79,590.5
93,OK,38,16,1034,1034,466.37,451.55,658.66,472.85,548.13,605.29
94,OK,19,10,1061,1061,459.77,455.21,656.88,477.25,539.98,614.96
95,OK,23,13,1056,1056,462.06,456.21,658.17,479.21,543.43,614.36
96,OK,21,3,1061,1061,458.95,454.37,656.76,471.19,545.48,604.73
97,OK,27,5,1051,1051,460.74,451.72,656.59,469.17,547.04,599.74
98,OK,24,-10,1062,1062,460.63,445.14,658.5,461.65,550.86,588.75
99,OK,16,-12,1060,1060,451.41,447.12,649.43,457.69,542.16,585.22
100,OK,1,-15,1078,1078,446.13,446.45,647.23,460.35,534.83,596.41
101,OK,-5,-22,1082,1082,441.28,442.51,643.3,454.61,530.61,590.95
102,OK,-9,-25,1080,1080,437.31,439.93,639.09,450.37,525.65,585.07
103,OK,-3,-26,1078,1078,441.29,438.98,642.76,448.54,531.32,582.55
104,OK,0,-31,1083,1083,445.93,435.93,648.19,447.95,536.48,578.68
105,OK,9,-31,1082,1082,454.56,435.51,656.58,448.41,546.12,578.85
106,OK,33,-4,1046,1046,462.85,442.01,657.52,460.5,552.01,587.69
107,OK,42,6,1041,1041,467.57,448.67,661.71,464.34,559.53,597.12
108,OK,35,17,1048,1048,467.81,457.65,662.8,477.89,554.17,614.81
109,OK,35,16,1054,1054,471.06,455.44,666.54,481.12,555.87,617.8
110,OK,26,13,1071,1071,468.07,461.62,667.06,483.95,556.01,624.48
111,OK,27,21,1068,1068,467.88,467.87,666.28,491.45,555.02,631.76
112,OK,28,24,1070,1070,469.37,473.28,668.26,494.7,558.66,635.44
113,OK,14,25,1095,1095,467.76,480.81,670.69,508.41,554.2,650.62
114,OK,11,33,1099,1099,468.04,486.95,670.96,519.6,550.69,661.71
115,OK,5,38,1108,1108,471.55,491.19,674.23,534.39,546.35,672.28
116,OK,9,45,1112,1112,476.42,496.83,679.74,540.75,553.01,683.4
117,OK,5,41,1119,1119,475.43,496.42,679.89,540.93,551.67,682.19
118,OK,12,50,1098,1098,473.58,498.2,674.58,540.49,548.29,678.8
119,OK,0,28,1112,1112,464.56,488.74,669.73,523.02,545.08,662.89
120,OK,7,30,1093,1093,463.42,482.46,665.32,514.77,541.83,653.9
121,OK,14,26,1078,1078,464.09,474.64,663.43,504.36,544.02,642.17
122,OK,20,22,1073,1073,465.55,470.9,664.45,497.21,548.38,632.2
123,OK,30,16,1061,1061,470.72,460.5,667.01,489.23,551.39,618.74
124,OK,34,16,1052,1052,471.45,456.39,666.21,484.49,551.52,613.85
125,OK,27,2,1063,1063,469.55,446.81,666.02,477.53,548.29,604.55
126,OK,28,-1,1059,1059,470.59,441.84,665.92,474.41,547.5,598.67
127,OK,22,-15,1075,1075,468.91,435.91,667.72,465.72,551.18,593.29
128,OK,28,-11,1062,1062,469.21,436.57,665.76,465.55,551.17,590.74
129,OK,26,-11,1063,1063,467.33,436.54,664.09,465.06,549.37,590.19
130,OK,19,-13,1074,1074,466.7,437.35,665.2,467.92,546.21,595.4
131,OK,27,0,1059,1059,468.94,444.64,664.72,475.1,546.81,599.97
132,OK,30,2,1060,1060,472.04,446.46,667.75,477.67,550.58,603.06
133,OK,27,3,1071,1071,473.6,451.24,671.74,480.86,551.78,611.85
134,OK,31,7,1071,1071,477.54,455.74,675.21,487.68,555.89,613.52
135,OK,34,11,1071,1071,480.47,458.49,678.18,490.89,560.5,618.61
136,OK,41,17,1066,1066,483.88,466.17,681.04,495.46,566.6,620.57
137,OK,43,23,1064,1064,484.52,469.66,681.41,498.67,568.22,627.19
138,OK,50,33,1052,1052,486.16,474.05,680.68,502.97,568.7,631.04
139,OK,50,31,1056,1056,488.31,473.51,683.45,503.72,570.66,630.94
140,OK,54,31,1053,1053,489.77,472.67,684.56,502.15,573.63,628.02
141,OK,53,28,1054,1054,489.34,473.2,684.64,500.48,574.28,624.64
142,OK,55,29,1053,1053,489.87,472.02,684.96,499.61,574.65,625.02
143,OK,55,31,1052,1052,490.37,474.71,685.44,500.43,575.55,627.63
144,OK,52,29,1056,1056,488.58,474.31,684.52,499.46,574.35,627.97
145,OK,53,29,1056,1056,489.4,474.72,685.22,499.68,575.14,628.63
146,OK,55,33,1056,1056,492.42,476.35,687.97,503.5,576.87,633.32
147,OK,55,30,1061,1061,491.87,476.95,688.84,501.29,580.41,631.08
148,OK,59,33,1050,1050,492.79,476.88,687.67,500.54,579.53,629.08
149,OK,59,32,1053,1053,493.97,476.95,689.17,502.43,579.52,627.98
150,OK,57,35,1048,1048,490.66,478.2,684.95,503.74,574.81,627.88
151,OK,55,29,1053,1053,491.16,477.01,686.28,503.46,575.18,621.2
152,OK,58,31,1051,1051,491.74,477.15,686.58,502.47,577.29,622.51
153,OK,62,29,1050,1050,495.08,475.77,689.8,501.4,582.18,620.96
154,OK,60,31,1049,1049,493.56,475.67,688.06,501.11,578.79,621.94
155,OK,66,37,1040,1040,495.4,478.52,688.43,502.68,581.08,624.48
156,OK,60,33,1053,1053,493.83,478.47,689.21,502.59,581.35,629.43
157,OK,57,31,1054,1054,491.79,477.31,687.54,501.21,578.49,628.15
158,OK,54,28,1060,1060,492.04,476.7,688.77,500.92,579.14,628.52
159,OK,56,32,1057,1057,492.09,477.96,688.28,502.79,578.41,629.75
160,OK,61,35,1050,1050,493.82,478.49,688.66,502.79,580.98,630.31
161,OK,58,33,1055,1055,492.68,477.21,688.44,502.08,579.82,631.09
162,OK,61,38,1047,1047,492.58,479.82,686.97,503.96,578.66,631.7
163,OK,62,39,1047,1047,493.54,479.79,687.91,504.03,579.71,632.24
164,OK,59,32,1053,1053,492.73,476.13,688.2,500.87,580.34,628.22
165,OK,58,30,1055,1055,492.72,475.69,688.56,499.44,581.23,627.67
166,OK,61,32,1048,1048,492.74,476.08,687.31,499.14,580.03,625.16
167,OK,48,26,1070,1070,489.43,476.13,688.28,499.24,578.11,635.39
168,OK,43,27,1077,1077,488.97,475.97,688.58,502.85,574.88,641.22
169,OK,40,11,1091,1091,488.97,469.31,691.66,492.4,580.92,632.16
170,OK,41,7,1090,1090,489.69,466.41,692.43,488.37,581.81,628.1
171,OK,39,7,1090,1090,487.55,467.35,690.39,487.61,580.31,626.81
172,OK,44,12,1082,1082,487.99,470.26,689.43,488.94,581.38,627.7
173,OK,41,11,1086,1086,487.46,469.5,689.6,489.62,580.22,629.22
174,OK,44,14,1081,1081,487.91,470.14,689.01,491.13,579.82,629.23
175,OK,45,16,1078,1078,488.99,471.34,689.56,492.51,580.3,629.42
176,OK,43,12,1084,1084,488.11,470.06,689.8,489.91,581.49,629.36
177,OK,45,13,1083,1083,489.23,470.75,690.98,489.65,583.76,628.67
178,OK,44,7,1086,1086,490.11,465.2,692.04,487.8,583.0,625.44
179,OK,52,14,1074,1074,493.11,466.8,692.66,490.1,585.46,624.22
180,OK,60,17,1065,1065,495.95,471.02,694.04,491.25,590.33,618.5
181,OK,61,20,1070,1070,499.59,474.85,698.49,496.75,594.65,626.12
182,OK,54,9,1084,1084,501.04,466.14,702.18,492.06,592.37,623.62
183,OK,72,13,1061,1061,508.73,459.94,705.13,488.35,597.15,613.58
184,OK,79,11,1045,1045,510.55,451.53,703.6,482.57,596.81,599.03
185,OK,77,15,1039,1039,506.36,451.38,698.15,482.16,591.49,601.79
186,OK,66,11,1050,1050,500.4,453.91,694.54,483.94,585.12,604.56
187,OK,55,3,1064,1064,495.84,453.15,692.89,480.64,581.48,604.06
188,OK,54,7,1067,1067,495.47,456.5,693.06,484.98,581.62,610.72
189,OK,62,16,1059,1059,499.3,460.86,695.38,488.74,586.62,616.58
190,OK,58,12,1064,1064,497.15,458.41,694.25,485.96,585.34,616.26
191,OK,55,11,1067,1067,495.77,459.11,693.51,485.52,583.26,617.25
192,OK,60,12,1062,1062,497.44,459.15,694.34,484.99,586.43,615.67
193,OK,58,11,1067,1067,497.8,460.22,695.58,487.14,586.84,615.54
194,OK,49,7,1078,1078,494.59,461.38,694.33,488.36,583.41,618.56
195,OK,57,9,1070,1070,498.07,460.66,696.49,487.23,588.13,615.58
196,OK,61,11,1064,1064,498.12,461.49,695.61,485.71,589.23,614.35
197,OK,62,11,1053,1053,495.77,456.02,691.18,480.43,584.26,607.3
198,OK,68,7,1053,1053,502.21,451.23,697.01,480.59,589.84,601.74
199,OK,53,-7,1076,1076,497.76,447.32,697.24,474.18,586.33,602.96
200,OK,53,-6,1077,1077,497.43,448.43,697.14,474.31,586.22,603.69
201,OK,58,0,1069,1069,499.04,449.01,697.18,475.05,587.62,606.22
202,OK,57,2,1067,1067,497.01,450.22,694.96,475.98,585.72,607.02
203,OK,61,-1,1071,1071,501.29,450.54,699.89,476.3,591.88,605.96
204,OK,65,1,1069,1069,503.62,451.99,702.12,475.97,596.51,606.3
205,OK,71,12,1055,1055,504.1,459.04,699.96,483.59,595.66,607.96
206,OK,68,15,1055,1055,502.26,460.75,697.56,489.04,591.09,609.15
207,OK,64,7,1065,1065,501.64,457.73,698.98,485.19,592.18,608.43
208,OK,69,12,1052,1052,501.83,457.43,696.84,483.56,591.86,606.39
209,OK,66,9,1058,1058,501.44,456.35,697.35,484.24,591.23,606.94
210,OK,66,10,1061,1061,501.75,457.2,698.22,484.94,592.29,609.74
211,OK,66,14,1059,1059,501.5,459.66,697.59,487.14,592.32,613.18
212,OK,64,14,1061,1061,500.39,460.8,696.86,489.05,589.39,614.17
213,OK,60,10,1069,1069,499.64,460.01,697.78,487.27,590.37,616.05
214,OK,65,13,1062,1062,501.57,460.59,698.36,486.9,593.28,614.45
215,OK,71,17,1055,1055,504.05,461.29,699.59,487.65,595.83,615.52
216,OK,66,17,1058,1058,500.86,462.34,697.04,488.24,591.92,617.86
217,OK,68,18,1057,1057,501.09,462.45,697.24,486.81,593.67,617.41
218,OK,69,19,1057,1057,501.35,464.08,697.62,487.1,594.52,618.97
219,OK,67,16,1060,1060,500.9,462.29,697.71,485.82,595.07,618.06
220,OK,65,16,1063,1063,501.29,462.54,698.51,488.19,593.64,618.66
221,OK,67,17,1062,1062,502.88,464.66,699.96,489.72,595.18,620.73
222,OK,63,15,1068,1068,501.9,463.89,699.62,491.65,593.39,620.49
223,OK,61,15,1067,1067,499.11,463.92,697.26,487.47,591.6,620.98
224,OK,61,14,1071,1071,500.21,465.0,699.15,488.2,594.08,622.17
225,OK,63,15,1069,1069,501.33,465.57,699.95,488.09,595.31,622.13
226,OK,66,16,1066,1066,503.73,465.22,701.66,489.67,596.89,621.91
227,OK,64,15,1067,1067,502.38,464.47,700.45,488.95,594.57,621.03
228,OK,64,13,1072,1072,503.6,464.82,702.5,489.31,597.45,622.44
229,OK,65,15,1069,1069,503.36,464.9,701.69,490.01,595.85,621.49
230,OK,62,14,1072,1072,502.1,466.55,701.27,490.12,595.66,623.25
231,OK,66,15,1069,1069,504.09,465.42,702.39,490.89,596.93,621.45
232,OK,61,13,1074,1074,502.74,465.67,701.96,490.9,595.43,623.01
233,OK,60,12,1077,1077,502.94,464.71,702.61,491.34,594.78,623.17
234,OK,63,15,1071,1071,503.82,464.7,702.06,492.76,594.61,622.72
235,OK,62,15,1071,1071,502.82,464.44,701.21,491.96,593.51,622.0
236,OK,63,15,1071,1071,503.28,465.2,701.67,492.19,594.0,621.64
237,OK,62,14,1072,1072,503.24,465.38,701.99,491.54,594.64,622.64
238,OK,61,13,1074,1074,501.93,465.85,701.28,490.05,594.92,623.37
239,OK,60,14,1074,1074,501.19,466.57,700.68,490.49,594.42,624.33
240,OK,56,12,1081,1081,499.22,468.35,700.2,489.62,593.63,626.72
241,OK,56,11,1083,1083,499.07,467.31,700.4,488.72,594.43,627.79
242,OK,57,12,1080,1080,499.14,467.61,700.09,488.47,595.18,627.39
243,OK,55,9,1087,1087,499.91,466.2,701.95,488.18,597.02,628.0
244,OK,60,17,1074,1074,499.22,470.31,699.36,488.23,596.5,628.82
245,OK,61,15,1076,1076,500.77,469.88,700.99,489.92,597.18,628.1
246,OK,61,18,1073,1073,499.8,470.65,699.49,489.61,596.23,627.92
247,OK,57,14,1081,1081,498.99,469.9,700.17,489.09,596.16,629.08
248,OK,59,16,1076,1076,498.88,471.05,699.24,490.35,595.54,628.53
249,OK,60,17,1077,1077,500.05,471.12,700.61,490.53,596.27,629.46
250,OK,58,13,1080,1080,500.45,469.35,701.27,490.83,595.99,626.36
251,OK,63,17,1071,1071,501.71,469.43,700.92,490.69,596.14,625.07
252,OK,63,15,1075,1075,505.26,467.99,704.58,493.7,596.96,623.7
253,OK,72,28,1058,1058,505.49,472.83,702.05,496.16,598.44,630.93
254,OK,65,22,1077,1077,507.28,475.13,707.12,500.69,600.74,633.36
255,OK,65,21,1079,1079,507.67,474.94,707.68,501.73,600.97,633.05
256,OK,65,21,1080,1080,507.24,475.75,707.58,501.18,602.75,634.06
257,OK,57,17,1090,1090,502.88,477.87,705.72,499.02,601.31,635.72
258,OK,61,19,1084,1084,504.21,477.19,705.85,498.65,601.7,635.67
259,OK,61,20,1082,1082,503.97,477.07,705.16,499.26,600.67,634.66
260,OK,61,19,1083,1083,503.95,476.06,705.33,497.83,601.15,634.06
261,OK,65,22,1077,1077,504.78,476.48,704.9,498.87,601.47,633.71
262,OK,61,19,1082,1082,503.94,476.81,705.18,498.94,601.14,633.84
263,OK,77,32,1061,1061,510.38,478.89,707.02,506.0,605.92,631.77
264,OK,72,29,1065,1065,507.91,477.44,705.21,505.16,601.59,631.72
265,OK,64,23,1074,1074,504.1,475.31,703.61,499.35,599.16,634.05
266,OK,53,12,1089,1089,498.16,471.35,700.68,492.56,594.94,630.09
267,OK,43,3,1105,1105,495.32,468.02,700.83,489.85,592.15,631.48
268,OK,45,4,1101,1101,495.4,468.64,700.3,488.82,592.89,629.69
269,OK,48,5,1097,1097,497.04,467.95,701.06,489.72,594.25,629.11
270,OK,44,2,1102,1102,495.9,467.34,700.78,489.2,593.31,628.84
271,OK,50,7,1091,1091,496.66,467.1,699.61,488.78,593.61,626.97
272,OK,49,7,1091,1091,495.12,467.49,698.12,488.64,591.58,627.67
273,OK,47,2,1093,1093,495.47,461.28,698.74,483.69,589.74,625.48
274,OK,45,-5,1099,1099,497.42,454.82,701.19,481.69,589.17,619.85
275,OK,59,-10,1080,1080,504.76,442.64,704.35,473.15,593.92,604.0
276,OK,73,1,1050,1050,506.47,442.86,700.74,471.45,594.04,596.64
277,OK,72,-1,1048,1048,504.25,440.17,698.13,468.89,592.15,592.0
278,OK,70,1,1050,1050,504.1,441.07,698.31,470.27,589.99,597.35
279,OK,73,5,1046,1046,504.86,442.43,698.42,471.16,590.39,600.31
280,OK,68,2,1053,1053,504.31,440.79,698.58,472.64,587.57,600.53
281,OK,62,-3,1062,1062,500.99,442.85,697.69,470.64,587.45,600.88
282,OK,64,1,1058,1058,501.7,443.81,697.65,471.36,587.4,602.64
283,OK,80,17,1037,1037,504.53,454.63,696.97,478.13,595.77,604.53
284,OK,75,15,1038,1038,502.12,454.89,694.71,479.5,591.15,602.42
285,OK,77,15,1036,1036,503.17,454.47,695.12,480.27,591.34,600.32
286,OK,75,16,1038,1038,502.27,456.05,694.71,481.02,590.98,602.51
287,OK,80,17,1033,1033,504.77,453.76,696.1,480.32,592.12,600.81
288,OK,85,26,1022,1022,505.18,458.05,694.85,482.37,593.02,603.87
289,OK,88,26,1021,1021,506.89,457.11,696.44,480.61,595.91,604.29
290,OK,88,29,1017,1017,506.62,458.85,695.12,483.96,592.7,604.31
291,OK,86,25,1025,1025,506.89,456.62,696.85,482.11,594.23,605.1
292,OK,84,24,1025,1025,505.69,456.8,695.67,482.26,591.62,603.97
293,OK,85,25,1024,1024,507.07,456.7,697.01,481.61,593.66,605.8
294,OK,79,14,1037,1037,505.47,452.35,697.61,478.14,593.94,599.99
295,OK,76,7,1046,1046,506.15,452.66,700.09,478.48,596.46,595.96
296,OK,85,18,1030,1030,507.88,455.74,698.87,480.49,597.49,599.77
297,OK,76,16,1044,1044,504.62,458.1,698.28,483.69,595.44,605.41
298,OK,67,10,1059,1059,501.36,457.98,697.64,484.33,593.9,607.69
299,OK,63,6,1066,1066,501.13,457.88,698.41,486.03,593.67,607.78
300,OK,61,10,1074,1074,500.89,462.03,700.05,487.38,595.63,619.86
301,OK,71,15,1053,1053,502.69,459.11,698.19,483.18,594.89,611.51
302,OK,68,10,1062,1062,503.49,459.21,700.56,484.51,597.38,612.06
303,OK,69,14,1061,1061,504.32,461.25,701.0,488.11,596.85,613.52
304,OK,74,18,1052,1052,505.52,463.09,700.64,487.9,598.57,614.43
305,OK,73,15,1056,1056,505.44,462.57,701.43,486.32,599.45,611.72
306,OK,70,12,1058,1058,503.64,461.48,700.27,484.23,597.52,610.21
307,OK,72,16,1055,1055,504.19,462.3,699.95,487.24,597.3,613.16
308,OK,67,14,1065,1065,501.59,464.81,699.48,487.47,597.51,616.76
309,OK,57,16,1071,1071,495.23,468.38,694.5,488.69,591.12,624.72
310,OK,58,13,1073,1073,497.12,465.59,696.49,488.52,591.95,622.41
311,OK,48,11,1083,1083,490.02,471.39,692.02,487.5,588.41,626.53
312,OK,50,13,1081,1081,491.59,472.23,693.0,489.25,588.26,626.07
313,OK,52,14,1075,1075,492.38,468.68,692.34,489.34,587.4,623.79
314,OK,55,13,1072,1072,493.54,467.38,693.06,487.85,589.36,620.89
315,OK,55,12,1074,1074,493.89,467.76,693.8,488.05,590.53,620.82
316,OK,52,12,1076,1076,492.57,468.64,692.86,488.01,588.68,622.13
317,OK,53,11,1077,1077,493.17,468.19,693.7,487.53,590.12,621.99
318,OK,49,11,1083,1083,490.7,470.28,692.51,487.81,588.46,626.55
319,OK,65,16,1065,1065,499.49,468.37,697.77,488.22,596.68,619.58
320,OK,54,14,1075,1075,492.93,468.57,693.12,486.98,589.21,625.54
321,OK,54,13,1078,1078,493.41,470.43,694.37,487.0,592.88,625.32
322,OK,50,12,1079,1079,490.59,470.19,691.7,487.33,588.32,624.39
323,OK,61,14,1067,1067,496.61,465.43,695.05,486.03,593.67,619.29
324,OK,65,19,1063,1063,498.1,469.48,695.84,489.16,595.76,621.8
325,OK,64,17,1066,1066,498.91,468.25,697.2,488.97,597.06,621.5
326,OK,67,16,1064,1064,500.92,466.76,698.8,487.69,599.51,619.5
327,OK,68,14,1064,1064,501.56,465.42,699.41,487.21,599.84,616.29
328,OK,71,13,1064,1064,504.2,464.31,702.1,485.72,603.53,615.19
329,OK,79,22,1050,1050,505.77,467.64,700.98,488.53,604.63,617.84
330,OK,79,21,1052,1052,505.94,467.58,701.82,486.63,606.36,618.33
331,OK,78,21,1053,1053,506.51,466.46,702.42,487.09,605.39,618.08
332,OK,78,20,1057,1057,506.74,467.91,703.55,486.47,608.28,619.85
333,OK,75,20,1062,1062,506.16,471.05,703.82,490.34,607.28,623.06
334,OK,82,22,1056,1056,510.46,468.92,706.89,488.53,611.67,621.33
335,OK,84,21,1053,1053,511.04,466.03,706.98,486.57,612.07,619.08
336,OK,80,19,1058,1058,509.58,467.61,706.62,486.61,611.86,620.24
337,OK,84,24,1069,1069,515.5,476.59,714.58,495.29,622.37,630.15
338,OK,81,24,1073,1073,513.65,477.7,713.63,494.83,621.79,634.09
339,OK,100,53,1055,1055,530.73,489.18,724.52,526.44,627.33,652.59
340,OK,92,103,1068,1068,525.98,541.74,723.38,572.8,627.54,716.86
341,OK,108,148,1046,1046,535.43,569.89,728.08,604.36,632.08,756.29
342,OK,91,125,1077,1077,528.28,563.83,727.45,593.51,631.08,747.75
343,OK,78,110,1092,1092,519.94,561.88,722.8,586.04,628.0,739.2
344,OK,77,111,1089,1089,517.39,561.32,719.7,584.57,624.28,738.13
345,OK,73,107,1097,1097,517.82,560.88,721.57,585.39,624.29,738.07
346,OK,77,102,1095,1095,519.66,554.54,722.92,579.49,626.75,731.14
347,OK,83,92,1073,1073,519.11,535.78,717.58,565.15,620.08,705.6
348,OK,82,62,1061,1061,518.54,496.66,712.58,537.99,609.87,667.47
349,OK,45,13,1092,1092,492.75,475.13,695.81,496.67,589.05,633.55
350,OK,47,1,1088,1088,494.23,459.9,695.97,486.17,587.09,618.95
351,OK,69,1,1048,1048,499.32,445.32,693.64,471.29,589.72,592.4
352,OK,71,-6,1038,1038,498.45,434.68,690.48,462.82,586.48,578.87
353,OK,69,-6,1033,1033,494.78,432.57,685.82,461.01,580.13,574.19
354,OK,73,-3,1029,1029,496.97,435.1,687.26,463.5,583.25,574.05
355,OK,75,9,1024,1024,497.33,444.84,686.88,471.64,582.84,585.07
356,OK,80,1,1022,1022,498.9,439.51,688.49,463.4,588.31,573.19
357,OK,70,-5,1034,1034,497.01,437.4,688.49,464.4,583.21,573.33
358,OK,73,6,1031,1031,495.81,447.68,687.41,469.72,585.07,584.56
359,OK,69,11,1039,1039,495.3,450.6,688.1,474.96,584.32,598.24
360,OK,76,9,1028,1028,499.41,446.91,689.88,472.72,587.01,587.49
361,OK,85,11,1016,1016,502.97,441.54,690.97,469.32,589.86,583.92
362,OK,74,2,1039,1039,501.61,444.6,694.09,471.21,589.61,585.95
363,OK,80,12,1026,1026,500.69,449.17,691.3,471.17,591.87,590.07
364,OK,78,10,1027,1027,498.46,449.87,689.27,471.05,589.03,587.37
365,OK,79,13,1023,1023,496.99,452.23,687.23,473.26,588.43,585.69
366,OK,77,7,1032,1032,499.0,450.39,690.8,472.1,591.98,585.25
367,OK,80,12,1031,1031,501.48,452.37,693.13,473.6,594.66,591.35
368,OK,76,12,1032,1032,497.91,451.73,689.8,472.08,590.59,594.25
369,OK,74,10,1033,1033,496.16,451.63,688.15,472.57,588.3,591.65
370,OK,76,11,1033,1033,497.36,452.98,689.59,472.92,590.54,591.76
371,OK,71,7,1042,1042,497.93,451.86,691.52,473.58,590.92,594.47
372,OK,71,21,1035,1035,496.19,458.62,688.18,483.76,584.92,606.64
373,OK,68,22,1034,1034,493.51,460.14,685.44,484.55,581.24,606.57
374,OK,67,17,1039,1039,493.89,456.52,686.88,479.45,583.53,605.44
375,OK,59,14,1053,1053,491.76,459.5,687.14,484.01,580.86,609.17
376,OK,58,16,1052,1052,492.44,460.7,687.38,487.56,579.83,611.46
377,OK,63,20,1045,1045,493.39,460.44,686.94,486.91,581.23,610.97
378,OK,61,16,1049,1049,493.41,459.07,687.92,485.29,581.09,609.1
379,OK,55,11,1062,1062,493.12,459.65,689.96,486.88,582.07,611.13
380,OK,56,10,1066,1066,494.51,460.9,692.37,485.73,585.49,614.46
381,OK,53,7,1071,1071,493.62,458.82,692.15,485.35,584.33,612.33
382,OK,45,5,1078,1078,489.36,460.83,689.58,484.38,580.24,616.25
383,OK,54,11,1067,1067,491.7,460.64,689.87,484.14,583.8,616.3
384,OK,56,11,1067,1067,494.09,461.67,692.2,485.66,585.61,616.06
385,OK,57,12,1065,1065,494.49,460.82,692.14,485.51,586.2,615.1
386,OK,56,13,1063,1063,492.98,460.72,690.27,485.72,583.03,616.72
387,OK,64,15,1054,1054,496.51,459.99,692.17,484.3,587.67,613.44
388,OK,61,13,1062,1062,496.91,460.52,693.9,486.04,588.86,615.42
389,OK,61,13,1064,1064,497.39,463.46,694.87,487.36,591.03,616.08
390,OK,58,12,1071,1071,496.62,464.2,695.62,487.13,591.36,619.59
391,OK,59,17,1068,1068,495.8,469.88,694.5,489.43,591.66,622.83
392,OK,53,17,1076,1076,493.53,473.39,693.96,492.38,589.73,628.85
393,OK,59,24,1064,1064,493.94,475.25,692.06,493.38,589.24,629.61
394,OK,57,22,1066,1066,493.2,473.92,691.67,492.66,588.75,627.02
395,OK,50,12,1080,1080,493.08,469.1,693.79,491.66,586.61,625.23
396,OK,61,22,1064,1064,496.58,474.03,694.75,492.65,592.19,626.54
397,OK,62,21,1066,1066,497.71,473.5,696.23,492.8,593.97,626.35
398,OK,62,23,1063,1063,496.37,473.5,694.29,491.72,592.67,625.95
399,OK,59,20,1068,1068,496.15,474.13,695.12,492.56,592.08,626.04
400,OK,65,24,1063,1063,498.86,474.46,696.8,492.85,595.89,627.18
401,OK,66,25,1061,1061,498.93,474.33,696.49,493.68,595.7,626.83
402,OK,66,25,1062,1062,499.54,475.46,697.15,495.34,596.49,627.92
403,OK,74,30,1055,1055,503.34,476.68,699.61,496.96,601.29,628.68
404,OK,70,24,1064,1064,502.99,474.47,700.88,494.49,603.11,627.6
405,OK,84,27,1056,1056,510.79,474.35,707.47,492.1,615.58,627.76
406,OK,114,38,1032,1032,526.54,473.33,718.7,491.26,638.68,627.36
407,OK,161,55,999,999,555.65,474.39,741.05,496.85,673.62,623.94
408,OK,182,71,966,966,561.11,476.7,740.87,495.03,680.29,623.84
409,OK,141,47,1009,1009,540.22,471.41,728.0,490.66,656.99,622.56
410,OK,116,41,1029,1029,525.84,474.2,717.65,490.16,638.44,627.98
411,OK,106,40,1027,1027,515.77,474.61,707.33,488.74,628.01,626.23
412,OK,108,42,1025,1025,517.67,474.32,708.75,490.49,628.65,627.07
413,OK,114,46,1007,1007,517.08,472.08,704.98,486.05,624.37,619.71
414,OK,117,36,1006,1006,519.89,463.81,707.32,479.97,626.66,607.96
415,OK,112,26,1013,1013,517.2,458.7,706.26,470.39,625.88,600.09
416,OK,107,23,1019,1019,514.13,459.0,704.49,469.25,623.01,601.51
417,OK,103,26,1023,1023,514.25,460.74,704.95,476.32,619.0,606.8
418,OK,96,21,1034,1034,512.75,460.88,705.42,477.12,618.09,607.78
419,OK,101,30,1025,1025,513.25,463.0,704.23,478.65,618.6,613.63
420,OK,94,22,1036,1036,512.51,460.33,705.56,477.04,616.83,611.36
421,OK,93,15,1037,1037,511.43,454.11,704.51,471.59,615.92,604.38
422,OK,91,10,1039,1039,512.95,450.15,706.02,471.69,612.33,597.66
423,OK,95,11,1020,1020,509.92,444.78,699.53,466.32,606.97,587.7
424,OK,92,8,1022,1022,508.51,442.65,698.33,464.99,604.51,584.55
425,OK,93,10,1020,1020,508.31,445.81,697.63,468.74,604.05,583.33
426,OK,94,12,1015,1015,508.11,442.05,696.14,467.71,600.2,583.51
427,OK,84,0,1029,1029,504.4,438.33,695.28,462.99,597.36,579.21
428,OK,94,13,1014,1014,507.71,443.2,695.93,466.51,601.1,586.71
429,OK,93,13,1019,1019,508.37,446.37,697.48,470.6,602.98,586.61
430,OK,94,3,1025,1025,508.77,443.25,699.26,464.9,608.24,577.31
431,OK,88,1,1033,1033,507.41,443.62,699.21,467.05,606.25,579.16
432,OK,85,12,1026,1026,504.6,447.02,694.86,471.76,597.12,592.34
433,OK,92,16,1014,1014,507.19,444.52,695.1,470.78,598.74,588.82
434,OK,95,15,1014,1014,507.8,446.19,695.87,470.65,602.23,587.15
435,OK,95,13,1020,1020,509.61,448.27,699.07,471.29,607.07,587.85
436,OK,98,17,1017,1017,509.71,450.62,698.86,470.79,609.49,590.54
437,OK,99,18,1019,1019,512.48,450.24,701.63,472.9,610.5,592.6
438,OK,90,12,1039,1039,511.92,454.22,704.55,479.08,610.0,597.2
439,OK,87,11,1049,1049,511.38,458.1,706.54,477.97,614.61,602.05
440,OK,94,13,1031,1031,510.64,454.66,702.39,475.57,612.95,592.55
441,OK,84,9,1035,1035,504.3,452.82,696.8,472.55,602.55,591.17
442,OK,71,8,1056,1056,500.6,458.48,697.28,477.43,600.8,605.87
443,OK,70,12,1053,1053,498.32,458.57,694.09,479.64,595.89,607.95
444,OK,67,0,1065,1065,497.93,454.01,696.37,472.18,601.13,602.06
445,OK,75,7,1045,1045,499.42,452.4,693.76,473.76,598.16,595.11
446,OK,63,0,1061,1061,492.63,454.85,690.3,471.66,595.46,597.21
447,OK,63,4,1054,1054,491.04,455.96,687.42,473.6,592.6,598.88
448,OK,66,2,1050,1050,491.59,450.25,687.22,467.75,593.28,596.89
449,OK,65,-5,1065,1065,496.64,450.6,694.92,469.88,598.47,595.73
450,OK,79,7,1053,1053,504.47,456.31,700.45,474.87,607.54,601.07
451,OK,78,2,1062,1062,509.03,456.74,706.42,477.96,611.83,600.32
452,OK,77,1,1062,1062,509.32,455.55,706.46,479.66,609.53,597.98
453,OK,78,12,1056,1056,506.69,460.15,703.0,482.04,608.73,609.83
454,OK,88,29,1049,1049,510.41,473.66,705.74,492.52,617.19,623.58
455,OK,117,47,1027,1027,525.35,481.08,716.73,498.47,640.38,631.77
456,OK,109,47,1043,1043,526.74,484.02,720.33,508.12,637.49,640.3
457,OK,106,51,1040,1040,523.71,488.27,716.74,512.32,633.2,642.78
458,OK,97,44,1050,1050,519.68,485.88,714.72,509.51,628.49,641.87
459,OK,98,40,1045,1045,517.28,481.26,711.79,501.09,627.08,633.02
460,OK,103,40,1037,1037,518.89,478.45,711.81,497.96,627.67,628.64
461,OK,81,18,1068,1068,509.56,474.26,708.96,487.15,621.61,624.75
462,OK,91,6,1052,1052,513.91,458.52,709.94,474.3,622.73,599.2
463,OK,97,12,1027,1027,511.8,451.17,703.03,469.44,613.44,591.21
464,OK,99,3,1015,1015,509.29,440.07,698.15,458.62,609.08,572.23
465,OK,98,1,1014,1014,508.58,437.3,697.15,457.48,607.61,569.31
466,OK,102,0,1012,1012,511.6,436.66,699.71,457.23,612.05,566.54
467,OK,104,-5,1010,1010,510.59,432.59,698.7,450.72,614.53,559.41
468,OK,108,-4,1005,1005,512.33,429.79,699.16,450.92,614.78,555.77
469,OK,116,1,999,999,516.64,433.02,702.42,453.16,620.59,558.02
470,OK,105,-11,1025,1025,517.28,429.62,707.67,452.21,622.84,562.36
471,OK,105,-10,1026,1026,516.94,431.6,707.82,452.03,623.64,565.61
472,OK,107,-6,1021,1021,517.06,431.61,706.96,452.23,622.49,567.56
473,OK,105,-9,1026,1026,517.74,431.49,708.46,451.95,624.44,567.88
474,OK,107,-8,1024,1024,517.79,432.04,708.33,450.47,626.07,568.29
475,OK,106,-10,1029,1029,518.5,430.71,709.91,450.77,626.24,567.84
476,OK,103,-11,1033,1033,517.69,432.36,709.88,451.4,625.43,569.66
477,OK,106,-5,1027,1027,519.38,434.24,710.14,456.48,624.82,572.0
478,OK,111,9,1013,1013,519.89,438.47,708.1,460.95,621.99,580.54
479,OK,91,-3,1019,1019,506.22,434.61,695.41,457.74,599.38,566.7
480,OK,77,20,1008,1008,489.12,449.16,676.76,468.15,579.67,590.98
481,OK,90,23,1014,1014,498.77,456.46,687.94,469.05,602.52,598.03
482,OK,74,22,1019,1019,486.82,456.57,677.04,469.56,586.0,600.1
483,OK,82,21,1010,1010,488.98,454.75,677.59,465.46,590.95,592.89
484,OK,76,23,1018,1018,487.39,459.63,677.41,470.55,587.85,600.07
485,OK,80,30,1019,1019,494.45,462.7,683.99,482.11,590.58,607.32
486,OK,79,27,1024,1024,495.81,463.49,686.5,481.74,592.38,607.24
487,OK,80,32,1021,1021,496.43,465.29,686.37,485.19,590.09,610.38
488,OK,76,30,1026,1026,494.67,465.04,685.5,484.45,588.02,611.94
489,OK,80,36,1018,1018,495.4,466.57,684.88,485.69,589.45,614.32
490,OK,75,26,1030,1030,493.64,461.89,685.44,479.1,591.23,611.76
491,OK,76,21,1032,1032,493.68,459.89,686.23,474.09,595.29,608.82
492,OK,83,28,1016,1016,495.48,458.16,684.89,474.17,593.81,607.38
493,OK,55,11,1038,1038,477.72,450.77,671.41,464.16,573.63,603.31
494,OK,39,-23,1049,1049,465.28,429.46,661.36,437.61,563.08,570.02
495,OK,19,-58,1048,1048,447.88,401.72,643.96,403.12,540.78,530.41
496,OK,16,-69,1022,1022,431.95,392.64,622.64,378.68,527.03,498.66
497,OK,-13,-85,1021,1021,405.57,375.3,596.35,368.44,494.61,479.74
498,OK,-55,-100,1050,1050,373.77,381.78,569.03,361.06,469.86,480.15
499,OK,-106,-98,1058,1058,327.82,383.22,524.86,365.88,420.42,488.96
500,OK,-102,-102,1036,1036,325.42,368.33,518.6,353.81,411.62,472.38
501,OK,-84,-113,1042,1042,346.08,355.48,540.89,350.63,430.9,463.67
502,OK,-37,-133,1039,1039,389.65,335.25,583.91,335.97,477.94,437.76
503,OK,68,-105,949,949,460.18,319.38,636.91,336.71,535.56,411.45
504,OK,101,-126,962,962,498.02,309.78,676.61,332.25,578.22,389.26
505,OK,162,-123,946,946,545.2,312.63,719.14,345.12,637.98,372.41
506,OK,177,-127,946,946,558.13,308.7,731.43,343.93,656.63,366.56
507,OK,177,-116,947,947,553.07,316.02,726.52,351.49,660.65,380.34
508,OK,157,-113,945,945,532.69,319.47,706.08,354.21,639.02,381.46
509,OK,133,-123,952,952,513.44,317.8,689.81,342.82,616.5,376.17
510,OK,127,-108,963,963,509.3,335.24,687.92,357.82,619.07,401.46
511,OK,135,-105,967,967,514.98,339.53,694.3,362.63,633.32,406.66
512,OK,146,-81,949,949,518.68,346.52,694.83,368.17,634.7,430.52
513,OK,147,-90,960,960,523.1,343.3,700.98,368.06,642.59,425.37
514,OK,142,-94,971,971,523.43,346.1,703.12,372.34,642.18,424.16
515,OK,141,-90,984,984,528.73,352.29,709.94,384.21,647.02,437.5
516,OK,138,-66,980,980,528.42,363.99,708.84,395.99,638.7,468.54
517,OK,138,-62,983,983,529.25,368.59,710.55,399.45,639.18,475.2
518,OK,133,-52,977,977,518.2,375.44,699.61,397.06,634.56,486.23
519,OK,133,-48,968,968,515.18,377.15,695.16,397.29,630.65,486.17
520,OK,132,-49,968,968,511.24,380.27,691.77,393.03,631.51,485.19
521,OK,125,-51,977,977,507.21,383.78,689.66,394.04,629.04,485.1
522,OK,128,-45,967,967,507.28,383.69,687.96,392.71,624.76,489.44
523,OK,133,-41,969,969,512.66,385.87,693.36,400.6,631.66,493.93
524,OK,132,-31,964,964,510.27,396.88,690.33,407.86,629.5,500.58
525,OK,140,-12,953,953,511.26,408.7,689.29,417.67,632.68,516.61
526,OK,123,1,953,953,499.87,419.03,677.9,428.36,610.19,531.03
527,OK,98,-1,976,976,489.71,422.49,671.54,437.67,592.33,544.99
528,OK,71,-6,1003,1003,478.84,422.33,665.18,444.62,572.94,558.35
529,OK,63,-15,1013,1013,472.31,420.38,661.1,436.73,571.57,554.09
530,OK,60,-18,1010,1010,469.04,418.35,657.24,434.52,567.7,549.28
531,OK,48,-22,1026,1026,464.45,422.12,655.82,437.19,563.43,554.34
532,OK,51,-29,1024,1024,463.58,419.47,654.77,430.47,567.13,541.59
533,OK,53,-22,1010,1010,463.12,416.97,651.49,430.12,560.47,542.66
534,OK,50,-28,1008,1008,459.53,413.01,647.57,427.26,555.17,533.05
535,OK,40,-27,1032,1032,458.95,419.32,651.4,433.81,557.06,552.17
536,OK,55,-22,1015,1015,464.16,419.16,653.54,431.4,565.75,545.55
537,OK,55,-24,1015,1015,465.54,417.01,654.89,429.5,565.47,544.73
538,OK,59,-18,1016,1016,470.0,421.19,659.63,434.51,570.51,553.59
539,OK,55,-18,1024,1024,469.56,425.58,660.73,436.93,570.01,557.53
540,OK,62,-16,1019,1019,472.77,424.32,663.05,436.29,574.86,557.13
541,OK,64,-18,1016,1016,475.34,421.05,664.84,435.46,575.89,552.98
542,OK,73,-16,1006,1006,477.71,420.59,665.59,431.43,580.9,549.89
543,OK,70,-18,1014,1014,477.74,422.1,667.05,431.95,583.49,551.26
544,OK,71,-14,1014,1014,477.99,426.71,667.42,434.64,584.64,555.52
545,OK,82,-2,1001,1001,482.11,431.64,669.02,440.95,589.12,559.78
546,OK,90,2,991,991,487.51,429.68,672.21,444.04,591.27,558.01
547,OK,101,10,979,979,493.82,432.1,676.12,449.7,595.15,558.68
548,OK,97,9,983,983,493.98,429.57,676.38,451.85,592.38,559.64
549,OK,87,1,990,990,486.96,426.19,671.18,445.01,585.18,556.44
550,OK,85,0,991,991,485.23,425.5,669.84,442.08,583.93,556.23
551,OK,83,-3,993,993,484.23,422.79,669.09,441.12,582.46,554.08
552,OK,86,-2,983,983,483.35,420.68,666.54,437.32,579.35,549.49
553,OK,80,-10,996,996,481.83,420.33,667.49,434.92,582.9,550.3
554,OK,85,-5,986,986,482.44,420.57,666.41,434.5,581.88,549.72
555,OK,81,-4,991,991,481.14,423.21,665.88,439.32,578.85,552.18
556,OK,76,-4,998,998,478.69,427.38,664.75,441.19,579.19,557.31
557,OK,73,-3,1004,1004,477.07,431.04,664.47,443.06,580.2,561.08
558,OK,71,-5,1008,1008,477.62,429.91,665.74,443.24,579.24,561.55
559,OK,75,-11,1011,1011,482.64,424.15,671.0,439.75,584.86,557.83
560,OK,76,-8,1007,1007,482.08,424.08,669.88,438.05,583.12,559.43
561,OK,74,-11,1012,1012,482.51,424.27,671.45,436.88,584.72,559.56
562,OK,79,-9,1007,1007,484.08,425.7,672.07,436.91,587.29,557.68
563,OK,80,-7,1005,1005,484.14,425.34,671.72,438.18,586.23,558.29
564,OK,89,0,986,986,486.53,425.13,670.25,441.51,585.96,553.51
565,OK,85,-1,991,991,483.96,427.55,668.7,441.25,585.02,553.67
566,OK,76,-8,1009,1009,481.74,428.1,669.97,440.54,585.78,559.06
567,OK,66,-4,1015,1015,474.78,433.27,664.31,444.74,577.49,568.13
568,OK,66,-1,1014,1014,475.4,434.32,664.58,448.67,576.57,572.18
569,OK,82,8,994,994,480.97,437.19,666.63,447.98,584.97,568.46
570,OK,83,8,995,995,482.3,435.64,668.08,447.6,586.66,568.61
571,OK,79,7,998,998,480.05,437.68,666.53,447.42,583.55,571.09
572,OK,74,6,1008,1008,479.42,439.59,667.63,451.37,583.89,575.57
573,OK,76,8,1006,1006,480.68,440.97,668.45,453.73,585.08,576.63
574,OK,72,4,1012,1012,480.01,439.52,668.74,452.93,583.6,575.11
575,OK,74,4,1012,1012,481.64,440.31,670.38,453.79,584.75,574.51
576,OK,75,2,1012,1012,482.33,438.57,671.19,451.18,586.52,571.58
577,OK,76,3,1010,1010,482.43,438.52,670.81,452.25,585.82,571.87
578,OK,71,1,1016,1016,480.38,439.03,669.89,451.9,583.88,573.91
579,OK,79,11,1001,1001,481.69,440.95,668.31,454.76,584.08,575.81
580,OK,75,9,1010,1010,481.51,443.19,669.83,457.16,585.21,579.26
581,OK,73,13,1009,1009,479.82,444.68,667.96,458.98,581.65,583.11
582,OK,78,18,1005,1005,482.99,446.21,670.28,461.97,584.66,586.4
583,OK,87,27,992,992,487.73,448.98,672.48,465.97,586.77,589.7
584,OK,93,36,983,983,490.25,450.85,673.18,469.77,586.85,595.18
585,OK,92,39,981,981,489.1,452.14,671.63,471.0,584.91,597.47
586,OK,92,41,980,980,489.43,453.73,671.74,472.26,584.86,600.09
587,OK,87,40,987,987,487.54,454.45,671.04,473.75,582.18,602.61
588,OK,91,44,980,980,489.34,454.51,671.47,475.35,583.5,604.73
589,OK,91,43,982,982,489.52,455.05,671.96,476.55,584.01,603.21
590,OK,98,49,975,975,493.96,457.15,674.9,479.41,587.51,604.55
591,OK,100,51,972,972,494.35,458.27,675.09,478.31,588.93,607.7
592,OK,97,44,987,987,495.41,458.67,679.14,476.8,593.65,608.23
593,OK,98,43,994,994,499.34,461.06,684.41,478.91,600.1,611.95
594,OK,103,44,993,993,502.89,462.46,687.67,481.07,604.48,609.48
595,OK,109,47,987,987,506.59,461.49,690.0,482.21,606.27,608.94
596,OK,115,54,979,979,508.14,464.0,690.36,482.42,609.25,613.15
597,OK,112,52,984,984,508.52,465.69,691.6,485.27,608.78,613.63
598,OK,106,47,993,993,506.6,465.65,691.35,484.64,607.01,612.71
599,OK,99,45,1005,1005,504.59,468.33,691.65,487.22,605.11,617.66
600,OK,84,44,1023,1023,498.47,475.08,688.73,494.84,598.05,626.54
601,OK,75,38,1041,1041,496.15,476.75,689.9,495.22,597.31,630.25
602,OK,85,45,1029,1029,500.73,478.81,692.18,497.81,602.04,630.86
603,OK,93,48,1030,1030,508.95,480.71,700.24,504.2,613.25,635.27
604,OK,101,59,1026,1026,513.98,486.96,703.87,514.62,619.64,643.27
605,OK,95,60,1035,1035,511.76,490.34,703.34,518.67,618.37,650.18
606,OK,102,64,1022,1022,515.89,489.32,704.01,523.44,616.63,644.47
607,OK,98,51,1042,1042,520.17,483.53,711.42,520.98,622.99,643.48
608,OK,94,39,1057,1057,521.76,477.61,715.88,514.69,625.8,638.35
609,OK,95,39,1057,1057,521.96,478.17,716.67,512.41,628.04,639.36
610,OK,94,42,1053,1053,521.09,479.47,714.89,514.06,623.66,640.83
611,OK,88,37,1061,1061,517.39,480.07,713.24,511.39,621.99,639.9
612,OK,90,39,1057,1057,517.69,479.57,712.94,510.9,621.94,640.24
613,OK,94,41,1052,1052,519.75,480.63,714.13,510.81,624.66,639.53
614,OK,98,43,1051,1051,522.3,481.79,716.75,510.54,627.98,641.49
615,OK,101,43,1049,1049,523.96,480.2,717.92,509.96,629.83,639.2
616,OK,108,44,1044,1044,528.51,479.92,721.42,510.52,636.73,638.02
617,OK,116,48,1032,1032,530.54,479.31,721.34,507.9,638.95,636.25
618,OK,114,47,1034,1034,529.72,479.54,720.98,508.28,636.88,635.43
619,OK,113,46,1041,1041,532.47,479.47,724.65,510.35,638.27,637.46
620,OK,119,48,1037,1037,536.17,479.88,727.1,513.79,643.08,636.21
621,OK,118,46,1041,1041,538.67,479.41,730.06,514.74,643.26,635.57
622,OK,125,50,1035,1035,541.44,480.83,731.87,515.64,648.21,637.07
623,OK,128,51,1030,1030,542.21,480.89,732.01,513.61,650.07,635.67
624,OK,130,51,1029,1029,542.67,480.97,732.62,511.96,650.65,634.86
625,OK,126,49,1032,1032,541.29,480.39,731.72,511.82,648.2,635.07
626,OK,129,51,1028,1028,542.29,481.0,732.2,510.89,649.83,634.65
627,OK,127,50,1031,1031,541.76,480.46,731.93,512.58,648.3,634.92
628,OK,127,49,1033,1033,542.22,480.6,732.87,511.44,650.44,634.24
629,OK,126,47,1035,1035,542.25,479.87,733.13,511.77,650.12,633.84
630,OK,130,50,1030,1030,543.29,479.82,733.38,511.43,653.52,634.53
631,OK,133,51,1028,1028,544.84,481.24,734.8,511.46,655.36,634.73
632,OK,133,50,1032,1032,546.7,482.73,737.23,513.33,656.67,635.58
633,OK,142,55,1021,1021,548.88,482.71,737.68,511.31,661.09,634.73
634,OK,141,54,1022,1022,548.67,482.29,737.72,510.01,661.98,633.87
635,OK,141,53,1025,1025,549.5,482.18,738.88,512.14,661.88,633.65
636,OK,142,54,1021,1021,548.81,482.03,737.69,510.66,661.91,632.42
637,OK,142,55,1020,1020,549.1,482.07,737.54,511.59,662.51,634.48
638,OK,142,56,1022,1022,549.62,483.61,738.54,512.6,662.24,636.05
639,OK,147,58,1017,1017,551.71,483.01,739.73,511.73,665.47,635.35
640,OK,148,61,1013,1013,551.31,485.11,738.65,513.92,663.53,635.67
641,OK,150,64,1009,1009,552.16,485.52,738.53,515.41,663.29,636.57
642,OK,150,64,1007,1007,551.1,486.0,737.38,513.53,663.05,635.56
643,OK,153,65,1002,1002,552.78,485.85,738.18,513.33,663.89,634.2
644,OK,154,66,1005,1005,554.27,487.66,739.9,516.73,665.53,635.34
645,OK,153,67,1007,1007,553.73,488.34,739.81,517.51,665.54,637.15
646,OK,169,82,985,985,560.16,493.41,741.95,523.26,670.98,640.8
647,OK,210,139,982,982,594.29,543.52,776.18,569.45,717.97,703.92
648,OK,224,167,974,974,605.31,562.71,784.84,593.57,727.4,730.42
649,OK,212,156,1002,1002,607.26,563.3,791.34,598.41,727.89,734.87
650,OK,213,154,996,996,603.82,559.93,787.71,590.24,726.99,729.02
651,OK,194,109,1018,1018,595.52,530.32,783.4,560.68,717.54,691.37
652,OK,181,74,1040,1040,590.81,510.12,783.46,536.44,715.87,664.94
653,OK,168,51,1038,1038,578.53,487.02,770.74,513.98,699.92,640.26
654,OK,159,12,1040,1040,572.48,447.56,764.42,479.02,690.38,602.46
655,OK,159,11,1018,1018,563.69,438.71,752.03,466.67,679.28,587.59
656,OK,150,-11,1015,1015,554.95,416.85,742.38,446.99,666.41,560.77
657,OK,154,-17,1002,1002,553.48,406.99,738.83,435.16,664.58,547.13
658,OK,132,-52,1020,1020,545.13,388.87,732.61,424.45,646.05,510.15
659,OK,133,-54,1003,1003,535.25,387.19,720.8,415.28,640.65,494.26
660,OK,115,-49,1000,1000,515.81,395.46,702.07,412.71,621.58,498.8
661,OK,116,-42,988,988,511.33,396.78,695.63,410.69,617.39,501.84
662,OK,93,-46,1015,1015,500.38,406.47,689.84,418.38,606.35,509.87
663,OK,89,-34,1011,1011,493.44,417.47,682.55,419.54,600.42,525.25
664,OK,80,-32,1014,1014,487.42,420.1,676.96,424.85,593.42,529.43
665,OK,77,-24,1010,1010,483.45,422.02,672.22,429.11,587.19,537.47
666,OK,55,-19,1036,1036,472.82,432.75,666.39,440.84,578.39,561.46
667,OK,61,-4,1025,1025,473.0,439.62,664.36,449.47,578.43,571.5
668,OK,58,-1,1031,1031,474.67,442.75,666.88,458.18,575.45,578.6
669,OK,63,-1,1027,1027,478.55,441.47,669.98,457.44,579.55,574.88
670,OK,57,1,1032,1032,481.09,439.32,671.41,471.09,570.2,580.48
671,OK,65,9,1016,1016,481.42,440.52,669.35,468.97,572.56,579.91
672,OK,67,0,1015,1015,479.95,434.89,668.46,457.94,574.12,569.07
673,OK,66,-6,1019,1019,480.45,431.59,669.62,453.92,576.57,564.16
674,OK,65,2,1015,1015,478.7,435.74,666.91,461.1,573.14,569.81
675,OK,56,-3,1034,1034,480.6,439.59,671.8,468.64,571.74,574.32
676,OK,67,4,1019,1019,487.46,436.57,674.62,472.28,570.99,572.32
677,OK,76,9,1006,1006,493.27,434.43,677.6,471.71,574.36,572.89
678,OK,87,0,1015,1015,505.26,433.21,691.72,469.03,591.07,564.74
679,OK,93,-3,1011,1011,508.79,429.77,694.64,464.65,595.99,558.77
680,OK,97,-4,1015,1015,510.97,430.95,698.01,462.89,604.47,559.97
681,OK,103,1,1009,1009,514.67,430.49,700.27,464.35,608.18,563.26
682,OK,109,4,1011,1011,520.3,432.1,705.8,468.28,615.58,568.41
683,OK,109,5,1012,1012,521.37,434.22,706.96,471.7,615.85,569.9
684,OK,115,12,1009,1009,523.97,439.05,709.72,472.15,622.25,576.74
685,OK,107,2,1035,1035,525.3,443.45,716.31,474.41,629.16,579.81
686,OK,113,12,1020,1020,525.35,448.42,713.5,480.28,627.18,580.24
687,OK,108,15,1024,1024,522.81,452.81,712.02,482.85,624.51,587.49
688,OK,101,22,1032,1032,520.23,458.17,710.41,491.01,619.3,602.53
689,OK,108,24,1026,1026,522.42,459.71,712.14,488.79,624.73,599.76
690,OK,105,19,1026,1026,520.44,457.19,710.34,485.14,622.41,593.76
691,OK,100,5,1043,1043,521.6,452.22,714.19,483.81,625.11,585.86
692,OK,110,-8,1037,1037,528.86,437.32,720.02,470.11,633.21,567.11
693,OK,127,-23,1008,1008,532.56,412.79,718.65,443.1,636.81,535.58
694,OK,122,-35,1015,1015,530.56,408.19,717.78,439.36,634.55,521.62
695,OK,118,-34,1011,1011,524.4,409.32,711.43,437.46,628.14,519.07
696,OK,122,-25,997,997,520.85,413.73,705.75,438.03,626.71,521.35
697,OK,108,-30,1010,1010,516.25,413.65,703.48,438.14,617.58,525.66
698,OK,114,-15,995,995,514.61,416.75,699.25,440.65,615.3,535.31
699,OK,109,-12,1000,1000,514.26,418.65,699.07,447.07,612.83,543.24
700,OK,103,-10,1003,1003,509.86,424.21,695.68,449.78,606.67,545.2
701,OK,111,0,1004,1004,517.16,430.8,702.92,457.9,617.19,560.05
702,OK,117,11,994,994,519.29,435.32,703.09,463.14,618.47,568.49
703,OK,112,4,1015,1015,520.41,440.44,708.24,467.44,624.48,569.25
704,OK,121,15,1006,1006,525.45,444.49,711.59,472.15,629.7,578.0
705,OK,112,20,1012,1012,522.32,449.52,709.19,479.96,620.86,588.2
706,OK,112,18,1015,1015,521.69,450.4,709.27,479.06,623.08,586.7
707,OK,110,15,1019,1019,522.11,448.55,710.3,479.0,621.99,585.12
708,OK,116,13,1014,1014,524.44,448.44,711.92,476.63,628.39,578.84
709,OK,113,16,1016,1016,523.77,450.67,711.61,479.97,626.21,583.85
710,OK,110,17,1019,1019,520.96,452.57,709.48,479.95,623.48,587.65
711,OK,110,20,1016,1016,520.92,454.09,708.94,481.58,622.9,589.86
712,OK,111,21,1020,1020,522.66,457.37,711.5,483.89,626.58,592.81
713,OK,107,20,1027,1027,521.29,459.19,711.44,485.66,625.4,594.99
714,OK,108,21,1027,1027,520.7,460.16,711.25,484.6,626.43,596.41
715,OK,114,29,1016,1016,523.34,460.78,711.73,485.96,627.07,601.48
716,OK,119,35,1004,1004,523.65,461.72,709.92,485.98,626.37,602.03
717,OK,116,36,1008,1008,521.93,464.37,708.98,487.58,625.47,604.15
718,OK,113,36,1014,1014,521.52,467.72,709.64,491.22,625.86,607.18
719,OK,115,36,1019,1019,523.99,468.95,713.09,492.16,630.85,610.19
720,OK,118,41,1013,1013,525.63,470.0,713.04,497.35,628.98,611.81
721,OK,113,34,1024,1024,525.35,468.72,714.89,496.14,630.62,611.52
722,OK,111,32,1026,1026,524.12,467.26,714.27,492.45,629.82,611.6
723,OK,101,30,1035,1035,517.81,468.36,709.89,492.2,622.72,614.38
724,OK,107,37,1029,1029,521.09,472.78,711.96,496.85,625.89,617.99
725,OK,108,45,1022,1022,519.82,476.92,709.55,499.93,624.52,624.68
726,OK,97,41,1032,1032,513.53,476.9,705.07,501.22,616.97,626.91
727,OK,92,39,1036,1036,511.34,477.51,703.5,502.07,613.83,626.09
728,OK,88,39,1041,1041,509.36,478.2,702.5,502.41,611.52,628.78
729,OK,85,37,1047,1047,508.01,478.33,702.38,502.02,611.93,629.84
730,OK,86,39,1043,1043,506.94,480.18,700.72,502.73,610.63,630.34
731,OK,87,42,1039,1039,506.65,480.79,699.55,503.43,609.06,631.07
732,OK,85,41,1043,1043,506.28,481.42,699.97,503.91,609.57,631.61
733,OK,87,39,1043,1043,508.55,480.3,701.9,506.29,611.03,628.38
734,OK,84,38,1048,1048,510.14,480.61,704.01,509.76,610.71,630.44
735,OK,87,38,1047,1047,511.03,480.0,704.8,508.37,612.96,629.18
736,OK,87,38,1047,1047,510.74,480.41,704.52,508.2,613.19,628.76
737,OK,83,35,1053,1053,509.18,480.49,704.27,506.73,612.88,629.48
738,OK,86,37,1048,1048,510.15,480.49,704.5,506.4,613.21,628.6
739,OK,86,36,1051,1051,509.9,480.2,704.9,504.78,615.18,630.48
740,OK,87,36,1050,1050,511.19,481.03,705.93,505.68,616.43,629.91
741,OK,92,40,1043,1043,512.87,480.51,706.18,506.13,617.72,629.17
742,OK,92,41,1045,1045,513.08,481.81,706.91,507.55,619.25,631.43
743,OK,91,40,1046,1046,513.88,480.93,707.52,508.37,619.14,632.26
744,OK,92,40,1048,1048,515.63,481.56,709.58,509.54,620.81,632.76
745,OK,91,38,1053,1053,515.67,481.3,710.45,510.07,620.97,634.1
746,OK,94,42,1047,1047,516.88,482.54,710.57,511.03,622.04,633.96
747,OK,93,40,1048,1048,516.1,481.81,710.12,509.92,621.98,633.18
748,OK,96,43,1045,1045,516.9,483.42,710.31,511.58,622.51,634.2
749,OK,97,44,1043,1043,517.72,482.96,710.51,512.28,622.44,632.46
750,OK,94,43,1042,1042,515.3,483.05,708.26,510.87,620.05,632.96
751,OK,93,42,1045,1045,515.43,482.46,708.74,511.89,618.56,632.52
752,OK,95,46,1042,1042,516.32,485.06,709.11,513.94,619.68,635.29
753,OK,96,47,1039,1039,516.16,484.67,708.34,513.89,619.2,632.99
754,OK,96,48,1039,1039,515.67,486.57,707.79,515.51,618.67,634.56
755,OK,109,58,1021,1021,520.87,488.0,709.56,517.86,623.87,633.08
756,OK,103,52,1033,1033,519.08,486.46,709.92,516.57,623.55,636.19
757,OK,91,42,1054,1054,517.26,484.9,711.81,516.13,622.36,637.94
758,OK,89,43,1054,1054,516.18,486.43,710.69,518.22,619.85,638.9
759,OK,88,43,1055,1055,515.75,485.31,710.31,518.05,617.95,638.37
760,OK,92,43,1053,1053,517.37,485.5,712.07,515.5,622.98,638.71
761,OK,95,43,1051,1051,517.83,485.99,712.49,512.66,626.59,637.33
762,OK,98,45,1044,1044,518.55,485.98,711.86,513.34,626.04,636.17
763,OK,96,44,1049,1049,518.94,485.41,713.06,514.18,625.73,636.98
764,OK,95,44,1048,1048,517.97,485.6,711.94,513.47,625.02,637.05
765,OK,99,46,1042,1042,519.32,485.3,711.91,515.03,625.18,634.8
766,OK,102,46,1040,1040,522.14,482.52,714.1,514.33,626.59,634.91
767,OK,108,50,1030,1030,524.05,482.26,714.12,513.76,628.68,633.64
768,OK,108,48,1032,1032,523.23,482.56,713.9,512.02,630.05,632.55
769,OK,110,51,1027,1027,523.06,482.33,712.71,512.2,629.51,632.55
770,OK,107,49,1030,1030,521.79,482.77,712.24,511.71,628.39,632.46
771,OK,110,50,1028,1028,523.31,483.62,713.27,512.88,630.75,630.76
772,OK,107,48,1033,1033,522.56,482.9,713.42,512.96,629.47,630.43
773,OK,106,47,1036,1036,522.96,483.53,714.38,513.16,630.85,632.37
774,OK,106,47,1037,1037,522.64,483.63,714.33,513.28,630.68,632.55
775,OK,107,46,1039,1039,524.69,483.0,716.42,514.12,632.35,632.64
776,OK,108,47,1037,1037,524.38,482.87,715.9,513.34,631.93,633.89
777,OK,104,45,1042,1042,523.61,483.15,715.94,514.29,630.9,633.61
778,OK,104,45,1042,1042,523.4,483.99,715.92,513.74,630.95,633.84
779,OK,106,47,1039,1039,523.76,483.21,715.8,513.47,631.09,634.13
780,OK,109,50,1033,1033,524.69,483.29,715.34,514.2,631.1,633.57
781,OK,104,45,1041,1041,522.5,482.83,714.96,512.4,631.14,633.89
782,OK,103,43,1044,1044,523.7,480.94,716.6,511.45,631.51,634.02
783,OK,123,51,1021,1021,532.14,477.64,720.79,507.28,641.24,630.29
784,OK,113,39,1035,1035,528.6,473.7,720.53,498.86,637.31,627.44
785,OK,104,32,1047,1047,527.52,467.82,720.59,500.85,631.93,626.69
786,OK,103,32,1046,1046,525.65,469.42,718.94,499.44,630.57,626.49
787,OK,105,34,1042,1042,526.04,469.75,718.82,497.91,631.56,627.03
788,OK,100,31,1049,1049,524.36,469.01,718.15,499.5,627.27,627.3
789,OK,95,30,1054,1054,522.58,469.62,717.29,500.31,625.39,629.67
790,OK,94,27,1058,1058,522.63,469.28,718.26,499.2,626.28,629.31
791,OK,85,16,1069,1069,519.24,463.08,716.8,494.1,621.8,621.43
792,OK,92,10,1058,1058,524.28,455.57,718.62,492.52,622.0,605.67
793,OK,86,5,1058,1058,519.67,450.11,714.04,487.56,614.97,600.68
794,OK,80,10,1063,1063,514.29,457.58,710.38,490.28,611.24,608.79
795,OK,65,13,1078,1078,503.82,469.16,704.1,492.79,604.38,624.29
796,OK,74,27,1062,1062,504.25,476.89,701.8,497.96,608.26,629.7
797,OK,63,17,1076,1076,499.35,474.73,699.83,492.52,604.16,626.75
798,OK,65,22,1062,1062,497.33,475.02,695.1,493.91,597.42,622.68
799,OK,68,28,1060,1060,498.52,479.05,695.87,497.24,600.06,629.3
800,OK,75,33,1046,1046,499.0,478.83,693.81,496.45,600.4,626.09
801,OK,77,33,1045,1045,500.69,477.64,695.07,497.75,600.79,623.67
802,OK,77,35,1054,1054,503.27,482.09,699.46,500.67,606.67,632.77
803,OK,74,31,1060,1060,503.14,481.35,700.48,500.87,607.31,632.75
804,OK,73,27,1061,1061,501.55,479.21,699.2,496.61,605.84,627.59
805,OK,76,30,1055,1055,501.59,479.61,698.32,495.79,607.09,627.43
806,OK,75,31,1054,1054,500.4,480.79,696.89,495.8,605.51,628.18
807,OK,75,33,1054,1054,501.43,482.33,697.8,498.99,605.89,630.91
808,OK,79,35,1054,1054,505.48,483.11,701.56,503.13,610.43,631.9
809,OK,80,37,1052,1052,505.84,482.55,701.39,504.46,609.61,632.53
810,OK,74,30,1066,1066,505.38,482.0,703.52,503.75,610.19,633.65
811,OK,74,31,1064,1064,505.76,483.06,703.45,506.23,609.29,632.2
812,OK,79,40,1047,1047,504.72,481.43,699.03,505.47,603.82,634.52
813,OK,75,34,1059,1059,504.46,481.3,701.09,505.18,606.46,634.56
814,OK,76,32,1063,1063,505.43,481.81,703.05,504.25,610.51,634.97
815,OK,80,34,1060,1060,508.72,482.86,705.74,505.59,614.68,634.49
816,OK,82,34,1059,1059,509.35,481.7,705.9,505.91,614.61,633.2
817,OK,79,33,1062,1062,508.89,481.89,705.94,506.26,613.66,634.59
818,OK,78,32,1063,1063,508.82,480.72,705.84,507.47,611.65,633.38
819,OK,79,33,1065,1065,510.13,480.87,707.41,508.17,613.24,635.55
820,OK,79,32,1066,1066,511.62,481.4,709.11,508.77,614.61,636.84
821,OK,79,32,1067,1067,510.9,481.83,708.78,507.95,615.73,636.22
822,OK,81,36,1059,1059,510.39,481.57,706.68,508.66,613.37,635.29
823,OK,84,36,1060,1060,512.63,482.29,709.02,509.55,617.78,636.48
824,OK,92,40,1050,1050,516.11,483.31,710.62,510.73,621.75,633.9
825,OK,86,36,1059,1059,514.62,481.14,710.55,509.54,619.32,634.96
826,OK,85,36,1060,1060,513.91,481.46,710.05,510.12,618.22,636.67
827,OK,87,36,1060,1060,514.44,483.94,711.17,508.68,621.9,637.01
828,OK,87,40,1056,1056,513.11,485.89,709.09,510.52,618.92,637.88
829,OK,86,39,1058,1058,513.26,486.0,709.71,509.89,620.27,638.35
830,OK,83,37,1062,1062,512.12,485.44,709.13,510.8,618.12,639.34
831,OK,86,44,1054,1054,511.68,488.11,707.21,513.35,616.8,641.46
832,OK,80,42,1066,1066,512.07,489.8,709.45,518.15,616.47,647.54
833,OK,76,43,1075,1075,512.86,490.65,711.38,522.44,615.52,654.43
834,OK,84,59,1057,1057,512.28,500.7,707.8,529.3,615.54,659.09
835,OK,77,59,1074,1074,514.54,506.11,712.99,536.81,616.22,671.34
836,OK,76,59,1077,1077,513.81,508.41,713.09,537.59,616.02,671.51
837,OK,85,60,1062,1062,515.37,504.67,712.08,532.15,618.57,665.01
838,OK,86,60,1056,1056,513.97,501.12,709.25,530.49,616.41,661.7
839,OK,79,59,1065,1065,512.45,500.81,708.88,533.46,612.49,666.23
840,OK,75,57,1072,1072,511.68,501.27,709.45,533.81,612.55,668.99
841,OK,85,63,1055,1055,512.52,502.22,707.75,531.37,615.62,664.71
842,OK,93,74,1040,1040,514.95,506.86,706.95,538.23,615.6,666.05
843,OK,86,67,1054,1054,514.71,506.09,709.27,538.22,615.03,667.44
844,OK,79,61,1066,1066,512.96,505.45,710.14,535.27,614.23,669.46
845,OK,77,43,1077,1077,511.57,495.38,711.55,519.73,620.11,655.82
846,OK,81,26,1089,1089,515.72,485.82,718.77,501.1,634.05,647.4
847,OK,86,20,1074,1074,515.84,476.29,716.23,490.91,631.26,631.54
848,OK,85,19,1078,1078,516.29,476.03,717.27,491.56,632.5,632.38
849,OK,87,26,1068,1068,514.7,478.37,713.8,493.61,629.46,634.6
850,OK,85,24,1070,1070,513.89,477.2,713.23,494.81,627.11,633.62
851,OK,77,20,1084,1084,512.09,478.64,714.09,495.96,626.09,636.96
852,OK,81,22,1079,1079,513.53,478.19,714.47,495.96,626.66,636.51
853,OK,85,30,1068,1068,514.96,481.26,713.68,501.66,624.63,637.49
854,OK,83,37,1061,1061,514.3,482.12,710.67,510.91,614.15,638.37
855,OK,76,37,1055,1055,506.79,481.95,702.22,509.44,601.83,634.15
856,OK,72,35,1054,1054,502.28,481.49,698.23,502.58,599.57,633.13
857,OK,63,29,1061,1061,492.15,483.22,690.36,494.12,595.62,630.95
858,OK,61,33,1053,1053,488.01,483.44,684.65,493.8,588.87,629.87
859,OK,52,26,1063,1063,485.42,480.69,683.79,493.06,583.02,628.6
860,OK,60,36,1047,1047,487.73,480.21,682.87,497.19,581.62,629.86
861,OK,63,31,1055,1055,490.24,480.54,687.15,494.21,591.38,629.24
862,OK,62,26,1061,1061,491.38,480.28,689.39,492.15,595.13,627.01
863,OK,69,30,1052,1052,496.89,480.26,692.86,498.02,596.49,624.42
864,OK,67,30,1057,1057,495.03,481.64,692.17,496.12,597.6,627.12
865,OK,64,32,1060,1060,495.51,481.82,692.94,499.81,595.6,633.57
866,OK,65,31,1061,1061,496.8,481.49,694.34,499.67,596.21,632.5
867,OK,70,33,1059,1059,500.82,480.52,697.69,502.0,599.74,634.42
868,OK,72,35,1056,1056,502.07,481.28,698.22,504.9,601.09,633.55
869,OK,74,36,1054,1054,502.89,482.73,698.72,505.5,602.89,633.72
870,OK,71,36,1060,1060,503.86,484.65,700.39,510.12,601.87,635.81
871,OK,72,37,1063,1063,504.76,485.36,701.84,511.99,604.12,638.97
872,OK,73,40,1063,1063,505.0,486.26,702.0,513.13,604.72,643.0
873,OK,72,40,1061,1061,503.03,489.09,700.06,512.83,604.27,640.68
874,OK,78,42,1057,1057,506.29,489.7,702.61,512.92,607.56,640.12
875,OK,76,37,1069,1069,510.74,485.88,708.51,515.6,610.6,642.39
876,OK,77,41,1074,1074,515.31,489.49,713.32,523.67,614.58,650.31
877,OK,78,41,1074,1074,515.84,490.07,713.99,523.39,615.83,649.87
878,OK,78,44,1070,1070,515.09,489.49,712.17,524.64,613.11,651.67
879,OK,72,42,1073,1073,510.66,487.9,708.24,522.55,606.77,652.1
880,OK,71,34,1072,1072,509.95,483.37,707.77,515.44,606.98,642.21
881,OK,68,32,1063,1063,501.17,481.91,698.41,506.22,600.19,633.75
882,OK,56,28,1058,1058,490.07,472.92,686.57,496.55,583.33,629.67
883,OK,48,18,1061,1061,482.75,467.8,680.17,488.15,576.21,619.65
884,OK,48,12,1065,1065,483.55,465.09,681.65,485.9,578.47,613.82
885,OK,52,10,1066,1066,486.85,465.2,685.49,483.02,585.4,613.89
886,OK,53,10,1064,1064,487.13,464.43,685.33,482.64,584.92,612.09
887,OK,53,6,1066,1066,487.78,462.5,686.25,482.2,585.53,607.31
888,OK,52,11,1064,1064,486.76,464.49,684.89,483.54,583.69,612.96
889,OK,59,14,1060,1060,491.73,467.25,689.16,485.32,589.3,612.95
890,OK,55,11,1073,1073,492.0,469.03,691.73,488.1,590.24,617.11
891,OK,57,11,1073,1073,494.19,470.2,693.95,488.7,593.75,615.82
892,OK,66,16,1068,1068,499.02,473.17,698.13,489.27,602.7,618.82
893,OK,66,18,1070,1070,498.98,475.38,698.53,490.0,605.05,624.8
894,OK,65,19,1070,1070,499.67,476.2,698.88,494.64,602.51,624.09
895,OK,70,24,1062,1062,500.49,477.24,698.37,495.34,604.36,624.22
896,OK,67,17,1080,1080,504.18,476.53,704.92,498.03,609.57,626.89
897,OK,83,26,1060,1060,511.6,478.49,708.61,500.09,616.78,624.65
898,OK,93,32,1052,1052,516.71,480.3,712.18,502.05,624.73,625.4
899,OK,86,27,1062,1062,513.75,480.75,711.44,500.09,623.35,626.88
900,OK,87,30,1056,1056,512.29,479.44,708.84,498.32,621.39,627.14
901,OK,84,30,1055,1055,509.22,479.83,705.68,498.25,616.23,625.94
902,OK,79,28,1067,1067,509.29,483.36,707.76,503.3,617.4,629.76
903,OK,82,33,1059,1059,509.03,483.46,705.97,504.81,614.86,630.23
904,OK,82,32,1059,1059,508.46,484.15,705.52,503.42,616.61,629.77
905,OK,85,31,1062,1062,511.45,483.0,709.1,502.63,621.87,631.58
906,OK,94,34,1059,1059,517.66,485.55,714.67,505.77,630.36,632.03
907,OK,92,32,1060,1060,517.51,483.76,714.69,504.55,629.33,631.2
908,OK,92,33,1061,1061,517.27,486.25,714.64,506.2,629.69,631.5
909,OK,90,37,1062,1062,518.25,487.23,714.96,514.13,625.56,637.12
910,OK,91,36,1060,1060,519.07,486.03,715.35,513.37,626.64,633.99
911,OK,89,36,1065,1065,516.1,488.56,714.05,511.41,627.38,636.38
912,OK,88,33,1068,1068,518.31,485.6,716.26,511.65,627.89,635.96
913,OK,95,40,1055,1055,518.78,487.8,714.46,512.79,628.01,634.36
914,OK,95,40,1054,1054,519.22,487.41,714.57,513.18,627.91,635.3
915,OK,95,41,1056,1056,520.64,488.87,716.4,514.78,629.39,636.62
916,OK,94,42,1056,1056,519.23,489.44,715.06,515.24,627.87,637.88
917,OK,98,42,1053,1053,521.48,488.05,716.77,513.57,630.12,636.95
918,OK,99,46,1051,1051,521.54,489.46,716.31,516.2,629.92,639.21
919,OK,100,46,1053,1053,524.02,489.46,718.87,517.62,632.54,640.85
920,OK,99,42,1059,1059,526.09,487.53,721.63,518.91,632.34,639.26
921,OK,100,40,1060,1060,525.96,488.45,722.37,515.58,636.19,638.29
922,OK,104,40,1054,1054,527.08,486.33,722.3,513.29,637.98,635.32
923,OK,102,41,1057,1057,526.39,487.41,722.07,515.74,636.62,638.2
924,OK,97,40,1067,1067,527.79,488.44,724.72,520.73,635.34,641.47
925,OK,91,34,1081,1081,528.47,488.28,727.97,520.43,635.26,645.43
926,OK,91,36,1084,1084,530.47,492.3,730.56,524.5,636.81,648.68
927,OK,94,36,1077,1077,530.62,488.6,728.97,523.51,635.37,643.61
928,OK,94,36,1071,1071,526.42,486.21,724.55,515.92,632.59,641.0
929,OK,92,35,1074,1074,526.57,485.87,725.16,515.51,632.87,643.55
930,OK,92,35,1077,1077,527.91,487.08,726.65,519.34,633.5,643.09
931,OK,89,31,1082,1082,527.59,485.32,727.14,518.35,634.07,643.62
932,OK,97,36,1070,1070,528.86,486.01,726.38,518.11,636.65,641.41
933,OK,103,45,1056,1056,528.37,490.57,723.69,519.47,637.44,641.45
934,OK,98,41,1065,1065,527.16,489.36,723.99,520.14,635.24,643.12
935,OK,103,47,1052,1052,526.32,491.41,720.96,520.27,634.94,640.58
936,OK,103,45,1050,1050,526.35,490.71,720.82,518.31,633.63,637.31
937,OK,96,43,1057,1057,522.58,487.88,717.98,518.16,628.82,640.59
938,OK,94,41,1059,1059,520.3,488.65,716.38,516.41,628.95,638.58
939,OK,88,43,1059,1059,516.41,487.8,712.26,517.33,620.23,642.08
940,OK,81,38,1067,1067,512.71,488.29,710.54,514.91,617.29,641.63
941,OK,78,42,1061,1061,509.74,486.77,705.8,516.84,608.7,642.61
942,OK,78,42,1060,1060,510.19,486.25,705.97,517.02,609.46,642.66
943,OK,79,43,1060,1060,509.83,490.13,705.76,520.05,611.28,642.53
944,OK,70,36,1081,1081,511.05,488.4,710.44,522.03,610.62,647.17
945,OK,77,43,1070,1070,513.6,490.5,710.55,526.04,612.53,649.44
946,OK,89,60,1051,1051,515.86,501.65,709.98,532.93,616.06,654.7
947,OK,88,69,1048,1048,515.26,507.84,708.61,539.93,613.5,663.15
948,OK,86,69,1049,1049,514.83,505.98,707.87,540.69,610.63,663.22
949,OK,84,66,1051,1051,512.37,504.63,706.08,537.52,609.94,662.42
950,OK,94,71,1041,1041,516.34,506.28,708.29,538.78,615.83,659.64
951,OK,91,65,1046,1046,516.35,503.42,709.11,536.29,615.6,656.87
952,OK,77,57,1069,1069,513.96,501.44,710.69,537.22,611.13,663.79
953,OK,81,55,1066,1066,514.8,501.45,711.4,534.14,615.44,659.85
954,OK,79,49,1074,1074,515.98,497.99,714.15,530.44,618.22,659.21
955,OK,80,51,1067,1067,513.94,498.14,711.06,529.51,614.58,655.51
956,OK,77,45,1070,1070,512.61,493.27,710.19,525.14,614.02,651.01
957,OK,77,47,1069,1069,512.66,493.03,709.6,527.25,612.03,652.96
958,OK,80,50,1065,1065,512.87,494.81,709.58,526.68,614.2,653.75
959,OK,79,55,1070,1070,515.62,500.12,712.77,534.85,615.49,662.8
960,OK,86,66,1061,1061,518.5,506.86,713.99,540.71,617.46,670.03
961,OK,83,64,1065,1065,516.68,507.6,712.99,540.83,615.55,669.37
962,OK,76,66,1067,1067,513.02,507.96,709.33,543.68,608.23,673.66
963,OK,72,60,1074,1074,511.8,506.54,709.71,541.37,609.03,671.33
964,OK,80,58,1064,1064,513.76,504.23,710.28,535.63,613.49,661.62
965,OK,76,52,1073,1073,512.74,501.16,710.88,533.3,612.76,660.6
966,OK,78,57,1071,1071,513.69,504.86,711.34,537.22,613.59,664.94
967,OK,74,56,1076,1076,514.12,504.21,712.34,538.86,612.45,667.06
968,OK,78,59,1071,1071,514.68,505.57,711.99,539.81,613.49,667.08
969,OK,85,63,1055,1055,515.39,502.83,709.56,537.81,612.48,660.43
970,OK,84,67,1061,1061,516.12,507.83,711.78,541.35,614.95,669.95
971,OK,70,67,1079,1079,513.17,511.03,711.12,550.64,607.67,682.64
972,OK,78,73,1071,1071,516.91,513.79,713.67,551.41,611.63,684.5
973,OK,96,75,1050,1050,524.77,509.51,717.71,546.01,622.35,672.34
974,OK,108,69,1033,1033,526.03,501.91,716.48,534.55,627.62,653.76
975,OK,97,66,1055,1055,528.22,500.38,721.1,541.57,623.84,666.41
976,OK,97,67,1059,1059,529.47,503.33,723.49,543.48,626.68,669.34
977,OK,111,79,1036,1036,533.15,505.65,722.02,548.57,630.54,667.63
978,OK,106,72,1043,1043,530.32,503.34,721.25,543.22,628.9,664.04
979,OK,101,74,1042,1042,526.79,505.29,717.7,544.35,622.39,665.38
980,OK,97,67,1054,1054,529.97,501.96,722.1,546.14,622.78,664.49
981,OK,94,59,1059,1059,527.9,497.3,721.27,540.53,621.64,658.87
982,OK,110,75,1029,1029,529.81,500.37,717.53,542.36,626.14,657.36
983,OK,98,55,1050,1050,524.99,493.42,717.89,530.67,625.0,649.75
984,OK,93,53,1054,1054,521.75,494.55,715.91,528.38,623.06,650.06
985,OK,83,52,1061,1061,514.68,495.75,710.51,527.63,614.2,652.56
986,OK,83,50,1063,1063,515.09,495.16,711.4,526.46,616.07,651.66
987,OK,85,49,1061,1061,515.23,494.72,711.42,524.99,617.12,649.96
988,OK,82,46,1066,1066,515.0,494.53,712.0,524.56,617.43,649.87
989,OK,90,50,1057,1057,518.21,493.95,713.62,524.35,621.0,648.82
990,OK,93,52,1055,1055,519.9,493.88,714.87,524.37,623.36,649.32
991,OK,84,47,1066,1066,518.48,493.33,714.78,527.82,618.61,651.33
992,OK,86,48,1064,1064,519.08,492.57,714.94,527.3,619.24,650.62
993,OK,82,49,1067,1067,517.61,493.19,713.7,530.43,615.63,652.75
994,OK,87,50,1060,1060,517.74,495.37,713.16,528.55,618.79,649.95
995,OK,86,54,1058,1058,516.93,495.54,711.62,530.92,615.98,653.81
996,OK,86,56,1058,1058,516.55,499.02,711.71,532.05,616.67,654.96
997,OK,82,54,1062,1062,514.78,498.21,710.48,532.08,613.88,656.7
998,OK,83,55,1062,1062,515.2,499.52,711.05,532.08,615.13,656.73
999,OK,86,57,1057,1057,515.19,499.29,710.55,529.79,616.92,655.47
1000,OK,83,57,1060,1060,514.15,501.48,710.12,531.72,615.23,657.88
1001,OK,85,60,1056,1056,514.87,503.03,709.93,533.46,615.16,658.56
1002,OK,87,62,1055,1055,515.1,504.45,709.99,534.74,615.5,659.74
1003,OK,82,61,1057,1057,513.43,503.04,708.42,535.52,610.87,660.61
1004,OK,86,65,1051,1051,514.01,504.27,708.0,536.4,612.08,661.26
1005,OK,84,66,1050,1050,513.12,504.5,706.68,537.57,609.85,662.6
1006,OK,79,62,1062,1062,513.08,505.37,708.78,538.83,610.18,664.84
1007,OK,80,63,1061,1061,513.1,505.25,708.5,539.69,609.77,665.23
1008,OK,82,67,1056,1056,513.35,507.61,708.04,540.95,610.11,665.95
1009,OK,77,64,1064,1064,512.5,507.35,708.76,540.64,609.2,668.67
1010,OK,78,65,1063,1063,512.41,507.86,708.48,540.85,609.45,669.47
1011,OK,71,61,1075,1075,510.94,507.61,708.9,542.24,607.29,672.16
1012,OK,72,63,1074,1074,512.08,510.23,709.98,544.43,608.21,674.44
1013,OK,70,62,1081,1081,512.15,510.93,711.38,545.59,608.26,677.71
1014,OK,69,62,1083,1083,512.09,512.01,711.85,545.68,609.38,677.95
1015,OK,66,67,1087,1087,508.97,516.82,709.9,547.86,609.32,688.35
1016,OK,73,71,1084,1084,513.17,522.03,713.8,551.03,617.06,689.93
1017,OK,66,63,1093,1093,511.28,515.77,713.3,547.14,612.7,687.23
1018,OK,77,61,1080,1080,516.5,511.34,716.13,542.27,618.08,675.77
1019,OK,75,63,1083,1083,515.43,514.47,715.89,544.12,617.7,680.29
1020,OK,79,63,1081,1081,518.69,511.84,718.23,544.38,619.86,679.19
1021,OK,76,62,1082,1082,518.0,510.6,717.49,544.42,617.83,679.19
1022,OK,87,40,1080,1080,525.8,491.19,724.57,526.56,630.15,651.92
1023,OK,91,33,1085,1085,528.59,487.13,729.17,518.35,637.38,648.16
1024,OK,98,31,1075,1075,531.55,483.77,730.5,512.56,640.77,639.15
1025,OK,118,42,1049,1049,541.14,481.48,734.67,513.33,646.4,635.27
1026,OK,138,51,1024,1024,550.03,482.1,739.32,511.23,656.64,630.79
1027,OK,150,48,1022,1022,557.6,479.73,746.64,507.46,670.18,624.57
1028,OK,147,42,1039,1039,560.82,480.31,753.4,506.54,675.57,629.65
1029,OK,150,44,1036,1036,563.55,482.34,755.28,509.85,677.34,628.45
1030,OK,171,66,1000,1000,568.94,487.83,753.64,516.8,680.82,630.93
1031,OK,157,52,1023,1023,565.48,482.5,754.56,511.91,677.82,629.88
1032,OK,135,34,1056,1056,558.18,478.54,753.81,505.83,670.7,632.43
1033,OK,133,32,1060,1060,558.79,477.89,755.07,505.88,670.26,632.53
1034,OK,136,27,1059,1059,560.54,471.71,756.41,501.68,671.62,626.43
1035,OK,139,31,1054,1054,562.27,474.71,757.14,504.28,673.26,627.49
1036,OK,140,36,1049,1049,561.45,478.42,755.6,506.83,670.33,628.63
1037,OK,133,31,1063,1063,559.83,478.5,756.57,507.08,670.35,631.6
1038,OK,145,41,1043,1043,563.37,477.19,756.29,506.64,673.66,633.92
1039,OK,156,36,1042,1042,570.44,472.86,763.08,502.64,687.33,628.0
1040,OK,171,10,1036,1036,584.71,447.03,775.23,482.45,698.34,591.48
1041,OK,168,-1,1042,1042,585.54,435.47,776.9,472.83,698.52,587.11
1042,OK,168,-8,1033,1033,581.8,425.67,772.05,459.1,692.12,574.11
1043,OK,176,-10,1029,1029,586.58,422.12,776.58,452.89,699.44,571.24
1044,OK,161,-28,1054,1054,583.93,417.91,778.55,448.64,695.18,566.41
1045,OK,171,-19,1045,1045,588.02,421.44,781.17,450.86,703.07,570.84
1046,OK,166,-26,1052,1052,586.87,418.24,781.28,449.05,700.05,566.43
1047,OK,164,-35,1058,1058,587.11,415.29,782.74,444.64,702.85,559.58
1048,OK,175,-29,1039,1039,590.68,409.28,782.2,442.29,702.65,554.38
1049,OK,176,-30,1049,1049,594.21,412.58,787.97,443.7,710.68,559.99
1050,OK,185,-32,1036,1036,598.18,407.87,789.23,439.72,712.52,549.54
1051,OK,210,-39,1008,1008,607.12,396.47,794.26,419.99,728.84,523.61
1052,OK,220,-40,1001,1001,611.0,391.64,797.37,408.42,737.64,520.59
1053,OK,202,-59,1023,1023,601.34,386.42,792.4,397.74,729.63,513.21
1054,OK,173,-77,1051,1051,585.1,383.82,781.71,386.19,713.74,511.51
1055,OK,151,-86,1061,1061,570.68,378.85,768.99,384.04,693.32,506.74
1056,OK,131,-82,1064,1064,555.62,385.02,754.58,390.36,672.6,513.21
1057,OK,121,-65,1078,1078,549.26,410.14,750.79,411.92,671.08,538.11
1058,OK,128,-54,1064,1064,551.75,412.52,750.74,418.6,670.12,542.3
1059,OK,137,-52,1054,1054,555.5,410.64,752.5,417.08,674.31,537.46
1060,OK,139,-51,1045,1045,553.2,406.47,748.45,413.37,672.62,533.04
1061,OK,138,-49,1035,1035,546.24,404.09,739.77,408.22,667.42,530.66
1062,OK,123,-62,1047,1047,538.88,398.03,734.58,401.21,657.16,523.25
1063,OK,127,-58,1036,1036,537.62,398.46,731.47,397.9,657.18,523.52
1064,OK,113,-75,1038,1038,529.85,377.89,723.73,388.47,638.78,505.2
1065,OK,94,-110,1055,1055,519.82,356.73,716.95,365.7,624.5,474.38
1066,OK,83,-132,1060,1060,514.18,340.86,711.93,353.64,614.15,450.06
1067,OK,53,-153,1071,1071,489.73,332.1,689.9,340.49,588.08,428.19
1068,OK,42,-142,1048,1048,470.26,334.23,666.22,335.47,564.62,430.63
1069,OK,-2,-141,1055,1055,431.15,337.2,628.49,333.34,521.11,437.27
1070,OK,-29,-127,1056,1056,404.31,351.99,601.67,345.18,495.77,453.83
1071,OK,-64,-127,1097,1097,386.75,371.87,591.81,362.95,480.57,476.25
1072,OK,-52,-109,1085,1085,393.57,378.13,596.33,372.21,486.73,491.04
1073,OK,-21,-108,1066,1066,415.72,372.7,614.93,366.65,509.91,481.62
1074,OK,29,-101,1011,1011,442.68,354.64,631.74,356.26,532.62,453.0
1075,OK,43,-106,986,986,445.9,342.92,630.19,346.59,535.17,431.06
1076,OK,26,-130,1002,1002,432.8,345.21,619.81,333.06,528.18,403.66
1077,OK,35,-117,972,972,430.56,347.29,611.86,333.01,521.64,398.74
1078,OK,40,-108,960,960,430.37,351.75,609.18,335.81,521.68,400.79
1079,OK,14,-113,1005,1005,422.78,364.24,609.94,346.25,517.26,422.84
1080,OK,16,-99,1008,1008,425.88,371.54,613.83,356.54,520.78,446.04
1081,OK,16,-93,1013,1013,427.75,373.45,617.0,365.02,523.0,458.62
1082,OK,-6,-99,1045,1045,418.1,383.01,613.14,369.96,517.61,470.91
1083,OK,1,-82,1039,1039,420.43,395.14,614.51,383.86,523.54,486.08
1084,OK,-2,-75,1041,1041,420.19,402.48,614.67,391.59,518.98,494.1
1085,OK,10,-59,1024,1024,426.83,406.79,618.04,397.39,521.91,504.39
1086,OK,11,-64,1039,1039,434.25,406.05,628.47,400.44,529.49,507.03
1087,OK,6,-50,1040,1040,431.63,416.63,626.12,414.48,524.22,525.36
1088,OK,-6,-35,1039,1039,421.32,427.31,615.55,427.4,508.23,541.47
1089,OK,-9,-37,1038,1038,417.3,428.74,611.36,424.58,507.42,539.19
1090,OK,-11,-30,1031,1031,411.86,432.67,604.64,427.47,500.16,540.74
1091,OK,-17,-36,1044,1044,410.3,434.78,605.42,427.74,502.14,542.22
1092,OK,-31,-47,1076,1076,409.6,435.21,610.84,432.34,504.67,550.03
1093,OK,-34,-40,1081,1081,408.37,439.88,610.58,437.98,503.9,562.46
1094,OK,-41,-34,1089,1089,403.3,451.58,606.83,445.85,501.42,573.1
1095,OK,-43,-27,1089,1089,401.97,457.37,605.57,453.16,500.19,580.39
1096,OK,-38,-15,1079,1079,403.21,463.12,605.0,460.07,498.62,587.15
1097,OK,-39,-11,1081,1081,403.08,469.27,605.16,465.4,498.8,592.66
1098,OK,-33,-16,1089,1089,411.5,465.27,615.11,462.44,510.41,592.54
1099,OK,-27,-11,1089,1089,418.44,465.11,622.0,468.46,513.79,599.78
1100,OK,-6,-3,1069,1069,429.59,465.39,629.56,469.11,527.16,595.94
1101,OK,8,-2,1066,1066,441.65,464.39,641.06,467.56,541.06,597.11
1102,OK,31,3,1050,1050,454.8,463.7,651.15,463.24,559.25,594.24
1103,OK,42,8,1045,1045,464.12,464.44,659.63,465.63,566.67,595.01
1104,OK,33,8,1063,1063,467.74,465.33,666.01,480.33,561.18,606.33
1105,OK,39,12,1061,1061,472.96,467.48,670.96,481.83,567.99,609.75
1106,OK,49,21,1055,1055,481.75,472.13,678.09,491.15,573.18,614.93
1107,OK,39,13,1087,1087,482.25,478.37,684.87,494.24,581.87,627.0
1108,OK,53,33,1089,1089,498.61,488.09,699.93,518.87,596.02,650.98
1109,OK,52,63,1094,1094,500.81,519.92,702.98,551.01,597.22,685.5
1110,OK,40,70,1114,1114,495.69,535.78,702.17,562.93,595.44,704.87
1111,OK,34,67,1116,1116,490.28,535.61,697.46,560.49,590.35,702.27
1112,OK,32,50,1112,1112,488.0,519.25,694.06,546.83,585.27,680.42
1113,OK,42,47,1087,1087,486.39,507.97,688.32,530.96,584.31,661.6
1114,OK,34,28,1096,1096,481.56,494.69,685.3,517.02,582.14,647.21
1115,OK,53,31,1074,1074,487.68,489.19,687.97,504.65,593.6,640.5
1116,OK,54,26,1058,1058,482.04,484.14,679.74,494.37,585.48,622.31
1117,OK,54,25,1047,1047,479.96,476.0,675.05,491.92,578.33,612.65
1118,OK,72,28,1021,1021,486.09,469.3,676.26,485.63,583.39,599.94
1119,OK,66,18,1037,1037,485.64,466.25,679.0,480.5,585.88,599.84
1120,OK,64,9,1046,1046,488.3,464.71,683.47,479.04,589.57,594.06
1121,OK,56,14,1053,1053,484.19,468.13,680.54,483.75,582.42,605.9
1122,OK,52,16,1058,1058,482.58,470.79,679.78,486.95,580.82,612.59
1123,OK,53,15,1056,1056,482.69,469.03,679.65,484.45,582.1,609.36
1124,OK,54,15,1054,1054,483.81,468.06,680.01,486.47,580.77,608.48
1125,OK,55,19,1050,1050,483.72,468.85,679.33,487.03,579.73,610.23
1126,OK,57,20,1049,1049,485.06,469.63,680.34,487.6,581.14,610.11
1127,OK,59,18,1048,1048,486.12,468.49,681.24,486.69,582.66,608.14
1128,OK,50,15,1061,1061,481.18,472.21,679.03,486.31,581.23,612.45
1129,OK,48,13,1066,1066,481.02,472.97,679.95,487.59,582.72,612.11
1130,OK,51,19,1060,1060,481.87,474.79,679.42,490.53,581.38,616.26
1131,OK,53,23,1055,1055,482.27,475.16,678.97,490.7,581.16,617.37
1132,OK,56,25,1051,1051,482.64,475.73,678.59,490.63,581.64,617.03
1133,OK,54,24,1057,1057,482.87,476.2,680.0,490.12,583.69,621.25
1134,OK,59,29,1057,1057,486.62,482.44,683.89,495.34,590.3,625.75
1135,OK,66,43,1064,1064,496.0,494.59,693.89,514.85,601.76,646.71
1136,OK,59,45,1084,1084,498.9,500.24,699.93,527.1,602.7,662.13
1137,OK,57,33,1091,1091,500.21,491.62,702.3,519.86,604.56,651.74
1138,OK,55,25,1091,1091,496.19,486.92,699.16,507.82,604.22,642.92
1139,OK,58,27,1062,1062,486.77,482.11,685.15,492.07,593.03,630.14
1140,OK,61,25,1053,1053,485.68,476.23,682.39,486.57,590.69,622.24
1141,OK,67,25,1035,1035,486.16,468.78,679.07,483.6,585.9,608.68
1142,OK,68,23,1029,1029,484.73,466.42,676.7,479.26,583.89,602.95
1143,OK,65,21,1033,1033,483.5,466.51,676.22,479.14,583.1,601.97
1144,OK,64,25,1033,1033,482.51,468.21,675.26,481.47,581.59,607.31
1145,OK,66,28,1031,1031,484.45,470.55,676.6,486.72,582.86,609.03
1146,OK,55,32,1037,1037,476.05,473.51,669.38,489.04,573.96,619.89
1147,OK,56,31,1033,1033,476.35,471.01,668.82,488.35,572.21,615.42
1148,OK,62,31,1023,1023,477.35,467.98,668.0,483.47,574.55,609.4
1149,OK,66,23,1023,1023,479.63,465.19,670.6,476.92,580.14,598.66
1150,OK,65,25,1027,1027,480.44,467.26,672.1,479.05,580.97,603.16
1151,OK,64,28,1031,1031,482.23,468.89,674.49,483.54,580.82,610.28
1152,OK,68,29,1025,1025,483.94,467.43,675.04,482.72,582.42,608.84
1153,OK,66,26,1026,1026,482.24,467.85,673.6,483.26,581.71,604.37
1154,OK,63,31,1023,1023,478.56,468.98,669.22,483.85,575.36,608.06
1155,OK,56,23,1038,1038,478.06,466.74,671.33,484.28,576.32,609.13
1156,OK,56,28,1036,1036,477.16,470.03,670.12,487.16,574.74,614.12
1157,OK,55,33,1034,1034,476.44,470.9,669.0,489.03,572.07,620.09
1158,OK,54,32,1039,1039,477.34,470.61,670.72,489.38,573.82,622.12
1159,OK,53,31,1037,1037,476.95,467.61,669.55,490.59,569.4,619.27
1160,OK,51,29,1040,1040,477.11,467.95,670.35,490.69,570.17,620.19
1161,OK,54,25,1036,1036,478.62,464.1,670.99,487.62,570.5,610.93
1162,OK,56,29,1033,1033,478.79,465.9,670.59,489.13,569.99,614.09
1163,OK,51,27,1039,1039,476.76,468.4,669.79,490.5,568.35,614.19
1164,OK,51,30,1041,1041,476.42,471.29,669.89,492.93,568.87,619.16
1165,OK,49,30,1043,1043,475.67,471.41,669.51,492.84,568.89,619.88
1166,OK,52,30,1041,1041,477.06,471.31,670.62,491.79,571.44,619.61
1167,OK,57,30,1036,1036,478.81,471.61,671.7,489.24,575.15,616.61
1168,OK,65,29,1029,1029,484.87,466.89,676.18,488.31,579.28,609.78
1169,OK,59,21,1044,1044,485.63,466.42,679.67,488.07,580.07,609.51
1170,OK,56,26,1050,1050,486.36,468.91,681.21,492.96,580.06,622.35
1171,OK,57,29,1049,1049,486.42,469.44,681.08,494.27,578.55,624.4
1172,OK,56,28,1050,1050,487.62,469.06,682.11,496.72,578.7,624.15
1173,OK,54,24,1061,1061,488.56,470.74,685.09,497.55,581.41,625.66
1174,OK,58,19,1061,1061,492.04,469.85,688.81,496.06,586.39,615.56
1175,OK,74,22,1047,1047,500.55,465.86,694.52,493.37,598.21,611.85
1176,OK,83,20,1037,1037,502.96,466.0,695.28,490.96,603.23,598.32
1177,OK,83,18,1031,1031,501.79,461.83,692.96,487.36,600.45,592.07
1178,OK,77,15,1040,1040,499.73,462.03,692.55,487.26,598.42,596.55
1179,OK,65,7,1058,1058,496.17,462.02,692.45,487.71,594.53,597.44
1180,OK,64,21,1044,1044,490.84,465.85,684.43,490.61,585.77,608.56
1181,OK,63,16,1061,1061,494.25,469.9,691.38,492.84,593.55,611.28
1182,OK,121,7,1073,1073,554.75,471.53,754.45,490.48,659.78,605.56
1183,OK,133,17,1063,1063,562.69,478.24,760.73,494.89,667.29,609.49
1184,OK,131,9,1073,1073,563.27,476.09,763.24,491.75,671.1,607.2
1185,OK,142,17,1060,1060,570.63,475.08,768.05,492.7,675.92,611.73
1186,OK,147,21,1057,1057,572.79,476.56,769.74,493.11,679.34,613.61
1187,OK,144,21,1061,1061,572.1,478.07,769.85,495.43,679.0,615.92
1188,OK,143,13,1068,1068,573.14,475.73,772.19,491.26,681.91,612.2
1189,OK,148,19,1060,1060,574.41,478.79,772.26,492.4,683.38,613.62
1190,OK,148,23,1057,1057,573.87,478.97,770.86,494.88,680.99,616.03
1191,OK,145,22,1061,1061,571.23,480.91,769.15,494.85,681.72,617.13
1192,OK,134,16,1073,1073,565.18,481.8,765.42,494.33,675.22,617.72
1193,OK,136,18,1070,1070,566.32,482.38,766.04,494.14,677.14,618.36
1194,OK,151,27,1054,1054,574.01,483.13,770.75,496.72,684.21,618.87
1195,OK,150,25,1057,1057,574.32,483.2,771.53,496.06,684.43,617.67
1196,OK,150,24,1058,1058,573.71,483.77,771.28,494.43,686.04,618.01
1197,OK,147,26,1059,1059,572.16,484.03,769.89,495.88,682.47,620.34
1198,OK,150,30,1054,1054,574.08,483.81,770.77,497.36,682.8,623.77
1199,OK,152,33,1053,1053,575.17,484.78,771.56,499.95,683.14,626.25
1200,OK,152,36,1046,1046,572.98,487.26,768.12,502.02,679.54,624.93
1201,OK,148,36,1058,1058,573.33,491.64,770.74,505.75,683.02,631.55
1202,OK,151,38,1057,1057,573.44,495.33,770.79,505.61,686.38,632.68
1203,OK,150,40,1059,1059,575.87,494.96,773.15,512.34,684.32,634.56
1204,OK,146,39,1067,1067,574.41,499.94,773.57,512.22,685.53,639.05
1205,OK,148,39,1069,1069,575.51,501.14,775.08,511.48,689.35,639.85
1206,OK,146,37,1068,1068,574.4,500.12,773.93,510.28,687.47,638.7
1207,OK,143,36,1069,1069,571.96,497.45,771.47,509.63,683.85,637.47
1208,OK,141,35,1072,1072,571.41,497.26,771.46,509.23,682.96,638.93
1209,OK,143,36,1071,1071,572.03,498.98,772.03,509.47,684.15,638.92
1210,OK,140,37,1079,1079,573.02,500.9,774.39,513.27,685.5,645.02
1211,OK,135,36,1084,1084,571.73,500.6,773.87,515.81,682.01,649.18
1212,OK,136,38,1081,1081,571.3,499.75,772.75,517.56,680.02,648.0
1213,OK,138,36,1087,1087,572.58,504.73,775.62,516.19,688.37,649.46
1214,OK,144,38,1082,1082,576.12,505.4,778.16,516.05,692.95,649.27
1215,OK,147,41,1079,1079,577.73,506.71,779.2,517.19,695.08,649.48
1216,OK,151,45,1072,1072,579.91,506.81,780.01,519.62,695.43,650.21
1217,OK,151,45,1073,1073,580.68,507.29,780.81,521.2,694.37,648.42
1218,OK,150,46,1075,1075,580.53,508.35,781.0,523.16,694.79,651.96
1219,OK,147,43,1080,1080,579.96,508.45,781.59,521.75,694.25,651.24
1220,OK,147,44,1078,1078,579.56,509.18,780.7,521.86,693.66,651.73
1221,OK,155,45,1073,1073,584.22,507.6,784.36,522.7,698.25,648.2
1222,OK,149,44,1074,1074,580.41,507.83,780.76,521.75,693.15,648.89
1223,OK,149,45,1073,1073,579.17,507.97,779.4,522.11,691.15,648.5
1224,OK,147,44,1074,1074,578.9,506.96,779.32,521.34,690.66,648.55
1225,OK,150,46,1070,1070,579.56,507.39,779.1,521.86,691.58,647.47
1226,OK,155,51,1065,1065,581.47,508.31,780.18,522.39,694.57,651.61
1227,OK,152,49,1068,1068,580.61,507.76,779.78,522.87,693.5,652.2
1228,OK,148,45,1076,1076,579.88,507.7,780.46,523.33,692.52,651.72
1229,OK,148,43,1078,1078,580.81,506.88,781.75,523.14,693.59,650.83
1230,OK,151,43,1077,1077,581.87,506.61,782.75,521.9,696.28,649.59
1231,OK,157,48,1066,1066,584.03,505.7,782.81,522.12,697.48,649.44
1232,OK,152,40,1079,1079,583.58,504.54,784.76,520.37,698.08,647.02
1233,OK,147,41,1082,1082,580.18,508.44,782.2,520.15,695.75,650.66
1234,OK,142,42,1088,1088,580.73,506.08,783.45,524.5,690.76,656.98
1235,OK,142,42,1082,1082,578.57,506.38,780.02,525.83,687.18,651.85
1236,OK,148,46,1071,1071,578.6,505.02,778.21,522.02,688.78,650.05
1237,OK,149,46,1068,1068,578.18,503.71,777.29,519.12,688.9,649.14
1238,OK,143,38,1070,1070,575.29,494.62,774.58,512.13,681.4,642.66
1239,OK,153,45,1058,1058,580.72,497.7,777.57,518.22,685.13,642.02
1240,OK,155,52,1062,1062,583.71,505.74,781.45,524.83,691.38,651.4
1241,OK,149,50,1062,1062,580.09,502.0,777.09,526.65,683.34,649.43
1242,OK,128,21,1087,1087,569.59,487.13,771.34,511.8,671.62,628.98
1243,OK,121,30,1072,1072,559.91,486.75,758.77,512.66,656.42,633.8
1244,OK,120,26,1079,1079,556.55,492.28,757.68,507.69,661.3,631.26
1245,OK,115,19,1083,1083,553.88,486.52,755.86,502.11,657.98,626.93
1246,OK,111,15,1090,1090,554.42,485.77,757.39,504.6,657.83,626.14
1247,OK,117,23,1082,1082,555.9,489.11,757.63,505.97,660.43,630.91
1248,OK,116,26,1090,1090,557.64,493.59,760.75,511.19,664.23,639.65
1249,OK,120,32,1081,1081,558.4,494.81,759.73,513.14,662.81,641.2
1250,OK,127,40,1072,1072,562.57,496.9,761.86,518.38,664.81,644.87
1251,OK,125,41,1070,1070,558.83,497.93,757.94,518.42,661.7,644.46
1252,OK,122,41,1073,1073,556.78,500.08,756.5,519.31,661.12,645.78
1253,OK,114,37,1085,1085,555.29,499.27,756.86,522.25,656.93,648.45
1254,OK,116,40,1082,1082,555.51,503.12,756.92,521.71,659.02,651.04
1255,OK,121,40,1080,1080,560.22,500.54,760.96,522.56,662.54,649.12
1256,OK,123,40,1086,1086,565.87,499.56,767.27,525.91,665.96,654.84
1257,OK,131,44,1078,1078,569.03,500.47,769.19,524.64,672.83,653.78
1258,OK,125,35,1087,1087,565.22,496.08,767.41,516.79,670.23,649.76
1259,OK,124,35,1086,1086,564.91,493.91,766.71,516.35,669.4,651.77
1260,OK,120,30,1100,1100,565.06,496.9,769.95,514.91,672.75,654.99
1261,OK,110,21,1115,1115,560.95,494.73,768.63,512.58,669.91,653.42
1262,OK,106,19,1116,1116,558.15,492.17,765.98,510.39,666.36,653.4
1263,OK,114,21,1106,1106,560.65,493.42,766.87,509.56,671.52,647.0
1264,OK,108,20,1102,1102,554.52,491.25,760.02,507.13,662.23,644.66
1265,OK,103,15,1111,1111,551.78,490.86,759.05,506.29,661.87,642.76
1266,OK,107,12,1106,1106,553.33,486.55,759.52,502.34,663.89,637.51
1267,OK,107,13,1108,1108,554.49,489.04,761.06,504.87,665.74,637.38
1268,OK,107,16,1120,1120,557.32,498.02,766.48,510.43,674.08,648.53
1269,OK,115,34,1106,1106,565.24,500.01,770.26,526.77,669.58,661.0
1270,OK,115,37,1103,1103,562.77,501.11,767.64,525.46,668.31,662.92
1271,OK,99,15,1111,1111,549.31,486.77,756.59,502.36,655.14,645.78
1272,OK,95,-9,1109,1109,544.54,469.62,751.5,482.79,650.04,615.28
1273,OK,106,-30,1086,1086,546.89,444.79,749.42,460.79,650.59,574.58
1274,OK,103,-46,1086,1086,544.4,433.67,746.98,448.79,647.13,554.72
1275,OK,106,-47,1083,1083,543.67,433.38,745.86,444.13,650.72,551.01
1276,OK,103,-44,1087,1087,544.0,435.44,746.83,450.12,648.1,556.32
1277,OK,101,-43,1089,1089,542.74,436.21,745.81,451.89,647.66,558.23
1278,OK,91,-49,1106,1106,540.24,436.72,746.32,453.58,645.74,563.69
1279,OK,101,-35,1088,1088,543.18,440.37,745.83,459.28,645.7,569.33
1280,OK,105,-28,1081,1081,543.7,445.01,745.3,459.82,646.13,573.54
1281,OK,114,-24,1076,1076,551.86,445.18,752.17,464.04,653.77,574.92
1282,OK,119,-23,1070,1070,553.24,443.59,752.4,463.55,655.43,571.36
1283,OK,117,-19,1069,1069,550.88,446.52,749.72,466.41,651.74,574.22
1284,OK,109,-24,1076,1076,546.17,449.48,746.62,467.57,647.92,569.55
1285,OK,106,-17,1081,1081,544.8,459.67,746.46,475.17,647.87,579.58
1286,OK,105,-20,1088,1088,546.67,459.19,749.52,475.17,651.46,581.38
1287,OK,117,0,1075,1075,552.63,466.28,753.11,482.1,655.63,600.52
1288,OK,123,-4,1070,1070,557.81,461.1,757.03,480.65,659.65,592.45
1289,OK,114,-12,1080,1080,553.38,460.99,754.53,479.41,655.75,586.19
1290,OK,117,-5,1075,1075,551.78,467.1,752.34,481.9,656.39,590.34
1291,OK,117,1,1073,1073,550.27,470.28,750.72,481.28,655.65,598.28
1292,OK,106,-2,1090,1090,547.85,472.2,751.34,483.0,654.1,609.54
1293,OK,109,-2,1088,1088,548.7,474.79,752.11,482.56,657.56,606.0
1294,OK,113,4,1081,1081,550.89,476.15,752.84,487.26,655.78,607.2
1295,OK,120,6,1076,1076,554.6,474.79,755.46,487.37,661.16,608.54
1296,OK,110,-2,1089,1089,551.11,474.19,754.44,487.09,656.23,604.8
1297,OK,113,1,1085,1085,552.04,472.81,754.43,486.49,656.95,606.36
1298,OK,117,5,1076,1076,552.65,473.27,753.59,484.29,658.3,608.05
1299,OK,128,13,1059,1059,556.52,475.76,754.02,490.6,658.87,602.62
1300,OK,118,6,1075,1075,554.28,474.55,754.86,488.43,656.94,606.09
1301,OK,118,3,1076,1076,555.46,472.82,756.14,487.6,657.96,603.67
1302,OK,116,2,1079,1079,554.9,471.93,756.02,487.76,655.54,603.43
1303,OK,118,7,1076,1076,554.6,474.99,755.45,488.44,657.6,609.5
1304,OK,108,3,1090,1090,550.71,477.78,754.07,491.8,655.57,612.56
1305,OK,114,6,1085,1085,553.89,476.87,756.17,492.53,657.92,612.53
1306,OK,118,6,1081,1081,555.75,475.73,757.19,492.36,659.66,608.9
1307,OK,120,8,1076,1076,557.5,475.97,757.86,494.99,659.31,607.25
1308,OK,119,9,1081,1081,556.98,478.43,758.39,495.12,661.46,613.04
1309,OK,118,10,1083,1083,555.89,479.68,757.82,494.21,661.5,616.22
1310,OK,118,12,1084,1084,556.48,482.17,758.74,495.85,663.86,620.95
1311,OK,117,10,1091,1091,557.25,483.68,760.81,497.82,665.83,620.96
1312,OK,117,9,1092,1092,557.81,484.26,761.7,496.78,667.86,620.24
1313,OK,118,11,1092,1092,558.75,485.85,762.64,498.73,668.82,623.37
1314,OK,120,12,1090,1090,559.61,486.98,763.0,499.53,670.29,622.42
1315,OK,121,14,1091,1091,559.8,488.99,763.5,501.03,671.4,624.49
1316,OK,122,16,1085,1085,560.01,488.17,762.52,502.01,668.66,622.83
1317,OK,123,17,1089,1089,561.51,489.91,764.81,502.94,672.52,627.09
1318,OK,137,29,1071,1071,567.63,493.37,767.5,505.6,677.3,629.84
1319,OK,141,33,1063,1063,568.37,493.05,766.77,505.75,677.12,629.64
1320,OK,135,29,1072,1072,566.86,492.42,766.87,505.62,676.13,631.06
1321,OK,130,26,1081,1081,565.27,493.3,766.93,506.41,674.59,633.35
1322,OK,133,33,1074,1074,566.98,495.72,767.27,511.92,673.33,638.06
1323,OK,131,33,1077,1077,567.58,494.95,768.07,513.7,671.57,638.45
1324,OK,132,34,1078,1078,569.2,496.96,770.03,515.14,674.38,641.54
1325,OK,139,37,1071,1071,571.12,497.06,770.73,514.47,678.1,639.73
1326,OK,137,35,1074,1074,571.15,495.64,771.11,514.29,677.35,639.87
1327,OK,139,37,1077,1077,572.39,499.24,773.2,514.96,682.61,642.95
1328,OK,143,40,1077,1077,574.35,503.28,775.22,516.98,687.61,646.8
1329,OK,147,42,1075,1075,577.11,503.94,777.68,518.18,691.45,648.38
1330,OK,143,37,1082,1082,575.87,504.43,777.86,515.78,692.33,647.21
1331,OK,135,33,1089,1089,572.37,502.56,775.53,515.88,685.47,646.29
1332,OK,142,40,1079,1079,575.46,503.25,776.46,520.18,686.09,646.34
1333,OK,142,41,1079,1079,574.56,505.39,775.78,519.67,687.97,648.03
1334,OK,141,40,1079,1079,574.84,504.44,775.91,520.73,684.88,647.26
1335,OK,143,43,1076,1076,575.75,506.39,776.37,522.37,687.86,648.62
1336,OK,137,40,1085,1085,573.4,504.72,775.58,521.91,684.01,650.7
1337,OK,127,29,1100,1100,571.23,502.89,776.15,519.9,682.25,647.89
1338,OK,127,27,1102,1102,570.77,502.36,776.33,517.7,683.69,647.78
1339,OK,128,28,1099,1099,570.09,502.33,775.11,516.58,681.53,645.51
1340,OK,128,29,1096,1096,571.34,497.47,775.3,517.39,679.73,647.96
1341,OK,122,25,1103,1103,567.63,497.39,773.22,514.42,677.48,646.76
1342,OK,107,15,1133,1133,564.39,501.81,775.59,518.84,676.06,653.53
1343,OK,102,20,1126,1126,560.4,500.88,769.56,525.35,666.22,653.79
1344,OK,106,26,1120,1120,560.75,503.91,768.79,527.44,668.25,657.63
1345,OK,102,35,1118,1118,558.21,512.64,765.81,537.62,661.26,664.31
1346,OK,99,35,1125,1125,558.75,511.19,767.39,538.64,659.79,669.25
1347,OK,101,31,1130,1130,561.57,511.65,771.53,536.08,665.51,668.67
1348,OK,112,35,1122,1122,568.49,512.06,776.95,535.82,674.1,668.74
1349,OK,128,43,1106,1106,576.04,515.84,781.99,536.02,683.7,667.8
1350,OK,127,43,1109,1109,575.32,516.32,781.76,535.4,683.88,668.93
1351,OK,124,38,1119,1119,576.86,516.52,784.98,539.25,685.55,668.08
1352,OK,119,36,1120,1120,573.84,514.31,782.16,536.62,680.46,666.67
1353,OK,123,40,1113,1113,574.41,514.31,781.46,535.77,680.91,667.75
1354,OK,124,42,1111,1111,574.92,514.86,781.66,536.38,681.4,670.12
1355,OK,123,38,1112,1112,573.94,515.11,781.11,534.11,681.8,665.35
1356,OK,121,37,1117,1117,573.95,514.03,781.83,535.13,681.16,666.11
1357,OK,124,41,1109,1109,574.31,513.86,780.59,536.26,680.42,666.66
1358,OK,128,44,1103,1103,574.83,513.52,779.97,535.54,682.14,666.67
1359,OK,131,47,1098,1098,576.27,513.72,780.38,536.95,683.35,667.04
1360,OK,132,48,1096,1096,576.58,514.12,780.16,537.35,682.17,667.48
1361,OK,134,51,1093,1093,576.65,514.2,779.74,537.62,682.91,668.71
1362,OK,132,49,1099,1099,577.91,514.12,781.89,539.03,683.77,670.54
1363,OK,132,49,1099,1099,576.15,515.54,780.54,537.29,683.94,670.97
1364,OK,127,45,1106,1106,575.29,515.55,780.92,537.32,682.83,670.9
1365,OK,124,47,1106,1106,573.73,515.76,779.25,539.79,678.65,674.1
1366,OK,127,44,1106,1106,575.84,513.98,781.29,537.82,681.94,669.82
1367,OK,126,46,1104,1104,573.87,515.31,779.1,537.82,680.55,670.98
1368,OK,129,48,1111,1111,577.62,519.24,783.96,543.64,687.66,674.71
1369,OK,124,43,1112,1112,574.78,515.82,781.47,538.31,682.64,671.45
1370,OK,125,43,1110,1110,575.65,514.85,781.99,537.19,682.74,670.24
1371,OK,130,47,1103,1103,577.33,514.78,782.26,538.1,683.91,670.84
1372,OK,128,47,1103,1103,575.91,514.73,780.85,538.04,681.04,669.94
1373,OK,126,46,1107,1107,575.19,515.96,781.07,537.94,681.4,671.93
1374,OK,128,48,1102,1102,576.22,514.78,780.85,538.67,680.92,671.44
1375,OK,126,48,1100,1100,573.59,514.92,778.02,538.61,676.87,670.14
1376,OK,125,44,1104,1104,572.61,513.91,777.9,535.97,679.19,667.38
1377,OK,120,32,1113,1113,570.91,505.47,777.81,528.62,678.29,659.8
1378,OK,113,24,1129,1129,569.72,505.15,779.98,524.91,680.02,661.34
1379,OK,116,27,1120,1120,569.34,504.71,777.82,524.04,678.45,661.38
1380,OK,131,43,1097,1097,576.2,507.64,779.84,532.69,680.59,663.62
1381,OK,131,48,1107,1107,579.88,515.44,785.57,539.5,686.81,674.94
1382,OK,120,49,1124,1124,579.95,517.37,787.55,550.13,682.24,688.97
1383,OK,112,42,1140,1140,578.83,517.87,789.46,550.65,680.4,690.23
1384,OK,116,41,1139,1139,581.79,513.26,791.85,548.31,684.29,689.84
1385,OK,127,43,1120,1120,584.52,511.45,791.48,544.02,687.23,679.21
1386,OK,121,28,1130,1130,581.79,507.23,791.57,532.71,687.16,667.67
1387,OK,141,33,1097,1097,583.35,501.26,787.82,517.34,693.08,653.69
1388,OK,136,9,1089,1089,576.24,477.14,779.24,494.14,684.05,621.95
1389,OK,139,-11,1078,1078,572.39,461.56,773.68,474.02,683.9,588.68
1390,OK,130,-35,1086,1086,569.6,439.38,771.94,457.79,675.4,569.08
1391,OK,121,-40,1084,1084,561.28,435.16,763.14,454.19,664.18,561.2
1392,OK,126,-30,1077,1077,562.49,440.68,763.24,456.93,666.6,568.96
1393,OK,128,-22,1071,1071,563.62,443.08,762.83,464.53,663.01,572.47
1394,OK,129,-6,1072,1072,567.5,454.94,766.64,478.07,663.96,593.79
1395,OK,140,8,1061,1061,571.34,463.47,768.67,485.15,670.58,603.63
1396,OK,130,9,1083,1083,569.55,473.39,771.23,492.46,673.43,617.7
1397,OK,141,26,1068,1068,575.15,484.83,774.24,500.82,676.6,628.88
1398,OK,155,31,1070,1070,584.91,490.93,784.61,504.7,696.1,635.54
1399,OK,152,34,1066,1066,582.9,491.55,781.7,507.58,689.09,634.6
1400,OK,150,33,1065,1065,581.74,489.22,780.07,507.71,684.34,632.19
1401,OK,147,30,1071,1071,579.99,491.15,779.72,505.47,684.42,633.45
1402,OK,148,34,1071,1071,581.85,491.2,781.37,508.54,685.78,638.23
1403,OK,142,33,1078,1078,579.56,494.68,780.48,511.26,683.92,641.08
1404,OK,143,33,1082,1082,580.81,498.02,782.47,513.93,687.56,643.4
1405,OK,144,35,1079,1079,580.13,496.84,781.28,511.96,685.98,644.1
1406,OK,146,32,1078,1078,580.77,493.94,781.85,507.7,688.96,641.64
1407,OK,145,30,1076,1076,580.41,491.73,781.01,507.09,687.02,637.77
1408,OK,143,27,1085,1085,582.64,488.51,784.66,506.9,688.29,640.56
1409,OK,145,31,1081,1081,581.71,491.07,783.17,508.32,687.7,643.55
1410,OK,144,29,1083,1083,581.29,490.43,783.1,506.61,689.34,642.29
1411,OK,144,31,1077,1077,579.72,489.38,780.46,505.96,684.48,640.47
1412,OK,146,30,1081,1081,582.65,489.62,784.02,507.66,689.77,641.89
1413,OK,147,34,1077,1077,582.45,491.73,783.16,508.73,688.62,644.74
1414,OK,147,30,1079,1079,582.7,488.18,783.86,505.16,690.72,642.5
1415,OK,146,27,1084,1084,583.4,488.22,785.34,505.38,692.8,642.63
1416,OK,148,36,1078,1078,584.46,491.07,785.14,511.26,690.88,649.3
1417,OK,147,28,1094,1094,587.04,492.38,790.72,511.63,699.32,649.63
1418,OK,146,31,1095,1095,586.83,492.98,790.57,513.48,699.14,652.94
1419,OK,140,23,1111,1111,585.84,495.06,792.95,511.95,702.0,653.75
1420,OK,142,24,1108,1108,586.28,495.69,792.98,511.16,703.86,653.94
1421,OK,142,23,1110,1110,587.36,495.85,794.24,512.38,704.06,652.63
1422,OK,139,24,1112,1112,584.5,497.69,792.0,512.27,702.04,655.08
1423,OK,136,22,1117,1117,583.72,498.49,792.18,512.52,701.4,655.73
1424,OK,137,23,1121,1121,585.96,500.95,795.07,515.69,704.21,658.45
1425,OK,131,21,1132,1132,585.57,504.24,796.82,518.87,703.7,664.02
1426,OK,146,36,1101,1101,589.02,505.7,794.09,524.79,701.77,657.21
1427,OK,127,29,1122,1122,580.76,506.29,789.6,527.06,692.01,664.16
1428,OK,116,26,1135,1135,576.76,504.17,787.72,528.49,685.75,671.11
1429,OK,122,34,1119,1119,575.59,506.82,783.76,529.04,683.42,668.09
1430,OK,121,37,1115,1115,576.69,505.82,783.11,535.34,676.57,668.98
1431,OK,113,32,1134,1134,575.85,507.71,786.03,535.62,680.84,676.55
1432,OK,119,34,1122,1122,574.62,508.25,783.22,531.52,682.35,671.71
1433,OK,112,31,1127,1127,572.3,504.03,781.29,531.09,674.97,670.62
1434,OK,113,28,1123,1123,570.48,503.3,779.17,527.49,673.44,664.3
1435,OK,101,17,1143,1143,566.3,498.77,779.08,520.02,672.03,666.66
1436,OK,96,17,1133,1133,557.35,497.15,768.65,514.04,662.12,661.16
1437,OK,112,26,1105,1105,559.58,497.84,765.73,512.16,667.1,651.62
1438,OK,116,29,1089,1089,558.92,494.19,761.67,514.15,660.61,642.87
1439,OK,107,14,1098,1098,553.53,485.42,758.01,504.61,656.47,631.51
1440,OK,101,5,1113,1113,552.96,485.17,760.55,500.56,658.99,630.31
1441,OK,104,12,1103,1103,551.13,486.12,756.92,500.97,657.45,633.15
1442,OK,110,17,1097,1097,553.78,489.3,758.51,503.6,661.31,634.32
1443,OK,104,13,1102,1102,551.21,488.83,756.89,503.29,657.15,633.48
1444,OK,109,20,1096,1096,555.67,486.76,759.77,506.17,656.89,639.6
1445,OK,108,16,1097,1097,554.11,482.84,758.48,500.91,657.5,637.26
1446,OK,110,14,1093,1093,553.92,480.2,757.6,497.48,657.39,631.78
1447,OK,122,19,1083,1083,559.47,484.34,761.52,498.04,667.19,630.78
1448,OK,120,21,1082,1082,559.91,486.92,761.45,505.78,662.75,628.11
1449,OK,117,20,1085,1085,557.94,485.7,760.0,505.12,660.77,629.74
1450,OK,113,19,1091,1091,555.89,485.84,759.04,504.84,659.35,632.91
1451,OK,112,20,1088,1088,555.0,485.57,757.61,505.31,656.91,632.89
1452,OK,115,16,1088,1088,556.87,483.23,759.57,501.3,661.22,628.85
1453,OK,115,14,1086,1086,555.76,482.15,758.14,498.86,660.08,625.0
1454,OK,114,14,1091,1091,555.89,482.71,759.35,499.12,661.19,627.78
1455,OK,111,15,1096,1096,556.84,484.41,760.89,503.78,660.65,633.61
1456,OK,112,16,1095,1095,557.44,484.27,761.18,505.08,659.18,632.4
1457,OK,109,16,1103,1103,557.68,485.97,762.88,507.47,659.75,638.08
1458,OK,111,15,1097,1097,556.69,485.86,761.07,503.25,660.11,631.66
1459,OK,104,21,1100,1100,553.82,488.4,758.51,509.78,653.07,644.18
1460,OK,112,31,1094,1094,560.14,494.51,763.12,520.85,656.74,650.18
1461,OK,117,33,1097,1097,566.52,496.16,769.53,526.35,662.64,651.12
1462,OK,116,32,1098,1098,566.08,496.41,769.21,525.85,663.0,652.74
1463,OK,116,33,1090,1090,561.21,495.4,763.68,519.95,659.72,648.64
1464,OK,86,9,1112,1112,542.28,483.98,749.23,504.48,640.18,636.44
1465,OK,67,-4,1129,1129,527.73,482.59,738.37,497.02,629.93,630.34
1466,OK,61,-6,1113,1113,515.35,473.68,723.02,489.05,615.67,619.01
1467,OK,66,-6,1100,1100,516.67,469.82,721.75,486.23,613.44,611.74
1468,OK,80,-9,1088,1088,526.86,460.2,729.17,482.42,621.64,599.52
1469,OK,99,-5,1080,1080,538.87,462.86,739.68,484.43,639.88,596.8
1470,OK,90,-26,1103,1103,538.84,455.12,744.08,476.09,640.94,585.59
1471,OK,86,-22,1104,1104,536.59,458.78,742.07,478.92,637.2,592.17
1472,OK,90,-15,1097,1097,538.03,461.77,741.94,483.76,637.1,595.07
1473,OK,93,3,1087,1087,536.91,469.34,739.3,488.22,634.47,613.82
1474,OK,93,2,1088,1088,537.34,470.86,739.98,489.29,636.92,612.7
1475,OK,95,6,1087,1087,537.95,474.16,740.45,491.23,637.94,617.06
1476,OK,94,6,1091,1091,538.53,477.15,741.95,493.83,639.64,617.96
1477,OK,86,2,1100,1100,534.51,478.84,739.68,495.04,636.17,618.83
1478,OK,87,2,1100,1100,534.63,480.41,740.01,493.64,637.83,618.69
1479,OK,93,4,1101,1101,539.99,478.0,745.21,494.57,643.89,623.65
1480,OK,105,14,1080,1080,544.88,480.13,746.02,498.84,645.5,618.78
1481,OK,104,15,1082,1082,545.66,483.18,747.21,501.05,645.48,620.98
1482,OK,106,16,1089,1089,546.78,485.54,750.01,499.71,652.96,627.66
1483,OK,103,12,1095,1095,547.65,485.1,751.9,499.57,651.68,627.16
1484,OK,101,16,1097,1097,546.99,487.94,751.64,502.38,650.31,633.38
1485,OK,99,16,1100,1100,546.09,490.91,751.4,503.95,650.2,635.66
1486,OK,99,17,1107,1107,549.31,491.21,755.46,509.73,652.65,640.52
1487,OK,105,23,1097,1097,550.92,492.65,755.33,511.06,653.43,641.61
1488,OK,105,24,1103,1103,553.36,496.91,758.55,517.65,657.01,644.02
1489,OK,118,36,1082,1082,558.74,499.87,759.67,523.54,660.65,642.81
1490,OK,118,35,1084,1084,559.39,499.25,760.43,524.82,660.86,642.0
1491,OK,116,39,1085,1085,555.52,505.27,757.44,525.91,660.36,647.88
1492,OK,121,46,1077,1077,557.98,507.11,758.03,529.96,661.25,649.6
1493,OK,109,33,1092,1092,554.46,498.71,757.3,522.59,655.1,648.55
1494,OK,111,32,1090,1090,555.28,497.36,757.85,520.73,656.53,646.22
1495,OK,116,40,1081,1081,556.78,500.92,757.13,527.31,655.86,647.5
1496,OK,119,44,1073,1073,556.29,502.5,755.42,527.92,655.52,646.56
1497,OK,111,34,1089,1089,555.03,498.01,756.94,524.0,654.19,645.56
1498,OK,114,36,1087,1087,555.92,500.32,757.8,523.61,657.28,646.87
1499,OK,112,35,1095,1095,559.23,502.49,762.47,528.1,658.49,648.79
1500,OK,121,46,1083,1083,563.2,506.89,764.12,532.88,661.89,655.16
1501,OK,113,37,1094,1094,562.13,500.93,764.71,530.07,657.5,654.16
1502,OK,122,46,1083,1083,563.48,506.28,764.36,532.45,662.24,655.81
1503,OK,119,43,1085,1085,562.63,504.12,763.78,531.28,660.22,654.24
1504,OK,109,36,1099,1099,560.18,499.87,763.57,528.88,655.74,655.89
1505,OK,113,40,1098,1098,563.44,502.64,766.61,532.36,659.71,660.78
1506,OK,115,38,1096,1096,563.59,501.11,766.4,530.22,661.17,658.12
1507,OK,117,42,1090,1090,564.0,501.82,765.77,531.54,660.12,658.26
1508,OK,117,40,1096,1096,565.62,502.75,768.5,531.73,664.07,659.19
1509,OK,126,47,1085,1085,568.28,506.22,769.2,533.98,668.12,659.22
1510,OK,122,42,1096,1096,569.81,506.57,772.78,534.6,670.58,659.84
1511,OK,121,45,1096,1096,569.36,508.93,772.38,536.93,667.7,663.73
1512,OK,123,44,1095,1095,569.91,507.25,772.76,535.04,669.79,662.08
1513,OK,125,47,1091,1091,570.24,508.03,772.36,536.02,670.12,663.05
1514,OK,124,47,1092,1092,571.26,508.28,773.41,537.67,669.32,664.68
1515,OK,123,48,1093,1093,570.01,509.82,772.67,537.02,668.5,664.61
1516,OK,126,53,1088,1088,571.28,512.3,772.94,540.11,668.06,668.64
1517,OK,124,51,1088,1088,571.13,508.94,772.33,539.51,666.14,666.43
1518,OK,113,41,1111,1111,568.4,508.69,773.87,539.46,664.97,668.95
1519,OK,112,38,1118,1118,571.89,508.72,778.38,541.09,668.22,671.07
1520,OK,117,41,1117,1117,573.79,509.85,780.52,539.32,673.42,674.08
1521,OK,120,41,1108,1108,574.11,508.98,779.33,537.34,672.17,668.29
1522,OK,125,45,1103,1103,575.25,508.79,779.62,537.44,674.64,669.53
1523,OK,139,52,1078,1078,577.13,510.66,777.36,533.57,680.01,660.21
1524,OK,134,49,1079,1079,575.55,504.18,775.29,532.6,671.8,657.84
1525,OK,133,41,1088,1088,574.94,503.97,777.07,527.44,678.08,655.59
1526,OK,117,30,1109,1109,568.73,499.25,774.68,523.6,670.59,657.08
1527,OK,113,27,1113,1113,566.02,500.59,773.07,522.12,669.94,655.7
1528,OK,108,23,1123,1123,564.45,500.54,773.46,520.31,670.73,657.86
1529,OK,106,25,1124,1124,564.95,500.04,773.75,523.72,666.76,663.74
1530,OK,113,29,1116,1116,568.96,498.85,776.22,523.15,670.24,663.3
1531,OK,118,31,1109,1109,570.41,497.82,776.45,521.51,671.9,660.97
1532,OK,126,35,1099,1099,573.27,497.68,777.46,520.46,675.49,659.56
1533,OK,121,32,1105,1105,571.81,497.35,776.91,522.84,672.18,659.4
1534,OK,128,37,1096,1096,574.25,498.92,777.88,522.93,676.54,660.18
1535,OK,126,35,1100,1100,573.99,499.73,778.47,522.97,677.55,659.05
1536,OK,123,33,1107,1107,574.09,498.52,779.76,522.67,676.84,661.44
1537,OK,125,33,1105,1105,574.53,497.75,779.94,520.91,677.65,660.99
1538,OK,121,31,1106,1106,572.65,496.82,778.13,520.28,673.58,661.0
1539,OK,115,22,1104,1104,567.01,486.12,771.87,511.26,665.57,651.15
1540,OK,117,16,1094,1094,564.77,482.2,768.01,506.56,663.2,633.26
1541,OK,116,9,1096,1096,561.68,480.42,765.84,497.7,664.32,626.5
1542,OK,111,9,1088,1088,555.61,476.32,758.45,492.38,653.46,622.34
1543,OK,123,15,1074,1074,560.28,476.5,760.5,491.68,660.61,621.38
1544,OK,126,17,1071,1071,561.28,476.46,760.87,493.34,661.93,620.05
1545,OK,123,14,1076,1076,562.77,476.26,763.31,494.08,660.69,618.96
1546,OK,127,22,1076,1076,566.77,483.19,766.98,503.83,664.15,627.89
1547,OK,120,24,1085,1085,565.35,485.08,766.64,510.33,659.96,635.13
1548,OK,126,29,1073,1073,565.18,485.95,764.49,509.64,660.79,633.77
1549,OK,122,29,1076,1076,562.47,488.91,762.63,509.51,659.11,636.4
1550,OK,120,31,1076,1076,561.01,490.75,761.03,511.89,656.52,637.75
1551,OK,124,33,1072,1072,562.62,490.29,761.96,512.29,659.09,637.68
1552,OK,117,32,1084,1084,562.04,491.84,762.92,519.42,655.8,642.97
1553,OK,111,32,1098,1098,562.46,497.85,765.96,524.91,656.22,652.05
1554,OK,109,28,1111,1111,567.62,498.22,773.14,529.29,659.6,653.77
1555,OK,111,38,1111,1111,571.03,504.14,776.09,538.02,660.28,666.04
1556,OK,114,39,1107,1107,571.83,504.43,776.27,537.62,661.7,663.43
1557,OK,118,41,1101,1101,572.46,504.82,775.74,537.78,663.18,661.29
1558,OK,119,41,1103,1103,574.23,505.51,777.66,539.7,664.11,663.08
1559,OK,113,42,1108,1108,570.54,509.4,775.58,539.26,662.66,668.17
1560,OK,111,41,1110,1110,570.56,508.3,775.7,540.65,660.39,668.19
1561,OK,111,43,1111,1111,569.61,510.21,774.85,542.38,660.17,671.27
1562,OK,112,47,1108,1108,569.99,513.36,775.04,543.17,661.39,675.08
1563,OK,110,45,1112,1112,568.85,514.26,774.81,543.57,661.79,673.59
1564,OK,108,45,1116,1116,569.22,515.05,775.59,546.53,660.22,677.04
1565,OK,104,41,1126,1126,567.85,517.91,776.42,546.49,663.31,676.95
1566,OK,102,40,1130,1130,567.27,517.41,776.63,546.52,662.54,678.5
1567,OK,101,42,1129,1129,566.45,518.7,775.39,548.68,659.82,680.3
1568,OK,99,41,1135,1135,565.96,521.03,776.22,549.99,661.05,682.2
1569,OK,97,45,1135,1135,564.68,524.92,775.06,553.24,659.66,686.17
1570,OK,101,48,1125,1125,564.24,524.06,772.6,553.9,658.06,682.3
1571,OK,97,44,1133,1133,562.89,523.64,772.8,552.55,658.82,682.71
1572,OK,102,48,1124,1124,564.15,524.11,772.58,551.21,659.99,682.94
1573,OK,105,52,1117,1117,564.12,524.57,771.33,551.04,658.62,682.93
1574,OK,90,39,1144,1144,563.85,520.49,775.41,552.66,656.23,687.23
1575,OK,89,45,1143,1143,561.84,524.97,773.5,554.65,654.24,693.29
1576,OK,82,41,1153,1153,559.38,524.56,772.91,555.16,650.95,695.16
1577,OK,73,37,1161,1161,553.74,524.61,768.96,552.97,646.61,695.96
1578,OK,67,31,1170,1170,552.18,522.52,768.78,553.27,645.46,694.64
1579,OK,72,39,1160,1160,551.34,527.25,766.47,555.49,645.54,696.82
1580,OK,71,37,1158,1158,550.16,524.75,764.49,555.22,642.96,692.5
1581,OK,72,33,1175,1175,555.9,528.81,773.58,558.41,653.58,697.1
1582,OK,77,38,1166,1166,558.54,528.64,774.24,560.02,655.45,699.65
1583,OK,70,38,1173,1173,554.89,528.25,772.07,558.99,650.47,704.42
1584,OK,72,37,1175,1175,555.74,530.5,773.49,559.33,654.03,705.02
1585,OK,74,40,1168,1168,554.38,533.16,771.38,557.95,653.94,703.75
1586,OK,72,36,1174,1174,555.17,529.02,772.97,556.96,654.22,703.32
1587,OK,76,37,1171,1171,558.07,526.81,774.9,557.55,655.78,703.09
1588,OK,78,40,1163,1163,556.85,528.17,772.5,557.07,654.21,700.82
1589,OK,78,39,1162,1162,557.63,526.9,772.79,557.71,654.19,699.53
1590,OK,76,38,1164,1164,556.96,525.05,772.24,557.59,651.96,699.77
1591,OK,75,37,1166,1166,556.33,525.11,772.0,557.73,652.09,699.15
1592,OK,77,40,1163,1163,557.6,525.21,772.61,558.43,651.86,700.56
1593,OK,79,43,1158,1158,556.26,529.02,770.97,557.92,652.67,701.1
1594,OK,82,45,1155,1155,558.77,530.45,772.66,560.27,653.96,700.47
1595,OK,80,42,1162,1162,560.07,528.69,774.99,560.57,655.86,702.01
1596,OK,78,36,1175,1175,562.78,528.29,780.02,561.32,659.18,701.9
1597,OK,74,34,1191,1191,565.32,534.19,785.73,565.62,664.01,708.14
1598,OK,79,30,1186,1186,569.37,528.03,788.82,559.97,666.62,703.71
1599,OK,85,35,1176,1176,570.59,527.62,788.23,558.91,668.23,704.13
1600,OK,79,33,1181,1181,567.55,526.56,785.96,559.97,662.16,703.24
1601,OK,75,29,1191,1191,565.54,528.79,786.14,559.61,664.58,704.41
1602,OK,80,40,1173,1173,563.33,533.6,780.82,562.25,661.71,705.85
1603,OK,76,38,1177,1177,561.85,532.23,779.89,562.54,658.73,705.87
1604,OK,78,40,1172,1172,561.68,532.45,778.86,562.35,658.96,705.82
1605,OK,78,37,1174,1174,562.9,529.89,780.3,560.76,659.07,703.48
1606,OK,86,43,1166,1166,566.18,535.46,782.07,565.69,663.94,701.93
1607,OK,83,39,1169,1169,565.24,529.66,781.66,560.97,662.37,702.16
1608,OK,83,40,1165,1165,562.79,528.18,778.56,558.57,660.16,701.44
1609,OK,79,37,1170,1170,562.8,527.86,779.12,560.15,658.31,701.89
1610,OK,82,39,1166,1166,563.05,528.5,778.94,559.03,659.99,701.58
1611,OK,80,38,1173,1173,562.53,529.83,780.06,557.75,660.95,704.25
1612,OK,80,40,1169,1169,561.85,530.05,778.64,558.91,658.31,704.92
1613,OK,81,39,1169,1169,562.01,529.29,778.8,558.0,659.61,703.68
1614,OK,79,38,1171,1171,561.42,529.32,778.6,557.27,659.73,703.07
1615,OK,77,34,1180,1180,564.09,529.4,782.7,559.27,661.5,704.59
1616,OK,78,33,1181,1181,564.8,527.73,783.66,557.41,663.39,704.73
1617,OK,79,35,1178,1178,564.85,528.79,783.04,559.17,662.75,705.58
1618,OK,79,39,1174,1174,564.15,531.1,781.62,561.85,660.6,706.09
1619,OK,81,40,1172,1172,564.19,531.85,781.42,561.7,661.2,706.66
1620,OK,77,31,1187,1187,566.17,528.51,786.04,559.33,664.74,704.95
1621,OK,76,31,1185,1185,565.14,527.57,784.49,559.16,662.49,704.15
1622,OK,77,33,1183,1183,564.46,527.96,783.59,558.25,662.65,706.11
1623,OK,83,31,1177,1177,568.36,524.26,786.3,555.19,665.95,699.39
1624,OK,99,35,1161,1161,575.76,521.23,790.47,553.42,675.94,693.68
1625,OK,114,41,1135,1135,579.1,517.43,789.19,548.32,679.81,683.63
1626,OK,117,38,1128,1128,578.23,514.57,787.49,541.79,680.61,676.54
1627,OK,123,39,1119,1119,578.28,514.58,786.3,537.41,682.93,670.67
1628,OK,126,40,1115,1115,579.13,512.09,786.17,537.51,683.51,669.6
1629,OK,126,42,1108,1108,578.21,510.53,783.57,537.67,680.82,667.99
1630,OK,125,41,1113,1113,577.29,513.09,784.12,537.24,681.53,669.98
1631,OK,123,40,1114,1114,576.27,513.87,783.43,536.35,681.04,670.29
1632,OK,126,43,1111,1111,578.1,514.04,784.7,536.9,682.03,670.83
1633,OK,132,40,1115,1115,583.12,516.35,790.51,537.83,691.55,668.46
1634,OK,132,46,1105,1105,582.46,514.6,787.25,541.81,683.75,668.55
1635,OK,124,32,1112,1112,577.44,505.06,783.82,530.86,680.42,659.86
1636,OK,126,30,1105,1105,577.05,499.4,782.01,525.48,676.93,652.16
1637,OK,127,26,1107,1107,574.65,498.37,780.73,518.57,683.57,650.28
1638,OK,127,28,1106,1106,576.64,496.75,782.18,520.29,681.04,654.92
1639,OK,153,34,1075,1075,583.08,496.98,783.69,509.65,698.36,638.93
1640,OK,155,30,1068,1068,584.7,488.14,783.8,503.82,694.17,633.24
1641,OK,145,25,1080,1080,581.05,485.63,782.2,504.44,689.79,635.85
1642,OK,146,24,1073,1073,578.62,480.58,778.54,498.93,686.28,631.72
1643,OK,133,11,1095,1095,575.47,476.27,779.46,493.72,683.77,631.48
1644,OK,151,17,1073,1073,582.82,472.4,782.7,490.22,691.62,625.23
1645,OK,142,8,1092,1092,582.48,471.7,785.89,490.22,693.12,628.1
1646,OK,144,13,1089,1089,582.27,473.61,784.96,493.9,692.55,631.48
1647,OK,140,15,1091,1091,579.22,476.73,782.34,496.57,689.59,634.44
1648,OK,141,16,1089,1089,579.67,478.58,782.46,496.71,689.39,634.03
1649,OK,138,23,1091,1091,582.78,481.87,785.41,505.48,682.33,644.32
1650,OK,141,30,1090,1090,587.33,484.36,788.97,514.54,684.23,652.2
1651,OK,132,38,1104,1104,591.27,495.59,792.34,542.62,677.5,661.52
1652,OK,132,47,1093,1093,584.34,500.64,783.91,544.63,672.49,663.73
1653,OK,120,41,1097,1097,574.38,499.33,775.38,540.82,662.28,659.79
1654,OK,98,20,1114,1114,557.42,491.22,763.39,522.94,651.09,647.51
1655,OK,86,4,1113,1113,541.47,482.53,748.35,504.91,639.84,628.28
1656,OK,74,-4,1126,1126,536.01,481.05,745.33,503.6,634.31,625.82
1657,OK,68,-4,1128,1128,532.73,481.98,742.38,504.99,628.37,626.98
1658,OK,77,0,1125,1125,536.63,486.05,746.26,504.35,638.25,629.88
1659,OK,85,8,1107,1107,536.47,486.37,742.71,503.97,637.54,628.41
1660,OK,79,6,1118,1118,536.74,488.68,745.08,506.85,635.95,632.97
1661,OK,76,7,1132,1132,538.38,492.07,749.15,512.11,641.77,645.41
1662,OK,85,14,1117,1117,542.28,492.46,749.71,516.7,641.37,641.29
1663,OK,87,18,1114,1114,544.66,493.07,751.16,520.44,641.12,644.24
1664,OK,86,19,1121,1121,546.59,493.8,754.15,523.88,642.8,649.3
1665,OK,88,22,1120,1120,550.51,496.57,757.2,530.58,644.08,651.44
1666,OK,88,25,1122,1122,550.27,503.42,757.82,534.21,645.45,655.04
1667,OK,89,29,1125,1125,551.2,506.58,759.35,536.58,647.37,661.39
1668,OK,85,23,1130,1130,550.53,503.51,759.45,535.59,645.47,658.11
1669,OK,85,24,1128,1128,549.96,504.12,758.41,536.81,644.52,656.85
1670,OK,79,25,1135,1135,548.23,505.96,757.29,542.57,639.75,661.38
1671,OK,80,26,1133,1133,548.9,505.42,757.5,542.54,640.4,661.1
1672,OK,88,35,1127,1127,553.69,511.25,761.46,546.54,645.85,667.36
1673,OK,87,31,1133,1133,555.15,508.28,763.87,545.28,647.67,668.57
1674,OK,78,26,1149,1149,553.36,510.07,765.02,546.91,645.53,673.17
1675,OK,89,33,1129,1129,555.61,510.43,763.57,546.82,647.59,665.84
1676,OK,88,29,1136,1136,556.15,510.8,765.97,543.69,651.87,666.83
1677,OK,84,28,1144,1144,557.76,509.19,768.48,546.29,649.05,673.25
1678,OK,97,26,1125,1125,560.79,500.36,768.19,536.22,655.26,657.79
1679,OK,97,22,1122,1122,558.62,497.94,766.02,530.06,653.97,652.82
1680,OK,142,26,1079,1079,573.61,496.19,774.96,510.33,688.37,627.94
1681,OK,167,23,1055,1055,584.36,483.17,781.44,494.09,706.24,612.85
1682,OK,197,10,1024,1024,600.98,457.97,791.84,474.08,723.43,578.03
1683,OK,194,-8,1036,1036,600.78,450.94,794.13,464.6,727.53,564.06
1684,OK,184,-10,1051,1051,597.73,445.73,793.66,461.47,723.48,576.55
1685,OK,176,-17,1065,1065,597.05,443.8,795.34,462.02,721.09,577.73
1686,OK,158,5,1062,1062,582.0,466.46,780.37,476.85,698.32,600.4
1687,OK,129,-2,1098,1098,567.27,476.1,772.57,481.96,686.82,616.89
1688,OK,110,-1,1111,1111,554.43,483.77,762.23,486.28,672.17,623.36
1689,OK,95,-5,1119,1119,544.9,483.01,754.17,487.56,659.21,622.78
1690,OK,58,-13,1134,1134,521.5,481.5,733.29,491.36,623.62,623.19
1691,OK,43,-14,1124,1124,509.97,474.73,719.39,492.46,596.54,612.86
1692,OK,50,-18,1126,1126,515.85,470.78,725.28,493.48,606.02,608.76
1693,OK,65,-10,1108,1108,521.71,469.68,727.95,490.64,614.05,608.07
1694,OK,65,-10,1119,1119,523.27,477.36,732.24,490.25,621.76,615.28
1695,OK,68,-4,1117,1117,524.03,482.41,732.6,495.56,623.74,620.91
1696,OK,70,9,1115,1115,527.25,490.2,734.98,509.43,623.3,634.0
1697,OK,73,12,1113,1113,531.1,491.16,738.2,512.85,625.34,634.01
1698,OK,82,13,1110,1110,536.11,492.31,742.94,510.76,635.02,635.33
1699,OK,83,14,1109,1109,537.01,492.9,743.46,512.32,635.08,635.14
1700,OK,86,16,1105,1105,537.52,491.91,743.31,511.21,635.61,635.43
1701,OK,81,17,1113,1113,536.1,494.14,743.32,512.93,635.61,643.47
1702,OK,82,19,1110,1110,537.43,494.69,744.0,515.93,634.99,644.39
1703,OK,83,16,1116,1116,541.01,492.91,748.27,517.83,638.05,643.0
1704,OK,88,20,1110,1110,543.13,494.17,749.61,516.43,640.88,645.28
1705,OK,84,21,1115,1115,543.18,495.13,749.92,522.49,637.14,648.74
1706,OK,84,20,1116,1116,543.23,494.76,750.24,521.72,637.32,648.26
1707,OK,89,23,1111,1111,544.07,497.63,750.56,521.4,641.51,647.95
1708,OK,82,17,1123,1123,541.85,495.73,750.4,520.06,639.9,649.19
1709,OK,88,22,1113,1113,544.55,495.1,751.01,521.36,641.83,648.74
1710,OK,86,22,1113,1113,543.02,496.1,749.59,521.99,639.42,647.54
1711,OK,85,22,1117,1117,545.52,495.14,751.9,527.28,637.4,650.11
1712,OK,82,20,1122,1122,545.17,496.22,752.76,527.2,638.14,651.45
1713,OK,86,26,1119,1119,548.27,498.6,754.63,533.63,639.6,655.11
1714,OK,86,25,1118,1118,547.27,500.15,754.01,531.06,640.98,653.32
1715,OK,91,30,1110,1110,548.21,502.34,753.59,533.03,641.11,654.12
1716,OK,92,29,1113,1113,550.6,501.87,756.43,533.2,643.46,653.19
1717,OK,88,27,1125,1125,551.46,505.72,759.39,537.98,645.59,658.01
1718,OK,90,29,1118,1118,551.47,504.72,758.24,536.16,645.13,657.06
1719,OK,98,41,1104,1104,553.44,510.22,757.76,539.6,646.11,661.1
1720,OK,102,44,1099,1099,553.86,512.11,757.28,541.48,648.34,659.78
1721,OK,104,56,1094,1094,555.35,518.37,757.25,551.26,645.75,671.94
1722,OK,101,53,1103,1103,555.91,520.77,759.82,551.81,648.02,672.57
1723,OK,98,45,1128,1128,559.01,527.39,768.32,553.49,661.24,679.26
1724,OK,86,32,1146,1146,556.5,523.08,768.95,551.85,656.8,674.05
1725,OK,74,30,1169,1169,558.09,519.85,773.35,558.1,651.33,689.76
1726,OK,82,37,1161,1161,560.68,525.17,775.33,557.64,657.6,693.89
1727,OK,76,31,1178,1178,559.84,528.66,778.42,556.14,662.05,697.98
1728,OK,89,35,1158,1158,563.06,525.78,777.93,552.48,666.75,689.0
1729,OK,85,27,1169,1169,562.55,522.76,779.65,548.02,668.33,686.93
1730,OK,102,38,1141,1141,568.34,522.33,779.78,551.52,671.16,680.24
1731,OK,103,35,1140,1140,569.92,518.76,781.23,547.07,672.04,677.59
1732,OK,116,40,1116,1116,572.38,514.94,779.46,541.67,673.89,669.25
1733,OK,124,42,1108,1108,573.95,517.83,780.07,540.0,679.19,664.89
1734,OK,125,43,1111,1111,576.01,515.86,782.49,539.15,681.4,668.66
1735,OK,126,43,1115,1115,578.4,517.62,785.8,538.99,685.72,671.94
1736,OK,135,49,1098,1098,579.36,518.31,783.69,539.09,686.66,668.69
1737,OK,132,48,1103,1103,578.41,518.0,783.56,540.0,685.83,670.59
1738,OK,127,46,1110,1110,578.34,517.3,784.45,542.43,683.21,673.21
1739,OK,122,42,1122,1122,578.88,518.72,787.15,543.51,684.42,675.91
1740,OK,115,46,1129,1129,577.94,517.51,786.51,550.47,676.11,686.2
1741,OK,111,42,1138,1138,576.91,519.9,787.52,550.46,678.82,687.4
1742,OK,77,35,1185,1185,566.31,532.62,785.62,564.61,663.44,706.97
1743,OK,56,48,1182,1182,550.99,539.92,768.31,580.15,634.81,719.19
1744,OK,42,64,1180,1180,542.51,552.04,758.26,598.21,614.93,733.03
1745,OK,48,71,1176,1176,544.13,559.04,760.15,600.01,621.14,740.23
1746,OK,46,68,1188,1188,546.29,561.67,764.96,600.94,626.36,744.2
1747,OK,49,64,1190,1190,548.14,560.58,767.61,597.14,631.26,740.56
1748,OK,53,53,1187,1187,548.37,550.62,768.0,582.8,633.98,726.06
1749,OK,41,27,1217,1217,549.44,532.54,774.34,567.69,637.63,719.96
1750,OK,56,21,1200,1200,554.32,523.57,776.91,552.34,647.2,704.29
1751,OK,74,23,1175,1175,560.97,514.52,778.63,544.93,652.23,691.65
1752,OK,84,25,1159,1159,565.57,506.48,779.62,541.05,655.24,684.38
1753,OK,85,19,1146,1146,561.13,498.56,773.4,528.32,649.84,670.59
1754,OK,91,11,1127,1127,555.95,485.85,765.55,508.72,649.11,652.42
1755,OK,101,0,1108,1108,554.63,474.54,761.25,491.4,652.75,625.95
1756,OK,110,-2,1082,1082,554.46,465.87,755.89,484.61,647.94,602.78
1757,OK,94,-22,1100,1100,545.01,460.98,750.19,476.61,640.45,588.61
1758,OK,84,-18,1105,1105,537.72,466.1,743.88,480.89,631.9,595.2
1759,OK,76,-17,1115,1115,533.38,472.08,741.48,484.32,629.54,602.57
1760,OK,84,-6,1103,1103,536.55,475.47,742.47,487.42,631.77,608.98
1761,OK,82,-8,1111,1111,536.01,478.13,743.56,486.68,635.52,612.37
1762,OK,86,4,1095,1095,535.64,481.19,740.07,493.95,629.77,615.19
1763,OK,84,3,1098,1098,536.72,482.46,741.46,497.57,628.89,615.17
1764,OK,97,12,1093,1093,544.77,483.94,748.43,501.61,639.98,623.74
1765,OK,102,17,1086,1086,546.82,487.62,749.21,504.33,642.33,624.35
1766,OK,101,12,1094,1094,547.26,488.01,751.39,502.74,647.24,623.82
1767,OK,99,11,1098,1098,546.96,488.36,751.78,502.58,647.5,624.91
1768,OK,88,5,1118,1118,545.78,486.64,754.04,504.38,645.71,633.48
1769,OK,92,12,1110,1110,546.12,490.09,752.97,508.43,645.36,636.49
1770,OK,95,17,1108,1108,549.16,492.4,755.18,514.25,646.43,640.21
1771,OK,92,18,1113,1113,548.92,492.62,755.64,517.53,643.87,643.75
1772,OK,91,23,1113,1113,549.04,496.75,755.66,522.46,642.28,649.87
1773,OK,94,26,1113,1113,552.46,500.75,758.92,527.49,645.25,650.79
1774,OK,98,33,1108,1108,555.68,504.01,760.81,532.78,647.14,656.33
1775,OK,92,28,1122,1122,555.34,504.68,763.04,535.0,647.72,659.99
1776,OK,101,37,1110,1110,557.67,511.65,763.28,539.85,652.43,659.96
1777,OK,100,40,1106,1106,556.4,511.73,760.92,542.37,648.32,659.25
1778,OK,99,46,1104,1104,555.14,516.05,759.79,543.61,646.44,667.18
1779,OK,94,40,1117,1117,555.39,515.61,762.06,546.26,646.06,666.19
1780,OK,91,42,1122,1122,555.91,516.66,763.4,547.78,645.75,674.76
1781,OK,87,39,1129,1129,554.65,516.21,763.39,547.87,643.38,674.44
1782,OK,92,47,1118,1118,555.16,519.85,762.21,548.76,644.11,678.27
1783,OK,89,40,1128,1128,555.47,518.08,764.42,546.54,646.36,677.64
1784,OK,92,43,1126,1126,557.63,518.09,765.98,548.35,648.62,679.05
1785,OK,94,42,1123,1123,557.1,517.61,764.87,548.29,649.32,674.84
1786,OK,94,43,1125,1125,558.16,518.38,766.47,547.76,650.96,678.1
1787,OK,94,44,1125,1125,558.76,518.23,766.91,548.38,650.32,680.18
1788,OK,98,48,1116,1116,559.57,519.15,766.09,548.9,650.66,679.93
1789,OK,97,49,1117,1117,558.38,520.37,765.18,549.91,649.48,680.39
1790,OK,92,45,1127,1127,558.17,519.17,766.7,549.86,648.69,682.38
1791,OK,95,46,1118,1118,557.73,519.18,764.63,548.84,648.36,677.81
1792,OK,96,46,1119,1119,558.36,518.58,765.42,548.56,649.39,677.38
1793,OK,95,46,1119,1119,557.65,517.76,764.79,547.95,648.49,677.81
1794,OK,96,43,1121,1121,559.31,516.56,766.68,547.11,649.25,675.97
1795,OK,95,46,1119,1119,558.57,517.59,765.72,547.33,647.43,678.15
1796,OK,101,47,1108,1108,559.31,516.34,764.48,545.94,648.96,671.04
1797,OK,114,50,1096,1096,565.38,516.15,768.03,546.81,658.51,665.6
1798,OK,109,43,1105,1105,563.87,512.84,768.18,543.88,656.25,661.95
1799,OK,107,34,1108,1108,564.29,504.98,769.26,535.41,656.62,656.36
