k,status,x,y,w,h,rx,ry,lx,ly,nx,ny
0,FAILED,,,,,,,,,,
1,OK,-44,-56,1043,1043,376.02,414.92,571.08,414.12,481.85,515.67
2,OK,-42,-49,1040,1040,376.78,422.26,571.21,420.48,483.83,521.17
3,OK,-44,-49,1045,1045,375.92,424.58,571.27,422.66,482.69,523.09
4,OK,-43,-48,1041,1041,375.88,423.82,570.49,421.89,482.41,521.82
5,OK,-38,-47,1037,1037,380.51,419.3,574.49,421.72,484.27,521.82
6,OK,-35,-44,1030,1030,382.29,417.93,574.94,419.42,483.29,524.06
7,OK,-44,-40,1035,1035,375.47,422.18,568.99,421.72,475.43,532.49
8,OK,-48,-25,1018,1018,366.36,431.42,556.76,428.94,462.29,539.25
9,OK,-62,-18,1010,1010,349.57,436.72,538.15,427.14,444.12,542.66
10,OK,-72,-12,1001,1001,333.81,438.53,520.52,426.07,429.1,544.44
11,OK,-76,-2,980,980,322.61,443.04,505.18,426.35,415.68,542.56
12,OK,-91,-2,1014,1014,315.86,455.74,504.67,438.71,422.88,564.74
13,OK,-99,7,1025,1025,308.08,471.68,498.26,448.33,423.6,579.62
14,OK,-110,9,1037,1037,300.72,484.14,493.06,458.63,420.99,583.96
15,OK,-117,10,1045,1045,296.7,487.15,490.51,461.7,416.73,590.74
16,OK,-102,21,1029,1029,302.08,495.45,492.25,465.87,427.4,591.25
17,OK,-101,22,1032,1032,302.71,499.8,492.84,467.09,432.66,593.36
18,OK,-100,26,1035,1035,303.84,505.34,494.4,471.66,435.97,598.64
19,OK,-104,25,1040,1040,301.38,509.97,492.15,472.11,435.96,600.26
20,OK,-120,19,1063,1063,295.75,514.99,490.52,475.56,430.01,606.35
21,OK,-115,22,1055,1055,296.75,511.78,490.28,473.09,431.74,605.66
22,OK,-104,28,1033,1033,298.0,506.48,488.04,471.62,431.51,600.12
23,OK,-98,27,1023,1023,300.89,501.28,489.72,469.91,431.9,591.03
24,OK,-101,11,1032,1032,300.51,487.88,491.03,457.01,435.44,583.0
25,OK,-99,10,1026,1026,300.97,480.38,490.23,448.79,433.8,581.77
26,OK,-99,-5,1030,1030,306.37,464.49,497.8,443.28,431.52,567.29
27,OK,-81,-7,1019,1019,318.8,453.65,508.73,438.51,443.1,559.09
28,OK,-73,-26,1017,1017,327.38,437.48,516.92,421.29,448.93,535.06
29,OK,-84,-52,1039,1039,325.03,424.71,517.92,401.9,449.12,522.45
30,OK,-73,-60,1014,1014,328.93,401.71,517.48,381.88,445.82,504.18
31,OK,-82,-70,1029,1029,327.17,395.75,518.84,379.45,442.18,501.07
32,OK,-84,-75,1030,1030,327.76,392.66,519.87,378.85,438.91,495.49
33,OK,-76,-67,1017,1017,329.07,390.89,518.99,380.25,440.12,497.51
34,OK,-87,-71,1022,1022,323.17,390.81,514.01,381.14,431.23,494.13
35,OK,-98,-76,1038,1038,320.12,391.44,514.1,384.33,426.36,498.28
36,OK,-97,-76,1036,1036,319.21,392.08,512.82,383.79,426.48,496.39
37,OK,-96,-71,1037,1037,319.85,394.6,513.66,387.24,427.29,503.73
38,OK,-99,-73,1039,1039,317.32,395.83,511.46,386.08,425.66,502.14
39,OK,-100,-71,1041,1041,318.54,396.47,513.11,390.89,424.21,504.35
40,OK,-101,-68,1038,1038,317.99,397.1,512.01,393.04,422.58,507.22
41,OK,-101,-69,1035,1035,316.44,396.16,509.97,391.17,420.35,503.77
42,OK,-100,-66,1031,1031,315.65,396.9,508.41,390.64,419.35,505.44
43,OK,-104,-72,1033,1033,313.08,395.97,506.01,387.41,416.41,497.72
44,OK,-106,-77,1037,1037,313.23,392.56,507.11,385.66,415.8,493.01
45,OK,-118,-92,1059,1059,311.71,388.85,509.74,383.31,413.21,489.47
46,OK,-119,-100,1067,1067,313.45,388.0,512.88,383.07,415.09,482.42
47,OK,-103,-90,1044,1044,320.43,381.86,515.72,381.62,421.02,482.67
48,OK,-97,-86,1039,1039,325.04,379.2,519.37,384.19,421.88,485.25
49,OK,-95,-85,1034,1034,326.93,380.04,520.23,385.84,422.34,481.95
50,OK,-93,-84,1033,1033,327.14,381.06,520.26,386.77,423.74,481.39
51,OK,-91,-71,1025,1025,325.05,386.16,516.66,389.72,422.48,495.07
52,OK,-98,-71,1030,1030,318.96,396.73,511.68,397.59,419.61,491.19
53,OK,-136,-64,1016,1016,272.74,401.01,462.67,400.12,376.31,489.17
54,OK,-151,-40,1014,1014,257.09,421.52,446.74,416.65,360.91,515.91
55,OK,-97,-20,991,991,304.58,425.18,489.99,425.26,400.49,526.26
56,OK,-98,-22,1001,1001,307.39,428.05,494.63,424.54,404.26,531.08
57,OK,-100,-21,1005,1005,307.02,430.94,494.97,428.09,404.45,532.92
58,OK,-102,-24,1010,1010,307.29,430.11,496.23,429.46,404.59,533.14
59,OK,-108,-24,1015,1015,303.86,432.1,493.7,429.73,400.17,535.94
60,OK,-105,-20,1008,1008,305.2,432.73,493.72,432.3,399.69,536.19
61,OK,-102,-12,1000,1000,304.58,436.4,491.54,433.87,398.16,541.38
62,OK,-105,-16,1014,1014,306.69,438.73,496.34,436.63,404.31,545.47
63,OK,-103,-14,1019,1019,308.35,440.42,498.95,438.5,408.49,550.65
64,OK,-102,-12,1016,1016,309.22,440.06,499.15,439.93,408.38,552.33
65,OK,-103,-40,1039,1039,315.72,427.26,509.95,427.49,420.51,531.99
66,OK,-112,-60,1063,1063,317.4,417.87,516.21,417.1,422.73,525.97
67,OK,-90,-52,1030,1030,324.47,411.55,517.14,410.07,430.21,516.48
68,OK,-80,-58,1024,1024,330.62,402.4,522.08,403.49,438.49,505.37
69,OK,-70,-46,1010,1010,335.41,406.23,524.16,411.3,441.38,510.32
70,OK,-68,-39,1010,1010,338.17,410.08,526.92,416.48,443.43,519.58
71,OK,-79,-39,1035,1035,336.22,418.09,529.67,423.12,444.36,536.39
72,OK,-76,-31,1033,1033,338.74,420.58,531.68,428.99,444.85,545.72
73,OK,-76,-26,1028,1028,337.77,423.9,529.91,431.92,442.38,548.97
74,OK,-75,-21,1019,1019,335.63,423.89,525.99,433.88,437.35,548.77
75,OK,-82,-21,1023,1023,332.28,424.47,523.27,435.64,431.63,550.36
76,OK,-87,-26,1029,1029,330.63,422.83,522.78,434.53,429.15,547.4
77,OK,-82,-19,1018,1018,331.81,424.23,521.72,437.27,428.52,550.56
78,OK,-81,-16,1017,1017,331.54,426.25,521.41,437.66,428.07,553.83
79,OK,-88,-20,1032,1032,331.82,427.79,524.43,440.7,429.2,558.3
80,OK,-77,-17,1025,1025,335.92,428.68,527.35,438.73,438.93,557.78
81,OK,-70,-15,1021,1021,340.38,427.17,531.01,437.87,445.32,558.87
82,OK,-57,-14,996,996,343.72,420.59,529.72,430.12,446.05,543.52
83,OK,-59,-10,995,995,340.95,427.31,526.97,435.0,442.73,544.2
84,OK,-60,-21,1000,1000,343.27,418.56,530.1,428.31,445.05,536.07
85,OK,-58,-21,997,997,342.23,417.88,528.47,425.04,445.45,534.0
86,OK,-62,-25,999,999,339.28,415.73,526.0,422.44,442.92,529.19
87,OK,-71,-36,1015,1015,337.86,412.31,527.57,419.66,441.0,526.43
88,OK,-71,-44,1016,1016,337.63,407.57,527.55,415.12,441.88,517.26
89,OK,-81,-65,1039,1039,337.08,395.3,531.25,403.13,442.12,510.07
90,OK,-85,-77,1044,1044,337.99,388.06,532.82,400.03,439.87,497.61
91,OK,-92,-86,1056,1056,338.01,381.09,534.75,399.15,437.4,494.02
92,OK,-94,-95,1063,1063,337.71,379.77,535.92,394.53,437.77,485.4
93,OK,-92,-94,1058,1058,337.69,378.31,535.02,391.73,438.26,485.21
94,OK,-80,-85,1039,1039,340.31,377.44,534.16,392.05,442.01,484.55
95,OK,-75,-85,1036,1036,342.54,377.62,535.99,388.95,448.0,483.4
96,OK,-70,-87,1030,1030,343.45,377.96,536.1,382.26,451.25,476.53
97,OK,-77,-93,1036,1036,339.52,374.94,533.23,378.89,447.12,474.12
98,OK,-74,-99,1033,1033,341.32,368.21,534.39,374.04,447.98,464.43
99,OK,-77,-101,1031,1031,337.01,369.83,529.86,372.1,443.69,457.88
100,OK,-88,-112,1045,1045,333.55,366.62,528.93,369.14,438.24,452.24
101,OK,-89,-108,1034,1034,328.43,365.37,521.74,367.13,431.98,453.63
102,OK,-90,-94,1033,1033,327.62,374.88,520.83,377.01,429.71,469.22
103,OK,-93,-94,1043,1043,327.57,377.48,522.65,377.96,432.53,476.33
104,OK,-82,-76,1017,1017,329.28,380.03,519.54,383.36,429.07,482.59
105,OK,-85,-77,1019,1019,325.84,385.99,516.44,385.56,428.01,478.79
106,OK,-110,-82,1064,1064,322.94,393.46,521.72,400.6,422.6,503.17
107,OK,-110,-73,1056,1056,322.12,394.26,519.25,405.99,416.71,511.68
108,OK,-98,-66,1037,1037,323.38,394.27,517.08,403.54,420.52,506.01
109,OK,-93,-55,1023,1023,325.12,394.51,516.03,407.35,417.37,511.34
110,OK,-92,-57,1021,1021,325.19,392.24,515.71,405.84,417.54,507.67
111,OK,-93,-58,1020,1020,324.0,392.89,514.4,405.66,416.69,506.04
112,OK,-93,-58,1021,1021,323.19,392.75,513.63,405.82,415.94,506.2
113,OK,-90,-54,1017,1017,325.72,392.65,515.36,408.3,417.44,509.24
114,OK,-84,-40,1000,1000,323.31,406.53,510.21,415.18,416.81,509.71
115,OK,-90,-35,1011,1011,320.01,417.1,509.08,422.37,416.77,521.3
116,OK,-85,-25,1003,1003,320.88,424.24,508.44,431.0,418.12,526.31
117,OK,-83,-6,994,994,321.54,433.68,507.3,442.94,414.21,545.4
118,OK,-87,2,1003,1003,320.41,442.72,507.71,451.53,414.18,560.51
119,OK,-90,5,1010,1010,322.03,445.85,510.42,458.69,413.78,569.25
120,OK,-88,7,1009,1009,323.57,447.26,511.69,462.43,415.02,569.03
121,OK,-82,15,1005,1005,328.74,450.26,515.93,468.16,418.35,576.61
122,OK,-83,19,1006,1006,328.82,452.9,516.05,471.32,418.84,582.55
123,OK,-75,21,999,999,333.64,453.21,519.48,472.77,423.36,578.73
124,OK,-73,17,1005,1005,335.72,454.61,523.04,471.05,429.0,575.81
125,OK,-63,21,994,994,340.31,455.67,525.58,469.84,436.69,575.18
126,OK,-61,17,998,998,342.87,455.65,529.17,468.26,441.48,571.63
127,OK,-61,18,993,993,340.82,451.95,526.1,465.7,437.19,570.1
128,OK,-63,16,994,994,340.08,450.65,525.61,463.46,436.96,569.5
129,OK,-66,13,999,999,338.75,449.75,525.24,462.51,435.46,567.98
130,OK,-63,15,994,994,340.12,450.39,525.68,462.65,437.03,569.29
131,OK,-56,20,985,985,341.95,449.99,525.78,461.91,439.44,568.14
132,OK,-60,12,996,996,342.92,449.08,528.94,459.87,441.86,566.4
133,OK,-55,10,992,992,344.55,448.3,529.81,459.74,445.5,558.88
134,OK,-61,5,999,999,341.41,447.72,528.09,455.24,442.22,557.14
135,OK,-59,-5,995,995,341.52,436.33,527.5,441.87,441.97,546.39
136,OK,-68,-23,1001,1001,339.19,418.65,526.18,429.17,431.59,530.56
137,OK,-77,-59,1033,1033,340.68,400.54,533.77,408.47,441.56,511.37
138,OK,-61,-51,1007,1007,345.53,396.28,533.64,404.27,446.02,505.62
139,OK,-68,-66,1024,1024,345.94,391.26,537.38,399.3,447.74,498.46
140,OK,-59,-63,1012,1012,350.17,389.29,539.09,400.28,451.08,491.4
141,OK,-58,-63,1012,1012,351.93,387.99,540.7,400.5,450.07,493.44
142,OK,-61,-63,1019,1019,353.09,386.8,543.03,402.47,449.25,497.84
143,OK,-62,-68,1024,1024,354.05,385.24,544.99,401.12,452.26,494.9
144,OK,-65,-70,1027,1027,351.91,385.86,543.41,400.78,449.98,493.08
145,OK,-64,-72,1029,1029,352.12,386.16,543.91,401.03,452.17,492.19
146,OK,-69,-77,1032,1032,350.02,384.19,542.47,400.02,448.86,486.18
147,OK,-71,-76,1033,1033,348.85,384.35,541.53,399.5,446.69,488.21
148,OK,-68,-69,1029,1029,350.64,386.5,542.29,404.96,446.17,495.06
149,OK,-61,-51,1009,1009,348.51,397.83,536.74,411.64,445.25,502.69
150,OK,-58,-28,991,991,344.48,413.2,529.59,422.85,437.51,517.55
151,OK,-55,-23,984,984,343.76,417.14,527.6,426.16,439.98,516.42
152,OK,-55,-13,991,991,344.34,428.35,529.6,434.33,443.23,534.47
153,OK,-63,-17,998,998,341.63,427.74,528.17,434.55,438.94,534.1
154,OK,-61,-14,995,995,342.4,430.07,528.34,437.58,437.33,533.93
155,OK,-58,-13,992,992,343.16,431.32,528.59,436.08,441.01,533.18
156,OK,-58,-16,997,997,344.07,429.39,530.46,434.98,442.92,532.92
157,OK,-58,-14,998,998,344.31,431.4,530.89,436.88,445.7,536.35
158,OK,-61,-14,996,996,342.1,428.52,528.22,437.54,439.07,535.15
159,OK,-67,-15,1003,1003,339.52,430.1,526.89,439.88,435.01,537.15
160,OK,-64,-12,993,993,338.81,429.18,524.38,438.34,433.71,535.07
161,OK,-64,-15,995,995,338.93,428.38,524.91,436.85,434.42,532.4
162,OK,-63,-14,992,992,339.41,428.96,524.87,435.66,435.8,532.87
163,OK,-60,-12,988,988,340.45,428.8,525.07,435.44,435.35,532.66
164,OK,-57,-10,984,984,340.67,429.17,524.55,434.3,437.56,533.47
165,OK,-58,-9,982,982,339.77,428.68,523.39,434.83,435.74,532.76
166,OK,-57,-11,982,982,340.46,427.47,524.03,433.63,437.36,530.81
167,OK,-57,-17,986,986,341.58,422.71,525.88,430.9,439.18,526.07
168,OK,-53,-19,977,977,342.55,416.54,525.12,426.11,438.01,517.45
169,OK,-56,-26,982,982,342.5,413.25,525.95,423.3,437.08,513.52
170,OK,-55,-36,994,994,346.09,408.19,531.81,416.26,446.05,510.52
171,OK,-53,-36,992,992,346.88,407.39,532.33,415.49,447.53,509.67
172,OK,-57,-41,1007,1007,348.0,408.14,536.05,416.99,451.32,512.55
173,OK,-51,-29,989,989,347.39,412.7,532.22,421.75,446.87,513.18
174,OK,-50,-24,988,988,350.69,414.67,535.17,425.42,446.63,520.45
175,OK,-51,-25,990,990,349.31,416.52,534.19,426.0,447.58,519.67
176,OK,-54,-30,994,994,346.61,415.82,532.35,422.18,447.44,515.51
177,OK,-52,-30,990,990,346.41,415.18,531.49,418.78,448.67,513.94
178,OK,-57,-41,1004,1004,347.02,408.17,534.53,416.83,449.99,509.63
179,OK,-58,-44,1002,1002,345.76,405.55,533.03,413.1,447.29,505.39
180,OK,-62,-56,1013,1013,345.4,398.39,534.84,404.7,447.97,499.42
181,OK,-58,-58,1006,1006,347.05,392.19,535.15,398.63,449.29,495.68
182,OK,-53,-55,996,996,348.16,389.67,534.34,396.05,449.87,494.76
183,OK,-57,-57,1007,1007,348.12,390.07,536.35,397.86,449.99,498.67
184,OK,-64,-62,1016,1016,346.11,392.03,535.99,400.41,448.41,497.36
185,OK,-63,-61,1019,1019,346.96,394.64,537.46,401.09,450.55,498.26
186,OK,-56,-51,1005,1005,347.46,396.0,535.34,399.62,451.95,505.53
187,OK,-65,-50,1010,1010,343.35,397.4,531.98,406.52,443.43,508.72
188,OK,-70,-55,1023,1023,343.33,399.21,534.36,408.81,443.75,508.32
189,OK,-67,-43,1008,1008,341.79,402.98,530.03,414.33,439.88,515.28
190,OK,-72,-41,1011,1011,337.41,407.58,526.36,415.24,435.81,516.92
191,OK,-68,-36,1002,1002,337.91,408.26,525.2,416.0,435.44,518.23
192,OK,-67,-35,1002,1002,340.4,406.74,527.37,418.57,434.93,520.6
193,OK,-67,-37,1004,1004,340.16,408.12,527.71,417.37,436.15,517.81
194,OK,-72,-38,1011,1011,338.86,408.39,527.73,418.45,434.61,521.14
195,OK,-78,-36,1010,1010,335.71,407.29,524.07,421.48,425.55,525.28
196,OK,-79,-32,1010,1010,334.63,410.56,523.01,424.2,423.56,529.77
197,OK,-74,-31,1005,1005,336.3,408.96,523.79,423.14,426.44,527.57
198,OK,-78,-34,1013,1013,336.4,410.06,525.29,423.55,426.41,528.33
199,OK,-76,-34,1012,1012,336.7,411.13,525.63,421.69,430.04,528.65
200,OK,-89,-45,1034,1034,333.58,410.28,526.54,421.98,426.02,528.97
201,OK,-93,-43,1035,1035,332.4,409.39,525.55,423.01,420.68,532.39
202,OK,-96,-42,1038,1038,330.53,411.49,524.24,424.61,419.85,536.17
203,OK,-93,-35,1035,1035,332.07,412.91,524.83,430.8,419.8,543.32
204,OK,-89,-30,1024,1024,334.23,412.1,524.55,432.85,417.25,542.99
205,OK,-84,-31,1021,1021,338.9,408.07,528.34,432.74,419.78,538.83
206,OK,-87,-36,1024,1024,338.69,405.02,528.43,431.13,418.24,535.16
207,OK,-78,-35,1015,1015,341.28,402.01,529.22,428.21,423.91,530.17
208,OK,-77,-33,1009,1009,338.81,401.29,525.41,429.42,422.29,526.66
209,OK,-80,-47,1019,1019,338.76,394.82,527.9,417.74,425.44,519.08
210,OK,-69,-43,999,999,344.92,387.59,529.49,416.67,424.75,510.56
211,OK,-63,-49,997,997,345.06,386.29,530.31,408.2,432.42,502.71
212,OK,-63,-47,992,992,344.88,384.68,529.02,406.8,429.28,503.32
213,OK,-65,-53,998,998,343.33,385.7,529.28,402.47,433.28,498.95
214,OK,-65,-58,1002,1002,344.44,383.89,530.93,401.66,434.89,494.16
215,OK,-68,-63,1003,1003,343.29,379.65,529.79,399.39,430.55,487.6
216,OK,-75,-72,1012,1012,340.74,378.06,529.06,396.82,428.69,482.34
217,OK,-86,-80,1035,1035,335.8,385.35,528.44,404.03,431.43,480.47
218,OK,-84,-73,1019,1019,334.5,380.59,524.12,398.74,422.31,484.08
219,OK,-88,-79,1031,1031,334.85,379.3,526.84,397.3,423.39,485.18
220,OK,-95,-86,1046,1046,333.23,380.7,528.22,396.48,425.48,487.21
221,OK,-89,-78,1028,1028,332.67,379.91,524.44,394.81,421.65,485.43
222,OK,-91,-77,1022,1022,327.27,380.05,518.23,389.09,419.01,483.65
223,OK,-86,-76,1017,1017,328.11,380.49,518.25,387.13,421.92,480.36
224,OK,-87,-81,1020,1020,327.99,379.92,518.69,385.38,424.06,477.29
225,OK,-87,-86,1022,1022,329.76,376.29,520.8,383.87,423.09,471.36
226,OK,-79,-85,1018,1018,335.53,374.34,525.72,382.14,429.49,470.79
227,OK,-92,-86,1030,1030,327.98,383.78,520.34,392.75,422.9,470.59
228,OK,-78,-79,1013,1013,335.56,377.11,524.9,386.1,427.09,472.54
229,OK,-79,-85,1019,1019,337.69,373.7,527.9,384.5,427.77,470.46
230,OK,-85,-94,1028,1028,336.46,370.12,528.4,380.69,427.18,464.9
231,OK,-87,-96,1030,1030,335.16,370.6,527.58,380.69,425.96,463.08
232,OK,-90,-108,1042,1042,336.37,365.99,531.05,374.57,429.44,457.15
233,OK,-92,-112,1044,1044,335.81,365.94,530.99,372.41,428.54,451.13
234,OK,-79,-110,1031,1031,340.05,364.14,532.82,367.55,437.38,446.15
235,OK,-72,-106,1021,1021,342.36,362.4,533.14,368.65,438.74,443.05
236,OK,-75,-110,1025,1025,341.29,360.79,532.87,367.79,437.63,440.2
237,OK,-80,-113,1026,1026,336.81,359.7,528.54,367.39,434.29,438.19
238,OK,-83,-115,1032,1032,335.49,360.64,528.42,368.62,434.69,439.17
239,OK,-88,-122,1040,1040,333.44,361.8,527.78,367.03,434.24,432.66
240,OK,-86,-116,1039,1039,335.45,360.14,529.47,370.02,433.61,442.81
241,OK,-87,-112,1036,1036,336.22,359.41,529.48,372.24,430.25,446.81
242,OK,-83,-113,1036,1036,339.52,360.46,532.96,371.03,434.82,445.78
243,OK,-78,-113,1035,1035,343.03,357.68,536.5,365.96,438.98,447.95
244,OK,-76,-117,1038,1038,343.97,357.77,538.05,364.05,445.46,443.84
245,OK,-75,-120,1040,1040,344.14,359.93,538.55,363.8,449.46,438.48
246,OK,-78,-117,1041,1041,341.37,364.61,535.96,369.14,446.77,440.72
247,OK,-74,-112,1034,1034,342.58,366.99,535.86,369.71,447.1,442.24
248,OK,-71,-108,1032,1032,343.13,368.81,536.03,371.82,451.94,445.76
249,OK,-72,-109,1031,1031,341.86,367.81,534.54,372.39,448.24,442.43
250,OK,-80,-115,1047,1047,342.31,367.87,538.02,371.92,447.45,448.01
251,OK,-85,-116,1055,1055,340.36,368.72,537.63,373.09,446.85,452.87
252,OK,-95,-123,1068,1068,336.18,375.25,535.78,382.05,443.89,444.42
253,OK,-92,-122,1064,1064,336.41,374.0,535.3,376.49,444.77,445.29
254,OK,-88,-111,1060,1060,338.56,379.28,536.71,380.28,447.84,459.54
255,OK,-81,-95,1045,1045,340.5,380.43,535.87,385.89,445.01,472.53
256,OK,-80,-90,1042,1042,339.54,385.42,534.35,386.95,445.44,476.74
257,OK,-78,-86,1039,1039,339.98,385.52,534.28,388.39,444.94,480.09
258,OK,-71,-77,1023,1023,340.85,385.08,532.13,389.25,444.69,481.17
259,OK,-68,-76,1021,1021,342.45,385.33,533.28,389.05,446.26,481.94
260,OK,-70,-79,1024,1024,341.76,386.55,533.27,388.01,446.74,480.47
261,OK,-70,-80,1030,1030,343.5,387.88,536.08,389.33,451.43,482.73
262,OK,-67,-77,1026,1026,345.1,388.31,537.02,389.57,452.78,484.37
263,OK,-67,-75,1024,1024,345.09,388.52,536.51,393.22,450.38,483.41
264,OK,-64,-74,1020,1020,345.67,387.9,536.49,391.06,452.51,483.04
265,OK,-68,-77,1026,1026,343.94,388.23,535.72,391.74,450.18,483.09
266,OK,-70,-77,1025,1025,341.72,387.43,533.45,392.02,446.55,481.5
267,OK,-69,-74,1016,1016,341.03,384.68,530.96,392.03,442.48,480.17
268,OK,-70,-74,1017,1017,341.19,384.96,531.2,392.32,441.46,480.84
269,OK,-67,-73,1014,1014,341.97,384.55,531.57,390.56,444.94,481.6
270,OK,-71,-76,1020,1020,341.13,384.51,531.86,391.48,441.56,481.62
271,OK,-69,-73,1017,1017,342.04,385.02,532.09,392.34,441.93,481.33
272,OK,-70,-75,1018,1018,341.5,384.48,531.69,391.22,442.4,480.85
273,OK,-73,-76,1024,1024,340.75,387.01,532.14,394.35,443.52,482.61
274,OK,-67,-74,1013,1013,342.72,381.41,532.15,388.15,442.1,480.46
275,OK,-72,-84,1029,1029,344.21,376.34,536.45,384.77,445.13,481.09
276,OK,-81,-85,1040,1040,339.7,386.79,534.15,393.57,442.25,479.83
277,OK,-65,-78,1023,1023,347.3,381.11,538.62,386.35,449.58,484.13
278,OK,-62,-80,1024,1024,350.61,379.42,541.99,385.33,454.08,483.35
279,OK,-64,-83,1028,1028,350.14,379.16,542.34,385.35,454.88,479.81
280,OK,-67,-91,1033,1033,348.53,377.95,541.68,381.68,453.61,472.07
281,OK,-72,-103,1039,1039,346.25,370.1,540.57,373.27,450.91,462.17
282,OK,-74,-107,1036,1036,343.92,368.09,537.63,369.44,449.16,454.84
283,OK,-70,-106,1027,1027,344.35,364.98,536.31,370.87,447.19,447.79
284,OK,-71,-109,1029,1029,343.45,364.51,535.89,370.3,446.58,443.6
285,OK,-78,-110,1030,1030,338.37,364.75,530.91,368.13,440.98,445.05
286,OK,-77,-108,1024,1024,336.68,365.08,528.19,367.1,438.42,442.21
287,OK,-76,-108,1025,1025,337.48,365.64,529.15,368.12,440.34,442.36
288,OK,-76,-106,1022,1022,337.88,366.03,528.93,369.34,438.24,444.17
289,OK,-71,-102,1017,1017,339.42,366.38,529.57,368.69,440.5,444.55
290,OK,-76,-109,1029,1029,339.13,365.57,531.58,369.64,441.1,444.11
291,OK,-74,-108,1027,1027,340.79,364.36,532.76,368.96,442.87,443.54
292,OK,-72,-109,1029,1029,344.31,363.19,536.65,371.18,444.1,444.17
293,OK,-76,-113,1036,1036,343.46,363.76,537.13,370.9,445.57,444.31
294,OK,-74,-107,1031,1031,343.11,365.82,535.7,373.28,444.54,447.18
295,OK,-78,-106,1035,1035,340.46,369.92,534.01,376.01,441.18,449.78
296,OK,-77,-107,1036,1036,341.14,369.13,534.8,373.66,444.59,451.37
297,OK,-74,-105,1032,1032,343.36,366.56,536.17,373.25,445.57,453.5
298,OK,-74,-107,1033,1033,342.3,366.53,535.47,371.93,445.96,450.01
299,OK,-75,-109,1035,1035,342.35,367.33,535.76,372.31,446.65,447.84
300,OK,-76,-111,1037,1037,342.27,366.13,536.05,372.44,445.14,446.38
301,OK,-83,-112,1043,1043,338.63,369.52,533.56,375.7,440.95,445.64
302,OK,-73,-103,1028,1028,342.39,367.89,534.46,374.69,443.95,451.41
303,OK,-72,-103,1027,1027,342.67,367.45,534.54,374.08,444.48,449.61
304,OK,-76,-109,1036,1036,341.53,367.68,535.29,372.76,445.85,448.87
305,OK,-71,-106,1030,1030,343.23,368.14,535.82,372.3,449.17,449.02
306,OK,-71,-106,1033,1033,344.11,367.11,537.13,372.82,449.65,450.79
307,OK,-72,-108,1036,1036,344.81,366.84,538.52,372.64,451.69,451.43
308,OK,-66,-103,1030,1030,347.6,368.93,540.25,373.03,454.96,453.23
309,OK,-48,-87,1005,1005,354.25,368.68,542.2,373.6,461.01,459.74
310,OK,-33,-79,989,989,360.56,369.71,545.44,372.61,469.77,460.02
311,OK,-30,-74,985,985,360.46,372.19,544.6,374.33,472.11,463.56
312,OK,-40,-82,998,998,356.72,371.24,543.35,371.71,468.52,463.61
313,OK,-41,-79,998,998,357.22,372.51,543.77,375.49,467.47,466.01
314,OK,-42,-79,1002,1002,356.93,373.23,544.39,376.8,467.59,469.18
315,OK,-44,-82,1005,1005,356.51,372.53,544.38,375.71,466.47,467.86
316,OK,-37,-73,992,992,357.77,374.97,543.38,376.99,467.87,470.61
317,OK,-33,-65,981,981,357.63,375.8,541.04,377.97,466.63,473.32
318,OK,-37,-67,987,987,354.52,379.39,539.07,378.56,466.27,473.32
319,OK,-32,-66,981,981,356.73,379.01,540.12,382.01,469.29,468.2
320,OK,-42,-75,996,996,353.27,379.38,539.61,381.27,467.05,466.73
321,OK,-41,-74,994,994,353.58,378.78,539.42,380.29,467.46,467.46
322,OK,-40,-80,999,999,354.36,377.0,541.15,378.94,471.27,460.64
323,OK,-42,-81,998,998,354.83,375.67,541.33,380.71,467.27,458.47
324,OK,-44,-77,997,997,352.46,375.77,538.99,378.89,462.92,466.43
325,OK,-48,-76,999,999,349.8,376.16,536.55,378.87,460.41,469.53
326,OK,-47,-73,983,983,345.71,373.26,529.54,375.41,451.65,462.98
327,OK,-48,-77,984,984,345.98,371.26,530.02,375.09,450.43,458.35
328,OK,-49,-80,986,986,346.49,369.22,530.92,374.73,450.53,454.38
329,OK,-42,-74,975,975,347.76,369.69,530.04,375.64,452.98,453.5
330,OK,-37,-70,967,967,348.65,369.56,529.36,376.82,453.58,454.1
331,OK,-39,-70,969,969,347.79,370.7,528.82,378.2,452.13,455.51
332,OK,-47,-80,987,987,347.19,369.27,531.58,375.93,452.97,453.61
333,OK,-57,-92,1006,1006,346.94,368.36,534.89,375.63,452.22,450.7
334,OK,-61,-97,1006,1006,342.46,372.24,530.54,377.81,447.87,437.76
335,OK,-52,-91,991,991,344.69,366.02,529.94,367.7,450.53,441.17
336,OK,-41,-88,979,979,349.54,361.75,532.62,364.9,455.47,439.59
337,OK,-25,-67,943,943,351.22,368.13,527.52,372.49,453.5,438.03
338,OK,-24,-82,958,958,360.25,359.01,539.44,363.94,461.87,433.43
339,OK,-29,-108,978,978,361.5,355.12,544.46,356.44,468.36,408.16
340,OK,-33,-117,991,991,362.76,352.89,548.03,350.28,470.29,405.74
341,OK,-23,-111,975,975,365.14,353.09,547.39,346.68,473.36,402.62
342,OK,-19,-103,973,973,367.58,360.83,549.5,356.73,476.61,408.23
343,OK,-17,-110,974,974,369.04,356.56,551.14,349.28,480.85,402.68
344,OK,-15,-112,980,980,372.26,356.58,555.25,346.89,487.61,404.59
345,OK,-3,-102,961,961,376.77,356.02,556.23,346.87,488.74,406.23
346,OK,-7,-107,971,971,376.93,355.94,558.35,347.34,489.12,405.34
347,OK,-1,-105,967,967,381.16,355.56,561.99,349.81,492.8,404.89
348,OK,2,-104,967,967,383.32,357.55,564.13,350.32,497.21,404.66
349,OK,4,-93,957,957,383.2,360.54,562.09,358.85,492.91,411.91
350,OK,1,-109,967,967,383.62,354.86,564.42,349.04,495.51,397.84
351,OK,-6,-120,984,984,382.99,356.88,566.56,344.92,498.01,393.79
352,OK,7,-114,971,971,390.46,352.35,572.06,347.39,503.09,394.0
353,OK,15,-108,957,957,391.48,352.87,570.3,345.29,505.64,391.13
354,OK,13,-105,961,961,392.25,354.59,572.02,354.78,504.53,396.66
355,OK,12,-114,976,976,398.33,352.97,580.81,353.84,510.7,394.68
356,OK,18,-112,967,967,400.63,351.6,581.56,349.27,512.65,392.38
357,OK,7,-123,989,989,398.57,353.61,583.57,350.92,512.06,390.44
358,OK,10,-118,984,984,398.62,355.0,582.69,359.66,514.32,392.33
359,OK,0,-125,991,991,393.34,352.45,578.66,353.11,505.27,388.73
360,OK,8,-114,973,973,393.22,352.49,575.13,353.44,504.86,391.19
361,OK,4,-114,968,968,387.3,354.86,568.3,347.79,499.42,389.51
362,OK,-2,-116,977,977,385.06,355.05,567.57,348.13,497.11,393.1
363,OK,-1,-117,975,975,384.93,354.35,567.12,346.09,497.07,391.2
364,OK,1,-106,966,966,383.98,359.54,564.65,355.77,494.81,397.03
365,OK,3,-109,962,962,383.62,357.62,563.26,347.73,496.19,391.86
366,OK,8,-110,958,958,387.3,356.23,566.1,344.85,498.59,389.04
367,OK,4,-112,962,962,385.41,356.32,564.94,344.78,495.23,388.34
368,OK,3,-102,958,958,382.06,364.85,561.04,356.22,493.0,393.54
369,OK,2,-103,959,959,381.63,361.85,560.88,353.58,491.61,394.29
370,OK,-4,-109,970,970,381.74,360.22,563.14,356.02,491.42,394.96
371,OK,2,-105,965,965,383.71,359.56,564.07,355.79,494.42,397.92
372,OK,2,-104,963,963,383.24,359.65,563.33,354.78,494.1,398.6
373,OK,2,-105,965,965,384.28,359.08,564.8,355.82,495.23,398.18
374,OK,3,-103,964,964,384.47,359.84,564.81,356.36,496.36,400.63
375,OK,2,-105,968,968,385.36,358.24,566.45,356.05,497.04,400.93
376,OK,-3,-108,973,973,383.09,357.51,565.0,354.86,493.85,399.97
377,OK,-2,-107,971,971,382.4,357.32,564.0,354.02,494.1,400.89
378,OK,0,-107,971,971,383.66,356.48,565.22,354.44,496.31,402.34
379,OK,3,-100,962,962,384.39,357.49,564.34,356.3,495.15,405.92
380,OK,0,-105,967,967,383.64,356.22,564.46,354.94,493.35,400.74
381,OK,2,-105,965,965,384.37,356.15,564.77,354.85,495.35,400.48
382,OK,-1,-110,968,968,382.62,355.49,563.61,351.32,493.0,396.12
383,OK,-2,-110,971,971,382.53,355.31,564.13,352.37,493.62,396.37
384,OK,-3,-114,975,975,383.52,353.8,565.83,351.49,494.72,394.33
385,OK,2,-106,962,962,383.54,355.43,563.53,352.31,493.24,396.58
386,OK,0,-108,968,968,383.48,356.41,564.53,353.07,494.02,398.36
387,OK,2,-105,967,967,383.67,356.68,564.52,353.93,496.1,400.81
388,OK,0,-105,971,971,384.02,358.15,565.56,357.05,495.69,402.93
389,OK,-1,-107,972,972,384.17,358.27,566.02,356.9,495.4,401.25
390,OK,-2,-105,970,970,382.74,362.88,564.17,362.06,493.57,398.14
391,OK,1,-102,963,963,382.99,355.93,563.02,353.11,492.54,404.46
392,OK,15,-90,940,940,385.48,354.12,561.28,349.07,498.22,409.26
393,OK,5,-97,951,951,380.19,356.63,557.99,350.13,492.57,403.94
394,OK,-4,-100,966,966,376.72,359.79,557.15,351.76,491.2,410.37
395,OK,-14,-114,985,985,374.12,358.81,558.01,348.01,490.48,403.75
396,OK,-10,-114,983,983,377.73,356.14,561.2,345.72,492.81,403.14
397,OK,-3,-113,975,975,382.99,353.29,565.29,346.62,495.75,399.16
398,OK,-6,-112,976,976,381.37,355.47,563.89,349.1,492.98,400.75
399,OK,-2,-108,970,970,382.23,355.73,563.51,349.75,494.86,401.43
400,OK,-2,-109,971,971,382.73,355.13,564.26,351.11,492.72,399.86
401,OK,0,-108,966,966,384.08,353.87,564.67,351.95,492.73,399.06
402,OK,1,-107,964,964,383.74,354.27,564.04,350.67,493.56,399.41
403,OK,1,-107,966,966,384.39,353.9,565.07,350.8,493.34,400.44
404,OK,5,-94,959,959,384.45,360.55,563.83,360.84,494.32,409.82
405,OK,2,-94,959,959,381.73,363.52,561.01,362.31,492.5,408.2
406,OK,-1,-96,962,962,380.15,364.74,560.13,363.3,491.23,407.26
407,OK,0,-94,960,960,380.2,365.22,559.84,364.53,491.1,408.77
408,OK,1,-93,959,959,380.7,364.91,560.11,365.35,491.41,408.64
409,OK,1,-94,960,960,380.95,364.15,560.56,365.31,491.43,408.74
410,OK,1,-94,958,958,380.89,364.01,560.04,364.74,490.75,406.66
411,OK,3,-93,957,957,381.43,363.38,560.47,364.19,491.94,408.2
412,OK,3,-92,956,956,381.09,364.0,559.91,364.14,492.04,409.41
413,OK,4,-95,957,957,382.23,360.36,561.18,359.66,493.01,407.52
414,OK,6,-95,957,957,384.61,359.22,563.53,360.23,495.24,407.93
415,OK,5,-97,960,960,385.32,358.1,564.86,359.99,496.26,407.94
416,OK,5,-95,958,958,385.6,357.53,564.74,361.26,494.41,410.59
417,OK,9,-91,953,953,386.14,356.68,564.37,360.94,495.47,411.71
418,OK,9,-90,951,951,385.82,357.27,563.74,360.73,494.58,411.26
419,OK,7,-92,956,956,386.28,357.24,565.01,362.68,495.09,412.38
420,OK,9,-91,953,953,386.57,357.93,564.69,363.29,494.59,411.3
421,OK,7,-90,955,955,384.76,363.51,563.39,366.37,493.93,410.37
422,OK,4,-93,958,958,383.12,363.73,562.25,363.96,494.78,408.96
423,OK,-2,-102,973,973,383.61,362.21,565.61,364.98,494.49,405.06
424,OK,1,-99,965,965,383.2,360.85,563.66,361.43,493.71,405.4
425,OK,-1,-100,966,966,382.62,360.14,563.37,360.16,492.6,406.14
426,OK,2,-98,964,964,383.87,360.83,564.12,361.35,494.78,408.52
427,OK,3,-97,962,962,383.9,360.79,563.76,361.04,494.27,408.21
428,OK,5,-96,961,961,384.26,361.32,563.95,360.3,496.25,408.78
429,OK,2,-95,961,961,381.65,364.69,561.34,363.58,492.75,407.42
430,OK,2,-99,964,964,383.8,360.17,564.03,359.53,494.79,406.59
431,OK,5,-98,957,957,382.89,359.14,561.81,354.77,495.17,404.5
432,OK,4,-98,957,957,382.28,359.95,561.08,353.95,494.13,404.32
433,OK,-2,-105,969,969,380.55,360.84,561.6,353.51,493.83,402.24
434,OK,-1,-104,966,966,380.64,360.04,561.24,353.3,493.29,402.81
435,OK,-1,-103,965,965,380.13,360.32,560.44,351.61,493.53,403.41
436,OK,7,-94,949,949,380.34,358.3,557.75,351.54,493.3,405.39
437,OK,-1,-99,958,958,375.94,359.56,554.83,351.1,491.63,405.25
438,OK,-4,-97,956,956,373.56,361.26,552.22,352.45,487.04,405.86
439,OK,-3,-99,957,957,373.77,359.95,552.6,351.71,487.83,402.92
440,OK,-4,-101,960,960,374.01,360.51,553.34,351.41,489.13,402.45
441,OK,2,-98,955,955,377.23,359.36,555.68,351.19,492.17,402.75
442,OK,-1,-102,961,961,377.64,358.28,557.2,351.84,491.19,402.08
443,OK,-1,-100,956,956,376.06,359.5,554.65,350.94,490.17,401.68
444,OK,0,-95,952,952,374.77,360.15,552.63,351.85,488.66,406.19
445,OK,-1,-94,950,950,374.13,361.28,551.52,352.52,486.51,405.83
446,OK,2,-96,952,952,377.19,359.91,555.09,352.09,491.42,404.93
447,OK,4,-96,954,954,380.72,358.59,559.06,353.06,492.59,406.58
448,OK,3,-101,958,958,381.13,358.45,560.14,351.12,493.4,402.93
449,OK,5,-98,955,955,381.73,357.84,560.33,352.08,493.12,403.51
450,OK,2,-100,959,959,381.42,357.3,560.69,353.51,492.55,404.39
451,OK,5,-98,955,955,381.88,357.55,560.55,354.35,493.33,403.73
452,OK,6,-96,953,953,382.54,358.09,560.72,354.82,493.89,404.05
453,OK,4,-101,959,959,383.11,357.56,562.43,353.87,493.34,402.08
454,OK,6,-99,959,959,384.67,358.68,563.96,354.97,495.74,403.5
455,OK,3,-100,960,960,383.09,359.93,562.54,354.82,494.81,402.72
456,OK,3,-99,962,962,382.7,360.64,562.54,358.46,495.7,405.45
457,OK,4,-97,956,956,381.43,358.13,560.14,355.72,494.11,406.06
458,OK,7,-94,948,948,382.11,357.3,559.35,353.69,493.02,404.72
459,OK,6,-98,954,954,383.7,357.43,562.13,353.92,494.85,402.54
460,OK,7,-100,957,957,384.99,356.74,563.98,352.81,497.26,402.14
461,OK,10,-99,953,953,385.32,356.44,563.46,350.98,497.67,401.83
462,OK,4,-100,957,957,381.51,356.9,560.47,352.3,493.42,403.22
463,OK,-1,-102,959,959,377.09,358.59,556.34,351.43,489.71,399.93
464,OK,-1,-103,963,963,379.28,357.49,559.46,354.47,491.46,400.51
465,OK,4,-97,958,958,382.56,360.14,561.74,360.02,494.36,405.69
466,OK,11,-91,948,948,386.21,359.53,563.46,360.97,496.95,406.99
467,OK,9,-92,950,950,385.18,359.41,562.87,361.16,494.87,406.46
468,OK,5,-94,953,953,382.83,359.46,561.03,359.98,491.89,404.42
469,OK,7,-92,951,951,382.95,359.9,560.83,360.56,493.31,407.26
470,OK,7,-93,951,951,382.84,360.03,560.75,359.36,493.44,405.83
471,OK,6,-95,955,955,383.96,359.01,562.49,360.5,493.68,405.76
472,OK,7,-93,950,950,383.23,359.01,561.0,359.82,492.52,406.3
473,OK,8,-91,948,948,384.0,359.21,561.37,359.72,493.13,407.18
474,OK,9,-94,952,952,385.23,358.73,563.31,359.96,496.0,406.48
475,OK,10,-91,947,947,384.61,358.86,561.73,359.95,493.64,406.47
476,OK,7,-94,953,953,384.23,358.57,562.45,359.32,493.78,405.48
477,OK,11,-91,946,946,385.08,359.16,562.07,359.63,495.37,406.17
478,OK,13,-89,942,942,385.99,358.3,562.2,360.9,495.86,406.2
479,OK,12,-88,943,943,384.75,358.62,561.2,359.93,494.7,406.76
480,OK,9,-92,949,949,383.14,359.15,560.64,358.42,495.36,405.4
481,OK,8,-92,949,949,383.1,358.11,560.65,358.79,494.07,406.25
482,OK,9,-93,949,949,383.91,357.25,561.32,358.09,494.01,405.75
483,OK,8,-94,950,950,382.98,358.92,560.58,357.71,495.05,405.68
484,OK,8,-95,950,950,383.18,357.59,560.91,356.57,494.37,404.13
485,OK,5,-98,956,956,382.05,357.81,560.79,356.0,495.17,403.46
486,OK,5,-96,953,953,381.54,358.34,559.78,355.83,493.05,404.19
487,OK,2,-98,957,957,380.29,357.66,559.35,355.92,491.88,403.89
488,OK,3,-98,957,957,380.64,357.18,559.59,356.52,492.2,403.32
489,OK,4,-98,955,955,380.74,357.26,559.34,356.97,492.03,402.64
490,OK,3,-97,957,957,381.52,357.03,560.48,358.8,491.97,404.3
491,OK,3,-98,956,956,380.99,357.07,559.87,357.33,492.71,403.15
492,OK,4,-98,954,954,380.25,357.52,558.77,356.15,492.71,402.78
493,OK,7,-95,951,951,381.66,356.43,559.48,356.14,493.51,403.74
494,OK,0,-101,959,959,379.95,355.63,559.24,355.62,489.41,402.06
495,OK,-11,-114,964,964,372.9,349.97,553.16,346.84,480.92,389.04
496,OK,3,-99,937,937,373.69,352.21,548.96,349.01,481.19,388.45
497,OK,-1,-98,932,932,369.53,350.4,543.77,346.48,474.38,388.09
498,OK,-11,-110,951,951,368.15,346.61,546.03,349.11,471.05,384.07
499,OK,-12,-100,961,961,368.76,356.32,548.56,358.12,477.46,403.67
500,OK,4,-79,935,935,375.34,359.14,550.16,363.2,479.32,416.5
501,OK,6,-78,942,942,380.02,364.26,556.18,367.54,487.0,421.74
502,OK,0,-83,952,952,377.46,366.84,555.43,367.87,487.16,419.53
503,OK,2,-81,947,947,379.55,363.02,556.72,366.76,482.13,420.01
504,OK,-2,-85,953,953,376.63,363.84,554.88,363.58,482.54,418.35
505,OK,-8,-95,954,954,371.25,360.26,549.6,355.15,478.3,406.53
506,OK,-15,-103,956,956,366.53,355.64,545.17,348.71,470.77,398.8
507,OK,-28,-116,968,968,359.71,351.4,540.7,344.35,462.02,389.32
508,OK,-27,-114,964,964,359.81,351.29,539.9,344.39,461.93,389.82
509,OK,-27,-113,962,962,358.43,352.1,538.2,342.97,460.01,389.41
510,OK,-33,-118,973,973,356.98,352.14,538.69,343.73,459.94,389.73
511,OK,-33,-118,976,976,357.98,353.81,540.25,344.15,462.84,392.26
512,OK,-31,-117,978,978,359.43,354.9,542.24,348.11,465.18,393.38
513,OK,-29,-113,978,978,360.26,360.15,542.94,352.41,469.01,396.6
514,OK,-26,-113,969,969,359.33,357.05,540.3,346.16,466.76,392.17
515,OK,-24,-111,966,966,361.91,354.73,542.44,346.74,466.97,393.29
516,OK,-21,-113,967,967,364.47,353.63,545.2,345.98,469.94,392.16
517,OK,-18,-113,966,966,366.75,352.82,547.21,345.46,473.32,391.13
518,OK,-21,-116,974,974,367.51,353.36,549.5,346.68,473.91,393.07
519,OK,-22,-114,975,975,366.35,355.36,548.49,346.71,473.62,395.55
520,OK,-18,-106,968,968,367.07,359.21,547.89,348.9,476.03,403.93
521,OK,-24,-111,980,980,365.95,360.12,549.05,350.49,475.9,404.13
522,OK,-24,-109,980,980,366.33,362.83,549.5,354.14,474.8,404.45
523,OK,-20,-106,977,977,368.55,362.25,551.05,353.75,477.48,406.27
524,OK,-18,-106,979,979,370.45,363.68,553.5,357.17,480.62,407.07
525,OK,-21,-108,984,984,370.12,364.38,554.14,358.52,480.89,407.85
526,OK,-17,-101,975,975,370.47,366.11,552.79,360.24,479.16,410.53
527,OK,-14,-96,970,970,371.46,367.27,552.81,360.88,481.49,413.98
528,OK,-6,-89,961,961,374.64,367.54,554.43,363.77,484.86,416.68
529,OK,-5,-90,962,962,376.2,367.41,556.14,365.38,486.46,417.29
530,OK,-7,-91,966,966,376.2,367.71,556.92,365.31,486.35,418.46
531,OK,-6,-90,964,964,376.01,369.17,556.2,365.74,486.02,416.91
532,OK,2,-90,964,964,382.79,370.44,563.13,369.95,496.21,415.38
533,OK,1,-106,997,997,391.84,371.42,578.24,372.35,513.33,413.6
534,OK,6,-106,1005,1005,398.99,372.12,586.95,371.52,524.84,421.28
535,OK,3,-100,1011,1011,397.22,373.37,586.39,372.52,525.69,437.38
536,OK,-8,-91,1009,1009,388.46,377.91,577.19,374.05,510.37,450.21
537,OK,-21,-97,1029,1029,385.77,381.95,578.19,378.42,505.45,455.71
538,OK,-25,-101,1043,1043,386.82,383.96,581.9,381.86,508.1,457.81
539,OK,-29,-105,1052,1052,388.64,384.35,585.32,384.84,508.59,457.87
540,OK,-28,-101,1046,1046,387.23,386.31,582.86,385.13,506.84,458.94
541,OK,-31,-103,1051,1051,387.23,383.22,583.8,385.54,503.03,459.93
542,OK,-28,-96,1039,1039,385.65,387.79,579.95,386.05,501.18,460.16
543,OK,-29,-94,1037,1037,384.48,388.02,578.32,385.45,498.1,462.29
544,OK,-33,-99,1045,1045,383.54,389.69,578.97,387.78,497.99,457.68
545,OK,-35,-100,1046,1046,383.2,389.45,578.81,388.35,496.72,458.86
546,OK,-32,-93,1036,1036,381.88,388.82,575.68,388.27,493.48,462.7
547,OK,-28,-95,1035,1035,383.69,389.52,577.3,386.53,499.05,457.63
548,OK,-26,-93,1029,1029,383.93,387.97,576.3,385.77,497.02,456.58
549,OK,-20,-86,1020,1020,385.62,391.17,576.46,390.14,499.37,458.53
550,OK,-21,-86,1022,1022,386.11,392.42,577.32,391.14,499.41,459.4
551,OK,-32,-97,1039,1039,383.63,384.44,578.02,386.77,494.94,460.36
552,OK,-30,-96,1037,1037,383.61,384.76,577.56,385.11,495.5,459.58
553,OK,-31,-97,1041,1041,384.21,388.0,578.82,387.35,497.82,459.64
554,OK,-30,-96,1038,1038,384.08,388.17,578.22,387.59,497.43,459.5
555,OK,-30,-96,1038,1038,383.53,387.54,577.72,386.75,497.4,460.51
556,OK,-33,-97,1040,1040,383.42,387.52,577.99,387.38,495.22,459.52
557,OK,-31,-98,1041,1041,384.68,387.61,579.35,387.4,497.8,456.56
558,OK,-21,-89,1025,1025,387.86,389.62,579.56,390.82,499.82,456.72
559,OK,-18,-87,1021,1021,387.73,391.33,578.62,390.48,502.32,455.72
560,OK,-22,-92,1030,1030,387.2,390.5,579.83,389.98,503.72,456.3
561,OK,-17,-86,1018,1018,386.27,392.66,576.65,389.75,504.46,456.65
562,OK,-20,-92,1020,1020,385.95,384.24,576.8,385.25,499.5,452.33
563,OK,-27,-106,1035,1035,384.99,381.19,578.54,380.75,499.23,443.01
564,OK,-26,-109,1037,1037,387.19,377.98,581.09,380.61,501.39,440.56
565,OK,-26,-110,1038,1038,387.2,379.29,581.35,379.73,502.13,438.53
566,OK,-27,-109,1036,1036,387.96,374.8,581.61,377.69,498.97,441.92
567,OK,-24,-114,1034,1034,387.89,372.36,581.2,374.36,502.2,433.51
568,OK,-20,-109,1026,1026,389.55,371.08,581.32,375.94,501.67,436.21
569,OK,-26,-119,1037,1037,387.2,372.66,581.21,374.4,500.35,426.38
570,OK,-20,-113,1025,1025,387.52,373.27,579.15,373.37,501.42,424.77
571,OK,-17,-112,1022,1022,389.58,372.5,580.81,374.15,504.26,426.53
572,OK,-11,-106,1011,1011,390.16,371.4,579.17,374.17,504.42,425.27
573,OK,-5,-106,1003,1003,391.25,369.74,578.86,368.99,506.96,421.38
574,OK,-2,-104,999,999,393.28,367.39,580.1,368.07,508.52,423.75
575,OK,-10,-110,1011,1011,390.4,368.28,579.53,368.27,505.83,422.23
576,OK,-10,-111,1013,1013,390.5,369.58,579.87,370.92,507.75,421.35
577,OK,-9,-109,1009,1009,390.25,369.13,578.99,369.72,507.21,422.32
578,OK,-11,-111,1012,1012,389.6,369.71,578.83,369.8,507.22,421.32
579,OK,-10,-109,1010,1010,389.92,367.61,578.76,368.91,506.0,424.02
580,OK,-13,-113,1015,1015,388.63,368.14,578.5,366.67,505.29,422.44
581,OK,-14,-115,1016,1016,389.21,366.24,579.19,364.88,505.16,422.14
582,OK,-13,-117,1018,1018,390.67,365.28,581.14,364.12,507.37,419.44
583,OK,-13,-117,1021,1021,390.3,365.54,581.22,365.09,508.45,422.02
584,OK,-15,-117,1020,1020,389.24,366.05,580.07,364.55,506.6,421.96
585,OK,-18,-119,1024,1024,388.71,366.06,580.14,365.07,505.55,421.46
586,OK,-12,-113,1014,1014,389.32,366.46,579.05,365.36,506.22,423.36
587,OK,-20,-113,1023,1023,384.98,367.58,576.22,365.51,501.87,429.68
588,OK,-5,-90,993,993,388.73,368.05,574.35,369.98,500.72,444.55
589,OK,-7,-93,994,994,388.67,366.91,574.52,369.49,500.33,440.43
590,OK,-18,-98,1008,1008,383.29,373.98,571.74,371.98,495.93,439.39
591,OK,-9,-93,998,998,386.68,372.79,573.35,373.03,500.9,440.35
592,OK,-13,-103,1012,1012,388.05,372.04,577.37,372.7,504.11,435.46
593,OK,-11,-101,1015,1015,390.66,372.47,580.54,374.4,506.64,439.4
594,OK,-17,-105,1024,1024,390.09,370.91,581.45,376.02,504.68,440.76
595,OK,-20,-107,1021,1021,386.91,369.31,577.61,377.54,498.91,434.5
596,OK,-15,-89,999,999,383.45,371.76,570.18,378.04,491.26,446.42
597,OK,-18,-85,997,997,381.93,372.01,568.33,376.77,486.15,452.3
598,OK,-12,-89,990,990,383.88,368.38,569.1,370.87,490.24,443.0
599,OK,-17,-101,1009,1009,386.07,366.48,574.69,370.95,494.57,438.54
600,OK,-18,-108,1021,1021,389.77,368.51,580.68,375.55,500.11,433.02
601,OK,-15,-106,1018,1018,390.9,369.63,581.21,377.66,503.14,433.6
602,OK,-14,-104,1015,1015,389.89,372.16,579.64,378.62,502.99,432.24
603,OK,-18,-107,1019,1019,387.97,369.4,578.48,375.78,500.76,432.56
604,OK,-21,-110,1022,1022,386.36,368.41,577.42,374.67,499.01,431.91
605,OK,-21,-110,1022,1022,386.43,367.81,577.46,373.61,498.39,431.73
606,OK,-16,-106,1013,1013,388.43,367.42,577.78,372.2,498.66,430.58
607,OK,-16,-108,1017,1017,389.19,367.38,579.27,372.18,501.03,431.8
608,OK,-12,-106,1009,1009,389.84,367.55,578.44,371.05,501.09,428.4
609,OK,-11,-106,1009,1009,390.9,366.55,579.58,371.38,502.62,427.64
610,OK,-11,-106,1010,1010,391.68,367.15,580.59,372.45,503.74,428.55
611,OK,-6,-100,1001,1001,391.55,367.93,578.72,372.76,504.0,430.86
612,OK,-23,-105,1016,1016,382.88,372.31,572.79,375.4,494.11,432.19
613,OK,-22,-99,1017,1017,382.45,373.13,572.59,378.68,494.53,442.13
614,OK,-14,-92,994,994,382.1,369.15,567.96,372.03,492.31,441.29
615,OK,-15,-87,994,994,383.03,370.17,568.92,374.12,488.46,449.4
616,OK,-21,-103,1013,1013,382.22,367.84,571.71,369.99,494.46,437.51
617,OK,-15,-104,1005,1005,384.62,366.12,572.47,369.64,496.07,428.25
618,OK,-1,-92,977,977,388.13,363.74,570.73,369.94,494.79,425.87
619,OK,3,-90,965,965,387.77,361.99,568.17,367.63,492.29,419.68
620,OK,5,-88,960,960,388.04,362.75,567.62,367.49,493.51,420.12
621,OK,-13,-95,984,984,383.54,364.75,567.35,371.8,484.42,426.03
622,OK,-18,-94,994,994,381.48,365.19,567.38,367.93,485.51,439.85
623,OK,-30,-91,1011,1011,379.0,371.43,568.02,379.19,477.9,453.27
624,OK,-44,-103,1034,1034,373.97,378.97,567.17,386.07,477.12,446.64
625,OK,-36,-97,1025,1025,375.77,376.65,567.32,383.06,481.12,450.77
626,OK,-38,-114,1034,1034,374.25,372.29,567.71,372.41,487.34,434.47
627,OK,-29,-95,1007,1007,371.95,372.28,560.28,373.75,482.9,444.7
628,OK,-36,-79,1007,1007,364.99,391.74,553.32,392.07,475.85,457.29
629,OK,-34,-57,1005,1005,365.2,407.02,553.13,405.52,477.29,484.4
630,OK,-41,-65,1022,1022,366.53,410.25,557.6,406.95,479.54,484.6
631,OK,-31,-58,1003,1003,368.09,409.58,555.68,404.74,479.18,480.2
632,OK,-38,-65,1011,1011,364.54,399.34,553.59,398.3,475.13,481.3
633,OK,-39,-83,1013,1013,364.44,385.96,553.85,384.28,476.28,462.24
634,OK,-44,-95,1018,1018,366.18,374.67,556.44,378.87,470.68,452.68
635,OK,-35,-91,1007,1007,367.95,373.69,556.36,374.81,475.63,451.49
636,OK,-29,-90,1003,1003,370.88,371.65,558.53,374.25,479.33,449.33
637,OK,-20,-81,985,985,373.32,369.57,557.59,372.96,479.51,451.76
638,OK,-14,-77,977,977,376.89,368.6,559.47,373.69,481.61,451.19
639,OK,-14,-82,977,977,376.05,367.44,558.69,370.12,482.09,444.11
640,OK,-14,-86,974,974,375.93,367.45,558.06,374.15,479.04,431.31
641,OK,-6,-82,960,960,376.65,366.04,556.12,369.58,483.16,428.98
642,OK,-5,-88,962,962,377.37,362.29,557.17,367.61,484.82,421.68
643,OK,3,-82,951,951,380.13,361.16,557.83,368.2,487.76,421.96
644,OK,2,-82,947,947,378.43,360.77,555.39,366.68,484.49,419.21
645,OK,-3,-82,951,951,376.13,363.28,553.92,368.85,480.45,421.53
646,OK,-2,-73,946,946,375.72,366.56,552.56,371.86,478.35,432.29
647,OK,-13,-83,966,966,373.07,369.15,553.72,372.2,478.23,430.95
648,OK,-19,-86,978,978,370.65,371.93,553.64,371.14,478.5,435.97
649,OK,-20,-86,990,990,373.8,373.68,558.93,374.83,485.55,443.95
650,OK,-23,-93,999,999,374.11,373.28,560.93,377.03,486.44,437.25
651,OK,-28,-100,1011,1011,372.76,374.31,561.75,376.25,486.8,435.26
652,OK,-30,-102,1012,1012,372.39,373.85,561.6,375.95,486.44,435.04
653,OK,-23,-89,994,994,373.48,374.07,559.41,376.2,483.09,442.08
654,OK,-21,-91,993,993,373.86,371.18,559.54,374.01,484.05,439.26
655,OK,-15,-85,982,982,375.89,370.27,559.52,374.48,484.5,440.22
656,OK,-14,-85,980,980,376.58,369.65,559.88,374.26,484.3,439.11
657,OK,-14,-84,981,981,376.73,370.06,560.06,374.62,483.93,440.64
658,OK,-15,-86,985,985,377.4,370.55,561.54,376.46,486.36,438.76
659,OK,-10,-81,976,976,378.64,370.39,561.18,376.47,487.37,441.73
660,OK,-10,-81,977,977,378.23,371.65,560.84,378.31,487.63,440.76
661,OK,-12,-82,981,981,377.95,372.52,561.19,379.95,486.96,440.62
662,OK,-8,-80,976,976,379.47,372.57,561.8,380.62,490.25,440.5
663,OK,-8,-82,974,974,378.5,370.53,560.64,375.84,489.47,437.92
664,OK,-16,-85,988,988,378.47,370.94,563.15,377.86,486.7,445.02
665,OK,-13,-84,985,985,378.55,369.62,562.46,379.13,488.03,442.14
666,OK,-16,-86,989,989,377.69,370.8,562.6,378.17,487.81,441.9
667,OK,-16,-90,994,994,379.43,370.09,565.15,377.22,490.82,441.5
668,OK,-13,-86,984,984,378.09,372.3,562.19,374.38,489.65,439.2
669,OK,-18,-92,991,991,374.67,374.02,560.07,374.96,487.53,432.74
670,OK,-30,-98,1006,1006,371.52,373.04,559.56,380.84,481.68,434.31
671,OK,-29,-96,1006,1006,371.81,375.16,559.84,383.07,482.54,436.17
672,OK,-29,-100,1010,1010,373.05,373.9,561.87,381.46,485.27,434.17
673,OK,-21,-92,999,999,375.61,373.3,562.25,380.89,488.09,437.12
674,OK,-26,-98,1009,1009,375.81,373.82,564.36,382.45,487.67,435.16
675,OK,-28,-99,1011,1011,375.12,372.59,563.94,381.43,485.45,436.0
676,OK,-21,-81,989,989,374.7,371.52,559.24,384.22,479.14,449.18
677,OK,-23,-81,991,991,375.67,374.62,560.19,391.83,477.49,445.11
678,OK,-24,-85,994,994,374.04,375.91,559.34,391.68,480.44,440.81
679,OK,-25,-90,1000,1000,375.03,374.11,561.24,391.12,482.71,438.26
680,OK,-19,-80,987,987,376.8,375.23,560.66,392.43,480.53,443.25
681,OK,-20,-80,989,989,376.33,377.36,560.5,394.86,481.12,443.55
682,OK,-22,-83,994,994,377.07,377.46,562.07,396.24,481.86,442.15
683,OK,-17,-79,987,987,378.9,375.38,562.56,393.44,481.95,444.86
684,OK,-21,-88,998,998,379.58,370.38,565.07,390.86,483.7,441.83
685,OK,-21,-91,1000,1000,380.09,369.61,566.14,388.65,485.47,438.98
686,OK,-23,-90,998,998,381.12,367.64,566.8,386.99,479.11,440.9
687,OK,-22,-94,1002,1002,382.07,367.87,568.54,387.4,483.02,437.87
688,OK,-21,-94,998,998,381.91,368.22,567.48,388.91,483.12,431.94
689,OK,-9,-82,972,972,382.58,364.99,563.28,385.57,481.3,433.14
690,OK,6,-74,950,950,387.11,362.78,563.57,382.94,488.14,429.39
691,OK,-3,-84,965,965,381.71,363.3,561.44,380.01,487.18,424.75
692,OK,2,-82,956,956,383.68,360.7,561.57,378.75,487.6,422.84
693,OK,10,-77,938,938,383.64,358.58,558.55,373.09,488.76,419.9
694,OK,10,-88,949,949,386.56,352.45,563.29,368.39,493.51,412.91
695,OK,-3,-100,956,956,378.05,350.08,556.81,357.16,484.21,403.45
696,OK,1,-99,952,952,380.59,347.21,558.53,355.36,486.08,403.22
697,OK,0,-101,963,963,382.61,349.64,562.08,365.0,489.99,403.24
698,OK,14,-84,939,939,386.98,352.19,561.53,371.19,493.52,409.28
699,OK,6,-85,950,950,382.86,356.54,560.1,368.6,491.21,417.9
700,OK,-6,-95,977,977,381.21,358.76,563.46,371.22,492.24,422.43
701,OK,-2,-81,954,954,376.82,360.72,554.93,369.9,485.73,428.17
702,OK,-10,-90,973,973,374.92,363.02,556.88,368.58,486.8,426.91
703,OK,-9,-88,970,970,375.28,362.24,556.56,368.09,486.42,430.27
704,OK,-6,-90,968,968,377.84,360.52,558.82,367.48,488.05,424.52
705,OK,3,-80,953,953,380.77,361.75,558.85,367.31,488.77,428.55
706,OK,5,-72,943,943,380.8,362.21,556.92,372.72,485.11,432.4
707,OK,-2,-73,951,951,376.44,363.72,554.07,372.38,481.58,437.44
708,OK,-3,-72,952,952,376.01,366.68,553.81,377.04,481.24,437.29
709,OK,-20,-80,984,984,372.91,372.74,556.72,380.88,479.74,447.6
710,OK,-18,-78,979,979,373.7,372.82,556.64,382.01,478.17,444.74
711,OK,-24,-81,987,987,372.43,374.47,556.84,382.59,475.17,445.89
712,OK,-34,-94,1012,1012,372.74,372.31,561.75,382.35,476.81,448.53
713,OK,-24,-82,991,991,373.46,372.96,558.66,382.09,476.75,449.67
714,OK,-25,-78,986,986,370.97,374.9,555.14,382.7,473.42,451.28
715,OK,-35,-88,1014,1014,372.5,376.1,561.76,386.66,478.41,456.63
716,OK,-23,-79,997,997,377.24,377.26,563.45,388.65,480.18,455.44
717,OK,-21,-75,990,990,377.54,380.49,562.35,390.87,478.64,456.27
718,OK,-29,-78,1004,1004,375.64,384.49,563.15,393.05,477.66,460.22
719,OK,-27,-70,1002,1002,377.23,386.85,564.43,395.93,478.24,472.34
720,OK,-35,-80,1016,1016,374.46,386.92,564.47,390.66,477.84,467.23
721,OK,-38,-100,1030,1030,376.3,377.31,568.74,384.29,481.89,450.1
722,OK,-54,-95,1057,1057,372.22,395.66,569.79,398.95,478.22,469.45
723,OK,-34,-56,1006,1006,374.97,396.06,562.62,408.92,471.06,493.1
724,OK,-38,-80,1020,1020,375.2,388.89,565.65,399.58,474.41,465.82
725,OK,-42,-98,1028,1028,374.77,373.35,566.77,383.78,473.69,454.17
726,OK,-44,-92,1021,1021,370.06,376.97,560.92,385.3,466.89,455.6
727,OK,-39,-87,1002,1002,368.28,371.85,555.57,379.86,463.99,453.58
728,OK,-43,-92,1021,1021,371.35,375.54,561.95,385.91,469.34,456.56
729,OK,-34,-87,1006,1006,373.6,371.7,561.52,382.8,471.86,454.96
730,OK,-35,-87,1006,1006,371.78,372.22,559.59,382.37,470.85,455.5
731,OK,-37,-87,1006,1006,369.86,372.35,557.82,380.65,470.16,455.56
732,OK,-38,-84,1014,1014,370.38,381.43,560.01,387.66,474.29,462.12
733,OK,-50,-97,1042,1042,372.78,378.71,567.59,384.45,473.1,466.55
734,OK,-36,-95,1016,1016,375.53,371.15,565.29,382.01,474.88,451.02
735,OK,-33,-87,1010,1010,376.79,374.88,565.39,386.63,474.45,455.87
736,OK,-42,-92,1032,1032,374.72,384.75,567.66,390.83,478.68,460.56
737,OK,-23,-77,1002,1002,379.88,381.38,567.12,388.02,483.41,464.7
738,OK,-30,-85,1015,1015,378.38,377.07,567.96,387.37,481.35,462.37
739,OK,-16,-72,989,989,381.99,374.66,566.5,387.43,482.49,463.27
740,OK,-22,-82,1004,1004,382.51,374.31,569.99,385.8,485.17,461.75
741,OK,-28,-87,1016,1016,381.34,376.06,571.05,387.33,484.92,461.78
742,OK,-12,-71,986,986,384.63,375.05,568.63,387.07,486.46,463.89
743,OK,-19,-74,996,996,382.27,376.47,568.24,387.77,482.77,466.62
744,OK,-38,-77,1030,1030,379.59,390.0,571.81,403.37,479.65,481.15
745,OK,-35,-75,1033,1033,383.33,389.98,575.62,408.42,483.81,483.44
746,OK,-35,-78,1038,1038,386.02,391.51,579.07,412.7,485.94,480.23
747,OK,-30,-84,1045,1045,392.26,390.8,586.7,411.36,495.05,476.04
748,OK,-23,-77,1030,1030,394.63,390.56,586.58,406.3,495.37,477.79
749,OK,-12,-72,1017,1017,398.69,389.93,588.07,407.15,499.5,474.86
750,OK,5,-64,991,991,403.84,388.53,588.54,402.78,505.65,467.91
751,OK,-6,-74,1016,1016,402.95,385.94,592.3,401.33,508.09,475.48
752,OK,1,-76,1011,1011,406.79,384.37,595.18,401.04,512.1,467.0
753,OK,-2,-80,1018,1018,405.76,387.08,595.69,401.5,513.85,464.12
754,OK,-1,-81,1017,1017,406.62,384.43,596.04,400.7,513.14,463.4
755,OK,4,-75,1000,1000,403.73,381.41,590.31,392.89,510.98,463.12
756,OK,1,-82,997,997,401.4,368.95,587.42,381.07,505.14,458.19
757,OK,-16,-101,1008,1008,391.24,360.21,579.19,373.71,492.5,439.42
758,OK,-2,-85,956,956,381.65,355.53,560.29,362.86,482.38,427.64
759,OK,-7,-92,958,958,376.35,353.9,555.53,358.11,479.84,418.08
760,OK,-13,-110,966,966,373.57,344.66,554.22,346.4,477.85,402.18
761,OK,-13,-110,953,953,369.84,342.73,548.07,342.15,468.02,390.62
762,OK,-11,-110,952,952,369.34,349.43,547.33,343.21,471.85,386.44
763,OK,0,-105,934,934,374.98,341.43,549.58,340.32,473.7,383.93
764,OK,5,-100,928,928,376.82,343.98,550.3,341.71,476.21,385.33
765,OK,9,-104,949,949,386.07,344.88,563.48,347.7,492.22,394.34
766,OK,1,-109,967,967,386.0,348.09,566.76,351.2,493.41,399.71
767,OK,-17,-120,1008,1008,385.22,355.18,573.74,356.69,495.23,412.08
768,OK,-28,-126,1023,1023,380.5,358.12,571.73,355.31,491.16,413.84
769,OK,-11,-105,991,991,383.86,363.87,569.04,369.33,491.96,415.08
770,OK,-11,-112,991,991,384.5,357.69,569.75,361.08,492.07,407.94
771,OK,5,-110,971,971,391.59,351.03,573.22,355.51,499.59,397.07
772,OK,1,-123,973,973,390.48,341.99,572.33,346.65,494.27,383.61
773,OK,31,-92,918,918,397.65,344.08,569.14,352.36,496.76,387.26
774,OK,26,-95,921,921,393.22,343.55,565.4,344.38,493.97,387.6
775,OK,2,-112,973,973,389.02,345.22,571.0,349.37,497.35,401.38
776,OK,9,-104,960,960,390.82,348.58,570.22,356.21,498.95,400.82
777,OK,0,-103,973,973,387.36,356.3,569.18,364.29,495.72,406.71
778,OK,7,-99,961,961,389.33,353.36,568.9,359.12,496.68,406.04
779,OK,13,-105,957,957,393.28,348.93,572.17,356.11,501.12,394.23
780,OK,14,-102,953,953,394.07,349.37,572.23,356.41,498.5,395.27
781,OK,11,-97,951,951,391.15,351.63,568.84,359.25,492.57,400.8
782,OK,8,-98,953,953,387.91,351.87,566.1,359.21,491.22,400.68
783,OK,14,-95,946,946,389.85,351.37,566.77,357.0,497.35,402.58
784,OK,8,-100,962,962,389.93,355.14,569.73,359.46,498.81,406.12
785,OK,8,-100,965,965,391.09,354.97,571.61,358.66,498.72,407.63
786,OK,1,-103,967,967,387.58,354.49,568.39,360.83,491.5,403.47
787,OK,-2,-111,978,978,389.24,351.97,571.79,363.15,494.08,399.02
788,OK,9,-105,959,959,391.08,349.47,570.43,355.56,496.59,396.83
789,OK,7,-103,954,954,387.53,351.39,565.87,355.12,493.18,396.72
790,OK,10,-97,951,951,388.71,352.13,566.29,360.5,493.1,401.27
791,OK,-9,-106,979,979,381.94,360.37,565.05,362.01,486.58,406.54
792,OK,-9,-103,981,981,382.89,360.85,566.36,365.15,489.36,411.71
793,OK,-13,-108,992,992,382.86,363.98,568.35,368.66,491.24,409.9
794,OK,-2,-98,966,966,384.87,359.74,565.54,363.91,488.18,409.85
795,OK,3,-95,957,957,385.74,356.55,564.6,363.11,487.7,407.82
796,OK,0,-94,957,957,383.28,359.16,562.29,361.12,484.91,408.43
797,OK,-5,-99,964,964,381.85,358.23,562.08,362.76,483.63,406.18
798,OK,-1,-85,954,954,379.57,365.4,558.05,368.96,483.94,417.27
799,OK,-3,-88,956,956,380.05,363.18,558.85,366.64,481.17,416.08
800,OK,-7,-92,966,966,380.55,363.6,561.29,365.54,482.74,418.66
801,OK,-1,-86,959,959,381.98,363.06,561.25,364.01,485.38,422.79
802,OK,6,-83,951,951,385.35,360.83,563.27,363.15,487.86,423.39
803,OK,11,-79,943,943,387.47,358.77,563.88,362.96,488.93,423.91
804,OK,3,-85,960,960,388.03,367.53,567.4,375.15,489.26,419.54
805,OK,6,-85,953,953,387.8,360.39,565.89,366.34,487.89,420.49
806,OK,11,-81,946,946,388.04,360.08,564.95,363.15,491.66,422.54
807,OK,15,-73,931,931,386.74,361.42,560.92,364.27,488.13,421.75
808,OK,9,-78,943,943,384.69,362.43,561.02,364.06,487.76,423.41
809,OK,7,-83,948,948,385.61,360.99,562.83,362.01,489.67,420.99
810,OK,7,-79,944,944,385.13,365.75,561.7,367.37,486.43,421.31
811,OK,16,-76,932,932,388.35,360.01,562.66,361.35,489.91,420.75
812,OK,15,-80,941,941,389.11,358.13,565.14,359.96,493.24,421.49
813,OK,11,-78,940,940,386.69,361.63,562.48,362.74,488.51,423.8
814,OK,-5,-87,967,967,380.65,367.93,561.49,369.03,484.98,424.42
815,OK,0,-85,957,957,382.4,364.8,561.35,366.65,485.76,421.66
816,OK,4,-79,949,949,383.14,365.46,560.72,366.33,485.38,424.29
817,OK,7,-76,944,944,382.54,369.55,559.09,367.52,487.33,423.84
818,OK,-2,-88,966,966,383.67,366.02,564.31,367.56,488.96,423.55
819,OK,-12,-107,994,994,383.89,366.01,569.84,368.04,493.66,414.38
820,OK,6,-88,948,948,386.4,357.33,563.68,363.74,486.71,412.07
821,OK,11,-84,940,940,387.6,354.82,563.13,363.97,488.07,414.0
822,OK,3,-93,957,957,385.76,355.9,564.58,363.92,487.33,412.04
823,OK,6,-94,955,955,386.1,354.28,564.6,361.25,490.87,410.21
824,OK,1,-96,965,965,387.96,353.89,567.86,369.24,488.51,411.57
825,OK,3,-94,960,960,389.73,352.0,568.78,365.9,487.9,413.89
826,OK,8,-89,950,950,390.6,350.87,567.69,364.78,488.6,415.65
827,OK,9,-90,952,952,391.36,351.37,569.04,364.32,491.44,415.24
828,OK,6,-92,958,958,391.38,351.76,570.09,365.68,489.96,416.57
829,OK,3,-94,960,960,389.31,350.86,568.32,364.35,488.26,414.62
830,OK,5,-95,962,962,389.58,354.12,569.41,362.16,494.16,414.03
831,OK,0,-99,973,973,388.5,355.25,570.33,362.96,493.52,416.15
832,OK,-1,-100,977,977,389.07,357.49,571.73,364.94,494.81,415.76
833,OK,4,-95,965,965,389.49,357.26,569.79,363.77,494.18,415.25
834,OK,7,-90,959,959,389.74,358.28,568.91,364.62,493.86,418.51
835,OK,7,-89,959,959,389.24,358.08,568.59,363.67,494.33,419.77
836,OK,2,-91,967,967,387.78,365.38,568.61,371.77,492.45,416.1
837,OK,2,-89,971,971,390.44,365.0,571.88,373.99,494.58,423.27
838,OK,5,-86,971,971,392.02,366.35,573.44,374.45,497.56,429.2
839,OK,9,-82,971,971,394.69,371.37,576.16,380.28,503.36,431.42
840,OK,-11,-80,994,994,386.83,384.23,572.66,389.25,493.38,447.92
841,OK,-30,-62,1001,1001,375.32,393.42,562.46,394.87,473.03,482.06
842,OK,-43,-65,1015,1015,373.74,396.28,563.04,409.52,460.91,481.11
843,OK,-33,-41,993,993,372.8,405.79,558.19,417.25,460.81,500.03
844,OK,-42,-57,1022,1022,374.31,401.23,565.21,409.44,469.77,504.28
845,OK,-42,-52,997,997,367.07,387.28,553.06,401.7,452.2,499.03
846,OK,-69,-76,1019,1019,350.42,389.8,540.68,399.15,435.2,473.13
847,OK,-74,-111,1020,1020,345.7,359.88,536.31,366.43,432.52,436.38
848,OK,-56,-121,996,996,345.79,352.66,531.98,345.2,446.5,406.63
849,OK,-38,-131,980,980,353.35,344.41,535.66,325.96,461.36,384.05
850,OK,-24,-137,978,978,364.22,341.8,545.7,319.61,475.35,374.72
851,OK,-6,-134,989,989,383.96,343.75,568.71,333.25,500.49,381.85
852,OK,0,-125,983,983,386.93,347.61,570.55,337.32,504.7,390.22
853,OK,11,-107,970,970,393.11,353.73,574.53,348.25,508.54,406.08
854,OK,1,-111,985,985,388.83,355.41,572.98,351.96,506.15,408.35
855,OK,10,-91,961,961,389.13,360.22,568.76,356.62,502.24,420.82
856,OK,3,-91,967,967,384.7,359.71,565.63,357.07,497.78,426.62
857,OK,5,-81,957,957,383.34,363.37,562.2,359.4,493.73,432.91
858,OK,3,-83,961,961,382.03,364.73,561.73,359.26,494.56,433.37
859,OK,-4,-87,972,972,380.07,369.07,561.75,360.76,494.43,433.54
860,OK,-8,-88,983,983,378.77,374.58,562.52,367.38,496.26,435.18
861,OK,-5,-85,980,980,381.91,373.27,565.08,369.46,498.22,439.28
862,OK,-14,-94,995,995,380.31,370.68,566.39,366.12,494.64,437.86
863,OK,-17,-102,1004,1004,380.83,370.41,568.46,363.54,495.89,434.67
864,OK,-21,-102,1009,1009,379.59,369.82,568.19,365.29,492.75,438.16
865,OK,-21,-99,1007,1007,379.15,370.47,567.47,366.67,492.01,440.83
866,OK,-16,-92,994,994,379.05,369.91,564.89,367.61,490.32,443.02
867,OK,-21,-96,1004,1004,378.43,372.1,566.17,371.15,491.32,442.24
868,OK,-22,-93,1005,1005,377.08,374.72,564.94,371.92,490.34,446.51
869,OK,-22,-88,1001,1001,375.3,376.89,562.53,373.81,487.74,449.92
870,OK,-32,-95,1015,1015,372.41,377.44,562.19,374.3,483.46,449.15
871,OK,-27,-87,1004,1004,372.74,376.01,560.57,375.51,483.38,454.85
872,OK,-33,-90,1010,1010,369.68,375.8,558.53,373.44,481.79,456.43
873,OK,-28,-85,1002,1002,370.58,377.37,558.04,375.22,483.62,457.57
874,OK,-22,-78,992,992,370.93,379.0,556.5,375.62,484.85,458.82
875,OK,-22,-77,991,991,370.36,379.47,555.7,377.08,483.08,459.14
876,OK,-25,-80,995,995,370.22,378.48,556.37,375.74,480.84,458.24
877,OK,-27,-82,996,996,369.71,377.92,555.98,374.74,479.87,456.81
878,OK,-31,-87,1005,1005,368.89,378.58,556.81,374.39,479.53,453.98
879,OK,-27,-83,998,998,370.65,378.31,557.26,376.42,481.99,456.14
880,OK,-29,-84,1000,1000,369.41,378.36,556.5,376.41,480.9,455.51
881,OK,-27,-82,999,999,369.83,379.34,556.68,377.67,482.45,456.65
882,OK,-27,-82,998,998,369.64,378.88,556.37,376.53,482.38,456.85
883,OK,-29,-85,1003,1003,369.08,378.75,556.7,375.88,481.34,456.25
884,OK,-32,-87,1008,1008,369.5,379.26,558.04,376.33,482.09,458.14
885,OK,-29,-83,1002,1002,370.03,379.11,557.48,376.84,481.7,459.0
886,OK,-27,-80,1001,1001,370.93,380.55,558.14,378.23,482.08,461.16
887,OK,-30,-82,1004,1004,370.76,380.81,558.53,377.57,480.4,461.27
888,OK,-34,-85,1013,1013,370.29,382.58,559.74,381.94,480.59,460.18
889,OK,-34,-86,1012,1012,369.99,381.51,559.22,378.13,480.56,461.61
890,OK,-32,-83,1009,1009,369.79,381.39,558.5,378.04,480.39,464.18
891,OK,-28,-77,999,999,370.02,383.06,556.84,378.68,480.47,464.53
892,OK,-27,-75,997,997,370.14,382.28,556.64,379.49,480.18,465.9
893,OK,-34,-81,1008,1008,368.53,381.71,557.01,378.98,477.93,466.74
894,OK,-32,-82,1009,1009,369.95,381.29,558.64,378.31,480.32,465.46
895,OK,-29,-82,1006,1006,371.94,381.31,560.1,378.55,483.68,462.31
896,OK,-32,-86,1013,1013,372.18,380.54,561.72,378.83,482.14,460.59
897,OK,-32,-85,1012,1012,371.78,382.05,561.1,379.83,482.51,462.33
898,OK,-30,-82,1007,1007,370.69,381.47,559.02,378.42,482.58,462.35
899,OK,-27,-80,1003,1003,371.0,381.24,558.49,378.74,484.19,462.29
900,OK,-27,-80,1000,1000,370.15,380.5,557.1,378.51,483.82,462.22
901,OK,-30,-84,1005,1005,369.37,378.58,557.27,376.48,482.03,458.95
902,OK,-29,-86,1004,1004,370.58,376.65,558.36,375.95,483.16,456.76
903,OK,-26,-85,996,996,369.23,378.0,555.52,373.91,483.17,451.92
904,OK,-34,-93,1001,1001,365.89,370.13,553.09,366.84,472.72,445.83
905,OK,-22,-83,977,977,365.8,368.69,548.34,362.74,476.11,445.58
906,OK,-19,-93,956,956,361.73,363.29,540.33,356.43,468.92,410.44
907,OK,-16,-98,949,949,360.2,357.33,537.56,348.33,469.0,399.42
908,OK,-13,-97,934,934,358.63,353.1,533.18,344.7,463.92,391.23
909,OK,-17,-100,942,942,358.2,353.61,534.02,341.87,463.12,394.5
910,OK,-17,-98,947,947,358.14,354.37,534.77,342.25,465.63,402.94
911,OK,-16,-96,951,951,360.55,356.27,538.27,347.2,469.0,406.45
912,OK,-20,-100,954,954,360.81,355.93,539.06,347.78,465.73,403.68
913,OK,-17,-98,966,966,367.73,360.59,548.12,351.2,474.76,415.64
914,OK,-9,-92,959,959,372.21,361.12,551.41,355.59,479.27,417.25
915,OK,-10,-93,964,964,375.02,362.78,555.36,361.95,479.74,416.69
916,OK,-8,-88,961,961,373.31,369.42,553.08,367.89,481.98,415.76
917,OK,-7,-87,959,959,373.85,364.62,553.17,362.56,481.51,420.5
918,OK,-10,-84,961,961,371.69,366.61,551.43,364.05,478.73,428.65
919,OK,-19,-80,974,974,370.43,370.85,552.61,371.06,475.53,443.57
920,OK,-28,-81,995,995,368.77,375.28,554.79,375.96,476.23,458.05
921,OK,-34,-82,1005,1005,368.44,379.38,556.36,380.87,474.3,459.88
922,OK,-35,-76,1003,1003,368.93,380.69,556.4,384.69,469.4,468.61
923,OK,-34,-83,1004,1004,370.25,377.41,557.95,382.53,473.78,459.4
924,OK,-33,-84,1005,1005,370.2,377.6,558.1,380.92,475.69,457.42
925,OK,-18,-75,983,983,377.01,370.88,560.86,375.94,478.22,459.94
926,OK,-22,-80,990,990,376.18,370.28,561.31,375.81,477.98,457.98
927,OK,-22,-80,991,991,375.84,369.93,561.04,375.68,477.76,458.46
928,OK,-18,-76,984,984,376.39,370.78,560.34,375.29,481.03,459.24
929,OK,-30,-81,998,998,371.76,373.35,558.33,376.49,473.16,462.07
930,OK,-30,-81,994,994,367.8,374.75,553.77,374.64,473.6,458.99
931,OK,-48,-82,1011,1011,355.75,389.39,544.44,378.63,464.5,462.42
932,OK,-43,-73,995,995,354.42,386.37,540.33,377.77,461.44,466.69
933,OK,-40,-86,994,994,356.46,373.91,542.27,367.91,465.65,451.86
934,OK,-17,-68,952,952,360.95,372.33,538.76,363.32,468.44,448.54
935,OK,-21,-77,962,962,361.13,370.14,540.93,361.45,470.85,443.06
936,OK,-16,-78,958,958,365.08,365.84,544.2,360.52,472.36,439.77
937,OK,-17,-81,971,971,370.93,365.06,552.54,361.58,475.56,444.92
938,OK,-27,-88,998,998,374.16,368.39,560.8,368.52,477.48,454.79
939,OK,-15,-93,999,999,386.39,363.99,573.09,369.12,490.22,447.13
940,OK,-14,-97,1004,1004,388.0,367.41,575.77,367.75,494.84,442.66
941,OK,-2,-84,988,988,394.49,369.04,579.19,373.0,497.87,449.42
942,OK,5,-81,981,981,397.63,366.94,581.01,371.84,501.92,449.49
943,OK,3,-93,992,992,399.57,365.59,585.1,368.59,507.2,439.65
944,OK,11,-87,980,980,400.84,365.88,584.09,370.21,510.52,438.93
945,OK,19,-81,967,967,403.51,364.68,584.32,371.48,510.47,437.04
946,OK,6,-90,972,972,394.56,362.91,576.38,366.94,499.62,427.72
947,OK,4,-89,971,971,392.25,363.28,573.89,365.63,496.02,428.67
948,OK,0,-90,974,974,389.35,362.73,571.42,364.58,493.62,432.21
949,OK,6,-80,960,960,390.02,366.12,569.52,367.92,493.37,433.53
950,OK,-7,-87,981,981,387.37,369.96,570.85,372.55,488.88,435.09
951,OK,-7,-86,980,980,386.41,369.12,569.69,370.14,489.08,439.43
952,OK,-3,-82,975,975,385.78,373.02,568.09,374.3,492.11,437.65
953,OK,-11,-89,988,988,383.68,373.27,568.39,372.61,491.14,438.0
954,OK,-15,-90,990,990,381.95,373.37,567.15,372.43,487.42,438.11
955,OK,-17,-92,996,996,382.12,372.75,568.38,372.15,487.51,440.0
956,OK,-17,-93,1000,1000,383.21,371.89,570.24,374.9,490.19,442.37
957,OK,-11,-91,992,992,384.33,372.88,569.8,375.08,492.96,437.96
958,OK,-9,-91,991,991,385.12,372.56,570.45,374.19,494.58,435.01
959,OK,-5,-86,978,978,385.53,372.19,568.35,372.6,492.35,434.69
960,OK,-17,-90,995,995,379.83,379.95,565.71,372.2,489.16,439.76
961,OK,-23,-85,998,998,377.56,381.5,563.92,370.97,482.77,452.23
962,OK,-16,-89,992,992,380.39,373.2,565.84,365.82,487.44,444.67
963,OK,-15,-88,988,988,380.16,372.88,564.88,366.58,485.79,443.8
964,OK,-18,-93,994,994,380.16,371.84,566.08,368.8,485.87,439.21
965,OK,-19,-91,996,996,379.86,371.68,566.12,372.38,486.47,443.36
966,OK,-13,-83,982,982,380.17,372.85,563.75,378.45,484.32,442.27
967,OK,-16,-84,987,987,380.12,373.42,564.72,378.35,483.47,442.8
968,OK,-25,-92,1006,1006,379.12,375.58,567.28,380.55,483.01,445.87
969,OK,-32,-101,1016,1016,377.15,370.29,567.1,372.26,481.0,442.85
970,OK,-30,-96,1010,1010,376.49,370.24,565.33,371.36,479.18,447.69
971,OK,-28,-94,1007,1007,376.86,373.45,565.23,375.11,478.99,444.92
972,OK,-24,-76,1001,1001,375.18,393.97,562.22,387.75,484.65,458.42
973,OK,-13,-73,989,989,378.61,393.44,563.46,385.2,492.63,453.41
974,OK,-22,-82,1008,1008,379.61,394.5,567.88,385.37,492.0,454.86
975,OK,-17,-74,998,998,379.49,396.08,565.9,388.22,491.81,458.42
976,OK,-21,-83,1003,1003,377.6,388.2,565.19,383.97,490.56,450.07
977,OK,-24,-89,1002,1002,375.02,381.17,562.41,375.96,487.11,446.87
978,OK,-22,-86,1003,1003,376.38,382.53,563.95,376.8,488.5,451.18
979,OK,-18,-78,989,989,379.17,377.56,564.02,373.75,481.32,458.18
980,OK,-16,-91,991,991,380.89,369.7,566.18,364.02,484.61,441.83
981,OK,-13,-97,991,991,381.93,365.41,567.14,360.06,489.55,434.74
982,OK,-2,-86,969,969,383.47,365.25,564.67,360.13,490.33,434.79
983,OK,-9,-87,973,973,380.6,364.95,562.62,363.9,482.79,433.9
984,OK,-9,-86,972,972,381.21,365.1,562.95,366.87,482.14,434.36
985,OK,-10,-91,976,976,382.05,364.78,564.56,366.43,483.36,430.13
986,OK,-4,-90,971,971,384.8,363.35,566.46,365.81,486.63,427.42
987,OK,-9,-90,970,970,381.07,363.39,562.48,363.3,481.38,427.13
988,OK,-1,-86,960,960,384.84,363.37,564.37,363.85,484.68,425.07
989,OK,3,-81,956,956,386.43,364.43,565.18,364.4,486.86,430.03
990,OK,0,-85,960,960,386.04,363.83,565.51,364.47,485.84,427.37
991,OK,-2,-86,963,963,384.43,364.71,564.47,364.65,484.17,426.46
992,OK,-4,-89,967,967,384.39,362.15,565.27,361.21,484.98,427.94
993,OK,3,-86,960,960,386.82,361.93,566.4,361.97,490.29,426.95
994,OK,-1,-88,963,963,384.82,362.45,564.88,361.84,486.04,425.19
995,OK,-5,-89,970,970,384.28,363.06,565.78,363.43,485.9,429.8
996,OK,-7,-91,975,975,384.28,362.9,566.69,362.47,486.03,430.88
997,OK,-3,-87,965,965,385.12,362.44,565.56,362.96,483.42,428.36
998,OK,3,-86,961,961,388.72,361.4,568.53,363.69,488.69,426.63
999,OK,-5,-91,974,974,386.77,362.26,568.89,364.92,486.24,429.66
1000,OK,-6,-90,972,972,384.92,362.66,566.7,363.45,485.35,430.68
1001,OK,-10,-94,980,980,384.3,361.91,567.64,365.49,484.07,429.79
1002,OK,-2,-82,961,961,382.43,363.73,562.13,364.51,484.24,433.88
1003,OK,-10,-83,961,961,377.39,362.69,557.02,366.68,474.75,430.87
1004,OK,-12,-79,954,954,372.59,364.73,551.0,366.33,469.12,431.89
1005,OK,-19,-84,972,972,370.79,368.06,552.65,366.96,473.93,437.58
1006,OK,-17,-83,971,971,371.86,367.51,553.45,367.41,474.02,437.9
1007,OK,-15,-85,977,977,376.16,367.2,558.9,368.98,479.07,439.9
1008,OK,-10,-80,967,967,378.16,368.64,559.1,369.64,479.17,438.8
1009,OK,-14,-83,976,976,378.14,370.75,560.69,369.52,480.21,440.3
1010,OK,-12,-81,978,978,381.16,370.79,564.06,374.12,481.85,444.23
1011,OK,-15,-81,983,983,381.48,369.8,565.24,375.27,478.86,447.73
1012,OK,-17,-83,986,986,380.88,370.06,565.23,374.13,480.15,449.7
1013,OK,-19,-85,991,991,379.93,371.02,565.2,374.5,479.83,447.98
1014,OK,-22,-94,1002,1002,380.09,372.4,567.48,372.09,486.09,441.85
1015,OK,-22,-87,992,992,378.22,373.14,563.75,374.65,478.7,444.76
1016,OK,-25,-86,992,992,374.74,371.45,560.3,375.17,474.96,447.62
1017,OK,-19,-81,981,981,374.32,373.64,557.75,375.76,477.53,444.13
1018,OK,-17,-75,975,975,375.13,371.51,557.31,377.43,473.82,450.34
1019,OK,-22,-75,980,980,374.02,370.79,557.26,376.81,470.65,457.62
1020,OK,-36,-85,1004,1004,371.14,375.7,558.85,381.34,468.04,457.47
1021,OK,-36,-71,999,999,368.25,383.25,555.03,384.82,465.31,472.37
1022,OK,-45,-86,1012,1012,364.61,378.73,553.85,380.74,462.81,460.54
1023,OK,-19,-82,978,978,372.92,371.73,555.78,374.27,476.22,441.73
1024,OK,1,-74,942,942,377.48,364.39,553.62,366.18,479.15,429.85
1025,OK,3,-72,932,932,375.5,361.94,549.79,362.81,475.79,426.18
1026,OK,4,-77,928,928,376.76,356.05,550.33,358.16,473.35,418.34
1027,OK,2,-71,925,925,374.76,357.94,547.62,363.05,468.46,422.2
1028,OK,0,-71,932,932,375.03,360.05,549.15,366.44,469.94,427.9
1029,OK,-5,-73,948,948,375.47,362.63,552.67,367.1,474.21,437.14
1030,OK,-18,-83,975,975,374.98,368.16,557.26,372.59,472.89,438.9
1031,OK,-26,-85,993,993,373.93,370.14,559.67,373.27,474.12,450.54
1032,OK,-21,-77,982,982,376.25,369.66,559.91,373.33,473.56,456.94
1033,OK,-6,-78,966,966,379.88,369.06,560.47,371.39,484.04,440.46
1034,OK,11,-71,939,939,385.91,361.56,561.43,363.74,487.65,434.6
1035,OK,6,-78,951,951,385.55,359.84,563.43,362.18,488.82,434.2
1036,OK,7,-73,940,940,383.09,360.36,558.79,364.57,484.25,431.79
1037,OK,9,-67,938,938,382.85,361.59,558.3,365.09,486.8,440.81
1038,OK,7,-72,966,966,391.13,371.05,571.69,368.71,499.01,453.7
1039,OK,-3,-81,986,986,385.14,379.04,569.26,368.66,503.08,451.19
1040,OK,-4,-88,995,995,388.98,374.65,574.97,370.28,505.84,445.87
1041,OK,11,-72,962,962,390.22,373.34,570.0,368.54,505.23,447.25
1042,OK,4,-73,968,968,390.68,372.1,571.73,370.81,496.48,451.42
1043,OK,-4,-78,986,986,387.09,380.38,571.53,377.27,499.81,453.17
1044,OK,-33,-84,1042,1042,384.58,396.21,579.48,391.25,495.63,480.8
1045,OK,-15,-64,1011,1011,389.3,399.55,578.26,394.79,498.21,485.78
1046,OK,-4,-69,1012,1012,398.05,399.62,586.96,388.64,513.34,480.01
1047,OK,2,-72,1015,1015,403.87,396.95,593.61,388.98,520.47,477.07
1048,OK,10,-67,1010,1010,411.03,396.61,599.85,395.14,524.6,481.85
1049,OK,5,-70,1020,1020,414.13,394.06,604.61,404.25,521.74,480.95
1050,OK,4,-70,1039,1039,423.8,397.77,617.53,413.77,525.5,492.85
1051,OK,20,-64,1028,1028,437.27,393.39,628.38,414.2,535.74,497.55
1052,OK,8,-75,1054,1054,435.68,397.88,632.4,411.39,536.49,500.04
1053,OK,41,-66,1023,1023,452.05,390.77,642.53,409.49,556.98,491.0
1054,OK,39,-75,1039,1039,456.54,388.54,649.69,409.35,563.9,489.29
1055,OK,57,-66,1004,1004,460.3,380.92,646.83,402.46,564.8,480.93
1056,OK,54,-68,1000,1000,452.65,383.42,639.46,393.96,563.56,475.8
1057,OK,49,-66,1000,1000,445.54,387.76,632.31,396.2,559.73,476.32
1058,OK,40,-71,1008,1008,437.41,390.18,625.83,392.22,557.09,476.33
1059,OK,41,-68,999,999,432.97,390.03,619.86,391.72,554.63,472.79
1060,OK,41,-60,994,994,431.14,395.54,617.07,396.62,552.77,478.16
1061,OK,33,-69,1004,1004,424.9,398.03,612.46,390.74,553.13,472.52
1062,OK,47,-59,979,979,426.24,392.74,609.21,385.83,555.67,471.92
1063,OK,50,-60,978,978,429.22,391.29,612.01,384.05,558.22,470.33
1064,OK,41,-72,990,990,429.22,384.36,614.32,387.54,551.45,461.38
1065,OK,49,-66,972,972,427.78,383.06,609.67,382.61,551.99,458.96
1066,OK,22,-90,1012,1012,420.91,378.53,610.14,378.82,541.4,454.33
1067,OK,39,-74,972,972,422.17,372.08,604.0,373.58,537.71,452.89
1068,OK,23,-90,998,998,418.92,369.86,605.62,373.02,532.61,448.3
1069,OK,30,-87,983,983,418.34,366.19,602.27,367.94,531.71,441.7
1070,OK,34,-84,974,974,420.32,364.25,602.49,365.9,532.11,442.34
1071,OK,37,-87,979,979,424.51,361.38,607.6,364.66,536.39,441.16
1072,OK,35,-89,984,984,425.24,362.11,609.17,366.26,538.69,442.7
1073,OK,34,-91,984,984,424.44,361.48,608.49,366.07,536.14,440.1
1074,OK,38,-84,974,974,425.35,363.61,607.36,369.33,534.72,441.05
1075,OK,22,-98,998,998,419.44,364.81,606.11,367.83,529.76,436.83
1076,OK,33,-82,977,977,420.06,370.13,602.88,369.89,530.63,443.77
1077,OK,31,-79,975,975,418.34,368.19,600.67,371.45,527.36,447.35
1078,OK,23,-85,965,965,408.32,365.14,588.75,366.98,512.46,428.26
1079,OK,-2,-83,984,984,392.34,381.19,576.25,375.43,495.92,440.97
1080,OK,-19,-89,1006,1006,383.96,389.35,571.71,376.91,491.14,445.89
1081,OK,-25,-110,1010,1010,382.44,368.27,571.21,361.74,483.27,425.72
1082,OK,-5,-86,955,955,378.27,365.38,556.95,363.19,478.0,418.47
1083,OK,-19,-104,986,986,374.87,365.0,559.3,360.9,482.17,416.18
1084,OK,2,-81,940,940,375.8,362.09,551.56,358.42,480.38,418.91
1085,OK,-7,-104,949,949,372.06,352.96,549.2,342.03,475.18,393.93
1086,OK,-10,-110,961,961,372.67,354.56,552.0,342.54,478.13,393.26
1087,OK,-2,-103,953,953,376.83,356.69,554.32,340.84,483.88,397.89
1088,OK,14,-91,950,950,392.35,358.3,570.12,356.62,498.5,412.18
1089,OK,4,-95,964,964,387.71,366.44,567.92,362.53,494.31,411.42
1090,OK,-8,-98,973,973,381.0,365.78,562.84,360.35,485.75,414.76
1091,OK,-6,-91,963,963,378.2,366.11,558.33,360.79,482.36,418.13
1092,OK,2,-87,958,958,383.8,365.69,562.92,359.9,489.33,423.03
1093,OK,-2,-89,970,970,386.01,369.94,567.42,368.31,490.86,424.02
1094,OK,-8,-89,985,985,386.04,374.15,570.23,368.93,490.58,434.78
1095,OK,-20,-99,1010,1010,386.25,379.74,575.07,374.3,489.71,436.0
1096,OK,-8,-88,997,997,391.81,384.23,578.2,377.58,496.38,439.68
1097,OK,-19,-91,1010,1010,387.45,386.18,576.24,380.29,491.36,445.97
1098,OK,5,-68,976,976,394.2,394.03,576.77,390.72,502.15,449.27
1099,OK,10,-66,975,975,397.54,394.93,579.83,390.35,506.29,451.2
1100,OK,0,-66,985,985,393.47,396.8,577.49,386.47,499.7,461.96
1101,OK,-2,-67,987,987,392.22,396.13,576.57,385.37,498.09,462.95
1102,OK,-17,-80,1015,1015,388.49,399.89,577.82,385.68,498.21,462.56
1103,OK,-9,-76,1002,1002,390.92,397.42,577.93,384.09,500.85,460.7
1104,OK,1,-72,992,992,397.72,391.57,583.16,387.38,503.74,458.53
1105,OK,-2,-72,997,997,397.03,392.6,583.35,387.34,502.82,463.44
1106,OK,-19,-72,1009,1009,386.76,396.69,575.38,388.62,490.27,472.14
1107,OK,-7,-66,990,990,391.07,393.64,576.11,387.93,493.52,468.89
1108,OK,-7,-66,990,990,390.3,395.73,574.89,382.03,495.34,469.17
1109,OK,-11,-70,997,997,388.33,394.67,574.27,380.25,493.5,469.21
1110,OK,-15,-73,1002,1002,387.9,393.6,574.94,380.71,491.5,469.65
1111,OK,-8,-77,998,998,390.73,391.52,576.82,377.83,499.13,459.38
1112,OK,-6,-95,994,994,392.1,376.49,577.87,371.73,497.8,430.54
1113,OK,-17,-106,1008,1008,387.51,374.69,575.99,370.52,492.65,424.07
1114,OK,-15,-97,991,991,383.11,372.68,568.39,367.12,486.12,427.49
1115,OK,-15,-103,994,994,381.32,370.58,567.14,364.72,489.86,420.65
1116,OK,-10,-94,980,980,382.76,368.9,566.07,364.67,486.25,426.15
1117,OK,-14,-97,985,985,380.24,370.28,564.37,363.79,484.97,424.9
1118,OK,-21,-100,992,992,377.16,369.69,562.67,365.36,481.1,425.73
1119,OK,-30,-99,1012,1012,378.81,374.71,568.08,376.45,480.56,439.28
1120,OK,-22,-92,997,997,377.96,374.7,564.44,371.68,480.91,439.42
1121,OK,-24,-85,1004,1004,381.38,385.88,568.99,377.92,482.81,453.08
1122,OK,-29,-93,1017,1017,380.29,382.3,570.34,375.2,484.61,452.09
1123,OK,-31,-102,1027,1027,383.24,376.63,575.29,373.74,485.99,448.67
1124,OK,-19,-85,1009,1009,386.1,388.17,574.66,382.56,489.74,453.22
1125,OK,-29,-98,1020,1020,382.94,375.41,573.75,374.25,484.3,449.87
1126,OK,-29,-87,1017,1017,382.0,385.09,572.22,384.11,480.91,458.38
1127,OK,-22,-88,1001,1001,382.84,375.84,570.11,374.27,481.29,449.66
1128,OK,-20,-84,997,997,383.49,374.82,570.04,374.84,480.59,453.78
1129,OK,-18,-88,1002,1002,387.46,373.21,574.89,376.88,485.79,452.35
1130,OK,-10,-85,990,990,389.93,371.02,575.08,374.88,488.66,447.83
1131,OK,-14,-87,994,994,388.86,372.26,574.62,377.47,485.48,445.58
1132,OK,-18,-91,997,997,385.49,372.56,571.98,377.0,482.11,439.41
1133,OK,-22,-94,1006,1006,385.99,377.05,574.04,379.82,483.66,439.82
1134,OK,-31,-102,1020,1020,381.76,379.6,572.59,379.24,481.44,437.83
1135,OK,-31,-102,1023,1023,382.02,380.61,573.29,379.08,482.64,438.22
1136,OK,-36,-104,1028,1028,380.74,378.68,573.02,378.14,479.36,441.68
1137,OK,-31,-99,1018,1018,380.5,377.0,570.92,377.2,481.34,443.21
1138,OK,-22,-85,997,997,381.81,374.47,568.31,377.85,477.91,451.12
1139,OK,-28,-97,1017,1017,382.48,372.67,572.64,377.25,483.07,448.98
1140,OK,-29,-96,1018,1018,383.01,373.81,573.34,378.8,483.19,449.8
1141,OK,-28,-97,1018,1018,382.21,376.78,572.52,379.33,485.55,447.06
1142,OK,-20,-82,1001,1001,379.61,389.2,566.9,387.26,486.93,448.27
1143,OK,-27,-86,1011,1011,379.35,386.56,568.49,386.37,483.03,452.68
1144,OK,-30,-90,1016,1016,381.58,383.67,571.67,385.99,481.16,452.32
1145,OK,-29,-88,1015,1015,382.48,380.92,572.36,384.46,479.53,455.8
1146,OK,-37,-94,1026,1026,380.26,380.27,572.02,386.32,477.13,456.16
1147,OK,-40,-92,1029,1029,376.58,384.36,569.04,388.35,476.07,458.07
1148,OK,-35,-81,1017,1017,377.78,387.46,567.91,391.14,474.92,465.73
1149,OK,-34,-81,1019,1019,379.44,387.98,569.94,394.25,476.65,464.92
1150,OK,-36,-83,1027,1027,380.69,389.7,572.58,396.76,478.3,467.23
1151,OK,-33,-74,1018,1018,380.57,392.74,570.76,400.65,477.15,475.15
1152,OK,-21,-63,1001,1001,383.34,394.26,570.46,401.95,481.38,476.9
1153,OK,-23,-65,1005,1005,383.44,394.94,571.25,402.32,481.92,475.91
1154,OK,-25,-66,1007,1007,382.96,393.89,571.11,402.14,480.88,477.41
1155,OK,-25,-66,1008,1008,383.5,396.14,571.75,404.4,482.03,476.34
1156,OK,-23,-65,1007,1007,384.46,396.78,572.58,405.27,483.46,475.8
1157,OK,-23,-65,1007,1007,385.14,394.74,573.22,405.49,482.54,477.82
1158,OK,-23,-66,1010,1010,385.83,394.8,574.4,405.96,484.55,478.6
1159,OK,-27,-68,1017,1017,385.03,394.93,574.79,407.62,483.25,479.42
1160,OK,-30,-71,1022,1022,384.16,396.02,574.95,408.79,483.95,478.89
1161,OK,-30,-70,1023,1023,384.03,395.4,574.82,409.3,483.17,480.0
1162,OK,-30,-71,1022,1022,383.82,396.36,574.59,409.36,483.82,479.08
1163,OK,-30,-70,1022,1022,383.86,395.31,574.46,408.79,483.13,479.98
1164,OK,-30,-70,1021,1021,383.25,395.6,573.78,408.21,482.02,479.84
1165,OK,-26,-65,1013,1013,383.49,395.73,572.53,408.14,482.94,481.06
1166,OK,-28,-66,1013,1013,382.02,394.8,571.13,406.75,481.05,479.38
1167,OK,-27,-65,1010,1010,381.86,395.39,570.38,406.44,481.44,479.68
1168,OK,-27,-66,1012,1012,382.3,395.04,571.24,406.93,482.06,480.16
1169,OK,-27,-67,1014,1014,383.13,395.57,572.42,408.27,483.04,479.24
1170,OK,-28,-69,1019,1019,384.08,394.77,574.2,408.35,484.04,479.84
1171,OK,-28,-68,1016,1016,383.8,395.22,573.42,408.12,483.02,479.9
1172,OK,-32,-69,1022,1022,383.68,396.09,574.41,409.68,480.55,482.9
1173,OK,-28,-62,1012,1012,383.96,395.83,572.71,410.66,479.17,485.15
1174,OK,-28,-62,1012,1012,382.46,396.91,571.3,410.81,479.79,485.19
1175,OK,-33,-69,1022,1022,380.77,396.97,571.6,407.41,481.75,483.39
1176,OK,-34,-72,1027,1027,380.58,396.16,572.29,406.99,481.78,482.37
1177,OK,-33,-71,1025,1025,380.85,396.5,572.34,406.14,481.55,481.19
1178,OK,-33,-70,1021,1021,381.84,393.68,572.2,408.07,478.55,481.05
1179,OK,-38,-76,1029,1029,378.92,394.47,571.06,405.02,478.34,477.83
1180,OK,-38,-75,1027,1027,377.69,395.28,569.5,404.43,477.85,477.73
1181,OK,-34,-72,1018,1018,379.17,392.05,569.13,403.91,476.41,477.64
1182,OK,-35,-73,1018,1018,378.49,391.24,568.67,401.43,475.16,477.65
1183,OK,-37,-74,1022,1022,378.03,392.18,568.83,402.72,476.04,477.17
1184,OK,-35,-75,1021,1021,378.35,391.19,569.14,400.29,476.6,474.76
1185,OK,-42,-81,1033,1033,376.01,392.58,569.16,399.42,475.92,474.13
1186,OK,-42,-83,1032,1032,374.98,393.65,567.89,396.78,477.62,471.63
1187,OK,-42,-84,1032,1032,375.19,393.15,568.16,396.53,477.57,470.58
1188,OK,-43,-85,1034,1034,375.17,392.72,568.51,397.6,476.98,470.73
1189,OK,-44,-87,1037,1037,375.23,391.16,569.1,396.67,476.96,469.01
1190,OK,-41,-88,1033,1033,376.5,388.52,569.66,394.15,477.93,466.56
1191,OK,-40,-86,1024,1024,375.29,384.58,566.76,390.38,473.36,465.51
1192,OK,-36,-82,1015,1015,376.21,381.5,565.91,387.85,471.77,465.89
1193,OK,-34,-81,1013,1013,376.85,381.29,566.11,388.89,472.58,466.34
1194,OK,-40,-87,1029,1029,377.19,384.03,569.57,391.76,475.25,466.31
1195,OK,-41,-87,1028,1028,376.17,385.74,568.39,392.33,475.16,466.02
1196,OK,-42,-87,1029,1029,374.39,387.48,566.8,391.95,474.35,465.86
1197,OK,-46,-90,1035,1035,373.2,387.5,566.71,392.79,473.42,465.2
1198,OK,-42,-86,1026,1026,374.71,386.49,566.55,393.1,473.04,464.64
1199,OK,-47,-93,1037,1037,373.39,384.71,567.27,391.99,472.53,463.55
1200,OK,-47,-93,1036,1036,374.09,385.26,567.79,392.25,473.06,462.51
1201,OK,-47,-96,1038,1038,375.17,382.37,569.16,391.56,473.45,460.1
1202,OK,-48,-97,1040,1040,373.92,383.02,568.24,391.13,472.92,459.37
1203,OK,-44,-95,1033,1033,374.73,381.9,567.79,391.27,473.11,456.57
1204,OK,-46,-97,1036,1036,374.22,381.61,567.87,389.85,473.17,456.42
1205,OK,-37,-82,1019,1019,373.79,393.21,564.31,399.58,476.67,458.39
1206,OK,-43,-90,1029,1029,373.38,387.03,565.82,392.92,473.74,458.04
1207,OK,-45,-96,1034,1034,373.99,381.66,567.15,389.9,473.45,457.94
1208,OK,-46,-95,1034,1034,373.93,382.53,567.04,391.19,473.43,457.79
1209,OK,-46,-94,1032,1032,373.34,382.61,566.21,391.42,471.63,458.72
1210,OK,-45,-94,1033,1033,374.11,381.77,567.08,391.99,472.99,458.68
1211,OK,-47,-97,1036,1036,373.75,381.44,567.31,390.52,472.42,457.68
1212,OK,-45,-96,1035,1035,374.66,381.21,567.96,390.99,473.09,456.62
1213,OK,-46,-95,1033,1033,373.69,381.34,566.69,390.97,471.56,456.37
1214,OK,-39,-81,1016,1016,372.13,390.34,562.0,398.05,471.22,460.37
1215,OK,-45,-94,1031,1031,372.88,381.87,565.59,388.81,472.08,458.57
1216,OK,-39,-92,1014,1014,372.98,374.76,562.59,380.84,469.54,454.01
1217,OK,-42,-92,1017,1017,370.81,374.15,560.94,380.16,466.76,455.96
1218,OK,-43,-88,1011,1011,367.91,375.85,556.98,378.83,463.31,457.85
1219,OK,-46,-90,1015,1015,366.05,376.43,555.92,376.97,462.68,458.38
1220,OK,-42,-87,1007,1007,365.62,377.1,554.04,374.79,463.42,458.02
1221,OK,-43,-85,1009,1009,365.69,377.2,554.44,376.68,462.8,461.3
1222,OK,-46,-90,1016,1016,365.89,376.53,555.92,376.86,463.52,460.85
1223,OK,-45,-85,1009,1009,364.84,377.64,553.63,378.03,460.57,461.49
1224,OK,-48,-88,1014,1014,364.91,377.53,554.53,379.08,459.91,459.87
1225,OK,-39,-75,998,998,365.68,381.52,552.4,379.44,462.42,467.93
1226,OK,-40,-76,1001,1001,366.02,380.82,553.3,380.9,461.44,467.97
1227,OK,-42,-89,1016,1016,370.95,375.3,560.95,378.95,467.7,461.58
1228,OK,-39,-92,1014,1014,373.34,371.04,562.95,376.93,469.65,456.54
1229,OK,-38,-96,1019,1019,375.1,370.22,565.66,374.94,472.51,455.08
1230,OK,-37,-93,1017,1017,374.85,369.74,564.9,375.44,472.53,459.33
1231,OK,-36,-101,1021,1021,377.18,368.13,568.09,373.07,477.25,448.92
1232,OK,-36,-110,1027,1027,377.07,364.55,569.04,368.68,481.6,440.71
1233,OK,-38,-112,1028,1028,376.56,363.92,568.7,369.15,480.79,438.74
1234,OK,-37,-112,1030,1030,378.1,363.49,570.71,368.8,483.51,440.71
1235,OK,-26,-100,1015,1015,382.63,362.83,572.28,371.35,485.57,447.89
1236,OK,-20,-117,1021,1021,387.43,366.75,578.3,367.72,498.65,420.47
1237,OK,3,-94,991,991,397.48,372.16,582.73,373.05,507.68,429.45
1238,OK,18,-92,1003,1003,415.03,378.5,602.55,379.1,530.55,439.41
1239,OK,30,-95,1016,1016,432.33,383.51,622.37,387.24,549.95,441.58
1240,OK,44,-94,1016,1016,447.99,384.45,637.9,388.49,562.52,443.46
1241,OK,57,-90,1019,1019,460.08,387.11,650.43,394.98,577.33,448.82
1242,OK,57,-121,1067,1067,474.73,380.99,674.29,383.12,606.47,443.9
1243,OK,82,-89,1021,1021,482.08,384.24,672.9,390.14,607.46,455.0
1244,OK,84,-74,1019,1019,487.9,389.42,677.74,405.17,603.95,473.7
1245,OK,82,-70,1030,1030,491.31,401.37,683.8,409.14,606.52,485.59
1246,OK,113,-55,996,996,509.01,400.34,695.16,407.26,620.2,483.89
1247,OK,122,-67,1005,1005,519.8,391.35,707.53,400.91,634.81,475.14
1248,OK,127,-88,1004,1004,527.08,364.4,713.57,386.39,638.71,453.01
1249,OK,116,-97,999,999,519.32,347.03,703.62,378.11,619.67,442.95
1250,OK,102,-97,1003,1003,504.72,351.13,690.37,377.81,609.23,445.47
1251,OK,102,-86,997,997,497.61,360.67,683.29,377.31,610.62,456.31
1252,OK,102,-75,991,991,493.63,372.54,678.69,381.23,607.87,464.4
1253,OK,88,-97,1011,1011,485.46,367.54,674.61,370.62,606.63,448.84
1254,OK,68,-121,1007,1007,463.36,352.74,651.33,341.24,584.7,417.43
1255,OK,69,-111,961,961,446.83,342.27,625.81,325.87,562.03,404.54
1256,OK,36,-124,972,972,423.29,338.33,604.98,330.53,530.24,391.52
1257,OK,14,-130,977,977,404.14,344.18,586.06,328.03,510.04,381.29
1258,OK,4,-116,949,949,383.76,347.42,560.31,329.17,485.41,378.51
1259,OK,-13,-107,962,962,370.76,362.1,549.56,342.23,477.31,396.06
1260,OK,4,-92,936,936,374.24,363.56,548.36,345.9,483.45,399.08
1261,OK,2,-101,957,957,379.42,364.69,557.39,345.68,493.3,399.33
1262,OK,5,-93,960,960,382.76,370.72,561.68,355.06,498.42,412.01
1263,OK,19,-81,942,942,389.29,370.92,565.19,359.93,504.24,415.85
1264,OK,13,-97,964,964,391.49,367.82,571.31,356.0,508.97,408.34
1265,OK,10,-98,972,972,392.3,365.92,573.92,359.55,508.96,413.49
1266,OK,28,-73,940,940,396.59,367.68,572.4,363.03,512.64,428.98
1267,OK,9,-97,984,984,395.86,370.53,579.86,363.67,514.98,424.82
1268,OK,18,-90,976,976,402.17,368.09,584.71,368.32,520.04,428.87
1269,OK,11,-93,981,981,395.73,374.99,578.85,364.92,516.43,424.9
1270,OK,9,-94,988,988,397.28,373.44,582.08,370.36,517.23,428.52
1271,OK,-1,-92,1005,1005,395.96,378.93,583.87,376.92,514.08,442.11
1272,OK,-18,-105,1032,1032,391.27,382.96,584.22,379.64,508.64,441.79
1273,OK,-15,-91,1017,1017,390.7,388.87,580.85,382.59,501.57,449.37
1274,OK,-22,-99,1029,1029,389.59,386.95,582.07,382.33,500.02,445.57
1275,OK,-39,-111,1055,1055,383.05,387.95,580.15,379.98,495.52,448.2
1276,OK,-40,-113,1055,1055,383.58,384.02,580.81,377.46,493.32,449.2
1277,OK,-44,-115,1052,1052,380.02,380.7,576.72,375.73,485.77,444.06
1278,OK,-45,-115,1055,1055,379.18,381.98,576.49,377.4,486.58,445.01
1279,OK,-46,-103,1053,1053,377.37,392.81,574.15,385.98,484.68,457.25
1280,OK,-37,-92,1039,1039,381.02,392.09,575.3,389.17,487.48,463.79
1281,OK,-38,-94,1044,1044,381.75,393.67,577.05,389.98,489.74,464.81
1282,OK,-34,-88,1034,1034,381.55,392.04,574.85,390.87,488.06,468.01
1283,OK,-37,-79,1026,1026,378.84,391.34,570.6,397.98,477.95,475.12
1284,OK,-41,-89,1036,1036,377.51,391.43,571.28,393.16,480.72,467.22
1285,OK,-40,-78,1027,1027,376.67,393.02,568.72,394.9,474.78,477.12
1286,OK,-38,-75,1023,1023,376.93,392.82,568.16,395.68,473.97,479.32
1287,OK,-40,-80,1024,1024,375.92,390.8,567.43,394.9,472.96,473.03
1288,OK,-32,-70,1015,1015,378.69,393.55,568.54,395.18,476.92,480.61
1289,OK,-37,-75,1023,1023,377.48,392.61,568.7,397.15,475.48,479.11
1290,OK,-33,-70,1015,1015,378.42,393.31,568.16,395.67,475.93,479.67
1291,OK,-31,-76,1016,1016,381.37,387.47,571.35,392.43,478.2,474.47
1292,OK,-33,-79,1017,1017,379.85,387.78,570.08,390.81,476.02,469.75
1293,OK,-33,-79,1013,1013,379.09,385.08,568.4,390.42,473.48,466.8
1294,OK,-30,-81,1017,1017,378.16,392.89,568.37,393.83,483.01,460.77
1295,OK,-23,-89,1009,1009,382.11,379.51,570.84,377.3,487.52,452.18
1296,OK,-24,-105,1014,1014,381.62,372.51,571.22,369.38,491.12,434.2
1297,OK,-19,-90,1005,1005,384.87,371.25,572.7,375.65,487.8,451.86
1298,OK,-20,-84,997,997,381.05,375.69,567.49,376.26,483.5,452.6
1299,OK,-15,-97,1001,1001,385.05,369.05,572.26,367.12,493.05,438.97
1300,OK,-17,-95,999,999,383.05,370.31,569.88,369.3,487.59,440.18
1301,OK,-23,-100,1002,1002,379.05,370.11,566.51,368.71,484.5,434.43
1302,OK,-24,-101,997,997,377.72,366.96,564.13,364.66,479.06,428.6
1303,OK,-26,-103,1009,1009,378.23,371.67,566.86,367.48,484.82,432.97
1304,OK,-19,-101,994,994,378.7,370.41,564.55,363.39,485.41,426.72
1305,OK,-24,-102,994,994,375.59,370.57,561.42,364.29,478.38,423.75
1306,OK,-34,-80,1006,1006,371.01,392.96,559.08,391.3,473.82,455.35
1307,OK,-38,-98,1018,1018,373.75,377.81,564.18,380.09,474.23,444.5
1308,OK,-34,-110,1019,1019,375.91,368.94,566.42,368.33,479.73,430.93
1309,OK,-39,-92,1023,1023,374.35,382.27,565.69,385.33,474.78,454.31
1310,OK,-37,-114,1028,1028,376.87,370.29,569.12,372.25,481.14,428.83
1311,OK,-33,-106,1016,1016,376.34,373.46,566.27,377.41,478.87,429.17
1312,OK,-41,-70,1009,1009,367.95,396.95,556.6,401.58,464.34,470.14
1313,OK,-43,-87,1019,1019,368.24,387.88,558.79,387.26,468.84,456.58
1314,OK,-46,-93,1027,1027,370.89,382.43,563.04,384.61,468.66,457.96
1315,OK,-34,-75,1016,1016,378.62,388.26,568.47,396.64,476.06,475.21
1316,OK,-40,-98,1033,1033,378.57,377.97,571.54,386.45,477.39,455.23
1317,OK,-32,-74,1019,1019,379.93,388.96,570.2,398.45,478.97,477.2
1318,OK,-40,-92,1029,1029,377.07,381.97,569.36,387.92,476.22,460.81
1319,OK,-43,-91,1026,1026,374.53,379.86,566.31,387.4,470.69,461.2
1320,OK,-40,-81,1022,1022,374.67,388.29,565.65,395.57,472.95,468.97
1321,OK,-46,-109,1041,1041,376.43,372.96,570.88,381.95,475.32,445.86
1322,OK,-49,-86,1025,1025,367.68,385.42,559.21,392.4,462.69,464.6
1323,OK,-47,-87,1022,1022,369.62,383.12,560.54,392.18,463.62,461.82
1324,OK,-45,-101,1027,1027,373.91,375.33,565.62,388.06,467.88,444.08
1325,OK,-38,-73,1005,1005,368.74,392.55,556.65,399.45,466.91,462.46
1326,OK,-35,-85,1009,1009,373.8,385.17,562.15,397.31,470.82,448.11
1327,OK,-41,-93,1021,1021,375.54,377.87,565.88,393.67,468.62,448.61
1328,OK,-45,-99,1025,1025,372.68,377.64,563.96,389.24,467.41,442.67
1329,OK,-35,-91,1004,1004,376.55,372.19,563.51,389.1,464.92,443.19
1330,OK,-32,-92,1000,1000,375.94,369.98,562.25,385.73,467.22,438.83
1331,OK,-32,-99,1006,1006,378.53,365.88,565.91,382.0,471.64,435.65
1332,OK,-32,-105,1009,1009,379.9,362.54,567.99,377.44,471.47,428.98
1333,OK,-34,-108,1015,1015,380.88,361.47,569.87,379.76,471.19,428.52
1334,OK,-29,-101,1001,1001,379.96,361.94,566.44,379.33,468.89,427.43
1335,OK,-30,-100,1000,1000,379.27,363.24,565.61,378.71,468.87,429.7
1336,OK,-31,-100,1005,1005,378.43,366.11,565.87,380.85,469.87,431.09
1337,OK,-33,-102,1008,1008,376.77,367.62,564.67,383.16,472.55,430.09
1338,OK,-33,-99,1008,1008,376.45,369.96,564.45,384.7,472.73,433.16
1339,OK,-33,-99,1010,1010,377.66,367.59,565.89,382.77,472.87,436.83
1340,OK,-35,-104,1016,1016,377.64,367.05,567.05,381.99,474.25,434.65
1341,OK,-40,-106,1022,1022,375.06,368.28,565.72,382.99,473.24,434.71
1342,OK,-42,-105,1023,1023,373.22,369.16,564.05,382.3,471.3,437.55
1343,OK,-47,-107,1031,1031,371.9,371.11,564.18,384.38,468.42,439.48
1344,OK,-46,-104,1025,1025,371.63,371.76,562.8,385.26,466.46,437.87
1345,OK,-43,-100,1019,1019,371.53,372.72,561.61,386.12,466.35,438.59
1346,OK,-44,-100,1021,1021,371.9,374.51,562.28,388.2,466.82,439.71
1347,OK,-46,-81,1021,1021,369.73,385.53,560.43,396.91,463.21,468.32
1348,OK,-47,-79,1018,1018,367.49,387.93,557.67,395.5,461.78,469.09
1349,OK,-45,-78,1017,1017,369.84,387.21,559.74,397.19,463.18,469.51
1350,OK,-45,-79,1019,1019,369.83,386.77,560.09,397.03,463.67,468.89
1351,OK,-52,-91,1029,1029,367.04,381.64,559.28,390.17,461.93,461.68
1352,OK,-45,-85,1015,1015,367.94,377.49,557.54,386.31,462.09,462.28
1353,OK,-52,-95,1029,1029,366.8,376.58,559.02,384.17,462.43,457.9
1354,OK,-51,-93,1025,1025,366.5,375.86,557.96,384.26,460.25,458.23
1355,OK,-37,-78,1010,1010,373.65,382.65,562.45,391.03,469.15,468.73
1356,OK,-29,-76,1013,1013,378.8,387.97,568.2,392.09,481.32,471.4
1357,OK,-34,-83,1015,1015,375.04,384.64,564.88,388.29,477.8,463.5
1358,OK,-25,-66,992,992,375.08,387.48,560.51,391.06,474.42,472.56
1359,OK,-38,-85,1019,1019,373.95,381.92,564.38,387.41,474.16,465.01
1360,OK,-40,-100,1027,1027,374.15,373.7,566.16,380.53,475.87,449.35
1361,OK,-35,-111,1025,1025,375.66,370.74,567.42,371.93,483.53,432.31
1362,OK,-29,-107,1015,1015,377.18,369.3,567.0,370.94,484.32,430.17
1363,OK,-26,-103,1005,1005,376.11,368.96,564.03,368.21,482.11,430.91
1364,OK,-22,-98,993,993,376.46,368.12,562.12,367.99,480.4,428.55
1365,OK,-23,-96,990,990,374.41,370.06,559.56,368.75,477.24,428.85
1366,OK,-27,-93,992,992,370.86,371.14,556.34,373.42,475.45,434.83
1367,OK,-36,-93,1004,1004,368.61,374.57,556.3,375.9,469.81,443.94
1368,OK,-28,-93,988,988,370.26,370.9,554.97,371.47,469.63,431.81
1369,OK,-44,-99,1019,1019,367.3,374.87,557.9,378.48,467.89,445.19
1370,OK,-44,-100,1017,1017,367.64,373.95,557.84,375.92,467.25,441.73
1371,OK,-41,-97,1012,1012,369.0,373.35,558.22,376.73,467.29,443.09
1372,OK,-45,-93,1017,1017,367.14,377.74,557.27,382.64,465.55,450.38
1373,OK,-36,-100,1012,1012,372.71,372.13,561.97,377.2,473.24,439.17
1374,OK,-49,-100,1025,1025,366.68,375.37,558.23,382.09,465.23,446.67
1375,OK,-45,-105,1028,1028,370.96,373.39,563.14,381.13,471.87,442.05
1376,OK,-50,-98,1025,1025,365.72,375.78,557.33,383.15,463.8,449.13
1377,OK,-51,-103,1033,1033,366.77,375.81,559.95,381.94,466.86,448.58
1378,OK,-49,-100,1031,1031,368.34,375.49,561.07,383.25,468.43,450.77
1379,OK,-50,-102,1030,1030,367.9,374.92,560.43,382.45,466.89,447.91
1380,OK,-47,-101,1028,1028,370.55,374.9,562.57,385.03,468.73,446.22
1381,OK,-42,-99,1019,1019,370.92,376.05,561.41,382.47,469.66,442.66
1382,OK,-37,-98,1011,1011,371.25,375.03,560.23,382.42,471.2,437.27
1383,OK,-35,-98,1010,1010,372.46,374.46,561.25,382.5,473.4,436.28
1384,OK,-35,-91,1005,1005,368.43,383.35,556.26,388.74,471.91,437.24
1385,OK,-41,-101,1018,1018,370.29,376.13,560.46,385.69,472.19,435.93
1386,OK,-52,-109,1038,1038,368.81,374.32,562.73,384.58,470.11,440.85
1387,OK,-47,-102,1026,1026,368.81,374.02,560.35,383.93,469.04,444.37
1388,OK,-50,-108,1039,1039,369.98,373.6,564.01,383.9,471.62,443.94
1389,OK,-46,-102,1031,1031,370.56,375.08,563.11,384.26,472.86,446.47
1390,OK,-43,-88,1012,1012,365.32,388.23,554.62,391.25,466.47,447.35
1391,OK,-43,-92,1015,1015,367.98,380.23,557.74,387.16,465.5,447.38
1392,OK,-46,-97,1021,1021,368.16,376.62,559.01,383.94,465.6,447.2
1393,OK,-44,-97,1019,1019,368.57,377.82,559.04,385.13,467.32,443.59
1394,OK,-45,-100,1023,1023,369.02,376.66,560.16,384.0,467.83,443.67
1395,OK,-42,-87,1010,1010,365.15,389.71,553.96,392.15,466.79,446.35
1396,OK,-45,-89,1015,1015,364.52,388.81,554.26,392.47,465.73,445.94
1397,OK,-48,-102,1029,1029,368.57,377.65,560.85,387.11,468.64,442.89
1398,OK,-45,-105,1029,1029,370.76,372.18,562.94,382.43,472.76,442.35
1399,OK,-42,-102,1020,1020,370.55,371.81,561.17,380.09,471.47,441.68
1400,OK,-42,-102,1021,1021,370.7,371.36,561.39,380.35,471.49,441.03
1401,OK,-43,-105,1025,1025,371.04,370.23,562.47,379.74,471.68,440.13
1402,OK,-43,-102,1022,1022,370.97,370.78,561.73,381.47,471.49,443.63
1403,OK,-43,-105,1027,1027,371.27,371.76,563.01,381.59,473.0,441.3
1404,OK,-40,-100,1018,1018,371.15,373.17,561.34,382.46,473.58,441.43
1405,OK,-41,-101,1023,1023,371.31,373.11,562.32,383.12,474.17,443.2
1406,OK,-41,-102,1023,1023,371.35,373.18,562.28,384.16,474.47,439.37
1407,OK,-43,-104,1025,1025,370.64,372.71,562.07,382.6,473.45,439.98
1408,OK,-39,-102,1017,1017,370.76,371.71,560.71,380.66,472.95,437.26
1409,OK,-40,-100,1016,1016,369.57,370.94,559.33,379.27,471.56,441.98
1410,OK,-51,-86,1014,1014,357.39,389.74,547.1,386.52,460.53,454.38
1411,OK,-35,-36,977,977,359.99,406.6,542.72,406.91,455.9,499.1
1412,OK,-47,-69,1019,1019,362.99,399.38,553.52,400.19,466.4,481.03
1413,OK,-38,-50,997,997,364.55,401.55,551.02,402.93,463.48,494.44
1414,OK,-37,-63,1008,1008,369.16,399.2,557.64,402.55,471.98,481.18
1415,OK,-42,-70,1011,1011,366.45,392.59,555.47,395.97,466.45,476.31
1416,OK,-51,-79,1018,1018,361.28,391.13,551.66,392.18,459.81,469.4
1417,OK,-55,-94,1026,1026,360.3,382.99,552.22,380.66,461.42,456.25
1418,OK,-49,-85,1021,1021,364.19,385.09,555.22,386.9,463.22,464.44
1419,OK,-43,-104,1020,1020,369.94,372.11,560.72,376.71,470.25,438.56
1420,OK,-39,-101,1015,1015,370.92,372.16,560.61,377.83,471.51,437.2
1421,OK,-34,-104,1008,1008,373.37,367.67,561.86,373.51,474.27,430.36
1422,OK,-37,-106,1013,1013,370.77,369.72,560.18,374.09,473.54,429.67
1423,OK,-33,-100,1007,1007,372.12,371.93,560.39,377.54,474.2,431.76
1424,OK,-37,-105,1013,1013,370.81,370.05,560.2,374.97,472.93,430.74
1425,OK,-35,-100,1006,1006,370.65,372.84,558.85,376.44,472.16,431.74
1426,OK,-35,-100,1005,1005,371.02,371.15,558.9,376.65,470.36,432.09
1427,OK,-37,-101,1007,1007,369.36,372.29,557.54,377.29,469.2,429.84
1428,OK,-39,-102,1008,1008,368.97,372.79,557.37,377.91,467.56,430.2
1429,OK,-35,-96,998,998,367.99,374.13,554.52,378.9,466.93,429.55
1430,OK,-37,-96,998,998,367.41,373.83,553.95,379.41,465.31,429.91
1431,OK,-38,-99,1002,1002,367.01,374.19,554.42,379.01,467.13,429.19
1432,OK,-34,-94,995,995,367.37,373.81,553.43,379.44,465.79,429.52
1433,OK,-35,-94,994,994,367.37,373.69,553.24,379.69,465.62,430.74
1434,OK,-37,-99,1001,1001,367.47,371.9,554.59,377.48,466.08,428.4
1435,OK,-35,-100,1000,1000,369.09,370.66,556.09,376.51,467.73,426.83
1436,OK,-38,-102,1004,1004,368.15,370.37,555.82,374.88,467.51,428.15
1437,OK,-36,-104,1006,1006,371.69,365.87,559.7,370.83,470.18,431.07
1438,OK,-29,-102,1001,1001,375.79,363.87,562.81,370.21,473.32,430.34
1439,OK,-21,-86,989,989,379.43,365.41,564.28,374.07,474.71,448.14
1440,OK,-19,-81,989,989,383.09,364.58,567.51,378.09,475.31,455.18
1441,OK,-17,-81,980,980,380.43,363.12,563.31,374.4,474.36,450.0
1442,OK,-21,-72,983,983,378.06,369.95,561.41,383.03,470.83,461.83
1443,OK,-28,-85,1011,1011,383.46,363.57,570.97,387.87,477.95,465.51
1444,OK,-29,-85,1008,1008,379.37,362.05,566.19,386.93,477.23,464.9
1445,OK,-35,-83,996,996,368.95,357.06,552.77,387.67,466.55,459.26
1446,OK,-35,-73,980,980,363.62,360.04,544.06,392.78,458.11,459.26
1447,OK,-37,-76,982,982,359.42,358.37,539.79,393.22,459.35,455.85
1448,OK,-31,-68,967,967,354.81,362.28,533.12,392.11,460.94,453.51
1449,OK,-34,-72,967,967,348.97,362.64,528.27,386.81,459.83,448.7
1450,OK,-38,-76,972,972,347.19,362.57,527.25,387.23,459.27,445.41
1451,OK,-38,-65,950,950,335.86,364.07,513.05,377.76,449.91,449.13
1452,OK,-78,-98,1000,1000,317.23,367.16,504.2,368.6,435.24,437.26
1453,OK,-91,-88,1002,1002,305.76,374.97,493.2,375.78,422.23,452.2
1454,OK,-116,-71,1009,1009,285.08,390.24,473.71,387.57,398.41,478.98
1455,OK,-115,-55,993,993,278.55,395.79,464.2,390.83,390.91,489.48
1456,OK,-119,-57,990,990,275.14,393.21,460.24,390.7,385.84,485.19
1457,OK,-122,-62,998,998,275.63,392.07,462.24,389.67,386.06,484.47
1458,OK,-110,-53,985,985,280.33,395.12,464.46,389.5,392.43,487.67
1459,OK,-114,-66,1000,1000,284.05,389.98,471.14,388.89,395.96,479.83
1460,OK,-107,-64,1003,1003,289.33,394.8,476.91,397.67,406.34,478.81
1461,OK,-106,-72,1005,1005,291.44,390.76,479.31,389.22,408.1,471.32
1462,OK,-104,-85,1012,1012,295.04,387.99,484.31,383.12,415.14,456.68
1463,OK,-93,-83,1003,1003,303.81,381.5,491.41,379.93,420.2,456.83
1464,OK,-86,-97,1002,1002,311.41,370.76,498.81,373.15,425.06,436.72
1465,OK,-78,-100,1000,1000,320.54,369.57,507.45,375.45,431.39,429.42
1466,OK,-66,-102,979,979,325.12,358.27,508.13,360.72,429.7,415.66
1467,OK,-52,-104,967,967,334.83,352.77,515.66,358.45,437.56,402.9
1468,OK,-51,-111,964,964,338.2,347.88,518.44,352.14,435.3,393.76
1469,OK,-45,-106,955,955,339.98,347.62,518.54,346.92,435.14,395.72
1470,OK,-34,-102,925,925,339.45,340.47,512.5,337.86,430.68,382.78
1471,OK,-29,-98,913,913,339.06,341.06,509.86,337.01,429.71,377.91
1472,OK,-23,-97,908,908,343.57,340.34,513.29,336.95,434.48,376.19
1473,OK,-17,-92,901,901,346.96,337.69,515.41,338.57,436.81,379.72
1474,OK,-13,-86,893,893,348.57,336.69,515.59,341.4,435.55,381.31
1475,OK,-23,-97,913,913,346.96,339.0,517.68,341.55,435.22,378.23
1476,OK,-18,-91,903,903,347.99,339.04,516.89,343.38,435.22,379.52
1477,OK,-20,-93,907,907,347.03,337.36,516.56,342.45,435.34,380.1
1478,OK,-25,-95,908,908,343.94,340.72,513.77,344.86,429.71,377.16
1479,OK,-30,-101,915,915,340.95,339.76,512.16,339.91,428.4,373.24
1480,OK,-28,-92,902,902,336.21,343.52,504.76,338.07,426.18,378.64
1481,OK,-35,-100,916,916,335.54,340.24,506.79,337.74,425.02,378.12
1482,OK,-36,-98,914,914,334.37,342.41,505.28,337.24,423.08,378.69
1483,OK,-37,-100,918,918,335.02,340.1,506.72,338.05,424.51,379.24
1484,OK,-35,-97,913,913,335.16,339.54,506.0,339.23,422.35,378.8
1485,OK,-39,-102,918,918,332.82,338.27,504.47,334.32,421.63,378.24
1486,OK,-40,-99,914,914,331.67,337.81,502.68,338.04,417.95,379.23
1487,OK,-43,-100,919,919,329.83,339.45,501.61,336.58,417.16,381.05
1488,OK,-53,-110,932,932,326.88,337.54,501.16,334.32,413.58,376.24
1489,OK,-44,-101,920,920,329.47,340.17,501.57,338.08,417.02,379.27
1490,OK,-43,-98,919,919,329.13,343.56,500.93,339.97,417.8,380.69
1491,OK,-43,-96,917,917,328.89,340.66,500.49,339.72,416.69,385.2
1492,OK,-51,-99,925,925,324.56,341.36,497.62,338.04,412.05,386.98
1493,OK,-51,-95,920,920,321.68,342.84,493.8,340.29,410.7,389.27
1494,OK,-55,-99,925,925,319.86,341.33,492.94,338.88,407.87,387.34
1495,OK,-81,-126,976,976,315.66,343.45,498.1,336.46,407.81,384.17
1496,OK,-73,-117,957,957,316.44,342.15,495.31,336.76,405.81,384.32
1497,OK,-76,-121,967,967,317.1,342.04,497.92,339.88,408.1,384.71
1498,OK,-68,-110,953,953,319.55,346.6,497.84,347.57,408.68,385.94
1499,OK,-70,-112,953,953,318.87,345.41,497.1,343.12,405.74,384.29
1500,OK,-74,-117,964,964,319.97,347.41,500.17,344.53,407.43,384.19
1501,OK,-78,-125,980,980,321.03,346.63,504.38,345.48,413.02,384.7
1502,OK,-77,-128,986,986,323.87,346.89,508.32,347.49,416.21,384.28
1503,OK,-67,-116,974,974,328.17,353.42,510.24,357.27,422.2,387.2
1504,OK,-63,-114,976,976,332.09,349.44,514.41,356.47,427.45,396.92
1505,OK,-73,-117,991,991,327.56,351.83,512.86,354.61,423.98,403.56
1506,OK,-77,-123,1000,1000,326.75,350.65,513.78,352.9,426.57,404.14
1507,OK,-72,-114,988,988,327.44,356.32,512.22,359.66,424.56,403.29
1508,OK,-71,-115,989,989,328.93,351.41,513.9,355.33,425.95,406.14
1509,OK,-67,-112,975,975,326.78,350.02,509.06,349.75,423.02,400.27
1510,OK,-65,-108,962,962,324.98,350.27,504.87,347.56,418.48,398.83
1511,OK,-61,-104,958,958,326.09,352.25,505.27,352.09,421.84,398.8
1512,OK,-61,-100,954,954,323.77,356.69,502.22,352.73,419.57,400.4
1513,OK,-60,-103,958,958,327.03,353.87,506.3,353.62,422.86,399.39
1514,OK,-67,-112,974,974,327.25,352.26,509.48,354.88,422.76,397.18
1515,OK,-63,-108,969,969,327.57,352.76,508.77,355.16,423.89,399.26
1516,OK,-56,-94,953,953,328.27,354.45,506.45,355.21,422.77,410.9
1517,OK,-62,-100,960,960,326.04,352.9,505.61,352.69,421.15,408.7
1518,OK,-76,-110,987,987,323.35,348.15,507.88,349.49,420.2,418.09
1519,OK,-58,-92,946,946,325.13,345.95,501.83,353.93,418.5,413.78
1520,OK,-64,-101,948,948,318.73,345.84,496.09,347.13,413.87,400.78
1521,OK,-61,-95,940,940,317.55,346.32,493.42,347.12,412.89,404.66
1522,OK,-60,-96,941,941,318.98,344.88,495.08,344.71,413.04,404.18
1523,OK,-59,-100,945,945,322.63,345.78,499.37,345.09,416.98,399.81
1524,OK,-57,-98,946,946,325.87,347.02,502.74,347.93,418.34,403.16
1525,OK,-38,-87,925,925,335.01,342.22,507.96,348.22,427.71,405.76
1526,OK,-38,-88,918,918,333.22,341.32,504.76,347.62,424.43,398.41
1527,OK,-43,-97,944,944,337.72,343.0,514.11,348.48,433.38,405.27
1528,OK,-37,-93,939,939,340.66,343.68,516.27,349.58,435.94,407.0
1529,OK,-33,-99,947,947,346.9,341.35,523.97,343.2,446.25,406.35
1530,OK,-28,-100,945,945,352.76,338.74,529.53,343.02,448.59,404.61
1531,OK,-14,-87,917,917,356.63,337.67,528.0,345.81,446.76,400.7
1532,OK,-3,-78,898,898,360.25,333.65,527.8,344.74,449.55,404.47
1533,OK,-8,-83,912,912,359.4,338.09,529.86,345.94,451.58,404.34
1534,OK,-21,-102,949,949,360.07,340.31,537.35,349.64,458.18,399.49
1535,OK,-20,-99,950,950,362.31,343.42,539.65,354.99,460.18,403.27
1536,OK,-19,-96,963,963,365.21,347.23,544.63,362.52,470.28,417.07
1537,OK,-27,-94,977,977,365.89,351.08,546.89,376.14,465.66,424.49
1538,OK,-23,-85,962,962,365.24,353.61,544.02,374.49,461.5,429.13
1539,OK,-3,-53,908,908,362.54,356.31,531.56,373.43,455.01,437.34
1540,OK,-25,-65,945,945,354.52,362.7,530.51,378.68,452.61,444.53
1541,OK,-26,-53,936,936,351.89,364.18,526.4,379.28,445.47,458.78
1542,OK,-58,-81,985,985,342.14,364.61,525.75,380.23,434.71,451.34
1543,OK,-70,-94,998,998,337.65,363.68,523.53,381.26,428.96,437.83
1544,OK,-105,-109,1052,1052,328.26,367.06,523.05,394.14,417.13,454.52
1545,OK,-100,-83,1016,1016,322.42,370.14,510.31,398.43,401.03,465.88
1546,OK,-103,-63,994,994,308.45,381.88,493.5,400.2,387.57,477.81
1547,OK,-97,-52,968,968,302.68,385.31,483.35,397.51,382.26,473.67
1548,OK,-106,-50,978,978,296.01,389.81,478.46,402.56,379.35,482.84
1549,OK,-113,-52,984,984,291.02,389.73,474.64,403.23,375.63,483.86
1550,OK,-120,-52,989,989,286.91,392.23,471.52,404.12,369.19,486.35
1551,OK,-117,-47,985,985,288.52,393.62,472.21,406.84,371.31,491.07
1552,OK,-109,-38,970,970,290.67,394.07,471.67,406.88,372.31,493.77
1553,OK,-109,-40,970,970,290.35,394.62,471.4,406.92,371.82,490.53
1554,OK,-102,-40,966,966,296.85,391.64,476.85,406.6,376.57,488.57
1555,OK,-101,-40,969,969,297.67,394.18,478.63,405.0,379.58,490.32
1556,OK,-106,-46,983,983,298.04,396.01,481.81,403.71,381.88,491.8
1557,OK,-103,-45,979,979,299.21,395.79,482.22,404.03,383.22,489.63
1558,OK,-104,-44,979,979,298.42,395.27,481.32,404.85,381.4,490.78
1559,OK,-103,-43,975,975,298.53,394.6,480.65,405.59,380.35,489.47
1560,OK,-104,-45,979,979,298.4,394.53,481.15,404.52,381.97,488.63
1561,OK,-104,-46,978,978,297.91,394.7,480.51,404.1,381.11,487.89
1562,OK,-106,-47,982,982,298.15,395.27,481.57,404.58,381.74,489.87
1563,OK,-101,-42,970,970,298.11,393.44,479.2,404.52,380.21,488.1
1564,OK,-101,-44,973,973,298.07,393.77,479.76,402.34,381.84,486.32
1565,OK,-99,-47,972,972,300.5,390.35,481.93,400.68,383.14,482.81
1566,OK,-105,-52,983,983,300.32,389.48,483.58,403.62,381.14,482.84
1567,OK,-95,-46,964,964,302.92,389.41,482.69,402.01,382.86,478.01
1568,OK,-89,-45,955,955,304.96,386.31,483.14,399.44,383.73,471.38
1569,OK,-95,-54,965,965,302.81,382.72,482.66,397.89,382.15,467.66
1570,OK,-97,-48,963,963,298.72,389.52,478.56,398.51,380.19,473.73
1571,OK,-101,-54,972,972,298.28,388.31,479.93,396.53,382.0,472.7
1572,OK,-104,-58,980,980,298.67,386.55,481.64,396.17,382.18,473.3
1573,OK,-101,-53,973,973,298.07,388.56,479.78,396.94,382.11,474.65
1574,OK,-101,-49,970,970,297.19,392.97,478.34,403.11,380.34,474.7
1575,OK,-108,-58,987,987,298.45,387.97,482.67,400.15,380.56,476.55
1576,OK,-103,-57,983,983,301.58,386.34,484.91,399.78,384.53,475.79
1577,OK,-100,-59,976,976,302.91,379.92,484.67,396.54,383.28,471.17
1578,OK,-104,-65,982,982,303.88,376.15,486.55,395.58,380.67,467.03
1579,OK,-101,-67,979,979,305.41,370.73,487.19,392.81,381.02,463.51
1580,OK,-109,-72,990,990,304.04,368.65,487.63,393.04,377.7,465.71
1581,OK,-89,-59,960,960,308.47,370.22,486.91,389.42,385.0,462.29
1582,OK,-95,-68,977,977,308.35,370.74,490.11,389.35,386.79,461.62
1583,OK,-89,-59,966,966,310.66,376.28,490.19,395.85,388.6,463.11
1584,OK,-98,-65,982,982,306.71,379.66,489.57,397.09,388.12,463.82
1585,OK,-105,-75,1005,1005,311.52,372.97,498.04,396.84,389.94,470.2
1586,OK,-103,-76,1005,1005,311.56,372.97,498.36,393.92,393.82,468.66
1587,OK,-104,-76,1007,1007,313.28,370.88,499.9,396.25,392.09,471.52
1588,OK,-104,-77,1001,1001,310.85,370.61,496.72,393.11,389.12,465.98
1589,OK,-102,-77,1000,1000,309.69,374.82,496.14,389.65,393.1,465.25
1590,OK,-99,-76,996,996,309.58,375.78,495.43,388.17,396.4,463.77
1591,OK,-91,-75,986,986,313.55,373.08,497.7,383.6,400.35,458.51
1592,OK,-97,-84,1002,1002,314.13,370.51,501.2,380.72,401.03,458.8
1593,OK,-96,-89,1009,1009,315.9,371.29,504.49,378.41,407.67,455.2
1594,OK,-93,-85,1003,1003,316.92,371.82,504.29,380.04,406.44,457.12
1595,OK,-90,-82,994,994,317.24,372.03,502.91,381.49,404.6,454.38
1596,OK,-100,-92,1016,1016,318.88,367.06,508.22,383.18,404.12,457.92
1597,OK,-97,-91,1018,1018,323.4,367.56,512.55,389.06,407.19,458.57
1598,OK,-84,-81,1003,1003,326.78,373.59,512.82,397.35,414.74,455.61
1599,OK,-81,-91,1009,1009,330.16,370.88,518.01,387.96,422.69,446.78
1600,OK,-91,-102,1026,1026,327.9,369.98,519.31,384.13,421.62,446.01
1601,OK,-84,-98,1019,1019,330.44,367.07,520.31,383.94,424.75,448.36
1602,OK,-82,-96,1021,1021,332.4,369.04,522.84,382.82,430.26,452.51
1603,OK,-79,-97,1022,1022,334.95,369.99,525.55,383.46,433.84,451.82
1604,OK,-85,-107,1034,1034,335.81,369.53,528.64,384.87,433.68,443.08
1605,OK,-86,-110,1039,1039,336.89,369.64,530.63,385.07,433.31,440.74
1606,OK,-82,-111,1033,1033,337.55,369.8,530.31,381.89,435.12,435.7
1607,OK,-80,-110,1029,1029,337.28,369.39,529.38,380.19,435.13,435.11
1608,OK,-75,-101,1015,1015,337.73,367.97,527.14,380.65,433.1,438.22
1609,OK,-73,-98,1008,1008,336.9,368.21,525.09,380.65,431.04,438.65
1610,OK,-71,-97,1003,1003,337.81,368.34,524.97,381.02,430.58,433.7
1611,OK,-66,-93,995,995,337.77,370.56,523.6,379.85,432.62,433.59
1612,OK,-63,-91,989,989,338.2,369.34,522.86,379.99,432.15,432.31
1613,OK,-61,-89,984,984,338.82,368.44,522.45,379.71,433.0,433.84
1614,OK,-61,-91,989,989,340.03,367.81,524.62,378.39,434.34,434.17
1615,OK,-60,-91,987,987,340.39,367.79,524.66,378.2,434.4,432.39
1616,OK,-60,-90,990,990,342.31,367.19,527.09,380.0,437.23,437.38
1617,OK,-57,-89,987,987,342.65,365.54,526.74,379.28,437.59,436.63
1618,OK,-60,-92,993,993,342.5,367.09,527.84,379.59,436.97,436.3
1619,OK,-60,-91,995,995,343.12,367.01,528.85,379.36,439.09,439.01
1620,OK,-65,-95,1002,1002,343.17,367.0,530.04,380.61,437.19,439.73
1621,OK,-60,-89,998,998,345.17,367.87,531.13,382.94,440.22,446.5
1622,OK,-58,-88,994,994,346.19,368.15,531.42,383.4,440.58,443.71
1623,OK,-54,-85,988,988,347.23,368.08,531.23,384.1,442.12,443.66
1624,OK,-54,-87,992,992,348.01,366.75,532.78,384.29,444.2,443.68
1625,OK,-55,-87,995,995,347.49,367.45,532.8,384.23,444.35,445.1
1626,OK,-51,-84,988,988,348.96,367.1,532.87,384.2,445.52,445.33
1627,OK,-51,-84,986,986,349.24,367.42,532.98,383.46,444.68,443.15
1628,OK,-45,-78,976,976,350.18,367.63,531.87,384.46,445.42,444.12
1629,OK,-48,-81,980,980,349.24,367.53,531.82,384.34,444.52,443.69
1630,OK,-45,-78,976,976,350.69,368.13,532.28,386.42,444.68,443.48
1631,OK,-45,-80,979,979,352.08,368.78,534.13,387.53,445.0,440.31
1632,OK,-51,-85,989,989,351.4,367.64,535.39,386.92,444.17,441.08
1633,OK,-57,-90,998,998,349.86,366.38,535.36,387.19,443.12,442.0
1634,OK,-53,-87,993,993,351.35,367.42,535.87,389.21,444.21,441.62
1635,OK,-51,-84,986,986,351.13,366.84,534.47,386.99,443.19,441.76
1636,OK,-40,-76,971,971,353.32,373.17,533.99,391.99,446.93,437.18
1637,OK,-48,-85,985,985,351.84,363.63,535.0,384.06,444.77,441.58
1638,OK,-46,-84,982,982,352.63,362.46,535.32,380.47,447.45,442.87
1639,OK,-43,-81,974,974,352.84,363.42,534.09,382.26,445.66,439.75
1640,OK,-46,-84,977,977,351.05,363.86,532.87,381.14,443.54,436.83
1641,OK,-45,-82,975,975,349.87,367.37,531.65,382.07,443.39,436.11
1642,OK,-44,-80,971,971,349.26,366.49,530.59,377.57,443.78,438.96
1643,OK,-67,-101,1015,1015,343.19,369.35,532.42,384.56,442.26,436.32
1644,OK,-72,-108,1027,1027,344.75,364.99,536.35,378.22,442.39,439.69
1645,OK,-52,-89,988,988,348.06,362.47,532.27,376.14,445.79,442.2
1646,OK,-53,-91,992,992,347.58,362.83,532.69,375.72,447.27,441.97
1647,OK,-72,-106,1026,1026,344.17,361.72,535.73,374.24,443.65,446.81
1648,OK,-49,-85,978,978,345.65,361.53,528.13,373.35,443.13,441.64
1649,OK,-58,-96,990,990,342.35,362.21,527.45,369.38,439.45,433.36
1650,OK,-46,-85,964,964,344.21,357.42,524.34,366.14,438.21,433.04
1651,OK,-53,-93,970,970,340.79,358.02,522.16,363.59,432.63,423.77
1652,OK,-53,-88,977,977,346.1,360.4,528.61,369.23,434.57,437.14
1653,OK,-68,-100,1004,1004,341.36,364.93,529.21,365.32,433.99,440.49
1654,OK,-66,-105,1011,1011,345.25,360.4,534.31,361.9,439.17,440.4
1655,OK,-67,-108,1008,1008,343.32,359.59,531.88,360.27,437.72,432.77
1656,OK,-71,-113,1016,1016,342.69,358.55,532.64,359.61,436.74,432.7
1657,OK,-74,-117,1022,1022,342.25,359.04,533.44,362.93,437.71,428.92
1658,OK,-63,-107,1000,1000,343.44,359.85,530.44,364.16,437.36,424.93
1659,OK,-57,-104,988,988,343.6,357.16,528.37,362.59,439.49,420.25
1660,OK,-62,-107,993,993,340.25,358.86,525.82,363.72,436.24,416.98
1661,OK,-68,-114,996,996,336.05,354.76,522.33,357.33,432.67,412.83
1662,OK,-71,-117,1000,1000,334.11,352.44,521.11,358.37,431.63,410.7
1663,OK,-78,-128,1010,1010,332.44,348.8,521.12,356.74,427.65,403.06
1664,OK,-73,-116,999,999,331.58,354.95,518.21,364.27,427.71,407.71
1665,OK,-82,-127,1020,1020,331.13,352.32,521.76,358.6,431.09,411.56
1666,OK,-68,-116,996,996,334.44,359.81,520.67,365.4,432.71,403.17
1667,OK,-45,-97,970,970,343.58,359.85,524.8,369.11,446.41,412.25
1668,OK,-42,-94,974,974,348.75,360.59,530.52,371.52,451.78,420.56
1669,OK,-52,-99,992,992,346.67,363.86,531.92,372.91,448.93,426.63
1670,OK,-58,-101,1006,1006,347.09,366.25,535.06,375.47,450.76,434.94
1671,OK,-68,-100,1021,1021,342.9,369.5,533.66,379.17,445.95,446.57
1672,OK,-85,-90,1032,1032,333.54,384.27,526.41,390.29,433.33,465.32
1673,OK,-79,-80,1020,1020,334.86,384.66,525.54,390.7,432.84,472.48
1674,OK,-76,-77,1022,1022,338.8,387.17,529.45,399.88,437.47,475.78
1675,OK,-65,-57,994,994,339.17,391.46,524.67,403.81,432.72,483.35
1676,OK,-73,-65,1008,1008,339.35,388.87,527.4,403.21,429.86,482.59
1677,OK,-73,-63,1008,1008,338.26,390.97,526.44,402.35,431.3,486.4
1678,OK,-73,-59,1005,1005,335.49,395.57,523.27,403.15,428.85,488.54
1679,OK,-76,-64,1006,1006,334.93,391.07,522.73,402.8,425.18,482.67
1680,OK,-71,-61,1000,1000,335.7,390.3,522.45,401.99,429.11,483.31
1681,OK,-76,-65,1007,1007,333.49,390.51,521.45,402.22,427.03,479.75
1682,OK,-78,-66,1007,1007,332.27,390.06,520.29,400.97,425.65,479.47
1683,OK,-81,-70,1015,1015,331.76,389.94,521.27,401.07,426.64,478.73
1684,OK,-79,-70,1012,1012,333.58,388.12,522.35,401.2,427.6,477.45
1685,OK,-77,-66,1007,1007,331.55,394.0,519.52,406.32,427.6,474.59
1686,OK,-85,-75,1019,1019,330.13,386.8,520.6,392.71,423.05,480.21
1687,OK,-95,-98,1050,1050,332.49,382.92,528.77,384.04,429.66,471.26
1688,OK,-84,-98,1039,1039,335.31,387.25,529.53,389.35,438.52,454.85
1689,OK,-75,-106,1035,1035,343.43,372.22,536.89,376.37,444.48,449.08
1690,OK,-69,-106,1019,1019,343.27,364.7,533.8,364.47,442.7,442.61
1691,OK,-66,-116,1018,1018,344.45,356.52,534.83,359.19,447.28,428.35
1692,OK,-71,-118,1006,1006,336.96,354.63,525.15,358.11,434.09,414.42
1693,OK,-69,-107,999,999,336.37,359.55,522.97,367.5,431.03,422.45
1694,OK,-71,-111,1002,1002,335.77,359.62,523.05,365.94,431.05,419.11
1695,OK,-65,-104,991,991,336.25,360.55,521.5,365.83,431.97,419.47
1696,OK,-70,-107,999,999,336.46,361.55,523.17,367.97,429.7,419.27
1697,OK,-65,-108,990,990,338.8,359.57,523.78,367.39,430.42,411.23
1698,OK,-56,-97,976,976,341.98,362.44,524.31,369.97,431.71,416.09
1699,OK,-54,-95,976,976,343.81,362.15,526.05,371.68,433.99,420.96
1700,OK,-59,-99,980,980,339.94,361.09,522.96,369.65,430.89,418.51
1701,OK,-70,-108,999,999,336.95,361.02,523.45,371.08,428.97,417.04
1702,OK,-76,-107,1003,1003,332.05,367.17,519.44,375.29,425.04,418.6
1703,OK,-79,-111,1010,1010,331.4,362.27,520.23,367.27,427.31,423.49
1704,OK,-73,-105,1000,1000,332.2,361.94,519.16,366.32,429.98,426.27
1705,OK,-77,-106,1004,1004,330.31,364.47,518.0,369.31,426.55,425.78
1706,OK,-89,-112,1017,1017,324.84,371.17,514.99,373.73,419.96,421.0
1707,OK,-60,-101,981,981,335.91,363.48,519.35,366.3,434.09,414.56
1708,OK,-59,-104,981,981,337.13,356.79,520.41,363.43,434.26,413.28
1709,OK,-70,-115,998,998,338.53,347.56,524.3,366.17,426.99,411.38
1710,OK,-63,-98,988,988,341.03,353.54,525.11,369.5,430.71,432.28
1711,OK,-65,-100,1004,1004,342.89,359.1,530.56,367.4,437.62,441.37
1712,OK,-49,-101,981,981,349.49,352.8,532.33,367.66,443.04,418.49
1713,OK,-56,-95,989,989,345.66,354.37,530.22,367.87,438.84,437.73
1714,OK,-66,-95,1007,1007,342.8,359.87,530.55,375.03,437.72,449.43
1715,OK,-64,-106,994,994,338.53,354.98,524.16,364.85,436.32,422.13
1716,OK,-45,-96,962,962,342.66,349.17,522.39,358.9,440.57,416.94
1717,OK,-62,-97,991,991,336.23,356.19,521.37,363.82,437.84,436.17
1718,OK,-66,-102,981,981,329.3,350.91,512.44,361.01,428.25,421.51
1719,OK,-66,-111,977,977,328.35,340.47,510.74,350.03,426.09,408.88
1720,OK,-55,-94,972,972,335.93,352.82,517.39,363.25,435.78,427.62
1721,OK,-50,-91,965,965,339.38,351.52,519.36,365.02,436.08,425.29
1722,OK,-41,-89,961,961,346.99,348.43,525.91,365.88,441.68,424.98
1723,OK,-48,-85,979,979,348.57,358.13,530.86,374.56,443.9,441.95
1724,OK,-43,-88,971,971,348.65,355.79,529.56,371.01,445.68,432.55
1725,OK,-51,-86,981,981,346.65,359.14,529.46,375.16,440.67,442.4
1726,OK,-55,-97,1005,1005,349.67,359.1,537.12,372.49,450.85,444.57
1727,OK,-44,-94,968,968,347.38,352.88,528.1,363.23,444.03,422.2
1728,OK,-45,-96,968,968,346.32,351.76,527.12,362.77,441.96,420.17
1729,OK,-47,-95,966,966,344.79,351.53,525.22,361.81,438.56,420.01
1730,OK,-52,-107,979,979,344.05,345.31,526.57,359.14,439.96,412.19
1731,OK,-62,-112,993,993,338.08,349.64,523.56,357.15,437.54,415.57
1732,OK,-70,-104,1004,1004,338.76,357.18,526.16,370.53,432.69,433.16
1733,OK,-74,-118,1013,1013,336.31,352.05,525.61,358.53,433.86,421.91
1734,OK,-59,-107,985,985,337.72,350.21,521.92,354.81,437.22,417.78
1735,OK,-60,-109,985,985,337.28,349.61,521.38,354.88,435.01,414.67
1736,OK,-59,-110,987,987,339.41,350.02,523.9,356.87,436.92,413.36
1737,OK,-55,-109,979,979,340.96,348.56,523.85,357.63,436.96,408.71
1738,OK,-58,-111,986,986,342.58,352.41,526.3,368.35,435.75,404.77
1739,OK,-45,-103,965,965,346.93,346.84,526.74,363.0,439.1,404.34
1740,OK,-52,-113,980,980,345.05,347.26,527.87,359.6,441.34,401.04
1741,OK,-55,-115,984,984,343.67,348.3,527.46,358.0,440.15,402.42
1742,OK,-54,-112,979,979,341.78,348.97,524.65,356.98,438.45,401.36
1743,OK,-51,-113,975,975,342.16,346.68,524.32,354.96,439.03,398.54
1744,OK,-55,-117,980,980,340.97,345.11,524.08,352.62,439.31,397.37
1745,OK,-54,-115,976,976,340.55,344.96,522.92,353.1,438.05,398.23
1746,OK,-53,-108,978,978,342.76,355.15,525.24,368.75,438.59,401.28
1747,OK,-51,-108,974,974,343.74,349.25,525.52,361.91,438.44,402.74
1748,OK,-48,-95,969,969,345.53,357.81,525.94,374.84,436.32,413.01
1749,OK,-41,-85,961,961,348.31,361.57,527.22,379.27,440.57,421.02
1750,OK,-56,-94,979,979,341.77,368.35,524.62,378.35,433.17,418.04
1751,OK,-68,-103,994,994,336.04,370.09,521.93,373.55,430.25,417.48
1752,OK,-83,-118,1023,1023,330.32,369.36,521.64,372.96,430.86,416.49
1753,OK,-78,-106,1015,1015,329.56,369.8,519.35,373.31,433.54,430.73
1754,OK,-83,-107,1025,1025,330.87,366.46,522.4,373.26,432.67,440.37
1755,OK,-76,-103,1016,1016,333.56,367.79,523.44,374.37,436.69,440.0
1756,OK,-71,-99,1004,1004,333.6,365.75,521.26,373.54,435.01,437.55
1757,OK,-76,-103,1016,1016,334.35,365.88,524.0,376.23,435.9,440.09
1758,OK,-83,-108,1027,1027,331.99,366.71,523.9,376.08,432.71,439.97
1759,OK,-75,-106,1012,1012,333.97,366.33,523.15,373.9,434.24,431.62
1760,OK,-72,-104,1008,1008,335.32,368.54,523.72,374.02,435.64,429.08
1761,OK,-67,-101,1003,1003,336.78,368.93,524.29,373.27,437.81,430.02
1762,OK,-60,-95,991,991,340.01,366.85,525.31,370.19,439.09,432.56
1763,OK,-58,-93,990,990,343.31,366.58,528.4,374.02,438.93,434.16
1764,OK,-57,-95,988,988,343.5,364.39,528.2,372.31,439.1,430.27
1765,OK,-53,-91,982,982,344.76,364.66,528.11,373.97,439.73,430.85
1766,OK,-56,-91,981,981,342.38,364.15,525.5,375.36,434.41,430.11
1767,OK,-66,-101,996,996,339.48,361.86,525.24,375.33,432.69,425.77
1768,OK,-67,-102,998,998,338.9,362.78,525.11,375.22,432.31,425.48
1769,OK,-69,-104,1003,1003,340.35,361.62,527.22,377.93,431.56,424.49
1770,OK,-66,-102,1002,1002,342.21,363.18,529.07,378.16,434.84,428.19
1771,OK,-54,-86,977,977,342.36,371.32,524.47,385.34,434.88,427.43
1772,OK,-64,-100,1015,1015,346.66,364.3,536.32,373.87,445.66,445.31
1773,OK,-70,-103,1024,1024,346.04,364.88,537.15,375.98,443.73,449.46
1774,OK,-69,-99,1015,1015,341.23,376.27,530.95,383.93,441.45,437.52
1775,OK,-68,-99,1010,1010,339.48,371.29,528.35,377.2,441.01,439.53
1776,OK,-84,-114,1026,1026,331.37,364.05,523.22,369.73,431.52,432.95
1777,OK,-92,-108,1020,1020,321.54,365.22,512.34,365.99,420.05,439.28
1778,OK,-89,-99,1011,1011,319.61,364.18,508.67,363.62,418.7,448.78
1779,OK,-100,-96,1015,1015,310.57,373.18,500.31,367.07,410.11,452.8
1780,OK,-101,-101,1025,1025,312.56,373.97,504.08,366.45,414.63,452.42
1781,OK,-95,-103,1020,1020,316.9,368.93,507.62,363.44,418.1,447.92
1782,OK,-84,-105,1017,1017,326.14,368.02,516.31,365.16,428.65,440.68
1783,OK,-76,-103,1017,1017,333.71,370.91,523.94,366.69,436.07,441.94
1784,OK,-79,-109,1026,1026,335.42,369.04,527.26,367.27,438.6,440.45
1785,OK,-58,-96,1002,1002,345.14,366.66,532.49,368.56,448.31,442.66
1786,OK,-52,-93,989,989,343.6,365.78,528.54,365.4,447.98,437.54
1787,OK,-57,-96,988,988,339.48,365.29,524.25,362.79,442.5,432.96
1788,OK,-59,-96,993,993,339.76,368.39,525.5,367.8,442.98,432.67
1789,OK,-68,-103,1004,1004,335.6,369.95,523.43,368.55,439.1,429.13
1790,OK,-65,-102,998,998,336.15,368.99,522.82,366.5,439.03,427.95
1791,OK,-51,-90,979,979,341.57,367.28,524.68,368.99,442.89,429.93
1792,OK,-50,-88,976,976,342.42,367.47,524.9,367.83,442.98,433.91
1793,OK,-51,-87,983,983,343.31,366.82,527.23,368.25,445.28,442.27
1794,OK,-57,-89,985,985,339.63,367.37,523.77,368.8,439.31,438.21
1795,OK,-67,-97,998,998,336.28,366.01,522.91,368.05,436.07,438.74
1796,OK,-73,-97,1013,1013,335.85,367.24,525.35,370.13,437.27,449.54
1797,OK,-77,-102,1009,1009,329.96,365.62,518.57,368.0,430.08,438.6
1798,OK,-85,-106,1015,1015,325.25,367.07,515.05,366.38,425.71,436.07
1799,OK,-82,-104,1014,1014,327.36,368.6,516.94,368.86,427.9,437.34
