k,status,x,y,w,h,rx,ry,lx,ly,nx,ny
0,FAILED,,,,,,,,,,
1,OK,62,130,598,598,303.11,357.02,453.02,392.21,344.71,484.14
2,OK,93,142,555,555,334.12,358.33,465.15,375.42,363.03,455.4
3,OK,103,146,545,545,332.31,363.41,468.82,384.12,364.27,466.0
4,OK,104,147,551,551,331.51,364.07,472.79,389.89,364.44,477.88
5,OK,101,148,561,561,327.51,378.25,473.84,392.44,367.57,482.66
6,OK,96,144,570,570,326.15,365.56,472.44,395.42,363.47,482.42
7,OK,101,151,564,564,328.59,382.71,472.15,393.7,369.9,486.23
8,OK,102,149,565,565,330.66,373.16,475.5,391.18,371.94,480.9
9,OK,112,150,558,558,341.74,375.95,483.53,383.32,381.61,475.69
10,OK,108,135,587,587,336.39,365.37,492.66,393.97,410.9,477.74
11,OK,93,102,620,620,322.78,352.38,489.92,373.72,403.87,431.57
12,OK,76,79,633,633,299.77,346.15,466.16,348.95,381.85,412.33
13,OK,64,64,639,639,292.17,344.7,458.62,342.76,375.34,402.74
14,OK,56,62,648,648,294.91,356.04,464.32,357.52,376.37,424.33
15,OK,55,67,656,656,300.15,364.22,471.5,363.05,387.16,447.15
16,OK,58,70,667,667,312.01,372.27,486.56,370.95,402.31,454.89
17,OK,64,74,675,675,321.72,374.81,497.72,374.13,415.42,463.77
18,OK,67,71,686,686,326.95,370.16,506.53,372.67,419.8,461.91
19,OK,76,74,681,681,333.27,372.83,507.67,374.71,428.15,459.81
20,OK,83,78,672,672,332.18,374.75,502.89,372.29,425.68,453.79
21,OK,79,75,677,677,327.33,371.76,503.38,372.26,420.6,456.02
22,OK,77,74,679,679,325.2,371.45,500.66,370.8,417.56,456.08
23,OK,70,67,691,691,323.21,368.68,504.59,372.81,419.06,454.46
24,OK,70,68,691,691,325.09,361.93,502.91,369.54,416.65,462.95
25,OK,70,67,694,694,327.7,362.66,506.94,372.75,422.41,462.92
26,OK,61,67,713,713,320.14,378.73,508.75,389.5,422.84,485.47
27,OK,63,91,711,711,326.08,408.44,508.16,423.7,423.05,525.8
28,OK,71,119,705,705,334.35,432.92,514.09,444.72,432.37,553.89
29,OK,81,142,701,701,341.86,444.5,521.46,453.64,450.52,580.88
30,OK,98,153,690,690,355.91,437.27,530.7,446.91,467.05,566.49
31,OK,104,138,697,697,359.8,411.48,541.08,417.71,475.36,537.65
32,OK,119,129,689,689,373.64,400.02,549.27,406.15,491.96,521.0
33,OK,122,119,690,690,367.91,393.41,545.8,400.5,484.4,511.91
34,OK,110,105,703,703,351.17,390.45,535.76,391.54,470.19,509.92
35,OK,104,99,706,706,349.57,387.41,532.12,390.64,464.08,508.37
36,OK,102,97,706,706,354.23,386.29,536.22,394.37,464.42,508.21
37,OK,103,93,707,707,356.18,383.36,538.78,390.08,470.59,501.7
38,OK,102,90,710,710,355.79,383.61,539.18,391.11,468.71,502.35
39,OK,110,94,700,700,362.97,385.99,540.53,393.58,474.65,499.98
40,OK,117,98,690,690,366.32,384.65,541.65,391.32,475.05,497.13
41,OK,122,96,686,686,370.98,383.4,546.95,388.52,479.96,484.33
42,OK,122,95,685,685,369.69,379.59,545.11,394.6,473.86,486.57
43,OK,121,95,691,691,374.24,402.21,552.55,424.81,476.85,478.0
44,OK,118,93,701,701,372.78,401.34,555.13,420.92,478.46,484.5
45,OK,107,96,708,708,355.93,401.81,539.39,418.52,458.79,504.78
46,OK,89,96,728,728,344.63,409.13,536.75,426.43,449.8,522.32
47,OK,85,107,735,735,349.42,423.68,540.3,436.34,460.88,550.95
48,OK,82,106,742,742,352.42,416.42,545.09,431.74,459.44,538.62
49,OK,90,107,739,739,366.51,411.57,555.15,430.28,472.62,533.88
50,OK,103,111,729,729,375.57,413.59,560.15,430.4,484.62,530.23
51,OK,111,115,722,722,380.44,408.04,563.02,434.71,484.89,533.06
52,OK,118,114,721,721,383.79,407.67,568.26,427.5,494.48,529.33
53,OK,123,105,730,730,393.16,403.18,582.53,421.67,508.12,517.96
54,OK,131,111,726,726,393.53,413.79,579.24,427.35,515.08,535.73
55,OK,140,120,721,721,397.95,425.26,582.28,431.44,525.13,546.04
56,OK,147,129,717,717,400.73,429.17,584.59,434.37,529.71,559.35
57,OK,152,136,713,713,404.7,428.97,587.09,440.54,529.13,561.77
58,OK,159,141,707,707,409.71,429.57,590.03,438.88,535.09,559.3
59,OK,154,141,710,710,398.41,434.4,582.21,439.58,521.7,562.8
60,OK,137,136,726,726,384.39,435.76,575.65,445.1,504.37,565.98
61,OK,123,133,733,733,376.23,436.68,566.71,448.72,489.54,559.51
62,OK,117,130,733,733,375.9,431.01,564.46,444.71,486.24,550.15
63,OK,112,132,732,732,370.05,433.45,558.25,440.81,480.22,561.43
64,OK,109,137,735,735,372.32,440.58,562.25,449.93,485.77,577.23
65,OK,103,137,745,745,370.25,443.78,564.45,457.67,482.73,580.49
66,OK,103,143,745,745,374.8,448.15,565.75,466.14,483.12,586.92
67,OK,102,146,748,748,377.16,446.35,569.04,471.56,480.68,591.45
68,OK,104,147,748,748,379.38,447.68,571.19,467.47,487.61,588.17
69,OK,103,145,752,752,377.77,445.44,571.72,464.62,487.34,589.34
70,OK,104,146,751,751,377.01,447.23,569.87,462.17,488.87,590.9
71,OK,105,147,747,747,374.83,444.47,565.46,461.42,484.23,585.35
72,OK,104,144,749,749,375.86,440.67,568.36,459.25,486.76,583.8
73,OK,104,141,751,751,375.94,441.93,569.54,456.81,490.48,582.86
74,OK,108,142,747,747,380.58,441.08,571.35,457.8,492.9,584.21
75,OK,140,120,738,738,427.32,404.4,613.97,424.17,553.2,513.7
76,OK,172,115,724,724,448.07,406.56,630.09,423.25,582.89,518.41
77,OK,196,125,714,714,464.98,415.43,644.33,442.91,592.44,546.1
78,OK,212,141,709,709,471.52,431.38,651.34,457.39,600.05,575.73
79,OK,218,150,707,707,470.11,433.82,649.5,461.97,594.93,577.48
80,OK,208,147,719,719,454.75,434.01,642.05,454.92,582.98,576.32
81,OK,205,147,721,721,455.02,431.27,639.78,456.2,582.09,577.04
82,OK,199,145,724,724,448.1,429.17,633.7,453.9,573.56,572.54
83,OK,194,147,723,723,443.16,434.38,627.72,458.3,565.91,575.35
84,OK,189,143,729,729,443.33,429.86,631.52,450.97,567.11,573.68
85,OK,188,142,728,728,443.01,433.08,628.98,455.44,565.83,566.31
86,OK,184,142,728,728,436.73,433.42,623.01,454.66,559.52,568.08
87,OK,183,141,726,726,437.46,430.74,622.95,453.1,559.95,562.31
88,OK,186,140,722,722,440.76,430.76,624.79,448.92,566.3,556.64
89,OK,187,138,718,718,439.02,427.02,622.29,445.46,562.66,553.18
90,OK,187,137,718,718,438.6,426.47,622.69,446.3,562.41,555.63
91,OK,191,141,714,714,442.06,429.64,623.94,447.79,567.37,565.06
92,OK,187,139,719,719,436.97,426.77,622.56,447.15,561.69,562.33
93,OK,185,134,723,723,436.31,428.1,622.93,446.78,565.03,552.51
94,OK,190,136,717,717,440.83,428.9,623.43,441.57,567.89,551.24
95,OK,194,137,709,709,441.93,425.09,621.7,441.38,566.67,544.67
96,OK,189,140,711,711,433.0,429.74,615.79,446.52,558.13,561.88
97,OK,166,148,735,735,413.6,452.06,607.62,476.12,534.27,608.2
98,OK,144,151,754,754,399.78,457.66,597.81,478.85,519.6,614.47
99,OK,128,148,765,765,392.07,451.57,591.36,470.95,510.68,608.24
100,OK,123,139,756,756,388.23,436.54,580.03,453.25,501.24,565.62
101,OK,115,127,752,752,378.63,425.64,570.78,439.52,487.86,548.79
102,OK,114,124,742,742,379.98,420.53,568.2,434.35,487.4,547.93
103,OK,112,118,741,741,380.87,418.35,570.71,434.87,487.93,539.54
104,OK,110,112,742,742,381.84,410.72,571.85,432.85,484.71,535.33
105,OK,112,110,739,739,384.71,407.87,572.52,432.93,486.43,533.47
106,OK,118,113,732,732,389.25,409.96,574.84,431.81,494.6,539.07
107,OK,119,111,730,730,386.86,408.33,573.69,427.9,491.45,530.76
108,OK,121,114,730,730,386.28,419.11,574.04,432.83,496.06,541.09
109,OK,116,113,738,738,382.87,420.32,574.34,435.27,492.03,544.49
110,OK,115,112,741,741,384.71,418.99,575.96,434.7,493.83,542.32
111,OK,111,110,744,744,380.45,417.85,572.45,434.32,486.87,541.26
112,OK,108,108,745,745,379.08,415.6,570.39,433.22,484.26,537.07
113,OK,106,108,746,746,377.5,417.12,569.24,433.59,483.99,537.46
114,OK,106,108,745,745,378.92,416.47,569.77,433.18,484.97,537.49
115,OK,105,108,745,745,378.01,416.41,569.48,433.84,483.64,539.5
116,OK,107,110,744,744,382.0,417.48,572.78,435.31,488.11,541.98
117,OK,111,113,740,740,383.28,417.58,572.41,434.31,489.56,542.46
118,OK,123,118,733,733,397.53,414.66,583.43,437.76,505.64,548.42
119,OK,150,123,724,724,430.58,412.89,613.17,439.12,548.62,546.91
120,OK,173,131,715,715,440.32,427.58,622.0,441.37,568.32,551.82
121,OK,179,135,721,721,440.68,434.92,627.58,451.08,565.3,565.8
122,OK,182,138,723,723,441.17,433.22,627.28,451.05,565.77,568.02
123,OK,179,138,731,731,436.66,434.27,626.17,453.89,561.13,573.77
124,OK,172,135,739,739,430.88,431.98,622.53,452.77,552.48,571.77
125,OK,165,128,748,748,427.88,430.41,621.82,451.67,549.51,561.7
126,OK,165,128,751,751,431.49,433.64,624.99,451.93,557.75,570.94
127,OK,163,131,754,754,430.47,436.52,624.62,457.47,555.17,580.12
128,OK,164,137,752,752,430.09,439.33,622.11,459.73,555.79,587.31
129,OK,163,141,751,751,427.61,439.76,620.02,460.34,553.39,590.32
130,OK,163,141,751,751,429.75,439.97,622.14,461.44,554.55,586.98
131,OK,167,141,744,744,431.33,437.08,620.49,455.69,557.19,576.48
132,OK,164,139,745,745,424.16,435.95,616.07,451.16,551.81,578.83
133,OK,169,139,737,737,430.05,430.81,617.33,447.81,555.84,571.13
134,OK,159,133,743,743,416.01,427.33,608.25,446.3,538.72,569.92
135,OK,159,130,735,735,414.84,428.42,601.83,441.61,539.13,550.52
136,OK,142,119,736,736,388.6,417.69,578.1,427.14,505.79,530.6
137,OK,126,117,733,733,368.59,424.46,556.66,422.81,490.7,540.25
138,OK,100,115,746,746,345.79,431.98,541.49,433.31,464.86,556.57
139,OK,64,121,767,767,316.21,454.15,519.25,453.61,427.65,591.79
140,OK,42,127,782,782,309.97,462.28,515.32,458.32,425.81,601.8
141,OK,34,132,781,781,311.45,461.42,512.56,458.09,423.08,595.71
142,OK,27,127,790,790,310.87,455.46,516.65,453.84,425.7,589.05
143,OK,22,127,795,795,311.83,458.35,517.89,458.66,422.08,597.95
144,OK,21,128,797,797,314.09,458.45,519.85,462.41,421.28,598.69
145,OK,21,130,796,796,313.84,458.8,518.86,461.41,422.16,603.2
146,OK,21,129,799,799,316.85,455.65,523.41,460.48,425.86,601.31
147,OK,23,130,796,796,316.91,455.83,521.07,460.21,425.71,599.76
148,OK,26,127,795,795,321.04,451.85,525.62,456.22,431.5,588.78
149,OK,27,119,800,800,321.35,444.48,528.73,448.21,435.09,583.61
150,OK,36,108,793,793,333.06,430.62,535.32,438.09,445.12,547.54
151,OK,46,97,787,787,342.93,410.13,543.32,429.06,453.93,537.17
152,OK,73,104,761,761,365.24,413.89,554.2,429.79,476.46,537.68
153,OK,94,112,741,741,373.65,414.57,559.14,428.92,486.99,541.38
154,OK,112,118,731,731,387.73,417.61,573.05,432.43,502.91,546.25
155,OK,127,120,723,723,398.47,410.09,581.59,431.34,510.36,541.66
156,OK,136,109,726,726,401.84,404.21,589.25,414.69,522.77,515.1
157,OK,141,101,733,733,409.63,400.98,599.3,418.39,529.55,519.56
158,OK,155,105,727,727,424.87,404.01,609.13,426.17,543.78,523.79
159,OK,158,105,729,729,423.26,403.56,610.12,428.32,540.78,528.76
160,OK,162,110,725,725,422.15,404.16,606.2,428.21,538.15,533.86
161,OK,160,110,728,728,418.85,405.89,605.75,427.69,536.99,535.14
162,OK,161,114,724,724,419.76,408.73,603.79,431.43,535.49,536.09
163,OK,164,115,724,724,424.14,412.03,609.38,433.23,542.8,537.3
164,OK,160,114,730,730,417.7,416.71,606.96,432.87,536.24,538.67
165,OK,157,116,739,739,415.74,431.79,608.28,438.02,545.84,552.13
166,OK,149,117,748,748,409.84,430.04,604.81,440.16,535.52,560.47
167,OK,146,119,743,743,405.48,424.66,595.27,436.12,525.72,550.05
168,OK,139,117,741,741,395.97,423.91,586.38,433.77,513.32,544.6
169,OK,132,116,741,741,391.92,422.55,582.63,435.19,506.33,544.36
170,OK,124,113,737,737,382.5,412.98,570.52,430.35,488.82,534.33
171,OK,119,114,728,728,374.07,411.5,558.63,426.11,481.45,529.78
172,OK,114,105,727,727,371.74,403.08,558.3,416.55,480.78,509.74
173,OK,111,96,731,731,374.7,402.84,563.1,422.57,481.69,498.79
174,OK,108,87,732,732,371.78,396.13,559.84,415.31,481.27,485.27
175,OK,108,80,731,731,370.97,386.17,557.8,409.75,483.4,479.99
176,OK,100,67,735,735,362.27,368.44,550.17,398.95,467.12,463.73
177,OK,92,56,737,737,358.9,357.71,545.44,396.93,458.3,453.79
178,OK,77,51,734,734,336.7,358.19,521.49,394.27,427.97,447.8
179,OK,54,47,733,733,305.07,363.11,492.44,385.94,399.09,446.4
180,OK,21,36,742,742,269.43,357.36,462.47,373.08,364.11,439.91
181,OK,8,36,741,741,271.49,359.22,461.47,377.79,366.57,445.9
182,OK,11,46,732,732,281.78,361.84,467.18,381.95,378.64,465.52
183,OK,17,52,732,732,294.04,363.8,480.79,390.22,392.01,472.09
184,OK,19,50,738,738,295.42,361.06,485.17,387.79,398.17,467.92
185,OK,27,52,734,734,303.92,360.81,490.25,386.99,404.62,464.74
186,OK,28,55,731,731,297.4,365.38,484.0,385.33,398.27,468.95
187,OK,14,33,743,743,280.52,355.29,474.86,363.37,380.21,420.57
188,OK,24,13,756,756,321.78,347.56,519.37,363.67,418.67,404.33
189,OK,84,24,737,737,409.02,351.08,589.64,390.93,508.04,418.9
190,OK,113,23,758,758,435.33,356.59,627.45,415.49,535.84,439.93
191,OK,128,36,773,773,440.53,375.23,634.33,435.39,540.57,484.34
192,OK,143,66,759,759,439.77,390.41,622.87,448.42,534.21,522.36
193,OK,138,81,754,754,419.47,390.45,603.12,449.48,505.19,521.24
194,OK,129,88,760,760,413.18,395.06,601.04,456.38,501.94,533.3
195,OK,122,91,768,768,409.96,396.0,601.13,454.37,502.58,539.3
196,OK,120,94,768,768,409.96,395.27,599.56,452.41,501.95,541.06
197,OK,120,101,761,761,404.98,398.15,592.05,450.12,497.14,546.35
198,OK,116,102,758,758,395.97,398.84,584.19,447.96,489.21,538.6
199,OK,111,105,751,751,384.77,401.41,572.52,441.48,479.25,538.99
200,OK,107,103,748,748,379.63,403.15,568.23,437.97,478.91,529.23
201,OK,107,106,738,738,375.09,403.59,560.42,431.75,476.84,531.6
202,OK,109,109,730,730,374.93,403.89,559.31,430.42,477.13,529.36
203,OK,108,110,727,727,370.88,407.61,556.39,430.04,476.16,528.68
204,OK,107,111,723,723,369.99,407.03,553.91,430.79,472.19,526.84
205,OK,104,110,724,724,369.34,406.65,554.63,432.54,469.12,526.14
206,OK,103,109,725,725,370.85,405.84,556.12,432.65,470.43,523.32
207,OK,99,108,727,727,361.35,406.31,547.63,429.68,464.31,524.24
208,OK,91,104,730,730,353.1,400.55,540.01,427.68,454.87,518.88
209,OK,81,97,734,734,342.16,397.69,531.07,419.93,445.76,513.01
210,OK,68,88,740,740,329.96,394.3,520.92,417.94,430.81,501.21
211,OK,54,83,745,745,314.04,394.91,506.09,415.15,420.62,501.1
212,OK,45,81,743,743,306.57,393.94,496.27,413.79,411.43,497.02
213,OK,37,80,740,740,301.64,391.44,490.45,414.2,403.26,494.49
214,OK,26,70,743,743,290.33,374.94,481.21,397.56,391.17,482.74
215,OK,42,72,732,732,317.92,377.31,502.63,396.35,428.05,485.12
216,OK,67,83,713,713,335.66,384.25,513.98,399.65,454.01,491.84
217,OK,62,75,720,720,316.62,377.47,503.54,390.91,434.79,481.04
218,OK,54,71,724,724,307.86,376.35,495.26,388.12,421.95,481.26
219,OK,47,66,731,731,304.13,376.27,494.38,384.16,419.54,482.87
220,OK,43,64,733,733,303.45,377.49,492.8,378.8,417.44,480.89
221,OK,31,52,744,744,293.27,375.08,487.8,373.1,404.42,460.73
222,OK,31,42,745,745,305.9,369.77,498.24,364.74,409.7,443.66
223,OK,52,40,750,750,352.84,366.65,546.35,387.59,452.98,457.88
224,OK,68,46,753,753,364.65,378.97,558.03,403.2,465.89,472.1
225,OK,77,61,753,753,362.8,400.31,555.89,418.75,465.65,495.19
226,OK,79,74,745,745,358.17,398.96,546.38,425.27,450.93,503.47
227,OK,83,87,736,736,359.02,403.34,544.45,430.75,450.66,511.11
228,OK,84,92,734,734,356.97,404.72,544.36,428.48,453.1,513.09
229,OK,65,85,749,749,330.62,402.25,526.88,414.95,427.72,514.47
230,OK,59,88,761,761,338.21,418.02,537.54,424.55,442.94,537.93
231,OK,79,100,755,755,371.53,425.73,564.37,431.29,481.35,546.18
232,OK,91,113,756,756,376.91,433.32,571.52,444.03,487.95,570.44
233,OK,91,122,757,757,368.52,439.69,563.47,448.58,476.88,579.28
234,OK,92,134,748,748,366.08,450.67,556.13,466.4,468.7,575.78
235,OK,93,141,738,738,362.0,447.42,549.1,461.47,463.63,570.13
236,OK,84,133,746,746,353.35,438.2,547.04,450.99,454.39,562.72
237,OK,81,129,749,749,353.99,436.8,547.63,447.74,457.53,560.78
238,OK,78,132,749,749,350.05,447.67,543.2,452.88,457.21,570.0
239,OK,79,137,746,746,352.78,450.99,544.22,458.67,458.91,576.01
240,OK,76,138,749,749,349.59,446.97,543.03,460.17,452.85,578.51
241,OK,70,135,758,758,346.87,444.11,544.18,456.16,451.58,580.93
242,OK,73,131,758,758,351.28,439.51,546.68,448.37,462.12,571.12
243,OK,71,126,762,762,348.98,434.44,546.13,446.03,457.96,569.17
244,OK,83,129,748,748,359.29,436.33,548.14,442.08,470.86,559.64
245,OK,98,130,738,738,371.05,431.25,558.47,436.74,490.56,558.31
246,OK,102,128,736,736,365.65,432.29,554.62,436.97,486.1,554.93
247,OK,105,125,737,737,366.61,430.54,556.78,430.05,492.76,551.94
248,OK,104,122,740,740,365.46,426.86,556.75,433.35,487.78,550.48
249,OK,102,118,741,741,362.63,426.0,554.09,429.57,485.16,545.88
250,OK,101,113,744,744,364.14,420.62,556.52,425.2,489.56,540.0
251,OK,99,103,747,747,360.66,417.61,554.05,416.32,489.0,521.9
252,OK,102,102,743,743,365.0,412.2,555.19,415.67,491.51,526.48
253,OK,104,102,738,738,363.69,413.52,552.87,414.74,491.38,525.05
254,OK,108,103,735,735,365.23,414.79,553.7,413.94,496.78,525.88
255,OK,114,105,729,729,369.43,413.52,555.79,413.39,501.94,526.26
256,OK,117,108,723,723,367.81,414.58,552.38,412.74,498.68,525.6
257,OK,118,110,720,720,365.72,412.16,550.76,414.02,498.27,530.25
258,OK,105,102,737,737,354.43,410.16,548.59,413.7,489.53,532.89
259,OK,93,100,747,747,348.13,414.89,543.42,418.02,476.77,538.64
260,OK,84,97,757,757,345.81,413.57,543.46,419.28,475.3,542.81
261,OK,77,96,759,759,341.42,412.53,537.23,421.54,463.78,535.68
262,OK,67,94,761,761,331.94,411.17,528.69,418.33,449.86,534.33
263,OK,58,96,765,765,326.53,421.84,524.84,428.39,443.65,544.17
264,OK,58,96,765,765,333.47,414.58,530.7,422.92,451.49,541.95
265,OK,63,102,766,766,340.13,428.78,537.74,430.43,464.5,552.4
266,OK,81,111,754,754,357.96,428.71,549.24,430.06,486.72,553.5
267,OK,94,117,746,746,364.86,428.56,555.13,433.42,494.91,553.53
268,OK,98,114,743,743,364.04,417.94,554.61,427.09,488.23,539.89
269,OK,98,103,744,744,361.51,412.34,553.52,413.51,484.2,515.43
270,OK,109,105,732,732,376.62,407.4,561.74,423.04,492.12,520.52
271,OK,141,119,713,713,419.09,407.76,594.97,440.27,535.12,536.74
272,OK,166,131,695,695,428.05,408.68,599.28,443.51,547.0,541.02
273,OK,186,145,678,678,437.46,416.13,604.94,447.41,553.76,549.99
274,OK,186,147,682,682,430.06,414.45,603.67,448.49,542.54,554.15
275,OK,183,145,689,689,426.34,415.06,603.27,445.69,542.6,553.06
276,OK,191,150,681,681,436.31,416.3,607.11,446.73,552.48,553.77
277,OK,193,151,682,682,435.28,416.72,608.26,448.53,550.7,555.92
278,OK,191,152,682,682,430.92,416.43,603.85,448.23,545.41,556.0
279,OK,186,147,687,687,427.45,409.74,602.28,445.43,539.57,550.12
280,OK,186,144,689,689,428.13,411.71,603.81,442.29,549.97,549.55
281,OK,181,137,697,697,424.75,410.43,603.81,440.85,545.62,541.25
282,OK,179,136,696,696,421.86,409.96,598.26,442.5,540.35,541.37
283,OK,185,144,688,688,427.82,416.56,600.99,443.51,551.0,557.82
284,OK,190,157,681,681,429.68,429.58,601.49,454.17,550.82,573.03
285,OK,191,162,680,680,428.21,430.05,601.88,452.87,551.08,573.67
286,OK,195,168,672,672,428.11,429.46,597.75,451.36,550.24,572.4
287,OK,189,165,676,676,417.72,428.93,592.18,446.92,541.93,568.49
288,OK,188,162,681,681,424.05,426.04,599.41,446.8,549.82,567.76
289,OK,179,157,689,689,413.38,427.78,592.35,444.48,538.56,568.56
290,OK,171,155,694,694,408.84,428.3,588.4,445.17,529.81,571.51
291,OK,166,152,698,698,407.78,426.83,588.03,443.81,529.67,566.76
292,OK,158,146,707,707,404.36,420.85,587.08,444.9,523.23,565.96
293,OK,160,145,704,704,408.18,420.31,587.7,441.72,528.33,559.43
294,OK,156,141,706,706,401.36,415.4,582.23,440.2,520.75,556.31
295,OK,150,134,711,711,398.92,409.47,581.67,435.22,515.57,550.59
296,OK,146,133,711,711,394.85,409.84,576.14,435.24,510.01,551.71
297,OK,137,123,711,711,379.26,404.46,561.74,421.59,500.8,525.09
298,OK,132,116,707,707,376.24,399.64,556.89,415.39,495.23,516.7
299,OK,130,108,705,705,374.86,392.87,555.49,409.04,495.13,505.77
300,OK,120,95,709,709,358.6,385.52,542.05,396.93,484.47,488.88
301,OK,85,60,727,727,320.0,358.91,511.72,371.45,432.79,433.45
302,OK,40,24,731,731,266.54,344.37,455.98,338.88,367.94,374.07
303,OK,25,8,735,735,283.27,347.49,473.9,341.73,381.87,379.49
304,OK,29,3,749,749,318.91,349.51,515.0,362.77,413.86,405.7
305,OK,46,16,751,751,347.8,359.52,539.3,389.49,436.83,437.33
306,OK,58,27,762,762,365.33,373.5,560.0,416.05,454.09,455.45
307,OK,61,27,784,784,373.46,374.13,576.36,419.58,461.62,465.13
308,OK,73,60,773,773,382.27,398.32,570.94,453.27,457.76,523.08
309,OK,75,79,769,769,378.54,402.66,567.71,458.98,448.93,534.26
310,OK,71,86,773,773,374.41,400.41,565.28,461.54,444.49,536.61
311,OK,72,94,767,767,373.11,402.29,560.73,459.86,443.77,535.37
312,OK,71,98,766,766,370.93,407.26,560.32,462.74,442.52,537.25
313,OK,72,100,762,762,368.09,404.22,556.36,455.43,442.5,535.41
314,OK,76,102,755,755,370.47,402.85,556.81,453.09,446.75,530.8
315,OK,77,105,752,752,369.4,402.69,555.82,453.36,443.75,539.14
316,OK,78,106,750,750,368.02,402.18,554.9,449.5,445.03,537.1
317,OK,79,107,749,749,368.29,402.43,555.61,448.96,447.04,541.38
318,OK,83,110,745,745,368.87,405.33,555.53,445.23,454.77,543.39
319,OK,90,112,737,737,371.44,406.49,556.02,441.32,459.73,535.9
320,OK,99,116,728,728,376.77,406.66,559.69,437.8,471.09,538.48
321,OK,102,115,728,728,377.2,405.78,561.84,438.4,471.32,536.38
322,OK,106,114,727,727,381.23,404.01,565.16,437.58,474.3,534.43
323,OK,105,113,728,728,375.98,404.22,561.49,435.6,470.65,534.79
324,OK,100,109,728,728,368.15,400.34,552.99,433.18,458.22,524.95
325,OK,91,103,732,732,360.86,396.53,547.47,430.83,447.6,519.84
326,OK,84,98,735,735,354.51,394.56,541.91,426.89,446.59,513.77
327,OK,69,90,745,745,337.17,393.78,530.21,419.04,432.6,514.28
328,OK,59,88,754,754,338.15,397.06,532.17,428.63,428.29,524.32
329,OK,52,95,763,763,338.16,407.25,533.9,442.25,429.31,554.82
330,OK,68,104,748,748,360.24,405.35,546.3,436.79,450.67,538.99
331,OK,96,109,733,733,389.78,397.94,570.96,434.69,485.88,530.39
332,OK,111,114,726,726,393.06,398.42,573.42,440.16,489.02,537.33
333,OK,117,120,720,720,388.79,402.7,568.89,441.37,485.01,547.38
334,OK,120,123,719,719,389.76,403.8,570.76,443.47,486.52,550.16
335,OK,120,124,722,722,389.46,404.11,571.75,444.16,484.9,551.14
336,OK,122,126,721,721,392.15,403.75,573.1,444.65,486.87,552.63
337,OK,123,126,722,722,395.17,402.9,576.55,446.38,488.46,552.42
338,OK,129,127,720,720,400.28,406.81,581.25,444.61,499.4,550.55
339,OK,147,137,707,707,418.41,411.61,593.5,449.17,521.65,558.07
340,OK,160,145,697,697,418.35,415.39,592.56,446.83,526.99,561.02
341,OK,159,143,690,690,408.47,405.99,580.88,442.03,506.6,544.47
342,OK,153,136,690,690,398.65,398.73,574.0,428.38,501.5,536.48
343,OK,136,111,701,701,375.0,379.89,557.3,401.97,484.8,495.22
344,OK,113,92,716,716,356.63,382.76,543.98,400.54,460.69,488.26
345,OK,101,85,721,721,356.02,386.65,541.69,409.78,457.78,485.66
346,OK,106,81,719,719,373.08,374.23,555.01,406.37,474.67,480.23
347,OK,128,79,713,713,408.05,373.15,584.63,417.44,511.81,468.13
348,OK,144,82,708,708,414.05,375.45,591.11,413.98,520.01,478.78
349,OK,148,77,718,718,417.53,376.43,601.25,414.63,526.34,478.74
350,OK,137,75,728,728,396.02,383.93,583.27,416.92,500.51,486.57
351,OK,123,85,727,727,373.66,406.43,560.37,420.97,480.66,502.46
352,OK,102,84,738,738,356.39,405.72,548.99,417.81,458.7,505.29
353,OK,82,84,748,748,342.78,406.7,537.77,416.73,443.62,517.8
354,OK,73,90,753,753,344.38,416.88,539.32,426.8,445.29,529.83
355,OK,77,102,749,749,356.11,426.78,547.6,440.02,456.0,540.91
356,OK,80,110,744,744,357.09,421.63,546.72,440.8,456.58,546.08
357,OK,95,119,729,729,371.58,421.85,554.5,441.27,474.1,539.66
358,OK,116,125,716,716,388.89,413.24,568.11,439.11,497.77,541.58
359,OK,131,125,707,707,395.12,408.61,573.36,432.22,508.13,529.7
360,OK,128,115,712,712,377.75,412.72,562.26,423.58,498.39,512.79
361,OK,98,103,733,733,344.67,402.88,538.46,416.34,451.68,529.24
362,OK,67,95,748,748,322.33,404.34,518.01,421.8,417.68,526.69
363,OK,51,88,758,758,324.61,399.55,521.44,420.53,418.42,521.98
364,OK,54,80,756,756,336.42,391.76,530.22,407.29,437.93,500.93
365,OK,69,81,744,744,353.59,397.37,540.93,420.02,456.51,489.18
366,OK,82,82,739,739,365.13,391.57,552.7,416.34,465.8,498.26
367,OK,101,83,734,734,391.13,386.1,574.74,426.39,489.21,491.92
368,OK,115,84,736,736,405.18,392.62,590.12,436.1,501.99,496.05
369,OK,128,93,730,730,410.96,394.09,591.93,438.87,506.67,511.62
370,OK,133,95,732,732,411.0,396.59,595.2,440.04,507.54,510.34
371,OK,137,90,735,735,412.51,393.08,598.44,432.27,515.22,498.59
372,OK,129,79,748,748,401.76,391.51,595.16,425.24,508.32,492.64
373,OK,126,78,747,747,395.33,393.91,586.15,417.73,503.63,494.49
374,OK,125,83,740,740,391.56,393.52,578.3,421.26,495.82,501.45
375,OK,124,90,732,732,385.43,399.12,570.55,423.23,492.16,510.71
376,OK,121,99,726,726,382.7,400.13,565.64,431.53,485.02,523.46
377,OK,120,105,724,724,383.79,400.18,566.85,433.9,485.51,527.35
378,OK,119,107,723,723,382.88,400.95,565.95,433.19,484.35,524.25
379,OK,119,107,723,723,383.08,402.14,567.21,430.53,488.42,519.77
380,OK,118,110,720,720,376.47,410.89,560.15,431.24,483.32,523.34
381,OK,117,112,719,719,375.57,408.36,559.47,429.56,484.41,527.54
382,OK,113,111,719,719,371.14,406.3,555.52,425.48,477.39,525.6
383,OK,111,110,721,721,370.82,407.15,556.17,425.95,477.68,523.56
384,OK,108,109,723,723,368.33,406.22,553.78,427.22,473.32,523.61
385,OK,107,107,724,724,367.45,410.06,553.52,425.45,476.32,518.05
386,OK,103,106,727,727,364.17,412.21,551.59,426.99,473.17,522.89
387,OK,102,108,726,726,363.83,411.32,549.97,426.56,471.01,525.79
388,OK,103,108,725,725,365.9,412.73,552.02,426.62,473.98,523.24
389,OK,105,111,721,721,368.52,412.7,552.8,429.41,473.52,525.95
390,OK,103,110,723,723,364.84,412.73,551.09,430.22,470.34,525.57
391,OK,101,109,725,725,362.41,413.46,549.15,428.56,469.73,522.03
392,OK,103,107,724,724,365.27,413.6,551.4,423.49,476.66,517.61
393,OK,103,104,724,724,365.49,407.93,551.65,419.7,473.41,514.14
394,OK,102,103,727,727,363.71,409.82,551.7,420.27,476.88,519.51
395,OK,101,101,730,730,362.15,412.02,550.63,421.32,476.17,517.18
396,OK,93,97,740,740,354.78,408.39,548.12,417.1,471.15,523.55
397,OK,92,94,741,741,352.24,407.92,543.55,410.48,476.77,515.53
398,OK,93,93,737,737,352.69,406.8,541.7,409.77,475.64,513.71
399,OK,100,95,731,731,360.12,407.77,546.73,411.81,484.77,511.07
400,OK,107,97,722,722,364.79,406.18,548.46,414.5,486.73,504.95
401,OK,112,99,718,718,368.13,406.82,551.69,416.45,490.19,505.8
402,OK,121,100,712,712,377.32,400.93,558.47,419.96,500.72,501.23
403,OK,126,108,700,700,371.39,402.86,548.27,417.4,493.28,511.72
404,OK,112,102,710,710,352.32,397.13,537.2,411.97,472.67,511.4
405,OK,66,70,749,749,306.01,391.67,508.99,396.29,421.36,473.01
406,OK,37,57,756,756,289.99,382.71,486.63,382.56,390.25,471.08
407,OK,24,51,767,767,301.69,395.26,501.88,389.12,400.22,479.02
408,OK,27,50,772,772,320.33,398.63,520.6,402.5,418.24,476.18
409,OK,39,60,770,770,334.57,402.61,532.55,409.62,439.24,502.64
410,OK,48,69,767,767,338.66,404.29,535.25,414.03,442.82,512.61
411,OK,59,80,760,760,346.25,408.64,539.79,422.33,451.71,520.3
412,OK,65,85,759,759,351.51,405.46,545.77,425.37,454.51,522.83
413,OK,68,89,760,760,349.33,409.24,544.51,426.51,458.73,528.2
414,OK,68,91,761,761,348.35,410.11,543.86,429.25,455.14,531.41
415,OK,68,93,761,761,348.06,408.43,542.98,430.0,452.76,531.01
416,OK,60,85,766,766,336.05,396.18,533.68,417.36,441.95,521.51
417,OK,55,75,760,760,325.37,381.75,518.68,401.33,434.44,495.73
418,OK,47,67,754,754,312.79,372.54,504.4,392.79,421.28,484.25
419,OK,41,64,742,742,299.91,370.29,487.26,387.01,408.49,476.5
420,OK,36,64,733,733,296.78,372.8,481.83,395.42,399.2,467.89
421,OK,25,60,734,734,284.05,372.68,473.5,379.4,388.78,472.71
422,OK,15,48,744,744,284.08,370.36,478.34,369.08,383.0,457.78
423,OK,14,44,758,758,300.38,382.76,499.45,382.59,399.59,470.16
424,OK,40,58,758,758,343.55,397.55,538.65,407.44,451.39,502.05
425,OK,68,85,745,745,364.31,410.79,551.75,433.16,466.24,537.06
426,OK,86,109,744,744,376.07,425.4,565.18,454.15,482.13,568.43
427,OK,101,126,732,732,377.8,428.4,561.75,454.79,484.2,568.36
428,OK,107,134,728,728,376.7,428.33,561.39,454.42,484.32,570.18
429,OK,108,140,730,730,373.55,431.96,560.5,457.2,483.21,581.63
430,OK,111,142,727,727,375.76,429.63,560.99,451.26,485.31,572.37
431,OK,119,138,726,726,388.51,418.34,573.56,445.55,500.05,565.9
432,OK,128,135,730,730,398.57,417.82,586.46,441.46,517.97,568.8
433,OK,138,141,723,723,400.85,426.15,584.48,443.07,523.1,576.24
434,OK,143,144,722,722,402.33,429.8,587.65,446.8,526.42,577.97
435,OK,139,143,727,727,397.37,427.48,584.09,452.83,513.88,578.4
436,OK,136,143,727,727,390.62,433.51,577.64,448.38,512.82,576.0
437,OK,132,141,724,724,384.8,429.68,570.09,444.03,504.18,564.04
438,OK,142,135,719,719,403.33,416.03,586.35,436.81,527.01,548.25
439,OK,167,113,713,713,424.28,395.01,605.37,415.18,577.32,483.89
440,OK,203,112,688,688,449.08,382.01,617.6,409.19,610.44,488.55
441,OK,221,132,661,661,436.94,412.45,599.88,423.72,595.7,521.82
442,OK,240,171,633,633,455.09,436.73,609.16,460.02,591.91,577.88
443,OK,238,196,628,628,441.03,451.07,600.13,472.23,575.05,602.41
444,OK,236,207,626,626,438.75,449.52,598.05,470.6,574.31,600.16
445,OK,221,180,645,645,418.78,419.08,589.34,431.63,572.03,544.73
446,OK,187,129,678,678,380.83,394.95,563.85,388.4,545.87,475.02
447,OK,169,120,678,678,365.66,412.41,539.17,389.63,530.51,499.44
448,OK,157,142,676,676,365.58,442.43,539.33,436.9,514.02,565.21
449,OK,153,158,681,681,371.94,453.4,548.87,453.14,524.51,582.64
450,OK,140,165,694,694,363.17,453.94,545.38,459.65,509.7,596.76
451,OK,130,166,707,707,362.61,454.4,547.81,463.13,507.33,598.05
452,OK,132,169,710,710,370.85,459.31,554.51,460.78,517.81,596.61
453,OK,116,158,724,724,352.14,452.95,542.43,450.56,491.78,582.3
454,OK,93,147,732,732,332.24,440.67,523.17,445.13,456.12,571.29
455,OK,63,136,759,759,318.6,443.64,520.99,454.84,433.97,589.83
456,OK,46,138,773,773,315.86,455.46,518.06,469.39,429.19,606.75
457,OK,35,133,785,785,313.4,453.18,518.59,459.44,428.84,598.96
458,OK,31,122,787,787,313.91,436.96,517.09,444.33,430.27,572.49
459,OK,29,106,783,783,313.72,412.28,513.93,428.9,420.8,539.99
460,OK,59,104,758,758,358.55,399.09,544.09,434.05,459.78,520.24
461,OK,84,107,738,738,371.1,402.81,553.49,435.53,476.34,521.1
462,OK,101,112,723,723,375.78,404.82,555.62,437.17,479.6,522.92
463,OK,114,115,715,715,383.54,401.49,562.05,437.53,488.86,524.53
464,OK,118,117,714,714,384.02,399.51,563.01,441.03,485.77,530.53
465,OK,121,115,715,715,385.42,401.59,566.12,439.27,490.36,524.22
466,OK,128,118,712,712,393.82,398.62,571.2,442.54,495.78,532.81
467,OK,133,124,706,706,392.28,405.14,568.66,443.32,496.18,538.57
468,OK,135,127,705,705,392.62,406.2,570.25,442.35,496.93,542.14
469,OK,136,131,702,702,388.25,415.53,566.42,443.74,497.05,540.87
470,OK,132,132,709,709,388.98,409.27,568.96,449.56,494.6,554.96
471,OK,127,132,712,712,383.77,408.81,564.58,445.7,489.81,553.1
472,OK,125,130,716,716,382.59,408.78,564.82,442.93,492.98,550.32
473,OK,121,127,721,721,380.41,408.98,563.87,444.67,491.73,550.74
474,OK,123,128,716,716,378.91,410.89,560.05,438.13,492.51,546.93
475,OK,119,129,721,721,376.02,417.76,561.22,443.99,490.14,558.49
476,OK,118,132,722,722,378.69,419.09,563.01,448.24,491.07,561.45
477,OK,116,127,726,726,375.1,416.48,561.8,441.37,489.78,547.27
478,OK,116,123,726,726,374.45,415.57,560.2,437.39,490.68,538.79
479,OK,101,107,738,738,354.57,409.6,547.75,415.5,471.16,520.98
480,OK,104,104,733,733,364.34,401.34,551.53,413.8,485.26,522.48
481,OK,129,104,714,714,390.45,398.07,569.31,404.79,525.51,501.0
482,OK,135,105,709,709,383.75,402.16,564.87,413.75,515.28,511.29
483,OK,112,96,726,726,352.68,402.52,544.3,407.44,476.71,515.37
484,OK,87,85,740,740,335.49,399.38,529.59,407.52,449.17,500.84
485,OK,63,63,755,755,324.09,377.96,522.13,392.09,427.33,469.97
486,OK,58,57,754,754,332.95,374.7,525.99,394.25,430.91,471.41
487,OK,64,52,761,761,357.37,373.92,551.86,409.74,457.36,472.81
488,OK,69,53,762,762,360.27,379.25,553.78,415.14,457.88,477.13
489,OK,74,60,757,757,361.98,382.28,551.7,420.87,456.56,485.47
490,OK,78,64,754,754,363.26,382.74,552.85,421.51,457.43,485.96
491,OK,80,68,750,750,364.03,383.39,552.43,422.9,454.78,488.89
492,OK,84,77,743,743,363.52,390.14,549.76,426.85,455.75,500.24
493,OK,90,83,736,736,364.88,399.36,550.67,426.03,464.81,495.69
494,OK,98,95,723,723,366.35,403.68,547.48,429.19,466.41,508.76
495,OK,100,101,719,719,366.9,402.16,548.71,430.96,462.88,514.61
496,OK,104,105,717,717,371.75,404.27,553.87,433.87,470.97,516.15
497,OK,105,107,719,719,372.19,404.51,555.36,434.67,471.6,520.8
498,OK,106,110,716,716,372.33,404.32,553.3,436.37,467.79,520.85
499,OK,110,109,715,715,378.59,399.75,559.27,434.69,474.46,516.3
500,OK,113,112,712,712,379.74,400.85,559.22,436.53,476.21,523.29
501,OK,117,116,706,706,380.66,401.22,557.97,434.01,476.3,524.61
502,OK,118,120,703,703,378.03,406.44,556.01,435.86,472.7,529.53
503,OK,121,123,700,700,381.23,405.25,558.19,434.96,476.74,528.79
504,OK,124,122,701,701,386.78,399.29,564.07,436.37,483.88,527.62
505,OK,127,114,704,704,389.75,393.92,569.44,425.55,491.06,513.5
506,OK,136,106,708,708,401.14,393.74,583.12,418.39,512.09,505.43
507,OK,140,124,707,707,392.69,419.51,573.42,441.16,514.94,559.76
508,OK,145,140,702,702,394.8,429.19,572.07,457.34,514.31,564.9
509,OK,139,144,708,708,385.3,429.96,567.94,452.85,506.64,568.75
510,OK,132,141,710,710,376.95,425.2,559.7,442.78,497.63,554.59
511,OK,115,125,725,725,360.83,415.69,551.23,429.0,480.06,538.39
512,OK,87,103,739,739,333.49,399.22,527.07,410.91,442.1,509.43
513,OK,63,87,748,748,318.38,397.1,512.68,411.8,418.63,497.27
514,OK,48,81,748,748,310.72,395.49,502.88,411.54,409.91,497.23
515,OK,36,78,747,747,302.12,397.01,494.13,411.22,396.99,494.54
516,OK,30,75,748,748,302.7,393.23,495.22,406.28,399.87,496.01
517,OK,26,69,750,750,300.93,392.68,494.34,402.57,398.74,481.91
518,OK,26,68,750,750,303.26,393.39,496.12,403.61,403.52,488.18
519,OK,25,66,753,753,303.11,394.33,497.48,405.89,404.11,484.58
520,OK,34,61,752,752,322.75,370.8,514.56,398.03,420.18,481.05
521,OK,75,76,729,729,370.32,378.08,549.06,411.92,480.5,493.65
522,OK,104,98,709,709,378.72,399.83,553.77,431.3,490.27,518.24
523,OK,118,112,698,698,378.49,401.91,552.6,434.17,488.27,522.72
524,OK,123,120,696,696,375.45,406.33,552.3,432.01,487.09,531.11
525,OK,125,121,695,695,374.93,405.67,552.57,425.94,486.66,525.01
526,OK,118,120,699,699,366.37,409.24,546.66,425.6,468.57,522.98
527,OK,110,118,709,709,367.92,409.62,551.75,431.59,464.95,532.13
528,OK,108,115,714,714,371.25,408.78,555.57,429.85,469.06,526.71
529,OK,103,95,730,730,376.19,394.8,566.26,422.78,473.55,490.79
530,OK,109,85,730,730,382.29,374.61,566.8,411.74,485.94,487.41
531,OK,114,84,726,726,381.74,379.75,564.32,415.74,489.69,490.54
532,OK,122,96,717,717,386.23,391.37,565.19,426.19,496.23,516.82
533,OK,122,101,721,721,384.03,398.85,567.18,434.73,493.89,520.16
534,OK,127,104,717,717,388.39,400.97,570.1,429.9,500.52,514.78
535,OK,133,103,712,712,391.88,394.16,572.98,416.45,506.21,509.49
536,OK,127,84,727,727,389.44,383.06,580.02,397.23,502.43,482.8
537,OK,124,77,733,733,387.88,387.85,578.27,395.5,502.02,490.22
538,OK,123,73,744,744,395.6,392.73,590.04,403.2,508.62,499.16
539,OK,135,84,740,740,413.8,399.51,601.99,424.59,524.01,517.26
540,OK,136,85,746,746,414.59,396.12,605.9,428.22,518.03,514.62
541,OK,138,87,744,744,412.69,393.78,601.7,423.87,516.91,511.9
542,OK,135,88,743,743,405.83,392.07,594.45,423.59,508.6,512.51
543,OK,139,88,733,733,404.44,387.3,589.57,410.59,514.1,502.66
544,OK,139,92,713,713,387.04,382.85,564.69,400.54,497.0,495.81
545,OK,131,95,704,704,368.88,389.05,548.1,394.62,487.37,502.25
546,OK,114,90,712,712,354.43,387.88,539.54,399.19,470.26,500.25
547,OK,93,88,725,725,337.38,395.2,527.36,404.8,451.78,511.5
548,OK,76,81,734,734,330.04,389.44,520.81,404.46,438.33,494.72
549,OK,68,72,740,740,333.02,388.64,524.64,401.41,437.71,477.24
550,OK,74,60,745,745,358.71,366.95,549.08,399.19,459.05,462.93
551,OK,93,63,733,733,379.74,368.6,561.94,405.82,477.74,468.76
552,OK,111,73,723,723,393.46,376.33,572.72,417.73,490.8,484.91
553,OK,121,95,715,715,393.64,394.33,570.57,438.59,487.95,527.04
554,OK,124,108,712,712,392.38,396.96,569.25,443.77,485.66,533.16
555,OK,125,113,714,714,394.43,395.25,572.25,444.81,487.64,532.43
556,OK,126,116,713,713,394.74,395.3,571.25,445.66,485.32,530.92
557,OK,128,117,713,713,394.58,395.28,571.92,443.36,490.07,531.52
558,OK,128,117,714,714,395.65,397.71,574.44,443.25,490.01,531.67
559,OK,127,117,714,714,392.49,397.45,571.59,440.73,487.79,530.12
560,OK,128,117,712,712,391.86,398.54,570.33,438.89,489.28,528.99
561,OK,127,116,711,711,388.37,399.7,567.21,437.63,485.52,523.07
562,OK,126,117,709,709,385.32,403.3,564.46,437.38,483.65,527.58
563,OK,123,114,713,713,384.9,400.89,566.35,436.13,485.38,522.7
564,OK,119,116,714,714,377.67,406.33,559.6,435.15,479.33,529.69
565,OK,117,118,711,711,374.69,407.75,554.79,435.68,474.59,529.23
566,OK,118,121,706,706,375.81,407.47,554.25,435.94,475.01,530.61
567,OK,113,118,710,710,371.1,406.32,553.11,433.84,469.21,527.03
568,OK,109,114,715,715,370.07,403.94,553.7,432.09,469.94,525.86
569,OK,106,112,717,717,369.74,402.58,552.59,432.87,468.19,522.98
570,OK,107,110,717,717,368.96,403.3,551.81,428.7,473.47,518.91
571,OK,110,111,715,715,373.08,400.82,554.27,430.12,475.35,522.64
572,OK,110,112,713,713,372.14,401.87,553.08,431.6,473.32,524.78
573,OK,112,113,712,712,373.29,403.82,554.43,431.05,475.83,524.27
574,OK,113,113,712,712,373.52,403.67,555.08,429.89,478.21,524.95
575,OK,117,117,706,706,374.0,410.34,552.98,433.67,478.7,522.73
576,OK,117,117,705,705,372.99,406.45,552.79,431.52,475.76,522.98
577,OK,113,107,709,709,369.23,389.79,551.7,412.52,473.95,509.78
578,OK,94,84,732,732,351.66,384.26,545.2,402.09,457.7,484.3
579,OK,53,60,742,742,297.1,374.71,490.92,372.14,383.54,454.22
580,OK,20,41,754,754,280.05,372.78,477.23,373.82,364.0,439.3
581,OK,34,39,747,747,329.68,355.81,518.63,380.28,413.27,448.66
582,OK,90,67,718,718,394.14,379.13,567.91,415.57,501.48,482.05
583,OK,117,85,707,707,392.14,392.34,568.48,426.11,504.2,495.37
584,OK,123,97,701,701,372.79,401.98,551.06,418.98,490.93,504.89
585,OK,117,100,701,701,361.15,404.22,541.58,415.87,475.62,501.26
586,OK,109,100,703,703,353.04,402.05,534.18,412.88,465.51,496.83
587,OK,102,99,702,702,347.05,400.21,527.54,412.12,456.1,495.32
588,OK,89,96,707,707,331.36,397.05,514.53,404.86,441.57,497.44
589,OK,74,89,717,717,324.28,389.58,511.25,402.17,429.44,496.92
590,OK,62,81,727,727,320.71,387.99,510.36,401.88,424.62,492.67
591,OK,54,79,731,731,316.43,387.93,505.18,402.28,418.47,495.34
592,OK,48,81,728,728,307.56,395.69,493.93,406.9,407.97,492.15
593,OK,41,88,722,722,299.66,400.52,483.6,416.67,392.62,499.54
594,OK,19,81,729,729,272.68,391.52,461.51,412.11,363.18,482.87
595,OK,-12,74,741,741,237.22,397.77,431.36,397.97,331.97,490.4
596,OK,-47,67,727,727,192.48,387.22,375.46,370.74,265.54,455.32
597,OK,-61,53,717,717,197.03,370.66,378.97,358.8,269.09,422.51
598,OK,-52,44,707,707,224.75,356.21,404.42,354.85,295.94,413.1
599,OK,-45,37,715,715,236.54,357.24,422.71,362.92,314.47,425.36
600,OK,-36,44,722,722,247.66,366.62,435.31,375.52,332.6,460.97
601,OK,-29,46,729,729,255.67,366.88,444.88,381.95,343.24,457.61
602,OK,-13,37,725,725,270.01,350.54,455.11,367.5,364.44,420.22
603,OK,-1,35,719,719,273.47,350.41,456.14,369.83,367.52,420.85
604,OK,10,45,711,711,278.41,365.0,458.61,385.16,377.68,441.39
605,OK,11,48,714,714,274.33,373.88,458.34,390.84,377.01,438.91
606,OK,10,49,722,722,274.33,380.27,461.95,394.93,380.02,446.04
607,OK,8,53,725,725,272.77,376.93,459.82,394.02,375.04,459.54
608,OK,9,62,710,710,264.76,368.03,443.09,383.86,360.89,462.76
609,OK,9,65,705,705,265.19,363.75,444.25,385.06,366.5,463.19
610,OK,12,68,703,703,269.85,367.14,448.85,391.08,372.33,465.58
611,OK,12,68,704,704,271.34,366.93,450.67,396.35,370.72,462.16
612,OK,11,66,704,704,267.92,366.68,448.6,385.22,366.53,457.03
613,OK,4,63,708,708,258.27,369.39,441.66,376.99,357.0,461.79
614,OK,0,63,718,718,260.93,386.77,448.75,385.31,365.95,468.15
615,OK,-1,61,730,730,268.5,389.83,459.86,390.77,373.07,470.25
616,OK,4,61,737,737,280.5,391.59,472.17,391.18,387.22,476.87
617,OK,8,54,747,747,290.83,379.46,485.9,385.17,396.68,471.76
618,OK,14,52,754,754,300.05,385.32,495.9,390.71,404.03,474.74
619,OK,20,56,754,754,303.99,392.27,498.45,398.06,405.3,479.91
620,OK,25,57,756,756,311.21,389.81,506.31,402.54,412.15,480.8
621,OK,28,60,754,754,308.91,392.04,502.51,400.67,411.59,483.52
622,OK,29,57,757,757,309.62,388.45,504.92,400.5,415.75,474.93
623,OK,45,67,742,742,320.51,392.42,507.87,399.01,437.26,489.88
624,OK,65,78,716,716,329.49,377.28,506.94,392.01,443.17,483.96
625,OK,76,86,697,697,326.35,377.03,500.62,389.52,441.08,482.97
626,OK,84,91,677,677,319.97,370.61,488.8,380.93,437.88,473.81
627,OK,70,82,669,669,285.94,360.79,456.02,365.81,401.97,444.66
628,OK,1,36,686,686,191.24,337.44,370.36,310.84,288.09,360.78
629,OK,-22,8,692,692,216.91,320.99,396.34,307.93,302.49,346.27
630,OK,-16,0,698,698,252.86,325.36,434.12,319.36,339.38,365.86
631,OK,3,6,702,702,286.4,329.45,467.66,342.67,372.99,395.47
632,OK,19,13,702,702,297.98,333.66,478.87,343.66,387.28,406.71
633,OK,36,15,699,699,313.08,327.88,491.95,343.7,402.54,397.55
634,OK,48,17,707,707,320.19,331.74,503.9,346.38,424.41,413.22
635,OK,52,23,706,706,314.05,333.81,495.17,347.31,414.24,422.84
636,OK,45,23,717,717,307.64,330.98,493.94,352.19,405.49,436.34
637,OK,38,28,721,721,299.43,342.37,485.93,356.43,399.17,446.5
638,OK,32,37,719,719,292.96,350.62,476.4,372.79,384.96,450.17
639,OK,28,49,712,712,286.72,353.73,467.24,375.26,378.03,466.72
640,OK,20,55,712,712,277.93,362.65,460.77,377.5,370.31,467.3
641,OK,7,53,719,719,266.65,364.51,453.67,371.95,357.01,461.73
642,OK,0,51,722,722,262.56,360.52,449.12,365.2,354.46,463.09
643,OK,26,51,715,715,308.98,346.6,490.76,363.49,415.14,457.81
644,OK,48,51,707,707,319.31,347.23,499.27,359.22,433.35,452.09
645,OK,56,49,705,705,315.02,344.25,496.07,355.37,430.15,448.19
646,OK,50,45,712,712,304.13,343.76,488.74,359.63,411.69,449.89
647,OK,7,33,730,730,246.96,346.9,439.84,350.71,333.74,444.89
648,OK,-19,35,723,723,230.33,349.26,414.74,348.18,302.42,443.17
649,OK,-34,50,689,689,215.98,354.03,384.89,347.36,257.25,437.51
650,OK,-34,69,653,653,219.56,362.24,378.04,350.97,248.57,436.64
651,OK,-16,85,610,610,245.36,352.89,391.42,342.59,255.21,424.85
652,OK,2,91,590,590,260.11,361.37,404.04,332.32,279.79,420.52
653,OK,44,73,608,608,342.31,344.28,503.35,336.73,376.26,396.49
654,OK,96,44,662,662,425.64,340.79,609.85,353.15,498.0,399.51
655,OK,154,37,689,689,487.48,335.75,666.75,380.59,566.33,418.56
656,OK,204,47,683,683,502.49,340.29,672.59,378.32,600.34,433.58
657,OK,225,57,673,673,488.79,342.59,656.72,375.17,586.87,440.89
658,OK,205,55,682,682,437.21,344.1,612.3,377.35,540.64,440.88
659,OK,184,60,683,683,411.02,354.33,584.8,383.5,513.66,448.46
660,OK,150,60,695,695,371.03,362.13,552.75,378.77,479.67,460.5
661,OK,127,60,701,701,359.44,363.54,541.67,371.43,468.13,460.63
662,OK,104,56,712,712,347.83,360.26,533.57,377.73,447.27,461.81
663,OK,90,56,722,722,343.34,367.9,531.59,377.39,447.06,472.29
664,OK,94,64,725,725,357.96,381.23,545.38,388.47,472.47,490.09
665,OK,102,68,722,722,364.7,380.65,549.75,386.13,481.71,481.44
666,OK,90,68,729,729,343.84,381.9,533.37,385.74,455.74,491.47
667,OK,75,68,730,730,328.68,375.26,517.18,380.93,429.66,490.22
668,OK,76,66,730,730,343.4,370.23,531.0,382.01,448.91,485.54
669,OK,85,69,727,727,358.47,369.03,543.78,389.42,461.1,490.74
670,OK,96,79,719,719,364.85,379.92,547.21,399.72,472.74,502.78
671,OK,101,80,717,717,364.5,374.14,547.44,394.99,470.08,493.55
672,OK,101,80,719,719,361.79,377.55,546.64,397.34,470.09,497.34
673,OK,99,80,721,721,358.38,378.45,543.88,395.29,468.55,498.52
674,OK,94,76,728,728,354.8,378.58,543.64,393.61,466.03,495.01
675,OK,93,74,729,729,355.72,375.71,543.2,392.85,465.07,493.6
676,OK,84,69,740,740,346.48,373.98,539.41,389.64,460.8,498.85
677,OK,87,69,736,736,354.91,373.15,542.47,392.68,466.98,490.12
678,OK,98,76,725,725,361.92,375.83,545.16,395.48,478.68,495.21
679,OK,101,78,723,723,361.13,376.7,545.9,395.7,476.84,496.21
680,OK,102,79,722,722,360.03,378.44,545.17,395.98,475.68,497.76
681,OK,99,76,726,726,357.97,374.93,544.78,396.33,472.48,491.82
682,OK,100,76,724,724,360.7,377.75,546.13,390.57,473.98,490.24
683,OK,109,79,715,715,366.47,380.82,548.49,387.21,486.9,489.35
684,OK,131,86,703,703,388.13,383.58,566.13,388.75,522.41,490.33
685,OK,164,93,683,683,418.8,373.75,588.42,393.58,555.83,478.84
686,OK,173,94,680,680,410.58,375.54,583.71,397.31,545.89,483.19
687,OK,171,96,683,683,402.08,384.13,578.06,399.16,536.97,493.32
688,OK,170,97,685,685,403.22,382.35,579.65,397.0,535.85,493.0
689,OK,170,99,685,685,403.14,382.67,579.25,396.54,536.96,498.66
690,OK,165,98,689,689,396.86,384.99,575.17,398.12,530.03,498.57
691,OK,156,92,699,699,393.05,381.54,575.35,397.15,521.73,494.33
692,OK,145,84,714,714,387.93,386.96,575.44,401.1,517.25,491.26
693,OK,145,87,708,708,386.86,385.41,567.37,394.29,518.1,494.94
694,OK,146,89,703,703,386.1,386.15,566.12,392.6,517.62,493.7
695,OK,140,88,704,704,380.1,382.81,561.52,393.32,505.56,493.98
696,OK,134,86,703,703,371.65,382.36,552.6,386.6,496.14,489.17
697,OK,125,83,705,705,365.98,380.87,548.29,386.67,486.54,487.03
698,OK,120,83,704,704,362.91,379.01,544.03,384.46,480.75,489.5
699,OK,101,77,722,722,342.37,391.65,533.1,387.76,466.55,492.77
700,OK,86,71,732,732,334.26,385.17,525.32,379.71,457.01,490.65
701,OK,75,62,730,730,332.66,364.89,520.23,374.07,432.94,465.24
702,OK,71,49,733,733,341.71,349.59,529.95,374.31,436.03,446.51
703,OK,89,39,729,729,378.79,347.78,562.36,382.78,470.91,421.25
704,OK,112,36,722,722,402.61,340.14,579.84,391.42,496.2,416.69
705,OK,115,38,726,726,391.73,349.64,573.36,398.51,487.21,437.52
706,OK,108,44,733,733,379.16,352.4,563.44,402.54,473.28,462.55
707,OK,92,52,750,750,366.48,374.23,559.15,419.29,460.11,494.96
708,OK,86,76,749,749,368.74,392.82,553.89,446.01,449.27,530.55
709,OK,82,97,751,751,366.71,404.73,553.02,458.29,449.85,558.87
710,OK,80,107,754,754,367.84,406.17,555.84,458.54,454.14,561.69
711,OK,80,113,752,752,365.14,407.84,552.0,456.91,452.77,558.96
712,OK,80,116,751,751,365.54,407.66,553.17,454.79,454.08,557.35
713,OK,78,115,753,753,363.85,407.02,552.81,454.02,452.43,555.49
714,OK,84,117,748,748,370.23,405.69,556.86,449.63,463.29,554.67
715,OK,90,117,744,744,372.21,404.15,558.14,446.07,467.09,552.63
716,OK,98,116,736,736,374.07,399.49,558.03,436.14,475.07,540.35
717,OK,103,118,728,728,373.04,403.06,555.79,434.56,474.83,544.13
718,OK,103,113,729,729,370.12,401.19,555.71,431.08,473.98,531.67
719,OK,99,108,733,733,366.7,397.34,553.56,430.9,468.55,530.36
720,OK,97,106,734,734,366.51,398.81,553.83,428.18,469.61,532.81
721,OK,100,105,729,729,368.52,392.99,552.35,423.78,472.15,526.81
722,OK,96,97,731,731,362.21,390.19,549.69,414.44,463.35,512.22
723,OK,79,83,746,746,345.43,388.61,541.0,402.84,443.43,503.45
724,OK,70,75,758,758,348.6,396.2,546.75,401.7,446.33,505.18
725,OK,78,77,762,762,372.48,405.92,570.02,410.64,470.35,518.88
726,OK,86,81,765,765,383.59,402.86,580.92,421.1,476.8,528.99
727,OK,89,77,772,772,387.49,395.46,586.96,420.1,479.44,520.28
728,OK,95,70,771,771,391.79,391.56,587.92,423.27,485.49,488.95
729,OK,93,57,770,770,381.72,367.56,576.65,402.05,473.89,474.47
730,OK,99,60,752,752,377.77,367.5,563.8,400.95,475.28,476.95
731,OK,103,65,741,741,375.31,371.7,560.9,401.07,477.12,484.79
732,OK,105,72,730,730,370.66,373.99,553.33,405.16,472.82,488.49
733,OK,103,76,724,724,363.99,375.67,546.98,404.52,465.58,489.96
734,OK,96,75,729,729,356.23,379.69,543.96,401.48,465.43,491.48
735,OK,86,68,739,739,350.49,375.23,542.19,397.83,456.67,486.75
736,OK,68,59,750,750,334.26,372.62,529.01,394.99,430.6,479.0
737,OK,54,59,760,760,326.97,387.62,524.47,406.55,425.13,492.17
738,OK,46,60,763,763,324.2,385.19,520.64,405.31,420.47,492.92
739,OK,42,55,764,764,323.64,372.44,519.43,395.48,420.1,481.17
740,OK,67,65,746,746,354.82,379.61,541.02,400.7,464.94,491.05
741,OK,84,73,733,733,357.98,383.2,542.72,399.19,475.19,494.69
742,OK,89,83,726,726,350.37,395.9,535.39,407.02,467.37,506.74
743,OK,89,85,732,732,347.13,401.44,537.29,401.86,473.85,511.62
744,OK,79,80,745,745,336.81,401.95,532.1,396.17,463.77,512.38
745,OK,76,80,744,744,334.05,401.67,525.1,392.36,460.2,506.8
746,OK,76,78,741,741,335.7,398.15,525.6,388.84,460.39,499.49
747,OK,71,73,746,746,334.24,395.32,527.67,388.23,456.99,497.65
748,OK,75,73,745,745,341.15,395.62,532.72,390.23,467.05,499.98
749,OK,77,73,745,745,341.47,395.36,533.42,390.19,467.48,500.7
750,OK,76,71,746,746,338.75,392.32,531.1,388.66,461.84,494.8
751,OK,74,67,743,743,337.24,380.45,528.03,383.67,451.6,486.67
752,OK,51,57,752,752,312.58,367.01,507.78,387.01,411.78,480.55
753,OK,32,55,752,752,298.76,367.53,490.65,394.27,385.23,477.92
754,OK,7,53,755,755,274.99,363.86,467.88,395.74,351.61,483.2
755,OK,-5,53,759,759,274.78,366.55,468.87,396.86,355.51,486.87
756,OK,-5,57,753,753,281.53,380.77,472.63,403.58,360.35,478.61
757,OK,12,52,746,746,306.31,366.17,496.36,374.16,396.32,465.7
758,OK,63,52,732,732,384.47,346.21,564.23,390.95,475.62,453.88
759,OK,99,59,719,719,398.1,354.27,573.18,404.35,490.87,459.15
760,OK,118,63,717,717,401.42,358.6,579.24,406.85,500.11,468.54
761,OK,126,64,717,717,401.47,359.17,579.05,409.76,497.27,462.72
762,OK,140,58,713,713,412.83,349.92,590.17,393.56,515.71,440.65
763,OK,164,59,695,695,429.75,345.37,598.62,389.21,540.55,430.1
764,OK,162,73,689,689,410.24,358.88,578.46,410.47,507.71,473.38
765,OK,142,74,704,704,378.65,374.84,561.4,404.77,495.79,482.06
766,OK,122,71,709,709,361.07,368.31,543.8,391.82,467.78,472.89
767,OK,99,60,720,720,343.36,366.5,531.03,380.09,446.69,456.54
768,OK,90,55,722,722,347.7,363.49,533.91,378.51,446.14,455.94
769,OK,89,50,728,728,362.21,359.56,550.15,381.11,457.65,456.77
770,OK,90,51,729,729,363.21,362.35,550.4,383.3,457.02,463.39
771,OK,89,54,727,727,357.33,362.97,543.1,381.86,451.28,466.04
772,OK,84,50,728,728,353.22,353.64,539.16,380.8,444.77,458.2
773,OK,74,43,731,731,337.47,348.82,524.67,375.19,431.27,447.02
774,OK,65,48,726,726,323.79,359.52,508.87,377.01,418.66,461.7
775,OK,53,44,729,729,315.99,355.52,503.78,374.31,407.36,448.78
776,OK,44,40,729,729,306.4,353.12,494.26,363.4,402.81,444.94
777,OK,41,33,738,738,314.75,355.7,506.94,363.66,413.46,438.37
778,OK,58,39,736,736,346.7,355.52,534.38,377.28,444.8,458.44
779,OK,74,46,734,734,362.47,360.14,549.82,384.0,459.57,468.03
780,OK,84,50,734,734,366.09,362.91,553.4,388.66,465.04,469.6
781,OK,89,54,732,732,362.42,364.94,549.37,384.85,463.4,472.33
782,OK,91,58,729,729,358.65,366.15,544.81,385.9,461.27,474.94
783,OK,87,55,730,730,348.8,363.0,536.46,381.82,456.19,465.43
784,OK,89,56,727,727,348.03,366.51,534.22,375.75,465.83,467.86
785,OK,85,70,724,724,332.27,399.42,517.65,385.37,462.96,501.06
786,OK,63,70,739,739,307.06,405.89,500.6,389.21,434.08,497.73
787,OK,42,65,743,743,296.49,391.8,489.14,385.0,400.1,481.28
788,OK,31,59,749,749,300.48,388.19,495.29,384.57,398.94,479.03
789,OK,32,54,755,755,319.64,378.26,515.45,391.1,413.54,477.88
790,OK,41,54,759,759,333.19,385.83,529.37,398.38,430.77,481.5
791,OK,57,67,751,751,347.98,397.28,538.63,417.15,447.86,498.12
792,OK,77,91,739,739,364.12,412.83,550.75,431.07,468.43,536.5
793,OK,93,106,732,732,373.43,417.05,559.41,434.3,478.65,542.04
794,OK,105,117,724,724,377.84,417.42,561.41,437.05,483.59,545.9
795,OK,115,123,717,717,379.86,417.18,562.07,433.6,491.55,546.08
796,OK,121,126,713,713,380.59,415.69,562.53,431.06,493.6,545.27
797,OK,119,126,716,716,376.19,414.84,560.61,432.28,487.25,546.81
798,OK,122,128,713,713,380.39,413.77,562.25,432.73,492.4,548.08
799,OK,126,127,711,711,383.46,410.76,565.3,429.17,496.65,542.56
800,OK,127,127,711,711,382.15,409.34,564.36,429.89,497.85,548.05
801,OK,122,122,720,720,377.86,409.24,564.89,429.22,495.52,547.24
802,OK,122,123,715,715,377.72,412.25,559.7,430.74,489.27,538.39
803,OK,118,112,723,723,373.58,414.83,561.87,419.33,493.75,515.02
804,OK,115,109,724,724,369.72,415.79,556.62,423.26,487.89,519.21
805,OK,115,111,718,718,368.47,414.89,552.15,420.55,483.18,522.15
806,OK,104,104,726,726,356.1,406.89,545.26,409.28,472.13,521.62
807,OK,98,92,729,729,355.89,388.29,544.28,401.36,466.66,499.84
808,OK,95,82,728,728,355.73,377.0,542.26,396.72,463.29,485.86
809,OK,94,73,732,732,362.31,373.91,550.24,400.84,467.15,479.52
810,OK,113,79,716,716,387.37,372.35,564.04,409.82,488.64,482.71
811,OK,129,83,706,706,396.6,370.48,571.9,409.54,502.79,482.16
812,OK,138,84,708,708,407.77,369.34,583.6,420.45,508.41,487.27
813,OK,145,89,703,703,406.59,374.07,580.91,417.64,509.64,492.04
814,OK,146,94,702,702,405.13,377.28,580.49,421.09,505.11,502.01
815,OK,145,97,702,702,401.57,378.16,577.49,421.24,501.88,505.61
816,OK,143,97,704,704,400.46,377.17,577.67,418.11,501.01,503.21
817,OK,143,98,702,702,399.29,378.07,575.7,416.71,500.97,502.46
818,OK,144,104,691,691,392.78,382.44,564.6,416.14,492.54,502.06
819,OK,132,97,702,702,378.99,390.7,560.99,415.31,485.72,492.23
820,OK,111,82,720,720,358.67,383.04,547.84,405.19,465.33,481.6
821,OK,95,77,719,719,343.23,384.47,527.57,403.19,442.93,468.18
822,OK,88,80,718,718,345.11,396.2,529.2,413.11,445.35,479.84
823,OK,86,84,721,721,348.46,401.1,534.63,414.81,453.1,494.61
824,OK,94,102,719,719,362.03,422.0,546.55,432.66,468.3,531.93
825,OK,100,110,715,715,364.8,415.82,547.76,429.88,467.98,525.19
826,OK,105,115,712,712,368.28,411.41,550.07,428.55,472.05,529.28
827,OK,109,116,710,710,369.02,409.67,550.81,427.22,474.61,524.4
828,OK,107,113,718,718,367.37,408.18,553.45,426.58,476.53,529.54
829,OK,110,113,714,714,367.84,410.21,550.34,421.46,480.17,522.91
830,OK,110,113,712,712,366.65,406.44,548.85,422.32,474.73,522.83
831,OK,98,107,729,729,358.33,404.19,548.99,426.95,466.26,535.32
832,OK,96,108,731,731,360.73,403.78,548.23,425.77,466.72,536.81
833,OK,94,109,732,732,360.97,408.0,548.77,426.46,464.87,534.8
834,OK,103,117,720,720,370.62,409.31,551.59,431.44,472.1,538.23
835,OK,99,114,723,723,358.31,405.27,544.54,423.5,468.48,535.05
836,OK,88,106,729,729,344.17,399.72,532.88,418.06,451.64,524.16
837,OK,75,100,735,735,333.68,399.01,524.03,415.9,438.4,523.61
838,OK,68,97,739,739,334.7,399.8,525.66,417.12,439.31,526.0
839,OK,65,98,741,741,339.18,403.72,529.08,428.56,434.59,528.45
840,OK,64,96,746,746,338.82,401.48,531.24,421.13,441.28,528.24
841,OK,65,97,746,746,341.68,403.94,532.61,424.85,441.84,527.84
842,OK,67,97,744,744,343.1,404.06,533.41,423.4,445.69,524.81
843,OK,70,98,737,737,344.04,401.11,531.34,421.07,440.83,517.28
844,OK,73,95,745,745,350.35,401.99,543.32,421.72,459.08,527.61
845,OK,76,97,751,751,349.2,409.33,543.81,424.14,469.72,540.89
846,OK,79,98,750,750,350.54,407.23,542.69,422.91,467.49,534.15
847,OK,84,95,746,746,355.59,402.09,546.22,415.62,472.88,518.77
848,OK,85,96,744,744,353.46,405.44,544.53,417.91,467.91,524.94
849,OK,83,97,747,747,353.32,406.89,545.96,424.41,462.91,532.38
850,OK,85,99,746,746,356.85,409.68,548.53,424.24,467.66,531.93
851,OK,97,103,732,732,368.25,405.16,552.67,422.41,475.75,520.91
852,OK,104,102,723,723,370.23,396.34,552.81,418.24,476.03,509.85
853,OK,109,103,714,714,367.76,396.75,548.72,415.48,476.72,510.92
854,OK,111,107,708,708,366.82,401.64,546.91,420.91,474.45,514.82
855,OK,109,109,709,709,364.54,401.49,546.18,424.99,469.41,521.73
856,OK,108,112,706,706,362.66,405.83,542.89,426.42,467.99,521.81
857,OK,106,113,710,710,361.11,409.44,544.43,426.87,471.86,526.37
858,OK,106,114,709,709,359.47,410.46,541.4,425.6,470.69,523.58
859,OK,109,116,705,705,363.2,412.08,543.43,426.06,476.43,520.0
860,OK,122,111,700,700,375.92,405.39,555.12,407.79,500.48,503.17
861,OK,129,103,702,702,379.72,401.56,561.37,397.27,507.21,495.36
862,OK,127,94,711,711,377.22,401.16,562.39,393.54,503.4,495.12
863,OK,125,95,714,714,376.48,409.4,561.34,403.23,498.79,505.16
864,OK,121,95,716,716,371.13,406.59,556.27,405.41,489.34,503.72
865,OK,119,97,716,716,369.83,407.12,554.52,405.26,489.93,507.89
866,OK,115,95,718,718,365.33,404.8,550.73,400.66,486.1,503.5
867,OK,112,94,719,719,363.05,404.83,548.71,400.52,484.38,505.56
868,OK,112,94,719,719,365.36,403.92,550.46,400.76,487.46,504.83
869,OK,111,93,719,719,363.75,403.39,548.83,402.57,481.87,502.83
870,OK,110,96,717,717,361.9,408.6,546.11,408.37,480.82,506.2
871,OK,109,97,715,715,361.73,408.78,545.7,408.55,478.04,502.69
872,OK,103,94,719,719,355.06,406.01,541.35,406.17,468.3,501.63
873,OK,94,94,720,720,347.86,405.53,533.63,411.11,454.65,503.99
874,OK,70,90,732,732,323.63,403.71,514.58,421.85,417.5,504.84
875,OK,46,92,735,735,300.67,410.44,490.71,421.02,387.7,512.07
876,OK,29,95,727,727,288.31,408.53,473.15,418.92,364.92,504.16
877,OK,18,99,719,719,282.78,411.55,465.78,424.06,354.94,503.88
878,OK,20,99,725,725,296.97,413.76,485.33,422.45,385.61,515.05
879,OK,27,97,731,731,307.21,414.16,497.09,420.06,406.39,513.38
880,OK,22,96,728,728,289.76,405.15,476.54,411.05,380.64,509.71
881,OK,4,91,727,727,260.88,404.43,448.09,403.63,345.6,495.17
882,OK,-17,82,733,733,244.04,399.25,434.64,398.33,325.12,488.6
883,OK,-18,75,734,734,256.02,388.84,445.23,390.58,347.27,480.68
884,OK,13,72,717,717,297.73,378.23,478.34,382.61,400.77,459.67
885,OK,22,67,712,712,291.18,379.74,473.65,380.42,389.39,453.55
886,OK,27,61,714,714,296.57,374.33,481.03,377.25,394.31,451.8
887,OK,48,62,708,708,327.54,372.4,507.55,389.0,423.52,449.14
888,OK,68,63,708,708,343.4,375.9,525.14,390.68,449.84,456.24
889,OK,77,67,707,707,337.89,389.66,520.07,391.21,450.87,457.67
890,OK,86,82,708,708,347.15,405.35,529.91,409.34,462.74,499.89
891,OK,92,92,714,714,352.17,405.85,537.62,411.1,471.47,515.6
892,OK,92,91,719,719,349.99,398.6,536.66,404.24,467.76,506.4
893,OK,93,92,722,722,353.26,397.62,539.93,406.0,469.36,511.45
894,OK,94,95,722,722,351.41,402.36,537.37,410.33,468.77,515.64
895,OK,92,96,725,725,349.6,403.85,537.34,410.34,465.31,517.64
896,OK,87,93,735,735,346.26,402.84,538.04,408.37,466.41,520.83
897,OK,85,94,737,737,347.71,402.49,538.13,411.92,465.64,524.25
898,OK,84,92,735,735,345.39,399.12,534.44,403.81,463.06,513.91
899,OK,81,85,737,737,341.32,395.77,531.8,396.19,462.88,501.73
900,OK,81,85,739,739,342.62,401.93,533.39,399.69,467.13,512.2
901,OK,80,86,740,740,342.19,400.16,533.27,402.24,464.93,515.53
902,OK,76,86,742,742,337.67,400.53,529.23,403.5,457.77,514.39
903,OK,76,88,740,740,338.85,400.19,528.82,403.4,456.89,516.34
904,OK,86,92,729,729,350.51,401.34,535.39,403.46,470.76,511.09
905,OK,92,96,726,726,352.18,404.52,538.48,408.91,474.53,518.79
906,OK,93,97,726,726,351.27,405.72,538.3,408.78,471.23,516.51
907,OK,96,98,725,725,354.32,405.6,540.72,410.21,475.68,514.23
908,OK,99,100,721,721,355.06,405.12,539.83,410.76,474.75,515.13
909,OK,101,101,718,718,357.04,404.95,541.39,410.65,474.14,515.18
910,OK,100,99,721,721,356.72,400.54,543.08,408.2,474.9,515.63
911,OK,99,97,723,723,355.64,400.44,542.18,408.23,473.29,513.01
912,OK,98,99,722,722,355.43,403.08,541.12,412.62,470.12,517.64
913,OK,98,98,720,720,354.52,401.11,539.58,409.94,468.71,509.15
914,OK,99,99,717,717,355.05,401.03,538.65,410.12,468.73,510.02
915,OK,97,99,719,719,353.98,404.07,539.8,414.29,469.0,513.51
916,OK,96,100,722,722,354.91,406.04,541.52,415.45,469.71,515.78
917,OK,96,101,720,720,353.12,406.44,537.94,415.2,466.49,514.2
918,OK,95,103,721,721,351.96,410.18,537.74,417.35,466.6,519.59
919,OK,94,104,723,723,349.84,410.8,536.52,415.33,467.46,521.61
920,OK,95,106,720,720,351.26,408.81,536.01,416.37,466.89,521.83
921,OK,94,107,718,718,350.62,408.7,535.02,417.21,462.94,520.22
922,OK,96,109,712,712,352.21,409.09,534.0,420.98,461.01,514.83
923,OK,95,112,710,710,350.19,413.79,532.42,425.36,455.85,519.18
924,OK,95,121,711,711,351.83,426.59,535.06,435.86,459.92,543.3
925,OK,93,123,713,713,349.76,423.82,533.75,434.21,455.49,538.96
926,OK,90,122,713,713,348.65,419.64,531.94,433.14,451.64,531.25
927,OK,88,123,713,713,346.08,423.23,529.72,434.75,448.92,535.56
928,OK,88,125,714,714,347.5,425.44,531.38,436.31,453.29,540.07
929,OK,87,126,714,714,345.48,425.33,528.97,435.79,449.3,537.44
930,OK,88,127,714,714,347.85,425.97,531.77,437.01,452.84,542.09
931,OK,87,129,716,716,346.27,427.61,531.19,438.77,453.07,548.8
932,OK,84,132,721,721,345.22,431.91,532.09,444.67,452.92,558.56
933,OK,84,133,723,723,346.11,431.36,532.72,444.59,455.63,558.02
934,OK,84,134,722,722,346.25,431.09,531.72,443.8,453.33,556.01
935,OK,84,134,721,721,345.88,428.69,531.08,442.6,450.78,555.6
936,OK,83,132,721,721,344.48,425.15,529.78,439.15,450.16,548.82
937,OK,82,128,721,721,343.84,421.63,528.95,435.66,448.62,543.1
938,OK,82,125,721,721,344.91,419.91,529.89,435.06,448.43,538.21
939,OK,81,125,722,722,342.0,423.0,527.85,435.84,447.26,542.77
940,OK,80,125,723,723,343.12,421.96,528.9,437.12,447.53,544.63
941,OK,80,124,723,723,344.37,421.56,530.27,435.98,449.63,542.3
942,OK,81,123,723,723,345.84,421.22,531.8,434.92,451.59,542.22
943,OK,82,123,723,723,346.5,419.34,532.34,434.78,452.42,544.3
944,OK,83,123,723,723,346.7,420.18,532.54,435.28,453.03,546.18
945,OK,77,116,730,730,341.87,412.18,530.91,431.04,445.41,535.89
946,OK,77,111,731,731,343.43,407.82,531.21,424.33,450.62,531.21
947,OK,75,106,733,733,340.59,404.46,529.06,421.87,448.59,523.87
948,OK,79,107,725,725,340.53,405.06,524.91,416.36,451.18,523.21
949,OK,79,104,718,718,335.77,405.5,519.14,412.76,442.87,507.86
950,OK,77,98,719,719,334.61,400.94,520.13,409.18,445.34,502.01
951,OK,77,94,718,718,337.68,400.48,522.31,411.85,443.32,494.24
952,OK,83,96,711,711,345.49,401.12,526.82,411.1,449.65,496.43
953,OK,87,95,711,711,349.22,401.38,532.22,412.05,455.46,496.21
954,OK,90,93,713,713,353.89,396.89,538.07,408.18,459.08,498.17
955,OK,95,94,711,711,354.85,401.0,537.53,407.61,466.27,497.26
956,OK,102,97,709,709,361.09,405.01,543.39,409.35,475.06,503.01
957,OK,104,101,710,710,359.37,409.13,542.77,412.74,473.78,513.63
958,OK,104,99,712,712,358.07,405.12,542.01,405.51,473.69,503.68
959,OK,102,96,714,714,355.52,403.91,540.13,407.06,468.6,496.97
960,OK,98,92,720,720,354.53,406.43,541.61,410.18,468.31,493.75
961,OK,99,94,717,717,355.14,405.26,539.26,410.54,467.07,499.58
962,OK,102,98,711,711,357.57,406.85,539.29,411.58,469.25,503.36
963,OK,101,98,711,711,354.46,405.73,537.56,411.65,464.75,501.0
964,OK,99,98,713,713,353.82,407.39,538.12,411.0,466.45,503.36
965,OK,99,98,712,712,354.3,407.7,537.55,410.92,466.98,501.2
966,OK,97,97,716,716,353.46,406.16,538.72,412.59,465.95,503.18
967,OK,95,94,721,721,353.25,407.3,540.23,414.0,467.53,500.84
968,OK,96,95,719,719,354.29,404.01,539.0,412.12,467.1,503.41
969,OK,96,96,719,719,353.74,404.45,538.8,414.35,464.12,505.74
970,OK,96,98,720,720,353.19,406.56,538.84,413.4,467.4,511.61
971,OK,97,101,718,718,355.31,407.27,539.89,414.75,467.79,514.87
972,OK,96,99,718,718,353.56,404.04,538.21,411.85,463.88,505.01
973,OK,99,100,716,716,358.31,404.45,542.28,413.23,469.26,507.95
974,OK,103,102,711,711,358.98,408.07,541.0,413.75,471.0,505.56
975,OK,105,101,709,709,359.83,405.79,541.74,411.98,470.21,499.89
976,OK,110,101,705,705,366.6,399.72,546.9,409.72,475.16,499.15
977,OK,112,97,709,709,368.74,408.21,552.57,413.85,482.67,492.19
978,OK,119,92,707,707,377.08,399.8,558.68,405.51,488.61,477.33
979,OK,125,85,717,717,393.48,394.89,580.36,408.55,504.15,482.19
980,OK,138,99,718,718,408.71,415.12,593.25,429.58,522.73,524.03
981,OK,155,114,714,714,421.05,428.07,603.93,437.28,542.2,535.61
982,OK,156,123,718,718,409.5,437.22,595.78,440.43,533.72,550.32
983,OK,150,126,722,722,401.59,431.83,588.57,438.29,521.72,550.26
984,OK,151,131,711,711,400.39,431.36,580.74,436.91,514.63,540.62
985,OK,146,133,712,712,392.62,434.98,576.14,436.1,511.99,547.71
986,OK,139,131,714,714,386.55,431.49,571.33,431.74,502.4,543.93
987,OK,136,131,708,708,382.69,427.26,563.74,430.81,495.63,535.39
988,OK,129,126,710,710,377.24,425.05,560.65,433.41,487.18,527.81
989,OK,123,127,706,706,370.82,425.55,551.74,430.48,478.07,530.59
990,OK,119,127,706,706,369.49,425.03,551.25,431.61,476.01,534.1
991,OK,119,128,702,702,369.77,425.09,549.48,430.67,477.96,531.26
992,OK,118,130,699,699,367.82,425.09,547.32,430.71,473.68,534.9
993,OK,115,129,700,700,365.71,423.42,546.52,429.26,472.02,533.11
994,OK,116,130,699,699,367.81,423.67,547.45,430.5,474.98,536.47
995,OK,119,130,696,696,371.51,422.79,549.93,429.84,477.27,525.91
996,OK,121,128,697,697,372.72,425.48,552.73,429.34,482.91,526.59
997,OK,119,127,703,703,372.34,432.16,555.19,438.12,482.51,529.59
998,OK,127,136,701,701,383.63,436.73,563.58,444.52,495.03,550.36
999,OK,128,138,708,708,384.88,438.54,569.0,442.81,498.49,554.68
1000,OK,126,143,711,711,382.27,442.91,566.1,452.35,490.19,564.54
1001,OK,128,149,710,710,385.92,446.2,568.22,457.76,492.97,567.9
1002,OK,127,148,712,712,385.27,441.39,568.8,455.19,491.18,559.97
1003,OK,125,145,712,712,382.79,437.97,565.94,451.39,487.24,552.81
1004,OK,126,143,712,712,383.77,436.13,566.94,448.9,490.65,552.35
1005,OK,128,140,709,709,383.24,434.82,565.2,441.43,492.28,544.65
1006,OK,127,139,710,710,383.47,432.69,566.23,444.95,488.79,550.18
1007,OK,126,137,713,713,383.25,435.09,567.28,447.43,491.12,548.52
1008,OK,125,138,714,714,381.86,436.04,565.82,444.53,491.65,553.2
1009,OK,125,138,715,715,382.38,438.12,566.72,445.96,493.72,552.17
1010,OK,127,140,712,712,383.94,436.42,566.23,445.25,493.15,553.13
1011,OK,127,143,709,709,380.96,436.26,562.63,448.09,490.75,555.86
1012,OK,126,146,708,708,380.26,438.31,562.0,449.07,486.03,563.36
1013,OK,125,142,712,712,382.12,436.71,566.44,444.69,492.63,555.14
1014,OK,125,142,713,713,380.36,437.4,564.21,445.32,492.42,559.57
1015,OK,125,142,714,714,380.28,437.84,564.25,444.39,492.14,560.38
1016,OK,125,140,713,713,379.03,435.39,562.25,440.52,491.61,551.01
1017,OK,125,143,711,711,380.38,438.01,562.99,445.27,491.58,560.79
1018,OK,121,136,716,716,375.77,436.8,561.78,437.92,489.54,544.55
1019,OK,121,137,714,714,377.35,435.9,560.94,439.4,488.45,551.33
1020,OK,122,137,712,712,377.13,437.62,560.13,439.57,487.88,547.15
1021,OK,125,140,705,705,378.7,437.18,558.53,444.01,489.28,544.5
1022,OK,128,141,702,702,379.38,438.77,559.71,442.19,492.72,546.23
1023,OK,130,143,702,702,381.18,440.22,562.0,443.39,494.77,553.49
1024,OK,131,144,703,703,382.47,439.67,564.1,442.41,497.33,554.69
1025,OK,129,142,704,704,378.66,448.34,560.33,448.95,492.2,539.05
1026,OK,129,141,704,704,381.31,437.33,562.41,448.07,492.23,543.9
1027,OK,130,142,703,703,380.64,437.4,561.43,442.39,494.94,548.53
1028,OK,126,138,705,705,375.3,434.36,557.76,433.95,488.53,543.87
1029,OK,127,141,704,704,378.68,435.66,559.63,439.91,491.38,554.55
1030,OK,130,141,700,700,380.77,434.59,560.35,437.2,495.22,544.7
1031,OK,130,130,709,709,385.6,425.03,570.36,430.49,500.89,528.32
1032,OK,127,118,710,710,377.5,419.96,560.92,421.2,491.12,504.77
1033,OK,110,106,712,712,360.22,412.84,543.73,422.97,451.08,486.4
1034,OK,68,81,729,729,305.64,410.62,497.13,395.97,398.02,456.75
1035,OK,47,59,742,742,308.33,397.08,502.35,384.56,401.9,439.91
1036,OK,55,53,740,740,333.3,398.35,523.56,389.47,438.81,441.78
1037,OK,73,58,731,731,348.79,400.8,534.84,391.58,464.01,454.33
1038,OK,81,61,730,730,343.76,412.11,531.47,400.31,472.23,455.21
1039,OK,81,71,720,720,330.97,418.56,512.18,394.28,450.74,468.58
1040,OK,71,74,723,723,321.66,419.33,507.5,395.83,435.33,475.47
1041,OK,62,68,731,731,318.15,414.86,506.89,388.67,437.2,464.19
1042,OK,60,71,733,733,319.93,414.08,507.94,390.83,438.14,483.51
1043,OK,55,71,735,735,313.9,414.58,502.19,388.0,432.49,479.87
1044,OK,54,78,734,734,316.16,421.24,503.94,398.48,432.58,498.04
1045,OK,48,80,740,740,309.06,426.03,499.77,401.04,427.88,500.02
1046,OK,50,85,740,740,314.85,427.14,504.22,402.98,435.48,507.69
1047,OK,52,90,738,738,316.41,428.23,505.0,405.52,435.26,511.33
1048,OK,54,94,738,738,319.47,428.75,508.28,407.33,439.09,516.91
1049,OK,57,97,739,739,322.1,432.36,511.54,410.29,444.91,521.16
1050,OK,59,99,737,737,321.9,433.56,509.84,411.43,442.31,517.45
1051,OK,62,103,731,731,322.36,433.03,507.96,411.24,441.22,519.49
1052,OK,63,106,730,730,324.19,436.02,511.02,417.25,440.38,521.82
1053,OK,62,109,731,731,319.49,439.55,506.42,413.1,444.3,530.54
1054,OK,63,108,733,733,321.51,437.53,508.98,411.41,446.86,524.11
1055,OK,67,110,728,728,326.78,431.22,512.05,413.41,445.9,525.12
1056,OK,67,108,729,729,325.13,429.98,512.29,411.08,445.63,523.53
1057,OK,67,109,731,731,326.43,433.45,514.16,412.97,449.28,528.9
1058,OK,69,110,728,728,327.84,432.11,513.72,413.57,447.26,524.95
1059,OK,71,114,725,725,328.62,436.36,513.62,417.06,449.71,533.93
1060,OK,74,117,721,721,330.55,435.12,514.4,417.81,448.86,532.01
1061,OK,75,119,718,718,329.84,435.18,513.54,418.45,448.03,532.91
1062,OK,77,121,716,716,330.49,436.01,514.0,419.08,449.79,534.06
1063,OK,76,120,717,717,328.61,434.14,513.09,417.88,448.23,530.73
1064,OK,75,118,718,718,327.78,434.81,512.5,417.3,449.34,529.69
1065,OK,70,110,724,724,325.3,428.08,512.47,407.73,444.06,517.15
1066,OK,66,103,730,730,324.56,423.68,513.2,405.19,444.09,514.74
1067,OK,60,97,738,738,319.69,422.04,510.84,401.84,440.53,520.03
1068,OK,53,92,747,747,315.79,422.99,509.64,402.34,439.05,521.18
1069,OK,52,92,747,747,318.1,421.82,510.17,405.36,436.97,520.55
1070,OK,50,93,746,746,316.77,422.66,508.49,408.34,430.38,519.78
1071,OK,44,89,747,747,315.45,419.29,507.9,412.89,416.31,504.6
1072,OK,42,95,747,747,316.86,427.17,509.28,417.78,418.1,531.03
1073,OK,44,83,750,750,320.43,408.45,514.27,395.66,429.24,494.1
1074,OK,58,76,751,751,343.08,416.49,536.87,410.73,459.2,479.43
1075,OK,82,79,740,740,360.58,413.01,548.29,405.57,487.4,486.28
1076,OK,87,82,738,738,353.42,409.48,543.01,408.03,471.97,500.94
1077,OK,56,80,741,741,307.79,412.74,499.37,417.33,394.07,487.38
1078,OK,67,85,732,732,350.17,402.4,533.66,434.64,437.08,486.65
1079,OK,79,90,726,726,357.41,408.68,542.24,425.62,456.03,494.2
1080,OK,80,95,723,723,346.41,413.7,531.75,421.1,446.17,503.9
1081,OK,81,96,728,728,347.17,424.05,535.79,415.36,457.38,508.71
1082,OK,79,99,730,730,340.04,432.48,528.22,415.83,455.52,514.53
1083,OK,73,103,733,733,329.63,438.32,518.35,417.21,446.73,524.16
1084,OK,71,107,735,735,331.08,440.41,520.14,421.07,450.66,532.17
1085,OK,63,107,741,741,323.09,437.56,514.98,420.14,440.82,534.3
1086,OK,60,107,742,742,322.47,435.14,513.24,418.56,439.71,531.51
1087,OK,55,103,745,745,320.89,430.1,513.13,415.88,433.29,523.36
1088,OK,57,106,739,739,324.89,430.83,513.58,418.99,436.0,530.6
1089,OK,58,108,738,738,323.68,432.16,513.03,418.1,437.03,532.32
1090,OK,58,107,739,739,324.21,430.74,514.72,417.78,439.2,531.19
1091,OK,60,108,738,738,324.2,431.31,513.62,417.44,441.17,533.02
1092,OK,59,97,743,743,324.91,419.72,517.19,405.49,443.51,507.74
1093,OK,58,90,748,748,329.07,412.62,523.13,408.01,442.42,509.84
1094,OK,68,93,747,747,347.52,414.84,539.85,415.11,460.38,525.06
1095,OK,79,94,740,740,353.19,411.08,541.88,411.72,465.03,514.01
1096,OK,86,96,734,734,355.12,412.63,542.95,413.77,467.24,511.94
1097,OK,89,101,729,729,354.01,416.35,540.48,421.06,461.47,518.46
1098,OK,91,98,732,732,353.58,412.86,542.93,409.02,472.92,514.02
1099,OK,102,102,724,724,365.57,413.96,550.14,410.91,486.42,515.86
1100,OK,119,109,710,710,375.52,412.39,554.75,409.96,503.1,517.28
1101,OK,122,110,705,705,368.98,411.51,549.18,409.13,494.46,511.7
1102,OK,122,106,707,707,368.57,410.55,551.04,406.13,495.37,506.0
1103,OK,118,99,712,712,366.22,404.22,550.95,404.05,487.81,496.39
1104,OK,102,89,729,729,353.61,406.58,545.64,403.5,470.69,501.24
1105,OK,92,83,739,739,351.47,407.93,544.71,406.33,466.8,500.65
1106,OK,88,83,741,741,351.58,408.63,542.93,406.02,466.01,500.78
1107,OK,84,79,744,744,348.31,405.44,540.66,402.48,461.54,493.65
1108,OK,83,80,737,737,346.85,401.42,535.16,400.53,453.55,494.19
1109,OK,81,82,737,737,346.33,404.2,536.48,401.71,456.42,504.67
1110,OK,81,82,738,738,349.29,405.03,539.99,403.73,460.82,503.57
1111,OK,78,82,745,745,346.31,408.55,540.15,405.76,462.17,509.68
1112,OK,77,82,747,747,346.15,408.38,539.08,404.64,460.92,509.17
1113,OK,75,81,749,749,345.26,408.27,539.04,405.29,459.7,508.89
1114,OK,74,81,752,752,345.56,408.17,540.33,405.93,462.07,510.99
1115,OK,73,82,753,753,344.37,408.21,538.82,407.69,459.32,514.81
1116,OK,74,86,752,752,346.07,410.59,539.86,411.63,460.41,521.6
1117,OK,74,85,754,754,344.58,410.64,539.54,407.19,462.38,515.92
1118,OK,71,84,760,760,343.56,412.87,540.76,411.95,461.58,521.62
1119,OK,73,92,750,750,344.58,418.41,535.1,422.64,452.63,521.54
1120,OK,70,91,754,754,340.96,416.91,536.52,418.29,454.84,524.16
1121,OK,71,90,754,754,344.18,414.22,538.48,413.28,460.59,520.08
1122,OK,67,88,758,758,337.54,414.94,533.93,413.26,454.94,520.11
1123,OK,66,87,759,759,339.32,413.63,535.06,413.7,455.44,520.64
1124,OK,66,85,761,761,340.25,412.63,536.79,411.73,456.78,518.42
1125,OK,74,94,747,747,347.86,421.07,536.66,424.23,457.58,519.21
1126,OK,81,100,737,737,350.73,419.65,537.91,420.62,460.7,519.04
1127,OK,83,100,734,734,350.64,416.52,539.23,419.6,457.43,515.71
1128,OK,87,98,731,731,354.56,414.13,542.14,416.17,461.93,508.52
1129,OK,88,92,737,737,356.78,417.55,548.4,414.52,472.89,503.21
1130,OK,94,92,738,738,366.41,419.33,556.91,421.33,479.51,506.52
1131,OK,104,104,729,729,371.9,426.07,557.26,429.06,484.32,527.02
1132,OK,111,116,718,718,370.28,432.28,552.54,428.94,483.86,536.87
1133,OK,113,125,714,714,367.39,431.45,550.53,435.8,482.23,544.48
1134,OK,89,101,732,732,342.39,413.4,535.64,419.53,444.51,489.3
1135,OK,47,61,741,741,285.19,373.98,477.55,357.05,380.88,427.81
1136,OK,31,28,752,752,296.82,358.9,492.59,343.11,400.27,402.59
1137,OK,51,24,747,747,347.19,350.43,536.83,376.96,443.61,421.47
1138,OK,71,36,741,741,360.99,363.81,548.04,393.77,467.39,454.83
1139,OK,95,49,725,725,374.21,372.01,554.99,400.03,484.98,451.42
1140,OK,104,54,720,720,371.09,370.32,554.29,392.16,480.73,455.36
1141,OK,106,62,719,719,364.86,379.94,549.69,389.43,477.59,476.29
1142,OK,104,64,721,721,362.09,382.71,548.57,386.07,476.24,474.57
1143,OK,100,70,724,724,358.29,392.45,545.51,398.22,469.01,486.08
1144,OK,96,78,725,725,354.91,397.55,541.88,403.47,462.74,499.02
1145,OK,90,81,733,733,349.23,401.67,540.37,402.2,468.36,511.11
1146,OK,85,83,740,740,347.42,403.08,539.92,405.66,465.87,513.58
1147,OK,87,86,737,737,351.9,404.12,541.26,404.44,468.49,509.05
1148,OK,86,85,740,740,351.25,405.0,542.75,404.31,468.02,509.22
1149,OK,89,84,737,737,354.56,402.53,543.74,400.98,469.7,501.57
1150,OK,94,89,730,730,357.9,403.15,544.35,405.33,471.35,510.07
1151,OK,87,79,740,740,349.29,396.3,542.51,397.46,467.86,491.67
1152,OK,88,75,741,741,355.11,392.82,546.06,398.03,470.92,491.55
1153,OK,95,80,735,735,363.23,396.97,550.6,408.22,475.31,496.65
1154,OK,100,90,727,727,364.62,405.31,549.86,414.1,476.34,511.74
1155,OK,106,97,724,724,370.24,404.79,555.42,417.23,481.29,518.22
1156,OK,110,102,722,722,371.9,405.96,556.91,420.44,484.32,521.06
1157,OK,111,108,721,721,370.89,409.49,555.54,425.33,483.5,531.42
1158,OK,111,114,717,717,370.09,410.82,553.06,430.08,477.9,535.86
1159,OK,109,113,721,721,367.41,410.08,553.43,425.85,478.42,531.15
1160,OK,111,117,716,716,368.92,412.77,551.45,427.95,476.89,533.24
1161,OK,110,117,717,717,367.63,412.71,552.11,426.91,477.66,535.45
1162,OK,108,116,718,718,366.13,414.39,551.18,425.45,477.34,533.5
1163,OK,109,118,715,715,367.58,411.71,550.91,424.31,475.49,534.39
1164,OK,112,121,714,714,370.08,414.37,553.44,426.35,480.54,540.86
1165,OK,113,122,715,715,370.1,415.24,554.04,426.72,482.0,542.35
1166,OK,113,123,715,715,369.79,416.39,553.86,428.58,480.37,541.94
1167,OK,114,126,712,712,368.66,428.38,551.45,433.77,480.37,539.42
1168,OK,126,134,699,699,388.72,418.61,562.88,449.82,488.67,536.58
1169,OK,144,138,688,688,407.95,417.99,579.06,453.16,511.03,527.68
1170,OK,144,145,688,688,390.34,434.11,566.63,451.56,498.51,552.4
1171,OK,138,134,700,700,386.33,427.17,569.45,442.79,499.37,526.49
1172,OK,134,130,705,705,383.02,427.57,566.08,436.01,497.92,533.21
1173,OK,132,127,709,709,383.5,429.2,567.02,434.21,500.47,531.52
1174,OK,133,130,707,707,383.16,432.19,564.69,434.91,501.09,538.57
1175,OK,130,128,708,708,380.96,426.1,563.28,435.43,493.55,532.22
1176,OK,124,124,712,712,375.93,421.06,560.05,432.54,486.12,529.39
1177,OK,122,127,709,709,373.85,422.35,555.9,430.42,483.94,540.92
1178,OK,120,126,709,709,373.34,420.87,556.04,429.49,484.85,538.34
1179,OK,119,125,709,709,372.57,422.38,555.34,428.37,485.5,534.08
1180,OK,118,124,708,708,370.3,420.8,552.51,427.49,483.2,532.84
1181,OK,118,128,704,704,368.8,422.28,549.18,428.92,479.19,538.95
1182,OK,111,125,714,714,362.99,423.12,549.64,428.26,479.07,543.5
1183,OK,107,123,719,719,361.27,422.89,547.81,427.62,476.03,543.87
1184,OK,106,120,722,722,363.55,420.92,550.23,424.29,479.26,535.8
1185,OK,102,119,726,726,359.76,422.17,547.74,425.46,476.06,543.45
1186,OK,103,122,723,723,361.33,424.21,546.77,428.3,475.1,545.39
1187,OK,103,121,724,724,360.95,422.71,547.53,426.31,476.27,540.28
1188,OK,104,122,719,719,358.74,428.52,542.94,426.74,473.3,536.2
1189,OK,103,122,721,721,360.79,425.09,547.35,426.66,474.85,542.34
1190,OK,102,124,720,720,359.04,427.11,544.38,429.98,470.53,546.37
1191,OK,100,122,724,724,358.22,426.03,545.94,426.84,475.29,544.61
1192,OK,98,121,726,726,355.61,425.49,543.48,428.05,470.59,545.09
1193,OK,98,114,729,729,358.52,419.95,547.12,417.48,477.79,530.55
1194,OK,93,106,728,728,348.65,407.39,536.15,405.6,464.37,520.48
1195,OK,99,120,710,710,353.92,419.82,532.28,421.23,460.37,541.22
1196,OK,96,137,706,706,348.88,448.87,529.57,448.43,452.59,562.41
1197,OK,92,173,705,705,344.32,493.52,525.4,501.01,445.52,626.99
1198,OK,81,193,711,711,333.65,505.87,518.43,509.21,434.62,639.05
1199,OK,69,181,729,729,329.6,471.99,522.0,479.08,434.3,610.99
1200,OK,66,150,738,738,333.29,438.14,525.77,431.46,445.43,554.2
1201,OK,51,102,751,751,305.62,419.37,498.79,381.7,434.58,472.64
1202,OK,32,76,764,764,286.47,419.28,481.97,374.79,422.22,481.63
1203,OK,20,66,763,763,274.42,424.6,464.23,373.2,410.82,478.06
1204,OK,9,58,770,770,269.89,430.94,462.92,378.33,405.87,473.94
1205,OK,8,64,761,761,273.58,432.27,462.34,388.41,401.89,481.79
1206,OK,9,70,750,750,272.4,433.03,457.98,389.42,396.11,481.17
1207,OK,13,81,741,741,279.25,434.67,464.34,399.41,397.94,499.77
1208,OK,25,92,732,732,296.36,435.66,481.74,414.7,410.65,508.03
1209,OK,38,104,726,726,315.63,433.0,501.36,429.64,417.25,522.42
1210,OK,56,121,720,720,330.77,446.96,514.66,440.23,440.82,549.01
1211,OK,71,140,718,718,344.67,460.26,528.98,466.29,451.44,574.05
1212,OK,85,158,709,709,353.43,463.37,533.53,474.72,457.32,586.13
1213,OK,93,176,701,701,355.79,467.55,533.33,488.36,453.81,605.48
1214,OK,97,196,702,702,355.65,493.16,536.36,508.88,460.51,637.74
1215,OK,98,207,706,706,355.96,498.73,538.24,512.79,461.21,640.74
1216,OK,99,210,712,712,362.23,497.28,546.53,515.96,464.9,639.59
1217,OK,99,212,713,713,358.14,498.97,541.59,513.62,462.97,638.05
1218,OK,101,216,708,708,356.95,500.92,537.86,513.16,462.7,637.58
1219,OK,106,215,703,703,360.18,499.81,540.18,504.16,472.46,624.58
1220,OK,98,191,721,721,351.42,480.37,541.71,473.78,473.39,598.51
1221,OK,75,175,741,741,314.85,509.3,503.68,456.95,456.41,598.57
1222,OK,52,171,749,749,289.97,520.99,476.31,463.8,433.76,598.93
1223,OK,26,171,754,754,263.46,516.77,451.05,462.08,404.29,611.42
1224,OK,14,173,754,754,263.78,520.61,449.78,464.83,402.62,612.88
1225,OK,9,172,756,756,267.06,518.23,455.13,465.69,406.53,611.87
1226,OK,6,171,758,758,267.03,517.63,455.73,465.45,407.27,611.35
1227,OK,5,171,758,758,267.41,515.31,456.23,465.76,405.15,611.37
1228,OK,7,172,755,755,270.72,514.18,458.21,464.56,408.79,611.42
1229,OK,11,176,748,748,273.22,526.52,457.62,476.76,407.43,604.15
1230,OK,14,180,746,746,276.26,522.54,461.83,473.55,411.76,615.89
1231,OK,18,183,743,743,279.46,520.73,464.16,472.74,414.52,618.45
1232,OK,21,186,741,741,281.55,520.4,466.89,475.49,414.54,622.92
1233,OK,24,188,740,740,284.99,519.89,470.23,475.23,417.64,623.92
1234,OK,25,188,742,742,285.12,518.9,471.86,474.47,419.35,624.74
1235,OK,22,186,747,747,281.98,516.8,470.59,473.02,416.58,626.41
1236,OK,22,186,748,748,284.27,517.0,472.24,473.39,417.48,625.47
1237,OK,23,185,749,749,285.45,518.19,473.14,472.46,419.62,623.52
1238,OK,24,184,748,748,284.91,516.21,471.95,470.99,418.29,618.88
1239,OK,26,181,747,747,290.0,511.23,478.03,471.68,419.68,613.96
1240,OK,40,182,738,738,309.93,503.11,495.18,472.01,436.28,607.88
1241,OK,50,182,739,739,316.29,506.53,503.79,470.93,450.87,615.39
1242,OK,70,178,733,733,343.72,491.59,529.65,466.38,473.48,597.79
1243,OK,86,174,732,732,358.6,486.94,545.86,467.25,485.66,596.84
1244,OK,106,177,717,717,371.55,477.75,552.4,469.39,493.2,591.14
1245,OK,115,177,712,712,372.71,474.21,555.14,470.06,493.16,592.44
1246,OK,119,176,709,709,370.9,472.92,552.68,469.81,490.35,587.95
1247,OK,123,176,704,704,373.38,474.22,553.61,469.4,493.25,583.72
1248,OK,125,155,720,720,380.92,461.13,570.02,447.26,516.54,552.76
1249,OK,127,146,726,726,380.72,461.93,568.32,443.67,516.88,555.93
1250,OK,123,147,725,725,371.05,471.89,556.67,453.08,498.69,561.08
1251,OK,117,146,728,728,363.81,469.13,550.68,446.42,495.03,562.65
1252,OK,114,151,722,722,360.65,471.66,543.78,448.5,488.52,569.54
1253,OK,109,152,723,723,357.99,472.91,542.91,449.86,484.37,569.53
1254,OK,109,154,720,720,360.08,467.55,543.9,448.22,484.24,574.34
1255,OK,111,157,716,716,361.74,468.31,544.06,447.63,486.92,575.35
1256,OK,106,159,719,719,356.18,471.41,541.7,457.72,478.05,581.49
1257,OK,102,159,724,724,354.63,470.27,541.93,456.9,476.18,584.52
1258,OK,104,149,731,731,365.76,478.01,555.21,461.7,492.92,549.57
1259,OK,137,165,705,705,398.2,480.47,572.61,464.1,536.61,571.84
1260,OK,183,198,657,657,419.64,497.32,574.27,468.93,572.79,592.11
1261,OK,183,197,665,665,402.47,488.98,574.87,470.38,550.63,588.27
1262,OK,151,164,705,705,373.81,468.17,565.43,456.54,514.56,545.94
1263,OK,126,153,716,716,352.77,469.39,538.17,443.41,485.64,557.1
1264,OK,96,138,719,719,322.15,461.3,506.44,436.01,443.11,523.19
1265,OK,81,127,714,714,326.04,436.73,508.39,426.13,426.74,509.64
1266,OK,86,130,703,703,342.44,432.95,520.84,435.31,443.28,524.48
1267,OK,92,133,697,697,349.87,433.76,527.67,438.81,449.08,527.7
1268,OK,100,136,693,693,355.86,436.01,533.5,433.47,464.45,533.72
1269,OK,111,141,691,691,366.04,440.07,543.45,436.09,478.59,545.37
1270,OK,106,132,713,713,365.37,448.19,554.68,443.49,479.57,536.75
1271,OK,110,134,720,720,373.75,454.38,561.3,450.96,492.41,547.5
1272,OK,113,136,720,720,374.17,451.69,560.0,452.94,488.45,547.28
1273,OK,114,136,720,720,374.38,448.12,559.85,453.84,483.24,543.49
1274,OK,113,136,719,719,370.91,449.61,556.22,450.94,479.58,540.93
1275,OK,124,140,708,708,383.84,442.95,563.57,450.02,497.48,543.4
1276,OK,138,146,699,699,395.9,443.48,573.73,451.56,511.17,547.32
1277,OK,163,161,686,686,425.45,448.36,596.93,474.19,540.24,566.25
1278,OK,175,167,687,687,428.97,452.37,604.58,476.14,548.91,571.03
1279,OK,184,173,684,684,433.24,451.72,606.45,480.31,549.25,577.35
1280,OK,191,178,678,678,434.8,449.56,605.88,476.8,550.43,576.99
1281,OK,196,181,676,676,437.61,450.98,609.09,479.7,552.75,578.24
1282,OK,199,188,673,673,441.51,455.64,610.51,490.9,551.44,588.57
1283,OK,201,187,674,674,443.36,455.49,612.95,494.52,553.95,574.84
1284,OK,206,192,667,667,448.67,464.25,613.53,506.88,553.21,571.32
1285,OK,200,187,673,673,443.56,452.0,611.92,500.75,543.15,568.25
1286,OK,198,186,675,675,443.52,455.04,611.99,500.7,544.52,572.62
1287,OK,194,186,676,676,438.89,455.85,607.6,501.31,538.42,574.98
1288,OK,191,187,677,677,436.46,455.49,604.58,503.34,534.95,576.04
1289,OK,191,188,675,675,436.99,455.0,604.32,501.43,535.6,575.12
1290,OK,188,188,678,678,434.74,456.94,603.28,505.61,533.35,578.53
1291,OK,184,184,683,683,435.27,452.59,606.01,500.37,530.7,575.24
1292,OK,192,192,674,674,441.89,455.08,606.82,501.26,540.61,585.93
1293,OK,191,188,677,677,439.0,453.45,608.15,499.77,537.75,574.18
1294,OK,190,186,679,679,438.2,454.33,608.29,498.18,538.62,574.34
1295,OK,190,184,684,684,441.49,452.23,612.81,498.82,544.14,578.48
1296,OK,197,186,682,682,449.48,454.42,619.55,496.41,555.17,582.59
1297,OK,214,198,669,669,460.27,467.3,626.8,497.43,575.28,594.43
1298,OK,218,198,677,677,465.04,465.59,638.37,500.14,579.37,600.81
1299,OK,222,205,678,678,467.67,473.21,639.38,507.42,580.33,615.3
1300,OK,218,203,684,684,462.49,469.3,636.77,503.61,571.08,606.68
1301,OK,212,191,685,685,449.49,456.58,624.01,483.62,564.03,575.67
1302,OK,210,176,675,675,446.15,440.61,615.5,467.23,552.96,536.41
1303,OK,206,165,666,666,435.32,426.36,602.64,452.18,542.74,525.47
1304,OK,206,169,657,657,432.61,437.36,598.61,456.73,545.58,550.36
1305,OK,194,167,669,669,425.12,441.97,598.02,473.0,535.81,557.9
1306,OK,179,161,681,681,412.87,442.96,589.87,468.38,521.65,551.6
1307,OK,162,153,694,694,401.09,442.97,581.61,469.62,510.62,543.33
1308,OK,163,159,686,686,408.93,453.07,580.44,485.76,512.09,541.33
1309,OK,173,162,680,680,428.57,440.57,596.81,484.83,528.43,542.08
1310,OK,186,169,666,666,433.15,439.87,597.82,473.26,535.54,548.9
1311,OK,192,171,664,664,435.64,440.24,603.36,471.76,539.32,555.46
1312,OK,191,170,670,670,434.96,442.2,605.22,479.85,536.03,555.32
1313,OK,189,170,674,674,434.99,443.02,605.25,481.35,535.17,558.35
1314,OK,184,172,681,681,429.6,447.81,602.38,486.75,533.62,572.68
1315,OK,184,174,679,679,431.04,444.91,601.13,484.56,533.31,567.0
1316,OK,179,174,685,685,426.21,445.93,598.93,488.77,526.49,571.32
1317,OK,178,177,683,683,426.38,452.68,597.7,491.45,525.65,570.51
1318,OK,177,185,678,678,422.88,461.34,592.63,497.76,519.95,581.14
1319,OK,171,188,686,686,421.48,459.97,594.56,505.85,518.44,593.86
1320,OK,168,189,687,687,417.46,461.44,590.47,500.3,516.3,588.92
1321,OK,168,190,686,686,419.62,458.29,591.02,500.44,517.21,590.04
1322,OK,161,188,689,689,410.98,460.13,584.42,501.26,505.73,586.54
1323,OK,159,189,688,688,411.33,458.34,583.81,498.77,506.22,590.36
1324,OK,157,188,689,689,411.63,457.21,584.48,498.78,505.01,589.61
1325,OK,159,189,687,687,413.54,460.71,585.89,499.12,508.68,587.54
1326,OK,163,189,685,685,417.55,462.0,590.51,496.04,516.92,585.91
1327,OK,167,179,688,688,422.02,452.13,597.45,482.08,525.57,562.91
1328,OK,165,182,690,690,416.13,463.56,591.67,495.97,516.25,585.19
1329,OK,163,181,694,694,413.66,462.77,591.29,492.31,519.44,582.68
1330,OK,162,179,695,695,413.66,460.19,590.78,488.18,519.35,576.36
1331,OK,162,178,695,695,414.53,459.33,591.27,488.66,519.15,578.03
1332,OK,160,178,698,698,413.15,460.38,590.89,491.79,517.22,582.8
1333,OK,160,178,698,698,414.32,460.31,591.31,492.06,517.94,581.49
1334,OK,160,179,698,698,414.44,461.48,591.83,492.18,518.77,583.64
1335,OK,161,180,698,698,414.98,460.31,591.97,491.55,519.4,584.22
1336,OK,162,181,697,697,416.26,461.1,592.36,494.09,519.7,585.87
1337,OK,163,183,694,694,416.75,461.55,591.78,495.02,518.87,586.05
1338,OK,165,184,693,693,418.8,460.56,594.12,493.94,521.16,587.12
1339,OK,169,186,689,689,421.11,461.87,594.39,494.65,523.98,584.52
1340,OK,170,186,689,689,419.78,461.44,594.8,491.27,525.76,585.86
1341,OK,171,186,690,690,422.03,459.41,597.01,492.03,527.87,587.19
1342,OK,171,186,690,690,420.89,459.32,596.12,490.66,527.07,587.22
1343,OK,170,183,692,692,419.42,458.68,595.93,488.14,527.29,583.85
1344,OK,168,181,694,694,416.86,458.8,594.01,487.08,523.87,583.17
1345,OK,168,180,694,694,418.65,458.04,594.97,486.77,525.62,580.9
1346,OK,168,182,691,691,417.58,458.24,592.77,487.31,522.82,583.48
1347,OK,171,187,684,684,419.24,459.33,591.23,487.41,520.9,587.02
1348,OK,172,189,680,680,418.35,457.4,590.03,485.78,519.04,587.77
1349,OK,174,193,673,673,417.41,458.66,586.5,488.01,516.21,586.84
1350,OK,159,174,691,691,404.23,443.9,583.77,477.46,505.99,560.56
1351,OK,133,143,710,710,382.9,417.35,565.35,462.33,470.23,517.17
1352,OK,117,138,710,710,372.18,421.72,550.57,461.94,454.58,535.26
1353,OK,110,147,706,706,365.95,434.17,543.92,465.52,455.52,565.62
1354,OK,104,155,705,705,361.5,440.92,540.93,467.45,452.77,576.0
1355,OK,106,165,698,698,367.75,447.99,543.01,480.48,453.87,581.2
1356,OK,103,170,697,697,362.48,449.19,539.51,478.42,449.0,585.98
1357,OK,102,174,696,696,362.75,450.95,539.34,481.66,447.76,588.27
1358,OK,103,179,692,692,362.07,455.07,537.27,482.74,449.13,588.17
1359,OK,103,179,693,693,362.71,453.63,538.8,483.71,449.68,585.6
1360,OK,103,180,693,693,362.16,453.72,538.34,482.86,450.2,586.39
1361,OK,103,179,694,694,362.57,455.0,539.72,481.91,454.41,585.68
1362,OK,105,183,691,691,362.07,463.8,537.8,487.94,455.66,587.42
1363,OK,104,182,693,693,361.67,459.12,539.16,485.19,453.14,587.62
1364,OK,101,181,695,695,358.23,457.58,535.78,483.37,448.7,587.56
1365,OK,92,178,703,703,349.42,456.96,530.54,483.97,438.5,590.29
1366,OK,90,177,706,706,350.79,458.65,531.88,482.37,443.49,591.57
1367,OK,90,176,705,705,351.05,458.27,530.9,481.28,443.13,585.73
1368,OK,85,172,706,706,345.57,454.4,526.21,478.49,433.26,581.55
1369,OK,71,169,709,709,321.46,465.34,504.91,470.42,413.0,580.1
1370,OK,53,155,713,713,304.92,445.22,489.79,447.94,391.39,557.04
1371,OK,47,145,707,707,307.47,438.2,488.31,436.99,388.27,536.8
1372,OK,46,136,707,707,313.15,437.02,495.28,433.54,395.65,526.95
1373,OK,65,135,707,707,348.64,435.84,530.78,445.89,439.07,536.59
1374,OK,90,137,703,703,373.78,436.65,552.89,454.41,467.66,534.04
1375,OK,127,152,686,686,405.0,442.88,575.84,464.76,506.18,550.21
1376,OK,163,166,675,675,435.85,449.51,604.32,479.97,543.29,559.59
1377,OK,183,177,664,664,438.11,444.99,603.04,478.54,539.13,566.89
1378,OK,188,182,664,664,436.36,448.08,603.08,486.17,532.6,570.92
1379,OK,195,183,658,658,436.73,442.3,601.02,478.2,539.1,560.91
1380,OK,199,187,652,652,436.32,446.09,598.31,483.76,535.73,566.28
1381,OK,195,184,657,657,434.05,443.06,598.95,487.53,529.88,562.42
1382,OK,188,178,666,666,426.93,442.32,596.54,481.63,529.8,561.69
1383,OK,181,173,678,678,425.83,442.83,598.53,485.17,528.76,562.91
1384,OK,172,168,690,690,418.09,446.4,594.86,483.86,522.47,565.39
1385,OK,167,164,697,697,418.79,443.35,596.49,480.27,524.26,565.57
1386,OK,172,169,691,691,425.47,448.06,597.96,485.66,529.27,568.78
1387,OK,168,173,691,691,416.93,454.23,591.54,490.32,518.54,575.77
1388,OK,168,171,693,693,419.19,450.12,595.27,483.13,526.12,569.85
1389,OK,172,172,691,691,423.79,448.11,597.84,482.32,532.07,572.15
1390,OK,174,174,690,690,424.76,452.08,598.03,490.6,530.29,571.71
1391,OK,175,173,690,690,425.85,449.77,599.01,489.98,530.21,567.79
1392,OK,178,172,687,687,426.67,447.41,598.86,485.25,534.38,562.03
1393,OK,182,170,684,684,427.63,445.92,599.96,478.18,540.69,556.49
1394,OK,191,166,673,673,429.34,439.61,599.82,451.14,551.38,540.82
1395,OK,182,156,678,678,411.04,440.07,587.18,442.77,533.28,535.31
1396,OK,174,148,683,683,410.59,435.74,587.7,444.06,521.56,530.66
1397,OK,174,142,688,688,419.99,429.57,598.0,444.14,532.73,528.15
1398,OK,177,149,679,679,420.07,435.48,591.79,455.71,524.57,539.57
1399,OK,177,156,672,672,419.72,436.5,588.99,463.81,519.59,543.67
1400,OK,180,159,671,671,424.15,441.73,593.74,474.76,527.63,538.88
1401,OK,177,159,670,670,417.34,438.27,586.0,475.24,519.37,533.77
1402,OK,156,154,682,682,384.04,444.86,562.34,460.28,493.45,539.89
1403,OK,145,158,690,690,386.53,454.06,565.36,474.04,491.47,560.33
1404,OK,138,163,696,696,384.01,459.94,564.04,476.43,491.84,571.91
1405,OK,136,166,698,698,386.15,459.23,565.72,477.78,492.27,572.76
1406,OK,134,167,700,700,387.4,457.49,567.33,477.61,491.12,571.54
1407,OK,131,164,706,706,386.92,458.13,569.15,478.63,491.82,567.69
1408,OK,136,168,702,702,393.01,458.55,571.63,479.53,498.47,575.01
1409,OK,137,170,702,702,394.19,459.67,573.61,484.09,497.62,576.59
1410,OK,137,172,702,702,393.75,460.23,572.82,485.05,496.17,578.41
1411,OK,140,172,702,702,398.52,457.58,577.36,484.97,502.56,575.22
1412,OK,168,183,682,682,428.61,455.29,596.66,483.51,543.45,581.03
1413,OK,193,190,668,668,441.46,456.32,607.57,485.16,565.81,579.46
1414,OK,202,195,664,664,439.66,461.03,607.89,486.26,561.95,586.88
1415,OK,204,195,669,669,441.23,460.5,612.53,488.13,562.49,590.01
1416,OK,204,196,674,674,441.43,459.87,613.55,490.52,560.12,597.03
1417,OK,205,200,670,670,439.29,463.06,608.34,492.58,557.35,596.43
1418,OK,211,206,661,661,442.99,463.12,608.91,491.14,562.98,600.43
1419,OK,207,204,666,666,435.5,464.79,606.31,490.5,556.14,597.51
1420,OK,200,199,673,673,429.89,462.35,603.16,489.17,550.37,595.89
1421,OK,198,200,672,672,430.26,464.86,601.02,491.68,549.32,595.27
1422,OK,189,192,681,681,423.14,460.91,598.91,486.85,542.73,587.3
1423,OK,187,191,681,681,423.41,463.81,596.94,489.92,541.06,586.96
1424,OK,186,190,680,680,425.44,459.9,598.25,488.34,541.06,587.22
1425,OK,185,190,679,679,423.13,462.13,595.7,488.15,537.98,585.43
1426,OK,184,190,680,680,423.87,462.68,597.59,489.56,539.55,589.5
1427,OK,182,186,683,683,418.88,463.87,594.37,484.82,539.55,576.01
1428,OK,183,188,682,682,424.08,464.2,597.61,489.81,540.5,586.41
1429,OK,184,190,682,682,424.67,465.96,598.47,491.34,541.39,591.12
1430,OK,186,191,679,679,425.2,462.33,597.23,488.86,541.33,587.77
1431,OK,185,193,679,679,423.2,464.23,596.47,488.43,539.53,592.07
1432,OK,186,191,679,679,424.29,462.68,597.81,484.75,543.41,583.7
1433,OK,197,188,675,675,438.18,459.25,609.87,478.1,564.22,575.18
1434,OK,200,184,678,678,435.08,460.79,610.17,470.76,566.22,575.56
1435,OK,202,180,679,679,435.88,457.62,611.15,466.89,567.48,571.21
1436,OK,199,169,689,689,437.02,458.81,617.37,462.03,568.36,559.58
1437,OK,195,160,701,701,437.03,458.61,620.77,456.61,565.3,558.14
1438,OK,202,160,698,698,447.96,459.36,626.98,458.17,577.7,556.36
1439,OK,209,161,689,689,450.0,454.36,625.5,455.36,577.14,552.25
1440,OK,212,162,681,681,448.82,448.45,621.79,458.56,568.8,546.14
1441,OK,207,168,685,685,441.99,458.55,618.66,475.72,563.35,569.0
1442,OK,199,164,694,694,437.4,451.68,617.36,474.04,558.71,564.99
1443,OK,189,164,704,704,429.8,455.24,612.53,476.97,554.12,576.33
1444,OK,181,160,711,711,426.6,451.44,610.24,476.25,549.29,569.5
1445,OK,178,163,708,708,424.41,456.74,604.92,479.36,544.31,570.83
1446,OK,173,163,707,707,418.17,457.42,598.98,475.95,536.72,566.6
1447,OK,157,153,712,712,398.47,448.14,582.49,463.43,511.06,546.46
1448,OK,143,146,705,705,384.34,435.29,563.45,451.11,484.01,534.79
1449,OK,129,139,700,700,368.46,429.68,547.05,440.45,469.86,525.23
1450,OK,113,134,704,704,356.38,427.98,538.47,438.51,458.19,533.39
1451,OK,101,127,708,708,350.95,429.38,534.29,436.8,449.28,519.71
1452,OK,97,124,707,707,353.16,425.19,535.01,436.83,448.19,517.81
1453,OK,93,122,701,701,348.31,423.13,526.96,434.14,437.78,507.45
1454,OK,84,112,708,708,341.92,418.46,525.95,428.65,435.01,497.4
1455,OK,71,98,717,717,332.68,413.9,519.46,420.94,418.64,478.28
1456,OK,66,93,717,717,329.55,423.41,514.21,421.87,417.67,470.78
1457,OK,62,87,720,720,332.29,421.07,518.67,417.08,418.07,470.0
1458,OK,77,86,720,720,363.14,418.02,548.42,426.58,451.53,471.54
1459,OK,95,89,718,718,379.63,420.85,563.83,430.25,470.61,477.95
1460,OK,112,94,715,715,393.8,424.2,576.73,440.46,487.95,480.87
1461,OK,122,105,712,712,392.94,433.63,575.31,445.8,492.58,503.37
1462,OK,133,124,707,707,395.74,445.12,576.33,455.07,507.1,541.27
1463,OK,150,144,705,705,416.96,454.1,596.85,475.41,532.39,565.87
1464,OK,164,161,702,702,424.77,460.82,603.06,485.51,541.41,582.04
1465,OK,172,172,700,700,428.03,461.99,605.91,489.9,544.79,591.71
1466,OK,179,177,699,699,430.86,464.34,609.54,487.3,553.63,586.95
1467,OK,187,176,697,697,436.39,461.3,614.37,479.41,561.86,574.25
1468,OK,188,171,702,702,435.97,461.4,617.27,481.09,563.11,568.88
1469,OK,188,166,709,709,437.19,461.03,620.75,479.16,566.4,568.45
1470,OK,186,163,714,714,433.64,462.57,618.29,480.49,564.52,571.37
1471,OK,189,168,709,709,436.33,463.86,616.56,482.69,563.38,578.91
1472,OK,195,174,699,699,437.86,464.3,614.68,479.46,564.37,576.3
1473,OK,195,175,697,697,435.87,460.63,613.66,481.22,560.88,575.45
1474,OK,193,175,697,697,434.19,461.33,612.51,481.04,558.18,576.33
1475,OK,192,176,693,693,429.18,461.11,605.74,479.3,555.81,574.1
1476,OK,164,164,706,706,394.88,457.19,579.69,469.51,505.13,559.56
1477,OK,128,155,719,719,363.23,460.35,551.27,472.76,460.54,558.95
1478,OK,86,152,721,721,321.11,454.36,507.41,465.2,398.19,564.63
1479,OK,54,146,725,725,302.81,462.31,490.71,461.74,378.31,547.64
1480,OK,108,158,708,708,407.74,458.75,585.43,473.83,521.11,569.67
1481,OK,163,173,687,687,445.91,461.05,616.53,480.2,573.59,571.68
1482,OK,212,193,652,652,468.05,467.73,626.62,482.39,596.27,571.67
1483,OK,227,197,649,649,460.04,464.03,625.65,480.24,589.42,576.84
1484,OK,212,187,669,669,439.96,459.16,616.02,484.39,559.52,572.48
1485,OK,197,179,680,680,429.69,453.41,605.81,480.13,541.62,570.31
1486,OK,185,168,688,688,427.43,443.61,603.28,478.6,530.52,550.03
1487,OK,185,163,692,692,433.67,444.65,610.19,475.44,545.62,553.31
1488,OK,190,168,693,693,440.15,455.9,616.5,484.39,556.85,571.85
1489,OK,192,174,691,691,440.55,456.98,615.22,490.35,552.09,577.62
1490,OK,191,176,691,691,437.21,456.72,612.56,488.08,550.28,579.06
1491,OK,187,174,693,693,431.35,453.62,608.25,482.31,542.44,573.54
1492,OK,179,168,697,697,425.0,450.75,603.64,477.97,533.25,564.62
1493,OK,175,153,709,709,431.67,439.75,614.54,472.54,540.2,542.58
1494,OK,176,146,717,717,441.09,439.95,624.67,474.66,546.85,547.35
1495,OK,192,157,699,699,448.79,448.04,622.43,474.85,564.49,558.93
1496,OK,201,164,690,690,447.33,450.47,621.2,474.2,569.44,560.15
1497,OK,204,179,677,677,435.31,462.16,605.39,483.11,561.09,580.12
1498,OK,200,191,674,674,427.18,468.22,598.8,489.69,550.26,600.2
1499,OK,185,185,683,683,410.04,475.87,588.17,487.11,533.87,571.73
1500,OK,145,157,706,706,362.17,461.78,549.25,441.77,487.04,539.08
1501,OK,113,146,719,719,342.28,463.47,529.71,441.04,460.11,551.18
1502,OK,98,140,723,723,342.45,458.03,528.9,440.35,457.85,548.4
1503,OK,88,138,727,727,341.9,458.18,530.18,447.92,452.38,553.57
1504,OK,82,138,729,729,340.61,460.29,528.86,448.67,452.17,554.56
1505,OK,84,140,725,725,346.33,456.24,532.02,449.28,453.89,552.21
1506,OK,85,139,725,725,348.87,458.14,535.66,450.31,459.59,549.81
1507,OK,85,137,727,727,346.72,457.7,534.45,448.55,460.09,549.18
1508,OK,87,138,725,725,347.79,458.35,533.72,447.94,461.43,549.83
1509,OK,89,138,723,723,350.34,455.48,536.31,448.79,460.75,548.73
1510,OK,91,140,720,720,350.94,455.47,535.81,448.95,462.35,552.62
1511,OK,95,144,715,715,353.0,454.34,535.79,449.49,463.75,554.17
1512,OK,95,144,715,715,351.21,457.06,535.55,448.95,465.02,553.5
1513,OK,93,139,722,722,353.11,454.17,540.87,449.3,466.29,547.02
1514,OK,91,141,722,722,351.92,461.26,538.04,458.53,458.34,550.54
1515,OK,80,140,724,724,335.58,464.94,522.44,457.43,438.92,545.32
1516,OK,94,135,722,722,367.02,452.33,552.46,451.87,477.28,529.81
1517,OK,129,149,702,702,407.11,448.92,582.11,465.23,516.95,553.16
1518,OK,165,164,684,684,430.13,452.43,600.15,477.55,555.69,559.7
1519,OK,190,176,663,663,434.05,449.95,597.73,473.25,559.61,559.76
1520,OK,190,177,663,663,417.71,453.85,587.75,471.72,541.95,559.11
1521,OK,168,170,680,680,389.75,460.27,569.17,458.79,511.82,562.77
1522,OK,147,171,696,696,379.02,470.77,562.47,471.88,495.15,585.56
1523,OK,134,172,708,708,379.04,477.0,564.67,477.71,493.19,590.87
1524,OK,133,177,711,711,386.06,477.16,569.83,482.26,501.35,602.0
1525,OK,133,179,712,712,384.3,479.49,567.89,480.44,502.09,597.32
1526,OK,131,181,712,712,383.03,477.81,566.69,484.3,496.65,597.14
1527,OK,130,182,712,712,383.02,477.57,566.33,484.34,495.81,598.95
1528,OK,131,184,712,712,386.16,476.59,569.4,483.34,501.56,607.02
1529,OK,135,182,710,710,391.62,469.75,573.99,480.42,504.7,596.71
1530,OK,139,182,707,707,393.33,469.52,574.61,480.4,507.28,594.11
1531,OK,138,180,708,708,390.3,466.64,572.54,477.24,502.51,594.07
1532,OK,138,178,708,708,391.37,466.42,573.86,475.78,504.57,591.44
1533,OK,139,178,707,707,391.85,467.8,573.63,476.44,506.36,592.63
1534,OK,144,178,705,705,398.31,466.89,579.1,476.4,513.39,587.43
1535,OK,140,173,710,710,391.77,466.68,575.92,475.04,507.18,583.97
1536,OK,135,170,713,713,387.31,471.58,571.59,481.3,499.49,575.16
1537,OK,138,170,712,712,392.17,468.96,575.28,475.03,510.73,579.68
1538,OK,145,178,698,698,394.26,460.7,570.01,474.86,508.91,590.57
1539,OK,143,185,690,690,381.0,465.18,556.45,477.55,497.2,594.97
1540,OK,139,195,680,680,370.29,465.37,541.38,487.46,485.16,605.74
1541,OK,135,200,672,672,363.6,467.04,533.31,487.42,480.11,596.91
1542,OK,109,188,679,679,325.81,461.77,502.37,468.04,441.89,575.55
1543,OK,79,168,701,701,302.31,455.15,488.55,453.75,425.47,564.04
1544,OK,54,154,709,709,284.4,459.22,468.02,438.73,401.78,548.54
1545,OK,43,148,712,712,288.23,457.56,471.25,437.28,400.96,552.43
1546,OK,41,137,723,723,304.43,452.16,492.97,437.92,414.09,543.4
1547,OK,45,135,724,724,313.45,451.06,500.21,442.42,419.04,546.07
1548,OK,47,135,729,729,314.21,460.76,502.81,445.83,427.25,551.25
1549,OK,49,136,729,729,314.64,459.58,502.16,445.01,426.3,553.12
1550,OK,52,137,728,728,316.52,457.39,503.36,445.89,427.13,553.65
1551,OK,56,139,724,724,320.13,460.54,505.46,456.41,428.4,547.11
1552,OK,62,145,715,715,321.91,463.64,503.69,459.98,432.86,548.85
1553,OK,59,142,716,716,316.26,447.31,500.75,457.45,423.33,542.85
1554,OK,55,130,718,718,311.79,434.96,496.87,448.47,420.32,516.26
1555,OK,48,122,711,711,297.91,430.14,479.21,433.48,399.43,500.3
1556,OK,6,93,727,727,241.71,422.25,431.98,400.13,338.85,464.01
1557,OK,-4,89,722,722,255.01,425.34,438.95,409.2,341.98,470.58
1558,OK,14,85,724,724,304.73,416.34,491.7,412.74,393.99,474.3
1559,OK,60,101,708,708,363.0,413.26,540.35,432.72,454.78,506.42
1560,OK,91,112,702,702,374.49,425.13,553.17,439.49,477.08,511.19
1561,OK,113,130,688,688,375.58,433.92,548.88,441.9,482.14,535.2
1562,OK,123,143,681,681,374.25,439.0,547.67,447.44,480.88,546.23
1563,OK,125,150,682,682,368.85,443.9,544.65,449.19,479.41,552.06
1564,OK,127,154,681,681,370.59,444.4,545.92,449.39,482.18,553.08
1565,OK,132,158,678,678,376.6,441.62,550.57,450.28,490.29,557.98
1566,OK,144,163,671,671,388.68,440.89,559.37,456.73,503.25,555.0
1567,OK,151,167,660,660,386.42,438.76,552.04,460.54,498.29,541.04
1568,OK,151,165,657,657,380.91,435.69,548.83,449.66,493.0,538.11
1569,OK,145,147,664,664,374.85,414.87,547.16,431.86,492.57,507.12
1570,OK,137,145,672,672,366.67,425.94,541.94,435.24,487.26,539.04
1571,OK,125,146,696,696,363.18,444.5,548.68,451.24,490.73,569.93
1572,OK,120,145,704,704,364.14,440.33,547.62,450.53,486.81,556.31
1573,OK,92,93,733,733,339.43,381.83,535.05,401.24,455.2,456.4
1574,OK,80,68,731,731,335.65,371.0,523.22,380.21,437.5,439.23
1575,OK,73,76,726,726,333.76,401.83,519.18,417.51,430.0,483.67
1576,OK,78,87,718,718,340.47,403.53,523.16,414.3,447.74,499.32
1577,OK,82,89,715,715,343.7,400.67,527.04,411.24,452.05,492.04
1578,OK,89,90,715,715,350.72,402.48,534.62,414.12,463.54,491.58
1579,OK,106,103,704,704,372.99,406.73,550.66,422.78,478.75,512.14
1580,OK,115,108,703,703,379.83,410.52,559.65,429.34,483.33,511.79
1581,OK,119,110,710,710,384.5,418.36,568.54,435.83,491.17,517.79
1582,OK,131,127,702,702,391.59,433.39,570.21,445.66,499.43,543.36
1583,OK,135,131,697,697,388.91,427.51,566.76,441.79,493.22,531.22
1584,OK,134,131,697,697,384.71,425.81,563.7,439.58,491.66,528.08
1585,OK,134,131,693,693,383.04,423.69,560.08,438.53,487.24,522.5
1586,OK,133,131,692,692,381.17,423.59,558.82,437.66,487.82,523.41
1587,OK,136,136,684,684,382.79,422.61,556.34,439.92,488.12,526.86
1588,OK,138,141,678,678,382.77,423.06,555.1,442.79,485.69,533.15
1589,OK,135,144,674,674,371.95,425.16,544.25,437.5,476.45,535.92
1590,OK,125,141,679,679,365.04,419.95,540.69,437.66,464.91,532.66
1591,OK,104,126,698,698,344.37,415.64,528.56,428.38,445.78,518.44
1592,OK,83,115,710,710,331.02,418.15,517.08,421.64,424.8,511.83
1593,OK,67,105,720,720,326.72,418.35,514.87,417.44,414.06,506.0
1594,OK,69,107,714,714,339.35,419.57,521.87,421.69,419.76,508.2
1595,OK,69,109,717,717,346.09,424.08,531.42,432.24,419.97,513.9
1596,OK,70,102,725,725,353.42,416.65,542.13,428.44,431.92,502.47
1597,OK,75,96,732,732,358.52,411.35,548.55,425.44,449.43,502.71
1598,OK,90,101,719,719,366.73,406.35,547.48,428.3,459.1,501.83
1599,OK,103,106,708,708,369.87,406.4,548.14,430.29,473.05,503.13
1600,OK,110,111,695,695,360.7,406.26,534.15,434.07,468.99,497.01
1601,OK,107,116,683,683,343.57,408.03,514.61,434.44,452.13,494.54
1602,OK,88,107,692,692,315.75,407.42,495.29,425.47,436.19,480.59
1603,OK,64,91,709,709,297.79,402.02,484.44,415.3,416.46,468.4
1604,OK,50,84,713,713,294.86,400.36,479.74,405.2,403.09,471.81
1605,OK,40,75,726,726,299.26,402.26,489.77,402.26,408.31,470.37
1606,OK,46,75,729,729,319.51,408.2,508.1,399.7,424.53,481.95
1607,OK,57,86,728,728,334.59,417.14,521.91,416.34,436.96,504.3
1608,OK,75,105,719,719,353.28,425.25,536.31,432.74,451.71,529.7
1609,OK,84,116,716,716,354.04,428.26,537.82,434.3,456.09,538.34
1610,OK,89,124,717,717,354.0,435.74,539.23,439.55,461.21,547.69
1611,OK,90,129,717,717,352.47,436.06,537.26,440.84,458.95,548.83
1612,OK,89,132,718,718,349.24,438.41,534.42,442.25,454.36,550.87
1613,OK,88,132,721,721,349.1,436.92,535.77,440.12,456.91,550.82
1614,OK,84,131,726,726,344.95,436.53,533.4,439.91,455.8,555.38
1615,OK,81,130,729,729,343.13,435.05,531.88,439.82,452.31,553.71
1616,OK,79,132,726,726,339.62,437.3,525.66,443.15,445.92,553.12
1617,OK,80,135,724,724,341.86,435.29,527.5,444.27,449.69,558.29
1618,OK,82,136,716,716,340.21,433.94,522.75,440.52,447.24,546.0
1619,OK,82,137,712,712,338.61,434.59,520.8,441.05,444.59,548.04
1620,OK,82,137,710,710,339.47,434.06,521.92,439.88,444.3,545.24
1621,OK,82,137,709,709,339.72,433.35,522.25,441.2,443.31,547.29
1622,OK,84,137,710,710,341.91,432.09,524.88,442.45,450.59,549.78
1623,OK,93,138,704,704,352.64,428.23,532.09,439.64,463.28,545.99
1624,OK,119,154,679,679,374.04,440.58,542.42,451.05,488.83,549.3
1625,OK,129,162,670,670,368.57,445.42,538.7,450.92,486.69,553.94
1626,OK,111,156,677,677,339.69,439.18,516.19,444.12,443.86,543.83
1627,OK,78,136,706,706,315.62,436.67,505.2,438.03,415.82,533.06
1628,OK,73,135,709,709,328.45,439.24,511.73,443.88,429.32,542.29
1629,OK,80,135,704,704,341.02,433.95,521.27,438.96,446.77,535.56
1630,OK,88,135,698,698,345.17,428.62,523.25,437.57,450.06,532.66
1631,OK,96,134,696,696,353.71,421.58,531.97,436.42,462.32,533.3
1632,OK,106,134,690,690,359.38,416.76,535.23,432.37,472.31,528.12
1633,OK,111,132,682,682,353.66,411.5,526.97,424.83,465.71,517.66
1634,OK,98,123,685,685,333.22,403.44,509.65,420.55,439.16,506.1
1635,OK,72,107,702,702,309.52,401.95,494.61,413.61,413.91,497.97
1636,OK,57,104,706,706,301.74,404.73,484.44,413.1,400.92,505.48
1637,OK,50,99,712,712,307.63,406.23,492.6,413.52,407.21,496.26
1638,OK,48,95,721,721,315.7,414.69,503.96,415.7,413.54,496.95
1639,OK,70,103,713,713,349.44,408.88,531.02,417.11,450.23,515.23
1640,OK,90,106,707,707,365.23,406.7,545.43,419.55,464.76,507.98
1641,OK,107,113,698,698,372.34,412.58,549.45,424.37,475.55,512.75
1642,OK,111,119,695,695,368.22,415.77,545.95,431.61,468.66,522.23
1643,OK,116,127,691,691,367.36,419.02,544.17,432.42,474.4,533.26
1644,OK,113,128,693,693,359.7,419.12,538.34,431.79,468.05,528.85
1645,OK,117,134,688,688,367.09,420.61,542.42,434.83,471.75,534.97
1646,OK,125,138,681,681,373.36,418.97,546.6,432.23,481.43,532.73
1647,OK,127,139,680,680,370.63,421.32,545.54,431.17,481.82,536.82
1648,OK,128,140,679,679,370.47,420.54,545.0,430.93,480.66,535.45
1649,OK,130,142,677,677,371.18,422.97,544.99,432.01,483.54,537.68
1650,OK,126,141,681,681,365.01,424.7,541.18,432.0,475.52,538.59
1651,OK,121,138,688,688,362.83,423.29,541.67,431.55,474.53,539.46
1652,OK,118,138,690,690,363.21,424.95,541.27,434.33,472.1,540.9
1653,OK,117,140,687,687,357.86,428.22,533.77,436.47,470.46,537.04
1654,OK,112,138,688,688,352.92,425.84,530.37,436.82,464.3,532.57
1655,OK,106,140,687,687,345.99,427.97,522.2,439.76,455.45,537.81
1656,OK,95,134,692,692,334.81,423.31,514.32,432.49,443.52,527.95
1657,OK,83,117,710,710,331.76,409.05,519.22,417.17,446.18,515.55
1658,OK,74,111,726,726,332.6,418.28,523.39,428.96,447.22,529.95
1659,OK,60,100,740,740,320.62,413.55,514.62,419.89,428.78,517.56
1660,OK,44,90,744,744,305.31,408.24,498.3,409.67,403.7,503.02
1661,OK,46,84,740,740,318.9,409.1,508.33,404.29,420.83,489.12
1662,OK,66,88,730,730,348.21,406.21,533.68,413.07,451.49,496.39
1663,OK,88,103,711,711,363.71,407.3,541.07,423.69,460.29,516.5
1664,OK,100,110,701,701,363.57,406.43,540.6,425.61,462.22,509.82
1665,OK,106,114,695,695,364.06,407.32,540.82,425.72,462.79,510.5
1666,OK,109,118,693,693,361.59,410.93,539.17,424.57,465.34,517.73
1667,OK,112,116,691,691,363.47,409.27,540.77,420.48,469.37,505.3
1668,OK,113,115,693,693,356.28,418.67,535.44,409.74,479.52,513.05
1669,OK,88,108,699,699,314.12,427.58,493.86,401.81,429.02,494.33
1670,OK,46,104,708,708,268.36,451.62,445.46,398.71,372.31,496.8
1671,OK,42,114,701,701,293.37,452.7,466.58,407.55,392.71,512.84
1672,OK,40,106,712,712,307.51,435.95,491.81,407.09,400.35,498.61
1673,OK,40,98,715,715,308.24,425.74,491.77,400.92,398.51,486.28
1674,OK,39,87,715,715,306.67,403.6,490.84,393.59,396.53,473.15
1675,OK,32,82,718,718,296.7,398.43,482.28,399.4,383.25,475.92
1676,OK,26,83,720,720,289.52,397.59,475.28,410.49,380.82,488.52
1677,OK,15,79,734,734,280.21,401.0,472.35,417.4,383.08,491.73
1678,OK,17,84,729,729,284.89,404.91,471.17,411.99,384.67,493.96
1679,OK,22,91,723,723,292.08,414.64,477.05,416.62,391.27,498.76
1680,OK,31,94,727,727,310.96,420.18,499.39,424.62,408.47,504.89
1681,OK,38,94,732,732,317.22,417.25,507.14,421.99,416.92,510.17
1682,OK,52,100,727,727,330.94,416.15,516.97,425.65,431.94,515.78
1683,OK,63,107,721,721,336.53,418.18,520.25,429.36,436.01,520.56
1684,OK,74,117,713,713,343.02,419.94,524.21,433.64,443.63,534.41
1685,OK,80,127,706,706,340.05,427.96,519.98,436.57,440.09,540.26
1686,OK,79,126,708,708,336.68,422.62,519.08,434.43,438.95,533.36
1687,OK,76,126,709,709,333.7,424.31,516.51,435.63,434.27,534.13
1688,OK,68,123,716,716,326.95,424.42,512.84,435.5,425.64,534.81
1689,OK,69,125,715,715,331.62,427.13,515.14,436.99,431.95,539.47
1690,OK,79,129,706,706,342.14,426.62,521.81,434.38,446.83,534.27
1691,OK,97,136,694,694,359.56,423.87,534.57,440.55,466.01,536.73
1692,OK,109,148,683,683,362.82,440.6,534.63,461.83,466.46,544.22
1693,OK,109,151,681,681,355.0,441.71,529.28,459.54,459.83,541.29
1694,OK,101,152,688,688,342.82,446.18,521.88,450.89,447.81,555.39
1695,OK,87,153,700,700,330.05,455.62,513.55,453.43,436.72,569.37
1696,OK,83,150,705,705,337.78,447.18,520.86,446.76,441.29,558.63
1697,OK,83,148,706,706,339.9,445.43,521.91,446.08,444.07,554.7
1698,OK,88,148,707,707,350.36,440.89,532.62,448.64,453.39,559.92
1699,OK,90,148,710,710,351.97,441.66,535.42,454.43,454.79,564.6
1700,OK,97,154,709,709,360.77,446.96,542.69,462.04,465.07,577.07
1701,OK,102,155,705,705,362.12,443.45,542.52,456.04,467.07,567.78
1702,OK,104,157,704,704,362.44,442.5,542.42,462.25,464.32,570.28
1703,OK,107,161,702,702,363.69,445.41,543.33,463.43,466.94,575.84
1704,OK,108,163,701,701,363.46,445.92,543.05,462.73,467.08,578.57
1705,OK,108,160,703,703,363.57,443.08,544.14,461.22,468.89,568.51
1706,OK,107,156,705,705,364.61,438.12,545.16,461.13,467.07,563.29
1707,OK,109,156,703,703,364.76,441.52,544.19,460.98,468.38,564.19
1708,OK,112,159,698,698,366.64,439.78,544.16,459.47,469.32,566.55
1709,OK,117,161,693,693,371.17,438.51,547.28,459.75,473.73,567.85
1710,OK,126,164,684,684,377.16,437.6,550.23,456.95,483.25,564.51
1711,OK,134,168,679,679,382.58,438.09,555.09,458.88,489.74,571.81
1712,OK,136,168,678,678,380.57,437.57,554.09,458.15,488.18,566.24
1713,OK,139,168,674,674,382.71,434.88,553.63,459.01,487.39,562.33
1714,OK,140,169,673,673,381.74,435.85,553.42,460.69,487.75,564.06
1715,OK,140,168,674,674,381.03,435.58,553.52,457.83,487.14,561.64
1716,OK,140,168,674,674,380.39,438.05,552.97,456.41,489.32,564.45
1717,OK,144,169,667,667,382.65,441.23,552.51,454.34,492.17,555.96
1718,OK,145,171,666,666,381.26,451.98,552.66,461.03,492.63,558.71
1719,OK,148,169,666,666,384.0,442.45,555.46,448.45,499.66,554.85
1720,OK,151,168,665,665,386.23,440.05,557.26,448.66,501.68,555.71
1721,OK,153,169,664,664,384.48,444.25,555.22,448.73,503.76,556.71
1722,OK,151,169,665,665,380.44,447.0,551.94,448.88,499.07,558.08
1723,OK,149,169,667,667,381.71,442.36,554.06,451.24,497.92,562.04
1724,OK,146,168,670,670,378.61,443.99,551.74,451.14,495.34,562.02
1725,OK,145,168,670,670,378.05,444.39,550.56,450.77,495.26,561.94
1726,OK,142,165,675,675,375.42,442.66,550.68,448.57,494.96,558.8
1727,OK,142,166,673,673,376.23,444.44,549.32,448.52,495.33,561.3
1728,OK,142,167,670,670,373.91,443.77,545.81,447.36,491.08,558.5
1729,OK,137,166,674,674,370.01,445.13,544.8,446.34,487.51,562.67
1730,OK,132,167,677,677,364.27,451.35,539.77,454.89,482.86,564.86
1731,OK,117,159,686,686,349.36,444.61,528.36,444.47,460.67,553.75
1732,OK,96,150,698,698,332.32,449.96,515.15,448.83,439.18,543.88
1733,OK,74,140,711,711,317.1,440.73,503.86,445.88,417.8,542.23
1734,OK,52,130,721,721,305.52,432.14,493.88,442.51,395.89,535.43
1735,OK,82,142,703,703,356.7,440.02,532.87,448.62,465.49,548.69
1736,OK,120,153,684,684,390.61,442.95,561.34,455.57,504.41,544.45
1737,OK,145,158,677,677,402.06,446.59,574.74,452.68,524.7,547.0
1738,OK,133,143,690,690,373.66,432.0,554.71,440.97,482.8,525.16
1739,OK,115,140,697,697,354.91,434.41,536.26,444.51,456.14,538.8
1740,OK,119,141,692,692,376.2,429.29,551.59,451.97,471.79,529.66
1741,OK,126,139,690,690,384.3,432.01,560.21,452.57,484.35,520.04
1742,OK,133,146,685,685,385.4,438.24,559.9,452.67,490.39,540.55
1743,OK,135,149,684,684,382.41,439.21,558.04,451.89,488.58,543.56
1744,OK,136,153,683,683,381.86,441.26,557.15,455.76,488.01,548.71
1745,OK,137,155,684,684,383.49,440.25,559.2,456.37,490.39,549.99
1746,OK,136,154,686,686,383.09,439.53,559.31,458.66,488.49,548.21
1747,OK,134,152,690,690,382.41,438.94,560.12,458.44,488.65,549.13
1748,OK,134,154,689,689,382.38,437.58,558.25,460.74,487.5,553.0
1749,OK,136,156,685,685,382.6,437.33,557.06,457.72,488.56,551.55
1750,OK,139,156,680,680,381.22,437.8,555.01,446.93,492.49,547.5
1751,OK,142,160,674,674,380.94,438.19,552.84,447.19,494.01,555.4
1752,OK,147,165,664,664,381.43,441.37,550.08,446.31,495.73,553.68
1753,OK,148,168,659,659,378.33,442.97,546.95,446.2,493.06,553.6
1754,OK,144,167,660,660,372.24,441.89,542.55,447.49,485.62,552.73
1755,OK,127,161,676,676,353.96,443.79,532.09,447.92,469.37,557.6
1756,OK,82,151,696,696,299.96,452.07,484.4,459.33,401.54,542.31
1757,OK,61,133,700,700,296.99,432.83,478.7,431.07,396.71,503.8
1758,OK,61,110,711,711,325.76,417.69,511.75,417.84,425.93,479.17
1759,OK,83,105,713,713,364.35,418.59,548.09,429.85,468.23,492.05
1760,OK,132,122,699,699,419.77,427.61,595.19,446.32,539.11,528.63
1761,OK,171,144,684,684,440.04,439.47,611.16,462.75,567.55,551.21
1762,OK,187,150,686,686,437.59,441.61,613.71,464.02,568.66,547.32
1763,OK,194,156,683,683,433.05,442.01,607.25,461.45,564.36,553.11
1764,OK,195,157,681,681,428.44,437.92,602.11,458.56,555.41,547.87
1765,OK,198,157,668,668,425.72,428.23,593.6,446.04,548.24,532.5
1766,OK,178,137,679,679,403.02,411.5,579.3,435.53,518.7,502.24
1767,OK,158,125,688,688,384.97,417.69,563.52,436.54,500.56,497.75
1768,OK,138,120,687,687,359.04,414.55,535.94,420.8,476.02,502.29
1769,OK,103,97,701,701,323.4,406.84,507.56,397.23,439.77,465.71
1770,OK,69,69,712,712,301.16,383.76,487.23,372.41,400.79,430.03
1771,OK,68,61,710,710,327.54,386.49,510.21,384.39,425.51,430.1
1772,OK,77,72,711,711,350.22,406.72,533.19,420.28,445.56,465.37
1773,OK,93,100,702,702,364.75,420.55,542.32,440.32,459.56,521.92
1774,OK,103,120,695,695,364.78,426.28,541.24,442.33,462.71,536.25
1775,OK,108,133,692,692,364.91,433.31,541.99,448.25,464.47,545.12
1776,OK,115,142,690,690,369.11,438.37,546.22,448.56,475.26,549.16
1777,OK,126,152,684,684,375.1,446.49,550.02,446.67,491.04,555.94
1778,OK,138,157,675,675,382.57,444.43,554.34,444.49,499.04,546.63
1779,OK,142,160,673,673,383.66,444.87,556.67,447.6,497.64,553.25
1780,OK,142,159,676,676,379.98,442.67,554.78,444.99,495.14,550.18
1781,OK,143,161,676,676,381.04,445.98,555.18,447.58,499.01,555.66
1782,OK,144,162,673,673,380.63,443.05,553.49,444.82,496.71,552.19
1783,OK,139,160,677,677,375.35,441.86,551.06,444.69,490.71,556.34
1784,OK,136,158,680,680,373.53,440.93,549.46,443.12,488.57,552.79
1785,OK,136,158,681,681,376.37,439.89,551.97,445.75,490.98,556.4
1786,OK,139,160,680,680,378.8,446.02,553.7,449.64,498.24,557.64
1787,OK,137,162,686,686,378.56,457.01,557.1,459.08,496.34,564.91
1788,OK,136,163,688,688,381.09,454.87,558.51,467.4,493.16,560.08
1789,OK,140,162,689,689,386.46,446.18,563.79,458.14,506.22,560.7
1790,OK,149,162,689,689,399.4,446.73,576.3,463.22,521.93,560.76
1791,OK,154,164,682,682,392.26,444.0,565.82,453.87,514.61,559.36
1792,OK,138,162,682,682,363.21,444.42,538.93,448.25,478.32,557.34
1793,OK,102,150,703,703,330.32,443.65,516.98,451.52,435.79,555.84
1794,OK,70,136,725,725,312.82,436.38,504.94,449.01,416.26,549.56
1795,OK,57,131,726,726,315.09,431.87,502.4,441.21,410.94,543.85
1796,OK,60,125,723,723,326.55,426.17,511.8,434.71,429.43,529.39
1797,OK,78,128,707,707,341.27,430.58,519.12,432.55,452.14,522.6
1798,OK,95,132,694,694,350.12,430.27,525.57,432.03,466.17,523.65
1799,OK,114,142,681,681,367.82,433.31,540.23,436.18,482.97,539.63
