k,status,x,y,w,h,rx,ry,lx,ly,nx,ny
0,FAILED,,,,,,,,,,
1,OK,68,77,545,545,269.46,323.47,408.28,302.93,343.09,385.15
2,OK,44,47,590,590,262.44,320.6,412.28,294.56,340.72,376.75
3,OK,46,17,626,626,273.25,311.46,432.33,285.11,366.5,363.34
4,OK,49,10,639,639,278.66,312.01,440.82,283.9,378.07,361.15
5,OK,52,-3,655,655,283.9,310.2,449.1,275.83,391.61,356.61
6,OK,55,-9,666,666,291.54,307.42,460.58,277.55,400.72,356.09
7,OK,55,-13,669,669,292.41,305.14,462.3,276.83,402.45,352.71
8,OK,61,7,642,642,289.02,309.34,452.12,281.69,394.8,360.53
9,OK,58,11,635,635,284.85,309.43,445.99,281.57,385.69,361.02
10,OK,56,52,573,573,266.14,318.59,412.36,298.23,345.55,369.09
11,OK,65,46,577,577,274.58,315.21,421.54,292.33,359.94,364.31
12,OK,67,52,565,565,275.27,312.96,419.99,297.11,351.06,363.23
13,OK,70,54,575,575,280.58,314.44,428.48,307.43,359.97,372.33
14,OK,95,48,575,575,305.97,312.19,454.13,313.4,384.94,358.13
15,OK,75,40,605,605,295.28,315.76,451.24,314.24,380.96,369.12
16,OK,66,26,632,632,297.81,314.93,460.6,314.04,385.06,370.19
17,OK,55,12,664,664,299.4,324.43,470.26,319.71,390.86,367.04
18,OK,55,13,681,681,303.66,334.95,478.97,326.3,399.11,377.19
19,OK,64,26,689,689,314.22,348.4,491.47,338.95,414.51,397.54
20,OK,74,40,704,704,330.6,362.91,511.82,361.2,432.47,423.33
21,OK,69,47,730,730,335.41,375.5,523.38,373.33,439.92,451.4
22,OK,60,67,739,739,331.32,387.59,521.76,387.9,432.11,484.89
23,OK,68,79,722,722,331.33,392.04,517.33,390.86,434.35,489.65
24,OK,73,85,718,718,334.33,393.9,519.34,393.49,438.95,494.76
25,OK,70,86,717,717,330.26,397.13,514.84,396.13,435.28,492.3
26,OK,67,89,718,718,327.27,401.27,512.14,398.01,433.6,498.24
27,OK,66,101,712,712,323.54,409.56,507.02,406.58,430.59,506.88
28,OK,60,107,724,724,323.55,418.26,509.92,417.16,428.85,521.98
29,OK,67,118,716,716,325.56,423.71,509.9,423.01,433.15,528.89
30,OK,66,134,716,716,325.49,434.84,509.79,435.95,431.58,549.33
31,OK,62,146,718,718,324.42,441.2,509.35,446.36,425.41,567.75
32,OK,58,146,723,723,322.97,441.94,509.02,448.63,423.26,570.24
33,OK,59,146,720,720,323.25,440.77,508.6,448.18,423.07,568.74
34,OK,59,147,719,719,322.41,440.7,507.45,446.59,422.84,568.65
35,OK,58,142,725,725,322.18,440.16,508.86,444.39,424.52,567.65
36,OK,59,142,722,722,322.42,439.51,508.44,443.67,425.09,566.25
37,OK,58,143,722,722,321.85,439.64,507.85,443.85,423.91,567.42
38,OK,55,135,726,726,320.25,437.23,507.22,439.55,424.22,558.72
39,OK,53,119,732,732,320.25,427.3,508.79,430.68,423.71,541.63
40,OK,61,115,720,720,322.27,420.18,507.62,422.99,428.39,529.38
41,OK,64,102,716,716,323.87,407.39,508.26,408.92,428.29,512.43
42,OK,61,82,725,725,324.22,394.9,510.96,399.4,429.93,492.14
43,OK,60,71,726,726,324.05,387.35,511.03,390.02,429.71,481.04
44,OK,61,69,724,724,324.42,385.31,510.76,389.03,428.7,476.53
45,OK,56,67,733,733,322.41,385.69,511.24,389.26,427.44,480.25
46,OK,56,78,726,726,321.44,391.52,508.49,396.18,424.56,489.03
47,OK,52,85,725,725,316.36,396.72,502.91,402.46,419.92,494.44
48,OK,53,96,718,718,313.5,406.87,498.54,409.31,418.14,502.13
49,OK,47,100,726,726,311.22,413.04,498.13,413.1,416.22,514.68
50,OK,51,111,721,721,312.7,419.54,498.41,419.4,417.03,524.25
51,OK,52,112,723,723,313.43,420.37,499.67,419.48,419.94,526.23
52,OK,50,110,726,726,314.07,420.07,501.1,420.51,420.03,525.87
53,OK,54,109,724,724,315.43,419.08,501.91,418.34,423.69,523.96
54,OK,55,110,721,721,315.79,419.23,501.57,419.6,422.77,522.28
55,OK,50,100,723,723,313.8,409.81,500.14,412.05,416.98,512.5
56,OK,52,84,727,727,316.2,397.96,503.46,401.21,421.97,495.24
57,OK,54,73,730,730,320.32,389.95,508.37,393.45,425.21,484.63
58,OK,62,69,725,725,326.57,381.27,513.1,391.22,429.41,476.34
59,OK,64,75,721,721,324.72,391.69,510.43,396.16,432.18,476.35
60,OK,61,73,725,725,323.88,389.89,510.64,394.08,430.4,478.55
61,OK,56,74,732,732,321.27,391.59,509.74,397.54,428.84,486.67
62,OK,59,86,722,722,321.14,395.7,506.86,404.64,427.61,495.82
63,OK,53,96,720,720,315.17,405.29,500.64,410.38,419.99,504.47
64,OK,52,101,719,719,312.49,409.58,497.74,410.66,417.26,510.07
65,OK,46,99,726,726,310.43,411.29,497.31,412.81,415.83,512.84
66,OK,45,100,727,727,309.12,412.04,496.5,412.49,414.55,514.86
67,OK,45,97,728,728,309.91,410.4,497.52,411.56,415.51,512.11
68,OK,46,98,725,725,309.62,410.04,496.31,410.43,414.07,511.04
69,OK,51,90,727,727,314.1,402.88,501.35,408.25,420.34,501.76
70,OK,56,83,723,723,319.6,390.88,505.62,400.88,421.55,492.75
71,OK,60,68,725,725,324.94,380.15,511.34,390.07,425.92,476.39
72,OK,63,61,719,719,325.67,373.13,510.73,381.46,427.55,464.52
73,OK,64,59,724,724,329.87,369.44,515.9,381.52,430.33,467.82
74,OK,64,58,727,727,331.47,370.86,518.29,382.75,429.83,465.77
75,OK,72,64,719,719,335.3,370.91,520.15,383.94,435.12,470.44
76,OK,70,69,721,721,335.03,375.8,520.32,389.18,433.5,476.68
77,OK,68,73,721,721,331.8,381.68,517.3,390.55,432.31,480.28
78,OK,70,76,722,722,332.97,386.92,518.64,395.25,436.5,484.35
79,OK,68,80,720,720,330.84,388.52,516.06,398.38,434.43,486.81
80,OK,72,84,718,718,332.77,390.24,517.47,400.5,438.21,491.71
81,OK,71,85,719,719,330.7,392.07,515.67,399.19,437.84,492.77
82,OK,65,88,718,718,326.75,394.82,511.38,406.06,430.28,495.25
83,OK,65,83,721,721,325.88,392.24,511.43,400.42,431.37,489.8
84,OK,61,76,724,724,323.9,388.13,510.29,395.8,429.79,485.64
85,OK,59,72,728,728,324.24,384.72,511.37,394.9,428.94,482.94
86,OK,61,74,723,723,324.53,384.18,510.55,392.52,428.07,482.51
87,OK,67,72,719,719,328.63,380.13,513.61,388.76,431.96,479.15
88,OK,69,69,718,718,330.36,378.99,515.15,387.55,433.93,472.81
89,OK,72,70,720,720,335.07,377.18,520.17,386.47,438.04,478.64
90,OK,73,60,730,730,338.76,375.38,526.54,382.95,445.25,471.05
91,OK,76,74,717,717,335.94,379.52,520.52,387.04,439.88,480.85
92,OK,68,71,719,719,329.76,381.65,514.84,388.19,432.75,475.54
93,OK,67,75,716,716,327.37,383.52,511.63,388.83,431.01,480.26
94,OK,61,75,725,725,323.6,387.71,510.13,393.63,429.61,485.29
95,OK,57,77,726,726,320.36,393.22,507.42,397.43,427.36,485.64
96,OK,58,76,726,726,321.14,391.59,508.16,394.11,427.88,486.92
97,OK,64,74,722,722,325.64,387.08,511.57,389.73,432.59,482.32
98,OK,69,73,722,722,330.62,385.3,516.45,390.48,437.23,480.52
99,OK,75,74,721,721,336.2,385.69,521.76,390.51,441.77,481.13
100,OK,76,74,721,721,337.71,384.24,523.21,389.7,442.75,482.94
101,OK,73,70,729,729,336.49,386.06,524.08,391.43,444.59,481.2
102,OK,79,82,713,713,335.56,387.89,519.08,390.06,444.63,488.4
103,OK,76,87,709,709,330.83,393.74,513.52,396.14,438.29,487.1
104,OK,76,91,708,708,329.96,396.53,512.27,394.98,439.4,494.69
105,OK,68,92,713,713,324.7,402.47,508.36,400.8,433.16,494.97
106,OK,73,94,710,710,328.17,400.84,511.09,399.42,437.03,499.69
107,OK,77,95,705,705,331.47,397.43,513.13,400.16,437.39,495.31
108,OK,82,95,704,704,335.8,395.12,517.08,399.51,442.01,497.0
109,OK,84,88,709,709,338.76,391.53,521.38,394.54,446.82,491.9
110,OK,83,85,713,713,340.23,391.67,523.7,396.28,447.3,488.94
111,OK,88,81,717,717,345.98,388.99,530.58,393.02,455.55,487.95
112,OK,83,74,727,727,345.65,387.02,532.94,391.87,453.69,484.72
113,OK,89,78,717,717,346.81,384.83,531.51,389.46,456.18,485.56
114,OK,85,70,724,724,346.27,383.9,532.79,388.55,455.81,479.04
115,OK,82,64,730,730,344.09,383.1,532.07,387.85,456.01,473.89
116,OK,84,66,728,728,345.01,382.78,532.51,388.33,458.55,476.12
117,OK,91,69,721,721,348.3,377.75,533.91,383.96,462.76,477.58
118,OK,91,68,718,718,348.3,379.22,533.18,384.02,460.52,473.87
119,OK,88,64,721,721,346.23,378.05,531.88,382.82,458.46,469.2
120,OK,83,58,729,729,344.05,378.32,531.74,381.32,456.33,465.43
121,OK,83,60,723,723,342.84,376.84,528.92,380.59,453.27,465.14
122,OK,80,59,725,725,340.96,376.24,527.56,379.31,451.0,465.15
123,OK,80,58,725,725,340.64,375.32,527.27,377.56,451.58,464.42
124,OK,80,59,725,725,340.29,376.58,527.02,377.73,451.19,466.42
125,OK,81,59,723,723,340.64,375.66,526.75,376.89,451.39,464.08
126,OK,78,56,726,726,338.55,375.23,525.65,377.2,450.05,462.21
127,OK,79,58,724,724,339.3,376.46,525.85,377.59,451.22,463.7
128,OK,81,59,723,723,339.2,375.7,525.33,376.93,452.29,465.48
129,OK,91,57,719,719,347.09,368.73,532.13,374.16,460.65,461.38
130,OK,95,47,730,730,359.67,363.79,547.54,369.4,467.04,459.26
131,OK,110,36,741,741,384.21,353.7,573.85,374.33,482.43,449.48
132,OK,132,44,739,739,406.01,355.92,594.5,383.12,501.81,458.05
133,OK,153,57,731,731,424.64,361.42,610.45,392.42,518.51,468.95
134,OK,172,62,719,719,439.91,366.09,622.83,395.46,531.07,461.44
135,OK,190,68,720,720,457.62,366.96,639.6,402.52,552.87,471.35
136,OK,190,73,715,715,458.08,368.12,638.43,405.87,546.58,474.94
137,OK,186,74,717,717,452.82,373.29,634.45,406.52,545.56,474.64
138,OK,182,74,717,717,450.3,374.0,631.39,410.01,540.08,473.43
139,OK,170,67,726,726,442.25,370.05,626.07,404.59,533.0,472.77
140,OK,162,61,735,735,436.47,368.82,623.1,401.22,529.04,472.09
141,OK,160,57,727,727,429.68,363.13,614.75,392.3,525.1,464.06
142,OK,161,50,719,719,428.23,350.65,610.64,383.03,520.81,451.56
143,OK,155,33,713,713,418.91,341.24,601.26,364.03,513.67,425.88
144,OK,152,23,699,699,408.84,337.06,588.3,350.56,504.27,400.22
145,OK,152,16,678,678,400.25,324.06,574.65,335.35,496.21,381.42
146,OK,131,7,669,669,376.18,313.09,548.38,317.99,468.91,368.03
147,OK,119,10,660,660,361.81,310.54,531.53,317.95,452.82,366.05
148,OK,105,19,654,654,342.93,318.31,511.25,324.35,438.4,370.86
149,OK,91,32,651,651,325.13,329.37,492.86,329.65,423.41,385.28
150,OK,60,16,669,669,305.44,326.29,477.86,326.16,398.26,374.2
151,OK,62,17,667,667,305.17,325.85,476.95,328.18,400.54,374.51
152,OK,52,-3,687,687,302.32,320.77,479.34,318.76,400.12,361.97
153,OK,51,-16,700,700,306.37,314.81,486.49,310.1,407.28,355.82
154,OK,49,-24,702,702,304.7,305.82,485.48,302.78,406.68,350.43
155,OK,55,-19,698,698,306.18,301.25,485.9,300.5,412.62,359.32
156,OK,45,-37,700,700,297.6,283.99,477.76,280.7,403.5,344.54
157,OK,51,-47,707,707,304.58,274.56,486.71,268.61,412.48,340.93
158,OK,69,-69,713,713,326.3,256.78,510.05,259.11,433.41,317.79
159,OK,78,-51,716,716,335.47,272.19,519.79,272.97,446.22,341.43
160,OK,118,2,685,685,362.32,304.53,538.78,303.37,470.51,384.27
161,OK,105,0,717,717,360.73,325.07,545.41,320.55,473.14,394.45
162,OK,108,36,717,717,365.08,351.35,549.67,349.04,475.81,438.75
163,OK,95,44,735,735,361.19,364.21,550.44,363.97,468.91,458.71
164,OK,80,47,744,744,350.04,371.79,541.57,370.01,459.72,468.09
165,OK,75,56,742,742,342.37,379.72,533.44,375.8,454.89,476.67
166,OK,55,58,753,753,329.52,384.57,523.52,380.77,437.29,486.32
167,OK,56,55,743,743,327.34,380.08,518.73,377.74,431.3,474.54
168,OK,58,46,738,738,328.19,372.88,518.23,374.32,431.48,457.23
169,OK,67,36,730,730,330.84,365.39,518.97,363.68,439.79,438.45
170,OK,69,27,715,715,326.87,354.0,510.97,354.71,433.1,415.06
171,OK,76,35,688,688,323.3,349.34,500.56,348.11,428.16,409.91
172,OK,73,33,676,676,316.78,344.61,490.81,341.0,419.18,399.91
173,OK,62,24,677,677,308.55,334.58,482.85,334.24,404.57,390.07
174,OK,51,13,686,686,300.79,330.62,477.36,327.57,400.64,382.93
175,OK,44,18,685,685,294.13,336.04,470.59,333.2,389.99,387.01
176,OK,30,23,703,703,285.35,347.54,466.24,341.27,386.4,405.01
177,OK,30,25,711,711,287.63,349.37,470.82,346.14,391.13,413.66
178,OK,23,31,721,721,286.91,350.26,472.62,353.75,387.72,430.51
179,OK,22,32,726,726,286.67,353.95,473.54,356.4,390.61,436.65
180,OK,33,36,710,710,290.75,354.57,473.55,353.24,394.5,428.48
181,OK,36,38,706,706,293.2,353.38,475.15,354.81,395.55,428.41
182,OK,37,44,699,699,290.78,356.71,470.74,355.49,391.3,430.12
183,OK,28,25,715,715,288.09,352.58,472.25,349.07,389.95,413.42
184,OK,34,23,706,706,292.15,350.56,473.84,346.66,391.57,405.05
185,OK,49,28,691,691,299.68,344.59,477.74,341.46,399.95,404.93
186,OK,50,31,682,682,298.82,343.0,474.52,338.22,396.48,404.37
187,OK,64,36,671,671,307.46,345.23,480.18,342.19,405.73,400.21
188,OK,66,35,675,675,309.65,343.32,483.51,339.29,410.32,403.04
189,OK,71,32,681,681,316.08,343.47,491.44,339.83,419.1,403.19
190,OK,69,32,687,687,315.91,344.88,492.75,340.79,420.61,408.49
191,OK,61,26,698,698,312.53,347.96,492.3,343.97,418.5,404.68
192,OK,50,23,712,712,307.92,350.9,491.38,347.5,412.76,409.85
193,OK,51,34,702,702,305.02,356.53,485.78,348.37,409.05,418.09
194,OK,50,37,701,701,302.84,356.76,483.28,347.6,408.83,423.07
195,OK,44,32,713,713,301.34,357.9,484.71,349.41,407.69,423.78
196,OK,47,34,709,709,302.31,359.06,484.64,349.77,408.84,422.1
197,OK,43,27,719,719,302.46,357.4,487.6,349.87,410.15,419.32
198,OK,41,23,720,720,301.64,356.34,486.86,348.09,409.48,415.16
199,OK,40,18,721,721,300.43,351.65,486.03,344.95,407.38,409.62
200,OK,38,16,725,725,300.84,349.1,487.56,345.51,405.92,409.03
201,OK,48,37,705,705,303.16,364.1,484.75,360.57,407.29,416.23
202,OK,50,44,696,696,302.75,366.03,481.93,360.76,405.34,420.75
203,OK,47,35,707,707,303.25,364.87,485.35,360.32,406.79,415.23
204,OK,54,39,706,706,309.1,365.15,491.02,364.42,413.99,419.55
205,OK,60,44,701,701,312.66,364.43,493.24,361.7,418.81,425.67
206,OK,60,41,705,705,313.77,365.0,495.26,360.34,420.73,424.02
207,OK,58,38,708,708,312.53,364.92,494.7,358.82,421.1,423.6
208,OK,59,38,708,708,313.01,361.37,495.36,356.09,423.52,426.88
209,OK,59,39,705,705,311.99,358.51,493.5,354.15,419.81,425.98
210,OK,57,34,711,711,311.8,358.05,494.63,349.93,422.36,425.05
211,OK,60,37,707,707,313.63,358.23,495.44,350.02,423.09,427.11
212,OK,53,28,721,721,312.33,357.23,497.87,350.13,422.23,423.98
213,OK,49,23,733,733,313.27,352.75,502.04,350.53,423.17,427.69
214,OK,48,22,732,732,310.99,355.68,499.45,348.06,422.93,425.12
215,OK,52,28,722,722,312.25,358.24,498.09,353.71,422.3,423.14
216,OK,67,35,695,695,316.48,353.18,495.54,348.97,423.18,412.94
217,OK,80,38,685,685,325.43,349.0,501.81,353.13,431.33,409.88
218,OK,92,40,680,680,336.08,349.75,511.34,352.07,440.93,409.61
219,OK,89,34,699,699,341.6,352.2,521.41,359.4,445.89,411.93
220,OK,92,56,695,695,340.25,365.27,519.24,366.51,448.57,441.2
221,OK,74,60,723,723,334.63,376.63,520.95,375.65,442.96,466.06
222,OK,65,72,729,729,328.6,386.43,516.48,388.13,437.03,485.71
223,OK,63,73,729,729,327.87,386.77,515.68,392.17,434.2,484.85
224,OK,65,75,729,729,329.04,390.2,516.69,394.29,436.55,487.2
225,OK,62,74,732,732,327.56,389.25,516.02,394.28,434.33,489.26
226,OK,56,65,740,740,325.04,385.41,515.53,387.56,432.1,484.72
227,OK,65,73,727,727,326.1,388.21,513.46,387.52,437.31,484.29
228,OK,60,64,729,729,323.56,382.46,511.24,384.88,430.95,473.97
229,OK,63,49,728,728,326.62,370.41,514.11,374.29,434.86,455.3
230,OK,71,50,709,709,328.12,366.2,510.54,376.65,430.98,437.06
231,OK,77,55,685,685,326.81,362.13,502.68,374.92,424.53,426.69
232,OK,66,49,679,679,313.42,357.31,488.22,364.43,409.47,416.28
233,OK,54,40,687,687,304.36,353.5,481.21,357.72,402.93,411.9
234,OK,44,25,686,686,295.65,343.91,472.28,344.26,390.83,393.11
235,OK,43,20,686,686,293.62,336.59,470.31,337.95,390.07,388.75
236,OK,40,19,683,683,291.28,331.85,467.17,333.71,383.64,387.6
237,OK,52,25,658,658,296.63,321.62,465.8,331.29,382.6,382.49
238,OK,51,23,662,662,294.39,324.06,464.79,331.75,384.54,381.14
239,OK,43,24,668,668,288.14,332.0,460.2,334.2,381.81,383.4
240,OK,31,26,691,691,280.71,345.4,458.57,337.78,382.64,402.11
241,OK,34,33,696,696,284.08,352.46,463.3,345.33,390.53,413.19
242,OK,58,55,692,692,301.75,369.87,479.2,353.15,418.37,441.8
243,OK,38,50,750,750,301.71,387.18,494.4,372.93,428.65,470.17
244,OK,39,75,750,750,298.46,415.48,489.33,385.09,435.53,500.18
245,OK,42,90,743,743,298.32,424.14,487.09,392.7,434.39,514.55
246,OK,48,96,736,736,302.33,426.53,489.78,398.66,436.71,516.87
247,OK,50,100,728,728,302.01,427.56,487.59,400.63,434.58,515.35
248,OK,47,92,739,739,303.18,424.14,492.02,400.05,435.23,510.99
249,OK,45,94,735,735,301.1,424.31,488.84,399.68,430.03,511.74
250,OK,42,87,736,736,298.6,420.17,486.57,396.36,427.69,502.42
251,OK,39,79,745,745,299.19,416.3,489.7,394.15,428.93,496.99
252,OK,33,60,756,756,300.38,402.18,494.33,383.65,425.88,484.83
253,OK,39,58,751,751,302.88,399.03,495.23,378.77,430.51,478.55
254,OK,55,51,727,727,311.17,380.24,498.2,370.33,432.69,453.55
255,OK,63,52,702,702,312.91,371.17,493.5,364.36,426.23,438.34
256,OK,68,55,694,694,314.59,369.74,493.33,362.86,427.7,438.67
257,OK,69,58,691,691,314.69,368.78,492.74,364.93,425.86,439.3
258,OK,67,54,693,693,314.57,368.06,492.99,363.52,424.19,434.66
259,OK,67,48,704,704,318.91,367.48,500.13,368.42,428.61,433.06
260,OK,58,47,719,719,316.56,367.42,501.63,365.37,425.6,446.87
261,OK,59,49,720,720,319.14,367.98,504.49,369.36,426.44,451.24
262,OK,57,58,721,721,315.51,377.99,501.17,374.68,426.77,460.4
263,OK,43,63,732,732,309.3,384.15,497.89,387.84,415.72,472.47
264,OK,42,66,732,732,309.11,386.88,497.53,391.57,414.12,476.44
265,OK,43,72,730,730,308.93,389.19,496.89,395.11,413.48,483.73
266,OK,44,72,731,731,309.85,388.17,498.01,394.6,414.19,483.31
267,OK,39,65,736,736,307.13,387.46,496.55,392.04,412.77,476.91
268,OK,39,64,734,734,306.47,387.69,495.52,390.44,412.58,473.61
269,OK,42,51,732,732,309.13,377.36,497.6,380.06,414.14,455.65
270,OK,47,46,728,728,311.68,370.13,499.18,374.92,417.21,447.59
271,OK,49,48,718,718,310.16,370.0,494.98,369.88,414.13,444.87
272,OK,60,54,692,692,310.7,367.94,489.05,366.34,412.78,434.67
273,OK,60,53,686,686,308.91,363.99,485.52,366.17,408.88,428.67
274,OK,58,49,686,686,308.12,362.11,484.78,365.29,406.65,421.75
275,OK,64,58,672,672,308.55,360.71,481.62,362.64,405.04,428.25
276,OK,65,58,672,672,309.39,360.45,482.6,362.72,406.61,427.74
277,OK,62,54,678,678,309.72,360.29,484.24,363.52,406.21,425.45
278,OK,62,53,677,677,309.89,359.93,484.14,364.52,403.8,421.1
279,OK,57,46,687,687,308.85,362.5,485.91,364.63,403.74,415.29
280,OK,56,50,687,687,308.35,363.38,485.29,364.91,402.28,422.98
281,OK,58,57,685,685,308.97,367.66,485.35,367.79,404.04,430.97
282,OK,62,63,685,685,312.78,367.34,489.23,370.85,407.76,441.08
283,OK,49,52,712,712,310.16,366.26,493.65,368.46,409.96,449.87
284,OK,46,50,716,716,308.81,364.6,493.27,366.35,407.48,452.44
285,OK,48,50,716,716,310.54,362.98,494.96,367.76,409.75,452.15
286,OK,48,52,713,713,309.59,363.17,493.05,368.73,407.69,451.32
287,OK,48,53,713,713,308.81,364.6,492.49,368.58,407.85,452.32
288,OK,49,54,711,711,310.27,364.01,493.42,369.72,407.9,452.58
289,OK,48,53,712,712,309.05,364.28,492.34,368.81,408.51,453.24
290,OK,49,52,712,712,310.13,363.34,493.5,367.97,408.66,452.25
291,OK,47,49,718,718,311.63,362.11,496.3,369.2,409.52,451.7
292,OK,44,35,725,725,310.52,354.06,497.29,356.87,409.87,439.78
293,OK,49,27,720,720,312.82,354.67,498.3,354.16,412.83,420.91
294,OK,50,22,729,729,315.01,352.49,502.74,351.64,419.47,420.59
295,OK,60,30,718,718,321.26,351.77,506.2,354.04,424.93,426.27
296,OK,62,30,717,717,322.25,352.1,506.95,355.53,426.4,423.67
297,OK,63,33,718,718,325.66,353.28,510.43,357.49,427.58,428.78
298,OK,66,37,712,712,326.04,352.77,509.37,359.13,427.21,431.04
299,OK,65,36,714,714,325.3,354.95,509.19,361.71,428.38,428.09
300,OK,59,32,722,722,323.12,355.81,508.83,362.73,425.79,428.25
301,OK,57,30,726,726,322.09,355.33,508.85,361.82,425.52,427.46
302,OK,60,32,720,720,323.12,355.0,508.35,361.04,426.1,426.94
303,OK,63,42,712,712,325.76,349.88,508.8,359.46,422.65,443.06
304,OK,58,37,722,722,323.69,351.59,509.45,359.46,422.17,440.57
305,OK,63,37,718,718,325.82,351.48,510.69,358.24,426.27,438.62
306,OK,62,34,721,721,325.7,353.08,511.27,359.77,427.12,432.96
307,OK,62,31,721,721,324.93,352.59,510.64,358.76,428.22,426.92
308,OK,62,28,723,723,324.46,351.57,510.64,359.35,428.93,423.13
309,OK,65,30,714,714,323.9,351.0,507.67,356.99,428.61,420.31
310,OK,69,33,706,706,325.26,348.87,506.95,357.03,428.62,420.56
311,OK,66,35,710,710,324.89,350.97,507.71,357.4,426.81,427.78
312,OK,64,40,716,716,323.92,355.49,508.15,363.37,428.43,437.46
313,OK,70,46,699,699,322.17,357.61,502.12,364.92,425.94,430.31
314,OK,61,38,712,712,318.99,356.06,502.32,363.23,424.52,428.84
315,OK,62,40,710,710,319.01,356.59,501.88,363.03,423.59,430.83
316,OK,59,40,713,713,317.77,359.7,501.26,364.65,421.95,430.14
317,OK,59,40,714,714,318.15,360.56,501.97,365.08,422.53,431.81
318,OK,60,41,712,712,318.48,360.31,501.93,363.9,422.95,433.59
319,OK,59,42,711,711,316.43,361.72,499.61,365.06,420.57,432.52
320,OK,58,40,713,713,316.18,360.31,499.78,363.39,420.55,430.81
321,OK,58,40,715,715,317.13,360.84,501.35,364.76,421.68,432.25
322,OK,58,38,715,715,317.5,360.21,501.56,365.41,422.09,427.88
323,OK,60,36,719,719,320.22,359.69,505.17,366.87,425.97,427.95
324,OK,65,42,710,710,322.38,359.77,505.09,364.32,427.94,433.17
325,OK,63,41,710,710,320.03,359.41,502.82,363.44,425.47,430.62
326,OK,63,40,710,710,319.54,360.1,502.22,365.93,425.36,428.75
327,OK,61,39,713,713,318.81,360.59,502.41,366.34,424.97,428.16
328,OK,63,40,713,713,319.95,360.07,503.44,366.27,427.06,429.62
329,OK,60,35,718,718,320.21,358.89,505.13,365.77,426.49,426.51
330,OK,62,37,717,717,321.05,359.18,505.55,366.6,427.26,427.81
331,OK,60,33,720,720,320.72,357.49,505.98,365.81,427.72,425.13
332,OK,60,37,716,716,319.78,357.97,504.14,366.12,424.62,428.93
333,OK,65,43,710,710,322.2,359.68,504.98,364.65,428.26,434.07
334,OK,60,36,722,722,321.91,358.75,507.75,363.18,428.14,434.7
335,OK,60,40,723,723,322.16,358.69,508.41,364.42,426.93,440.66
336,OK,62,42,718,718,322.07,360.93,507.07,364.86,428.36,440.87
337,OK,66,48,709,709,322.55,361.45,505.21,365.36,427.96,440.84
338,OK,68,48,706,706,322.68,362.51,504.59,365.76,428.52,439.54
339,OK,71,54,709,709,327.7,364.75,510.1,372.27,432.9,449.47
340,OK,65,50,719,719,324.27,368.33,509.48,372.04,432.54,449.48
341,OK,68,62,717,717,328.08,373.17,512.55,381.89,433.14,462.96
342,OK,69,70,713,713,328.29,377.47,511.7,388.0,431.93,470.77
343,OK,64,74,718,718,324.04,386.81,508.91,390.44,430.02,478.76
344,OK,69,81,717,717,327.83,390.9,512.53,397.11,435.0,485.19
345,OK,75,101,702,702,329.7,398.92,510.3,406.01,433.59,501.89
346,OK,76,102,703,703,331.0,399.69,511.82,406.68,433.45,503.66
347,OK,75,108,707,707,332.64,403.63,514.46,411.22,433.79,514.91
348,OK,81,114,697,697,334.61,404.95,514.06,413.4,435.16,516.5
349,OK,74,104,708,708,332.24,402.93,514.56,409.74,434.26,511.35
350,OK,74,100,706,706,332.15,397.65,513.7,407.02,432.69,504.6
351,OK,74,93,708,708,330.81,396.2,513.02,406.24,435.11,492.94
352,OK,62,72,721,721,324.91,385.18,510.68,388.9,428.0,478.89
353,OK,67,60,717,717,328.68,367.88,513.16,377.39,429.28,463.58
354,OK,75,51,709,709,331.57,361.12,514.05,367.36,435.69,445.82
355,OK,68,38,715,715,329.63,350.77,513.54,361.55,429.4,435.64
356,OK,76,41,701,701,329.72,353.18,510.28,359.22,432.32,426.35
357,OK,71,32,702,702,325.89,351.7,506.45,358.74,429.76,411.73
358,OK,78,33,690,690,327.33,346.7,504.94,351.37,431.73,408.46
359,OK,82,36,687,687,330.06,342.95,506.73,352.52,432.51,410.62
360,OK,77,29,693,693,328.52,339.96,506.69,351.68,428.42,405.98
361,OK,76,30,688,688,325.89,340.58,502.9,346.88,427.45,404.75
362,OK,78,33,682,682,325.0,341.11,500.56,345.17,425.5,406.75
363,OK,77,30,691,691,326.39,341.2,504.26,348.52,428.83,405.76
364,OK,82,38,681,681,327.5,342.5,502.86,350.01,429.15,410.29
365,OK,76,32,691,691,326.4,344.36,504.25,351.44,428.51,406.89
366,OK,73,34,695,695,324.2,347.82,503.09,353.17,427.49,413.44
367,OK,72,39,698,698,323.76,352.57,503.57,356.59,428.37,422.12
368,OK,62,34,721,721,325.32,349.1,510.59,361.37,427.05,433.49
369,OK,59,33,726,726,322.47,353.28,509.33,358.79,428.47,436.3
370,OK,60,39,727,727,324.83,356.27,511.66,368.29,429.54,443.3
371,OK,60,41,727,727,325.4,357.83,512.34,369.14,429.08,444.78
372,OK,66,44,719,719,327.54,356.6,512.53,367.34,431.54,445.77
373,OK,72,54,707,707,327.39,365.19,509.3,371.15,432.35,447.21
374,OK,68,46,707,707,322.74,362.74,504.82,366.85,428.3,433.93
375,OK,72,48,692,692,321.75,361.94,500.05,361.89,425.37,427.44
376,OK,74,34,691,691,321.86,347.23,499.78,351.23,429.17,410.1
377,OK,77,35,683,683,322.53,342.95,498.37,346.17,426.41,409.03
378,OK,76,36,672,672,317.54,340.97,490.65,339.63,421.0,404.65
379,OK,77,32,673,673,319.16,336.51,492.39,340.75,421.04,397.69
380,OK,79,34,669,669,320.52,335.83,492.81,341.9,420.2,397.96
381,OK,83,38,664,664,322.32,337.29,493.31,342.7,423.11,400.26
382,OK,83,36,667,667,323.14,337.41,494.8,343.41,424.25,398.66
383,OK,88,42,659,659,324.46,340.53,494.19,344.68,426.23,400.89
384,OK,78,33,668,668,319.09,335.51,491.01,337.61,420.03,398.06
385,OK,71,25,675,675,314.83,332.56,488.75,333.66,415.3,392.89
386,OK,73,33,671,671,314.03,337.56,486.73,334.08,417.4,401.28
387,OK,68,38,674,674,312.26,347.72,485.89,346.59,412.83,404.76
388,OK,66,39,679,679,310.55,346.86,485.4,344.7,413.59,410.51
389,OK,55,29,696,696,306.58,349.42,485.73,346.87,411.51,407.16
390,OK,50,27,702,702,304.16,348.75,484.86,342.26,408.57,412.22
391,OK,52,29,703,703,305.99,349.27,487.01,343.32,410.86,414.72
392,OK,62,29,701,701,313.64,348.6,494.04,344.02,421.26,412.21
393,OK,73,31,694,694,321.16,347.29,499.9,347.84,429.87,410.01
394,OK,86,38,676,676,327.4,344.12,501.57,344.94,434.49,408.56
395,OK,87,37,675,675,328.43,341.63,502.3,341.61,433.79,407.3
396,OK,95,40,664,664,332.69,338.8,503.79,340.95,436.68,404.68
397,OK,95,35,667,667,334.61,336.33,506.28,341.75,435.7,398.83
398,OK,95,35,667,667,335.15,335.64,506.9,343.0,435.58,397.45
399,OK,94,38,663,663,332.46,335.64,503.09,341.92,433.28,400.43
400,OK,96,41,661,661,331.53,337.44,501.7,340.87,435.91,403.06
401,OK,91,40,670,670,330.42,340.91,502.86,343.28,437.06,408.14
402,OK,95,49,667,667,333.02,346.91,504.73,354.77,437.36,414.34
403,OK,86,38,682,682,328.83,348.06,504.56,348.32,439.28,411.04
404,OK,84,42,684,684,327.95,352.66,504.24,351.27,437.68,416.73
405,OK,79,44,690,690,324.53,355.88,502.2,352.08,436.08,424.19
406,OK,74,50,703,703,324.58,365.01,505.6,362.11,435.19,438.73
407,OK,69,38,713,713,323.87,354.79,507.46,352.89,434.98,435.2
408,OK,70,36,711,711,323.21,353.59,506.24,350.74,435.37,429.9
409,OK,81,38,698,698,329.89,352.12,509.61,354.61,440.57,422.32
410,OK,91,44,684,684,333.24,351.69,509.45,346.84,445.06,423.42
411,OK,97,45,677,677,336.84,348.08,511.2,349.2,446.87,417.95
412,OK,103,44,672,672,339.07,346.15,512.2,343.18,452.9,416.28
413,OK,105,44,665,665,339.95,343.06,511.25,345.12,449.85,408.91
414,OK,104,44,665,665,338.4,343.34,509.61,341.58,449.25,410.54
415,OK,96,37,672,672,333.76,342.31,506.72,338.48,445.58,406.1
416,OK,97,42,666,666,334.26,342.64,505.89,341.88,440.97,408.16
417,OK,102,48,657,657,334.41,343.91,503.55,344.91,441.96,407.63
418,OK,98,44,664,664,333.61,342.31,504.76,344.15,441.46,409.8
419,OK,88,39,676,676,327.63,345.98,501.7,345.93,439.31,408.26
420,OK,89,40,679,679,328.33,349.05,503.34,348.56,441.15,409.23
421,OK,86,43,683,683,327.68,352.1,503.6,349.39,439.99,417.77
422,OK,87,45,686,686,329.76,354.22,506.55,353.53,441.98,423.15
423,OK,89,46,684,684,331.24,352.93,507.39,352.07,443.32,423.94
424,OK,94,48,682,682,335.78,354.86,511.49,350.51,447.7,425.78
425,OK,103,50,678,678,342.97,355.06,517.64,357.3,454.34,423.1
426,OK,105,50,672,672,343.25,352.15,516.46,352.93,453.67,420.14
427,OK,101,43,676,676,339.61,349.97,513.61,346.47,451.79,414.86
428,OK,98,36,681,681,337.48,344.86,512.89,340.91,451.7,410.89
429,OK,98,42,667,667,332.79,343.64,504.68,342.02,444.89,408.15
430,OK,93,41,673,673,330.7,345.9,504.13,344.7,442.51,409.69
431,OK,83,36,681,681,323.68,347.09,499.11,344.76,436.1,407.87
432,OK,75,31,693,693,319.52,347.7,497.95,343.52,434.27,409.1
433,OK,71,31,698,698,319.36,348.59,499.07,344.77,431.91,415.09
434,OK,73,41,691,691,319.28,358.3,497.18,355.06,428.58,415.84
435,OK,82,38,689,689,326.49,353.72,503.87,349.02,438.24,414.42
436,OK,86,33,691,691,331.82,346.78,509.73,344.49,441.6,411.06
437,OK,89,24,691,691,335.71,342.67,513.69,337.25,444.73,398.34
438,OK,105,29,683,683,348.69,338.93,524.65,339.3,456.04,402.31
439,OK,113,34,669,669,354.0,336.51,526.21,344.23,455.68,396.8
440,OK,115,19,666,666,352.87,327.71,524.35,329.8,459.0,376.83
441,OK,122,28,654,654,357.23,324.51,525.62,331.05,457.4,384.1
442,OK,108,9,662,662,346.32,317.82,516.95,319.78,446.62,363.01
443,OK,106,10,657,657,342.35,312.66,511.41,317.03,442.77,361.52
444,OK,99,3,662,662,336.18,311.28,506.63,315.62,438.97,356.0
445,OK,85,-9,678,678,329.11,308.54,503.61,313.41,432.88,349.15
446,OK,90,4,662,662,328.27,311.44,498.77,316.44,429.39,357.72
447,OK,94,18,651,651,328.29,316.33,496.0,321.83,427.77,368.09
448,OK,98,25,652,652,331.26,321.62,499.2,328.38,433.99,378.27
449,OK,91,23,658,658,327.27,323.23,496.66,329.22,429.55,379.07
450,OK,96,25,662,662,330.96,328.77,501.44,331.56,438.49,382.97
451,OK,94,35,661,661,330.03,331.95,500.18,335.72,434.74,397.69
452,OK,100,46,660,660,333.07,339.15,502.98,344.08,442.22,411.44
453,OK,94,47,671,671,333.49,341.58,506.02,351.07,439.67,417.94
454,OK,98,69,662,662,332.6,362.28,503.18,366.2,441.85,437.66
455,OK,94,71,683,683,335.58,371.28,511.45,374.92,447.59,451.53
456,OK,89,61,701,701,338.02,366.8,518.42,372.87,451.45,453.64
457,OK,85,59,706,706,337.08,367.24,518.78,372.95,448.84,454.04
458,OK,88,58,704,704,339.66,365.51,520.96,371.35,451.1,451.89
459,OK,88,55,703,703,339.05,363.82,520.18,368.43,449.82,446.69
460,OK,100,59,677,677,341.1,361.5,515.35,368.16,448.95,430.29
461,OK,95,47,682,682,337.19,353.71,512.71,360.38,447.47,420.14
462,OK,99,49,669,669,335.86,348.16,507.98,354.28,445.43,415.96
463,OK,95,46,669,669,332.88,345.18,505.15,349.31,440.92,412.76
464,OK,92,42,668,668,328.9,344.17,501.01,346.45,437.76,408.41
465,OK,88,37,672,672,326.99,341.27,500.06,343.83,434.75,404.41
466,OK,87,37,675,675,327.23,342.21,501.14,347.42,434.76,403.53
467,OK,80,37,683,683,323.81,345.3,499.75,347.69,431.69,411.16
468,OK,73,39,690,690,321.37,353.6,499.04,357.54,427.57,413.83
469,OK,72,52,689,689,318.83,359.29,496.32,359.51,424.82,433.28
470,OK,60,47,710,710,316.32,364.48,499.2,364.13,423.85,439.98
471,OK,56,50,721,721,316.36,365.79,502.12,369.41,423.26,453.2
472,OK,54,57,715,715,313.09,371.42,497.17,374.44,417.62,456.91
473,OK,45,66,726,726,309.37,384.12,496.39,387.6,413.15,473.53
474,OK,43,68,735,735,308.3,388.04,497.55,389.39,417.11,482.14
475,OK,38,76,731,731,304.19,393.6,492.38,395.12,408.25,487.88
476,OK,43,96,722,722,305.15,407.08,491.09,407.02,409.9,508.34
477,OK,54,128,703,703,308.69,424.19,489.83,425.1,410.76,533.55
478,OK,51,135,708,708,308.38,430.47,490.76,433.68,411.5,547.0
479,OK,48,125,719,719,308.17,428.73,493.46,428.25,414.5,540.24
480,OK,52,112,722,722,313.87,419.75,499.84,419.71,421.12,528.06
481,OK,43,75,731,731,309.38,392.09,497.54,392.04,413.54,488.49
482,OK,43,54,730,730,310.02,373.61,498.1,374.79,412.03,464.93
483,OK,48,30,729,729,312.73,356.29,500.6,356.75,418.18,432.06
484,OK,52,23,707,707,309.41,346.81,491.44,343.63,410.15,407.41
485,OK,64,31,681,681,311.91,340.18,487.25,340.76,409.79,403.44
486,OK,57,23,683,683,306.25,336.7,482.24,335.55,402.4,393.8
487,OK,56,12,686,686,307.39,325.98,483.9,331.64,402.7,383.05
488,OK,54,8,682,682,304.78,323.77,480.56,323.92,398.64,374.26
489,OK,52,0,686,686,304.81,319.81,481.56,323.44,397.97,365.54
490,OK,51,-3,690,690,305.68,318.23,483.2,324.74,398.96,362.53
491,OK,52,-3,686,686,304.81,318.1,481.54,322.18,397.99,361.06
492,OK,54,-6,688,688,307.23,316.47,484.43,321.24,400.63,357.49
493,OK,73,15,668,668,317.25,325.4,489.15,329.38,410.96,371.45
494,OK,91,33,656,656,327.91,332.85,496.86,334.51,425.96,388.88
495,OK,85,25,674,674,329.02,333.26,502.58,336.77,428.63,390.07
496,OK,79,31,675,675,324.94,337.58,498.91,340.08,420.99,398.36
497,OK,67,35,687,687,316.22,345.98,493.24,345.32,416.29,411.65
498,OK,48,37,702,702,304.57,356.9,485.36,353.54,404.2,421.63
499,OK,43,48,710,710,303.51,362.53,486.32,361.85,402.67,444.45
500,OK,44,50,717,717,305.44,361.66,490.18,365.19,407.32,453.52
501,OK,45,60,719,719,305.56,373.04,490.63,374.37,411.86,465.76
502,OK,43,64,717,717,303.51,377.32,488.25,379.06,407.17,467.8
503,OK,43,73,717,717,303.15,384.07,487.92,384.22,406.65,479.13
504,OK,41,72,726,726,305.42,387.79,492.28,386.21,409.83,483.25
505,OK,40,72,730,730,304.94,391.49,493.09,390.85,411.45,484.34
506,OK,41,74,732,732,306.15,394.02,494.78,390.81,414.0,487.69
507,OK,46,71,730,730,310.94,390.76,498.83,389.2,417.68,483.9
508,OK,47,66,729,729,311.7,384.7,499.52,383.66,416.76,477.41
509,OK,48,58,730,730,313.56,379.22,501.68,381.33,419.3,467.28
510,OK,49,41,726,726,313.01,364.67,499.96,364.61,417.9,445.13
511,OK,46,37,730,730,311.77,359.44,499.75,357.78,416.71,446.46
512,OK,51,32,722,722,311.22,360.84,497.06,351.72,420.89,430.01
513,OK,59,37,712,712,316.57,358.2,500.0,354.62,423.53,431.12
514,OK,55,34,728,728,318.47,359.17,505.99,360.77,426.74,436.94
515,OK,62,45,719,719,321.59,361.64,506.77,367.4,429.48,444.81
516,OK,59,54,719,719,321.1,367.59,506.03,374.79,424.35,455.83
517,OK,61,64,721,721,322.83,374.87,508.3,385.23,427.31,468.87
518,OK,58,70,725,725,319.85,383.59,506.54,387.72,428.7,478.91
519,OK,62,74,722,722,322.64,384.98,508.61,390.89,430.37,482.41
520,OK,66,73,721,721,326.01,383.15,511.47,389.89,434.2,480.69
521,OK,64,71,724,724,325.69,383.07,512.11,389.94,433.37,480.13
522,OK,62,68,722,722,324.05,381.38,510.03,387.62,430.62,475.2
523,OK,64,66,724,724,326.09,380.22,512.32,387.12,432.88,474.01
524,OK,67,66,723,723,328.39,376.78,514.33,387.18,435.11,472.87
525,OK,66,68,720,720,327.26,378.68,512.38,387.87,432.86,473.83
526,OK,63,68,724,724,325.42,381.1,511.61,389.86,431.58,475.39
527,OK,60,65,727,727,323.2,380.58,510.15,389.6,429.83,472.1
528,OK,60,66,727,727,323.04,380.31,510.19,389.6,429.62,473.44
529,OK,59,64,729,729,323.02,380.54,510.46,389.68,429.89,472.41
530,OK,60,63,726,726,323.38,380.4,510.22,387.98,430.67,469.23
531,OK,62,63,724,724,324.86,378.12,511.08,387.98,431.85,468.31
532,OK,60,62,728,728,319.57,388.93,507.17,387.64,435.34,465.06
533,OK,63,45,727,727,324.63,372.24,511.92,372.55,434.38,444.69
534,OK,64,33,728,728,325.25,357.52,512.81,360.58,437.03,435.08
535,OK,63,29,725,725,324.58,354.18,511.17,357.83,432.9,426.45
536,OK,79,34,699,699,327.85,352.14,507.99,352.89,439.04,414.62
537,OK,73,22,706,706,325.17,348.26,507.02,349.02,436.06,401.4
538,OK,80,30,687,687,326.27,343.22,503.2,344.62,432.74,403.98
539,OK,79,26,688,688,324.91,341.92,502.14,340.71,433.15,400.12
540,OK,77,27,684,684,322.54,339.53,498.85,338.5,428.18,400.93
541,OK,78,25,686,686,324.02,338.39,500.78,339.53,430.49,397.35
542,OK,75,22,691,691,323.56,336.15,501.55,341.61,427.6,396.32
543,OK,79,29,682,682,323.78,339.57,499.48,341.92,429.86,400.31
544,OK,80,34,672,672,321.65,340.04,494.79,338.5,425.44,402.61
545,OK,83,33,675,675,325.4,337.15,499.35,340.68,428.63,402.97
546,OK,79,31,680,680,323.99,338.8,499.23,339.01,428.13,403.33
547,OK,79,34,678,678,323.89,339.19,498.4,340.87,426.46,406.38
548,OK,80,31,681,681,324.28,339.28,499.59,341.21,428.29,403.72
549,OK,76,30,684,684,322.29,340.93,498.54,340.37,426.52,403.96
550,OK,78,31,682,682,323.24,339.3,498.77,341.41,428.85,404.21
551,OK,85,38,676,676,327.27,344.68,501.31,347.41,433.21,407.0
552,OK,91,46,670,670,330.65,349.86,503.15,357.03,436.74,410.47
553,OK,79,41,687,687,325.17,358.79,502.0,362.76,430.64,408.44
554,OK,77,36,694,694,325.48,355.08,504.26,358.28,434.55,409.9
555,OK,77,30,695,695,324.36,349.23,503.36,349.81,434.21,405.43
556,OK,71,20,711,711,325.7,348.09,508.71,350.78,436.09,401.48
557,OK,77,33,702,702,329.43,355.13,510.06,365.65,437.02,408.01
558,OK,79,35,697,697,329.27,355.56,508.39,367.05,436.72,405.12
559,OK,83,44,678,678,326.19,357.08,500.8,359.88,432.48,408.86
560,OK,85,45,679,679,327.16,357.14,501.99,360.55,433.54,409.46
561,OK,80,41,683,683,324.54,356.38,500.47,359.03,430.33,407.26
562,OK,75,39,687,687,322.43,359.46,499.5,360.39,426.34,405.61
563,OK,82,43,679,679,325.33,356.03,500.32,356.69,430.72,408.8
564,OK,79,32,684,684,324.86,351.47,501.07,348.14,429.3,399.91
565,OK,69,32,676,676,313.02,349.55,486.7,337.98,415.8,397.17
566,OK,43,15,695,695,294.74,349.57,473.16,335.28,397.76,381.99
567,OK,42,30,667,667,281.08,349.34,452.14,334.56,383.88,385.29
568,OK,34,37,647,647,273.02,354.91,437.59,328.88,360.65,379.13
569,OK,14,36,653,653,253.76,359.49,419.58,330.75,344.83,379.98
570,OK,9,35,661,661,247.46,366.29,415.06,336.37,347.77,380.35
571,OK,-2,39,679,679,240.54,377.24,412.42,344.94,348.44,396.7
572,OK,-13,46,691,691,233.59,387.68,407.81,351.21,343.53,412.98
573,OK,-16,43,700,700,234.66,388.31,410.78,349.63,347.15,417.86
574,OK,-21,43,706,706,231.33,390.83,408.15,348.45,345.71,423.92
575,OK,-19,46,713,713,232.47,396.58,410.66,352.32,354.1,431.01
576,OK,-21,50,715,715,231.8,399.66,409.96,352.56,352.54,438.38
577,OK,-29,45,732,732,230.09,401.23,413.77,358.79,352.38,442.36
578,OK,-30,40,736,736,231.34,397.4,416.28,355.3,352.89,441.22
579,OK,-22,46,727,727,236.23,398.57,418.96,357.65,354.55,441.25
580,OK,-24,45,739,739,239.73,399.36,425.83,358.98,359.16,450.17
581,OK,-19,55,737,737,240.87,407.11,426.05,365.24,366.15,460.68
582,OK,-18,64,744,744,244.09,414.63,430.09,368.46,371.43,481.73
583,OK,-14,70,736,736,244.88,418.92,428.7,372.61,371.31,481.0
584,OK,-8,76,734,734,250.03,420.46,432.95,372.94,378.25,490.33
585,OK,3,84,731,731,258.88,424.22,442.19,381.58,386.74,495.9
586,OK,5,85,727,727,258.59,423.32,440.35,378.69,387.0,496.84
587,OK,3,88,728,728,258.41,426.95,440.28,381.55,385.84,500.14
588,OK,4,88,726,726,259.56,426.27,440.8,380.24,385.73,499.55
589,OK,6,82,729,729,261.98,422.11,444.57,378.33,386.85,493.48
590,OK,12,80,721,721,264.03,419.94,444.88,377.6,389.89,481.27
591,OK,11,84,722,722,263.72,420.87,444.55,377.09,391.78,491.95
592,OK,18,87,712,712,265.31,419.53,443.95,377.67,394.25,488.76
593,OK,19,86,713,713,266.51,420.04,445.11,376.96,395.24,487.36
594,OK,12,82,722,722,265.89,422.13,446.25,377.04,390.64,488.33
595,OK,17,83,717,717,267.7,420.44,446.95,375.82,393.75,484.04
596,OK,17,81,721,721,267.62,422.42,446.8,373.36,397.11,484.17
597,OK,15,82,721,721,267.34,422.25,447.76,378.36,393.31,484.59
598,OK,14,80,728,728,269.08,422.88,450.89,376.63,397.45,490.05
599,OK,13,85,729,729,267.46,425.0,448.86,376.73,396.7,497.34
600,OK,25,95,713,713,272.4,426.27,450.59,382.02,401.12,499.68
601,OK,21,95,716,716,271.22,429.44,449.99,384.2,398.1,500.52
602,OK,28,103,711,711,275.49,434.05,453.73,392.23,402.51,503.68
603,OK,25,104,715,715,273.83,434.73,452.27,388.85,401.59,511.0
604,OK,25,101,718,718,275.63,434.47,455.01,389.66,402.94,508.64
605,OK,22,99,726,726,275.92,435.29,457.54,390.43,404.14,511.62
606,OK,19,89,741,741,277.67,434.98,462.53,387.06,408.62,507.87
607,OK,21,94,731,731,277.65,435.72,460.09,388.7,404.73,506.81
608,OK,23,95,725,725,277.23,433.11,458.11,386.53,402.48,504.26
609,OK,22,94,728,728,277.23,432.82,459.27,388.05,404.38,505.87
610,OK,15,91,737,737,273.98,432.12,458.6,387.87,401.19,509.69
611,OK,13,93,733,733,271.01,431.49,454.67,387.22,397.02,509.86
612,OK,16,95,725,725,268.8,431.36,450.02,386.11,398.26,506.38
613,OK,18,95,719,719,267.92,429.89,447.31,383.53,397.64,502.49
614,OK,14,95,716,716,266.01,430.81,445.7,388.78,390.12,497.33
615,OK,12,96,716,716,263.91,428.87,443.51,387.1,388.15,501.9
616,OK,7,95,723,723,260.37,430.23,441.66,387.64,385.27,504.26
617,OK,5,96,727,727,260.23,431.24,442.54,388.54,386.4,509.96
618,OK,8,99,723,723,261.19,435.03,442.08,390.69,386.99,509.04
619,OK,19,103,715,715,268.58,434.59,449.55,400.09,393.42,504.63
620,OK,22,108,708,708,269.04,435.34,447.35,397.56,394.18,509.07
621,OK,20,111,712,712,268.82,435.83,448.42,398.77,394.11,517.32
622,OK,18,110,718,718,268.69,437.55,449.2,397.7,396.42,520.38
623,OK,22,112,713,713,271.25,436.78,450.85,398.44,396.39,519.36
624,OK,15,106,724,724,269.23,437.11,451.13,396.04,395.26,519.92
625,OK,26,102,720,720,277.91,437.78,459.5,400.29,403.39,506.36
626,OK,29,104,715,715,278.21,435.72,458.42,397.21,403.79,507.25
627,OK,19,93,730,730,274.43,432.45,457.19,388.59,402.75,507.42
628,OK,17,94,725,725,271.6,430.31,453.7,389.05,397.09,503.28
629,OK,13,81,737,737,270.43,423.45,454.61,377.42,400.76,498.63
630,OK,14,89,727,727,269.08,424.36,450.95,380.17,395.93,502.68
631,OK,11,88,728,728,266.57,424.52,448.7,380.38,393.26,502.65
632,OK,17,95,721,721,268.31,427.61,449.08,384.92,395.82,503.97
633,OK,17,96,718,718,268.66,428.24,449.15,388.3,395.04,503.12
634,OK,22,98,716,716,272.5,431.67,453.74,397.02,397.27,498.99
635,OK,19,94,720,720,271.23,428.52,451.98,386.88,398.16,500.85
636,OK,19,94,719,719,269.95,426.88,450.25,384.85,396.86,501.69
637,OK,15,88,728,728,269.35,423.3,451.78,380.11,397.75,502.47
638,OK,26,99,715,715,274.82,433.24,454.29,391.63,402.29,499.88
639,OK,21,99,724,724,274.61,433.59,456.37,392.45,401.8,510.44
640,OK,23,102,720,720,275.56,431.28,456.95,392.41,400.74,512.45
641,OK,22,102,719,719,274.46,431.89,455.65,393.42,397.59,510.65
642,OK,26,106,714,714,276.44,432.21,456.34,393.79,400.74,513.1
643,OK,22,104,718,718,274.08,432.78,454.53,392.05,398.95,513.73
644,OK,22,103,723,723,274.21,434.03,455.86,393.45,402.75,515.8
645,OK,23,103,715,715,270.53,433.53,449.75,391.32,400.08,509.05
646,OK,18,96,719,719,267.82,430.0,448.26,388.17,396.47,502.13
647,OK,16,88,725,725,267.68,425.17,449.75,383.23,397.46,497.32
648,OK,14,90,723,723,267.14,429.22,449.24,390.38,393.4,492.58
649,OK,12,87,725,725,265.75,422.98,448.25,383.14,392.45,496.23
650,OK,12,80,730,730,267.57,417.87,451.25,377.47,396.47,492.82
651,OK,15,82,726,726,268.09,420.54,450.14,377.95,398.26,491.19
652,OK,15,84,725,725,267.95,422.99,449.7,379.99,396.91,492.41
653,OK,15,85,727,727,269.28,420.29,451.65,378.31,396.68,496.81
654,OK,34,105,704,704,279.58,432.61,457.57,397.76,404.84,500.14
655,OK,26,95,718,718,277.07,429.39,458.16,392.42,403.08,498.32
656,OK,21,90,727,727,274.01,428.35,456.17,384.41,403.52,500.29
657,OK,21,89,726,726,274.84,425.24,456.86,381.88,404.13,500.47
658,OK,19,88,728,728,273.51,425.69,455.86,381.58,402.98,501.55
659,OK,20,90,720,720,271.58,423.66,452.22,381.46,399.02,499.32
660,OK,16,97,720,720,268.21,426.88,449.67,388.73,393.42,507.62
661,OK,11,93,725,725,264.46,427.38,446.91,387.88,391.54,503.04
662,OK,11,86,727,727,264.42,421.99,448.01,384.75,391.9,496.62
663,OK,4,80,733,733,260.27,421.15,444.78,381.72,388.87,491.75
664,OK,1,76,736,736,259.38,419.89,444.75,380.2,387.17,489.62
665,OK,3,76,727,727,258.75,416.68,442.17,379.65,381.77,479.87
666,OK,2,76,732,732,259.71,417.81,444.59,381.1,384.92,486.48
667,OK,6,80,728,728,261.42,416.39,445.56,381.28,387.78,489.53
668,OK,16,86,719,719,267.89,418.86,450.16,385.81,392.53,489.19
669,OK,21,85,718,718,271.39,418.3,452.76,382.32,398.35,487.81
670,OK,18,84,726,726,271.94,420.32,454.4,379.24,399.02,494.58
671,OK,24,85,726,726,277.93,420.0,460.7,380.49,405.63,497.0
672,OK,23,81,734,734,280.71,419.34,465.78,380.91,407.92,497.03
673,OK,23,83,732,732,281.71,420.0,466.68,382.96,405.32,497.43
674,OK,22,84,733,733,280.88,421.22,465.84,383.39,402.99,498.29
675,OK,20,79,736,736,280.16,418.47,465.85,380.08,404.21,495.3
676,OK,24,79,729,729,279.8,416.63,463.32,377.45,405.45,489.15
677,OK,14,70,738,738,274.48,412.96,460.74,374.44,399.98,486.05
678,OK,16,74,727,727,271.8,412.99,454.99,374.72,394.91,480.3
679,OK,10,68,734,734,268.85,411.51,453.96,373.52,394.0,479.11
680,OK,24,88,711,711,273.62,417.13,453.99,385.88,395.71,485.6
681,OK,17,85,723,723,270.27,419.52,452.75,382.24,394.86,492.33
682,OK,17,85,725,725,270.04,421.28,452.22,380.68,397.12,494.24
683,OK,15,80,729,729,269.81,419.1,453.06,378.65,397.86,490.01
684,OK,18,86,724,724,272.79,425.95,454.91,386.4,396.16,490.8
685,OK,22,86,723,723,275.57,423.31,457.17,382.61,400.14,491.69
686,OK,20,82,729,729,274.68,421.22,457.42,378.29,403.41,493.53
687,OK,15,83,732,732,272.22,423.12,455.21,377.63,399.39,498.42
688,OK,24,83,728,728,279.4,421.88,462.39,380.44,405.84,493.95
689,OK,18,82,734,734,277.09,424.19,461.11,380.64,402.47,497.18
690,OK,19,85,730,730,276.59,426.86,459.08,381.86,402.03,497.49
691,OK,24,89,727,727,279.22,426.68,461.94,385.81,404.01,498.65
692,OK,22,89,728,728,280.11,427.1,462.97,385.49,402.4,500.62
693,OK,23,87,736,736,283.06,429.39,467.26,384.99,408.03,503.17
694,OK,26,87,734,734,284.19,429.3,468.11,385.23,409.9,502.47
695,OK,23,84,737,737,282.4,426.48,467.05,383.02,408.6,500.71
696,OK,25,82,733,733,280.19,425.05,463.41,379.57,410.65,494.2
697,OK,26,90,724,724,280.17,426.35,462.09,385.72,405.82,498.07
698,OK,27,96,718,718,277.96,428.41,458.35,387.62,404.82,503.88
699,OK,19,92,727,727,272.12,429.18,454.41,386.04,402.54,503.92
700,OK,19,88,727,727,273.43,425.61,456.14,385.09,401.2,498.42
701,OK,15,85,731,731,272.04,424.44,455.47,381.98,397.91,498.31
702,OK,21,89,722,722,274.93,425.3,455.6,381.29,400.63,498.44
703,OK,22,81,732,732,279.33,420.73,463.15,378.68,405.81,495.68
704,OK,24,79,732,732,282.36,418.91,466.42,378.57,406.6,492.68
705,OK,27,77,737,737,286.22,419.37,471.59,378.37,411.76,492.27
706,OK,37,88,727,727,291.91,428.95,474.96,389.91,416.98,493.98
707,OK,41,91,728,728,297.01,426.01,481.23,390.55,422.63,502.04
708,OK,40,86,735,735,297.83,422.15,484.04,387.31,424.97,501.37
709,OK,40,85,733,733,297.47,422.28,482.59,384.66,423.18,498.95
710,OK,47,87,725,725,300.45,422.6,483.46,385.89,427.03,495.64
711,OK,42,83,734,734,299.13,421.57,484.51,384.01,427.19,498.16
712,OK,41,84,733,733,297.86,421.9,482.75,384.24,425.25,497.11
713,OK,43,85,728,728,298.3,421.3,482.09,384.48,424.44,496.78
714,OK,44,86,720,720,296.16,421.69,477.63,382.88,421.82,491.11
715,OK,31,80,732,732,288.12,421.77,471.68,378.41,414.63,493.61
716,OK,24,82,733,733,281.36,423.48,464.67,377.89,407.59,495.84
717,OK,31,97,711,711,280.68,428.5,459.95,390.89,403.23,495.83
718,OK,26,98,717,717,277.35,428.59,457.71,388.66,402.18,504.01
719,OK,21,99,724,724,272.95,431.93,454.89,391.15,402.12,511.93
720,OK,19,95,723,723,272.38,428.92,453.86,386.6,398.72,505.7
721,OK,27,90,721,721,278.1,424.53,458.72,381.14,406.08,497.74
722,OK,29,88,719,719,281.24,423.7,461.58,381.51,405.24,493.16
723,OK,22,81,734,734,282.19,424.14,466.97,384.72,404.75,492.54
724,OK,36,95,714,714,288.63,427.31,469.01,391.55,409.05,495.47
725,OK,28,82,733,733,286.35,424.18,470.31,381.37,410.49,493.42
726,OK,41,87,723,723,295.1,422.02,477.62,384.76,418.87,493.96
727,OK,42,87,727,727,295.98,424.45,479.03,384.68,423.21,497.1
728,OK,43,86,728,728,298.29,421.72,482.25,385.05,424.45,497.79
729,OK,40,87,734,734,297.31,424.95,482.49,387.22,424.26,502.0
730,OK,35,83,742,742,295.99,426.04,483.19,387.18,423.77,503.23
731,OK,36,83,739,739,295.22,424.9,481.62,386.13,422.26,500.11
732,OK,39,84,732,732,296.76,421.64,481.97,386.04,422.09,497.85
733,OK,49,104,713,713,298.95,430.62,480.26,400.97,420.75,506.15
734,OK,29,92,729,729,287.34,430.48,470.63,389.68,408.1,502.16
735,OK,24,85,729,729,281.48,424.6,464.85,383.69,404.06,495.09
736,OK,14,84,734,734,272.37,423.02,456.65,380.3,397.69,500.4
737,OK,17,84,724,724,270.42,421.32,452.69,381.56,396.93,492.02
738,OK,17,79,725,725,271.48,415.52,454.55,379.17,395.45,484.9
739,OK,18,85,716,716,269.97,419.12,451.85,389.21,392.25,481.86
740,OK,15,76,728,728,270.92,415.76,454.16,376.26,395.47,485.35
741,OK,12,73,732,732,269.16,416.58,452.98,374.78,394.93,483.42
742,OK,13,73,735,735,272.04,413.36,457.38,374.44,396.99,486.3
743,OK,18,79,725,725,273.29,417.55,456.0,378.38,396.78,485.86
744,OK,17,86,728,728,273.32,423.9,455.76,380.73,398.41,498.81
745,OK,31,98,710,710,280.94,430.3,460.26,394.96,403.12,495.01
746,OK,27,92,721,721,279.02,428.56,460.04,387.43,404.61,497.07
747,OK,28,95,716,716,281.51,426.12,462.15,389.2,402.01,499.03
748,OK,31,99,717,717,284.57,427.56,466.0,392.86,403.97,504.16
749,OK,28,95,722,722,284.8,430.23,466.76,391.9,404.07,501.06
750,OK,24,90,735,735,284.18,430.98,468.94,389.36,406.06,505.34
751,OK,28,92,736,736,288.23,431.53,473.38,390.29,412.47,509.64
752,OK,30,91,734,734,289.47,427.85,474.71,390.25,412.5,507.73
753,OK,28,87,737,737,288.3,425.95,474.02,386.12,411.96,504.13
754,OK,26,87,735,735,285.5,427.94,470.23,386.11,409.13,501.99
755,OK,26,85,733,733,286.02,424.71,470.76,385.51,407.58,498.38
756,OK,24,84,733,733,283.57,423.42,468.16,383.21,404.94,496.77
757,OK,20,77,741,741,283.03,420.29,469.61,380.63,405.39,494.35
758,OK,35,81,725,725,291.58,413.24,476.63,387.8,411.45,487.09
759,OK,29,79,721,721,284.81,412.14,469.18,390.56,401.51,476.71
760,OK,29,72,719,719,285.48,408.36,469.09,384.62,400.49,466.83
761,OK,24,52,733,733,287.16,395.38,475.26,378.09,400.21,450.45
762,OK,28,46,727,727,288.75,387.66,475.58,375.89,400.32,437.93
763,OK,32,51,699,699,289.14,379.55,468.99,373.95,383.59,423.81
764,OK,27,54,691,691,284.76,371.79,462.67,366.19,371.59,430.85
765,OK,27,59,680,680,283.84,366.05,459.03,366.66,363.3,432.26
766,OK,20,51,686,686,279.77,361.11,456.4,364.78,358.02,425.57
767,OK,5,48,701,701,271.33,359.92,451.63,368.0,349.15,432.87
768,OK,-5,45,706,706,265.1,359.8,446.86,367.57,340.85,432.43
769,OK,-11,45,696,696,259.01,359.93,438.01,369.04,327.31,423.43
770,OK,-12,46,690,690,254.53,360.38,432.02,367.96,323.15,419.67
771,OK,-4,40,691,691,258.75,359.86,436.63,365.84,334.76,407.5
772,OK,-6,45,684,684,255.08,361.09,431.16,367.53,329.22,411.33
773,OK,-22,58,675,675,240.84,365.68,414.52,372.8,303.97,422.6
774,OK,-45,53,699,699,228.72,370.9,408.41,381.57,290.57,428.95
775,OK,-68,48,737,737,217.54,384.88,407.27,385.43,289.44,448.08
776,OK,-59,56,726,726,222.45,383.9,409.38,386.65,293.02,453.87
777,OK,-66,44,748,748,222.79,388.78,415.47,390.97,297.91,447.93
778,OK,-64,52,742,742,224.26,388.76,415.24,392.97,294.98,455.32
779,OK,-66,54,747,747,224.45,390.17,416.72,396.29,294.27,460.91
780,OK,-69,47,755,755,224.32,388.62,418.72,395.23,295.78,456.09
781,OK,-71,44,758,758,223.64,388.57,418.74,395.75,295.08,455.35
782,OK,-62,47,741,741,228.6,376.15,419.2,387.94,293.94,452.42
783,OK,-57,49,734,734,229.2,373.96,418.06,384.99,296.74,452.86
784,OK,-58,51,731,731,226.08,373.34,414.15,382.84,294.53,454.18
785,OK,-61,47,736,736,226.43,373.48,415.73,384.41,294.36,451.62
786,OK,-56,56,727,727,227.38,374.52,414.31,385.07,293.54,458.91
787,OK,-63,50,738,738,225.67,375.05,415.33,385.85,293.12,457.73
788,OK,-60,52,737,737,226.64,376.68,416.28,387.0,294.58,458.38
789,OK,-60,48,736,736,227.75,373.03,416.76,386.37,293.81,453.99
790,OK,-60,46,740,740,227.89,374.28,418.11,385.31,297.93,452.96
791,OK,-64,43,745,745,226.96,372.38,418.4,385.26,294.7,451.31
792,OK,-64,44,742,742,226.99,373.51,417.59,386.22,293.23,451.79
793,OK,-58,48,738,738,229.93,374.4,419.62,386.65,297.76,454.54
794,OK,-58,49,734,734,228.78,372.29,417.33,386.42,295.2,452.84
795,OK,-58,48,732,732,228.63,369.44,416.48,385.63,293.81,451.95
796,OK,-59,47,734,734,228.89,369.77,417.34,386.07,293.69,451.45
797,OK,-51,55,720,720,230.64,371.23,415.65,385.2,295.64,453.7
798,OK,-52,55,722,722,230.54,371.09,415.94,385.61,295.48,453.92
799,OK,-53,52,724,724,230.7,370.95,416.67,384.83,295.47,451.95
800,OK,-52,56,723,723,231.24,371.59,416.93,386.29,294.46,455.63
801,OK,-50,56,717,717,231.35,371.08,415.64,382.7,293.4,453.05
802,OK,-52,53,723,723,231.19,370.49,416.88,384.59,295.17,451.68
803,OK,-63,46,744,744,225.2,382.92,416.8,388.26,297.94,451.5
804,OK,-62,49,741,741,224.27,387.63,415.17,392.44,297.11,449.62
805,OK,-69,46,753,753,222.15,389.39,416.1,393.42,295.13,454.48
806,OK,-62,53,741,741,225.11,387.48,415.95,393.07,297.18,456.19
807,OK,-60,57,736,736,225.83,386.49,415.27,393.89,296.43,461.07
808,OK,-61,45,750,750,230.5,378.85,423.48,389.72,302.45,456.59
809,OK,-38,51,721,721,239.13,377.54,424.8,384.87,312.56,442.63
810,OK,-24,46,709,709,248.24,370.66,430.89,370.45,322.26,430.4
811,OK,-10,40,706,706,259.45,366.16,441.26,363.07,336.79,421.58
812,OK,12,36,699,699,276.25,364.06,456.24,359.41,357.63,409.53
813,OK,21,36,693,693,282.82,360.07,461.36,356.11,363.05,405.94
814,OK,32,43,685,685,289.91,360.48,466.37,360.37,371.21,411.56
815,OK,31,43,688,688,289.25,364.85,466.32,361.94,373.39,412.33
816,OK,40,59,678,678,298.12,367.19,472.71,362.79,372.85,431.23
817,OK,46,70,680,680,304.62,371.88,479.68,375.75,380.29,447.36
818,OK,32,66,697,697,295.6,378.47,475.13,379.79,376.07,450.13
819,OK,33,87,669,669,288.47,382.87,460.85,379.17,359.99,461.64
820,OK,20,80,692,692,284.22,384.88,462.57,383.88,359.17,468.02
821,OK,24,83,688,688,284.69,391.41,461.88,384.53,364.02,466.19
822,OK,27,89,685,685,287.25,391.37,463.68,386.26,363.26,473.71
823,OK,25,92,682,682,283.55,395.63,459.24,391.56,360.77,474.11
824,OK,22,98,689,689,281.65,399.29,458.86,392.31,363.01,489.4
825,OK,23,100,688,688,282.76,399.21,459.94,392.74,363.36,492.96
826,OK,13,93,696,696,277.23,397.99,456.49,394.2,357.03,487.18
827,OK,14,85,697,697,278.38,395.56,457.88,390.85,356.42,473.23
828,OK,23,81,686,686,283.47,388.4,460.08,381.95,360.6,462.92
829,OK,30,79,674,674,286.57,382.24,460.0,373.65,361.25,454.62
830,OK,22,54,702,702,289.22,378.03,469.85,371.32,368.1,436.69
831,OK,27,49,705,705,292.52,374.78,473.86,365.73,375.46,433.22
832,OK,37,43,704,704,299.78,366.73,480.94,361.11,389.15,427.13
833,OK,26,16,732,732,300.24,360.9,488.67,358.88,390.5,405.59
834,OK,37,31,719,719,303.8,365.37,489.02,360.36,397.27,418.9
835,OK,39,37,708,708,303.56,366.66,485.84,363.71,392.49,418.73
836,OK,32,35,718,718,300.21,368.24,485.11,365.08,389.41,423.32
837,OK,30,49,722,722,299.35,374.12,485.43,375.06,390.88,446.03
838,OK,28,54,726,726,297.33,380.88,484.21,377.93,391.97,456.22
839,OK,27,63,723,723,296.29,384.8,482.53,381.29,387.36,466.42
840,OK,21,64,734,734,294.67,389.78,483.74,384.66,388.45,474.84
841,OK,16,61,738,738,291.58,390.02,481.58,385.35,383.71,473.91
842,OK,20,68,730,730,292.07,392.56,480.08,386.55,384.54,477.97
843,OK,18,69,733,733,289.28,398.18,477.9,389.6,385.21,476.47
844,OK,17,63,737,737,290.32,392.17,479.98,384.3,385.45,475.26
845,OK,24,53,731,731,295.81,378.98,483.99,378.17,388.2,458.79
846,OK,22,35,739,739,297.49,368.59,487.92,367.11,390.6,441.52
847,OK,24,26,734,734,299.33,358.61,488.32,351.99,388.84,431.89
848,OK,24,21,736,736,301.3,356.77,490.64,350.22,389.55,425.93
849,OK,29,15,728,728,303.47,351.83,490.97,350.31,389.88,407.5
850,OK,37,13,720,720,309.38,343.54,494.81,341.56,393.02,405.3
851,OK,46,22,693,693,307.4,343.47,485.77,335.11,388.88,397.35
852,OK,46,18,682,682,306.55,338.1,482.3,334.3,381.32,382.42
853,OK,46,22,675,675,303.64,334.35,477.54,336.43,376.26,383.19
854,OK,34,14,693,693,295.36,338.18,473.87,339.23,375.49,382.52
855,OK,29,34,691,691,291.42,349.17,469.29,354.66,369.44,406.42
856,OK,15,43,698,698,280.85,359.85,460.65,362.74,357.36,422.76
857,OK,-9,38,719,719,267.96,362.35,453.1,365.73,340.7,430.65
858,OK,-14,47,721,721,262.26,364.16,447.74,370.78,337.4,447.64
859,OK,-25,63,717,717,250.76,378.56,435.52,380.9,323.69,464.08
860,OK,-31,68,721,721,245.26,385.14,431.02,382.84,321.55,472.86
861,OK,-34,65,727,727,242.76,385.61,429.85,381.26,323.68,473.29
862,OK,-35,66,726,726,242.9,384.86,429.83,380.44,321.07,475.47
863,OK,-31,60,723,723,246.26,379.9,432.59,378.33,322.37,463.79
864,OK,-26,44,731,731,253.33,371.29,441.47,373.77,331.12,445.78
865,OK,-23,43,726,726,255.33,368.08,442.3,368.51,332.66,444.29
866,OK,-22,41,725,725,254.93,369.31,441.69,367.49,332.52,438.02
867,OK,-12,40,721,721,263.58,371.13,449.4,370.77,341.13,430.04
868,OK,-12,39,725,725,264.59,371.64,451.42,373.34,343.37,430.25
869,OK,-10,41,727,727,266.62,371.15,453.91,372.34,346.89,436.58
870,OK,-4,41,720,720,269.83,371.4,455.19,373.35,351.28,429.89
871,OK,-1,41,719,719,269.88,370.84,455.19,372.57,353.73,429.46
872,OK,-4,44,717,717,267.64,372.19,452.35,371.94,349.21,432.23
873,OK,-13,40,734,734,265.53,373.18,454.56,373.1,348.76,441.62
874,OK,-8,35,729,729,269.52,366.8,457.31,368.51,350.47,430.7
875,OK,-8,45,726,726,268.03,373.28,455.05,374.05,349.79,443.94
876,OK,-10,45,736,736,268.35,379.29,458.02,378.07,352.84,449.19
877,OK,-10,47,734,734,268.38,379.6,457.38,380.66,351.98,447.96
878,OK,-16,50,740,740,265.74,383.45,456.28,385.4,347.79,455.82
879,OK,-6,70,718,718,266.52,391.06,451.36,387.99,348.0,469.93
880,OK,-8,65,724,724,267.76,390.29,454.12,391.44,347.99,463.51
881,OK,-10,58,734,734,269.06,390.16,457.96,393.53,350.99,459.01
882,OK,-5,62,729,729,271.48,388.05,459.08,392.05,353.49,463.08
883,OK,-6,63,729,729,270.94,389.48,458.77,391.87,352.66,463.53
884,OK,-10,64,731,731,267.23,391.96,455.55,390.87,350.31,466.63
885,OK,-6,66,725,725,268.38,392.55,455.0,391.5,351.85,464.97
886,OK,-4,67,721,721,270.17,389.04,455.84,391.13,350.3,464.63
887,OK,-7,65,728,728,268.32,393.14,455.89,391.01,353.57,467.46
888,OK,-4,66,731,731,270.46,394.19,458.64,390.92,357.58,470.25
889,OK,-6,64,732,732,270.13,393.06,458.61,390.24,356.41,469.36
890,OK,-7,65,732,732,268.76,394.54,457.24,390.27,356.32,469.72
891,OK,-7,67,726,726,268.06,388.45,455.09,386.54,351.05,472.74
892,OK,-7,62,730,730,269.85,382.58,457.92,382.9,352.91,472.92
893,OK,-3,61,727,727,271.7,380.65,458.87,380.44,355.89,469.35
894,OK,4,64,717,717,272.94,377.62,457.51,377.3,360.48,468.46
895,OK,1,61,719,719,271.52,374.42,456.72,375.3,356.67,465.27
896,OK,2,56,717,717,271.98,370.52,456.53,371.66,355.85,457.41
897,OK,5,59,710,710,273.37,373.05,456.18,374.12,357.17,455.29
898,OK,13,58,700,700,273.2,377.83,453.48,371.4,363.93,441.45
899,OK,12,54,700,700,273.44,374.8,453.62,371.49,361.97,435.87
900,OK,13,50,695,695,274.77,361.0,453.79,359.86,356.3,433.68
901,OK,7,37,700,700,271.48,352.43,451.72,353.06,352.9,421.99
902,OK,9,30,692,692,272.87,342.55,450.99,347.24,348.62,408.23
903,OK,1,18,707,707,269.42,339.93,451.5,343.8,348.15,401.23
904,OK,2,21,704,704,270.62,340.92,451.92,344.65,348.09,404.25
905,OK,3,23,696,696,270.0,340.52,449.25,344.13,342.96,401.3
906,OK,6,24,694,694,271.78,338.14,450.43,339.19,345.91,404.33
907,OK,5,20,693,693,269.19,338.62,447.72,335.18,345.21,396.45
908,OK,9,25,683,683,269.51,335.79,445.41,333.23,343.93,398.05
909,OK,2,24,694,694,267.2,341.11,445.91,337.6,342.97,403.99
910,OK,13,24,682,682,274.02,337.8,449.61,339.97,346.29,391.85
911,OK,19,22,682,682,278.79,334.39,454.28,339.12,354.51,390.25
912,OK,22,23,679,679,279.51,333.56,454.45,337.92,355.34,389.59
913,OK,22,24,675,675,276.78,334.63,450.76,335.21,354.31,388.76
914,OK,17,18,686,686,276.73,334.54,453.3,334.03,356.31,388.47
915,OK,11,15,694,694,273.65,338.31,452.32,339.99,354.02,386.29
916,OK,14,26,680,680,271.07,343.65,446.14,342.17,350.31,390.43
917,OK,22,29,669,669,275.04,340.96,447.34,344.44,352.27,383.89
918,OK,23,23,670,670,275.93,337.68,448.33,342.81,354.6,377.07
919,OK,19,16,677,677,275.23,335.35,449.53,340.61,353.31,370.35
920,OK,19,14,677,677,275.13,334.53,449.5,339.53,352.13,368.62
921,OK,22,28,666,666,273.69,341.26,445.29,343.27,352.3,381.26
922,OK,12,23,689,689,268.15,349.65,445.36,340.27,355.63,389.57
923,OK,14,22,692,692,272.16,350.24,450.43,345.6,360.64,388.99
924,OK,13,38,703,703,274.74,366.32,455.8,362.52,363.91,415.51
925,OK,13,55,733,733,282.82,392.42,471.44,382.74,381.56,456.08
926,OK,29,97,709,709,289.39,406.66,471.85,400.36,386.37,498.71
927,OK,31,124,703,703,287.75,430.39,468.46,419.61,386.62,525.65
928,OK,33,122,707,707,289.52,432.2,471.3,420.34,392.74,525.07
929,OK,28,128,719,719,287.69,439.41,472.51,428.54,395.02,540.71
930,OK,31,135,714,714,288.9,442.29,472.57,431.18,395.61,548.38
931,OK,39,146,707,707,290.62,451.78,472.33,440.34,402.62,553.74
932,OK,36,150,710,710,290.98,454.2,473.63,446.02,399.85,560.57
933,OK,36,151,709,709,291.82,452.51,474.4,446.46,398.4,561.31
934,OK,34,152,704,704,289.57,451.68,470.86,447.01,392.0,559.76
935,OK,15,130,732,732,283.27,445.51,471.51,435.74,386.22,551.66
936,OK,27,133,699,699,285.13,433.01,465.09,427.23,377.09,533.89
937,OK,24,125,706,706,285.19,432.49,466.8,422.31,379.56,529.4
938,OK,29,118,707,707,288.85,424.43,470.88,417.18,384.87,522.63
939,OK,30,114,709,709,291.24,422.27,473.83,414.78,387.41,518.72
940,OK,30,113,712,712,292.29,424.19,475.31,413.74,389.88,519.09
941,OK,31,113,712,712,292.6,425.75,475.73,414.08,391.31,519.55
942,OK,31,116,714,714,294.33,425.43,478.03,416.78,390.03,525.76
943,OK,29,108,716,716,292.66,421.47,476.73,409.63,390.45,516.47
944,OK,28,107,712,712,290.77,417.76,473.81,408.39,387.16,513.09
945,OK,30,116,710,710,291.8,424.43,474.58,415.67,388.05,523.04
946,OK,31,119,713,713,292.91,427.6,476.28,417.68,389.91,528.66
947,OK,31,124,707,707,291.47,429.07,473.54,421.5,387.16,530.32
948,OK,32,123,709,709,290.96,431.35,473.42,421.99,391.2,528.81
949,OK,33,121,708,708,291.07,431.55,473.33,422.32,392.79,524.72
950,OK,33,121,706,706,291.11,430.73,472.83,422.64,391.95,522.87
951,OK,34,121,706,706,292.17,430.39,473.8,422.59,392.26,522.27
952,OK,33,122,705,705,290.82,430.56,472.25,421.19,389.23,522.62
953,OK,33,124,703,703,290.46,430.15,471.34,420.32,387.44,525.36
954,OK,32,117,708,708,291.26,428.33,473.19,416.29,390.35,521.34
955,OK,35,112,712,712,295.8,424.62,479.15,416.71,395.99,517.07
956,OK,35,109,711,711,295.91,422.49,479.0,414.85,394.38,511.26
957,OK,36,107,711,711,295.92,420.85,478.79,412.89,395.85,509.08
958,OK,37,115,704,704,296.88,420.44,478.0,414.41,392.36,517.52
959,OK,38,113,704,704,295.96,419.73,477.27,413.42,393.97,514.13
960,OK,37,116,703,703,295.99,419.96,477.12,415.57,391.43,516.4
961,OK,37,117,702,702,295.33,421.59,476.15,416.58,390.74,518.18
962,OK,31,111,714,714,293.02,421.53,476.86,414.99,391.37,517.95
963,OK,28,116,710,710,290.79,424.58,473.62,417.65,384.93,521.55
964,OK,37,120,703,703,295.71,425.37,476.66,419.57,391.3,520.45
965,OK,36,123,701,701,294.38,426.18,474.98,420.76,387.42,523.19
966,OK,33,121,702,702,292.49,426.61,473.26,420.41,386.61,522.48
967,OK,30,117,706,706,289.44,425.1,470.94,415.68,386.16,520.89
968,OK,28,114,704,704,287.94,421.67,469.11,413.99,383.29,514.49
969,OK,30,107,706,706,289.6,416.96,471.22,409.55,386.77,507.79
970,OK,27,115,700,700,286.17,419.97,466.26,411.81,379.68,514.3
971,OK,27,117,698,698,285.04,421.22,464.74,412.5,377.59,515.75
972,OK,25,110,706,706,286.57,419.67,468.29,413.33,380.18,510.15
973,OK,27,111,702,702,285.97,420.62,466.63,413.0,380.37,508.8
974,OK,30,114,697,697,285.89,423.65,465.16,413.64,382.46,506.65
975,OK,30,119,697,697,286.0,424.35,465.37,415.36,382.2,514.7
976,OK,30,116,701,701,287.35,422.46,467.71,415.72,382.89,514.59
977,OK,24,108,711,711,286.15,419.61,469.07,412.31,381.76,511.85
978,OK,28,108,707,707,288.36,419.29,470.16,410.73,384.15,507.06
979,OK,29,110,702,702,288.73,416.77,469.46,410.15,382.01,509.25
980,OK,24,102,711,711,285.67,416.41,468.71,407.4,381.21,503.26
981,OK,26,110,704,704,285.75,418.93,467.01,410.93,381.41,509.34
982,OK,28,113,701,701,285.59,420.07,466.04,412.84,380.25,509.92
983,OK,31,114,697,697,287.04,420.77,466.34,412.21,382.44,508.54
984,OK,29,113,696,696,285.95,421.82,465.03,411.97,379.52,506.17
985,OK,33,117,693,693,286.62,423.66,464.82,412.97,382.66,508.5
986,OK,27,113,701,701,284.1,423.7,464.27,411.89,380.84,509.28
987,OK,29,114,698,698,286.68,421.69,466.16,413.23,380.67,510.22
988,OK,32,111,699,699,288.41,419.58,468.33,410.4,384.6,505.77
989,OK,27,114,702,702,286.21,420.98,466.98,413.58,380.37,514.6
990,OK,28,112,700,700,286.66,418.18,466.83,411.09,380.97,510.02
991,OK,26,110,702,702,283.75,420.22,464.32,409.01,381.61,507.92
992,OK,24,108,704,704,282.0,420.66,462.89,408.38,381.1,505.73
993,OK,26,109,700,700,282.53,419.31,462.65,409.29,380.16,504.89
994,OK,26,111,699,699,281.76,421.81,461.53,410.68,379.57,505.65
995,OK,23,109,703,703,280.33,422.99,460.99,409.77,378.0,504.5
996,OK,24,109,702,702,281.53,422.2,461.93,409.77,379.37,504.85
997,OK,24,105,702,702,281.37,420.62,461.59,407.22,378.86,499.58
998,OK,23,104,702,702,280.41,420.34,460.49,404.57,379.17,499.43
999,OK,23,106,702,702,280.45,419.52,460.71,405.05,378.82,502.83
1000,OK,26,113,695,695,280.7,423.62,459.18,409.39,377.27,503.75
1001,OK,25,112,701,701,281.77,421.78,461.88,408.07,379.72,509.33
1002,OK,25,114,701,701,282.63,422.9,462.83,410.81,378.97,512.53
1003,OK,26,110,703,703,282.95,421.99,463.59,409.26,381.02,506.49
1004,OK,27,108,700,700,283.11,420.61,462.9,407.27,382.31,502.37
1005,OK,24,107,701,701,279.9,422.25,459.9,406.77,378.9,501.39
1006,OK,23,109,699,699,278.45,422.06,457.91,406.55,376.63,503.22
1007,OK,22,110,701,701,278.3,422.06,458.43,409.1,376.33,505.92
1008,OK,23,111,698,698,279.34,422.47,458.76,410.53,376.33,504.9
1009,OK,25,118,693,693,279.75,422.85,458.07,412.71,374.03,511.99
1010,OK,23,117,696,696,279.26,423.95,458.14,412.51,373.83,512.21
1011,OK,15,115,704,704,275.12,426.24,455.88,412.7,369.37,515.16
1012,OK,14,112,706,706,274.51,425.27,455.78,411.64,369.13,512.99
1013,OK,19,113,699,699,276.7,422.82,456.31,410.56,371.15,508.66
1014,OK,19,111,700,700,276.99,422.58,456.9,410.45,371.72,505.81
1015,OK,19,105,703,703,276.87,421.33,457.21,405.77,373.45,498.97
1016,OK,29,110,691,691,282.07,422.7,459.45,408.21,377.55,495.05
1017,OK,28,108,691,691,281.94,421.26,459.21,406.28,376.39,494.04
1018,OK,24,102,700,700,282.1,414.55,462.2,404.09,375.85,494.73
1019,OK,24,99,702,702,283.11,414.2,463.67,402.64,378.37,492.48
1020,OK,27,102,700,700,284.55,414.77,464.58,404.25,380.52,496.41
1021,OK,25,102,702,702,282.99,416.35,463.55,404.55,378.96,495.61
1022,OK,26,105,700,700,283.41,418.49,463.4,406.81,380.18,498.6
1023,OK,28,108,699,699,283.75,420.81,463.16,407.16,381.93,500.73
1024,OK,27,114,696,696,283.97,421.36,462.86,410.67,378.24,509.36
1025,OK,28,119,695,695,283.32,424.06,461.92,412.96,377.51,514.53
1026,OK,24,113,701,701,281.55,423.04,461.74,410.29,377.95,510.37
1027,OK,24,115,696,696,279.98,421.88,458.92,410.28,375.3,510.77
1028,OK,17,103,706,706,276.31,422.67,457.44,405.24,374.76,499.74
1029,OK,16,105,701,701,274.7,419.61,454.75,407.42,368.28,498.46
1030,OK,7,95,712,712,270.98,414.57,453.95,404.14,364.3,492.68
1031,OK,14,101,701,701,272.6,417.79,452.78,404.86,366.67,491.98
1032,OK,9,95,711,711,271.56,415.54,454.15,402.98,366.18,492.04
1033,OK,16,100,701,701,274.51,415.0,454.89,404.86,367.67,491.76
1034,OK,22,106,692,692,276.8,419.88,454.76,407.86,370.49,491.3
1035,OK,21,103,701,701,277.31,421.02,457.15,405.64,374.81,493.81
1036,OK,14,95,710,710,276.1,417.89,458.54,405.26,371.9,490.13
1037,OK,20,100,704,704,279.63,414.95,460.76,405.62,375.1,494.72
1038,OK,23,103,702,702,280.19,416.21,460.59,403.03,377.64,498.73
1039,OK,21,99,708,708,281.46,413.94,463.53,402.43,377.72,498.37
1040,OK,24,98,708,708,286.31,409.12,468.5,404.15,379.47,497.56
1041,OK,21,92,714,714,286.09,407.12,469.94,402.58,379.74,494.47
1042,OK,23,98,707,707,285.14,407.69,467.19,402.74,376.5,497.13
1043,OK,21,102,704,704,282.38,411.43,463.59,404.47,374.41,501.96
1044,OK,22,100,706,706,281.36,414.48,462.92,404.17,378.36,497.78
1045,OK,23,104,704,704,282.07,415.28,463.02,405.45,378.9,503.27
1046,OK,23,106,703,703,281.36,415.57,462.07,406.04,377.0,503.48
1047,OK,23,105,705,705,281.89,416.8,463.14,406.79,378.52,502.82
1048,OK,26,102,703,703,283.88,414.69,464.62,404.77,380.37,497.78
1049,OK,24,99,707,707,284.17,412.34,466.09,403.25,379.23,497.91
1050,OK,24,103,702,702,285.03,409.89,465.81,403.95,376.49,502.52
1051,OK,24,102,705,705,284.85,409.62,466.3,403.98,377.21,502.07
1052,OK,23,97,709,709,284.39,409.92,466.89,401.74,380.3,497.29
1053,OK,27,108,694,694,281.32,421.91,459.42,406.48,379.1,496.65
1054,OK,25,110,693,693,279.08,421.65,456.89,406.12,375.23,499.96
1055,OK,20,109,702,702,277.7,422.28,457.96,409.22,374.76,505.51
1056,OK,23,112,699,699,278.65,423.05,458.16,409.1,376.19,507.79
1057,OK,21,114,698,698,277.5,424.83,456.58,408.84,374.47,509.71
1058,OK,21,112,701,701,278.23,423.73,458.11,408.12,375.79,508.4
1059,OK,24,105,702,702,281.4,417.97,462.03,407.73,378.83,500.18
1060,OK,24,100,704,704,284.14,411.86,465.41,405.69,377.89,496.64
1061,OK,27,93,708,708,287.97,407.55,470.31,402.59,384.14,489.78
1062,OK,33,94,698,698,290.38,410.1,469.98,402.94,384.56,481.34
1063,OK,30,97,698,698,288.27,413.85,467.93,404.4,381.17,484.55
1064,OK,29,101,695,695,286.52,414.69,465.26,406.32,376.86,486.69
1065,OK,25,100,702,702,285.37,415.67,465.83,404.73,378.33,493.49
1066,OK,24,98,709,709,285.77,414.39,468.09,403.14,380.38,497.02
1067,OK,25,96,710,710,286.87,412.63,469.42,402.31,382.76,494.69
1068,OK,27,101,707,707,286.15,415.59,467.79,404.21,383.48,498.37
1069,OK,26,101,706,706,285.32,416.14,466.82,405.1,382.24,497.72
1070,OK,25,102,702,702,283.94,415.43,464.52,405.28,378.08,496.37
1071,OK,25,101,702,702,284.68,414.44,465.22,406.05,378.79,495.44
1072,OK,25,101,703,703,283.71,414.56,464.42,405.23,379.15,495.81
1073,OK,25,103,702,702,283.32,416.87,463.93,406.04,379.9,498.42
1074,OK,27,110,698,698,283.45,417.79,462.96,407.88,379.68,506.13
1075,OK,24,110,700,700,281.11,419.6,460.9,407.39,377.28,506.7
1076,OK,21,106,703,703,278.86,419.6,459.35,405.0,376.22,502.09
1077,OK,25,107,697,697,281.25,418.34,460.45,406.65,376.77,498.73
1078,OK,24,100,705,705,283.16,415.88,464.5,405.0,378.67,493.88
1079,OK,23,99,704,704,282.41,414.97,463.2,402.02,378.99,494.57
1080,OK,25,97,705,705,285.02,411.31,466.24,401.11,379.71,493.2
1081,OK,24,95,709,709,284.51,412.36,466.58,399.81,381.09,493.49
1082,OK,24,94,712,712,286.02,412.1,469.16,401.65,382.59,493.39
1083,OK,28,100,709,709,288.37,413.4,470.76,402.82,385.38,499.97
1084,OK,30,105,707,707,289.89,414.13,471.85,404.55,385.3,507.4
1085,OK,29,109,705,705,288.65,418.96,469.9,407.31,384.44,510.79
1086,OK,27,105,708,708,287.22,418.37,469.06,405.14,384.69,507.31
1087,OK,27,104,707,707,286.63,417.0,468.41,406.29,384.25,503.86
1088,OK,26,112,698,698,282.74,421.04,462.05,407.5,379.4,509.01
1089,OK,23,111,700,700,279.34,424.0,458.75,406.89,377.93,508.0
1090,OK,21,108,702,702,278.03,423.08,457.9,405.59,376.58,503.86
1091,OK,22,106,702,702,279.2,419.97,459.36,403.11,378.37,502.85
1092,OK,25,106,702,702,281.9,419.73,462.26,406.41,380.22,502.46
1093,OK,24,102,704,704,282.82,416.69,463.59,403.73,379.94,498.84
1094,OK,23,94,712,712,284.47,412.67,467.46,399.76,382.12,494.62
1095,OK,25,98,710,710,286.24,412.82,468.76,403.24,382.59,498.09
1096,OK,27,109,705,705,287.31,418.05,468.47,406.11,381.67,510.34
1097,OK,26,111,705,705,286.51,421.3,467.5,407.72,380.97,512.23
1098,OK,30,111,704,704,289.28,420.23,470.21,409.07,384.86,511.5
1099,OK,30,109,706,706,289.83,419.29,471.26,408.72,386.26,510.45
1100,OK,28,107,707,707,288.24,417.92,469.88,406.69,383.51,509.07
1101,OK,23,100,712,712,286.68,415.01,469.77,404.99,381.73,503.33
1102,OK,24,95,714,714,287.75,411.47,471.62,403.68,382.71,497.88
1103,OK,27,98,706,706,286.98,413.48,468.52,402.8,383.96,495.24
1104,OK,28,107,698,698,283.77,417.48,463.26,405.96,382.1,501.85
1105,OK,24,105,702,702,281.52,420.2,461.91,406.41,379.75,499.68
1106,OK,25,109,694,694,279.99,423.76,458.05,406.94,376.76,496.8
1107,OK,24,107,696,696,278.53,423.04,456.86,405.15,376.33,497.07
1108,OK,26,105,701,701,282.3,418.8,462.44,405.74,380.04,497.79
1109,OK,23,97,706,706,281.56,414.82,462.81,399.45,381.16,494.73
1110,OK,18,81,720,720,284.25,404.91,469.33,394.49,381.17,484.25
1111,OK,18,69,728,728,285.54,397.99,472.85,388.78,385.21,473.04
1112,OK,17,56,731,731,285.43,387.91,473.39,379.03,385.54,459.27
1113,OK,19,50,733,733,287.97,385.86,476.61,377.36,388.15,450.72
1114,OK,28,61,713,713,292.51,389.01,475.99,380.93,385.03,450.02
1115,OK,22,64,723,723,287.97,394.44,473.65,379.11,386.59,464.95
1116,OK,19,65,726,726,286.7,395.23,473.18,379.92,385.94,469.13
1117,OK,24,67,724,724,290.78,394.8,477.0,385.45,388.43,468.52
1118,OK,18,63,738,738,289.27,397.1,479.02,386.21,390.43,473.96
1119,OK,31,78,715,715,294.37,401.81,478.34,392.49,390.52,473.76
1120,OK,23,70,731,731,292.45,398.09,480.61,388.8,389.64,478.33
1121,OK,21,65,735,735,291.63,395.88,480.74,385.38,390.96,474.78
1122,OK,26,64,734,734,295.3,393.63,484.21,387.07,396.5,471.93
1123,OK,24,63,736,736,294.11,394.87,483.49,385.54,395.5,472.54
1124,OK,19,67,734,734,290.5,396.14,479.54,388.89,387.52,476.15
1125,OK,17,73,731,731,287.9,397.52,475.91,388.94,383.7,483.84
1126,OK,20,79,724,724,286.17,403.54,472.52,393.78,385.76,483.94
1127,OK,24,86,707,707,283.68,408.96,465.31,397.62,379.72,475.19
1128,OK,15,80,718,718,280.34,405.36,464.91,393.1,376.16,480.56
1129,OK,17,79,717,717,281.01,402.95,465.5,392.54,377.02,477.53
1130,OK,16,77,721,721,282.3,401.38,467.65,391.66,378.89,477.68
1131,OK,19,77,715,715,281.5,404.49,465.09,388.87,379.47,471.56
1132,OK,15,68,722,722,279.75,404.4,464.88,386.65,380.99,464.39
1133,OK,16,63,731,731,283.2,394.89,470.98,381.98,386.02,467.84
1134,OK,8,52,741,741,280.42,389.57,471.14,380.09,381.15,460.09
1135,OK,13,52,727,727,280.27,387.41,467.14,375.93,380.2,449.45
1136,OK,18,50,720,720,281.97,386.14,466.94,373.86,382.82,441.42
1137,OK,14,47,721,721,278.01,384.41,463.13,370.9,378.56,438.18
1138,OK,11,45,723,723,276.31,383.85,462.03,369.33,376.5,437.09
1139,OK,14,50,728,728,279.99,385.8,467.06,371.7,382.79,449.34
1140,OK,12,56,729,729,280.5,387.01,467.87,376.63,379.77,458.81
1141,OK,14,64,724,724,280.04,390.56,466.27,378.97,380.29,467.65
1142,OK,12,60,729,729,280.46,391.64,467.73,379.26,379.79,463.42
1143,OK,18,69,719,719,282.71,390.92,467.49,380.04,380.11,470.54
1144,OK,16,66,723,723,281.87,392.05,467.76,379.76,380.79,469.71
1145,OK,17,72,718,718,282.09,401.56,466.67,388.48,378.53,468.18
1146,OK,12,72,729,729,280.59,400.98,468.06,389.11,378.92,477.85
1147,OK,17,79,723,723,282.68,400.58,468.7,393.73,380.32,484.62
1148,OK,18,87,716,716,283.04,401.13,467.43,395.14,377.24,492.38
1149,OK,10,78,731,731,279.89,402.11,468.0,392.24,377.54,489.6
1150,OK,16,77,724,724,282.12,401.28,468.34,391.07,382.41,482.81
1151,OK,17,78,722,722,281.81,401.99,467.49,390.39,382.23,483.03
1152,OK,16,80,720,720,280.67,405.33,465.53,392.1,380.28,482.49
1153,OK,14,79,722,722,280.34,405.73,465.89,393.05,378.66,480.7
1154,OK,18,82,716,716,281.59,406.3,465.58,393.0,379.53,481.76
1155,OK,27,84,711,711,288.38,406.74,471.13,395.93,384.91,478.38
1156,OK,28,86,709,709,288.59,407.48,470.95,395.8,385.21,479.72
1157,OK,19,81,717,717,282.27,407.37,466.17,391.16,380.5,479.09
1158,OK,18,82,718,718,283.57,405.97,467.99,393.73,380.07,482.93
1159,OK,16,80,723,723,282.34,402.87,468.34,393.63,379.27,485.47
1160,OK,13,79,724,724,280.26,404.35,466.5,393.68,377.83,484.56
1161,OK,13,78,724,724,279.98,403.4,466.11,392.77,377.67,483.17
1162,OK,11,75,727,727,278.46,400.61,465.45,390.81,376.65,480.65
1163,OK,12,76,725,725,278.98,402.44,465.34,391.64,376.85,480.29
1164,OK,13,76,727,727,280.12,403.59,467.0,391.52,379.11,480.7
1165,OK,15,71,731,731,282.92,400.86,470.87,391.01,383.29,477.95
1166,OK,14,76,727,727,281.23,403.92,467.95,391.1,380.16,482.49
1167,OK,13,73,728,728,281.62,401.6,468.74,388.85,380.78,480.23
1168,OK,11,66,736,736,282.22,399.11,471.32,387.11,382.98,476.47
1169,OK,18,74,725,725,284.03,400.73,470.49,390.07,384.05,477.9
1170,OK,14,76,727,727,281.26,403.2,468.21,391.28,381.04,480.8
1171,OK,16,82,723,723,281.37,406.73,467.25,394.98,380.02,485.94
1172,OK,20,85,717,717,283.65,406.96,467.91,396.61,381.26,484.6
1173,OK,23,83,719,719,286.03,406.31,471.04,395.57,385.7,483.5
1174,OK,18,77,726,726,284.05,404.53,470.61,392.45,384.74,482.98
1175,OK,13,71,731,731,282.45,400.39,470.54,389.7,381.03,477.16
1176,OK,12,69,733,733,281.4,400.37,469.89,388.23,380.66,476.41
1177,OK,16,75,725,725,282.13,402.32,468.57,390.82,381.86,477.88
1178,OK,17,83,719,719,282.74,405.03,467.82,395.72,378.61,485.16
1179,OK,15,88,716,716,279.3,409.95,463.47,399.48,376.41,488.98
1180,OK,13,85,718,718,278.2,407.85,462.97,398.24,374.81,486.75
1181,OK,18,90,713,713,281.12,408.33,464.58,399.95,376.82,489.26
1182,OK,21,90,710,710,282.16,408.05,464.85,399.89,378.72,487.17
1183,OK,24,86,706,706,283.74,409.4,465.23,396.8,380.6,476.89
1184,OK,27,88,705,705,285.91,409.02,467.11,396.16,382.69,477.81
1185,OK,25,87,708,708,284.8,410.22,466.54,394.04,383.68,481.27
1186,OK,27,88,711,711,287.36,408.53,470.04,396.15,385.64,483.95
1187,OK,27,89,709,709,288.6,407.69,470.93,398.67,383.83,484.1
1188,OK,23,84,717,717,287.42,405.34,471.9,396.28,383.48,483.76
1189,OK,22,83,719,719,286.1,404.67,471.15,396.17,384.38,484.27
1190,OK,14,66,724,724,283.07,401.04,469.07,388.56,376.5,461.9
1191,OK,15,64,718,718,283.45,396.97,468.02,386.16,373.69,455.11
1192,OK,15,50,724,724,283.55,388.44,469.73,378.86,378.34,441.54
1193,OK,15,45,728,728,282.15,388.75,469.24,376.77,382.49,436.95
1194,OK,10,49,720,720,277.98,379.57,463.11,368.26,370.47,445.59
1195,OK,10,41,722,722,278.7,373.31,464.41,363.77,370.52,436.32
1196,OK,14,39,708,708,280.63,365.59,462.97,358.54,365.28,424.85
1197,OK,22,17,724,724,294.61,364.01,481.0,355.81,381.82,399.64
1198,OK,40,8,740,740,316.53,360.99,507.08,356.21,408.41,398.08
1199,OK,55,20,729,729,335.93,357.85,523.32,371.49,410.08,404.5
1200,OK,48,21,735,735,330.56,363.47,519.55,374.11,405.25,407.83
1201,OK,25,18,745,745,308.04,367.89,499.8,368.13,391.13,412.92
1202,OK,11,32,733,733,291.5,366.65,480.27,368.84,369.25,429.74
1203,OK,1,43,713,713,274.01,368.07,457.55,370.67,349.64,428.82
1204,OK,-11,39,709,709,258.91,373.97,441.43,366.95,336.42,416.29
1205,OK,-32,31,733,733,247.43,375.76,435.88,365.24,326.51,423.81
1206,OK,-35,37,732,732,241.04,381.24,428.93,365.06,327.76,433.65
1207,OK,-38,39,735,735,238.94,386.7,427.78,373.88,326.03,432.08
1208,OK,-44,54,739,739,234.28,395.07,423.49,374.27,321.65,461.44
1209,OK,-49,48,751,751,234.64,397.51,426.85,376.18,322.85,459.29
1210,OK,-50,51,748,748,233.75,397.18,425.42,377.73,319.55,462.74
1211,OK,-48,47,745,745,232.74,396.41,423.37,374.03,321.21,454.43
1212,OK,-45,45,743,743,236.64,390.33,427.28,374.29,321.33,451.48
1213,OK,-48,45,742,742,234.99,387.24,425.79,375.79,317.05,452.09
1214,OK,-47,49,736,736,233.63,390.31,422.56,375.86,315.03,451.32
1215,OK,-46,56,729,729,231.61,392.81,418.83,377.36,312.01,456.1
1216,OK,-46,62,730,730,232.23,398.16,419.42,380.28,314.12,466.54
1217,OK,-40,68,728,728,235.9,398.55,422.83,383.77,320.41,473.42
1218,OK,-40,65,735,735,237.66,400.63,426.44,386.42,323.02,472.12
1219,OK,-39,68,734,734,239.41,402.01,427.91,388.54,323.63,475.41
1220,OK,-36,70,731,731,240.42,402.62,428.26,388.72,325.28,474.54
1221,OK,-32,79,718,718,239.88,404.23,424.27,389.07,323.56,480.45
1222,OK,-32,76,726,726,241.9,404.88,428.42,390.82,327.29,481.59
1223,OK,-31,76,726,726,242.46,405.31,428.98,390.7,329.24,481.52
1224,OK,-30,78,729,729,244.03,406.03,431.12,391.25,331.11,485.72
1225,OK,-27,81,725,725,245.49,405.11,431.77,392.58,332.49,488.05
1226,OK,-24,84,725,725,249.13,406.33,435.68,399.74,334.34,489.05
1227,OK,-20,88,720,720,252.07,409.61,437.54,405.34,336.5,489.26
1228,OK,-20,84,724,724,252.77,410.37,439.12,404.88,338.16,484.57
1229,OK,-17,87,724,724,254.71,413.76,441.09,406.36,343.69,488.74
1230,OK,-14,93,720,720,254.71,414.89,439.83,405.81,345.49,496.15
1231,OK,-13,95,718,718,253.75,417.78,438.12,404.11,347.1,497.6
1232,OK,-13,104,714,714,251.51,422.76,434.64,405.4,346.18,509.21
1233,OK,-14,106,715,715,250.17,425.45,433.34,405.24,346.05,512.12
1234,OK,-8,113,709,709,254.14,427.18,436.06,411.9,347.25,515.02
1235,OK,-10,112,715,715,253.55,428.08,436.94,412.08,349.28,518.7
1236,OK,-12,105,715,715,252.26,425.19,435.5,407.11,346.52,508.34
1237,OK,-13,98,716,716,253.5,418.89,437.59,406.83,345.52,500.67
1238,OK,-15,81,724,724,254.28,409.92,440.36,398.87,347.8,482.08
1239,OK,-18,76,731,731,253.47,406.98,441.62,397.75,347.71,480.87
1240,OK,-20,75,732,732,252.04,408.14,440.15,396.63,346.49,480.82
1241,OK,-17,80,727,727,252.58,409.61,439.56,397.63,346.42,483.12
1242,OK,-18,79,726,726,251.96,408.37,438.6,396.38,345.04,483.21
1243,OK,-16,88,721,721,251.15,416.3,436.14,400.26,344.84,489.32
1244,OK,-9,102,713,713,255.14,420.74,438.3,406.58,348.42,503.59
1245,OK,-8,108,711,711,255.08,427.34,437.17,408.6,349.05,508.05
1246,OK,-7,109,716,716,257.19,429.08,440.85,411.22,353.95,514.07
1247,OK,-7,115,714,714,257.9,431.93,441.09,415.68,352.28,521.57
1248,OK,-7,115,716,716,258.08,432.37,442.05,418.48,352.55,522.05
1249,OK,-10,111,718,718,257.38,429.4,441.93,415.65,350.03,518.14
1250,OK,2,112,708,708,264.1,426.11,446.02,412.08,358.0,513.94
1251,OK,1,102,711,711,262.94,421.4,445.46,406.58,357.84,500.73
1252,OK,-6,96,713,713,260.53,415.6,443.83,405.51,349.1,494.56
1253,OK,-11,84,720,720,259.75,410.25,444.74,398.72,346.48,485.05
1254,OK,-3,86,715,715,263.32,406.11,447.45,399.05,353.48,484.45
1255,OK,-5,84,716,716,262.46,405.75,446.59,397.37,353.14,482.76
1256,OK,-8,78,724,724,261.16,406.15,447.08,392.21,355.67,481.31
1257,OK,-7,78,723,723,260.66,402.81,446.56,390.9,355.61,482.04
1258,OK,-10,75,721,721,258.88,402.51,444.12,389.88,350.27,474.5
1259,OK,-12,74,725,725,257.44,404.59,443.61,391.13,350.13,474.76
1260,OK,-12,77,721,721,257.2,406.72,442.68,395.27,347.79,474.8
1261,OK,-8,79,723,723,260.72,407.08,446.52,394.83,354.22,481.0
1262,OK,-5,79,722,722,263.59,401.96,449.14,388.56,355.72,485.56
1263,OK,-4,84,719,719,261.7,404.29,446.1,387.7,357.21,490.19
1264,OK,-2,92,714,714,261.92,409.09,444.89,391.34,357.08,498.58
1265,OK,-6,92,718,718,260.04,411.48,443.81,391.44,355.72,501.12
1266,OK,-5,94,718,718,261.55,410.25,445.93,394.68,355.8,505.22
1267,OK,-3,95,714,714,261.0,411.81,444.0,393.38,356.23,502.73
1268,OK,-9,85,723,723,260.26,405.57,445.58,388.4,352.43,495.64
1269,OK,-7,77,718,718,263.01,398.04,447.71,387.71,350.39,479.2
1270,OK,-11,71,731,731,261.99,394.36,449.9,383.86,353.83,483.91
1271,OK,-14,68,732,732,260.15,393.53,448.05,379.54,351.73,482.58
1272,OK,-13,68,730,730,260.3,392.66,448.13,381.9,350.23,480.25
1273,OK,-13,67,729,729,260.28,391.53,447.75,380.65,349.47,477.24
1274,OK,-11,68,725,725,260.62,390.15,447.11,380.36,348.85,475.86
1275,OK,-11,71,722,722,260.34,391.96,446.18,382.3,347.89,477.95
1276,OK,-9,74,724,724,261.08,399.5,446.9,385.28,353.1,481.17
1277,OK,-5,77,721,721,264.0,396.42,449.36,384.78,353.84,484.97
1278,OK,-6,77,720,720,264.09,395.31,449.37,385.19,351.9,484.4
1279,OK,-9,73,733,733,264.32,398.9,452.51,383.97,355.76,487.05
1280,OK,-4,78,718,718,264.14,405.01,448.56,391.56,354.41,477.14
1281,OK,6,90,702,702,267.48,409.26,447.97,398.24,356.47,479.12
1282,OK,0,88,711,711,264.73,411.71,447.24,397.8,355.36,482.51
1283,OK,-1,87,712,712,264.76,411.04,447.63,398.34,354.67,482.76
1284,OK,-2,81,719,719,265.57,408.04,450.2,392.61,357.89,479.88
1285,OK,2,76,716,716,268.77,403.12,452.86,391.72,360.24,472.56
1286,OK,3,68,719,719,269.53,400.08,454.46,389.67,363.46,460.05
1287,OK,-6,65,730,730,264.81,400.8,452.37,386.74,360.91,468.17
1288,OK,-4,67,726,726,264.79,400.58,451.04,384.44,360.85,468.39
1289,OK,-7,61,732,732,263.95,398.98,451.81,382.6,361.46,463.33
1290,OK,-9,53,738,738,264.85,396.36,454.58,383.26,360.68,454.92
1291,OK,-13,46,740,740,264.72,391.23,455.0,379.74,356.07,446.55
1292,OK,-12,45,739,739,263.85,390.45,453.93,379.46,356.22,444.06
1293,OK,-4,51,721,721,265.35,384.69,450.83,374.45,355.32,442.5
1294,OK,-2,50,717,717,265.87,383.73,450.32,373.67,355.43,438.2
1295,OK,-5,50,723,723,264.2,388.56,450.1,377.32,356.02,440.99
1296,OK,-15,51,740,740,262.61,394.43,452.79,383.78,354.04,453.64
1297,OK,-11,54,730,730,262.28,390.81,450.11,382.95,352.35,452.51
1298,OK,-11,56,731,731,261.51,392.02,449.72,384.42,352.88,454.73
1299,OK,-15,55,732,732,259.14,393.25,447.55,384.84,349.01,453.65
1300,OK,-13,57,729,729,260.54,391.95,448.28,384.85,348.51,453.72
1301,OK,-14,52,735,735,260.09,392.16,449.17,382.45,351.7,450.89
1302,OK,-15,50,736,736,260.17,391.85,449.46,381.21,352.94,450.95
1303,OK,-12,51,732,732,261.87,389.85,450.22,380.89,352.16,448.98
1304,OK,-9,50,730,730,263.62,388.67,451.44,380.23,354.76,446.54
1305,OK,-10,46,731,731,262.45,388.54,450.27,376.42,354.03,440.24
1306,OK,-10,44,735,735,264.04,388.52,453.0,378.32,355.79,438.91
1307,OK,-11,44,736,736,263.74,389.61,453.04,379.94,356.07,441.14
1308,OK,-9,45,733,733,264.19,389.13,452.68,378.52,355.68,439.9
1309,OK,-9,47,726,726,262.66,388.05,449.18,374.97,353.42,439.52
1310,OK,-8,47,725,725,263.26,383.39,449.77,374.85,352.02,439.39
1311,OK,-7,43,721,721,263.33,381.23,449.0,373.86,350.73,429.37
1312,OK,-11,44,724,724,260.14,385.18,446.36,375.79,350.13,432.51
1313,OK,-14,53,727,727,257.59,392.24,444.33,377.28,348.47,448.73
1314,OK,-16,54,729,729,257.89,389.41,445.39,381.0,345.97,451.93
1315,OK,-17,53,733,733,256.9,391.99,445.34,382.37,347.53,452.04
1316,OK,-16,54,733,733,256.9,393.99,445.33,381.88,349.42,453.07
1317,OK,-17,54,737,737,257.97,393.29,447.44,383.19,349.55,457.73
1318,OK,-10,51,727,727,261.36,389.39,448.3,380.31,352.1,444.01
1319,OK,-6,45,723,723,262.82,388.03,448.8,376.91,355.9,431.16
1320,OK,-11,50,722,722,259.06,387.9,444.33,372.96,350.15,442.18
1321,OK,-8,52,721,721,260.8,386.97,446.13,375.09,352.23,443.11
1322,OK,-7,52,720,720,261.75,386.65,446.78,375.4,352.12,443.73
1323,OK,-11,50,727,727,261.48,387.43,448.52,377.05,350.76,444.22
1324,OK,-5,51,724,724,265.25,387.21,451.6,380.11,356.43,443.71
1325,OK,-10,48,734,734,263.75,390.41,452.58,381.62,356.25,445.98
1326,OK,-15,47,737,737,261.42,387.6,450.94,378.98,351.42,447.94
1327,OK,-13,44,738,738,263.39,382.64,453.31,375.03,354.9,448.05
1328,OK,-11,43,737,737,264.38,376.89,454.06,373.0,354.9,447.85
1329,OK,-13,41,739,739,264.03,377.61,454.24,372.78,354.55,445.05
1330,OK,-11,44,732,732,264.7,374.22,453.17,371.46,352.61,447.43
1331,OK,-11,43,734,734,264.87,374.15,454.01,372.14,352.57,447.04
1332,OK,-10,47,729,729,264.46,376.03,452.22,374.05,351.63,448.54
1333,OK,-18,39,738,738,259.91,374.69,449.88,371.22,347.88,443.85
1334,OK,-19,42,737,737,257.73,376.21,447.59,372.62,345.7,447.21
1335,OK,-19,48,737,737,258.94,378.51,448.75,377.08,345.64,454.37
1336,OK,-14,55,727,727,260.44,379.71,447.69,378.14,345.73,457.99
1337,OK,-14,55,728,728,261.58,382.29,449.04,379.6,346.67,459.01
1338,OK,-14,52,731,731,261.84,380.96,450.07,380.26,346.22,455.35
1339,OK,-14,49,733,733,261.94,379.86,450.78,377.28,348.05,452.17
1340,OK,-14,51,729,729,260.5,379.34,448.36,376.88,346.22,453.39
1341,OK,-16,49,731,731,260.09,377.87,448.31,375.53,345.31,453.11
1342,OK,-19,47,734,734,258.36,379.3,447.34,374.94,343.99,451.9
1343,OK,-15,52,732,732,261.56,380.64,450.15,379.4,347.2,456.45
1344,OK,-15,57,728,728,261.7,381.31,449.1,381.77,344.21,461.46
1345,OK,-16,57,730,730,260.48,383.2,448.55,382.5,344.83,462.72
1346,OK,-13,59,727,727,261.81,380.61,449.18,381.19,344.84,464.01
1347,OK,-10,70,720,720,261.69,388.63,447.02,385.87,345.89,473.45
1348,OK,-13,72,720,720,258.68,392.42,443.97,383.84,344.48,477.41
1349,OK,-14,70,729,729,260.51,393.52,448.02,382.52,347.67,481.19
1350,OK,-9,76,721,721,263.37,393.6,449.09,387.51,346.58,482.78
1351,OK,-9,77,724,724,261.99,402.81,448.11,392.01,351.52,481.77
1352,OK,-8,78,723,723,262.19,399.69,448.13,389.4,351.09,484.41
1353,OK,-13,73,725,725,260.66,395.0,447.19,387.15,345.76,479.9
1354,OK,-9,72,719,719,262.9,391.72,448.08,385.91,345.76,473.58
1355,OK,-6,62,719,719,264.37,384.04,449.57,378.37,350.06,461.63
1356,OK,-7,67,719,719,265.06,384.35,450.37,382.2,347.84,470.63
1357,OK,-5,72,714,714,264.24,389.07,448.03,382.18,349.5,472.71
1358,OK,-7,74,714,714,262.91,390.25,446.67,385.21,345.68,474.39
1359,OK,-7,75,720,720,263.76,395.7,449.04,386.49,351.15,480.3
1360,OK,-8,72,727,727,263.82,397.91,450.68,387.13,353.82,477.79
1361,OK,-8,76,724,724,263.0,403.9,449.1,390.54,353.78,479.55
1362,OK,-3,84,717,717,264.47,407.66,448.86,395.28,355.23,483.72
1363,OK,-2,84,716,716,264.59,410.15,448.58,396.93,355.53,481.27
1364,OK,-1,83,715,715,265.99,410.09,449.83,397.73,354.89,477.97
1365,OK,1,74,721,721,270.51,402.0,456.21,394.94,360.42,469.66
1366,OK,6,71,718,718,275.02,399.04,459.87,392.51,364.32,465.23
1367,OK,3,70,720,720,272.47,400.86,457.59,391.05,362.21,465.87
1368,OK,7,70,719,719,274.67,398.88,459.53,388.81,365.36,464.78
1369,OK,6,71,716,716,274.73,400.09,458.97,391.04,362.62,463.77
1370,OK,12,77,710,710,279.84,397.53,462.59,394.76,364.11,469.01
1371,OK,11,80,711,711,277.9,402.16,460.84,394.75,364.06,473.41
1372,OK,15,88,704,704,278.3,407.4,459.49,397.81,366.5,477.97
1373,OK,22,96,696,696,280.1,410.14,459.24,400.56,370.39,483.51
1374,OK,21,101,692,692,278.91,414.23,456.93,405.21,366.69,484.42
1375,OK,18,97,697,697,277.67,412.61,457.09,404.07,366.04,483.34
1376,OK,7,84,712,712,272.41,405.09,455.46,394.25,363.32,481.54
1377,OK,-1,75,727,727,271.13,399.0,458.18,391.03,360.55,482.92
1378,OK,-1,74,723,723,271.21,392.78,457.37,387.79,357.02,480.34
1379,OK,0,69,722,722,271.17,392.74,457.16,387.31,359.12,471.01
1380,OK,-1,64,720,720,269.71,390.8,455.0,384.58,356.32,460.99
1381,OK,-3,61,725,725,269.45,390.38,456.11,383.92,355.92,459.49
1382,OK,-5,57,727,727,268.22,386.85,455.33,379.71,356.2,456.97
1383,OK,-2,57,724,724,270.41,385.88,456.81,379.6,357.56,455.37
1384,OK,-1,56,724,724,270.6,385.02,456.92,377.12,359.54,456.46
1385,OK,-4,52,730,730,269.47,382.95,457.52,376.9,358.82,454.72
1386,OK,-10,57,731,731,266.05,383.88,454.4,380.82,351.25,462.38
1387,OK,-9,48,732,732,267.65,376.09,456.13,375.36,352.73,452.95
1388,OK,-8,43,731,731,266.31,376.63,454.58,372.17,353.73,442.14
1389,OK,-9,44,733,733,267.68,377.51,456.53,374.32,352.77,444.1
1390,OK,-5,45,729,729,269.73,376.74,457.5,373.57,355.91,443.85
1391,OK,-4,51,729,729,269.12,380.76,456.78,376.43,358.0,452.41
1392,OK,-1,59,722,722,271.9,384.18,457.72,380.56,357.16,459.37
1393,OK,-1,60,724,724,272.46,385.96,458.96,381.58,357.01,462.08
1394,OK,-1,69,721,721,271.75,391.61,457.26,385.95,354.76,469.73
1395,OK,4,85,712,712,270.58,401.58,453.83,393.25,358.41,486.12
1396,OK,-2,74,727,727,270.55,397.18,457.86,392.57,358.45,480.33
1397,OK,-2,73,722,722,270.86,394.95,456.84,389.16,354.73,477.55
1398,OK,-1,65,727,727,273.37,390.94,460.55,387.19,358.8,467.17
1399,OK,2,61,729,729,275.89,389.68,463.65,387.75,362.5,462.31
1400,OK,5,67,723,723,277.31,390.06,463.43,385.71,362.22,468.5
1401,OK,-1,73,727,727,273.2,394.27,460.47,390.28,357.9,481.31
1402,OK,7,81,715,715,273.28,402.61,457.28,395.01,363.1,478.04
1403,OK,14,85,711,711,281.15,394.51,464.3,394.18,366.85,486.79
1404,OK,16,95,704,704,282.29,400.75,463.55,397.89,364.15,495.55
1405,OK,12,102,715,715,279.47,409.43,463.49,405.85,366.52,512.26
1406,OK,31,125,696,696,290.94,418.74,470.29,422.34,377.72,525.51
1407,OK,27,129,706,706,292.98,424.03,474.75,431.2,377.58,536.95
1408,OK,36,134,695,695,296.93,422.57,475.63,432.53,381.61,535.09
1409,OK,34,134,704,704,299.11,425.72,480.02,437.47,382.9,541.54
1410,OK,32,135,705,705,298.47,424.83,479.5,439.53,380.36,543.04
1411,OK,32,135,707,707,298.11,426.12,479.71,438.94,381.39,544.74
1412,OK,29,136,708,708,296.76,427.41,478.68,439.83,379.83,547.97
1413,OK,31,134,708,708,296.76,428.43,478.96,437.06,383.03,545.21
1414,OK,37,160,692,692,296.78,443.67,474.67,454.78,381.9,563.35
1415,OK,35,157,715,715,305.15,443.18,488.47,461.95,388.63,575.86
1416,OK,35,159,714,714,303.43,447.43,486.59,462.57,389.61,578.64
1417,OK,28,154,718,718,299.23,443.65,483.47,458.6,384.62,575.59
1418,OK,23,154,718,718,295.03,442.95,479.34,456.88,378.5,576.65
1419,OK,23,150,720,720,295.46,441.85,480.29,455.75,379.56,572.95
1420,OK,27,151,711,711,294.2,439.2,477.07,450.77,378.83,567.07
1421,OK,28,135,706,706,291.96,430.12,473.8,435.41,380.65,544.87
1422,OK,33,126,696,696,291.9,421.29,471.12,422.49,382.11,528.06
1423,OK,28,101,705,705,292.12,402.82,473.65,404.19,378.22,502.67
1424,OK,27,89,707,707,293.89,392.71,475.88,399.44,376.82,487.99
1425,OK,16,68,718,718,286.32,393.83,471.3,392.03,371.7,462.06
1426,OK,19,49,728,728,292.62,378.41,480.01,381.11,381.37,448.02
1427,OK,22,43,722,722,294.22,367.62,479.99,373.04,379.76,439.33
1428,OK,15,37,728,728,291.22,364.38,478.75,367.08,374.59,437.73
1429,OK,22,38,715,715,293.26,364.49,477.38,365.97,374.28,425.14
1430,OK,24,41,709,709,293.01,364.91,475.69,366.8,373.57,425.08
1431,OK,22,36,714,714,293.22,366.04,477.17,366.62,374.69,421.58
1432,OK,22,36,717,717,293.98,364.82,478.57,367.79,374.49,422.51
1433,OK,21,33,723,723,295.29,364.19,481.59,368.4,376.78,423.01
1434,OK,20,27,728,728,297.85,361.95,485.13,368.18,377.06,417.67
1435,OK,27,32,719,719,299.54,361.31,484.63,368.03,380.57,418.55
1436,OK,32,42,705,705,299.04,362.15,480.63,369.04,378.24,423.11
1437,OK,32,42,706,706,299.16,362.86,480.96,370.01,380.0,424.08
1438,OK,29,36,711,711,297.92,365.35,481.05,369.16,378.91,414.93
1439,OK,16,39,731,731,292.39,369.62,480.54,370.63,376.26,438.45
1440,OK,16,42,731,731,291.43,374.12,479.77,375.23,378.38,440.14
1441,OK,18,64,721,721,288.99,384.95,474.77,384.22,375.78,464.03
1442,OK,16,71,726,726,288.46,392.87,475.42,390.49,377.15,476.6
1443,OK,24,90,705,705,286.85,402.42,468.35,396.1,376.07,485.65
1444,OK,28,91,707,707,291.32,398.29,473.41,395.96,380.31,491.22
1445,OK,21,100,703,703,284.38,405.04,465.44,398.98,370.91,500.27
1446,OK,19,108,704,704,282.56,413.18,463.77,405.03,369.8,512.48
1447,OK,14,109,712,712,279.54,417.46,462.51,406.75,369.5,518.67
1448,OK,19,119,697,697,279.58,421.83,458.78,412.92,365.8,517.33
1449,OK,21,124,691,691,280.34,423.06,458.18,416.1,364.65,519.19
1450,OK,18,123,692,692,277.48,423.27,455.57,416.37,361.82,518.9
1451,OK,16,120,696,696,277.32,421.09,456.45,415.2,361.2,519.61
1452,OK,16,122,692,692,274.99,423.47,453.06,414.14,360.37,518.92
1453,OK,18,120,688,688,274.9,421.22,451.79,412.48,360.88,512.57
1454,OK,20,113,693,693,278.92,415.46,457.2,408.01,364.35,508.08
1455,OK,18,106,694,694,279.8,409.7,458.43,406.01,361.23,498.86
1456,OK,15,103,697,697,278.48,406.52,457.9,402.22,359.75,498.56
1457,OK,16,100,697,697,278.35,404.04,457.76,399.01,360.6,496.27
1458,OK,10,94,705,705,276.28,404.98,457.74,398.57,358.89,490.83
1459,OK,9,93,707,707,276.06,401.08,458.07,395.79,357.27,495.52
1460,OK,6,89,712,712,276.35,399.19,459.64,394.97,357.76,494.33
1461,OK,9,83,713,713,277.33,397.27,460.84,392.44,361.1,484.68
1462,OK,13,88,709,709,280.19,398.46,462.63,392.55,363.93,489.92
1463,OK,7,82,718,718,279.32,397.42,464.17,392.06,361.87,489.07
1464,OK,3,75,724,724,276.33,395.63,462.56,386.96,361.67,484.49
1465,OK,2,74,726,726,275.35,394.33,462.19,386.26,361.32,484.19
1466,OK,2,68,725,725,275.55,392.44,462.11,385.06,359.37,471.85
1467,OK,2,74,712,712,272.85,385.3,456.23,381.53,351.54,477.19
1468,OK,2,71,715,715,271.7,385.9,455.83,380.64,354.65,473.88
1469,OK,2,68,713,713,271.87,380.84,455.56,377.34,353.04,469.53
1470,OK,0,62,715,715,270.8,376.61,454.95,374.92,351.39,463.55
1471,OK,-1,61,717,717,270.34,377.43,454.99,373.37,352.72,463.69
1472,OK,4,64,705,705,272.34,374.89,453.96,372.83,350.37,458.33
1473,OK,2,62,715,715,270.05,388.06,453.88,376.91,357.85,457.21
1474,OK,4,58,714,714,273.08,380.6,456.7,372.36,359.04,455.26
1475,OK,5,61,709,709,272.23,379.95,454.62,371.83,356.26,455.82
1476,OK,5,65,709,709,272.16,380.85,454.82,375.68,355.27,460.89
1477,OK,4,68,707,707,272.29,380.68,454.25,377.08,352.67,463.61
1478,OK,-1,70,712,712,270.67,383.65,454.05,380.46,349.44,470.83
1479,OK,-5,69,719,719,268.86,384.17,454.04,382.99,347.29,473.47
1480,OK,-10,75,724,724,265.6,391.74,452.07,385.47,346.69,486.72
1481,OK,-7,82,723,723,266.27,397.28,452.15,388.23,350.52,494.12
1482,OK,-8,80,724,724,266.92,395.97,453.16,388.37,348.91,493.65
1483,OK,-8,78,724,724,267.09,394.48,453.28,385.61,349.14,490.89
1484,OK,-5,80,724,724,268.24,395.49,454.55,387.03,352.74,493.22
1485,OK,-6,81,721,721,265.81,398.0,451.16,387.2,350.44,491.2
1486,OK,-7,82,723,723,265.17,398.83,451.03,387.44,351.36,493.05
1487,OK,-10,81,727,727,263.33,400.39,450.29,388.83,350.58,494.26
1488,OK,-10,79,726,726,263.48,398.94,450.02,387.67,350.83,491.02
1489,OK,-5,82,718,718,264.51,399.05,449.0,387.32,352.99,489.26
1490,OK,-5,81,718,718,264.53,396.93,449.25,386.53,352.67,488.73
1491,OK,-4,80,719,719,265.94,396.13,450.92,386.27,352.16,486.99
1492,OK,-6,77,720,720,266.82,392.71,451.99,385.1,350.45,485.5
1493,OK,-1,78,718,718,270.01,391.38,454.96,386.81,354.47,485.2
1494,OK,5,80,713,713,272.74,393.85,456.2,388.07,358.66,481.22
1495,OK,16,83,701,701,278.22,396.55,458.71,390.17,364.6,473.2
1496,OK,6,79,718,718,275.76,396.02,460.22,384.58,363.17,485.71
1497,OK,11,71,718,718,279.84,391.38,464.38,381.2,369.02,474.21
1498,OK,14,74,711,711,280.51,388.71,463.6,380.95,367.24,473.71
1499,OK,19,79,701,701,281.97,388.27,462.51,382.21,366.01,474.15
1500,OK,10,75,715,715,278.81,391.38,462.83,382.69,364.07,477.38
1501,OK,8,78,714,714,278.04,391.6,461.78,384.88,361.7,482.53
1502,OK,7,74,719,719,276.44,392.11,461.46,383.39,363.93,478.51
1503,OK,1,77,721,721,272.33,394.82,457.78,385.52,358.59,485.03
1504,OK,-2,75,724,724,271.47,394.33,457.83,387.66,357.14,484.2
1505,OK,4,70,719,719,274.67,390.6,459.73,383.26,359.94,471.24
1506,OK,6,67,716,716,275.51,390.58,459.7,381.48,361.39,465.76
1507,OK,5,69,719,719,276.24,392.92,461.41,385.53,361.03,468.52
1508,OK,1,75,724,724,274.21,396.03,460.52,386.42,359.24,484.67
1509,OK,2,78,721,721,273.95,391.93,459.52,385.21,357.29,488.89
1510,OK,0,77,722,722,273.93,390.96,459.7,385.86,356.42,489.24
1511,OK,2,80,720,720,274.77,389.25,460.17,387.77,356.97,491.66
1512,OK,3,82,719,719,275.02,391.7,460.16,388.16,358.11,493.72
1513,OK,4,80,716,716,275.2,392.21,459.44,387.57,357.37,487.97
1514,OK,7,84,709,709,275.34,392.46,457.9,388.08,356.84,486.97
1515,OK,7,88,708,708,274.81,395.53,457.09,391.08,356.81,491.26
1516,OK,7,86,709,709,273.51,396.44,456.15,391.0,358.07,487.55
1517,OK,6,86,711,711,273.77,395.88,456.86,390.01,358.49,489.11
1518,OK,9,88,708,708,275.66,395.72,457.84,390.13,360.84,491.91
1519,OK,10,90,706,706,275.67,397.14,457.46,390.25,360.27,492.64
1520,OK,11,91,703,703,275.39,397.97,456.28,390.59,359.98,490.18
1521,OK,11,91,703,703,274.9,398.39,455.76,390.39,359.89,490.38
1522,OK,9,90,704,704,274.13,398.06,455.39,391.41,358.57,489.92
1523,OK,8,90,709,709,273.51,400.76,455.95,394.31,359.5,491.37
1524,OK,7,90,711,711,273.65,401.26,456.7,394.44,358.91,494.05
1525,OK,6,91,708,708,273.48,400.42,455.78,394.26,357.35,493.52
1526,OK,11,95,700,700,275.58,400.39,455.82,393.37,357.82,493.64
1527,OK,11,95,700,700,275.75,399.87,456.05,393.93,357.76,494.4
1528,OK,12,95,700,700,275.71,400.83,455.97,393.57,358.94,493.87
1529,OK,8,95,704,704,273.36,401.89,454.42,393.16,357.6,497.66
1530,OK,4,93,712,712,272.51,402.75,455.77,395.09,356.35,499.92
1531,OK,5,92,710,710,271.87,402.69,454.49,393.86,357.63,496.67
1532,OK,5,95,708,708,271.43,405.02,453.54,395.07,356.53,498.44
1533,OK,8,97,705,705,271.44,405.31,452.66,394.44,359.0,499.2
1534,OK,4,97,709,709,269.8,405.95,452.1,396.82,356.63,501.22
1535,OK,7,99,705,705,270.65,407.11,451.97,397.5,356.74,501.61
1536,OK,5,99,706,706,271.46,405.77,453.2,398.84,355.17,502.09
1537,OK,3,99,708,708,270.16,407.06,452.21,398.58,354.38,503.34
1538,OK,5,100,705,705,270.23,406.78,451.71,398.06,354.67,501.73
1539,OK,3,100,706,706,268.78,408.59,450.39,399.32,354.33,502.81
1540,OK,1,100,707,707,266.14,409.75,447.89,398.32,351.33,502.42
1541,OK,-1,102,704,704,264.62,410.98,445.42,398.24,348.61,503.86
1542,OK,3,105,701,701,266.85,410.24,447.15,402.27,350.07,505.51
1543,OK,3,107,702,702,266.39,415.38,446.97,405.31,351.71,507.24
1544,OK,0,103,709,709,265.1,413.23,447.39,400.33,352.37,509.2
1545,OK,1,105,708,708,266.4,413.77,448.49,402.12,352.71,511.06
1546,OK,1,105,709,709,266.42,414.65,448.67,402.18,353.16,510.49
1547,OK,-3,105,715,715,265.0,414.63,448.93,403.11,352.85,515.24
1548,OK,-7,103,718,718,262.95,413.92,447.71,404.02,348.97,515.26
1549,OK,-4,102,713,713,264.18,412.07,447.58,400.49,349.15,510.9
1550,OK,-2,98,715,715,265.54,409.63,449.42,397.51,353.0,507.26
1551,OK,1,99,708,708,266.57,407.82,448.7,397.46,352.71,505.28
1552,OK,1,100,709,709,266.43,408.38,448.8,397.49,353.15,506.13
1553,OK,2,99,708,708,267.84,407.16,450.03,398.46,354.82,503.6
1554,OK,3,99,704,704,267.9,410.58,449.0,402.36,352.76,497.21
1555,OK,0,88,712,712,268.79,402.65,451.9,393.68,352.3,490.44
1556,OK,-1,83,715,715,269.27,398.54,453.27,392.05,350.76,485.0
1557,OK,-1,84,715,715,268.43,396.08,452.51,389.3,351.76,489.34
1558,OK,-5,76,720,720,266.89,394.23,452.05,386.51,351.63,482.3
1559,OK,-5,76,714,714,265.81,392.08,449.5,383.92,347.12,479.55
1560,OK,0,74,708,708,270.45,384.37,452.91,383.55,346.88,472.49
1561,OK,-3,73,713,713,268.18,386.83,451.87,382.81,347.71,474.51
1562,OK,-4,66,721,721,268.38,390.24,454.04,382.93,351.62,467.18
1563,OK,-6,70,722,722,266.58,389.42,452.42,380.9,351.04,477.01
1564,OK,-8,55,728,728,269.2,376.7,456.7,377.61,349.44,462.06
1565,OK,1,47,714,714,273.55,363.84,457.49,364.36,352.0,444.94
1566,OK,5,44,714,714,275.92,366.12,459.8,362.14,357.16,438.7
1567,OK,32,52,693,693,291.56,370.28,470.11,366.55,377.08,429.49
1568,OK,39,44,710,710,307.64,366.11,490.05,378.19,390.87,426.52
1569,OK,67,72,703,703,331.99,374.61,510.66,404.08,414.89,457.6
1570,OK,68,85,698,698,331.41,383.07,508.97,410.94,413.95,471.38
1571,OK,65,95,693,693,329.25,387.79,506.63,407.91,404.4,485.4
1572,OK,74,107,685,685,334.6,390.48,509.43,415.15,411.86,496.23
1573,OK,76,129,665,665,329.55,402.92,498.68,429.91,402.42,507.28
1574,OK,63,130,672,672,321.57,407.77,493.62,427.81,392.26,514.59
1575,OK,35,135,691,691,309.55,414.07,484.58,446.67,363.43,531.53
1576,OK,26,139,702,702,304.54,421.35,482.52,452.94,360.65,542.99
1577,OK,21,155,703,703,300.11,430.58,478.09,464.34,354.93,564.89
1578,OK,10,151,712,712,293.62,433.2,474.28,465.05,348.61,565.12
1579,OK,7,156,711,711,290.54,438.8,471.28,468.45,344.48,569.87
1580,OK,8,159,698,698,286.26,438.44,464.0,466.25,339.93,565.38
1581,OK,5,157,702,702,285.37,437.71,463.34,469.23,338.73,563.54
1582,OK,2,158,706,706,283.66,441.04,463.05,471.51,337.67,566.8
1583,OK,1,162,705,705,281.09,443.54,460.01,473.95,336.77,570.18
1584,OK,6,171,690,690,280.17,448.83,455.76,476.21,334.16,570.72
1585,OK,4,182,683,683,272.74,458.02,447.6,477.28,330.66,578.9
1586,OK,4,182,685,685,273.83,457.85,448.89,479.18,331.36,581.26
1587,OK,-1,179,693,693,271.91,457.94,449.32,478.24,331.26,582.14
1588,OK,-1,178,693,693,271.28,458.19,448.72,477.36,331.02,582.22
1589,OK,-3,174,699,699,270.94,456.43,449.9,476.13,331.86,580.57
1590,OK,3,182,685,685,272.06,459.65,447.71,477.47,331.04,580.9
1591,OK,-4,174,701,701,271.67,458.08,451.26,477.23,331.78,582.32
1592,OK,0,176,692,692,274.47,456.47,451.58,476.35,330.92,579.26
1593,OK,4,179,685,685,274.97,456.38,450.3,475.79,331.02,577.8
1594,OK,3,179,688,688,275.0,457.97,451.15,478.04,331.07,579.24
1595,OK,3,182,685,685,273.11,460.65,448.82,477.9,330.84,579.34
1596,OK,-4,171,702,702,273.57,455.86,453.36,475.92,331.68,580.01
1597,OK,-2,176,694,694,272.52,456.49,450.16,475.93,330.5,580.26
1598,OK,0,178,693,693,272.75,457.48,450.37,476.44,330.73,582.08
1599,OK,-2,176,697,697,272.92,456.71,451.43,476.89,331.63,582.05
1600,OK,-3,177,699,699,271.1,459.49,450.34,477.05,332.16,584.5
1601,OK,-3,180,696,696,270.13,463.15,448.64,479.69,331.82,584.91
1602,OK,-9,171,709,709,269.48,457.76,451.05,476.27,331.06,583.18
1603,OK,-8,170,709,709,271.45,456.33,452.8,477.12,330.56,582.77
1604,OK,-9,170,709,709,269.94,457.59,451.32,477.74,330.22,581.24
1605,OK,-6,173,705,705,270.86,459.72,451.31,479.35,331.27,582.08
1606,OK,-5,175,702,702,270.92,460.09,450.78,479.58,331.3,582.53
1607,OK,-7,172,708,708,271.24,459.42,452.64,478.27,333.41,583.75
1608,OK,-7,172,708,708,271.59,459.38,452.98,479.09,332.63,583.76
1609,OK,-3,175,700,700,273.07,457.54,452.23,478.89,332.36,582.74
1610,OK,-2,178,697,697,272.29,459.11,450.76,478.09,331.88,584.02
1611,OK,-9,171,710,710,268.64,460.55,450.74,476.07,332.58,584.17
1612,OK,-3,175,700,700,270.54,461.43,450.14,477.44,334.57,581.75
1613,OK,-4,172,705,705,272.79,457.93,453.24,477.59,334.37,581.46
1614,OK,4,180,689,689,275.89,457.49,452.22,478.34,333.38,580.15
1615,OK,1,178,693,693,274.79,457.64,452.12,477.91,332.22,581.01
1616,OK,1,179,695,695,274.69,459.01,452.56,479.97,332.85,582.54
1617,OK,-4,173,705,705,273.47,458.66,453.89,478.88,332.58,582.87
1618,OK,2,180,691,691,274.63,459.29,451.36,479.85,331.68,581.89
1619,OK,2,179,693,693,274.43,459.01,451.65,479.37,333.09,581.64
1620,OK,3,181,688,688,274.87,459.59,450.85,480.36,331.81,580.08
1621,OK,1,179,693,693,274.36,459.52,451.64,480.36,331.39,580.08
1622,OK,-4,174,703,703,273.35,458.53,453.31,478.07,332.65,582.44
1623,OK,-1,176,695,695,273.19,458.83,451.18,478.59,331.53,578.89
1624,OK,7,185,678,678,275.26,459.2,448.73,480.39,331.37,579.1
1625,OK,4,182,684,684,274.65,458.62,449.48,479.51,331.49,580.11
1626,OK,-4,172,702,702,272.44,457.48,452.05,477.54,332.29,580.1
1627,OK,-4,172,700,700,272.39,458.31,451.56,477.57,331.44,578.06
1628,OK,0,177,693,693,273.76,458.02,451.08,478.75,330.24,579.13
1629,OK,3,180,686,686,275.6,457.87,450.92,480.62,330.18,578.5
1630,OK,1,181,691,691,274.91,458.12,451.53,480.88,330.14,583.19
1631,OK,3,183,686,686,275.38,458.55,450.56,481.4,330.03,582.42
1632,OK,0,179,692,692,273.35,459.65,450.48,478.89,331.29,581.68
1633,OK,0,178,693,693,273.78,458.28,450.99,478.8,331.35,579.85
1634,OK,3,182,687,687,274.21,458.17,449.79,479.27,330.51,581.82
1635,OK,4,183,684,684,275.49,458.52,450.27,480.49,330.81,580.65
1636,OK,3,181,686,686,275.88,458.27,451.1,480.97,330.33,578.74
1637,OK,0,178,692,692,273.65,458.95,450.65,479.63,331.31,580.16
1638,OK,3,180,686,686,274.53,458.76,450.01,479.08,330.68,577.56
1639,OK,9,187,674,674,274.97,459.65,447.33,479.72,331.29,578.82
1640,OK,8,187,674,674,275.2,458.71,447.54,479.63,329.3,579.67
1641,OK,3,181,685,685,273.19,458.83,448.57,478.46,331.1,578.39
1642,OK,0,177,690,690,271.83,458.88,448.68,477.43,331.33,577.15
1643,OK,8,185,676,676,275.53,458.93,448.37,479.45,331.66,577.65
1644,OK,10,187,674,674,277.36,457.71,449.26,482.51,330.77,578.86
1645,OK,12,189,670,670,277.92,458.67,448.89,482.01,331.09,578.5
1646,OK,13,189,668,668,277.77,458.38,448.44,480.14,332.02,578.57
1647,OK,12,189,671,671,277.06,458.35,448.45,480.56,331.43,578.89
1648,OK,14,190,666,666,277.76,458.62,447.97,480.58,332.16,576.73
1649,OK,12,189,668,668,276.82,458.52,447.61,480.03,331.16,578.64
1650,OK,11,187,670,670,276.32,458.68,447.5,479.81,330.3,576.72
1651,OK,7,184,678,678,274.75,459.15,448.38,478.68,332.43,578.67
1652,OK,13,190,666,666,277.75,458.63,447.84,480.4,331.14,578.12
1653,OK,13,190,667,667,275.95,458.96,446.52,478.62,331.08,578.6
1654,OK,6,181,681,681,274.26,457.35,448.56,477.27,330.95,575.96
1655,OK,6,179,683,683,274.93,456.73,449.72,476.79,331.73,574.74
1656,OK,8,183,677,677,275.32,457.06,448.58,477.1,331.44,575.42
1657,OK,16,190,663,663,278.75,456.05,447.89,478.85,331.24,576.42
1658,OK,12,186,669,669,277.45,455.84,448.51,477.61,330.85,574.18
1659,OK,12,186,670,670,276.19,457.77,447.61,476.72,332.54,575.59
1660,OK,6,180,681,681,274.42,456.21,448.69,476.22,331.09,574.22
1661,OK,11,186,670,670,276.84,456.5,447.98,477.87,330.58,576.42
1662,OK,9,188,673,673,274.69,461.11,447.03,480.9,329.86,577.04
1663,OK,5,179,684,684,275.21,456.62,450.22,477.86,332.1,576.05
1664,OK,9,182,675,675,276.14,455.99,448.67,477.37,329.74,572.85
1665,OK,9,183,673,673,275.87,454.84,447.97,476.43,329.01,573.71
1666,OK,9,183,674,674,277.31,454.44,449.28,477.51,330.2,574.24
1667,OK,11,183,673,673,277.08,454.34,449.13,476.02,331.19,573.16
1668,OK,13,185,674,674,279.15,460.09,451.51,481.11,335.06,574.97
1669,OK,11,185,672,672,276.76,458.4,448.66,478.11,331.33,574.74
1670,OK,10,181,677,677,278.77,453.35,451.57,476.65,331.22,573.15
1671,OK,14,184,667,667,278.54,453.85,449.19,474.78,332.02,570.66
1672,OK,13,185,669,669,276.6,455.12,447.94,474.6,331.75,573.63
1673,OK,13,184,667,667,276.84,454.28,447.35,474.7,331.14,570.4
1674,OK,9,180,674,674,276.25,454.47,448.72,475.28,330.79,570.71
1675,OK,5,177,683,683,274.68,455.27,449.31,475.74,330.66,571.75
1676,OK,2,173,688,688,274.69,453.53,450.66,474.58,330.57,571.86
1677,OK,3,173,688,688,275.51,452.62,451.33,474.64,330.97,571.04
1678,OK,9,182,674,674,276.46,455.36,448.87,476.27,330.59,573.02
1679,OK,11,184,672,672,277.6,454.51,449.39,476.7,331.32,575.5
1680,OK,8,186,677,677,275.0,459.54,448.29,479.28,331.16,578.73
1681,OK,8,187,675,675,274.91,460.1,447.68,480.34,330.16,578.39
1682,OK,0,173,693,693,273.32,454.7,450.65,474.65,330.99,573.79
1683,OK,2,174,688,688,274.28,454.01,450.17,474.6,330.06,572.06
1684,OK,2,172,687,687,274.72,452.47,450.48,474.03,328.85,568.35
1685,OK,8,180,677,677,276.95,452.85,449.71,475.9,330.16,572.7
1686,OK,13,185,667,667,276.95,454.43,447.43,475.55,330.84,571.86
1687,OK,7,182,676,676,275.16,454.63,447.89,475.7,329.78,575.2
1688,OK,1,173,688,688,273.08,452.99,449.16,473.8,329.11,571.42
1689,OK,-1,172,690,690,272.69,452.8,449.17,474.07,328.62,571.43
1690,OK,3,177,684,684,273.57,454.97,448.66,474.82,329.14,574.52
1691,OK,1,178,687,687,272.84,454.4,448.42,475.64,329.05,577.57
1692,OK,2,181,683,683,272.67,455.61,447.34,477.37,327.89,579.39
1693,OK,2,181,684,684,272.4,456.61,447.31,477.28,328.86,580.26
1694,OK,6,183,680,680,274.01,459.51,447.94,479.08,331.46,577.68
1695,OK,-1,176,702,702,274.58,459.61,454.41,478.4,336.08,586.67
1696,OK,3,188,692,692,274.75,471.45,452.44,485.31,335.24,591.14
1697,OK,-2,181,705,705,273.35,466.47,454.38,480.77,337.53,593.4
1698,OK,-2,186,704,704,272.09,470.56,452.88,482.86,338.23,599.68
1699,OK,-2,190,702,702,271.7,472.64,452.19,485.05,337.75,604.38
1700,OK,-2,190,705,705,271.57,472.84,452.89,484.15,339.49,606.33
1701,OK,-5,184,710,710,270.98,470.56,453.53,482.24,339.19,602.69
1702,OK,4,193,689,689,271.14,473.43,448.29,484.26,337.13,596.25
1703,OK,-4,174,705,705,268.25,464.36,449.63,472.28,338.99,583.72
1704,OK,0,178,697,697,270.1,463.51,449.31,474.37,336.4,585.01
1705,OK,-4,171,704,704,269.41,460.41,450.33,471.77,336.26,580.04
1706,OK,7,182,682,682,272.29,464.63,447.62,475.41,336.2,577.08
1707,OK,-3,167,707,707,273.61,454.97,455.17,469.19,336.6,578.0
1708,OK,6,176,686,686,279.12,455.04,454.83,474.27,331.28,573.46
1709,OK,10,172,690,690,284.46,450.48,460.62,474.26,338.12,572.45
1710,OK,9,173,692,692,285.05,450.25,461.59,475.08,337.95,575.65
1711,OK,8,168,698,698,286.16,446.28,463.89,473.55,340.62,575.09
1712,OK,11,176,684,684,280.75,456.67,456.01,473.76,338.22,572.54
1713,OK,11,181,680,680,279.29,459.48,453.67,474.67,336.74,576.75
1714,OK,5,174,688,688,278.93,453.22,455.0,473.24,332.36,573.48
1715,OK,7,175,688,688,280.26,453.1,456.17,474.28,333.87,575.76
1716,OK,5,174,691,691,280.55,452.04,457.07,475.16,333.0,576.36
1717,OK,8,177,687,687,281.33,452.37,456.72,475.63,333.1,576.56
1718,OK,6,172,691,691,279.81,452.08,456.6,472.12,334.52,572.81
1719,OK,0,172,700,700,277.15,455.7,456.62,473.02,334.56,579.83
1720,OK,-4,169,707,707,276.08,453.75,457.15,473.05,332.38,581.82
1721,OK,2,173,697,697,278.65,454.58,456.76,477.08,333.57,577.72
1722,OK,2,175,696,696,279.64,455.3,457.39,479.3,333.09,579.9
1723,OK,7,180,691,691,280.88,457.15,457.27,480.0,335.31,581.93
1724,OK,6,183,691,691,279.29,459.44,456.09,481.02,335.72,586.99
1725,OK,7,187,688,688,277.62,465.51,454.01,483.08,336.55,587.94
1726,OK,13,191,680,680,280.71,467.85,455.08,483.99,339.0,587.24
1727,OK,2,178,698,698,276.9,462.35,456.06,477.85,337.35,585.85
1728,OK,4,181,699,699,278.26,461.19,457.47,477.83,339.02,591.25
1729,OK,7,184,697,697,280.75,461.46,459.15,481.26,340.31,592.72
1730,OK,6,181,699,699,281.6,459.62,460.24,481.74,339.87,589.85
1731,OK,6,181,698,698,282.11,458.56,460.34,483.09,339.62,590.49
1732,OK,4,179,701,701,280.86,458.51,459.8,482.33,339.01,588.25
1733,OK,4,177,698,698,280.22,457.74,458.65,480.48,337.52,584.17
1734,OK,5,182,694,694,279.44,458.95,456.69,481.12,336.42,589.58
1735,OK,6,181,694,694,280.85,458.57,458.07,482.18,336.96,587.24
1736,OK,1,175,702,702,278.72,457.57,458.27,479.69,335.83,584.25
1737,OK,1,172,702,702,279.21,455.38,458.77,476.88,336.08,581.42
1738,OK,0,175,699,699,275.92,456.72,454.89,475.13,333.02,583.88
1739,OK,-6,169,710,710,273.72,455.77,455.79,473.29,334.4,585.44
1740,OK,-8,167,717,717,274.27,454.91,457.91,475.58,334.48,586.41
1741,OK,-7,169,711,711,274.47,454.2,456.32,476.23,332.51,583.01
1742,OK,-3,170,704,704,276.25,454.67,456.56,474.42,333.13,580.86
1743,OK,10,184,684,684,278.85,464.11,454.34,480.45,338.66,581.04
1744,OK,2,178,697,697,275.83,462.04,454.62,477.61,335.55,582.39
1745,OK,6,178,691,691,279.22,457.94,456.36,476.29,335.5,579.4
1746,OK,1,172,700,700,278.51,455.27,457.76,473.73,335.82,580.71
1747,OK,4,174,696,696,278.87,456.12,457.33,474.18,336.62,580.03
1748,OK,6,176,691,691,278.68,455.4,455.66,474.11,334.92,577.89
1749,OK,-1,173,702,702,276.75,455.85,456.49,475.98,334.09,583.31
1750,OK,-3,170,707,707,276.55,454.94,457.38,476.24,334.41,581.17
1751,OK,-2,172,702,702,276.47,454.23,456.24,473.71,333.41,582.05
1752,OK,-2,169,705,705,277.88,452.87,458.18,474.17,333.91,579.12
1753,OK,7,176,686,686,279.14,453.63,454.81,473.64,333.45,574.77
1754,OK,8,176,689,689,281.44,453.51,457.73,473.83,335.44,577.29
1755,OK,9,176,686,686,282.16,452.04,457.72,472.82,335.77,576.79
1756,OK,10,177,686,686,282.32,452.69,457.91,472.57,337.5,577.53
1757,OK,7,176,688,688,279.75,454.13,455.99,473.39,334.15,577.77
1758,OK,2,176,690,690,276.43,453.8,452.96,474.81,330.13,578.2
1759,OK,0,173,695,695,275.14,452.66,452.76,474.19,331.42,578.29
1760,OK,11,183,674,674,276.85,455.85,449.46,475.25,332.88,576.39
1761,OK,7,176,685,685,276.58,452.19,451.84,473.04,333.96,574.43
1762,OK,5,175,681,681,273.76,449.62,448.18,468.44,330.54,571.98
1763,OK,-1,168,693,693,273.77,445.39,450.8,467.27,329.1,572.4
1764,OK,-4,167,699,699,272.08,448.76,451.22,467.72,329.78,575.4
1765,OK,1,172,693,693,274.63,450.71,452.16,469.88,330.86,576.6
1766,OK,2,174,698,698,277.81,452.93,456.68,471.02,335.32,585.4
1767,OK,6,176,698,698,281.61,453.91,460.63,470.59,339.62,588.98
1768,OK,16,181,692,692,287.55,456.4,465.1,471.44,347.93,590.64
1769,OK,19,187,688,688,288.21,461.32,464.91,473.87,350.1,596.07
1770,OK,14,193,697,697,284.71,469.78,463.92,479.14,349.96,607.89
1771,OK,13,201,690,690,280.95,478.6,458.68,482.42,346.38,613.36
1772,OK,14,215,673,673,274.31,483.94,447.55,486.94,341.05,616.84
1773,OK,9,213,674,674,269.76,485.54,443.37,485.51,337.23,616.21
1774,OK,-7,200,698,698,261.46,483.29,441.21,480.45,332.9,616.84
1775,OK,-6,201,696,696,260.95,485.23,440.18,480.12,334.67,617.32
1776,OK,-3,205,693,693,262.74,485.94,441.2,480.74,335.27,619.69
1777,OK,-2,205,690,690,262.88,485.84,440.43,481.05,335.98,617.17
1778,OK,0,205,688,688,264.81,484.7,442.1,481.26,335.89,616.01
1779,OK,1,208,684,684,264.51,485.44,440.61,481.48,334.67,617.91
1780,OK,3,210,681,681,264.99,486.63,440.38,482.64,333.77,616.8
1781,OK,4,210,682,682,265.96,487.59,441.54,482.5,337.65,617.98
1782,OK,-1,205,686,686,262.87,485.5,439.52,479.45,333.86,614.91
1783,OK,-14,199,700,700,257.22,483.55,437.41,479.5,325.99,617.75
1784,OK,3,213,679,679,265.15,490.35,440.09,489.01,333.08,615.97
1785,OK,2,208,685,685,265.35,486.11,441.65,483.18,335.04,616.22
1786,OK,1,207,685,685,264.46,483.79,440.92,481.77,333.72,615.66
1787,OK,8,216,675,675,268.04,487.86,441.82,487.06,335.16,619.72
1788,OK,7,210,679,679,268.71,484.04,443.5,484.58,335.91,614.51
1789,OK,5,206,678,678,267.31,481.96,441.98,481.04,334.84,609.84
1790,OK,4,202,683,683,267.87,479.75,443.69,480.1,334.35,607.17
1791,OK,1,198,686,686,266.94,476.72,443.59,478.99,333.18,605.29
1792,OK,10,206,672,672,269.72,480.38,442.91,480.56,336.86,604.04
1793,OK,-1,187,688,688,267.54,469.28,444.68,474.47,330.86,592.02
1794,OK,-2,178,683,683,266.67,456.61,442.23,466.16,324.83,576.87
1795,OK,-1,162,683,683,269.87,438.35,444.77,457.38,324.02,559.0
1796,OK,-3,151,689,689,273.75,427.0,449.55,452.1,320.47,550.93
1797,OK,12,164,668,668,282.65,436.15,452.83,462.14,324.91,548.19
1798,OK,17,169,664,664,285.42,437.21,454.35,464.17,329.96,552.21
1799,OK,5,160,699,699,286.67,433.44,463.31,467.83,334.75,568.54
