k,status,x,y,w,h,rx,ry,lx,ly,nx,ny
0,FAILED,,,,,,,,,,
1,OK,-209,55,1038,1038,214.86,520.75,407.11,493.68,309.84,641.7
2,OK,-220,65,1041,1041,207.7,533.25,400.02,502.72,297.75,653.86
3,OK,-218,70,1048,1048,210.82,538.45,404.5,508.94,305.78,664.75
4,OK,-214,75,1051,1051,213.89,543.71,408.57,516.47,310.88,670.01
5,OK,-204,78,1049,1049,223.82,545.36,418.62,521.75,320.53,671.64
6,OK,-195,79,1041,1041,226.68,549.45,419.0,519.27,327.82,665.08
7,OK,-190,79,1048,1048,233.72,547.94,428.25,523.89,337.23,671.12
8,OK,-183,86,1039,1039,234.83,550.54,427.29,523.4,341.25,673.89
9,OK,-187,88,1041,1041,232.34,557.1,424.41,525.39,338.77,675.37
10,OK,-185,88,1040,1040,234.43,556.25,426.7,526.39,340.82,675.76
11,OK,-180,88,1035,1035,235.35,554.41,426.45,523.92,343.44,672.59
12,OK,-168,71,1027,1027,244.32,535.34,433.83,504.4,351.76,649.36
13,OK,-155,58,1014,1014,251.95,513.73,439.91,488.26,360.02,630.81
14,OK,-130,39,985,985,266.04,480.76,449.86,468.21,367.5,589.29
15,OK,-112,25,962,962,273.53,454.47,453.25,445.14,376.41,563.97
16,OK,-96,-11,950,950,288.08,407.22,465.37,419.35,383.09,514.79
17,OK,-73,-6,919,919,300.32,394.75,470.85,416.61,388.16,502.31
18,OK,-29,14,871,871,321.71,393.27,483.21,414.13,410.62,495.83
19,OK,-3,30,842,842,336.85,396.0,492.38,421.25,423.3,494.93
20,OK,2,20,859,859,349.31,390.54,507.06,421.09,434.48,492.85
21,OK,4,24,875,875,355.7,401.43,516.61,431.01,446.22,507.01
22,OK,23,51,870,870,378.88,424.91,537.89,459.42,458.66,530.62
23,OK,39,69,878,878,401.5,434.83,559.2,480.74,476.81,559.69
24,OK,58,69,865,865,415.49,426.48,569.83,474.81,488.92,551.49
25,OK,69,64,853,853,419.83,420.42,572.27,467.31,495.0,536.2
26,OK,53,53,864,864,410.13,413.82,564.08,463.03,482.95,531.78
27,OK,35,47,870,870,395.87,411.23,552.51,455.38,466.97,532.32
28,OK,8,40,887,887,373.53,418.86,535.49,454.42,448.58,530.43
29,OK,8,55,874,874,368.95,426.27,528.82,460.79,442.9,541.43
30,OK,7,57,878,878,367.56,429.35,528.06,464.21,445.5,547.04
31,OK,-2,60,885,885,361.96,431.05,523.3,468.37,438.05,555.52
32,OK,-5,66,886,886,358.96,434.95,520.46,472.0,436.96,565.29
33,OK,-26,61,913,913,349.68,442.56,516.64,478.38,428.31,574.69
34,OK,-69,64,972,972,332.07,471.33,512.36,495.31,413.76,618.57
35,OK,-107,70,999,999,307.66,490.85,493.01,513.84,385.15,636.75
36,OK,-158,71,1074,1074,289.79,520.18,488.62,548.05,370.54,682.81
37,OK,-211,69,1138,1138,265.05,549.13,476.66,571.3,347.08,715.82
38,OK,-219,77,1147,1147,262.49,561.19,475.31,587.94,339.38,726.4
39,OK,-224,84,1189,1189,273.56,582.38,494.58,606.45,356.85,762.94
40,OK,-208,113,1175,1175,285.54,596.11,503.45,625.02,363.75,789.79
41,OK,-196,118,1166,1166,293.28,601.12,509.83,626.71,372.56,788.73
42,OK,-205,100,1192,1192,296.94,594.36,518.29,621.34,376.19,784.97
43,OK,-191,98,1180,1180,303.52,591.65,522.95,615.17,385.86,773.52
44,OK,-193,88,1189,1189,305.99,583.77,526.71,610.66,386.89,767.22
45,OK,-195,61,1221,1221,315.0,571.32,541.84,597.57,403.45,757.94
46,OK,-168,58,1211,1211,337.64,557.56,561.25,593.81,424.95,750.41
47,OK,-79,74,1164,1164,403.28,557.02,617.56,595.25,497.45,735.97
48,OK,-33,72,1151,1151,446.73,546.69,656.7,594.39,533.6,724.32
49,OK,4,57,1125,1125,476.13,515.06,680.44,565.51,555.18,698.45
50,OK,53,51,1062,1062,495.1,490.66,689.48,531.27,577.34,654.85
51,OK,103,24,1045,1045,537.97,455.47,727.05,504.88,618.88,613.82
52,OK,130,20,1023,1023,557.04,446.36,741.5,497.32,634.5,591.12
53,OK,151,39,1013,1013,571.59,457.37,755.22,504.14,652.58,609.3
54,OK,137,46,1032,1032,564.92,472.4,752.37,518.64,648.28,629.24
55,OK,132,74,1026,1026,552.38,501.1,739.85,542.29,644.49,654.3
56,OK,97,85,1068,1068,536.81,522.22,731.53,566.77,629.58,693.98
57,OK,38,85,1099,1099,495.08,533.07,695.8,577.63,579.21,712.88
58,OK,-5,78,1136,1136,468.02,546.59,676.81,586.14,554.01,726.57
59,OK,-47,77,1148,1148,431.18,555.81,643.36,588.96,518.09,729.81
60,OK,-69,62,1166,1166,413.67,556.03,630.47,578.77,506.83,723.81
61,OK,-70,52,1154,1154,408.91,539.88,623.47,563.8,497.9,706.45
62,OK,-64,45,1145,1145,411.55,527.55,624.09,554.19,498.86,693.32
63,OK,-88,40,1174,1174,399.89,538.25,618.03,562.43,490.35,705.03
64,OK,-103,43,1187,1187,391.06,544.07,611.69,568.08,479.58,715.98
65,OK,-88,69,1148,1148,388.51,555.43,602.3,575.61,476.87,720.57
66,OK,-99,74,1134,1134,372.87,558.47,584.39,572.86,458.73,718.21
67,OK,-149,31,1131,1131,317.92,527.43,529.08,514.89,410.49,672.75
68,OK,-141,27,1064,1064,294.56,504.91,490.2,468.04,391.04,632.22
69,OK,-126,21,1002,1002,285.36,470.41,469.9,437.56,373.81,591.94
70,OK,-110,7,969,969,286.73,448.33,463.89,410.45,373.28,553.71
71,OK,-108,8,946,946,281.61,443.32,453.07,399.96,363.23,540.81
72,OK,-98,10,948,948,289.21,448.6,459.56,399.56,378.08,545.4
73,OK,-79,9,938,938,304.56,444.3,473.7,397.93,392.13,535.05
74,OK,-52,9,904,904,317.78,435.91,479.53,386.48,403.17,510.95
75,OK,-41,10,888,888,323.54,427.63,482.72,380.5,404.33,504.5
76,OK,-25,14,868,868,329.67,426.31,484.43,377.02,411.81,494.96
77,OK,-16,9,858,858,334.74,420.13,486.77,368.44,417.19,483.02
78,OK,-12,11,853,853,336.35,419.24,488.01,369.62,417.0,480.92
79,OK,-15,22,860,860,337.43,429.73,490.55,380.22,417.79,499.23
80,OK,-28,12,887,887,334.17,434.66,491.58,381.98,418.25,503.57
81,OK,-31,17,888,888,333.0,437.83,491.2,387.14,414.95,510.97
82,OK,-36,15,908,908,333.96,444.87,496.02,394.32,421.19,519.38
83,OK,-27,18,903,903,340.17,447.24,500.52,394.16,428.74,517.94
84,OK,-26,16,911,911,343.65,447.99,505.53,394.55,434.7,521.94
85,OK,-25,18,889,889,338.47,439.51,497.67,391.41,419.94,509.85
86,OK,-18,9,889,889,346.32,430.51,505.49,382.71,426.15,501.27
87,OK,-12,4,891,891,351.21,427.13,510.33,377.33,436.24,497.4
88,OK,-5,-1,881,881,351.88,422.18,508.02,369.76,440.36,483.02
89,OK,-7,1,883,883,351.51,425.28,507.44,370.93,439.36,487.35
90,OK,-11,0,890,890,350.28,425.39,508.16,372.38,439.58,491.29
91,OK,-3,-15,887,887,355.83,405.33,515.52,360.23,445.5,473.95
92,OK,8,-33,880,880,363.83,388.85,520.35,338.12,455.15,450.72
93,OK,21,-24,845,845,364.68,379.12,516.04,333.5,447.43,440.87
94,OK,21,-32,853,853,366.99,379.19,518.58,329.54,453.08,433.97
95,OK,20,-32,855,855,365.04,380.67,516.69,329.81,453.17,435.4
96,OK,11,-38,868,868,362.43,382.39,516.66,331.62,451.17,435.93
97,OK,6,-44,884,884,363.16,381.02,521.0,331.86,454.38,440.65
98,OK,-5,-53,913,913,363.07,385.33,525.8,333.81,458.59,446.44
99,OK,-14,-59,945,945,364.35,391.88,533.61,340.9,467.71,459.68
100,OK,-1,-42,927,927,369.84,401.15,536.04,351.92,472.73,466.68
101,OK,1,-18,917,917,370.18,411.46,535.76,366.84,466.0,491.2
102,OK,6,6,922,922,379.05,432.34,546.78,391.94,472.56,521.93
103,OK,16,6,931,931,391.82,432.8,563.06,401.03,484.91,525.37
104,OK,36,17,918,918,408.72,429.62,579.64,413.52,495.85,531.39
105,OK,44,21,920,920,416.82,432.66,588.14,416.27,506.72,538.4
106,OK,42,18,932,932,418.86,439.14,591.98,419.35,512.23,539.14
107,OK,49,28,926,926,422.99,445.1,595.44,428.99,515.64,546.48
108,OK,54,47,932,932,428.14,463.08,601.43,443.72,525.27,572.83
109,OK,38,54,964,964,424.45,486.26,602.33,457.28,528.27,601.27
110,OK,27,60,976,976,418.64,496.73,599.11,469.01,522.19,613.2
111,OK,30,74,957,957,416.62,501.89,594.22,479.13,512.44,614.92
112,OK,24,67,973,973,415.26,507.87,594.99,479.78,516.32,614.03
113,OK,15,66,980,980,409.76,509.68,590.53,479.79,511.61,618.44
114,OK,12,62,990,990,407.19,511.0,588.78,474.5,516.63,621.77
115,OK,22,44,1003,1003,413.69,518.26,590.42,455.58,544.12,605.0
116,OK,25,39,1014,1014,417.01,525.33,592.83,454.18,560.79,603.53
117,OK,11,49,1021,1021,406.86,532.0,586.05,466.2,546.9,619.6
118,OK,-15,52,1029,1029,387.71,533.01,571.48,475.82,519.08,628.76
119,OK,-33,59,1028,1028,373.77,531.34,560.46,485.7,495.61,639.0
120,OK,-40,62,1031,1031,370.11,530.9,558.05,487.83,486.18,644.96
121,OK,-40,62,1035,1035,373.1,535.25,561.87,492.57,486.64,644.59
122,OK,-39,63,1039,1039,377.32,532.91,568.1,496.05,487.3,651.3
123,OK,-34,61,1051,1051,386.61,532.26,580.46,499.61,499.17,656.77
124,OK,-28,66,1047,1047,394.04,530.29,588.09,504.19,500.11,661.29
125,OK,-2,81,1016,1016,407.59,530.72,596.17,507.52,511.64,659.49
126,OK,-9,62,1038,1038,409.19,520.9,602.02,498.42,516.3,652.53
127,OK,10,61,1001,1001,412.47,501.6,598.61,481.04,514.81,630.95
128,OK,6,49,1002,1002,409.93,491.2,596.16,470.95,511.95,618.99
129,OK,30,25,963,963,414.51,459.44,592.72,433.88,519.21,565.75
130,OK,35,-2,940,940,417.18,426.71,591.56,404.65,506.74,520.65
131,OK,74,-16,884,884,432.02,391.6,596.09,370.44,519.1,472.38
132,OK,79,-49,889,889,436.63,369.72,599.94,338.19,527.85,436.27
133,OK,89,-46,848,848,427.8,368.08,579.1,320.75,523.27,412.96
134,OK,94,-45,820,820,423.38,357.75,570.69,314.7,511.91,393.86
135,OK,92,-44,808,808,416.7,352.13,562.7,312.96,502.74,389.34
136,OK,93,-32,803,803,416.56,360.95,561.67,321.96,499.46,396.89
137,OK,81,-13,827,827,416.15,380.44,567.41,348.21,496.49,435.7
138,OK,80,0,832,832,417.45,394.19,569.9,362.58,499.33,454.6
139,OK,77,9,835,835,414.88,399.64,568.18,369.87,497.01,467.31
140,OK,85,20,819,819,415.96,402.66,566.54,374.73,496.83,471.12
141,OK,78,15,835,835,415.22,403.68,568.84,375.39,499.76,476.25
142,OK,71,8,847,847,413.26,401.49,569.28,373.56,498.73,475.61
143,OK,61,10,865,865,409.32,409.9,568.65,381.36,497.21,489.5
144,OK,54,17,871,871,406.67,421.5,566.37,389.36,492.96,500.26
145,OK,55,32,902,902,416.78,443.18,583.32,416.62,513.21,537.46
146,OK,61,50,900,900,419.44,459.67,585.54,432.31,519.51,554.72
147,OK,55,63,901,901,413.73,469.8,580.01,442.71,513.13,570.91
148,OK,62,65,896,896,420.23,469.42,586.0,444.44,518.6,570.82
149,OK,57,53,915,915,421.71,466.87,590.71,439.42,523.51,567.51
150,OK,59,46,914,914,424.14,460.02,593.55,436.5,523.76,559.34
151,OK,60,50,906,906,422.84,459.11,590.89,437.82,519.34,558.27
152,OK,60,55,911,911,423.77,462.91,592.96,442.54,522.1,568.61
153,OK,41,50,934,934,413.53,470.15,586.66,447.11,516.36,577.26
154,OK,0,44,959,959,385.52,478.88,562.13,447.28,485.98,584.0
155,OK,-24,37,986,986,372.08,484.81,553.63,452.17,475.95,592.85
156,OK,-50,35,1027,1027,359.82,503.7,548.23,466.03,473.03,611.94
157,OK,-77,44,1070,1070,352.52,521.75,551.38,498.72,465.12,649.0
158,OK,-70,98,1059,1059,355.64,561.12,552.77,541.39,464.11,702.79
159,OK,-78,114,1076,1076,353.82,585.52,554.62,571.75,467.38,726.14
160,OK,-82,116,1095,1095,357.2,594.08,561.41,579.4,471.82,740.26
161,OK,-85,103,1116,1116,362.46,592.56,570.58,576.08,480.05,739.29
162,OK,-92,86,1147,1147,369.57,588.56,583.57,572.54,487.15,739.3
163,OK,-55,106,1106,1106,390.09,591.97,596.24,574.65,503.31,736.11
164,OK,-26,120,1091,1091,414.14,595.13,618.03,589.06,523.59,739.33
165,OK,-68,106,1133,1133,393.64,598.61,605.49,595.98,498.04,746.92
166,OK,-101,95,1133,1133,361.11,587.3,572.83,580.03,464.53,738.67
167,OK,-123,89,1182,1182,357.85,603.27,578.78,594.53,468.74,762.25
168,OK,-126,98,1193,1193,365.74,604.4,588.83,607.4,464.11,783.05
169,OK,-95,106,1203,1203,397.99,611.22,622.73,621.61,501.87,797.98
170,OK,-21,141,1166,1166,456.53,625.85,673.13,651.67,559.89,810.2
171,OK,12,122,1157,1157,485.1,601.06,699.5,629.79,589.12,785.29
172,OK,54,95,1127,1127,512.86,568.22,722.23,591.71,618.14,737.14
173,OK,136,93,1040,1040,557.19,523.95,748.45,559.49,659.99,684.6
174,OK,167,50,1043,1043,592.62,478.28,782.97,520.93,689.8,642.58
175,OK,223,58,984,984,622.67,458.71,801.12,503.86,719.94,619.92
176,OK,196,30,1009,1009,605.06,447.97,789.69,487.22,702.64,601.74
177,OK,151,15,1050,1050,579.14,458.69,773.27,487.82,677.0,608.54
178,OK,117,43,1066,1066,553.36,493.55,750.93,520.57,648.93,645.14
179,OK,108,48,1062,1062,539.37,500.4,736.69,522.98,640.21,647.66
180,OK,40,48,1102,1102,488.51,519.22,694.2,531.04,591.31,673.13
181,OK,10,44,1116,1116,464.92,527.7,673.47,533.12,567.12,675.27
182,OK,-12,47,1124,1124,446.61,534.89,656.82,531.22,550.07,685.89
183,OK,-9,56,1114,1114,442.76,543.13,650.92,534.37,549.25,687.89
184,OK,-19,60,1127,1127,437.22,552.78,647.51,539.98,546.11,699.75
185,OK,-29,65,1130,1130,429.63,559.01,640.45,544.83,538.85,708.36
186,OK,-23,71,1127,1127,431.4,562.05,641.73,548.48,544.19,713.19
187,OK,-9,81,1117,1117,438.54,571.59,646.87,555.76,556.06,715.5
188,OK,-19,65,1151,1151,444.09,568.16,658.69,552.4,560.87,721.18
189,OK,-10,68,1162,1162,460.05,565.94,677.34,567.6,574.11,732.4
190,OK,16,72,1136,1136,474.19,560.82,686.54,563.56,588.15,717.85
191,OK,32,75,1118,1118,483.8,551.24,692.75,560.11,594.75,712.73
192,OK,37,71,1117,1117,487.27,546.86,696.08,553.66,599.89,709.25
193,OK,47,66,1109,1109,494.34,539.66,701.53,548.53,605.51,697.63
194,OK,38,64,1122,1122,491.6,542.29,701.18,552.38,602.06,704.4
195,OK,44,62,1131,1131,500.68,541.41,711.88,552.29,612.51,707.64
196,OK,70,75,1114,1114,518.59,547.7,726.66,559.83,633.12,711.5
197,OK,87,69,1097,1097,527.5,533.67,732.18,548.73,640.56,694.17
198,OK,73,30,1087,1087,513.01,491.71,715.49,510.3,618.7,646.87
199,OK,51,-14,1046,1046,476.63,440.33,672.15,446.77,573.89,574.79
200,OK,29,-33,999,999,438.17,415.32,624.8,405.84,525.58,522.92
201,OK,4,-75,976,976,403.86,375.79,585.29,355.68,490.68,462.21
202,OK,-17,-88,970,970,381.53,366.07,561.38,341.51,466.2,440.72
203,OK,-39,-74,943,943,350.1,368.48,524.66,342.7,426.64,440.4
204,OK,-61,-68,951,951,330.76,381.29,505.61,348.19,411.25,450.38
205,OK,-91,-42,963,963,306.81,408.51,482.01,366.95,386.19,490.79
206,OK,-89,3,938,938,299.69,437.87,470.18,396.24,375.2,528.91
207,OK,-97,42,936,936,289.0,470.48,458.53,426.6,369.07,573.45
208,OK,-121,37,978,978,280.51,487.0,457.26,439.86,368.05,589.87
209,OK,-118,49,997,997,287.54,505.02,467.94,457.98,382.27,614.22
210,OK,-127,44,1026,1026,291.93,509.27,479.24,467.22,388.0,626.78
211,OK,-124,47,1041,1041,298.77,522.73,487.63,475.76,399.44,635.93
212,OK,-121,50,1044,1044,304.76,524.26,494.83,479.9,402.49,642.28
213,OK,-111,52,1039,1039,311.77,524.77,500.77,479.27,410.44,641.54
214,OK,-111,43,1059,1059,318.81,520.64,512.58,479.37,420.72,645.45
215,OK,-109,38,1079,1079,329.79,521.01,528.47,486.19,431.03,650.95
216,OK,-82,56,1056,1056,346.93,529.98,541.8,498.2,448.71,655.49
217,OK,-77,60,1076,1076,360.43,541.64,559.57,512.91,463.37,669.22
218,OK,-64,81,1093,1093,380.51,564.46,582.94,536.62,483.58,703.94
219,OK,-46,94,1108,1108,401.38,583.17,607.6,562.49,512.99,724.17
220,OK,-28,123,1103,1103,417.41,602.9,623.14,588.21,527.29,753.77
221,OK,2,108,1091,1091,443.5,579.06,647.61,576.89,550.24,728.28
222,OK,40,67,1066,1066,474.34,522.92,672.91,540.4,572.76,670.03
223,OK,67,48,1044,1044,492.07,493.95,686.17,514.52,590.54,637.01
224,OK,88,34,1037,1037,508.63,474.08,701.18,497.57,608.26,619.89
225,OK,91,31,1050,1050,516.79,476.14,711.68,499.57,618.7,626.0
226,OK,111,55,1029,1029,527.9,489.3,718.25,517.29,628.24,634.9
227,OK,108,63,1036,1036,527.65,503.46,719.77,528.7,629.26,647.14
228,OK,89,68,1047,1047,514.09,508.16,708.18,533.4,614.79,662.17
229,OK,74,66,1053,1053,502.19,509.4,697.57,534.82,600.42,663.01
230,OK,42,56,1077,1077,481.61,516.2,682.15,535.8,579.69,662.58
231,OK,33,50,1076,1076,473.07,514.49,673.72,530.98,570.34,653.28
232,OK,59,70,1041,1041,481.29,513.44,674.69,535.69,580.03,656.58
233,OK,59,71,1046,1046,484.15,515.12,678.37,538.93,583.16,662.35
234,OK,80,89,1036,1036,501.0,522.16,692.06,553.91,599.73,677.71
235,OK,72,84,1058,1058,503.45,523.87,698.46,557.17,601.52,685.71
236,OK,89,89,1066,1066,519.35,534.03,717.13,558.73,627.09,697.77
237,OK,103,90,1069,1069,531.4,535.73,729.37,564.29,643.77,699.63
238,OK,90,87,1077,1077,525.0,535.29,724.11,565.1,632.77,700.06
239,OK,58,76,1084,1084,499.77,529.75,700.83,555.93,601.34,693.79
240,OK,2,64,1090,1090,447.7,529.19,651.29,539.49,544.81,683.82
241,OK,-21,72,1064,1064,413.9,536.2,612.82,533.71,509.95,674.7
242,OK,-55,40,1093,1093,391.72,514.56,596.08,511.77,488.12,659.3
243,OK,-66,32,1102,1102,385.01,513.53,590.96,507.46,482.66,656.3
244,OK,-33,45,1070,1070,404.28,514.94,604.25,508.77,501.29,649.27
245,OK,-6,53,1074,1074,431.27,518.45,632.13,520.02,530.83,662.24
246,OK,35,56,1068,1068,470.04,512.91,668.94,531.13,568.62,658.99
247,OK,44,53,1074,1074,481.38,513.14,681.32,532.25,581.89,658.83
248,OK,41,51,1074,1074,478.38,511.23,678.43,530.34,578.55,656.11
249,OK,29,51,1072,1072,467.63,508.19,667.01,528.84,563.44,655.77
250,OK,-15,43,1086,1086,431.46,509.59,634.28,519.58,524.64,658.69
251,OK,-49,26,1089,1089,397.74,502.38,601.35,499.11,491.0,640.47
252,OK,-58,4,1093,1093,387.32,486.88,591.39,473.8,486.71,620.84
253,OK,-32,-8,1083,1083,410.72,463.51,613.32,461.81,507.41,603.42
254,OK,10,-17,1072,1072,447.69,448.52,648.12,455.72,545.82,587.87
255,OK,41,-23,1061,1061,474.73,433.63,672.34,452.02,569.21,572.28
256,OK,50,-14,1051,1051,478.4,436.05,674.39,451.69,574.15,578.56
257,OK,17,-22,1080,1080,459.27,441.11,660.78,455.57,555.28,587.74
258,OK,-2,-23,1080,1080,441.12,443.56,642.72,454.68,535.65,585.96
259,OK,-26,-8,1077,1077,416.38,458.04,617.72,466.45,508.86,599.35
260,OK,-23,16,1065,1065,413.26,480.45,612.35,483.02,507.0,615.03
261,OK,0,30,1066,1066,434.78,490.24,634.13,493.88,532.92,634.06
262,OK,15,38,1064,1064,449.61,495.08,648.37,503.35,546.08,641.66
263,OK,36,49,1068,1068,470.23,506.98,669.35,523.24,570.96,651.16
264,OK,36,58,1076,1076,475.14,517.71,675.4,536.82,573.32,664.84
265,OK,38,70,1076,1076,479.36,526.26,679.03,551.19,573.44,678.49
266,OK,39,81,1080,1080,481.59,535.02,682.08,558.99,577.59,696.29
267,OK,20,67,1104,1104,471.74,532.56,677.2,553.4,569.97,695.41
268,OK,16,66,1108,1108,469.85,532.4,675.93,553.26,568.2,697.23
269,OK,23,68,1101,1101,473.09,533.14,677.96,553.39,570.79,693.78
270,OK,36,77,1084,1084,479.21,537.15,681.11,555.61,577.43,692.58
271,OK,46,84,1077,1077,486.87,538.75,686.97,561.32,582.61,695.64
272,OK,44,80,1082,1082,486.05,537.98,687.31,558.45,584.94,695.64
273,OK,31,75,1097,1097,479.05,537.94,683.33,557.06,577.16,700.06
274,OK,32,78,1091,1091,478.11,539.67,681.14,559.16,575.13,696.89
275,OK,17,44,1109,1109,471.6,518.54,677.95,539.68,567.72,668.54
276,OK,7,24,1089,1089,454.79,488.43,658.24,499.19,547.38,642.36
277,OK,-3,-17,1058,1058,433.69,440.47,631.28,450.88,520.29,578.47
278,OK,-8,-58,1030,1030,418.75,399.47,611.45,398.79,500.56,516.31
279,OK,-2,-101,966,966,396.77,346.91,576.55,329.41,476.49,425.91
280,OK,19,-101,896,896,392.09,319.94,558.64,300.92,460.29,385.22
281,OK,5,-133,906,906,381.7,302.09,548.7,273.26,452.55,353.41
282,OK,22,-117,860,860,380.73,303.23,537.97,269.36,445.62,341.33
283,OK,39,-106,822,822,383.04,300.61,533.21,267.57,442.71,325.96
284,OK,43,-99,821,821,384.99,305.23,534.81,271.34,447.75,335.0
285,OK,69,-76,788,788,398.0,312.85,542.43,283.5,456.18,338.54
286,OK,66,-80,810,810,402.15,319.78,549.62,285.32,467.33,347.53
287,OK,70,-68,807,807,404.55,329.03,551.14,293.31,468.54,360.57
288,OK,73,-58,792,792,403.18,329.85,547.19,294.8,464.16,365.03
289,OK,68,-60,801,801,400.7,328.16,546.78,294.86,462.39,369.28
290,OK,46,-54,809,809,384.0,337.29,530.64,299.67,443.35,382.65
291,OK,32,-67,827,827,377.18,332.77,527.29,295.54,438.63,378.29
292,OK,11,-69,828,828,360.52,330.63,511.43,295.56,415.37,378.53
293,OK,-2,-69,849,849,354.66,340.94,509.23,304.36,413.33,388.54
294,OK,-31,-62,905,905,351.26,361.12,518.51,334.8,407.68,432.69
295,OK,-32,-52,969,969,371.03,392.09,551.24,372.48,443.26,482.57
296,OK,-10,-11,991,991,397.35,430.99,582.6,424.01,480.91,540.6
297,OK,12,13,1014,1014,429.97,449.97,618.96,466.36,514.9,583.48
298,OK,31,62,1021,1021,452.0,493.74,642.27,508.77,535.54,644.3
299,OK,33,70,1033,1033,460.08,505.71,652.14,525.89,542.9,658.17
300,OK,59,83,1029,1029,482.58,512.27,672.79,541.32,570.23,667.26
301,OK,66,84,1028,1028,488.44,515.56,678.99,541.7,577.44,667.68
302,OK,82,91,1025,1025,503.01,517.56,692.18,548.46,592.1,674.97
303,OK,85,95,1026,1026,507.53,521.38,696.99,551.45,595.36,681.06
304,OK,98,109,1009,1009,510.91,528.04,697.96,553.65,599.64,685.48
305,OK,76,103,1026,1026,500.94,531.66,690.94,558.85,583.55,688.05
306,OK,88,95,1024,1024,508.33,523.74,698.16,548.53,597.99,678.1
307,OK,65,99,1035,1035,496.05,529.93,686.65,563.66,574.32,685.71
308,OK,64,92,1034,1034,492.8,527.63,684.22,555.58,575.33,678.31
309,OK,61,93,1040,1040,491.46,530.56,684.04,557.87,574.88,682.25
310,OK,0,85,1087,1087,454.06,541.54,656.02,564.77,531.62,703.19
311,OK,-5,105,1037,1037,430.47,545.94,623.96,559.2,500.31,695.23
312,OK,-30,101,1043,1043,407.8,543.38,602.41,557.2,477.37,694.7
313,OK,-60,91,1080,1080,393.94,548.68,595.1,567.7,466.42,704.45
314,OK,-82,85,1096,1096,378.09,549.93,582.07,569.64,452.4,707.33
315,OK,-86,90,1094,1094,371.65,555.92,575.46,573.87,449.28,710.29
316,OK,-83,112,1081,1081,365.99,572.2,567.61,586.29,447.87,725.41
317,OK,-82,118,1089,1089,370.3,578.46,573.31,594.27,452.88,738.19
318,OK,-71,103,1102,1102,387.17,570.83,592.45,589.8,470.86,729.46
319,OK,-59,85,1117,1117,407.78,553.13,614.36,584.41,488.71,719.22
320,OK,-12,85,1087,1087,438.93,543.77,641.15,564.27,523.12,703.88
321,OK,-1,57,1107,1107,459.7,521.57,664.76,549.85,543.73,686.24
322,OK,46,50,1075,1075,488.34,503.73,687.51,531.75,578.89,656.61
323,OK,86,61,1040,1040,511.86,496.06,703.63,528.67,604.49,650.81
324,OK,104,76,1033,1033,527.31,505.68,717.64,539.08,619.08,662.04
325,OK,113,74,1028,1028,534.83,503.92,724.34,535.79,624.98,656.29
326,OK,95,47,1065,1065,533.25,492.03,729.35,527.38,623.81,649.68
327,OK,102,48,1048,1048,531.6,489.35,725.16,520.46,623.78,640.11
328,OK,93,44,1057,1057,528.53,486.46,723.05,521.48,617.58,640.6
329,OK,94,58,1036,1036,520.26,493.48,711.76,523.34,609.97,643.8
330,OK,85,59,1044,1044,514.35,496.54,707.18,527.71,604.99,651.48
331,OK,57,49,1058,1058,491.07,495.68,687.39,520.35,583.8,648.53
332,OK,27,43,1077,1077,467.03,505.58,668.15,515.51,563.67,652.85
333,OK,5,72,1060,1060,439.16,526.31,637.41,526.47,532.87,677.7
334,OK,1,99,1047,1047,429.22,550.03,624.96,546.84,522.77,696.46
335,OK,-18,106,1042,1042,407.9,557.9,602.46,547.44,501.53,702.17
336,OK,-51,90,1068,1068,387.83,556.01,586.98,541.33,480.46,701.24
337,OK,-62,77,1064,1064,375.18,540.33,573.75,528.23,467.46,683.83
338,OK,-61,79,1067,1067,377.61,540.26,577.15,536.75,467.81,685.86
339,OK,-56,56,1070,1070,382.36,522.81,582.33,515.42,476.33,663.7
340,OK,-35,44,1058,1058,401.21,503.46,599.04,505.79,489.64,641.53
341,OK,28,47,1029,1029,450.79,487.01,642.97,496.3,537.82,630.35
342,OK,58,25,1026,1026,479.0,467.16,670.17,483.42,569.2,602.31
343,OK,61,3,1056,1056,493.96,456.98,690.23,479.47,586.11,595.37
344,OK,74,5,1042,1042,500.68,453.65,694.46,474.42,593.97,589.46
345,OK,63,3,1030,1030,484.62,444.26,676.81,458.24,576.22,584.81
346,OK,39,-6,1033,1033,462.25,440.43,655.3,446.24,551.91,577.91
347,OK,12,-18,1002,1002,426.4,423.74,613.76,419.51,507.67,544.78
348,OK,4,-53,988,988,411.26,390.19,595.77,381.28,493.29,497.31
349,OK,10,-91,942,942,396.47,350.74,571.65,331.1,478.63,420.19
350,OK,15,-102,911,911,390.18,334.31,558.21,305.88,467.37,386.51
351,OK,17,-105,895,895,387.67,332.73,552.53,303.93,458.14,365.97
352,OK,15,-108,898,898,387.85,333.22,553.44,305.65,458.07,363.77
353,OK,16,-110,902,902,389.85,333.7,556.25,305.8,461.35,363.14
354,OK,15,-112,906,906,391.25,335.84,558.35,307.45,462.75,361.77
355,OK,17,-99,905,905,391.64,340.82,558.94,314.97,463.3,379.55
356,OK,8,-80,911,911,385.2,355.15,552.8,323.95,457.39,411.54
357,OK,-18,-92,966,966,381.23,365.11,560.18,340.11,459.32,431.3
358,OK,-12,-58,945,945,381.5,380.95,556.62,356.69,451.37,460.52
359,OK,-11,-45,951,951,385.47,391.23,562.31,371.81,455.74,480.46
360,OK,-5,-36,957,957,392.59,400.12,570.79,384.08,466.24,492.46
361,OK,16,-20,941,941,407.14,403.33,582.95,393.71,477.1,503.0
362,OK,13,-19,963,963,411.28,412.13,590.84,398.8,488.31,520.5
363,OK,16,-12,969,969,417.07,419.45,598.05,408.73,492.54,530.86
364,OK,6,-26,990,990,415.49,419.21,600.38,408.96,495.09,525.74
365,OK,-2,-12,989,989,404.52,432.4,588.96,418.03,487.79,539.79
366,OK,-17,-1,981,981,384.99,442.51,567.19,421.55,469.95,546.04
367,OK,-37,-1,998,998,371.57,452.45,556.54,427.17,461.04,556.48
368,OK,-62,5,1022,1022,356.93,468.71,546.16,441.74,447.78,576.96
369,OK,-54,11,1019,1019,362.43,475.48,551.56,452.34,453.11,577.74
370,OK,-29,28,1006,1006,382.93,478.43,570.75,468.15,471.89,590.1
371,OK,-30,23,1039,1039,394.66,479.74,588.91,474.71,487.55,607.25
372,OK,0,37,1020,1020,418.59,481.62,609.26,484.28,506.24,612.6
373,OK,31,58,995,995,439.4,484.67,625.39,489.24,524.75,624.97
374,OK,17,59,1031,1031,439.8,499.57,632.6,501.98,528.58,647.32
375,OK,33,59,1021,1021,450.4,495.81,641.37,497.67,540.35,642.97
376,OK,40,60,1023,1023,459.86,494.59,650.85,504.83,547.11,643.51
377,OK,45,68,1025,1025,466.45,501.31,657.32,518.46,554.06,650.89
378,OK,48,54,1046,1046,477.37,497.3,672.02,517.29,568.53,647.99
379,OK,37,64,1032,1032,461.8,502.43,654.28,515.42,548.87,651.68
380,OK,17,79,1013,1013,435.3,511.17,624.84,511.25,517.88,659.69
381,OK,16,69,1011,1011,430.76,504.2,619.85,501.82,518.2,645.92
382,OK,1,56,1026,1026,421.04,501.48,612.82,494.31,512.75,641.62
383,OK,0,70,1013,1013,415.96,505.53,605.39,503.51,502.22,647.85
384,OK,-3,72,1017,1017,414.67,513.09,604.77,509.37,502.11,649.66
385,OK,-12,76,1025,1025,409.25,520.45,600.9,515.29,495.52,659.52
386,OK,-13,74,1025,1025,407.72,520.02,599.23,511.51,495.4,656.87
387,OK,-8,72,1018,1018,409.92,517.43,600.02,507.82,498.24,650.92
388,OK,-7,70,1016,1016,410.75,513.5,600.56,504.77,497.45,648.57
389,OK,6,82,996,996,415.84,515.78,602.02,509.2,499.52,647.72
390,OK,12,79,1009,1009,426.79,513.1,615.53,510.76,512.2,654.29
391,OK,21,75,1026,1026,440.59,516.0,632.56,518.22,532.15,659.64
392,OK,20,56,1069,1069,457.3,513.91,656.88,524.23,552.39,662.83
393,OK,48,55,1071,1071,482.9,512.59,682.62,527.49,583.38,660.4
394,OK,99,89,1051,1051,522.4,533.51,718.28,550.86,628.14,687.05
395,OK,108,90,1059,1059,535.72,538.03,732.5,560.52,640.96,690.24
396,OK,129,105,1048,1048,553.57,544.51,747.67,571.23,656.36,700.73
397,OK,150,127,1030,1030,566.11,558.08,757.56,579.65,669.62,715.75
398,OK,147,124,1034,1034,564.6,557.99,757.01,577.6,667.24,714.83
399,OK,108,94,1048,1048,535.32,536.65,730.57,553.28,631.74,692.3
400,OK,84,70,1042,1042,510.5,513.86,704.99,527.41,602.5,661.54
401,OK,53,49,1037,1037,478.57,492.96,672.25,503.61,567.75,636.01
402,OK,34,48,1041,1041,461.47,494.25,656.23,497.37,550.42,640.31
403,OK,21,54,1036,1036,446.41,503.58,639.99,496.85,535.7,644.37
404,OK,23,60,1029,1029,444.53,505.49,636.96,500.36,533.67,646.39
405,OK,14,72,1034,1034,440.29,517.54,633.61,514.45,526.23,663.35
406,OK,24,77,1031,1031,447.04,523.55,639.87,521.59,536.11,662.27
407,OK,24,61,1051,1051,455.29,513.91,651.87,518.03,545.53,656.64
408,OK,23,53,1068,1068,461.68,511.73,661.25,518.85,554.28,660.42
409,OK,37,61,1069,1069,474.15,517.77,673.71,529.1,568.47,666.59
410,OK,42,61,1069,1069,478.53,518.98,678.16,529.08,575.54,667.28
411,OK,55,68,1055,1055,486.04,520.46,682.99,533.83,579.58,663.86
412,OK,67,78,1048,1048,493.92,524.81,689.53,537.33,590.98,673.64
413,OK,82,83,1052,1052,510.1,532.77,706.5,544.29,608.78,679.92
414,OK,87,79,1070,1070,520.48,534.13,720.06,548.68,623.91,687.18
415,OK,128,102,1023,1023,540.86,539.05,731.46,555.72,643.58,679.5
416,OK,148,107,1024,1024,560.02,539.22,750.37,560.28,665.6,688.79
417,OK,121,107,1051,1051,547.85,548.05,743.45,568.27,647.67,706.19
418,OK,129,110,1047,1047,551.84,553.03,746.86,569.58,655.8,706.63
419,OK,122,114,1043,1043,544.52,551.41,738.53,570.97,645.98,709.19
420,OK,106,110,1052,1052,533.83,554.19,729.66,572.9,633.75,708.64
421,OK,65,104,1078,1078,500.87,568.61,702.48,566.65,606.79,719.56
422,OK,9,88,1101,1101,460.53,562.47,666.35,563.67,555.81,713.5
423,OK,-10,111,1083,1083,436.91,574.91,639.5,572.94,525.53,730.64
424,OK,-20,112,1070,1070,423.28,571.82,623.33,574.56,507.92,722.05
425,OK,-29,94,1088,1088,419.61,562.82,623.02,567.96,510.25,712.57
426,OK,-18,93,1096,1096,430.85,564.0,635.75,563.09,528.18,719.09
427,OK,19,89,1091,1091,463.74,551.11,667.61,560.87,563.9,713.02
428,OK,39,85,1084,1084,482.12,542.69,684.31,557.93,580.65,703.79
429,OK,65,87,1082,1082,506.07,546.31,707.99,559.85,606.25,703.93
430,OK,124,106,1044,1044,544.07,546.12,738.57,563.59,651.02,701.82
431,OK,115,99,1046,1046,538.2,542.15,733.15,559.24,640.48,695.24
432,OK,85,78,1062,1062,517.14,529.85,715.21,544.44,616.75,681.25
433,OK,57,54,1061,1061,487.98,509.97,686.08,520.52,588.88,653.19
434,OK,36,51,1047,1047,464.69,497.93,660.17,507.71,555.77,646.24
435,OK,29,52,1016,1016,446.28,490.57,636.37,490.8,533.2,629.78
436,OK,8,56,1014,1014,426.26,492.08,615.79,496.06,509.06,631.99
437,OK,4,56,1019,1019,421.79,497.42,612.39,495.06,509.6,635.22
438,OK,-6,69,1017,1017,411.35,509.81,601.46,506.36,498.22,647.06
439,OK,-1,74,1008,1008,415.46,507.68,603.9,511.3,497.85,646.95
440,OK,12,73,1005,1005,426.12,501.2,614.03,507.37,509.61,646.98
441,OK,4,58,1028,1028,428.64,497.72,620.82,502.25,511.68,645.0
442,OK,39,55,987,987,444.36,477.17,628.88,480.98,528.47,618.49
443,OK,11,0,1020,1020,432.91,440.21,623.56,448.76,515.26,576.95
444,OK,31,-2,970,970,433.48,419.47,614.84,422.62,509.15,545.94
445,OK,41,-22,968,968,442.33,396.6,622.88,409.18,517.63,522.67
446,OK,45,-34,974,974,448.73,387.75,630.12,405.53,524.78,510.5
447,OK,46,-30,975,975,449.76,390.57,631.2,408.64,526.45,514.97
448,OK,59,-23,972,972,458.59,398.04,639.89,411.46,540.84,522.76
449,OK,65,-11,975,975,467.39,406.55,648.45,428.05,546.92,535.76
450,OK,78,26,976,976,479.91,434.98,660.01,464.82,562.29,578.3
451,OK,109,67,957,957,498.53,465.72,675.41,493.05,588.16,611.22
452,OK,117,82,975,975,513.26,489.84,693.54,516.94,605.03,635.18
453,OK,106,98,981,981,504.75,511.35,686.74,535.33,596.73,654.31
454,OK,109,108,1001,1001,513.58,524.58,699.43,546.98,611.83,680.4
455,OK,87,109,1008,1008,498.26,531.23,685.47,553.56,590.19,684.85
456,OK,70,112,1021,1021,489.24,538.31,678.57,562.59,577.58,694.25
457,OK,69,117,1021,1021,486.11,544.14,676.0,563.7,578.42,700.76
458,OK,55,110,1037,1037,480.26,541.09,672.86,564.63,571.36,704.37
459,OK,67,107,1026,1026,487.41,538.24,678.0,559.75,578.51,692.49
460,OK,61,101,1036,1036,489.0,533.92,680.93,561.03,575.0,691.01
461,OK,69,96,1037,1037,495.64,529.47,687.71,556.34,582.98,685.36
462,OK,78,99,1020,1020,498.28,526.32,687.29,551.91,585.0,679.98
463,OK,75,95,1029,1029,499.75,524.78,690.3,551.36,584.49,681.49
464,OK,73,91,1035,1035,500.02,522.37,691.44,550.86,585.04,680.58
465,OK,73,92,1029,1029,496.8,523.61,687.36,550.82,581.92,676.26
466,OK,70,97,1026,1026,494.41,527.82,684.22,556.06,577.03,679.67
467,OK,65,93,1037,1037,493.09,528.35,685.2,555.17,577.76,681.18
468,OK,65,95,1035,1035,491.34,532.11,683.52,555.31,578.08,682.01
469,OK,65,95,1036,1036,492.46,532.52,684.68,556.4,579.05,681.85
470,OK,66,94,1036,1036,492.55,532.03,684.89,554.72,581.1,681.53
471,OK,66,93,1034,1034,491.63,530.43,683.72,552.58,579.92,680.22
472,OK,70,97,1023,1023,491.42,528.32,681.24,551.78,577.41,677.35
473,OK,74,97,1022,1022,493.84,528.59,683.79,550.74,581.6,677.56
474,OK,74,94,1028,1028,496.33,530.88,687.67,550.67,585.21,676.39
475,OK,65,93,1040,1040,492.5,535.05,686.14,552.76,581.17,682.71
476,OK,67,94,1038,1038,495.15,533.15,688.21,554.33,582.13,684.03
477,OK,67,93,1044,1044,496.73,532.08,690.83,552.55,584.76,689.28
478,OK,77,102,1029,1029,499.86,533.47,691.18,554.53,587.1,688.14
479,OK,73,98,1037,1037,499.4,532.48,692.12,554.42,587.23,688.84
480,OK,72,95,1039,1039,498.29,532.56,691.87,550.25,588.8,686.8
481,OK,77,101,1031,1031,500.24,533.16,692.08,553.18,588.7,689.47
482,OK,75,99,1034,1034,499.77,534.19,692.26,552.05,589.93,689.52
483,OK,72,95,1043,1043,500.74,532.93,694.74,553.66,589.13,689.45
484,OK,71,96,1041,1041,498.68,535.23,692.62,552.41,587.82,689.63
485,OK,66,93,1048,1048,497.59,534.85,692.72,553.96,585.58,690.43
486,OK,68,94,1046,1046,499.48,534.7,694.19,554.22,586.46,689.94
487,OK,61,77,1063,1063,497.41,527.05,695.44,544.76,588.02,680.9
488,OK,62,64,1063,1063,499.57,510.5,696.88,534.25,589.56,668.15
489,OK,69,62,1045,1045,496.41,505.69,690.93,524.88,589.21,653.36
490,OK,59,46,1054,1054,493.18,489.75,688.83,513.6,581.86,646.2
491,OK,49,28,1046,1046,480.49,479.36,675.61,494.44,567.59,616.55
492,OK,55,30,1034,1034,482.58,469.67,674.98,489.57,567.13,614.48
493,OK,69,5,1027,1027,491.67,446.43,682.44,469.28,577.41,579.79
494,OK,84,13,997,997,496.42,439.91,681.61,461.56,576.52,572.82
495,OK,80,9,1010,1010,497.68,442.47,685.24,464.65,579.99,574.6
496,OK,78,16,1017,1017,496.82,453.82,685.85,474.38,582.39,585.55
497,OK,55,25,1044,1044,485.07,474.74,679.78,489.01,573.18,613.7
498,OK,48,27,1054,1054,482.68,478.99,679.15,494.2,571.06,622.15
499,OK,46,28,1054,1054,479.25,483.27,676.05,495.1,569.97,621.89
500,OK,48,26,1052,1052,480.55,482.5,676.81,495.69,571.12,615.14
501,OK,48,26,1049,1049,478.56,480.14,674.21,494.21,567.8,613.72
502,OK,48,27,1044,1044,478.99,474.75,673.45,491.56,564.4,615.07
503,OK,47,8,1037,1037,473.5,460.03,667.05,472.59,561.45,587.34
504,OK,43,14,1012,1012,461.6,452.84,650.7,460.4,542.5,584.26
505,OK,41,15,960,960,441.43,440.59,620.89,439.12,511.26,551.6
506,OK,37,13,933,933,427.28,423.54,601.75,419.35,491.49,536.96
507,OK,14,-34,949,949,411.45,386.41,588.91,385.51,476.11,494.69
508,OK,4,-47,937,937,395.95,372.03,571.12,369.71,461.01,472.63
509,OK,-7,-40,927,927,382.23,368.78,555.62,372.03,444.57,475.79
510,OK,-22,-47,933,933,367.86,367.39,542.21,372.5,432.98,469.98
511,OK,-22,-48,932,932,366.79,367.44,540.96,373.19,434.17,467.51
512,OK,-29,-58,955,955,366.76,370.58,545.38,371.44,440.33,468.22
513,OK,-14,-39,932,932,375.97,372.38,549.82,384.02,441.94,477.76
514,OK,1,-27,954,954,401.13,385.99,578.47,405.09,466.65,505.73
515,OK,22,-19,974,974,428.73,400.91,609.73,421.16,499.31,526.09
516,OK,49,-12,986,986,459.4,411.41,642.66,432.24,533.87,541.13
517,OK,70,-2,991,991,481.59,417.33,664.88,444.92,557.52,556.02
518,OK,72,3,992,992,481.01,424.53,665.3,445.54,564.12,563.82
519,OK,65,-7,1007,1007,475.5,425.31,663.35,439.25,567.11,560.41
520,OK,53,-15,1000,1000,460.98,418.04,647.55,430.21,553.14,546.42
521,OK,49,-33,990,990,449.25,403.73,634.32,405.56,546.95,519.4
522,OK,31,-59,994,994,435.19,380.48,621.04,384.51,528.44,494.46
523,OK,18,-65,1001,1001,425.09,376.06,612.16,381.35,518.32,493.09
524,OK,16,-62,992,992,418.46,378.81,603.98,377.34,514.35,490.94
525,OK,20,-45,983,983,417.8,390.68,601.66,389.25,513.56,503.98
526,OK,12,-29,981,981,409.04,407.69,592.53,402.9,504.11,518.54
527,OK,3,-24,991,991,404.08,416.9,589.25,410.13,500.17,530.18
528,OK,-13,-13,1010,1010,397.93,436.04,586.63,427.69,493.35,553.69
529,OK,-14,16,1004,1004,394.72,457.04,582.36,450.39,488.27,582.65
530,OK,-4,23,1025,1025,412.24,468.46,603.82,472.56,508.41,601.14
531,OK,23,60,987,987,426.94,483.02,611.32,490.85,513.46,620.18
532,OK,13,63,1001,1001,426.29,489.01,613.08,501.78,506.56,631.38
533,OK,33,74,998,998,443.65,495.08,629.9,507.27,528.23,645.23
534,OK,36,77,1003,1003,449.33,497.42,636.05,514.92,532.93,650.87
535,OK,42,81,992,992,450.0,498.88,634.95,513.68,534.05,647.8
536,OK,40,73,1000,1000,450.9,497.64,637.62,506.65,537.07,645.6
537,OK,44,77,994,994,451.58,499.19,637.41,506.92,538.81,646.51
538,OK,37,68,1017,1017,455.25,496.12,644.91,509.37,541.8,651.01
539,OK,38,65,1023,1023,459.41,494.0,649.94,510.82,544.77,651.22
540,OK,39,60,1023,1023,459.44,491.24,650.23,504.67,545.72,645.95
541,OK,39,59,1020,1020,458.86,489.83,649.25,501.39,545.49,642.78
542,OK,46,66,1004,1004,459.91,488.91,647.12,502.7,542.61,641.22
543,OK,45,68,998,998,457.4,489.19,643.72,501.64,539.01,640.37
544,OK,40,62,1013,1013,457.38,489.8,646.45,502.11,541.68,641.69
545,OK,41,62,1009,1009,457.33,488.86,645.72,500.7,540.39,638.95
546,OK,38,60,1014,1014,456.01,491.65,645.39,501.3,540.43,637.57
547,OK,30,55,1029,1029,453.49,492.49,645.81,501.27,539.14,642.34
548,OK,31,62,1023,1023,450.9,497.49,642.1,502.49,538.19,647.07
549,OK,28,66,1024,1024,449.15,501.32,640.46,508.35,537.18,651.58
550,OK,36,69,1012,1012,451.74,499.44,640.86,507.54,538.92,648.48
551,OK,35,54,1005,1005,447.92,484.68,635.94,487.8,533.21,626.58
552,OK,-15,-8,998,998,400.5,432.86,587.12,428.09,475.28,551.63
553,OK,-60,-47,1011,1011,363.03,405.41,551.93,397.75,433.13,515.61
554,OK,-78,-23,995,995,339.03,422.06,524.56,406.39,407.36,533.81
555,OK,-82,11,936,936,313.26,427.04,487.62,412.04,372.41,538.8
556,OK,-97,35,919,919,292.11,441.3,463.16,424.89,347.07,555.07
557,OK,-124,27,967,967,282.41,457.11,461.75,434.13,347.81,574.79
558,OK,-97,28,953,953,302.38,450.37,479.92,434.67,368.75,566.16
559,OK,-97,-11,1035,1035,329.86,455.67,522.56,438.03,415.37,566.37
560,OK,-73,-2,1035,1035,352.15,458.16,545.48,448.52,440.64,578.11
561,OK,-30,13,1025,1025,390.78,463.15,582.47,465.54,479.21,586.7
562,OK,10,24,1022,1022,428.94,466.72,619.67,478.65,517.74,598.41
563,OK,72,65,985,985,475.15,477.8,658.33,497.6,561.6,627.25
564,OK,66,61,1012,1012,480.26,487.69,668.71,506.1,570.53,637.25
565,OK,62,59,1033,1033,485.67,494.32,677.4,518.29,574.9,644.45
566,OK,81,71,1006,1006,494.1,497.41,680.96,519.74,582.27,641.08
567,OK,82,75,1008,1008,496.96,500.35,683.68,525.88,582.42,645.89
568,OK,77,74,1014,1014,494.36,501.8,682.21,527.62,580.41,648.51
569,OK,68,68,1027,1027,489.35,502.32,680.01,525.56,577.76,650.02
570,OK,60,64,1031,1031,483.36,501.08,674.94,522.56,572.31,646.67
571,OK,49,59,1042,1042,477.91,496.75,671.33,520.6,565.56,651.49
572,OK,50,57,1038,1038,478.23,494.1,670.59,519.61,564.45,646.36
573,OK,58,51,1028,1028,483.87,481.47,673.95,510.44,565.88,634.72
574,OK,73,39,986,986,490.55,445.23,668.25,494.49,554.23,594.45
575,OK,60,24,1006,1006,490.78,435.43,669.97,492.73,546.26,590.78
576,OK,55,19,1019,1019,488.64,441.11,672.22,492.31,549.48,590.98
577,OK,55,19,1007,1007,482.36,433.72,664.66,481.3,544.28,586.74
578,OK,54,16,1006,1006,474.2,439.68,659.58,471.83,548.22,583.67
579,OK,44,32,983,983,453.22,448.01,635.68,470.17,526.19,588.69
580,OK,34,18,979,979,441.27,438.43,623.72,453.41,513.65,570.02
581,OK,28,16,977,977,434.95,434.92,616.68,453.42,507.48,563.9
582,OK,21,20,997,997,434.85,444.28,620.12,465.53,512.15,581.74
583,OK,21,28,996,996,434.43,452.83,619.46,473.88,512.46,589.91
584,OK,25,57,990,990,434.88,479.96,619.71,492.42,514.67,619.7
585,OK,30,62,989,989,437.76,486.04,622.52,495.64,517.86,622.78
586,OK,7,45,1040,1040,436.88,488.53,631.1,497.67,520.87,637.27
587,OK,11,50,1031,1031,437.37,488.67,630.04,498.31,519.45,636.99
588,OK,26,56,1002,1002,439.8,485.21,627.05,494.28,521.27,624.55
589,OK,19,56,1002,1002,434.84,485.51,621.99,496.47,513.04,624.89
590,OK,18,57,998,998,433.1,483.82,619.23,497.05,509.43,621.64
591,OK,16,55,998,998,430.43,483.96,616.75,496.46,507.77,618.23
592,OK,9,45,1016,1016,430.43,480.42,620.06,493.64,510.41,619.4
593,OK,10,38,1015,1015,429.36,471.47,618.67,484.36,510.17,613.03
594,OK,-27,-5,1032,1032,405.26,436.5,597.23,456.59,478.31,576.22
595,OK,-41,-26,1032,1032,391.21,424.09,583.96,435.61,463.52,551.79
596,OK,-66,-36,1035,1035,369.03,418.1,562.37,426.4,436.68,541.19
597,OK,-81,-34,1029,1029,354.39,415.81,546.12,431.56,417.16,537.79
598,OK,-120,-2,1021,1021,312.74,441.02,503.74,443.55,372.87,574.42
599,OK,-141,7,1020,1020,292.92,449.1,483.69,450.72,350.87,585.48
600,OK,-150,13,1003,1003,276.23,446.71,463.79,443.71,332.24,583.4
601,OK,-128,25,953,953,279.9,434.43,458.15,436.86,328.25,566.37
602,OK,-97,-7,963,963,310.85,416.79,490.94,410.93,368.74,534.53
603,OK,-85,-41,991,991,331.61,403.14,516.73,394.9,397.1,509.79
604,OK,-26,-49,943,943,369.86,375.15,546.12,370.63,432.16,471.97
605,OK,-8,-69,948,948,390.24,364.74,567.25,355.89,454.86,449.97
606,OK,8,-85,945,945,404.77,345.58,581.34,338.63,468.02,433.66
607,OK,44,-74,887,887,418.74,329.44,584.44,323.17,473.8,412.13
608,OK,54,-96,868,868,423.14,309.33,585.11,298.6,473.42,373.13
609,OK,59,-107,862,862,422.08,304.26,582.86,291.93,478.23,351.72
610,OK,65,-105,839,839,420.39,296.34,576.31,277.88,471.47,342.47
611,OK,66,-102,833,833,418.38,297.48,573.19,280.63,468.99,340.73
612,OK,71,-93,817,817,416.62,300.1,568.51,282.38,467.1,339.8
613,OK,69,-98,825,825,416.23,301.05,569.72,284.42,469.19,335.49
614,OK,63,-101,834,834,414.14,304.27,569.03,285.95,469.0,337.77
615,OK,58,-102,845,845,412.57,305.23,569.77,288.79,469.04,344.01
616,OK,58,-93,836,836,410.54,306.41,566.16,291.07,464.38,352.82
617,OK,51,-90,841,841,405.67,311.8,562.0,294.69,459.54,357.24
618,OK,49,-77,835,835,401.03,321.64,556.23,303.5,454.65,367.77
619,OK,39,-75,847,847,395.11,326.8,552.32,307.22,451.46,380.81
620,OK,37,-75,851,851,394.72,328.21,552.78,310.1,450.57,381.83
621,OK,25,-74,858,858,388.07,329.24,547.61,311.56,440.97,390.11
622,OK,15,-76,872,872,384.45,333.66,545.97,311.11,438.66,398.12
623,OK,12,-75,878,878,382.56,337.37,544.88,312.56,438.72,403.86
624,OK,12,-74,877,877,381.98,335.51,544.33,312.31,436.91,404.26
625,OK,14,-74,874,874,383.36,335.57,545.35,314.26,438.67,402.07
626,OK,21,-67,871,871,387.94,340.68,549.59,319.97,443.61,406.18
627,OK,27,-60,875,875,396.06,341.48,559.2,328.58,451.05,419.97
628,OK,32,-66,879,879,401.94,340.11,565.89,327.15,458.79,412.89
629,OK,42,-78,895,895,417.44,331.83,584.79,325.26,478.81,409.82
630,OK,60,-66,889,889,434.15,337.37,600.42,335.58,491.8,420.63
631,OK,73,-72,933,933,463.3,345.79,637.56,354.49,528.94,439.17
632,OK,73,-70,953,953,472.47,351.79,650.3,363.81,537.18,454.41
633,OK,80,-72,962,962,484.28,356.08,663.75,367.71,549.31,456.57
634,OK,97,-70,956,956,498.13,357.16,676.55,368.7,563.84,453.84
635,OK,125,-61,948,948,520.69,357.55,697.34,371.72,589.43,462.52
636,OK,141,-55,940,940,533.96,356.71,708.74,375.25,602.0,465.17
637,OK,142,-65,948,948,536.54,355.22,713.22,371.04,608.43,456.2
638,OK,139,-56,955,955,537.25,361.56,714.86,380.22,606.94,471.75
639,OK,143,-43,946,946,539.3,364.18,714.12,391.07,606.87,484.06
640,OK,129,-52,961,961,527.97,368.2,706.8,385.71,602.48,479.23
641,OK,110,-48,961,961,510.76,370.76,689.37,390.5,581.08,484.67
642,OK,75,-65,1011,1011,496.29,372.69,684.36,392.16,571.58,498.52
643,OK,58,-59,1006,1006,477.36,375.81,664.55,394.09,551.52,504.46
644,OK,57,-50,986,986,469.63,375.55,653.22,393.74,539.84,502.08
645,OK,51,-52,983,983,461.83,373.11,645.26,386.92,531.4,499.25
646,OK,40,-60,990,990,453.33,371.92,638.32,379.77,525.22,495.12
647,OK,37,-60,967,967,439.09,368.74,620.02,371.35,510.57,476.23
648,OK,21,-61,960,960,421.98,366.13,601.47,367.52,491.86,471.42
649,OK,-3,-51,957,957,392.71,377.27,571.34,365.84,469.96,484.25
650,OK,-50,-44,977,977,354.21,399.39,535.23,374.51,432.69,502.35
651,OK,-82,-31,961,961,315.35,406.3,491.61,371.24,393.77,509.96
652,OK,-84,-19,951,951,309.22,412.85,483.1,375.66,385.84,517.93
653,OK,-83,-23,958,958,314.54,411.55,491.19,381.31,390.72,517.3
654,OK,-81,-18,985,985,328.67,425.97,511.63,404.86,403.66,532.89
655,OK,-70,-19,1016,1016,349.26,440.18,538.37,420.62,434.1,547.81
656,OK,-40,-6,997,997,366.47,446.45,551.8,426.13,457.67,548.88
657,OK,-33,9,987,987,371.06,451.32,555.03,435.19,458.26,562.55
658,OK,-28,13,992,992,375.86,461.18,559.58,434.78,469.24,571.26
659,OK,-30,14,996,996,375.14,462.61,559.79,437.59,468.9,574.71
660,OK,-43,18,1003,1003,365.96,469.15,551.57,442.25,459.12,582.41
661,OK,-39,17,1006,1006,371.53,468.28,558.28,445.72,464.7,583.79
662,OK,-20,4,1020,1020,396.66,450.59,587.44,447.65,488.15,579.66
663,OK,9,8,1008,1008,423.73,439.82,611.41,457.25,509.52,576.75
664,OK,43,35,977,977,446.46,447.22,627.68,471.06,525.38,587.97
665,OK,56,40,970,970,458.4,446.07,637.93,472.17,535.34,591.45
666,OK,79,43,965,965,480.05,444.34,657.11,479.01,554.79,589.0
667,OK,83,40,974,974,487.46,447.79,666.57,480.54,564.57,590.56
668,OK,80,39,972,972,482.98,447.25,662.43,476.64,560.56,588.26
669,OK,68,41,972,972,471.17,450.69,651.63,473.29,548.39,593.78
670,OK,46,45,974,974,451.88,455.37,632.99,474.39,525.06,601.07
671,OK,26,39,982,982,433.44,455.34,616.58,470.15,509.03,598.45
672,OK,8,34,978,978,414.13,453.42,596.72,464.21,489.4,587.76
673,OK,-2,25,974,974,400.43,447.73,582.66,448.13,480.17,576.37
674,OK,-17,-4,990,990,392.06,432.47,577.18,430.34,471.99,551.29
675,OK,-12,-8,984,984,395.24,424.42,579.29,424.69,473.6,544.2
676,OK,0,-14,975,975,404.82,410.98,586.94,421.64,478.4,529.99
677,OK,17,-21,969,969,421.38,398.29,601.36,419.42,491.7,517.16
678,OK,35,-31,975,975,442.81,386.94,622.89,416.1,511.96,511.77
679,OK,47,-35,969,969,452.24,378.79,630.94,409.39,520.6,504.64
680,OK,66,-34,963,963,466.97,374.44,643.91,408.03,538.67,502.97
681,OK,79,-32,963,963,480.73,373.09,656.3,413.44,552.98,505.89
682,OK,86,-21,957,957,484.95,383.35,659.46,423.28,557.62,512.46
683,OK,84,-25,964,964,485.4,384.06,661.37,423.09,559.82,511.32
684,OK,79,-26,975,975,484.02,387.66,662.56,425.17,560.19,516.42
685,OK,85,-26,973,973,490.07,385.07,667.65,425.2,563.79,515.32
686,OK,83,-26,979,979,489.52,389.93,668.89,426.93,565.39,518.66
687,OK,78,-25,983,983,486.17,392.91,666.82,427.12,563.3,522.9
688,OK,81,-21,979,979,488.04,391.97,667.38,428.95,563.83,526.27
689,OK,74,-21,982,982,480.95,396.56,661.89,427.82,559.36,528.77
690,OK,72,-17,976,976,477.25,397.77,657.17,428.45,554.21,529.61
691,OK,68,-14,984,984,475.55,403.73,656.99,434.47,555.17,538.51
692,OK,53,-5,990,990,465.47,410.45,647.73,443.5,539.75,554.59
693,OK,39,3,982,982,449.57,423.36,630.64,454.36,520.83,550.2
694,OK,27,7,994,994,440.63,431.92,624.82,457.69,515.77,563.57
695,OK,21,15,1001,1001,433.97,445.11,620.08,465.4,516.21,576.43
696,OK,17,22,1007,1007,432.82,451.45,619.95,472.24,514.6,589.35
697,OK,-3,27,1025,1025,418.26,468.66,609.55,481.46,505.59,603.92
698,OK,-10,41,1016,1016,405.12,484.42,595.1,485.96,496.16,614.52
699,OK,-43,62,1037,1037,382.02,514.42,575.86,506.23,472.52,650.31
700,OK,-48,66,1038,1038,377.53,519.26,571.52,510.02,468.61,656.35
701,OK,-33,70,1020,1020,386.28,512.02,577.14,510.47,474.23,649.59
702,OK,-38,50,1043,1043,391.27,503.11,586.35,501.97,478.99,639.69
703,OK,-33,38,1050,1050,399.08,494.64,595.54,494.58,487.42,631.92
704,OK,-28,40,1048,1048,402.49,493.92,598.46,493.78,493.09,635.3
705,OK,-20,43,1034,1034,404.09,492.29,597.57,491.85,494.06,628.23
706,OK,-17,44,1026,1026,405.69,490.37,597.48,492.21,491.86,623.75
707,OK,-16,46,1016,1016,403.96,485.09,593.98,490.55,485.23,621.19
708,OK,-12,48,1011,1011,405.02,482.87,594.02,485.49,487.57,622.47
709,OK,-11,44,1002,1002,402.15,481.07,589.59,479.09,485.91,611.26
710,OK,-24,35,1009,1009,391.25,476.64,579.87,473.47,474.69,603.39
711,OK,-55,18,1017,1017,362.75,470.39,552.22,453.11,448.91,592.02
712,OK,-88,11,1018,1018,334.33,463.9,523.75,444.75,413.64,587.27
713,OK,-96,46,927,927,291.9,460.04,461.82,425.38,357.37,576.98
714,OK,-108,73,879,879,261.05,469.58,420.23,428.2,321.61,575.47
715,OK,-147,82,880,880,226.9,474.86,386.34,434.03,280.37,590.58
716,OK,-161,67,907,907,223.2,470.98,388.91,434.5,279.6,588.14
717,OK,-140,65,898,898,238.8,467.27,402.59,430.12,298.9,579.79
718,OK,-109,67,882,882,262.34,464.25,423.67,429.94,322.18,570.61
719,OK,-94,45,921,921,292.87,452.49,463.07,426.44,355.33,570.84
720,OK,-83,23,962,962,319.89,453.57,498.32,430.81,388.34,567.7
721,OK,-56,2,993,993,356.75,444.38,542.27,435.32,431.32,556.43
722,OK,-22,10,973,973,381.59,443.49,563.42,438.05,455.88,552.44
723,OK,13,14,980,980,418.15,437.46,601.16,445.84,498.29,566.52
724,OK,22,24,990,990,435.1,444.48,619.1,464.74,508.37,584.15
725,OK,45,47,975,975,449.72,459.57,631.24,477.11,525.46,601.36
726,OK,56,53,981,981,461.36,465.58,643.92,484.1,540.46,612.8
727,OK,65,57,980,980,469.33,468.76,651.73,487.74,551.12,616.54
728,OK,78,72,966,966,475.56,476.47,655.11,496.49,557.52,623.56
729,OK,63,63,1001,1001,476.08,478.73,661.7,503.21,557.86,635.49
730,OK,70,65,998,998,480.52,482.37,665.92,503.94,566.19,635.76
731,OK,65,58,1011,1011,480.7,483.32,668.46,505.67,566.52,632.81
732,OK,77,65,996,996,485.85,484.81,670.98,505.84,572.16,631.65
733,OK,75,60,1001,1001,486.37,480.54,672.29,502.11,571.39,629.8
734,OK,85,52,1005,1005,498.46,468.34,684.19,496.87,583.02,625.85
735,OK,137,57,969,969,537.31,453.78,712.6,499.46,617.88,606.67
736,OK,164,46,963,963,566.79,439.23,737.27,497.44,639.32,586.79
737,OK,190,56,933,933,579.75,432.07,743.15,493.31,650.67,581.67
738,OK,204,65,919,919,588.88,432.87,749.91,492.74,658.28,586.8
739,OK,206,66,922,922,590.93,436.3,753.3,494.47,663.36,589.25
740,OK,186,60,941,941,575.66,443.01,745.1,490.89,653.03,594.16
741,OK,154,38,980,980,562.53,444.35,739.04,493.91,638.87,587.3
742,OK,134,42,979,979,540.55,448.68,718.28,492.43,618.18,592.69
743,OK,97,29,1005,1005,515.34,448.21,699.52,485.67,592.53,595.37
744,OK,92,40,986,986,502.39,455.32,684.11,486.44,578.55,595.38
745,OK,79,30,1006,1006,496.35,453.88,681.91,484.83,575.33,597.99
746,OK,77,34,1008,1008,493.46,461.01,680.3,486.73,576.3,602.81
747,OK,72,36,1022,1022,495.04,466.42,683.91,495.26,577.18,613.66
748,OK,68,46,1020,1020,491.43,481.31,680.5,506.78,571.67,619.33
749,OK,32,52,1057,1057,469.59,498.45,666.35,517.5,553.23,653.04
750,OK,22,109,985,985,429.76,533.85,613.86,527.22,506.47,671.91
751,OK,-2,104,997,997,411.25,534.8,597.56,527.49,488.07,672.96
752,OK,-4,111,983,983,404.1,533.44,587.89,526.88,479.52,673.93
753,OK,-7,102,989,989,404.03,527.16,588.83,520.32,477.77,668.88
754,OK,12,108,971,971,413.41,528.71,594.69,519.38,490.62,662.86
755,OK,20,92,978,978,423.95,520.77,606.86,516.48,503.61,643.73
756,OK,27,50,1033,1033,454.88,485.45,647.48,501.42,535.72,639.61
757,OK,54,56,1019,1019,475.95,480.51,664.82,506.12,556.8,637.05
758,OK,68,57,1016,1016,488.04,482.69,676.35,507.99,571.6,634.66
759,OK,73,58,1016,1016,492.52,485.14,680.88,509.78,575.51,635.13
760,OK,70,52,1027,1027,493.52,484.96,684.12,509.37,578.88,634.36
761,OK,87,57,1012,1012,505.44,482.87,691.51,517.08,588.32,626.64
762,OK,88,64,1010,1010,507.61,481.45,692.23,521.27,586.61,637.58
763,OK,84,66,1015,1015,503.14,486.31,689.64,521.71,586.56,643.04
764,OK,78,65,1021,1021,500.89,487.97,688.35,524.2,582.55,645.87
765,OK,49,59,1055,1055,485.4,500.51,680.34,530.64,570.28,658.12
766,OK,36,83,1042,1042,464.58,521.79,658.82,538.19,553.11,679.94
767,OK,16,109,1030,1030,441.05,545.33,633.57,551.33,525.24,701.58
768,OK,43,128,995,995,451.88,543.67,637.58,556.87,535.47,700.85
769,OK,44,112,1016,1016,462.21,531.85,651.01,553.32,548.07,697.93
770,OK,60,109,1003,1003,473.89,520.8,659.37,549.17,556.65,685.67
771,OK,60,56,1040,1040,492.58,486.35,683.84,522.04,572.74,648.73
772,OK,90,60,999,999,503.46,476.31,687.44,508.36,582.68,626.8
773,OK,96,56,983,983,508.56,463.55,687.75,504.79,575.87,609.91
774,OK,103,52,982,982,512.72,463.37,692.98,498.89,586.83,606.08
775,OK,124,75,964,964,523.7,474.34,699.75,513.3,601.66,621.75
776,OK,109,66,1006,1006,529.95,478.81,711.12,529.82,603.91,634.37
777,OK,120,68,1006,1006,540.6,481.69,721.94,531.94,616.57,636.16
778,OK,117,69,1010,1010,538.57,483.96,721.14,532.42,615.19,640.01
779,OK,110,75,1002,1002,527.29,488.68,709.89,530.84,604.29,642.71
780,OK,98,75,1001,1001,514.33,491.81,697.92,528.87,590.79,641.24
781,OK,84,73,1003,1003,499.72,489.28,684.53,521.17,578.43,643.82
782,OK,59,62,1028,1028,485.78,492.94,675.84,521.68,567.19,646.21
783,OK,44,58,1046,1046,476.12,497.29,670.36,519.84,562.2,654.79
784,OK,33,63,1040,1040,462.89,503.02,656.76,519.18,547.81,655.29
785,OK,27,70,1036,1036,454.86,510.26,648.35,521.41,539.97,661.82
786,OK,25,70,1038,1038,453.71,510.89,647.59,522.39,538.73,662.36
787,OK,32,70,1036,1036,459.41,507.31,652.49,522.53,544.15,662.47
788,OK,32,70,1037,1037,458.16,509.28,651.8,520.22,546.49,662.94
789,OK,44,81,1025,1025,461.79,517.06,653.3,526.13,554.73,665.89
790,OK,27,71,1053,1053,459.34,515.62,655.76,529.64,550.15,671.39
791,OK,31,81,1055,1055,463.75,522.49,660.2,540.32,555.7,685.84
792,OK,27,78,1067,1067,465.25,523.54,663.83,543.29,555.59,690.34
793,OK,42,82,1052,1052,474.2,522.74,669.73,545.28,564.51,682.62
794,OK,46,81,1056,1056,481.83,522.84,677.44,550.6,568.56,682.53
795,OK,51,87,1058,1058,487.93,530.26,684.02,557.31,574.29,688.94
796,OK,62,101,1038,1038,490.11,537.6,682.78,561.96,576.29,691.98
797,OK,68,107,1025,1025,490.95,537.69,681.11,561.89,575.67,689.89
798,OK,50,93,1054,1054,484.16,538.42,680.24,558.76,573.68,693.25
799,OK,49,94,1053,1053,482.65,537.14,678.33,559.34,571.27,691.91
800,OK,53,95,1050,1050,484.92,537.25,680.16,558.53,575.19,692.29
801,OK,56,95,1049,1049,485.56,538.24,680.97,556.73,578.3,692.18
802,OK,54,91,1051,1051,483.57,536.4,679.27,554.14,576.88,687.95
803,OK,42,86,1063,1063,478.09,535.25,675.95,554.2,570.07,689.8
804,OK,43,86,1053,1053,474.35,533.83,670.53,550.7,566.38,683.34
805,OK,44,85,1049,1049,474.28,528.15,669.47,547.73,564.27,680.93
806,OK,29,74,1064,1064,467.04,523.14,665.12,542.18,556.46,680.12
807,OK,12,74,1075,1075,455.27,530.13,655.88,543.98,543.93,685.05
808,OK,8,85,1061,1061,446.2,535.77,644.36,547.11,531.46,688.75
809,OK,1,78,1067,1067,441.58,529.78,640.79,540.96,527.9,687.69
810,OK,4,78,1039,1039,433.79,519.92,627.84,528.3,517.09,670.04
811,OK,16,93,1005,1005,429.01,523.43,616.92,529.15,514.4,664.21
812,OK,-15,76,1034,1034,407.4,525.71,600.75,520.98,501.04,664.47
813,OK,-34,75,1031,1031,388.35,522.73,581.26,521.43,478.57,658.4
814,OK,-53,70,1039,1039,374.08,523.57,568.35,521.81,462.39,655.92
815,OK,-65,62,1041,1041,359.21,520.32,553.4,506.62,453.73,651.41
816,OK,-65,54,1034,1034,357.85,512.24,550.77,499.63,450.35,637.5
817,OK,-57,49,1022,1022,362.3,501.91,553.08,490.94,450.92,624.55
818,OK,-60,14,1055,1055,368.59,487.27,564.98,467.82,468.62,606.21
819,OK,-35,-1,1030,1030,378.91,461.87,569.85,435.95,487.0,579.27
820,OK,-35,-23,1021,1021,374.82,443.83,563.65,415.48,481.17,546.09
821,OK,-52,-33,1035,1035,365.06,438.78,556.88,412.98,469.25,542.26
822,OK,-64,-35,1042,1042,356.77,439.27,549.96,414.06,460.96,546.16
823,OK,-69,-32,1037,1037,349.05,442.05,540.77,413.26,453.66,545.38
824,OK,-87,-40,1033,1033,332.76,430.75,524.39,405.65,430.97,534.43
825,OK,-91,-20,1015,1015,322.95,438.66,510.97,412.78,415.1,548.8
826,OK,-104,-30,1013,1013,310.92,428.94,498.22,400.27,400.26,537.88
827,OK,-88,-10,973,973,310.78,433.3,490.31,403.67,397.43,535.29
828,OK,-92,-19,997,997,315.47,435.28,499.5,405.45,405.5,539.27
829,OK,-90,-30,1018,1018,325.81,431.49,514.98,409.14,418.17,538.52
830,OK,-69,-30,1033,1033,349.18,441.44,540.47,414.72,449.81,545.1
831,OK,-66,-36,1044,1044,356.19,440.02,549.59,412.75,459.47,545.67
832,OK,-51,-32,1033,1033,365.43,441.68,556.44,413.31,469.74,542.07
833,OK,-59,-23,1037,1037,360.82,450.58,552.75,422.9,462.82,553.89
834,OK,-68,3,1029,1029,352.82,469.87,543.92,447.03,444.58,577.19
835,OK,-77,4,1039,1039,348.61,473.84,541.81,453.2,439.65,584.14
836,OK,-83,1,1047,1047,345.34,474.58,540.09,453.84,437.36,585.52
837,OK,-78,9,1035,1035,346.66,476.57,538.96,454.02,436.01,586.84
838,OK,-76,6,1029,1029,346.67,474.26,537.7,450.4,435.17,578.4
839,OK,-72,-7,1035,1035,349.01,463.86,540.75,436.89,446.32,570.92
840,OK,-61,-23,1035,1035,358.31,446.62,550.35,421.96,457.92,554.61
841,OK,-55,-30,1035,1035,363.79,438.5,556.21,417.56,464.98,546.68
842,OK,-53,-31,1032,1032,364.15,438.84,555.79,415.42,466.51,544.39
843,OK,-49,-30,1028,1028,366.58,438.88,557.25,413.73,469.89,542.34
844,OK,-50,-31,1033,1033,367.24,437.24,559.22,416.33,469.13,543.77
845,OK,-50,-26,1030,1030,366.92,441.77,558.13,418.71,468.19,548.94
846,OK,-47,-23,1029,1029,369.18,443.55,560.24,419.85,471.19,551.54
847,OK,-47,-23,1030,1030,370.18,444.51,561.25,420.04,471.71,552.1
848,OK,-45,-20,1027,1027,370.35,446.44,560.75,421.29,470.78,553.91
849,OK,-48,-20,1029,1029,369.51,445.84,560.45,422.42,468.95,555.86
850,OK,-48,-20,1029,1029,368.91,445.97,559.86,422.37,468.19,555.02
851,OK,-48,-19,1027,1027,368.6,445.92,559.32,423.16,466.93,554.59
852,OK,-48,-20,1028,1028,368.53,447.43,559.23,422.41,468.17,554.4
853,OK,-37,-12,1013,1013,373.59,447.29,561.33,422.34,471.39,553.43
854,OK,-38,-19,1023,1023,376.83,445.55,566.61,421.08,476.18,551.8
855,OK,-30,-8,1009,1009,379.72,446.45,567.15,424.36,476.4,557.86
856,OK,-28,-5,1006,1006,380.97,447.08,567.83,425.7,476.96,560.51
857,OK,-32,-5,1010,1010,378.6,448.46,566.42,427.88,474.81,563.56
858,OK,-33,-7,1013,1013,377.7,449.01,565.95,427.61,474.87,561.28
859,OK,-35,-8,1018,1018,378.06,449.91,567.34,428.87,476.44,564.29
860,OK,-41,0,1020,1020,372.82,456.81,562.04,433.02,470.91,576.73
861,OK,-52,-9,1038,1038,369.73,456.53,562.35,433.02,469.93,576.23
862,OK,-52,-7,1042,1042,370.11,461.18,563.05,434.05,473.21,580.9
863,OK,-47,2,1033,1033,371.23,466.83,562.43,439.57,472.67,584.06
864,OK,-49,1,1036,1036,370.48,467.54,562.23,439.37,473.2,584.64
865,OK,-45,4,1028,1028,370.98,466.93,561.26,438.93,472.98,584.48
866,OK,-46,2,1032,1032,371.28,467.22,562.2,438.64,473.57,584.87
867,OK,-46,2,1032,1032,371.72,466.15,562.9,439.03,472.97,584.95
868,OK,-44,3,1029,1029,372.32,466.53,562.68,438.5,473.19,582.64
869,OK,-45,3,1029,1029,371.43,467.44,561.87,439.82,473.22,582.35
870,OK,-50,1,1034,1034,368.63,467.91,559.97,440.28,470.43,583.39
871,OK,-49,1,1034,1034,369.67,467.73,561.01,440.31,471.91,583.83
872,OK,-51,1,1034,1034,368.13,467.83,559.56,440.46,469.81,583.49
873,OK,-49,2,1032,1032,368.76,468.15,559.67,439.44,471.08,583.23
874,OK,-47,3,1030,1030,369.93,467.78,560.62,440.19,471.93,583.71
875,OK,-46,4,1028,1028,370.55,466.4,561.07,439.86,471.26,584.24
876,OK,-48,3,1032,1032,369.74,466.02,560.81,439.23,470.88,585.67
877,OK,-45,3,1030,1030,371.7,466.11,562.3,438.19,474.06,584.3
878,OK,-44,2,1031,1031,372.08,465.72,562.67,436.38,475.42,583.13
879,OK,-46,3,1028,1028,370.66,464.5,561.04,437.42,471.8,583.26
880,OK,-44,4,1028,1028,372.22,464.88,562.58,438.41,472.99,584.9
881,OK,-43,4,1026,1026,372.81,464.26,562.94,437.93,473.27,584.2
882,OK,-41,4,1026,1026,374.39,464.96,564.39,438.3,475.01,584.31
883,OK,-37,12,1016,1016,374.98,468.57,563.39,443.28,473.3,584.97
884,OK,-34,12,1015,1015,377.7,468.57,566.14,444.91,475.02,582.94
885,OK,-31,15,1007,1007,378.83,466.88,566.02,445.77,473.27,581.05
886,OK,-18,15,1000,1000,388.31,462.09,574.64,445.04,483.49,577.37
887,OK,-14,16,995,995,390.05,460.06,575.45,443.45,483.6,574.5
888,OK,-20,7,1005,1005,389.22,455.12,576.61,439.57,482.71,572.56
889,OK,-19,7,1007,1007,390.62,454.78,578.39,439.61,484.15,572.95
890,OK,-15,7,1001,1001,391.91,454.01,578.46,438.83,485.91,569.02
891,OK,-14,-1,999,999,394.47,442.84,581.1,432.49,483.65,560.0
892,OK,-2,-13,987,987,403.41,427.02,587.92,419.51,488.33,538.18
893,OK,18,-16,967,967,416.84,413.04,597.77,412.08,496.28,522.21
894,OK,29,-78,992,992,439.85,370.96,625.16,378.21,517.73,461.54
895,OK,66,-96,951,951,458.46,340.71,635.84,354.97,535.6,411.73
896,OK,85,-109,927,927,474.8,322.3,646.95,343.42,537.02,375.23
897,OK,90,-128,924,924,478.49,306.85,650.13,327.39,540.85,352.46
898,OK,98,-135,914,914,478.69,298.12,648.94,314.11,546.64,338.18
899,OK,82,-140,934,934,470.38,307.98,644.55,320.92,541.87,340.2
900,OK,84,-113,931,931,471.43,323.82,644.17,345.7,540.43,370.78
901,OK,73,-97,947,947,467.5,339.7,642.62,365.68,538.25,399.83
902,OK,47,-89,983,983,455.21,357.65,637.91,377.68,529.51,437.35
903,OK,42,-89,1000,1000,460.75,363.13,646.04,388.52,532.0,447.42
904,OK,40,-80,1010,1010,463.62,367.15,650.03,397.77,533.46,468.88
905,OK,45,-74,1011,1011,468.19,373.27,654.66,404.75,539.17,473.29
906,OK,43,-74,1013,1013,467.76,373.59,654.46,405.89,537.73,476.02
907,OK,52,-65,1007,1007,474.32,375.14,659.03,412.12,543.69,484.11
908,OK,61,-57,995,995,478.45,375.45,660.61,413.74,546.73,486.4
909,OK,67,-43,983,983,480.08,379.48,659.63,419.1,546.35,497.61
910,OK,66,-41,977,977,476.36,380.91,655.37,417.59,543.59,496.65
911,OK,63,-44,980,980,474.47,382.17,654.37,417.2,543.48,492.82
912,OK,62,-47,987,987,475.19,382.61,656.26,418.47,544.57,492.01
913,OK,65,-46,993,993,479.99,383.78,662.16,420.27,552.08,498.29
914,OK,63,-53,1005,1005,483.13,382.54,667.24,420.7,555.92,496.91
915,OK,72,-40,987,987,485.14,384.33,665.81,422.53,555.92,503.01
916,OK,70,-41,988,988,484.23,384.07,665.32,421.08,554.25,503.42
917,OK,68,-48,995,995,482.77,384.84,665.53,420.21,557.11,496.59
918,OK,65,-52,1000,1000,482.4,383.13,666.0,418.37,555.92,495.97
919,OK,67,-47,997,997,484.0,382.91,666.84,419.29,556.56,502.05
920,OK,67,-46,996,996,483.94,383.61,666.75,419.67,556.59,503.06
921,OK,70,-45,992,992,485.26,385.54,667.43,420.75,557.36,500.13
922,OK,70,-46,997,997,486.2,384.97,669.64,418.98,559.23,503.82
923,OK,70,-45,998,998,487.95,385.09,671.03,421.55,558.76,504.91
924,OK,73,-41,991,991,487.75,384.71,669.4,421.74,558.4,505.12
925,OK,68,-42,994,994,484.99,384.88,667.29,421.66,555.35,506.74
926,OK,69,-41,993,993,484.95,385.03,666.85,422.61,554.65,507.58
927,OK,71,-39,989,989,484.92,385.76,666.22,422.7,556.06,507.01
928,OK,70,-38,989,989,483.72,386.38,664.94,423.6,553.92,507.57
929,OK,67,-43,997,997,484.03,385.21,666.47,423.72,555.1,506.71
930,OK,66,-45,997,997,482.53,386.62,665.49,422.95,554.26,502.9
931,OK,67,-48,996,996,483.17,385.78,665.9,422.28,556.25,497.86
932,OK,66,-47,998,998,483.49,385.67,666.35,423.21,556.05,499.85
933,OK,68,-45,1000,1000,485.33,389.75,668.99,425.19,559.6,503.53
934,OK,72,-39,991,991,485.39,389.54,667.35,424.99,558.69,506.0
935,OK,75,-30,976,976,482.04,391.4,661.55,424.88,555.66,508.82
936,OK,68,-24,972,972,474.48,396.11,653.75,426.61,545.36,513.81
937,OK,45,-23,986,986,457.9,402.63,640.82,426.57,528.3,525.8
938,OK,31,-2,974,974,440.28,419.6,621.67,436.95,506.33,542.2
939,OK,12,-8,975,975,417.67,421.08,599.82,428.91,489.93,533.57
940,OK,3,-12,980,980,409.28,421.01,592.47,425.78,485.72,533.76
941,OK,-4,-23,987,987,405.1,413.87,589.74,418.14,481.53,524.21
942,OK,-8,-35,995,995,405.8,406.06,591.91,409.81,480.92,516.25
943,OK,8,-36,975,975,414.37,397.48,596.68,397.65,485.83,505.86
944,OK,33,-47,981,981,440.86,384.49,624.1,394.64,513.53,497.37
945,OK,54,-56,975,975,457.42,379.23,639.74,381.43,534.95,482.32
946,OK,62,-83,986,986,467.81,361.88,652.13,364.89,550.46,456.75
947,OK,48,-77,986,986,456.19,368.01,640.57,368.99,534.53,463.96
948,OK,34,-62,982,982,440.97,382.1,624.63,378.5,518.41,479.16
949,OK,25,-53,984,984,433.42,389.27,617.52,388.21,509.16,490.72
950,OK,29,-35,969,969,432.52,394.15,613.75,395.02,503.96,503.66
951,OK,25,-23,962,962,427.22,402.02,607.2,400.47,495.94,515.43
952,OK,23,-5,939,939,415.01,410.93,590.45,401.01,482.28,522.21
953,OK,12,-8,950,950,408.54,414.51,585.9,404.89,477.27,525.43
954,OK,8,-8,953,953,405.79,417.51,583.86,408.43,474.69,524.47
955,OK,5,-6,960,960,405.14,420.22,584.54,413.61,475.23,531.21
956,OK,4,-4,965,965,406.29,422.96,586.74,419.73,476.19,536.28
957,OK,0,-5,973,973,404.65,426.28,586.63,421.03,477.39,539.16
958,OK,-2,-4,976,976,403.94,426.86,586.51,424.54,477.64,542.61
959,OK,-4,-8,974,974,400.05,424.88,582.3,422.88,474.89,536.12
960,OK,-27,-18,982,982,381.25,423.1,564.36,409.84,456.06,531.05
961,OK,-48,-29,995,995,365.89,419.94,551.46,405.55,439.6,524.31
962,OK,-57,-31,990,990,356.74,416.97,540.73,396.12,429.2,522.53
963,OK,-63,-25,991,991,351.4,420.54,535.55,400.18,422.33,530.4
964,OK,-64,-28,1006,1006,354.5,427.42,541.56,406.65,431.36,533.31
965,OK,-51,-38,1011,1011,365.63,423.71,552.79,397.35,450.37,523.97
966,OK,10,-10,976,976,410.67,426.98,592.83,414.21,495.46,535.74
967,OK,32,-14,989,989,437.95,423.93,622.93,419.78,521.8,538.88
968,OK,57,-24,997,997,466.49,413.59,652.88,419.74,550.99,532.83
969,OK,57,-19,999,999,469.93,415.74,656.63,424.71,550.13,541.08
970,OK,48,-19,994,994,457.2,420.21,643.15,422.72,540.01,536.09
971,OK,31,-6,985,985,441.68,424.78,625.68,432.2,512.62,543.55
972,OK,9,6,982,982,421.29,430.8,604.53,444.19,488.37,557.94
973,OK,1,7,988,988,410.78,435.49,595.56,440.61,487.87,564.5
974,OK,-7,-8,996,996,403.31,431.52,589.54,426.1,487.49,551.67
975,OK,-19,-16,1005,1005,395.84,425.94,583.8,423.69,477.23,547.72
976,OK,-13,-16,1007,1007,401.76,427.12,590.12,424.33,485.5,549.15
977,OK,-3,-14,998,998,407.41,424.61,594.02,422.69,491.54,546.69
978,OK,1,-9,993,993,409.13,428.42,594.76,422.48,492.21,550.32
979,OK,0,-9,1003,1003,413.05,429.45,600.62,428.8,496.31,556.7
980,OK,5,-2,995,995,414.48,432.47,600.67,432.77,497.12,557.48
981,OK,11,-1,985,985,416.77,433.19,600.98,432.15,497.21,550.04
982,OK,10,-1,986,986,417.97,434.42,602.4,433.54,497.7,551.62
983,OK,15,1,988,988,422.84,436.56,607.54,435.44,504.63,555.36
984,OK,15,4,992,992,423.92,436.97,609.5,438.98,505.83,562.38
985,OK,12,2,997,997,422.99,437.88,609.41,439.24,505.3,563.2
986,OK,11,1,998,998,421.81,437.42,608.48,438.77,505.04,562.78
987,OK,7,1,992,992,416.52,436.22,602.14,438.07,497.53,558.74
988,OK,4,1,997,997,415.86,436.42,602.26,439.53,495.36,560.99
989,OK,13,8,998,998,425.67,440.53,612.16,448.58,505.79,569.78
990,OK,13,16,1003,1003,427.05,448.76,614.48,456.25,508.15,581.93
991,OK,20,22,995,995,430.62,450.09,616.53,459.44,511.88,583.69
992,OK,20,24,993,993,429.47,451.72,615.07,460.58,510.75,585.24
993,OK,14,14,1003,1003,425.69,448.39,613.14,454.78,510.98,578.83
994,OK,12,10,1002,1002,424.31,447.0,611.72,450.88,509.16,574.89
995,OK,0,-5,1011,1011,416.28,437.29,605.42,439.31,499.46,562.14
996,OK,-2,-19,1007,1007,412.02,425.71,600.27,424.15,496.67,544.76
997,OK,-3,-28,994,994,408.15,412.38,593.98,411.18,487.83,527.54
998,OK,-9,-41,999,999,405.37,402.17,592.23,402.45,483.13,514.56
999,OK,-9,-43,985,985,402.12,391.9,586.25,397.51,472.95,504.04
1000,OK,-12,-58,993,993,401.51,380.01,586.96,388.39,473.81,492.9
1001,OK,-11,-63,978,978,395.87,369.77,578.61,376.51,469.96,479.31
1002,OK,-22,-68,981,981,387.69,366.31,570.88,376.9,457.67,472.67
1003,OK,-28,-70,970,970,377.07,363.8,558.43,370.34,446.39,463.92
1004,OK,-37,-82,979,979,372.14,360.12,555.0,368.28,440.88,451.75
1005,OK,-44,-84,974,974,365.21,360.91,547.27,363.98,430.61,445.13
1006,OK,-42,-78,966,966,363.8,360.03,544.47,363.34,428.36,449.24
1007,OK,-38,-74,970,970,367.78,363.97,549.08,366.92,437.24,458.26
1008,OK,-32,-70,963,963,370.75,366.09,550.93,368.5,437.91,456.47
1009,OK,-28,-61,974,974,380.89,369.69,562.48,383.25,447.09,476.41
1010,OK,-22,-66,989,989,389.86,375.36,574.42,386.31,462.77,476.44
1011,OK,-15,-53,985,985,396.91,382.4,580.55,397.93,466.54,489.15
1012,OK,-10,-46,983,983,400.35,388.49,583.45,405.26,471.81,493.37
1013,OK,-6,-38,989,989,404.86,396.45,588.99,414.19,480.2,507.21
1014,OK,-5,-40,999,999,407.68,399.48,593.9,414.28,487.37,512.38
1015,OK,-4,-31,992,992,406.4,405.28,591.55,418.04,486.48,519.91
1016,OK,-9,-28,999,999,399.87,416.73,586.75,418.52,486.84,525.45
1017,OK,-10,-20,985,985,394.85,414.92,578.82,422.46,477.6,525.57
1018,OK,-48,-19,1010,1010,369.95,427.85,558.89,429.37,449.96,544.76
1019,OK,-68,-15,1023,1023,355.03,437.47,546.26,432.2,435.85,557.54
1020,OK,-78,-8,997,997,337.33,438.47,523.44,426.18,410.75,549.54
1021,OK,-84,-2,978,978,326.84,436.99,509.3,425.46,393.91,543.28
1022,OK,-87,16,953,953,311.12,443.11,488.48,425.83,378.62,551.11
1023,OK,-92,37,921,921,293.75,447.86,464.29,423.79,357.62,558.51
1024,OK,-99,32,925,925,289.85,447.16,461.22,423.96,351.48,554.28
1025,OK,-95,25,936,936,298.55,444.34,472.75,426.43,360.95,551.6
1026,OK,-90,17,953,953,311.81,436.28,490.02,430.37,372.89,552.72
1027,OK,-90,-5,980,980,321.98,430.8,505.26,424.64,386.42,544.07
1028,OK,-82,-32,1018,1018,344.15,420.96,534.54,423.16,416.36,533.27
1029,OK,-53,-13,987,987,361.64,422.95,545.94,432.97,427.62,532.29
1030,OK,-8,-19,1007,1007,418.98,405.33,602.36,448.37,479.77,542.66
1031,OK,48,9,969,969,458.14,414.63,634.31,457.18,518.13,551.7
1032,OK,88,-2,994,994,504.49,418.6,686.15,457.93,576.52,553.27
1033,OK,109,-15,1019,1019,532.57,410.55,716.65,459.65,612.16,553.74
1034,OK,76,-23,1016,1016,496.92,412.78,685.07,439.44,577.79,544.7
1035,OK,52,-18,984,984,459.85,408.32,643.37,422.28,537.52,533.76
1036,OK,-14,-33,1003,1003,398.8,413.13,586.3,408.55,483.07,526.29
1037,OK,-43,-33,1019,1019,375.15,424.0,565.25,411.13,463.57,535.71
1038,OK,-49,-40,1028,1028,371.48,423.43,563.08,408.18,463.37,533.39
1039,OK,-38,-31,1019,1019,380.45,422.86,570.82,415.45,467.32,538.28
1040,OK,-21,-33,1020,1020,399.89,416.96,590.72,419.79,484.59,536.22
1041,OK,-8,-26,1017,1017,410.72,420.12,600.98,423.78,495.82,542.98
1042,OK,2,-21,1009,1009,416.63,421.99,605.32,425.58,502.92,543.27
1043,OK,-2,-22,1009,1009,412.74,420.68,601.37,423.9,497.67,543.42
1044,OK,-5,-23,1011,1011,411.25,420.43,600.29,424.2,496.16,542.92
1045,OK,-7,-21,1008,1008,408.93,420.76,597.46,425.1,492.44,543.86
1046,OK,-5,-21,1006,1006,409.74,421.81,597.92,425.21,493.46,542.12
1047,OK,0,-12,1000,1000,411.79,426.02,598.8,430.09,495.83,549.19
1048,OK,-1,-15,1005,1005,411.97,425.67,599.96,428.4,497.45,547.28
1049,OK,-1,-14,1006,1006,411.86,428.64,600.03,430.6,499.68,548.61
1050,OK,2,-12,1002,1002,412.77,429.39,600.16,430.7,500.53,549.02
1051,OK,8,-2,996,996,417.59,431.04,603.81,436.92,501.52,558.8
1052,OK,10,-2,997,997,418.72,431.05,605.08,436.64,504.88,559.46
1053,OK,6,-3,998,998,416.47,431.92,603.0,435.69,501.33,559.2
1054,OK,3,-3,1002,1002,414.93,433.6,602.35,436.67,500.95,561.67
1055,OK,11,-9,1004,1004,421.25,431.28,608.96,433.34,511.15,555.12
1056,OK,10,-13,1003,1003,420.54,427.26,608.14,430.31,508.64,548.95
1057,OK,11,-5,1004,1004,423.8,431.96,611.61,436.14,510.21,560.51
1058,OK,15,-4,998,998,424.41,430.51,611.03,435.71,511.61,557.8
1059,OK,12,-14,1004,1004,422.72,424.93,610.5,428.27,513.16,549.62
1060,OK,16,-11,1003,1003,424.36,429.44,611.88,431.02,517.07,550.21
1061,OK,22,-7,997,997,426.64,431.61,613.01,430.36,521.91,551.55
1062,OK,22,-7,1003,1003,428.52,432.83,616.06,433.29,524.41,555.95
1063,OK,30,-2,991,991,430.71,434.58,616.05,431.44,527.12,554.97
1064,OK,29,-4,993,993,430.29,432.76,615.91,429.65,526.9,553.53
1065,OK,30,-5,992,992,430.86,433.81,616.24,428.95,528.87,552.61
1066,OK,33,-4,992,992,434.07,433.4,619.58,430.07,531.93,552.68
1067,OK,29,-5,997,997,432.31,434.94,618.65,430.64,530.48,554.72
1068,OK,30,-4,997,997,433.52,434.82,620.04,431.66,531.04,554.99
1069,OK,32,-3,993,993,432.66,434.31,618.38,430.1,530.81,553.85
1070,OK,23,-10,1007,1007,430.92,432.88,619.28,428.95,528.79,555.82
1071,OK,19,-7,1001,1001,426.17,432.64,613.34,429.89,519.43,554.92
1072,OK,13,-13,1010,1010,424.21,431.97,613.16,430.22,517.94,554.5
1073,OK,10,-10,1009,1009,421.59,430.91,610.28,431.32,513.44,557.0
1074,OK,4,-19,1016,1016,418.94,427.08,608.98,427.76,510.1,551.51
1075,OK,1,-22,1020,1020,417.05,427.31,607.79,424.96,510.69,550.54
1076,OK,10,-15,1006,1006,419.31,429.3,607.48,425.56,513.08,550.4
1077,OK,2,-23,1018,1018,417.72,427.4,608.08,423.64,510.82,548.36
1078,OK,-11,-20,1012,1012,401.49,433.31,590.16,419.03,496.02,547.1
1079,OK,-31,-20,1016,1016,382.29,438.65,571.0,416.9,477.56,549.21
1080,OK,-32,-24,1014,1014,382.07,432.34,570.92,414.94,475.42,543.21
1081,OK,-16,-20,1005,1005,393.38,429.8,581.05,418.74,485.93,540.15
1082,OK,-9,-29,1017,1017,403.73,427.93,593.58,415.84,500.54,537.48
1083,OK,-4,-32,1025,1025,411.3,426.15,602.69,414.31,509.22,540.44
1084,OK,2,-32,1020,1020,416.31,424.12,606.78,413.7,514.32,537.54
1085,OK,5,-30,1011,1011,416.66,422.16,605.61,413.18,510.83,533.4
1086,OK,0,-31,1018,1018,414.2,423.64,604.35,414.68,509.51,538.31
1087,OK,-4,-36,1026,1026,413.56,421.31,605.25,414.55,509.27,536.1
1088,OK,2,-27,1019,1019,415.84,428.3,606.38,422.29,512.39,540.15
1089,OK,2,-29,1017,1017,414.81,423.48,604.87,416.28,510.61,539.28
1090,OK,0,-34,1021,1021,414.65,420.97,605.48,413.85,510.94,536.07
1091,OK,0,-34,1022,1022,414.5,422.92,605.35,413.91,512.78,537.35
1092,OK,-2,-34,1019,1019,411.85,422.54,602.28,413.99,508.81,533.58
1093,OK,0,-32,1017,1017,412.95,422.45,602.96,414.85,509.43,533.44
1094,OK,-4,-35,1025,1025,412.42,422.58,603.86,414.26,508.76,536.48
1095,OK,0,-28,1017,1017,412.76,425.98,602.75,418.59,508.74,539.06
1096,OK,5,-21,1009,1009,413.63,429.95,602.18,421.89,510.35,542.01
1097,OK,0,-28,1014,1014,412.4,425.41,601.91,418.18,508.05,536.92
1098,OK,0,-34,1021,1021,413.44,423.38,604.06,413.64,512.58,535.42
1099,OK,3,-32,1016,1016,414.24,424.91,603.9,413.6,514.27,534.33
1100,OK,11,-28,1005,1005,416.68,424.97,604.23,411.52,517.05,530.17
1101,OK,10,-29,1002,1002,415.39,424.77,602.31,411.21,514.1,527.39
1102,OK,6,-30,1009,1009,414.44,424.45,602.74,412.73,513.22,530.95
1103,OK,8,-27,1004,1004,414.65,426.44,602.14,416.15,511.88,530.22
1104,OK,7,-29,1010,1010,414.31,426.11,602.68,412.08,515.59,533.0
1105,OK,2,-34,1017,1017,413.84,422.01,603.77,410.24,512.8,532.16
1106,OK,0,-32,1017,1017,412.18,423.23,602.02,411.9,508.93,535.13
1107,OK,0,-33,1018,1018,412.57,424.14,602.49,411.15,510.79,535.24
1108,OK,-2,-34,1021,1021,411.67,423.86,602.22,410.96,510.04,535.85
1109,OK,-1,-33,1017,1017,411.07,423.88,600.91,411.32,509.87,533.66
1110,OK,1,-31,1010,1010,410.05,422.77,598.6,410.78,508.89,531.29
1111,OK,-1,-31,1011,1011,408.12,424.81,596.59,409.82,507.42,532.68
1112,OK,1,-29,1008,1008,408.2,425.27,596.0,409.69,508.87,534.39
1113,OK,0,-33,1012,1012,408.84,423.86,597.52,408.63,510.34,531.64
1114,OK,-1,-29,1014,1014,408.63,425.78,597.73,410.48,509.53,538.48
1115,OK,1,-27,1012,1012,409.91,427.06,598.59,411.67,511.31,539.12
1116,OK,-1,-29,1015,1015,409.4,425.66,598.76,413.08,509.46,537.89
1117,OK,-2,-30,1018,1018,410.52,424.73,600.72,415.63,508.81,539.04
1118,OK,0,-25,1011,1011,409.54,425.77,598.43,416.32,506.27,539.27
1119,OK,-2,-26,1012,1012,409.17,427.05,598.28,417.29,506.28,539.24
1120,OK,0,-22,1009,1009,409.46,428.07,597.93,420.34,505.51,541.76
1121,OK,-1,-16,1008,1008,407.74,435.63,595.91,424.69,505.35,546.04
1122,OK,-2,25,993,993,401.9,464.28,587.26,454.07,493.47,584.25
1123,OK,-11,37,1009,1009,401.17,479.77,589.75,472.97,492.53,606.2
1124,OK,-8,38,1012,1012,404.36,486.6,593.25,475.9,499.15,608.31
1125,OK,-15,36,1024,1024,401.42,489.57,592.53,476.54,498.47,614.49
1126,OK,-10,40,1019,1019,403.87,490.54,594.01,477.69,500.2,615.51
1127,OK,-8,41,1014,1014,404.87,490.48,594.09,477.63,500.18,613.17
1128,OK,-7,42,1014,1014,405.37,490.71,594.68,478.15,500.74,614.27
1129,OK,-11,39,1021,1021,403.19,490.38,593.76,477.01,500.28,615.41
1130,OK,-12,37,1026,1026,403.99,491.88,595.35,476.75,503.86,615.87
1131,OK,-12,39,1023,1023,402.77,491.77,593.55,477.66,500.58,615.57
1132,OK,-14,39,1023,1023,401.24,491.7,592.1,477.96,498.1,616.05
1133,OK,-16,33,1024,1024,400.99,489.22,592.01,476.53,497.48,609.04
1134,OK,-17,37,1017,1017,397.02,489.02,586.83,475.85,491.06,608.8
1135,OK,-24,37,1023,1023,391.4,491.98,581.96,474.49,489.19,613.58
1136,OK,-27,37,1022,1022,388.92,492.18,579.17,474.48,485.82,613.35
1137,OK,-27,37,1025,1025,389.27,493.01,580.02,474.8,486.76,614.56
1138,OK,-26,38,1023,1023,389.17,492.88,579.6,475.15,487.14,614.61
1139,OK,-27,39,1022,1022,388.36,494.45,578.49,474.49,486.45,616.44
1140,OK,-29,40,1022,1022,386.42,495.66,576.45,475.25,484.26,618.13
1141,OK,-26,44,1017,1017,386.27,497.44,575.24,476.01,484.3,619.02
1142,OK,-29,41,1020,1020,385.17,496.27,574.89,476.01,482.81,616.84
1143,OK,-27,44,1016,1016,385.57,497.09,574.4,476.13,483.94,618.38
1144,OK,-33,37,1028,1028,383.73,496.1,574.71,474.66,482.93,618.2
1145,OK,-34,33,1033,1033,383.53,493.02,575.58,472.67,484.91,616.92
1146,OK,-29,29,1022,1022,385.23,482.48,575.67,465.43,484.15,606.2
1147,OK,-41,19,1030,1030,377.39,478.76,568.77,456.96,476.62,601.75
1148,OK,-41,20,1027,1027,375.47,476.98,566.31,455.91,473.18,599.79
1149,OK,-34,24,1025,1025,379.27,482.05,569.38,457.36,483.43,602.76
1150,OK,-21,30,1022,1022,386.18,490.01,574.56,457.45,501.57,608.65
1151,OK,-7,28,1024,1024,394.24,494.14,580.79,451.05,522.88,609.28
1152,OK,-29,21,1038,1038,380.4,493.02,570.37,452.68,506.19,608.47
1153,OK,-41,29,1031,1031,369.27,494.43,558.16,456.02,486.14,613.93
1154,OK,-41,38,1022,1022,367.91,498.13,555.88,462.98,479.54,618.98
1155,OK,-34,43,1018,1018,373.78,499.29,561.07,465.31,483.41,622.13
1156,OK,-31,38,1023,1023,379.63,499.55,568.55,469.75,486.79,615.06
1157,OK,-15,37,1004,1004,387.93,493.13,573.39,464.15,493.7,600.19
1158,OK,-14,36,1013,1013,390.87,492.83,578.17,464.61,501.21,605.96
1159,OK,-13,36,1025,1025,394.43,495.09,583.86,466.09,509.47,615.73
1160,OK,-20,32,1032,1032,390.64,495.36,581.11,463.83,507.53,617.22
1161,OK,-24,30,1027,1027,385.68,489.51,575.76,462.19,497.93,611.49
1162,OK,-30,30,1027,1027,380.34,490.21,570.19,461.52,492.03,611.1
1163,OK,-34,29,1026,1026,376.22,493.47,565.2,460.67,487.52,607.92
1164,OK,-37,32,1024,1024,373.45,496.45,561.88,461.92,484.05,610.55
1165,OK,-38,28,1033,1033,374.88,492.71,565.32,460.51,487.07,613.09
1166,OK,-40,19,1037,1037,375.47,488.22,566.8,456.81,485.79,603.3
1167,OK,-34,25,1031,1031,378.56,489.93,568.68,457.83,489.72,606.38
1168,OK,-48,7,1052,1052,374.34,483.32,568.66,452.87,486.42,597.93
1169,OK,-62,-7,1045,1045,360.74,468.13,553.68,437.33,463.33,578.9
1170,OK,-87,-31,1061,1061,344.32,453.42,541.18,428.15,443.52,557.38
1171,OK,-83,-26,1049,1049,345.38,452.79,540.25,430.27,440.58,554.99
1172,OK,-92,-23,1057,1057,339.89,458.92,535.8,432.92,434.88,565.75
1173,OK,-100,-22,1069,1069,336.65,463.43,534.75,436.9,433.63,574.48
1174,OK,-103,12,1053,1053,327.88,484.43,523.33,459.55,420.99,604.44
1175,OK,-106,60,1046,1046,320.77,526.16,513.74,494.09,417.98,656.28
1176,OK,-95,100,1053,1053,330.37,570.61,524.23,535.76,436.3,700.22
1177,OK,-102,96,1064,1064,328.15,575.01,523.85,538.48,435.6,701.0
1178,OK,-96,91,1074,1074,337.11,576.89,534.17,538.32,446.65,699.64
1179,OK,-76,88,1061,1061,351.78,564.57,547.62,532.42,458.97,688.46
1180,OK,-57,78,1046,1046,364.22,546.35,557.91,519.09,471.24,670.16
1181,OK,-63,51,1047,1047,361.78,515.67,556.74,496.52,461.24,641.91
1182,OK,-61,5,1047,1047,363.81,472.35,558.12,447.39,464.16,596.7
1183,OK,-49,-22,1038,1038,371.11,450.91,563.36,423.53,473.55,556.8
1184,OK,-21,-33,1005,1005,387.26,423.31,574.09,402.93,482.77,524.89
1185,OK,-8,-43,993,993,396.59,403.81,581.74,390.56,487.97,510.47
1186,OK,9,-60,991,991,415.29,386.14,600.58,379.1,500.81,487.98
1187,OK,15,-58,989,989,421.73,381.94,606.72,377.93,504.01,493.19
1188,OK,34,-64,973,973,435.75,373.67,617.68,368.4,514.59,473.35
1189,OK,58,-77,969,969,457.31,353.26,638.54,358.59,537.6,459.8
1190,OK,85,-98,952,952,478.07,331.72,655.83,342.24,555.62,419.59
1191,OK,93,-103,950,950,487.51,333.54,665.14,334.54,561.67,411.85
1192,OK,101,-87,966,966,499.79,351.12,680.38,357.16,578.72,437.93
1193,OK,99,-71,975,975,501.23,370.21,683.56,372.34,581.33,461.07
1194,OK,123,-31,977,977,521.98,399.75,704.29,412.33,609.06,508.8
1195,OK,104,-12,1000,1000,512.61,425.64,699.18,438.0,602.43,545.99
1196,OK,97,21,995,995,505.35,448.1,690.41,467.04,591.62,579.64
1197,OK,57,-4,1056,1056,487.8,461.48,684.83,474.7,584.66,581.19
1198,OK,62,32,1019,1019,478.86,472.65,669.01,484.66,569.31,605.21
1199,OK,23,43,1035,1035,452.07,484.29,645.38,493.29,532.83,631.64
1200,OK,8,50,1027,1027,434.82,490.44,626.94,492.67,512.81,634.57
1201,OK,7,42,1036,1036,435.63,488.19,629.33,490.7,517.97,631.48
1202,OK,10,43,1034,1034,436.33,489.22,629.71,489.27,521.31,631.95
1203,OK,16,40,1018,1018,436.07,476.07,626.33,481.46,519.5,619.93
1204,OK,20,36,1010,1010,436.47,471.26,625.32,472.39,520.45,611.49
1205,OK,32,34,993,993,440.61,461.05,626.31,466.93,522.76,596.84
1206,OK,29,28,996,996,439.63,457.49,625.88,461.89,523.12,593.07
1207,OK,16,20,1004,1004,429.33,455.8,617.15,457.64,514.73,588.41
1208,OK,21,39,990,990,427.31,468.45,612.54,468.31,512.83,601.12
1209,OK,25,52,990,990,428.21,484.44,613.21,477.63,520.39,614.12
1210,OK,25,57,985,985,425.54,488.83,609.55,478.52,517.77,616.28
1211,OK,23,64,984,984,425.28,492.65,609.08,484.31,514.4,624.33
1212,OK,20,58,989,989,425.12,485.54,610.08,482.28,510.46,620.79
1213,OK,31,58,982,982,433.47,483.88,617.06,481.14,518.89,616.45
1214,OK,23,51,996,996,431.32,481.36,617.57,480.68,517.58,618.42
1215,OK,23,53,992,992,431.81,478.62,617.33,479.69,514.33,619.27
1216,OK,24,52,990,990,432.62,476.9,617.66,480.0,514.51,616.96
1217,OK,26,55,988,988,433.48,477.31,618.14,481.96,514.73,618.55
1218,OK,22,46,1009,1009,435.88,479.4,624.51,476.84,523.13,623.0
1219,OK,54,62,996,996,459.79,488.22,645.9,493.62,551.17,630.71
1220,OK,69,66,1009,1009,476.45,495.3,664.93,503.12,576.61,640.9
1221,OK,96,78,1031,1031,508.11,512.37,700.31,528.89,618.01,666.22
1222,OK,98,74,1021,1021,507.11,507.25,697.35,523.82,615.35,653.93
1223,OK,85,68,1014,1014,496.97,497.55,685.71,515.77,593.35,643.55
1224,OK,78,64,985,985,479.63,483.66,663.55,493.59,570.22,624.78
1225,OK,36,13,1014,1014,454.36,445.4,643.46,458.86,538.92,589.09
1226,OK,27,7,982,982,430.71,435.04,614.35,435.76,515.32,562.37
1227,OK,15,-16,973,973,413.22,413.01,595.17,410.15,498.38,529.4
1228,OK,4,-24,975,975,401.72,410.19,584.02,402.95,489.71,520.17
1229,OK,9,-20,966,966,404.94,411.73,585.37,404.07,490.56,519.99
1230,OK,11,-22,974,974,410.77,414.04,592.76,404.51,494.51,521.87
1231,OK,14,-13,981,981,415.48,422.49,598.79,413.42,502.23,537.94
1232,OK,14,-12,997,997,418.84,431.93,605.14,423.34,512.06,544.44
1233,OK,17,-8,999,999,421.43,436.1,608.04,427.68,518.63,551.95
1234,OK,3,-9,1018,1018,418.48,436.03,608.89,436.34,510.59,564.23
1235,OK,-10,-14,1034,1034,411.19,441.19,604.54,436.48,507.77,569.08
1236,OK,-12,-12,1036,1036,411.18,441.95,604.91,438.99,505.63,573.04
1237,OK,-7,-8,1025,1025,411.05,441.46,602.69,437.53,504.88,569.78
1238,OK,3,-8,1016,1016,417.17,438.32,607.11,434.14,511.25,565.13
1239,OK,4,-4,1015,1015,417.09,440.7,606.91,436.02,511.38,568.95
1240,OK,1,-5,1017,1017,414.89,441.77,604.98,435.97,509.04,569.03
1241,OK,-3,-8,1022,1022,413.97,440.63,604.99,435.3,507.78,568.25
1242,OK,1,-4,1016,1016,415.29,440.59,605.24,436.25,508.57,569.67
1243,OK,-3,-5,1017,1017,412.21,441.14,602.41,435.3,504.65,569.53
1244,OK,-5,-8,1025,1025,412.02,440.34,603.62,434.83,506.6,570.83
1245,OK,-2,-7,1023,1023,414.59,440.78,605.83,436.49,509.73,571.01
1246,OK,-1,-3,1021,1021,414.41,443.77,605.35,438.67,509.59,573.35
1247,OK,7,4,1011,1011,418.16,444.78,607.26,443.98,511.39,575.33
1248,OK,4,9,1008,1008,415.4,449.14,603.9,447.72,506.76,578.69
1249,OK,-2,6,1019,1019,413.01,451.5,603.67,449.41,506.01,581.54
1250,OK,-10,1,1028,1028,408.78,453.44,600.94,448.44,504.14,580.83
1251,OK,4,12,1008,1008,413.51,453.59,601.87,447.83,509.25,581.95
1252,OK,-29,-6,1036,1036,392.02,454.89,584.98,437.91,490.94,578.49
1253,OK,-20,-3,1027,1027,396.21,452.85,587.62,437.56,494.67,575.93
1254,OK,-32,-16,1048,1048,393.98,448.65,589.68,438.01,492.46,573.06
1255,OK,-30,-13,1042,1042,393.88,448.59,588.49,437.39,490.97,573.71
1256,OK,-30,-14,1042,1042,394.07,448.8,588.51,436.92,492.17,572.74
1257,OK,-37,-19,1050,1050,390.85,448.08,586.77,435.25,487.84,570.8
1258,OK,-33,-10,1032,1032,388.98,448.98,581.55,437.14,482.36,570.3
1259,OK,-34,-12,1033,1033,386.44,449.41,579.04,433.13,482.34,566.97
1260,OK,-32,-9,1030,1030,389.03,447.95,581.36,436.38,482.61,570.18
1261,OK,-25,-4,1022,1022,392.08,449.86,582.93,437.93,486.49,570.36
1262,OK,-33,-7,1030,1030,388.03,447.96,580.33,438.26,479.84,574.75
1263,OK,-27,-6,1021,1021,390.24,448.76,580.61,434.75,481.74,568.2
1264,OK,-3,0,1002,1002,409.53,438.63,596.93,435.59,494.36,566.26
1265,OK,6,-1,992,992,413.84,435.94,599.43,433.57,497.66,557.19
1266,OK,0,-13,1001,1001,411.15,428.63,598.34,426.58,495.55,547.77
1267,OK,-8,-19,1003,1003,404.55,427.06,591.98,420.52,489.3,542.13
1268,OK,-6,-19,991,991,401.43,426.53,586.46,416.91,484.54,531.69
1269,OK,-11,-31,995,995,398.27,413.84,584.21,408.15,482.65,521.73
1270,OK,-13,-38,990,990,394.13,407.23,579.06,398.63,477.5,511.85
1271,OK,-14,-53,985,985,389.15,396.82,572.68,381.72,475.21,490.22
1272,OK,-12,-63,971,971,387.76,381.64,568.6,364.88,468.94,471.78
1273,OK,-15,-89,977,977,386.56,371.04,567.83,348.27,468.82,439.85
1274,OK,-10,-89,967,967,387.31,370.44,566.76,347.72,470.45,429.17
1275,OK,-1,-93,951,951,389.55,358.59,565.87,335.66,471.58,418.17
1276,OK,0,-96,940,940,387.99,355.8,562.06,331.23,466.04,405.9
1277,OK,1,-85,926,926,383.94,358.2,554.93,330.22,460.13,412.0
1278,OK,-6,-81,935,935,379.37,361.92,551.89,333.08,457.73,426.49
1279,OK,-15,-88,957,957,379.02,363.8,555.95,336.31,460.11,431.48
1280,OK,-13,-83,954,954,380.54,365.29,557.37,341.08,459.62,434.84
1281,OK,-16,-81,960,960,380.5,367.45,558.89,347.09,460.26,441.23
1282,OK,-14,-77,957,957,380.76,367.83,558.6,348.03,458.96,444.55
1283,OK,-13,-74,954,954,381.08,369.47,558.14,347.35,459.86,448.99
1284,OK,-16,-79,960,960,380.53,369.36,558.42,345.12,459.39,444.8
1285,OK,-7,-68,941,941,381.66,369.6,555.98,344.73,457.98,447.92
1286,OK,-10,-80,959,959,386.59,365.37,564.7,344.04,464.21,444.07
1287,OK,-11,-81,961,961,385.66,365.91,564.13,345.36,464.27,443.69
1288,OK,-18,-85,964,964,380.58,368.27,559.24,344.24,459.82,439.72
1289,OK,-26,-67,940,940,366.19,369.2,540.66,347.47,436.08,448.93
1290,OK,-31,-64,937,937,360.74,369.75,535.02,350.94,426.97,448.23
1291,OK,-40,-62,939,939,353.26,370.75,527.82,351.81,417.88,454.55
1292,OK,-34,-56,926,926,353.72,372.64,525.81,353.16,418.45,452.37
1293,OK,-39,-53,921,921,347.26,372.9,518.31,352.11,410.22,451.81
1294,OK,-46,-60,937,937,345.31,377.21,518.74,352.23,413.07,452.44
1295,OK,-57,-64,958,958,342.45,380.07,520.23,357.52,412.78,461.52
1296,OK,-64,-68,968,968,340.42,379.38,520.35,359.97,410.86,462.85
1297,OK,-66,-56,967,967,335.88,385.19,515.98,368.98,408.2,478.89
1298,OK,-73,-45,964,964,327.8,392.98,506.87,372.15,400.82,492.07
1299,OK,-73,-49,971,971,330.04,391.83,510.61,371.71,404.64,492.07
1300,OK,-69,-43,964,964,332.29,391.45,511.51,372.33,405.68,496.15
1301,OK,-65,-55,973,973,338.36,384.1,519.54,366.6,413.38,487.25
1302,OK,-63,-61,971,971,341.69,376.22,522.8,362.8,412.73,479.85
1303,OK,-56,-70,957,957,343.62,363.6,522.34,354.39,411.07,457.38
1304,OK,-65,-69,958,958,334.7,369.86,512.97,350.98,405.25,460.1
1305,OK,-80,-44,965,965,321.42,391.23,500.52,369.18,393.5,496.31
1306,OK,-102,-30,961,961,297.08,406.43,473.72,373.65,371.85,511.49
1307,OK,-106,-14,943,943,286.48,414.98,459.67,381.68,358.45,516.74
1308,OK,-112,-15,942,942,281.32,413.81,454.75,383.17,350.77,514.83
1309,OK,-111,-26,946,946,284.45,407.58,458.36,374.95,354.1,504.38
1310,OK,-80,-45,951,951,316.73,394.99,492.46,367.46,385.74,480.08
1311,OK,-45,-62,960,960,355.3,376.32,534.25,362.3,427.12,466.82
1312,OK,0,-68,972,972,402.39,383.21,583.52,367.55,480.6,460.9
1313,OK,22,-56,1001,1001,432.23,394.84,619.43,393.67,518.22,494.86
1314,OK,39,-20,972,972,440.64,413.97,622.36,415.23,520.29,518.72
1315,OK,38,-7,970,970,437.78,426.5,619.26,424.17,517.61,532.21
1316,OK,22,-1,976,976,425.72,430.86,608.17,429.27,504.68,544.66
1317,OK,8,-4,981,981,411.76,431.76,595.15,424.77,494.48,545.45
1318,OK,-6,-13,972,972,390.93,433.54,571.18,409.69,479.04,526.21
1319,OK,-33,-29,1003,1003,372.61,435.32,557.27,401.98,472.42,527.33
1320,OK,-66,-46,1032,1032,348.87,434.42,537.73,394.6,456.87,526.74
1321,OK,-78,-43,1029,1029,329.76,442.73,514.63,389.09,450.62,527.76
1322,OK,-85,7,1001,1001,310.93,480.38,487.92,419.5,432.25,564.97
1323,OK,-98,33,986,986,293.59,490.04,470.06,436.4,410.17,590.29
1324,OK,-113,19,1001,1001,287.23,479.31,467.79,430.01,396.82,584.23
1325,OK,-104,16,983,983,295.04,462.97,475.2,425.98,389.38,571.44
1326,OK,-88,-17,992,992,318.68,434.02,502.0,405.16,407.58,538.56
1327,OK,-77,-31,1012,1012,337.58,425.99,525.24,400.62,428.27,537.16
1328,OK,-40,-44,1000,1000,368.64,408.22,554.71,389.13,459.26,514.43
1329,OK,-27,-46,995,995,379.41,402.32,564.22,380.83,469.65,511.56
1330,OK,-16,-54,985,985,389.05,390.28,572.72,374.88,473.04,494.44
1331,OK,-11,-65,984,984,395.26,375.46,579.08,366.78,476.59,484.88
1332,OK,-11,-83,994,994,399.87,366.15,585.41,355.62,479.69,468.42
1333,OK,-7,-87,987,987,403.77,358.6,588.32,356.07,477.92,456.42
1334,OK,6,-75,967,967,408.72,357.25,589.65,358.78,479.41,459.5
1335,OK,1,-83,979,979,409.46,354.67,592.57,357.73,480.78,457.75
1336,OK,3,-81,981,981,412.01,355.26,595.52,359.46,483.64,461.82
1337,OK,2,-86,987,987,412.17,354.75,596.68,357.45,485.62,459.23
1338,OK,0,-85,987,987,411.48,355.45,596.09,358.71,484.02,460.47
1339,OK,2,-78,983,983,412.03,359.37,595.92,362.48,483.89,465.25
1340,OK,-2,-82,983,983,406.75,360.49,590.57,358.93,479.76,459.71
1341,OK,-2,-89,972,972,402.2,358.75,583.74,351.06,475.22,441.04
1342,OK,-4,-81,959,959,396.0,354.22,575.43,351.61,464.87,444.31
1343,OK,-28,-70,963,963,374.99,366.69,554.97,361.45,441.76,459.87
1344,OK,-37,-56,954,954,362.74,371.44,541.15,369.35,428.65,472.2
1345,OK,-65,-53,964,964,338.23,387.2,517.92,371.43,406.09,478.69
1346,OK,-72,-48,960,960,328.84,390.07,507.31,369.99,398.87,484.36
1347,OK,-79,-50,952,952,317.21,387.88,493.24,360.96,389.17,478.4
1348,OK,-88,-49,956,956,311.2,389.39,487.72,361.48,381.87,483.85
1349,OK,-85,-40,951,951,310.49,391.42,486.2,363.3,381.74,493.34
1350,OK,-83,-41,953,953,313.7,395.49,489.52,365.86,385.81,490.26
1351,OK,-88,-48,962,962,312.06,398.72,488.8,365.31,387.54,485.16
1352,OK,-100,-37,962,962,299.67,403.56,476.35,369.8,375.59,503.26
1353,OK,-108,-10,940,940,283.78,415.75,456.65,383.43,354.07,521.2
1354,OK,-107,-6,937,937,283.63,416.09,456.16,385.57,353.1,523.33
1355,OK,-95,2,931,931,292.02,419.65,463.04,387.26,362.87,530.85
1356,OK,-96,-32,971,971,306.25,411.57,485.05,379.6,383.7,512.4
1357,OK,-67,-43,1001,1001,348.2,404.25,535.03,391.86,425.81,517.88
1358,OK,-38,-34,996,996,374.67,412.03,560.75,402.67,452.62,520.75
1359,OK,-15,-33,996,996,397.72,408.96,583.95,407.97,475.5,522.21
1360,OK,-14,-25,995,995,398.88,415.49,584.99,415.35,475.24,530.36
1361,OK,-17,-28,1000,1000,396.45,417.96,583.42,414.01,476.07,528.27
1362,OK,-11,-25,990,990,398.67,416.35,583.87,414.33,478.38,524.99
1363,OK,-6,-25,980,980,401.38,408.75,584.6,411.9,475.9,520.68
1364,OK,0,-21,977,977,405.08,411.26,587.8,414.2,480.28,522.95
1365,OK,4,-17,976,976,408.99,414.99,591.55,415.34,484.98,528.22
1366,OK,0,-23,989,989,409.93,413.03,594.81,413.93,487.24,529.94
1367,OK,4,-17,985,985,411.52,416.27,595.76,414.87,488.5,535.44
1368,OK,9,-16,985,985,417.08,416.85,601.27,418.1,493.18,536.33
1369,OK,17,-10,980,980,425.01,417.02,608.13,423.46,498.0,541.43
1370,OK,25,-6,975,975,430.56,418.01,612.66,425.83,504.18,540.09
1371,OK,29,-4,964,964,432.85,415.81,612.95,424.61,500.23,537.52
1372,OK,33,-8,965,965,435.26,412.61,615.67,417.59,506.53,533.47
1373,OK,31,-23,978,978,437.71,405.35,620.41,412.98,512.03,524.28
1374,OK,33,-28,981,981,439.89,401.33,623.09,412.02,515.66,518.48
1375,OK,32,-32,976,976,438.36,395.42,620.77,404.61,511.47,512.54
1376,OK,28,-33,983,983,436.92,397.81,620.52,406.15,510.29,514.68
1377,OK,29,-28,974,974,434.86,397.52,616.71,407.14,506.46,516.39
1378,OK,28,-26,972,972,433.73,398.18,615.29,407.9,505.31,517.42
1379,OK,26,-25,971,971,430.44,399.04,611.82,407.86,501.31,516.88
1380,OK,20,-33,982,982,428.94,397.98,612.47,405.55,503.24,514.24
1381,OK,12,-34,988,988,423.12,401.44,607.88,407.29,497.78,516.15
1382,OK,11,-27,973,973,414.76,403.0,596.79,405.05,489.61,514.07
1383,OK,1,-32,982,982,407.91,404.97,591.61,407.45,484.27,513.0
1384,OK,-4,-37,984,984,405.97,398.69,589.93,404.82,479.58,509.23
1385,OK,-5,-36,977,977,401.85,398.92,584.65,401.17,474.7,505.19
1386,OK,-10,-38,985,985,398.16,401.65,582.42,401.69,473.8,507.55
1387,OK,-3,-41,1001,1001,413.59,398.08,600.19,413.11,488.38,514.24
1388,OK,42,-24,975,975,447.73,397.17,628.61,420.56,520.56,517.39
1389,OK,66,-28,985,985,473.24,395.75,655.68,421.93,552.22,519.69
1390,OK,67,-25,991,991,477.81,398.69,660.96,427.75,554.69,528.33
1391,OK,48,-15,983,983,457.07,407.15,639.65,428.89,531.3,535.82
1392,OK,56,-16,976,976,459.95,408.18,641.72,425.11,538.26,528.97
1393,OK,64,-31,1005,1005,478.79,404.67,665.3,427.73,560.15,527.66
1394,OK,92,-18,1001,1001,504.66,415.31,689.4,445.94,588.61,534.94
1395,OK,88,-15,1001,1001,499.22,419.09,685.04,442.62,585.73,539.29
1396,OK,56,-24,1015,1015,473.43,412.48,662.26,431.67,559.0,545.68
1397,OK,35,-14,994,994,444.25,421.22,630.15,427.12,528.38,541.88
1398,OK,12,-17,993,993,420.63,421.77,606.3,419.83,504.45,537.58
1399,OK,9,-24,1001,1001,420.2,418.61,607.37,418.35,505.63,533.81
1400,OK,9,-24,998,998,419.54,416.9,606.24,417.38,503.25,534.68
1401,OK,16,-13,992,992,423.78,424.23,609.24,421.73,507.51,543.22
1402,OK,17,-13,996,996,426.42,425.2,612.77,425.37,511.65,544.85
1403,OK,21,-8,988,988,428.44,425.09,613.25,428.22,511.02,545.77
1404,OK,20,-8,996,996,429.49,428.79,615.73,433.47,514.3,550.44
1405,OK,19,-4,994,994,428.51,429.74,614.32,435.2,511.02,554.31
1406,OK,22,-1,990,990,429.28,432.07,614.41,434.95,512.47,554.77
1407,OK,28,-1,989,989,434.3,430.91,619.29,435.75,519.17,554.24
1408,OK,34,2,988,988,438.98,433.84,623.72,436.21,524.78,558.03
1409,OK,33,-10,1001,1001,441.22,429.91,628.35,430.01,532.07,551.11
1410,OK,27,-19,1005,1005,438.4,425.29,626.33,424.6,527.4,541.29
1411,OK,27,-21,1008,1008,438.38,425.85,626.98,424.07,531.04,542.89
1412,OK,32,-23,1008,1008,443.0,423.97,631.46,423.71,536.24,538.83
1413,OK,37,-24,1009,1009,447.38,423.59,636.01,423.59,541.9,537.98
1414,OK,37,-18,1008,1008,447.02,426.07,635.52,425.97,541.51,546.44
1415,OK,36,-17,1006,1006,446.07,424.9,634.24,426.45,539.48,546.82
1416,OK,30,-13,1004,1004,439.96,428.02,627.68,428.38,531.97,551.22
1417,OK,28,-13,1003,1003,437.49,427.66,625.04,430.28,527.35,547.16
1418,OK,30,-17,1004,1004,439.12,427.49,626.83,428.77,531.33,543.57
1419,OK,35,-13,999,999,442.37,426.92,629.14,430.4,533.72,544.73
1420,OK,39,-13,996,996,444.65,426.41,630.93,429.18,536.9,542.48
1421,OK,40,-17,995,995,443.67,425.22,629.67,425.31,538.16,536.7
1422,OK,33,-22,1005,1005,441.3,424.9,629.28,424.81,535.77,536.98
1423,OK,29,-22,1008,1008,438.13,426.93,626.59,425.33,533.69,538.63
1424,OK,28,-18,1004,1004,436.12,428.03,623.85,426.8,530.84,542.23
1425,OK,32,-14,998,998,436.15,429.93,622.8,427.64,533.49,541.45
1426,OK,34,-13,996,996,436.8,429.61,622.99,426.53,534.94,542.04
1427,OK,31,-14,998,998,435.37,430.88,621.94,427.54,532.39,542.42
1428,OK,33,-17,1000,1000,438.55,427.72,625.66,426.31,535.62,540.05
1429,OK,28,-26,1008,1008,436.24,425.87,624.75,422.18,534.72,533.36
1430,OK,27,-29,1007,1007,434.05,421.22,622.35,416.08,532.11,529.73
1431,OK,28,-31,1001,1001,431.64,417.49,618.65,409.0,531.99,525.99
1432,OK,24,-36,1007,1007,430.53,418.12,618.53,408.39,530.24,522.56
1433,OK,24,-30,1000,1000,428.91,419.32,615.68,409.75,526.41,526.15
1434,OK,22,-31,1004,1004,428.57,419.76,616.04,409.45,526.27,528.45
1435,OK,22,-34,1008,1008,429.79,419.7,618.06,410.16,528.94,525.51
1436,OK,22,-32,1006,1006,429.31,420.79,617.15,411.27,526.92,526.71
1437,OK,20,-26,1005,1005,426.0,425.0,613.7,413.5,524.57,533.12
1438,OK,18,-25,1004,1004,422.69,424.66,609.91,411.44,525.24,536.68
1439,OK,12,-29,1004,1004,418.53,421.02,606.03,412.23,516.93,530.57
1440,OK,11,-30,1002,1002,417.26,418.59,604.59,411.75,514.65,527.72
1441,OK,13,-30,999,999,416.85,417.82,603.45,410.16,514.24,524.66
1442,OK,10,-33,1004,1004,416.56,417.04,604.31,411.26,513.84,525.28
1443,OK,12,-32,1001,1001,416.62,417.35,603.76,410.03,513.81,523.65
1444,OK,9,-34,1006,1006,416.23,417.18,604.28,410.4,514.09,525.37
1445,OK,11,-30,1002,1002,416.39,419.08,603.56,411.83,514.47,526.94
1446,OK,12,-28,999,999,415.71,419.08,602.45,411.96,513.77,527.9
1447,OK,12,-26,995,995,413.66,420.19,599.49,410.21,512.91,528.25
1448,OK,10,-26,992,992,411.24,420.65,596.5,409.38,510.06,526.63
1449,OK,6,-29,996,996,409.26,421.02,595.05,408.47,507.51,525.05
1450,OK,7,-26,993,993,408.86,419.35,594.3,409.19,505.56,526.81
1451,OK,5,-27,997,997,407.91,420.89,594.03,410.43,506.17,527.79
1452,OK,-3,-33,1013,1013,407.14,420.97,596.38,412.79,505.41,529.91
1453,OK,-6,-33,1014,1014,405.35,421.65,594.75,412.98,503.58,531.57
1454,OK,-10,-32,1016,1016,402.17,424.14,592.0,414.15,499.54,534.82
1455,OK,-9,-27,1008,1008,400.54,425.75,588.76,413.83,497.35,534.63
1456,OK,-10,-18,1002,1002,396.1,437.18,583.08,424.38,492.63,536.42
1457,OK,-6,14,976,976,391.48,455.37,573.45,440.86,482.67,557.8
1458,OK,-8,20,987,987,394.08,458.6,578.52,448.98,484.27,572.69
1459,OK,-11,19,994,994,394.69,463.83,580.36,453.69,485.44,575.01
1460,OK,-17,18,1010,1010,395.08,467.19,583.8,457.72,487.58,584.54
1461,OK,-12,22,1006,1006,398.54,468.17,586.7,463.14,490.73,584.77
1462,OK,-14,20,1013,1013,398.55,470.59,587.88,464.4,491.17,586.24
1463,OK,-18,17,1014,1014,395.62,468.64,585.17,462.19,489.47,583.36
1464,OK,-20,29,1004,1004,389.33,474.25,577.01,466.02,481.0,592.38
1465,OK,-23,29,1009,1009,388.87,474.43,577.56,468.88,479.58,595.3
1466,OK,-28,26,1016,1016,387.5,476.1,577.37,469.33,479.07,596.73
1467,OK,-23,30,1009,1009,389.09,476.75,577.76,470.31,479.25,595.57
1468,OK,-23,27,1021,1021,393.66,477.77,584.52,471.74,486.12,599.65
1469,OK,-26,23,1026,1026,393.83,475.73,585.66,469.42,485.99,601.23
1470,OK,-17,27,1023,1023,399.66,476.31,590.81,469.46,493.18,603.63
1471,OK,-19,26,1029,1029,399.66,479.13,591.91,469.8,495.54,606.58
1472,OK,-23,29,1027,1027,395.78,482.81,587.64,473.47,489.73,607.18
1473,OK,-23,22,1028,1028,396.0,476.53,588.2,469.68,489.95,600.78
1474,OK,-14,29,1008,1008,398.16,474.33,586.52,466.5,489.22,595.94
1475,OK,4,30,996,996,410.98,465.44,597.29,463.15,501.4,591.94
1476,OK,11,23,994,994,419.74,455.43,605.57,457.54,504.96,584.78
1477,OK,13,20,998,998,423.91,451.66,610.57,456.63,508.57,585.08
1478,OK,25,31,981,981,427.3,455.16,610.7,461.44,511.35,584.61
1479,OK,19,31,987,987,424.79,456.67,609.21,463.89,508.7,587.92
1480,OK,3,22,1006,1006,416.58,458.22,604.62,462.06,501.71,590.27
1481,OK,6,22,992,992,414.33,451.76,599.78,454.56,497.42,584.29
1482,OK,12,8,986,986,419.26,434.7,603.58,440.73,499.95,564.84
1483,OK,25,1,978,978,428.93,430.69,611.87,434.81,508.74,547.64
1484,OK,38,-3,978,978,442.51,423.63,625.33,430.99,521.7,545.15
1485,OK,39,-6,975,975,443.06,420.35,625.14,429.54,519.68,537.14
1486,OK,26,-5,978,978,433.74,421.79,616.52,430.05,506.71,543.95
1487,OK,17,-7,987,987,422.92,428.22,607.61,429.06,505.48,545.03
1488,OK,13,-18,998,998,419.08,426.36,605.65,422.25,512.54,537.81
1489,OK,15,-37,990,990,415.83,407.32,600.82,400.75,511.85,513.66
1490,OK,-10,-72,1014,1014,401.15,387.41,590.46,374.69,499.66,490.04
1491,OK,-20,-77,1006,1006,388.54,382.5,575.87,364.56,485.26,479.13
1492,OK,-22,-65,996,996,383.08,389.79,568.42,371.44,476.76,485.72
1493,OK,-34,-68,1014,1014,376.77,399.48,564.72,373.98,476.29,492.77
1494,OK,-37,-65,1019,1019,374.36,403.23,562.87,374.63,475.53,499.4
1495,OK,-28,-45,1006,1006,381.2,412.91,567.95,390.66,476.74,514.63
1496,OK,-1,9,965,965,391.65,443.42,571.0,423.31,481.09,549.09
1497,OK,6,48,992,992,409.72,482.43,594.74,467.64,503.03,614.51
1498,OK,23,76,984,984,424.98,506.53,608.82,496.23,513.91,635.81
1499,OK,25,101,987,987,422.9,537.34,606.05,514.31,522.5,664.07
1500,OK,5,116,995,995,410.79,548.56,596.24,533.98,502.46,686.27
1501,OK,-17,108,1010,1010,394.53,553.63,582.28,532.04,488.62,685.03
1502,OK,-13,131,984,984,388.46,567.39,570.91,543.18,479.07,692.23
1503,OK,-45,117,1026,1026,372.53,574.67,562.15,545.03,469.27,700.74
1504,OK,-51,113,1037,1037,369.96,575.8,561.06,543.03,469.47,704.31
1505,OK,-56,119,1043,1043,367.32,585.34,559.58,552.62,468.23,711.02
1506,OK,-49,118,1035,1035,369.03,584.71,559.12,548.03,473.26,705.07
1507,OK,-62,112,1047,1047,363.03,579.0,556.22,547.17,462.57,708.18
1508,OK,-63,110,1050,1050,363.53,578.28,557.12,545.14,464.6,709.01
1509,OK,-46,112,1024,1024,369.6,568.84,558.93,539.7,468.03,695.32
1510,OK,-61,108,1041,1041,361.91,571.6,554.09,539.84,461.63,700.8
1511,OK,-53,113,1027,1027,365.43,568.88,555.54,541.01,461.26,697.67
1512,OK,-51,104,1034,1034,369.43,565.25,561.16,539.63,466.83,690.28
1513,OK,-59,109,1037,1037,363.12,569.51,555.21,542.4,460.03,699.89
1514,OK,-36,110,1007,1007,374.58,557.3,561.01,530.85,466.84,683.17
1515,OK,-50,81,1035,1035,370.14,546.29,561.36,516.7,468.55,666.17
1516,OK,-41,82,1019,1019,374.17,539.05,562.37,509.42,469.68,659.3
1517,OK,-35,63,1018,1018,378.27,526.95,565.87,494.43,476.19,634.25
1518,OK,-40,57,1028,1028,377.5,521.5,567.33,490.48,476.69,636.07
1519,OK,-36,57,1025,1025,380.09,519.87,569.57,490.14,479.06,633.54
1520,OK,-26,65,1006,1006,383.93,518.39,569.98,489.82,478.64,632.63
1521,OK,-29,49,1025,1025,391.84,502.74,583.07,490.31,480.1,626.11
1522,OK,1,53,1007,1007,413.07,493.96,601.3,491.54,501.4,619.6
1523,OK,15,57,999,999,422.12,492.07,608.96,488.66,514.0,623.55
1524,OK,15,58,988,988,421.2,484.03,606.01,487.52,505.66,619.75
1525,OK,7,57,994,994,416.32,486.02,602.24,489.08,499.1,621.76
1526,OK,4,47,996,996,413.33,481.34,599.64,482.18,498.64,609.81
1527,OK,-10,28,1023,1023,408.03,472.86,599.33,470.39,500.26,607.2
1528,OK,-11,23,1013,1013,401.84,467.66,591.3,463.01,495.28,593.01
1529,OK,-16,15,1001,1001,393.55,456.29,580.55,448.18,481.61,579.36
1530,OK,-28,-10,1006,1006,385.49,440.89,573.22,428.27,471.27,552.59
1531,OK,-29,-11,993,993,378.39,435.34,563.13,416.87,464.89,544.26
1532,OK,-25,-44,998,998,385.31,408.06,571.71,397.87,469.79,507.82
1533,OK,-11,-62,968,968,388.43,381.56,569.08,368.33,469.22,470.56
1534,OK,2,-77,965,965,401.4,361.56,581.93,360.07,477.18,450.03
1535,OK,24,-75,936,936,412.42,352.63,587.51,357.12,485.02,431.66
1536,OK,47,-81,908,908,425.03,333.63,594.85,336.12,492.34,412.69
1537,OK,49,-94,905,905,425.22,327.86,594.5,328.28,493.88,388.68
1538,OK,43,-109,917,917,423.87,323.02,595.45,321.0,492.5,376.64
1539,OK,40,-115,923,923,424.8,321.89,597.37,322.6,492.78,371.02
1540,OK,45,-102,912,912,425.37,323.37,595.97,325.0,491.86,384.55
1541,OK,37,-100,924,924,423.52,329.27,596.39,333.03,489.13,394.39
1542,OK,31,-96,943,943,424.08,336.29,600.35,339.07,493.63,412.83
1543,OK,34,-100,951,951,429.24,342.53,607.11,347.36,501.14,406.85
1544,OK,45,-81,942,942,437.09,348.34,613.09,357.2,508.24,427.56
1545,OK,43,-89,967,967,441.61,351.43,622.39,357.57,520.78,434.93
1546,OK,50,-82,954,954,442.89,353.36,621.23,357.97,522.4,435.18
1547,OK,64,-81,947,947,453.09,349.49,630.06,357.68,532.59,432.28
1548,OK,71,-85,950,950,462.01,344.67,639.4,355.55,542.56,430.16
1549,OK,78,-85,937,937,463.9,344.45,638.71,357.35,541.29,416.51
1550,OK,84,-94,947,947,474.41,343.22,650.82,359.73,551.95,407.58
1551,OK,98,-85,933,933,481.8,340.78,655.37,357.98,560.38,414.45
1552,OK,99,-92,941,941,486.46,338.92,661.53,357.13,565.81,408.83
1553,OK,100,-92,937,937,486.08,337.78,660.39,355.58,563.32,406.99
1554,OK,96,-97,949,949,488.34,336.86,664.5,358.09,565.06,407.37
1555,OK,98,-93,949,949,489.48,340.04,665.69,360.81,566.61,413.54
1556,OK,91,-91,958,958,484.96,344.86,663.24,362.84,567.65,423.75
1557,OK,85,-85,960,960,480.49,346.7,659.05,364.98,560.96,435.99
1558,OK,86,-77,953,953,477.31,351.72,654.69,369.27,558.29,438.06
1559,OK,75,-80,970,970,472.4,357.02,653.46,368.89,558.59,448.4
1560,OK,66,-82,978,978,467.83,358.99,650.48,369.96,551.93,450.1
1561,OK,63,-84,985,985,467.25,360.04,651.08,370.86,550.88,451.6
1562,OK,59,-88,989,989,467.19,356.86,651.64,370.85,548.18,448.24
1563,OK,67,-77,967,967,466.31,359.9,646.67,374.0,544.93,446.57
1564,OK,51,-90,994,994,462.75,361.32,648.38,371.25,542.27,449.7
1565,OK,51,-83,997,997,462.08,364.74,648.33,374.64,543.87,461.85
1566,OK,46,-77,998,998,461.18,367.76,647.02,384.86,536.54,469.36
1567,OK,42,-61,1001,1001,456.75,383.85,642.94,402.78,535.5,485.3
1568,OK,43,-34,983,983,451.3,397.02,634.32,415.43,526.3,508.91
1569,OK,40,-13,969,969,442.92,412.24,623.68,424.11,516.23,525.06
1570,OK,41,-1,959,959,442.03,418.01,620.92,431.07,510.41,533.17
1571,OK,37,2,961,961,437.47,423.76,616.84,434.15,506.96,536.48
1572,OK,44,6,955,955,441.55,425.16,619.86,434.96,512.11,536.95
1573,OK,35,0,970,970,438.81,425.52,619.94,435.64,511.36,540.15
1574,OK,35,0,972,972,439.37,426.37,620.95,435.45,513.62,541.95
1575,OK,31,2,973,973,435.81,427.67,617.59,435.77,507.98,545.88
1576,OK,29,-2,976,976,435.77,425.34,618.15,434.62,508.74,543.69
1577,OK,31,1,968,968,434.49,425.55,615.37,435.03,506.98,540.9
1578,OK,26,-3,978,978,434.01,424.92,616.61,436.0,504.95,543.12
1579,OK,25,0,974,974,430.21,426.78,612.13,435.57,503.96,544.41
1580,OK,22,-1,978,978,428.52,425.99,611.24,435.04,502.27,545.64
1581,OK,26,-4,983,983,434.53,425.17,618.15,435.23,508.67,544.38
1582,OK,32,-4,978,978,439.63,423.4,622.3,434.37,512.38,542.26
1583,OK,31,-11,992,992,443.1,422.5,628.36,433.92,519.26,542.59
1584,OK,32,-11,990,990,443.19,421.84,628.07,432.67,518.74,541.82
1585,OK,30,-13,992,992,442.5,421.73,627.65,432.55,517.47,539.91
1586,OK,30,-12,993,993,441.84,423.25,627.21,433.24,517.76,541.44
1587,OK,32,-11,997,997,444.66,424.82,630.91,434.39,522.97,544.65
1588,OK,31,-9,988,988,441.95,423.31,626.33,434.9,516.3,541.82
1589,OK,23,-11,997,997,438.01,424.93,624.06,436.14,511.9,545.07
1590,OK,30,-13,1002,1002,446.33,425.18,633.35,436.93,523.71,546.48
1591,OK,36,0,988,988,446.98,430.63,631.31,442.82,522.02,552.92
1592,OK,29,-3,989,989,440.64,428.54,625.05,442.46,513.73,547.68
1593,OK,21,-4,992,992,436.35,428.15,621.27,442.62,506.64,549.45
1594,OK,29,-1,988,988,441.49,428.93,625.72,442.75,514.09,550.24
1595,OK,39,3,991,991,450.75,430.41,635.05,450.02,526.49,556.73
1596,OK,32,4,990,990,445.1,428.85,628.93,451.34,517.1,558.68
1597,OK,23,2,997,997,439.98,428.56,625.27,448.93,511.31,561.4
1598,OK,20,-2,993,993,435.43,426.62,620.42,444.01,504.23,554.12
1599,OK,31,-4,969,969,439.34,414.76,619.32,436.65,501.33,534.38
1600,OK,49,-14,960,960,452.49,400.23,629.85,428.07,518.36,519.41
1601,OK,51,-44,983,983,464.5,379.12,645.22,413.33,530.91,498.58
1602,OK,70,-77,978,978,483.37,350.4,662.03,389.34,546.7,455.11
1603,OK,90,-77,958,958,496.02,340.53,669.82,384.28,555.99,443.11
1604,OK,109,-69,926,926,499.56,340.92,669.51,374.58,559.57,431.72
1605,OK,116,-73,928,928,504.97,341.01,675.57,372.9,570.53,425.26
1606,OK,110,-77,939,939,502.81,341.54,675.81,371.22,569.21,429.57
1607,OK,100,-77,957,957,501.52,342.71,677.28,376.18,568.56,443.41
1608,OK,80,-82,997,997,495.93,357.41,680.09,386.59,569.8,460.08
1609,OK,62,-80,1009,1009,483.81,359.84,669.74,392.25,556.14,473.91
1610,OK,49,-69,1010,1010,473.58,367.09,659.22,401.69,542.56,488.63
1611,OK,61,-45,980,980,471.5,378.1,652.05,409.28,540.59,496.62
1612,OK,59,-37,970,970,464.37,383.8,643.92,409.63,534.36,499.6
1613,OK,58,-39,976,976,464.57,382.9,645.38,408.51,537.37,502.34
1614,OK,61,-39,974,974,466.22,383.03,646.54,408.29,539.81,500.39
1615,OK,56,-42,981,981,463.42,384.06,645.4,407.04,538.79,500.62
1616,OK,56,-45,990,990,467.3,385.41,650.85,409.98,542.98,502.81
1617,OK,53,-44,992,992,465.92,388.42,649.85,412.59,540.96,504.9
1618,OK,66,-32,969,969,469.4,388.0,648.83,413.1,540.96,504.43
1619,OK,60,-29,978,978,467.39,392.7,649.01,415.06,541.09,516.45
1620,OK,51,-31,988,988,460.93,400.1,644.72,418.7,537.63,518.51
1621,OK,44,-11,976,976,451.5,415.95,633.58,429.76,522.66,532.56
1622,OK,44,21,970,970,446.07,442.16,627.3,449.78,522.6,566.7
1623,OK,37,28,979,979,442.2,450.61,625.01,461.45,519.82,579.87
1624,OK,35,50,979,979,440.37,466.24,622.94,480.88,517.36,604.51
1625,OK,43,63,973,973,447.7,473.31,629.14,488.01,521.0,617.65
1626,OK,53,60,981,981,458.84,475.53,641.76,490.37,536.18,618.94
1627,OK,56,60,989,989,464.88,475.19,648.77,494.56,543.22,624.07
1628,OK,64,60,972,972,466.02,469.24,646.88,488.35,544.69,613.65
1629,OK,59,57,968,968,459.01,467.14,639.4,483.19,537.27,608.55
1630,OK,55,58,967,967,454.39,466.23,634.55,482.68,531.76,609.53
1631,OK,48,50,977,977,452.02,463.55,633.93,480.36,529.19,605.85
1632,OK,43,41,985,985,451.1,457.64,634.46,474.94,528.9,600.15
1633,OK,46,42,981,981,451.62,457.99,634.29,475.08,529.1,599.31
1634,OK,47,38,987,987,455.54,456.88,639.6,472.04,534.29,599.24
1635,OK,51,32,988,988,460.58,450.63,644.4,469.85,538.02,591.89
1636,OK,54,33,984,984,462.95,449.17,645.69,471.01,538.85,590.44
1637,OK,57,32,981,981,464.16,447.05,646.2,470.26,539.99,586.27
1638,OK,63,48,968,968,464.67,456.36,644.43,478.61,540.73,597.74
1639,OK,60,48,971,971,463.2,455.73,643.24,479.85,538.47,599.19
1640,OK,40,26,997,997,454.03,447.1,639.21,468.39,530.56,590.41
1641,OK,35,12,975,975,441.8,432.42,623.48,448.62,513.06,559.28
1642,OK,24,1,976,976,430.15,427.29,612.32,439.98,503.56,546.2
1643,OK,13,4,990,990,423.87,433.79,608.84,443.35,500.88,560.57
1644,OK,16,15,988,988,427.78,436.97,611.81,454.65,501.72,573.81
1645,OK,11,15,983,983,417.0,438.29,600.56,447.84,496.52,570.73
1646,OK,3,18,978,978,407.23,439.97,590.11,446.76,486.67,571.86
1647,OK,-2,4,990,990,406.22,436.4,591.28,438.27,488.71,560.78
1648,OK,6,7,981,981,409.89,435.79,593.4,438.5,492.04,558.0
1649,OK,10,1,974,974,412.26,426.1,594.27,431.91,491.04,547.26
1650,OK,32,0,951,951,428.77,413.51,606.35,423.64,497.45,531.67
1651,OK,71,-29,956,956,468.5,386.07,646.07,407.41,541.88,502.66
1652,OK,85,-60,970,970,489.48,365.18,669.28,389.23,560.85,474.51
1653,OK,149,-55,905,905,526.26,342.83,691.48,379.99,593.69,433.45
1654,OK,155,-60,905,905,529.31,341.58,695.6,373.65,602.05,427.94
1655,OK,165,-48,901,901,535.83,346.31,700.87,380.42,611.86,441.42
1656,OK,151,-53,924,924,534.52,349.34,703.85,383.69,606.94,451.84
1657,OK,145,-38,933,933,533.99,360.31,703.26,402.47,603.88,475.69
1658,OK,151,-26,935,935,538.35,370.22,708.76,409.68,612.98,492.49
1659,OK,145,-8,950,950,540.11,391.59,712.89,433.34,615.22,523.42
1660,OK,135,3,972,972,538.06,408.54,715.12,450.08,616.43,548.84
1661,OK,139,19,983,983,548.81,424.33,725.71,474.26,623.39,571.59
1662,OK,147,36,979,979,554.37,437.31,729.94,489.39,630.05,586.68
1663,OK,136,37,987,987,550.03,443.41,726.75,496.79,619.78,590.14
1664,OK,142,44,971,971,548.31,446.83,722.66,497.34,620.09,587.84
1665,OK,161,43,955,955,556.83,438.67,728.32,488.34,634.15,576.84
1666,OK,167,36,933,933,553.31,424.26,722.16,468.18,628.32,558.61
1667,OK,170,16,931,931,555.16,409.21,725.01,447.96,630.33,534.9
1668,OK,166,-14,954,954,558.32,398.4,733.22,433.53,640.85,511.77
1669,OK,161,-23,948,948,554.53,383.53,727.25,423.84,629.65,500.18
1670,OK,162,-26,939,939,548.54,381.82,720.96,414.89,628.1,488.82
1671,OK,155,-25,937,937,541.61,378.49,713.51,412.48,620.04,491.57
1672,OK,142,-27,949,949,534.56,381.77,708.79,415.29,610.68,497.22
1673,OK,139,-29,950,950,532.74,381.61,707.39,414.78,609.23,495.64
1674,OK,139,-31,950,950,533.21,380.06,707.7,413.33,609.53,492.64
1675,OK,131,-34,953,953,526.87,378.08,702.46,408.79,601.32,492.41
1676,OK,122,-44,944,944,516.16,365.34,690.39,393.52,585.35,477.61
1677,OK,93,-64,966,966,497.53,357.63,676.71,380.56,566.48,470.03
1678,OK,66,-58,979,979,475.73,364.89,657.32,388.61,545.04,485.26
1679,OK,43,-55,976,976,453.51,369.33,634.88,390.76,519.41,487.71
1680,OK,17,-44,965,965,421.65,381.36,602.0,389.98,487.92,491.77
1681,OK,9,-36,948,948,405.34,387.17,582.69,389.7,472.39,488.61
1682,OK,2,-32,949,949,396.46,394.28,573.99,389.97,468.37,492.5
1683,OK,-8,-29,943,943,383.51,401.11,559.02,382.83,455.49,492.1
1684,OK,-29,-41,965,965,370.53,400.34,549.64,378.4,446.51,492.73
1685,OK,-25,-33,955,955,370.26,403.45,547.45,380.37,445.51,496.98
1686,OK,-17,-35,963,963,380.65,404.2,559.8,385.82,457.82,497.58
1687,OK,-15,-26,971,971,385.79,413.68,566.71,398.66,465.39,513.42
1688,OK,12,-6,955,955,405.29,419.99,583.93,416.35,484.27,524.98
1689,OK,13,-9,974,974,414.07,421.65,596.3,422.8,496.28,533.84
1690,OK,19,0,971,971,422.26,424.2,603.59,433.24,496.08,542.63
1691,OK,25,5,962,962,425.95,425.86,605.54,435.68,498.01,543.07
1692,OK,40,7,972,972,443.65,429.87,625.11,440.4,517.92,551.57
1693,OK,60,7,962,962,459.73,422.43,638.71,440.29,534.04,546.45
1694,OK,70,-11,975,975,472.09,409.43,653.42,429.45,551.85,532.98
1695,OK,64,-7,973,973,465.98,411.99,647.15,429.11,544.12,537.57
1696,OK,42,2,967,967,443.76,422.44,624.27,433.21,516.26,543.22
1697,OK,34,7,962,962,434.4,429.17,614.24,433.63,507.06,545.18
1698,OK,30,8,968,968,432.42,430.88,613.38,438.52,505.12,551.23
1699,OK,38,11,964,964,438.88,430.69,619.02,438.92,511.83,551.89
1700,OK,51,9,966,966,450.61,430.99,631.23,434.74,527.94,552.37
1701,OK,62,13,959,959,459.95,423.85,638.87,436.53,534.3,554.81
1702,OK,55,-12,993,993,466.73,413.19,651.67,430.5,543.62,547.07
1703,OK,65,-13,974,974,468.87,405.13,649.99,424.56,545.43,533.98
1704,OK,57,-12,975,975,461.23,408.17,642.9,423.23,536.77,536.03
1705,OK,56,-10,965,965,454.76,407.79,634.99,418.57,531.2,531.09
1706,OK,49,-8,963,963,449.56,407.57,629.3,420.34,522.55,532.68
1707,OK,48,-3,957,957,445.45,413.05,624.26,421.18,518.97,533.39
1708,OK,51,-3,959,959,449.57,410.64,628.38,423.77,521.13,536.58
1709,OK,50,-15,969,969,451.06,406.16,632.04,416.94,527.66,526.83
1710,OK,44,-31,992,992,452.25,407.71,637.7,414.37,536.98,519.58
1711,OK,60,-27,974,974,459.55,400.32,641.65,405.78,544.43,517.61
1712,OK,60,-22,973,973,457.78,405.46,639.81,408.21,543.28,522.66
1713,OK,60,-16,966,966,457.51,407.13,638.04,412.47,540.2,524.44
1714,OK,61,-16,969,969,458.52,408.16,639.74,413.19,542.62,526.12
1715,OK,55,-19,981,981,458.32,410.53,641.64,416.35,541.92,530.42
1716,OK,51,-17,984,984,455.99,413.28,639.91,418.19,539.76,534.88
1717,OK,47,-12,983,983,450.76,418.02,634.57,421.74,533.69,539.0
1718,OK,44,-7,979,979,446.82,423.39,629.89,425.15,529.13,541.7
1719,OK,46,-9,981,981,450.03,420.3,633.41,423.16,531.94,540.83
1720,OK,45,-11,985,985,450.56,419.52,634.75,423.93,532.96,541.8
1721,OK,49,-7,979,979,451.5,420.58,634.53,425.44,534.49,541.36
1722,OK,45,-9,982,982,449.05,421.18,632.71,424.54,531.38,542.71
1723,OK,47,-10,980,980,450.29,420.41,633.46,423.7,533.95,539.87
1724,OK,44,-12,983,983,448.65,419.6,632.47,421.45,531.22,538.18
1725,OK,47,-11,981,981,449.34,420.23,632.86,421.51,533.12,538.87
1726,OK,45,-14,984,984,448.94,418.98,632.97,420.54,533.05,536.43
1727,OK,39,-10,982,982,443.07,424.41,626.78,423.45,526.69,538.41
1728,OK,41,-6,975,975,442.06,426.4,624.48,426.51,524.4,536.81
1729,OK,34,-15,990,990,439.56,425.66,624.57,420.14,526.46,538.31
1730,OK,34,-16,994,994,441.18,426.38,626.92,420.67,528.41,540.03
1731,OK,36,-18,994,994,442.87,424.81,628.61,419.14,531.84,537.42
1732,OK,35,-16,992,992,441.28,425.56,626.76,419.59,528.65,537.56
1733,OK,36,-16,991,991,441.17,425.24,626.42,419.43,528.62,537.27
1734,OK,35,-17,990,990,440.25,424.53,625.24,418.98,527.41,535.05
1735,OK,37,-13,986,986,441.19,424.54,625.64,420.27,527.19,538.76
1736,OK,36,-15,989,989,441.63,422.68,626.5,419.66,527.69,536.97
1737,OK,34,-14,990,990,440.1,424.14,625.17,421.54,526.24,540.08
1738,OK,38,-10,985,985,440.88,425.75,625.06,422.42,527.25,540.96
1739,OK,36,-9,985,985,439.64,426.5,623.75,423.33,525.01,542.68
1740,OK,37,-10,985,985,440.77,425.57,624.91,422.24,526.7,541.7
1741,OK,36,-10,985,985,440.07,424.88,624.24,423.14,524.39,541.93
1742,OK,29,-14,992,992,437.0,424.83,622.56,422.55,521.6,541.39
1743,OK,32,-12,990,990,437.86,425.97,622.94,422.71,524.05,541.66
1744,OK,33,-12,988,988,438.3,425.13,623.06,421.61,524.19,540.72
1745,OK,33,-11,984,984,437.73,425.18,621.77,421.55,521.13,539.81
1746,OK,32,-11,986,986,436.8,426.79,621.17,422.09,522.9,541.04
1747,OK,34,-9,984,984,437.48,426.87,621.43,422.9,523.01,542.56
1748,OK,35,-7,982,982,439.72,426.18,623.33,424.47,522.44,542.94
1749,OK,36,-9,984,984,440.03,426.47,624.05,424.68,524.05,542.07
1750,OK,39,-4,979,979,440.81,427.23,623.95,425.92,525.22,544.56
1751,OK,37,-5,981,981,439.44,428.0,622.87,426.48,523.91,544.37
1752,OK,37,-5,981,981,439.3,427.87,622.7,425.76,524.02,543.8
1753,OK,39,-5,979,979,440.35,427.64,623.48,425.5,524.28,543.24
1754,OK,37,-3,980,980,440.23,429.69,623.46,427.5,523.5,545.93
1755,OK,38,-3,978,978,439.93,429.72,622.92,427.1,523.47,544.73
1756,OK,40,-1,975,975,440.26,427.63,622.61,427.56,523.19,544.6
1757,OK,34,-4,981,981,436.5,429.51,619.85,425.83,521.39,544.71
1758,OK,28,-8,988,988,432.53,429.84,617.25,424.96,519.39,545.6
1759,OK,29,-5,982,982,431.71,429.9,615.34,424.88,518.28,545.55
1760,OK,27,-6,984,984,429.89,430.66,613.74,423.99,516.85,546.45
1761,OK,29,-5,983,983,431.34,431.08,615.05,424.37,518.3,545.48
1762,OK,27,-9,986,986,431.71,428.74,615.98,423.84,517.31,543.64
1763,OK,28,-10,986,986,433.32,426.59,617.65,423.96,518.5,542.66
1764,OK,29,-10,985,985,433.87,425.76,618.09,422.57,517.95,540.8
1765,OK,29,-12,986,986,435.04,424.47,619.48,422.62,518.31,539.89
1766,OK,28,-13,988,988,434.88,424.15,619.67,421.66,517.27,539.78
1767,OK,31,-11,983,983,435.15,424.43,618.87,420.54,517.58,538.78
1768,OK,32,-8,979,979,435.39,424.1,618.44,422.13,516.81,539.35
1769,OK,30,-10,982,982,434.83,424.97,618.49,422.07,516.78,540.03
1770,OK,30,-11,987,987,434.83,426.37,619.44,421.89,519.58,540.27
1771,OK,31,-10,982,982,434.61,425.32,618.26,422.55,517.96,538.82
1772,OK,30,-10,985,985,434.03,425.84,618.25,423.06,518.02,541.38
1773,OK,30,-9,985,985,434.62,425.83,618.91,423.5,517.71,542.43
1774,OK,32,-11,985,985,436.65,423.88,620.81,421.86,519.29,539.86
1775,OK,33,-10,980,980,436.64,424.4,619.81,421.13,518.78,539.0
1776,OK,29,-12,986,986,435.3,425.1,619.66,421.55,518.43,539.58
1777,OK,32,-8,980,980,435.37,425.47,618.59,422.49,517.98,541.24
1778,OK,32,-7,981,981,435.35,426.81,618.73,425.21,518.81,540.23
1779,OK,41,-4,969,969,439.74,425.04,621.05,426.34,521.13,535.71
1780,OK,35,-9,980,980,438.55,425.18,621.81,423.39,521.45,537.74
1781,OK,33,-10,983,983,438.16,424.6,622.09,422.83,519.39,539.13
1782,OK,36,-8,976,976,438.08,425.28,620.52,422.08,520.01,538.2
1783,OK,34,-10,981,981,437.91,423.99,621.3,421.68,519.44,537.59
1784,OK,30,-14,991,991,437.4,424.04,622.72,422.23,521.21,539.07
1785,OK,28,-13,989,989,434.37,424.81,619.38,422.24,518.44,540.35
1786,OK,27,-13,989,989,432.73,424.7,617.68,420.78,517.75,539.78
1787,OK,31,-7,981,981,434.07,428.26,617.53,426.47,517.72,539.62
1788,OK,35,-6,977,977,436.91,427.23,619.55,426.86,519.49,538.65
1789,OK,29,-16,990,990,436.78,423.15,621.92,420.03,520.11,536.97
1790,OK,32,-13,986,986,437.94,423.96,622.28,420.48,521.53,538.29
1791,OK,35,-11,980,980,438.69,422.91,621.9,420.41,520.84,536.69
1792,OK,39,-8,974,974,439.45,424.64,621.59,421.27,521.64,536.57
1793,OK,40,-7,970,970,440.13,422.92,621.51,421.21,520.92,534.5
1794,OK,39,-11,977,977,440.17,422.21,622.84,419.21,522.8,534.27
1795,OK,37,-12,981,981,439.11,423.44,622.61,419.38,523.32,536.46
1796,OK,37,-11,979,979,439.55,423.1,622.64,418.86,522.88,535.41
1797,OK,39,-11,977,977,440.4,422.95,623.03,420.06,523.2,534.21
1798,OK,37,-11,978,978,439.65,423.27,622.46,419.05,522.93,535.24
1799,OK,36,-12,979,979,438.33,421.35,621.36,418.87,520.16,534.07
