k,status,x,y,w,h,rx,ry,lx,ly,nx,ny
0,FAILED,,,,,,,,,,
1,OK,203,-29,786,786,492.36,328.28,694.81,324.54,599.91,401.82
2,OK,196,-31,793,793,487.55,327.86,691.63,323.42,595.36,404.48
3,OK,201,-13,785,785,488.1,336.21,690.18,331.5,598.29,424.43
4,OK,189,-23,807,807,482.41,347.65,689.92,337.0,598.23,419.48
5,OK,201,6,770,770,480.31,348.1,678.3,337.09,592.99,439.95
6,OK,185,-1,780,780,468.14,353.13,668.13,334.15,581.87,435.82
7,OK,184,-6,783,783,466.96,356.5,667.36,333.28,583.7,426.13
8,OK,185,-27,794,794,471.09,348.63,673.91,322.29,592.85,405.68
9,OK,186,-31,799,799,476.36,339.0,681.52,323.04,592.99,406.14
10,OK,198,-13,778,778,479.25,337.51,679.33,325.03,595.05,421.17
11,OK,193,-19,797,797,481.06,345.35,686.07,334.33,600.06,419.98
12,OK,197,-12,792,792,484.55,349.16,688.31,337.16,601.54,425.2
13,OK,200,-11,785,785,489.08,341.91,691.28,340.4,595.57,422.73
14,OK,199,-9,790,790,490.25,340.82,693.62,341.85,596.16,431.05
15,OK,201,-12,795,795,493.32,341.01,698.05,343.24,600.62,429.64
16,OK,196,-40,822,822,499.48,334.29,711.11,337.63,609.12,406.8
17,OK,211,-22,801,801,505.38,335.44,711.7,338.29,614.62,419.78
18,OK,199,-40,816,816,497.91,334.44,708.06,332.46,612.26,404.37
19,OK,204,-38,801,801,498.37,332.96,704.61,330.59,607.15,392.78
20,OK,198,-36,794,794,490.92,331.01,695.45,326.17,597.87,394.63
21,OK,194,-41,800,800,488.05,333.68,693.87,324.91,598.85,390.55
22,OK,190,-42,805,805,484.24,336.04,691.14,324.13,597.59,390.94
23,OK,194,-37,801,801,487.7,331.97,693.9,326.77,598.47,397.56
24,OK,192,-30,805,805,486.37,337.85,693.67,330.75,599.88,410.86
25,OK,199,-20,789,789,487.22,339.01,690.18,330.26,597.79,413.97
26,OK,198,-20,795,795,488.76,338.5,693.4,333.47,599.49,420.0
27,OK,199,-17,798,798,492.75,339.27,698.38,339.51,600.97,425.12
28,OK,193,-8,801,801,488.05,347.49,694.2,343.38,596.42,440.51
29,OK,191,-11,803,803,486.55,347.66,693.22,342.7,594.97,434.91
30,OK,199,15,785,785,487.38,359.59,689.56,352.88,594.82,458.33
31,OK,189,4,811,811,487.34,370.1,696.16,362.66,596.37,452.77
32,OK,183,-13,819,819,485.61,358.68,696.43,352.85,594.49,437.51
33,OK,193,-12,803,803,488.68,347.39,695.48,346.51,596.16,431.13
34,OK,194,-13,795,795,485.57,345.16,690.29,339.45,595.56,426.77
35,OK,187,-29,813,813,486.31,339.12,695.63,337.03,596.35,416.01
36,OK,192,-23,800,800,486.71,338.0,692.71,331.42,595.57,419.99
37,OK,201,-22,795,795,492.49,337.33,697.24,334.33,601.35,415.42
38,OK,203,-24,790,790,491.84,334.66,695.29,329.14,602.6,411.67
39,OK,191,-37,814,814,490.48,332.7,700.14,329.39,602.34,410.35
40,OK,193,-36,810,810,489.97,333.19,698.61,327.87,602.69,409.06
41,OK,200,-18,795,795,492.05,336.97,696.82,333.34,600.85,423.57
42,OK,203,-7,789,789,491.83,340.53,694.95,336.73,601.83,435.54
43,OK,203,3,782,782,491.01,342.94,692.33,341.69,597.54,445.85
44,OK,203,5,780,780,489.16,347.44,690.02,343.3,596.83,445.3
45,OK,204,22,780,780,489.5,360.73,690.41,355.73,598.87,466.43
46,OK,194,28,788,788,482.71,368.48,685.55,358.84,593.78,481.66
47,OK,195,22,784,784,484.76,362.41,686.72,359.57,588.92,468.73
48,OK,200,11,789,789,491.55,354.46,694.74,352.48,596.64,457.02
49,OK,190,-15,818,818,490.75,352.75,701.51,350.95,602.28,437.33
50,OK,203,-14,790,790,493.7,338.18,697.17,337.96,602.04,425.56
51,OK,197,-39,813,813,495.34,330.38,704.71,330.66,607.81,403.59
52,OK,198,-29,806,806,493.9,341.28,701.38,340.23,604.93,409.17
53,OK,211,-19,794,794,501.98,340.46,706.52,342.1,613.09,414.83
54,OK,214,-26,795,795,503.31,338.67,708.18,336.76,616.28,406.18
55,OK,222,-19,791,791,509.78,341.21,713.4,341.76,623.01,411.76
56,OK,231,1,781,781,513.62,344.57,714.64,347.09,628.04,437.5
57,OK,231,2,783,783,516.84,347.78,718.34,354.47,627.29,436.04
58,OK,233,2,782,782,517.44,349.82,718.83,353.21,630.96,435.65
59,OK,224,-2,794,794,513.11,351.66,717.56,353.03,627.55,439.54
60,OK,231,0,786,786,514.78,349.72,717.35,348.24,632.13,437.84
61,OK,219,-30,805,805,511.93,338.07,719.28,341.16,628.11,405.69
62,OK,218,-38,806,806,511.53,337.5,719.13,337.91,628.49,393.8
63,OK,222,-30,788,788,510.0,333.64,712.84,335.2,620.83,394.13
64,OK,217,-35,795,795,508.76,330.03,713.52,333.9,617.72,393.71
65,OK,219,-42,798,798,510.48,329.35,716.0,329.07,623.98,384.84
66,OK,224,-42,789,789,512.18,326.95,715.5,326.48,623.09,379.07
67,OK,221,-42,792,792,510.29,328.65,714.15,330.18,622.08,379.17
68,OK,215,-38,795,795,505.52,336.08,710.26,336.56,617.6,382.24
69,OK,213,-30,802,802,505.61,341.32,712.27,340.17,620.76,402.99
70,OK,212,-22,801,801,503.9,341.08,710.16,343.92,618.21,414.07
71,OK,210,-9,795,795,497.78,353.2,702.4,346.97,615.63,427.15
72,OK,211,-13,799,799,498.52,355.09,704.13,348.47,618.95,422.13
73,OK,208,-8,792,792,495.39,357.63,698.99,346.19,612.3,425.53
74,OK,207,-10,794,794,494.84,358.17,699.15,347.44,612.85,422.28
75,OK,207,-6,797,797,497.45,357.55,702.64,351.68,611.12,431.07
76,OK,208,-13,807,807,501.34,351.8,709.25,350.84,616.87,429.54
77,OK,206,-25,812,812,500.9,351.15,710.08,345.71,618.84,413.87
78,OK,209,-23,805,805,501.65,349.51,708.84,344.71,617.87,411.71
79,OK,205,-36,819,819,502.94,344.16,713.92,342.12,619.95,403.23
80,OK,207,-36,812,812,502.72,344.37,711.85,340.2,619.87,398.48
81,OK,211,-26,801,801,503.57,345.52,709.88,345.32,616.05,402.87
82,OK,217,-10,792,792,507.49,350.01,711.54,352.34,618.16,421.54
83,OK,220,-10,791,791,508.64,348.55,712.26,350.97,619.82,420.54
84,OK,220,-3,790,790,510.31,350.71,713.68,355.88,619.03,432.56
85,OK,212,-10,800,800,505.74,351.18,711.82,353.81,615.64,429.32
86,OK,209,-9,806,806,504.5,354.2,712.15,354.71,615.73,433.98
87,OK,212,-6,795,795,503.6,357.19,708.28,353.83,614.0,428.48
88,OK,210,1,796,796,502.11,361.73,707.13,355.94,613.18,440.8
89,OK,212,-3,799,799,502.85,361.35,708.54,355.55,618.2,434.0
90,OK,207,-9,811,811,500.99,362.78,709.75,356.35,618.83,433.25
91,OK,207,-4,806,806,501.33,363.79,708.89,358.22,616.47,437.48
92,OK,213,-9,803,803,507.01,354.28,713.92,354.45,618.26,430.81
93,OK,210,-25,808,808,505.08,349.65,713.09,346.91,620.41,410.87
94,OK,220,-24,791,791,507.62,340.96,711.22,337.55,621.6,404.57
95,OK,227,-25,791,791,514.54,336.1,718.24,341.4,629.09,401.64
96,OK,227,-34,793,793,513.67,334.21,717.96,335.99,630.68,389.6
97,OK,225,-35,795,795,513.8,331.76,718.52,335.65,627.96,391.44
98,OK,219,-32,808,808,512.46,338.47,720.47,340.96,630.52,404.4
99,OK,217,-37,811,811,509.86,337.88,718.71,336.19,631.43,399.64
100,OK,229,0,790,790,516.01,350.96,719.45,357.87,630.32,437.48
101,OK,224,-2,794,794,513.21,352.44,717.71,357.63,626.9,435.54
102,OK,211,-12,813,813,507.43,353.17,716.93,353.09,622.3,435.48
103,OK,230,8,785,785,514.57,354.19,716.68,357.07,628.94,444.55
104,OK,230,5,782,782,514.28,350.99,715.75,354.06,627.98,440.86
105,OK,230,8,780,780,512.98,354.07,713.86,353.8,628.21,443.99
106,OK,228,6,787,787,512.94,355.27,715.6,353.67,629.58,444.4
107,OK,230,13,786,786,514.67,360.05,717.05,356.52,630.92,455.09
108,OK,237,29,765,765,515.87,362.17,712.8,361.53,625.63,460.22
109,OK,227,16,785,785,512.25,359.78,714.48,357.42,626.53,457.8
110,OK,232,18,778,778,514.58,360.17,714.89,358.51,628.35,455.08
111,OK,233,10,780,780,515.19,354.91,716.17,352.78,632.14,446.21
112,OK,219,-7,800,800,509.27,354.2,715.37,350.4,627.08,435.34
113,OK,220,-3,795,795,507.67,353.52,712.4,350.53,624.58,436.55
114,OK,216,-9,800,800,504.73,353.08,710.72,345.17,624.87,434.22
115,OK,221,-8,794,794,510.6,350.0,715.17,352.92,623.64,428.03
116,OK,222,-10,799,799,511.67,348.86,717.31,351.36,627.76,429.33
117,OK,228,-4,786,786,514.87,345.18,717.31,351.25,626.46,431.37
118,OK,222,-7,795,795,513.19,345.21,717.81,352.23,624.35,432.47
119,OK,225,2,790,790,513.46,353.0,716.89,355.47,625.87,440.24
120,OK,221,2,794,794,511.8,355.07,716.4,355.11,623.39,443.85
121,OK,238,15,770,770,519.09,354.35,717.41,358.66,629.02,444.26
122,OK,240,18,769,769,519.63,355.0,717.68,359.61,629.9,447.18
123,OK,226,3,790,790,513.07,355.47,716.48,351.99,627.88,443.45
124,OK,215,-6,808,808,507.67,355.47,715.66,349.22,626.97,444.38
125,OK,225,-2,793,793,511.5,354.64,715.58,349.18,630.19,437.64
126,OK,224,-3,799,799,511.5,356.28,717.05,349.73,633.26,439.98
127,OK,231,-3,787,787,514.79,350.29,717.41,351.68,632.15,430.63
128,OK,234,-1,778,778,516.24,347.65,716.55,350.7,629.76,426.92
129,OK,235,-3,780,780,518.7,345.28,719.48,351.67,631.91,427.17
130,OK,229,-8,791,791,516.14,345.12,719.68,349.9,630.27,427.91
131,OK,230,3,785,785,516.54,348.33,718.52,354.84,627.25,440.15
132,OK,228,1,786,786,514.93,351.22,717.41,353.73,627.52,435.84
133,OK,231,12,775,775,513.66,357.73,713.2,358.49,624.34,440.33
134,OK,232,24,775,775,513.82,366.13,713.46,363.04,625.59,459.1
135,OK,227,19,780,780,511.06,366.46,711.88,362.8,623.87,455.29
136,OK,225,11,787,787,510.61,365.35,713.14,360.51,625.64,445.21
137,OK,217,-4,805,805,508.78,360.26,716.09,355.15,626.54,439.09
138,OK,222,-7,794,794,511.37,355.34,715.82,351.57,626.38,427.92
139,OK,229,-7,789,789,516.2,348.52,719.25,352.67,629.7,424.0
140,OK,226,-18,798,798,516.39,343.19,721.88,347.84,631.61,417.61
141,OK,230,-9,778,778,515.31,342.0,715.47,350.7,623.56,414.46
142,OK,229,-14,789,789,517.94,340.96,720.84,353.07,627.49,414.59
143,OK,236,-6,781,781,520.62,343.72,721.5,351.37,632.22,420.75
144,OK,226,0,791,791,513.65,354.97,717.48,355.73,626.93,435.51
145,OK,221,7,797,797,509.67,364.36,714.79,357.61,627.36,449.16
146,OK,226,11,789,789,511.81,363.37,715.13,360.3,628.02,448.38
147,OK,223,5,793,793,511.42,360.72,715.71,357.38,625.93,444.03
148,OK,221,-1,798,798,511.15,357.74,716.6,354.15,627.4,440.3
149,OK,225,-3,796,796,513.89,353.61,718.89,352.46,630.92,438.17
150,OK,237,2,773,773,519.51,347.96,718.52,356.64,628.82,424.29
151,OK,227,-8,788,788,515.06,345.41,717.99,351.28,626.06,425.14
152,OK,225,-13,793,793,514.65,345.32,718.87,350.1,626.67,419.3
153,OK,224,-10,793,793,513.87,346.75,718.06,351.34,625.68,424.06
154,OK,219,-5,788,788,506.93,354.77,709.97,351.86,618.23,426.24
155,OK,220,6,786,786,505.87,360.11,708.24,357.12,619.2,441.09
156,OK,213,1,795,795,501.52,364.47,706.07,353.22,617.95,438.78
157,OK,205,-7,810,810,499.81,367.82,708.27,357.92,617.69,433.23
158,OK,210,-4,804,804,501.22,365.37,708.12,356.2,619.83,437.12
159,OK,213,4,795,795,501.58,364.23,706.11,356.89,617.27,441.78
160,OK,207,-12,809,809,498.99,358.5,707.03,348.33,619.01,432.55
161,OK,212,-20,800,800,503.6,345.68,709.61,342.69,618.59,416.68
162,OK,212,-30,796,796,500.93,340.81,705.95,333.94,617.65,399.81
163,OK,215,-45,799,799,503.97,333.43,709.76,327.57,622.74,379.43
164,OK,209,-49,808,808,503.2,333.09,711.36,328.45,620.54,380.85
165,OK,209,-50,811,811,503.01,334.93,711.9,328.99,621.2,379.08
166,OK,208,-51,813,813,503.14,335.31,712.3,328.47,622.17,379.92
167,OK,207,-48,807,807,499.57,333.43,707.38,327.99,616.6,380.51
168,OK,208,-28,798,798,499.05,343.25,704.54,339.29,612.57,402.38
169,OK,202,-22,809,809,496.65,350.98,704.95,345.89,612.72,415.87
170,OK,212,-4,797,797,502.39,354.97,707.75,353.47,615.35,435.21
171,OK,213,-5,794,794,503.59,354.98,708.11,352.85,615.98,431.0
172,OK,213,5,792,792,503.17,359.41,707.27,359.54,613.26,442.53
173,OK,217,15,781,781,500.5,364.34,701.64,359.21,613.3,448.54
174,OK,207,11,795,795,496.4,370.58,701.06,362.71,611.04,450.52
175,OK,197,6,820,820,493.55,384.99,704.13,368.0,615.23,455.79
176,OK,203,16,822,822,498.06,389.71,709.06,372.57,625.38,473.0
177,OK,212,24,809,809,501.76,389.96,709.42,372.56,626.79,476.38
178,OK,213,15,797,797,501.41,377.14,706.38,365.81,619.83,456.3
179,OK,205,-4,812,812,500.83,367.59,709.94,361.01,618.29,441.38
180,OK,216,1,792,792,504.58,360.58,708.6,357.01,617.51,435.89
181,OK,214,-7,798,798,506.61,354.28,712.05,356.12,617.09,430.63
182,OK,211,-20,805,805,504.32,347.53,711.56,346.66,618.94,418.12
183,OK,213,-15,799,799,505.82,345.24,711.61,349.04,616.64,422.15
184,OK,207,-21,808,808,502.85,346.6,710.84,346.9,617.15,421.14
185,OK,211,-6,802,802,504.91,355.59,711.46,354.62,616.98,435.43
186,OK,204,-10,811,811,500.02,357.05,708.87,353.73,614.93,435.07
187,OK,209,1,803,803,500.52,362.55,707.3,357.34,616.41,444.95
188,OK,217,9,789,789,504.51,362.4,707.68,361.62,616.61,445.1
189,OK,211,6,800,800,501.44,368.59,707.41,359.94,619.5,448.1
190,OK,204,-8,811,811,499.77,362.0,708.46,355.1,615.78,436.65
191,OK,205,-26,819,819,503.45,350.4,714.34,345.94,620.77,418.08
192,OK,207,-32,814,814,503.14,347.28,712.67,342.16,621.88,405.91
193,OK,204,-38,814,814,499.38,343.44,708.87,335.9,618.66,398.36
194,OK,203,-34,813,813,499.03,342.0,708.35,337.32,614.79,405.52
195,OK,214,-17,784,784,498.72,348.01,700.57,340.59,612.57,407.67
196,OK,216,-11,787,787,501.99,349.45,704.53,345.3,615.73,417.24
197,OK,211,-17,806,806,506.75,349.39,714.25,352.21,618.64,421.5
198,OK,215,-13,804,804,509.04,350.78,715.99,352.05,622.97,427.85
199,OK,220,-1,795,795,511.09,353.16,715.84,357.47,622.06,438.2
200,OK,217,-6,798,798,509.34,354.37,714.77,355.83,620.76,432.52
201,OK,222,-4,794,794,513.09,351.77,717.49,357.22,622.8,431.52
202,OK,226,1,787,787,513.11,355.88,715.66,358.8,624.79,432.58
203,OK,220,7,790,790,507.76,364.21,711.14,358.58,622.46,443.65
204,OK,226,17,780,780,510.13,364.77,710.94,362.89,621.77,450.46
205,OK,218,0,792,792,506.01,362.05,709.96,355.99,621.37,433.28
206,OK,217,-5,797,797,506.44,359.52,711.65,354.26,621.8,430.12
207,OK,219,-9,800,800,511.28,353.07,717.25,352.62,625.39,430.25
208,OK,224,-7,789,789,513.45,346.66,716.62,352.35,621.86,424.55
209,OK,219,-17,795,795,509.29,348.2,714.08,350.79,620.96,411.26
210,OK,226,-10,785,785,513.08,346.68,715.22,350.12,623.17,417.4
211,OK,230,-2,777,777,513.45,348.38,713.66,350.14,623.59,422.83
212,OK,215,-14,801,801,508.9,346.98,715.13,349.53,619.26,424.05
213,OK,221,-2,786,786,509.66,352.97,712.07,354.22,618.39,429.9
214,OK,229,12,776,776,512.71,356.42,712.63,359.04,622.05,442.6
215,OK,236,23,768,768,514.83,362.22,712.73,365.27,626.67,451.45
216,OK,229,16,781,781,512.53,362.76,713.74,363.08,626.41,449.19
217,OK,228,16,783,783,511.87,365.29,713.46,365.21,626.21,450.43
218,OK,218,4,798,798,507.21,368.47,712.62,362.48,625.39,442.46
219,OK,213,-2,808,808,506.23,368.19,714.15,361.95,624.64,440.72
220,OK,227,15,785,785,511.63,365.32,713.7,363.39,626.2,449.81
221,OK,219,4,796,796,509.67,361.03,714.67,360.18,623.33,443.86
222,OK,213,-13,807,807,506.53,353.62,714.45,351.22,622.52,429.27
223,OK,220,-20,806,806,511.99,349.28,719.62,349.84,630.61,417.71
224,OK,222,-22,804,804,514.38,344.85,721.38,346.64,631.61,415.49
225,OK,226,-26,807,807,516.8,345.39,724.71,345.71,638.67,409.87
226,OK,236,-11,788,788,521.85,347.09,724.68,352.15,636.86,417.83
227,OK,239,-6,787,787,524.16,344.71,726.72,353.39,638.6,425.34
228,OK,240,3,778,778,523.2,347.55,723.38,354.83,635.53,434.15
229,OK,239,6,777,777,522.66,347.33,722.5,358.19,632.11,436.2
230,OK,240,16,764,764,518.04,354.92,714.85,358.6,627.99,440.89
231,OK,230,4,783,783,516.18,353.46,717.84,359.04,626.57,435.56
232,OK,230,13,776,776,513.39,358.73,713.35,361.57,623.62,442.72
233,OK,229,19,778,778,512.87,363.74,713.2,364.81,623.83,451.9
234,OK,225,13,784,784,511.12,362.91,713.05,361.94,622.33,448.43
235,OK,227,16,783,783,511.16,366.21,712.77,363.94,624.58,449.77
236,OK,220,-1,799,799,510.17,359.82,715.85,355.8,626.23,439.07
237,OK,232,5,780,780,517.09,353.94,718.03,358.92,627.21,434.91
238,OK,234,7,779,779,518.02,352.08,718.45,360.54,628.67,436.63
239,OK,239,14,769,769,519.36,350.45,717.28,359.32,627.79,441.74
240,OK,233,11,775,775,516.16,352.65,715.6,358.71,625.02,440.94
241,OK,225,0,791,791,513.98,353.32,717.53,359.25,625.21,433.81
242,OK,220,-1,795,795,509.74,358.15,714.52,358.98,622.8,434.37
243,OK,226,2,790,790,515.01,353.57,718.4,360.24,626.47,438.1
244,OK,222,6,790,790,509.98,359.79,713.42,359.69,622.43,442.79
245,OK,223,7,787,787,507.57,361.78,710.29,355.3,623.96,442.57
246,OK,215,3,796,796,505.35,365.71,710.18,360.02,620.14,439.41
247,OK,204,-12,817,817,500.88,365.41,710.91,354.93,619.97,433.67
248,OK,208,-9,813,813,503.03,362.26,712.34,356.07,621.22,435.05
249,OK,216,-9,796,796,508.0,353.59,712.95,352.8,618.95,426.24
250,OK,216,-9,797,797,508.17,350.54,713.39,354.71,618.47,426.54
251,OK,220,-5,791,791,510.92,347.41,714.47,354.98,618.86,429.27
252,OK,221,-3,786,786,510.39,348.66,712.7,353.56,618.19,430.52
253,OK,217,-11,797,797,508.65,346.2,713.8,349.71,619.53,426.38
254,OK,213,-13,801,801,505.7,348.1,711.89,349.39,617.21,426.05
255,OK,207,-9,808,808,503.76,355.47,711.79,356.39,614.48,435.47
256,OK,213,-4,797,797,504.02,356.9,709.19,355.1,615.43,432.66
257,OK,219,6,787,787,505.08,361.01,707.89,359.3,618.6,439.67
258,OK,219,12,790,790,506.95,364.89,710.31,360.96,621.07,451.1
259,OK,221,12,792,792,508.62,366.32,712.57,364.57,623.76,452.34
260,OK,220,12,794,794,508.29,367.09,712.63,363.7,623.9,453.47
261,OK,221,5,796,796,509.25,364.27,714.11,359.6,627.51,446.03
262,OK,235,6,779,779,518.54,355.37,719.19,361.82,630.15,432.78
263,OK,234,-3,787,787,519.59,349.28,722.17,357.13,633.35,426.87
264,OK,231,-8,776,776,515.11,343.54,714.87,350.65,625.0,414.1
265,OK,240,-2,764,764,519.34,342.14,715.83,351.57,627.55,413.49
266,OK,237,-8,772,772,518.56,342.52,717.19,350.54,629.5,410.25
267,OK,237,-6,774,774,519.08,343.38,718.29,349.94,630.74,417.17
268,OK,242,-1,775,775,522.27,347.13,721.68,355.13,637.93,421.61
269,OK,244,14,769,769,524.56,355.31,722.3,364.17,634.44,436.79
270,OK,231,12,791,791,517.7,362.21,721.34,365.25,633.72,451.56
271,OK,225,3,798,798,515.57,362.12,721.14,364.15,631.46,442.0
272,OK,230,1,793,793,517.94,356.01,722.02,362.01,632.68,435.48
273,OK,228,-14,791,791,515.64,347.59,719.35,351.31,629.96,413.34
274,OK,219,-31,796,796,508.11,340.59,713.08,338.96,623.98,395.15
275,OK,219,-45,795,795,505.64,334.19,710.31,329.19,624.39,373.09
276,OK,237,-46,776,776,513.83,328.92,713.37,317.8,638.25,361.63
277,OK,233,-46,784,784,513.68,330.5,715.54,322.49,636.18,365.58
278,OK,220,-44,792,792,505.44,335.59,709.07,325.97,625.21,373.56
279,OK,211,-32,802,802,501.72,347.13,708.34,342.58,619.76,394.01
280,OK,212,-14,799,799,503.51,352.34,709.35,352.15,616.5,418.03
281,OK,219,1,788,788,506.86,356.5,709.69,356.82,618.15,434.37
282,OK,215,3,793,793,505.78,357.34,710.04,360.36,615.66,440.67
283,OK,218,7,788,788,505.88,361.52,708.72,361.33,616.82,440.94
284,OK,222,11,781,781,507.44,361.04,708.54,361.78,617.36,441.61
285,OK,214,-6,797,797,504.07,359.89,709.27,354.9,617.8,428.22
286,OK,220,-15,796,796,509.84,350.03,714.77,350.21,625.0,416.68
287,OK,203,-41,813,813,498.92,343.79,708.15,336.16,615.45,390.3
288,OK,210,-43,806,806,503.58,337.29,711.14,334.82,620.51,384.9
289,OK,204,-54,812,812,497.54,336.84,706.61,329.06,619.61,372.95
290,OK,207,-45,801,801,496.38,335.02,702.61,329.02,616.18,379.36
291,OK,202,-48,806,806,495.59,332.15,703.13,328.61,611.5,380.81
292,OK,206,-39,794,794,495.0,333.04,699.38,327.56,609.67,386.43
293,OK,205,-38,794,794,494.3,333.9,698.71,327.87,608.27,387.79
294,OK,203,-35,801,801,495.21,336.72,701.41,332.86,609.28,396.61
295,OK,211,-25,793,793,497.68,339.4,701.83,333.3,614.8,406.12
296,OK,210,-23,798,798,500.53,338.08,705.94,336.92,615.18,414.68
297,OK,208,-20,800,800,499.76,343.93,705.76,341.15,614.2,418.14
298,OK,207,-8,795,795,496.45,351.04,701.03,345.47,609.72,430.76
299,OK,200,-17,812,812,496.19,349.45,705.17,345.42,611.34,431.03
300,OK,207,-25,809,809,502.08,344.18,710.5,342.05,617.23,415.05
301,OK,208,-33,802,802,500.63,338.06,707.15,333.78,615.42,401.66
302,OK,209,-40,803,803,500.55,333.0,707.31,329.83,616.15,391.76
303,OK,215,-42,793,793,504.34,327.22,708.59,325.13,616.13,382.88
304,OK,209,-51,806,806,502.81,325.81,710.49,324.56,617.6,380.47
305,OK,206,-59,813,813,501.49,324.02,710.9,321.65,618.34,373.03
306,OK,207,-57,811,811,501.21,325.36,709.96,321.59,618.74,372.72
307,OK,209,-47,803,803,502.97,326.62,709.68,325.64,614.79,382.69
308,OK,207,-52,810,810,502.94,328.44,711.51,324.43,618.19,380.86
309,OK,205,-49,810,810,500.97,330.33,709.43,325.12,615.96,384.49
310,OK,215,-35,796,796,505.9,333.03,710.84,330.39,618.83,395.35
311,OK,222,-27,794,794,511.94,336.12,716.46,338.79,625.31,403.41
312,OK,228,-10,780,780,512.99,340.13,713.86,343.98,623.52,418.55
313,OK,229,0,783,783,514.12,348.53,715.83,351.76,626.41,432.35
314,OK,224,7,786,786,510.84,359.75,713.34,360.87,623.8,440.36
315,OK,223,6,788,788,509.64,359.62,712.59,358.77,623.39,441.58
316,OK,219,1,791,791,508.41,355.18,712.04,355.03,618.76,438.68
317,OK,210,-18,807,807,504.91,348.27,712.59,344.36,618.94,424.16
318,OK,213,-37,809,809,506.65,339.64,714.99,336.62,623.32,397.07
319,OK,214,-39,803,803,505.79,335.63,712.62,332.69,621.13,390.3
320,OK,214,-45,800,800,506.9,329.49,712.89,327.82,619.71,381.36
321,OK,216,-44,797,797,506.97,327.2,712.12,326.1,619.36,382.86
322,OK,218,-44,787,787,504.98,326.62,707.66,325.0,616.65,373.68
323,OK,218,-40,789,789,506.84,325.99,710.0,327.97,616.44,382.94
324,OK,215,-41,803,803,507.82,329.88,714.52,329.94,621.16,390.18
325,OK,226,-30,789,789,512.31,332.09,715.46,331.0,626.43,397.95
326,OK,225,-31,798,798,515.86,333.49,721.32,340.17,629.81,400.98
327,OK,230,-10,790,790,516.42,341.8,719.75,345.44,632.12,427.76
328,OK,235,6,781,781,516.54,350.97,717.8,348.26,633.94,442.87
329,OK,243,18,769,769,521.63,352.94,719.74,356.44,633.33,449.4
330,OK,242,19,770,770,520.8,358.66,719.04,358.02,634.85,451.03
331,OK,232,26,779,779,512.29,370.09,712.67,360.42,631.16,466.08
332,OK,232,33,786,786,512.38,378.06,714.2,362.54,637.88,482.36
333,OK,235,31,778,778,515.43,373.09,715.57,365.06,634.32,471.89
334,OK,233,17,784,784,516.48,365.14,718.28,361.65,633.6,455.65
335,OK,230,6,793,793,517.34,358.9,721.51,357.83,634.57,445.77
336,OK,233,-12,795,795,520.32,342.71,725.1,346.04,639.24,425.78
337,OK,232,-21,778,778,516.48,332.45,716.71,338.2,625.73,400.83
338,OK,233,-17,770,770,515.07,332.87,713.26,338.97,623.39,400.64
339,OK,221,-31,794,794,510.67,334.08,715.09,334.8,623.82,398.77
340,OK,221,-28,793,793,510.68,333.77,714.8,338.44,621.38,401.36
341,OK,226,-18,791,791,516.12,334.81,719.48,346.87,625.03,413.98
342,OK,223,-12,787,787,509.76,340.7,712.56,342.42,621.27,421.09
343,OK,229,-2,782,782,515.1,343.8,716.28,351.42,624.39,431.15
344,OK,231,-1,781,781,514.12,346.43,715.21,349.38,627.35,431.73
345,OK,225,-2,793,793,512.47,352.72,716.66,352.53,627.72,437.15
346,OK,227,3,784,784,511.68,350.47,713.64,348.42,626.5,442.19
347,OK,225,0,789,789,511.28,352.01,714.61,350.23,625.64,437.15
348,OK,218,-11,798,798,507.75,351.53,713.14,347.38,623.77,427.94
349,OK,227,-12,789,789,513.4,339.97,716.66,342.4,627.88,424.33
350,OK,221,-29,800,800,512.2,335.64,718.18,339.49,626.9,405.05
351,OK,230,-17,770,770,511.94,335.07,710.25,338.37,620.57,400.74
352,OK,213,-35,799,799,505.85,329.94,711.66,332.83,617.17,397.1
353,OK,212,-39,802,802,505.93,330.24,712.5,330.88,618.5,393.83
354,OK,214,-34,798,798,506.53,330.28,711.99,332.64,618.18,399.32
355,OK,221,-27,792,792,511.58,332.99,715.52,340.39,621.46,401.52
356,OK,223,-26,791,791,513.24,332.88,716.76,340.79,621.38,402.98
357,OK,223,-27,794,794,513.18,335.58,717.52,342.6,625.03,401.71
358,OK,222,-25,796,796,514.89,333.64,719.76,341.76,624.49,409.2
359,OK,225,-23,792,792,514.57,334.41,718.53,340.22,626.28,409.17
360,OK,229,-18,793,793,516.88,336.71,721.13,342.75,632.2,416.33
361,OK,232,-6,787,787,516.54,343.66,719.1,345.25,633.26,429.86
362,OK,231,2,789,789,516.92,351.09,720.15,354.19,631.57,440.21
363,OK,224,16,791,791,512.8,365.81,716.44,366.58,624.48,457.52
364,OK,221,25,791,791,509.1,372.77,712.92,369.44,621.93,469.15
365,OK,223,30,786,786,506.94,376.27,709.27,367.51,624.07,476.07
366,OK,225,30,782,782,507.95,374.59,709.33,366.91,624.4,472.96
367,OK,231,34,779,779,509.74,375.14,710.23,364.53,631.66,477.36
368,OK,225,14,789,789,510.67,362.87,713.87,361.3,626.02,454.09
369,OK,220,-4,795,795,509.32,353.31,714.06,351.44,624.13,434.31
370,OK,224,-17,796,796,513.64,340.95,718.55,341.77,628.05,421.91
371,OK,223,-27,794,794,513.76,333.57,718.12,340.8,624.78,404.68
372,OK,222,-22,782,782,509.31,333.34,710.61,338.89,617.29,402.88
373,OK,219,-28,798,798,511.41,334.47,716.88,339.77,623.49,406.41
374,OK,221,-28,800,800,514.81,332.66,720.69,343.01,624.94,407.44
375,OK,226,-17,788,788,516.31,333.37,719.04,344.93,624.02,416.11
376,OK,236,-10,779,779,519.9,335.05,720.22,343.99,630.48,418.78
377,OK,224,-24,796,796,514.46,335.46,719.38,339.67,628.63,412.07
378,OK,233,-2,780,780,517.52,342.69,718.24,347.97,628.38,431.05
379,OK,235,6,778,778,520.15,349.31,720.41,356.12,628.89,438.62
380,OK,239,18,767,767,518.65,353.4,716.21,356.97,627.9,447.01
381,OK,230,12,783,783,516.42,357.38,718.07,360.34,626.24,448.78
382,OK,229,9,788,788,516.04,358.22,718.91,362.08,629.17,447.22
383,OK,222,3,793,793,509.75,355.46,713.89,353.48,625.94,444.86
384,OK,229,-1,786,786,514.85,346.18,717.29,350.92,628.21,437.31
385,OK,221,-16,798,798,511.27,341.97,716.84,341.8,626.32,424.16
386,OK,219,-32,801,801,511.46,333.87,717.83,337.8,624.43,401.57
387,OK,215,-35,808,808,510.36,335.15,718.37,338.79,623.68,402.57
388,OK,227,-25,791,791,514.12,335.35,717.91,338.93,629.07,404.54
389,OK,229,-31,798,798,516.92,339.6,722.38,342.25,637.1,395.82
390,OK,227,-30,794,794,516.67,332.82,721.26,335.88,630.63,400.41
391,OK,225,-31,797,797,515.51,334.37,720.84,334.28,629.55,400.96
392,OK,207,-32,818,818,506.49,340.55,717.23,338.9,621.94,415.24
393,OK,224,-9,781,781,507.4,342.34,708.41,338.15,621.86,422.88
394,OK,203,24,764,764,484.86,365.6,681.48,360.67,587.11,449.6
395,OK,187,22,779,779,469.67,373.21,669.58,357.03,583.97,457.93
396,OK,176,11,785,785,461.9,376.21,662.38,350.68,575.7,444.09
397,OK,166,-3,802,802,458.75,376.41,663.24,347.74,574.47,434.24
398,OK,191,20,770,770,473.24,374.35,670.6,354.4,581.65,446.64
399,OK,203,33,761,761,481.35,381.7,676.54,363.4,587.46,454.59
400,OK,189,33,782,782,473.65,390.29,674.23,372.31,586.73,468.53
401,OK,177,67,790,790,465.79,414.82,668.53,397.73,578.46,519.71
402,OK,155,64,817,817,455.12,418.98,664.91,402.29,566.63,534.12
403,OK,183,79,772,772,467.33,411.15,665.62,397.63,572.16,525.86
404,OK,182,56,796,796,471.55,397.3,675.75,380.05,588.34,519.74
405,OK,188,33,801,801,479.18,387.06,684.17,362.91,595.15,492.57
406,OK,188,5,808,808,485.34,371.79,692.64,352.55,595.94,457.36
407,OK,211,-16,804,804,505.69,346.86,712.78,341.25,618.29,429.27
408,OK,218,-33,799,799,511.17,334.33,717.02,334.04,621.53,399.02
409,OK,224,-34,781,781,511.19,320.4,712.17,326.51,617.89,388.61
410,OK,213,-46,803,803,506.39,328.53,713.13,329.56,618.66,381.17
411,OK,203,-47,799,799,493.92,329.99,699.72,327.83,608.13,376.9
412,OK,204,-37,789,789,491.95,331.78,695.08,327.64,603.82,385.2
413,OK,193,-34,797,797,484.62,338.44,689.59,329.57,596.66,394.85
414,OK,190,-31,805,805,483.31,345.17,690.34,334.78,597.9,403.63
415,OK,201,-16,791,791,488.89,347.79,692.46,341.73,601.65,414.83
416,OK,195,-23,806,806,489.06,346.18,696.69,340.47,604.84,417.1
417,OK,203,-6,800,800,496.35,358.13,702.27,354.46,607.94,432.02
418,OK,192,-19,821,821,490.73,362.53,701.96,353.98,608.45,425.69
419,OK,204,-12,811,811,498.43,365.92,707.03,355.98,616.96,425.97
420,OK,203,-18,817,817,500.21,362.17,710.5,354.65,617.95,421.91
421,OK,212,-4,801,801,504.26,359.4,710.53,357.17,617.37,433.81
422,OK,216,-10,793,793,504.96,357.31,709.13,353.93,618.6,418.17
423,OK,215,-4,794,794,505.32,360.15,709.81,356.84,617.2,428.77
424,OK,209,3,798,798,501.38,364.15,706.81,360.36,612.33,443.52
425,OK,213,9,792,792,503.91,366.43,707.83,362.27,613.91,445.72
426,OK,215,12,795,795,507.06,367.5,711.83,368.13,616.52,451.21
427,OK,222,20,778,778,508.2,366.63,708.57,368.2,615.07,450.89
428,OK,225,20,777,777,510.1,365.68,710.28,368.19,617.46,450.29
429,OK,223,25,780,780,507.89,372.0,708.68,370.26,618.7,459.17
430,OK,219,23,787,787,505.73,376.5,708.37,372.07,618.02,459.07
431,OK,203,9,814,814,499.32,380.08,708.61,370.01,617.81,458.39
432,OK,204,16,817,817,499.72,387.61,709.64,374.5,620.2,468.65
433,OK,205,17,821,821,500.9,391.43,711.67,375.8,624.88,470.42
434,OK,210,19,809,809,502.49,388.11,710.39,373.65,621.92,466.76
435,OK,217,18,797,797,505.44,383.28,710.41,370.73,624.04,455.92
436,OK,224,15,779,779,509.18,368.7,709.7,365.44,617.34,441.63
437,OK,215,10,800,800,507.25,371.96,713.37,369.76,621.23,450.5
438,OK,219,15,792,792,508.38,369.84,712.44,366.87,620.95,454.83
439,OK,216,10,795,795,507.15,366.55,711.98,364.47,617.97,450.1
440,OK,224,12,787,787,509.4,369.78,712.14,364.79,623.54,443.42
441,OK,234,28,768,768,513.62,370.39,711.32,366.82,624.98,455.93
442,OK,220,26,793,793,505.42,380.34,709.3,367.28,626.17,471.5
443,OK,223,28,789,789,506.73,381.86,709.51,368.91,627.08,469.71
444,OK,229,33,780,780,507.9,382.67,707.81,363.78,630.68,473.14
445,OK,233,37,779,779,510.05,382.04,709.85,363.56,635.52,479.81
446,OK,236,18,778,778,515.57,368.12,715.71,358.37,636.19,452.34
447,OK,232,13,783,783,515.32,361.51,716.81,356.76,630.77,450.06
448,OK,230,-1,787,787,515.06,353.28,717.64,354.93,630.95,431.86
449,OK,229,-3,787,787,514.72,351.22,717.35,352.05,628.98,430.25
450,OK,226,1,790,790,513.68,354.01,717.27,353.67,628.29,439.02
451,OK,219,0,797,797,508.29,359.72,713.61,354.77,623.73,439.76
452,OK,220,-3,798,798,510.89,357.18,716.4,355.51,626.12,436.5
453,OK,232,10,781,781,516.84,355.9,718.05,358.28,628.24,444.77
454,OK,236,19,770,770,516.63,358.89,714.91,360.74,627.98,448.74
455,OK,231,28,770,770,509.25,370.35,707.24,360.92,623.78,462.05
456,OK,230,29,776,776,509.03,372.83,708.45,360.56,628.33,467.66
457,OK,232,21,777,777,511.28,367.15,711.31,358.61,628.94,455.66
458,OK,234,18,776,776,515.28,364.09,715.1,360.13,630.13,451.7
459,OK,225,-1,791,791,511.35,353.25,714.99,348.74,628.33,437.6
460,OK,223,-25,799,799,513.77,339.05,719.46,341.71,629.2,408.58
461,OK,217,-37,804,804,509.11,337.01,716.12,334.27,626.17,394.81
462,OK,214,-41,801,801,506.05,331.58,712.36,330.13,620.01,388.72
463,OK,217,-38,800,800,508.46,333.4,714.57,332.36,623.06,392.08
464,OK,220,-32,797,797,510.79,336.72,716.04,336.53,624.47,396.21
465,OK,226,-23,792,792,515.61,339.3,719.57,344.52,628.41,404.11
466,OK,220,-10,794,794,511.34,347.85,715.74,350.72,621.29,426.49
467,OK,214,-3,800,800,506.66,356.55,712.77,354.69,618.7,440.29
468,OK,218,4,796,796,508.67,357.92,713.66,357.79,621.5,446.45
469,OK,220,4,793,793,509.08,358.21,713.37,357.03,621.17,443.52
470,OK,233,17,777,777,514.92,359.45,715.1,358.99,628.05,451.9
471,OK,232,17,774,774,515.87,357.7,715.21,363.01,623.83,449.57
472,OK,214,0,803,803,505.76,363.46,712.36,356.93,622.82,442.02
473,OK,218,4,795,795,506.16,363.48,710.83,356.02,621.59,442.72
474,OK,219,-4,801,801,509.68,357.43,715.94,354.6,626.01,436.76
475,OK,227,1,788,788,513.6,353.9,716.53,352.94,628.48,438.24
476,OK,225,-19,796,796,514.29,343.08,719.33,343.25,629.64,416.14
477,OK,226,-22,795,795,515.24,340.79,720.09,343.47,629.92,409.17
478,OK,229,-14,784,784,515.27,339.83,717.07,343.41,626.7,414.45
479,OK,233,-4,779,779,516.97,343.25,717.42,349.69,626.87,423.57
480,OK,234,2,774,774,516.76,346.15,716.04,350.04,626.97,429.92
481,OK,227,4,785,785,513.21,352.87,715.43,354.58,624.69,438.88
482,OK,224,3,788,788,510.56,355.06,713.46,352.24,624.62,441.19
483,OK,229,8,780,780,513.53,354.22,714.48,354.25,625.23,441.85
484,OK,228,3,785,785,513.51,352.95,715.71,353.99,626.15,437.46
485,OK,226,1,784,784,512.47,351.82,714.52,352.04,623.74,434.62
486,OK,228,4,782,782,512.81,353.85,714.13,352.67,625.2,437.3
487,OK,226,9,787,787,511.37,358.62,714.08,355.34,626.59,448.42
488,OK,228,9,784,784,513.67,357.99,715.7,357.07,626.55,445.76
489,OK,233,15,781,781,515.98,360.14,717.19,362.37,630.68,448.86
490,OK,229,20,780,780,511.67,364.78,712.57,360.79,627.24,458.28
491,OK,226,24,787,787,509.81,377.15,712.3,366.77,627.06,463.15
492,OK,229,15,788,788,516.39,365.63,719.35,365.43,628.17,452.51
493,OK,235,12,783,783,517.52,361.82,719.22,360.07,633.67,446.7
494,OK,224,8,790,790,511.74,363.01,715.19,358.98,625.5,445.62
495,OK,227,-2,792,792,515.19,351.08,719.24,352.94,630.29,437.05
496,OK,222,-22,794,794,512.45,344.57,716.84,346.36,625.27,405.38
497,OK,210,-35,805,805,503.45,338.14,710.83,335.51,617.47,399.1
498,OK,210,-30,796,796,501.96,337.87,707.02,335.98,613.13,400.34
499,OK,210,-29,797,797,500.58,342.64,705.8,337.65,614.48,399.04
500,OK,209,-35,807,807,502.43,340.86,710.14,337.4,617.96,398.08
501,OK,225,-16,788,788,515.25,340.01,718.0,349.27,622.49,411.76
502,OK,230,-11,784,784,516.28,342.61,718.11,347.62,628.03,417.05
503,OK,236,3,780,780,519.7,346.86,720.38,354.82,632.02,436.46
504,OK,236,6,778,778,520.0,348.44,720.19,357.04,630.45,439.01
505,OK,242,15,762,762,519.44,352.55,715.74,356.5,629.85,438.63
506,OK,230,0,788,788,515.33,352.79,718.39,354.44,631.15,436.08
507,OK,233,7,780,780,516.4,354.8,717.18,354.74,630.44,441.17
508,OK,222,-13,797,797,511.42,347.2,716.81,347.06,627.41,424.39
509,OK,218,-30,807,807,510.71,342.69,718.56,342.41,628.78,405.03
510,OK,221,-23,803,803,514.22,343.69,721.05,350.24,627.47,409.51
511,OK,214,-31,803,803,505.49,346.25,712.38,342.62,622.99,396.11
512,OK,225,-18,787,787,510.98,346.0,713.6,346.29,624.2,405.13
513,OK,226,-11,787,787,513.38,342.82,716.07,347.17,623.3,420.73
514,OK,231,2,782,782,517.86,352.16,719.18,358.39,626.64,431.23
515,OK,230,15,775,775,514.62,356.99,714.22,362.46,621.0,444.91
516,OK,223,22,782,782,510.41,366.41,711.82,365.93,617.87,460.22
517,OK,224,26,791,791,510.62,374.07,714.36,368.69,625.9,472.51
518,OK,223,28,791,791,509.83,375.05,713.34,367.04,625.95,476.54
519,OK,216,15,799,799,507.33,369.02,713.21,365.82,620.46,461.45
520,OK,223,4,789,789,512.6,353.89,715.71,359.2,621.32,441.28
521,OK,222,-8,798,798,516.13,347.66,721.34,357.88,625.04,430.36
522,OK,223,-6,792,792,514.7,346.28,718.57,355.16,622.99,430.9
523,OK,213,-19,806,806,510.14,343.36,717.64,350.12,618.44,421.92
524,OK,210,-19,808,808,506.23,345.52,714.28,345.81,618.19,425.27
525,OK,216,-12,797,797,508.63,343.57,713.87,348.6,617.89,427.32
526,OK,206,-20,810,810,501.51,345.25,710.0,343.54,616.57,427.2
527,OK,203,-19,805,805,497.82,344.41,705.17,343.67,609.25,423.61
528,OK,205,-11,798,798,498.62,346.03,704.22,347.74,607.22,429.16
529,OK,205,-3,796,796,497.94,353.78,702.89,352.04,606.84,438.21
530,OK,206,-4,800,800,499.83,353.15,705.89,352.38,610.49,440.64
531,OK,209,-1,798,798,502.43,356.38,707.9,357.09,612.08,439.68
532,OK,213,12,794,794,502.17,365.54,706.65,360.41,616.94,455.21
533,OK,212,4,797,797,502.01,363.39,707.29,359.07,616.71,444.56
534,OK,209,-3,800,800,501.27,360.78,707.34,356.03,613.93,437.37
535,OK,212,-4,797,797,503.77,353.86,709.11,354.56,613.75,433.97
536,OK,214,-12,795,795,506.72,346.01,711.38,348.84,614.77,422.98
537,OK,212,-17,794,794,502.99,344.23,707.51,344.83,613.79,416.32
538,OK,207,-20,794,794,496.87,344.36,701.35,340.75,609.06,411.61
539,OK,203,-19,795,795,495.13,342.51,699.91,341.9,603.56,414.64
540,OK,211,-9,791,791,500.57,350.88,704.4,348.56,610.25,422.58
541,OK,218,-6,783,783,505.11,349.74,706.83,351.04,613.72,421.33
542,OK,214,-7,795,795,504.56,352.97,709.39,351.8,616.44,429.19
543,OK,213,-7,797,797,505.46,350.72,710.84,352.04,615.84,431.69
544,OK,199,-11,814,814,496.47,360.7,705.83,352.32,611.88,437.19
545,OK,197,-9,820,820,495.45,366.35,706.49,357.65,614.29,441.09
546,OK,210,-1,807,807,503.76,363.64,711.55,361.41,619.85,442.14
547,OK,208,-2,804,804,502.2,359.74,709.11,355.09,615.55,443.61
548,OK,209,-15,807,807,504.47,349.44,712.27,347.58,617.25,428.8
549,OK,208,-38,810,810,504.62,337.27,713.19,335.47,618.82,399.25
550,OK,208,-52,814,814,504.67,333.4,714.37,328.38,621.1,379.19
551,OK,209,-50,805,805,501.88,329.91,709.13,322.72,617.88,378.17
552,OK,216,-51,796,796,505.91,324.76,710.81,318.86,620.76,373.92
553,OK,217,-50,788,788,504.16,324.01,706.95,316.96,617.11,368.21
554,OK,214,-47,798,798,506.8,328.01,712.21,326.89,618.33,376.88
555,OK,214,-22,785,785,501.17,337.25,703.43,335.62,611.32,403.62
556,OK,203,-24,804,804,499.48,339.77,706.51,343.23,607.3,414.58
557,OK,204,-28,812,812,501.85,341.79,710.96,344.21,614.14,414.68
558,OK,214,-18,797,797,505.36,343.3,710.75,344.02,616.98,416.61
559,OK,226,-9,782,782,513.86,338.15,715.14,347.49,621.49,422.0
560,OK,222,-18,786,786,510.14,338.12,712.63,341.79,619.01,410.59
561,OK,222,-16,789,789,511.59,337.81,714.77,343.88,620.3,416.66
562,OK,214,-21,802,802,507.85,341.29,714.27,344.8,619.41,418.0
563,OK,207,-21,811,811,504.63,344.7,713.6,346.0,615.91,423.09
564,OK,208,-14,809,809,503.1,354.44,711.33,349.64,618.24,429.26
565,OK,205,-4,809,809,498.24,364.36,706.31,354.47,616.03,442.26
566,OK,208,14,798,798,497.07,375.0,702.16,360.9,614.97,459.62
567,OK,212,24,797,797,500.13,378.44,704.76,363.17,619.08,473.9
568,OK,224,35,778,778,506.09,378.06,706.2,367.52,620.29,476.13
569,OK,209,28,811,811,501.64,394.6,709.91,377.76,622.36,481.36
570,OK,198,26,827,827,497.25,400.99,709.61,383.01,619.45,486.85
571,OK,217,60,798,798,505.17,402.86,710.3,392.12,625.17,521.36
572,OK,210,30,808,808,502.0,390.09,709.45,374.96,624.17,487.45
573,OK,219,32,789,789,504.27,379.86,707.26,368.47,620.81,478.17
574,OK,225,15,783,783,510.81,362.59,712.37,358.21,621.8,452.11
575,OK,222,-7,787,787,508.97,343.42,711.55,343.58,620.69,429.69
576,OK,221,-3,788,788,510.19,345.99,712.99,350.87,619.73,433.81
577,OK,210,-4,801,801,503.46,352.14,709.67,352.97,614.03,440.42
578,OK,216,-18,799,799,507.28,342.27,713.05,341.41,620.58,421.19
579,OK,213,-26,809,809,507.44,345.64,715.69,342.4,624.26,412.13
580,OK,224,-19,799,799,516.24,342.47,721.98,350.75,628.16,414.29
581,OK,215,-24,805,805,509.94,343.49,717.36,347.59,621.86,412.05
582,OK,212,-19,807,807,506.44,346.38,714.16,346.42,620.67,422.33
583,OK,214,-16,804,804,508.92,348.22,715.95,351.51,620.93,424.08
584,OK,215,-12,800,800,507.06,352.56,713.07,349.99,620.15,426.02
585,OK,210,-17,807,807,502.64,356.15,710.23,343.62,619.91,423.92
586,OK,209,-16,810,810,504.79,356.29,713.42,351.09,620.49,424.76
587,OK,211,-19,818,818,509.94,352.5,720.7,352.67,626.35,428.75
588,OK,220,-22,806,806,514.46,344.17,721.91,348.69,629.63,417.22
589,OK,227,-14,785,785,512.29,347.51,714.54,350.12,624.81,408.66
590,OK,213,-26,808,808,508.32,346.05,716.44,347.04,622.08,410.52
591,OK,223,-17,796,796,514.6,344.77,719.53,351.37,625.16,415.66
592,OK,225,-12,793,793,515.46,344.45,719.51,352.09,625.31,420.74
593,OK,235,-7,785,785,521.59,343.77,723.54,353.32,632.39,423.3
594,OK,237,0,783,783,522.68,347.08,724.05,356.5,634.21,431.58
595,OK,238,4,783,783,523.53,348.74,724.92,358.11,634.69,438.52
596,OK,232,3,787,787,518.46,354.58,721.1,360.52,631.15,435.45
597,OK,230,2,787,787,517.09,354.29,719.84,358.45,628.51,434.9
598,OK,227,1,793,793,515.7,355.93,719.83,359.6,629.98,437.44
599,OK,232,6,785,785,517.27,356.03,719.4,357.84,630.87,440.06
600,OK,233,2,790,790,520.91,351.97,724.18,359.99,633.66,438.44
601,OK,239,3,781,781,523.35,347.95,724.46,355.8,635.58,434.64
602,OK,228,-13,796,796,519.35,344.97,724.31,353.57,631.84,421.46
603,OK,220,-19,807,807,513.34,346.4,721.25,347.77,629.45,421.57
604,OK,227,-16,794,794,517.1,344.05,721.44,350.7,629.52,416.07
605,OK,227,-17,793,793,516.64,343.53,720.88,349.95,627.9,412.52
606,OK,235,-6,780,780,520.33,345.64,721.19,352.82,630.94,420.11
607,OK,229,-9,794,794,519.15,347.05,723.62,354.19,631.2,426.79
608,OK,230,-6,793,793,519.41,350.42,723.43,356.99,631.71,428.18
609,OK,225,-8,803,803,517.65,352.2,724.45,357.31,632.77,432.18
610,OK,226,-5,799,799,516.45,353.56,722.22,356.94,631.61,433.09
611,OK,224,-9,801,801,515.19,352.84,721.39,356.08,630.16,428.91
612,OK,227,-3,794,794,516.95,352.91,721.3,358.31,628.93,434.05
613,OK,227,-7,792,792,516.36,349.53,720.4,354.66,627.82,427.6
614,OK,227,-11,793,793,517.59,347.54,721.67,354.69,628.25,420.62
615,OK,222,-23,805,805,514.5,348.17,721.8,350.82,631.43,409.38
616,OK,223,-20,801,801,516.16,345.23,722.18,353.86,627.43,410.96
617,OK,220,-26,807,807,514.85,345.81,722.55,353.19,629.24,404.51
618,OK,230,-14,789,789,518.45,346.28,721.4,354.9,630.03,410.74
619,OK,227,-8,796,796,516.8,349.82,721.81,353.43,631.34,428.83
620,OK,228,-5,797,797,516.57,353.33,721.73,357.1,632.91,431.56
621,OK,226,0,795,795,514.91,358.39,719.68,360.6,630.38,436.32
622,OK,230,0,792,792,518.04,357.3,722.05,358.59,632.69,435.03
623,OK,241,1,777,777,522.73,352.19,722.71,358.41,636.28,424.14
624,OK,252,-2,772,772,528.93,350.61,727.55,356.94,648.91,415.59
625,OK,246,-12,789,789,527.62,350.61,730.64,355.76,652.14,411.13
626,OK,246,-9,782,782,526.24,351.08,727.66,354.47,648.84,412.32
627,OK,236,-11,792,792,520.74,350.09,724.65,351.95,643.07,419.32
628,OK,246,-3,780,780,526.0,350.95,726.64,359.21,646.16,420.61
629,OK,243,3,785,785,524.88,355.12,727.05,359.02,645.92,434.74
630,OK,237,0,790,790,521.75,357.08,725.17,361.8,641.86,432.4
631,OK,233,-1,798,798,518.98,361.4,724.42,361.61,642.3,434.66
632,OK,236,-5,794,794,522.34,356.32,726.69,361.24,642.29,426.57
633,OK,234,-26,804,804,522.8,346.03,729.68,350.9,646.11,403.8
634,OK,238,-32,800,800,524.45,339.59,730.36,342.63,650.27,396.1
635,OK,246,-45,791,791,526.57,329.93,730.29,331.72,654.15,369.89
636,OK,241,-54,801,801,526.7,328.42,732.89,331.23,653.94,362.32
637,OK,242,-52,798,798,526.14,327.34,731.68,330.72,653.4,364.98
638,OK,244,-49,795,795,525.82,325.44,730.57,330.05,654.48,368.79
639,OK,231,-46,804,804,519.29,331.94,726.27,336.26,644.51,379.01
640,OK,233,-36,793,793,518.55,331.09,722.75,335.67,638.36,387.65
641,OK,221,-34,797,797,510.95,336.46,716.17,342.31,625.19,390.35
642,OK,219,-30,799,799,510.26,341.11,715.99,344.38,623.31,397.01
643,OK,212,-27,806,806,505.66,345.98,713.35,345.53,621.7,408.18
644,OK,212,-25,807,807,507.16,344.85,714.9,345.27,620.59,412.57
645,OK,210,-13,808,808,506.44,351.11,714.59,353.88,617.72,431.28
646,OK,214,-7,799,799,505.14,353.89,711.04,354.19,618.3,430.81
647,OK,206,-7,805,805,500.74,356.39,707.95,354.61,613.37,435.15
648,OK,216,-9,799,799,507.32,352.66,713.15,352.86,621.18,428.87
649,OK,217,-6,792,792,505.79,355.53,709.79,352.76,618.38,427.24
650,OK,210,-6,798,798,501.89,358.15,707.21,351.83,615.36,432.23
651,OK,202,-9,805,805,494.6,358.38,701.79,348.4,610.17,433.14
652,OK,198,-13,809,809,491.63,358.7,699.66,345.95,608.58,430.47
653,OK,204,-14,807,807,498.53,356.52,706.33,349.2,612.77,425.18
654,OK,211,-14,806,806,504.76,352.71,712.4,348.2,620.34,427.8
655,OK,216,-15,798,798,507.59,348.56,713.05,346.7,621.0,421.92
656,OK,221,-15,785,785,507.69,347.65,709.81,344.49,618.69,408.2
657,OK,218,-21,795,795,507.46,345.62,712.23,344.07,621.7,407.26
658,OK,220,-20,791,791,508.46,343.8,712.16,343.47,619.7,407.37
659,OK,218,-20,792,792,507.04,346.53,711.01,344.28,619.72,406.92
660,OK,219,-19,797,797,509.34,346.54,714.53,346.42,622.73,412.72
661,OK,221,-19,798,798,511.85,345.18,717.35,347.65,625.58,414.63
662,OK,223,-9,791,791,511.85,347.08,715.67,351.11,622.42,424.49
663,OK,225,-3,790,790,513.29,352.66,716.66,356.0,625.07,431.13
664,OK,210,-4,802,802,503.85,358.47,710.34,355.8,615.23,437.45
665,OK,223,11,784,784,508.28,362.27,710.22,357.17,622.56,446.81
666,OK,217,1,796,796,506.58,361.87,711.55,357.4,620.97,439.1
667,OK,212,-11,807,807,504.91,358.15,712.76,351.84,621.32,430.89
668,OK,220,-5,795,795,510.87,352.22,715.59,354.89,622.18,431.57
669,OK,215,-12,801,801,507.28,352.16,713.48,349.98,620.64,426.57
670,OK,214,-17,796,796,505.64,345.74,710.69,346.33,617.67,416.35
671,OK,209,-19,801,801,501.0,345.82,707.36,343.0,614.43,417.59
672,OK,208,-22,799,799,499.67,344.99,705.36,341.45,611.78,412.02
673,OK,207,-13,793,793,498.28,351.81,702.59,348.54,606.18,416.37
674,OK,199,-21,806,806,496.9,348.84,704.4,349.17,604.79,415.12
675,OK,209,-12,788,788,498.81,348.87,701.77,346.53,607.24,417.87
676,OK,211,2,789,789,499.78,353.34,703.02,352.77,610.22,439.63
677,OK,209,4,789,789,497.51,359.01,700.67,354.9,606.98,439.9
678,OK,204,14,793,793,493.29,367.08,697.38,359.89,604.79,457.48
679,OK,193,6,816,816,489.6,374.07,699.38,359.63,607.93,463.08
680,OK,197,11,815,815,492.78,379.84,702.23,364.35,611.76,464.42
681,OK,195,5,821,821,493.37,373.99,704.42,361.68,612.7,463.26
682,OK,206,11,797,797,496.02,370.51,701.05,362.8,609.94,452.07
683,OK,214,13,781,781,498.87,359.39,700.12,356.53,608.57,448.05
684,OK,209,1,795,795,498.15,356.44,702.93,354.23,611.7,442.47
685,OK,213,2,790,790,500.94,354.42,704.3,352.75,614.04,442.32
686,OK,216,7,780,780,499.65,353.63,700.62,351.11,612.47,441.72
687,OK,215,4,782,782,500.31,352.1,701.65,351.61,611.35,438.72
688,OK,216,6,779,779,500.28,353.05,701.0,351.0,610.92,439.53
689,OK,212,-1,791,791,500.04,353.17,703.77,352.04,612.12,436.22
690,OK,207,-4,798,798,498.85,352.64,704.45,352.06,610.4,438.92
691,OK,203,-3,805,805,496.99,361.71,704.22,355.95,611.32,439.36
692,OK,199,-5,812,812,494.62,366.35,703.47,356.26,612.46,441.17
693,OK,206,1,801,801,497.74,365.85,703.81,358.07,612.24,441.35
694,OK,217,8,790,790,505.84,365.02,709.28,362.35,617.38,443.75
695,OK,208,-4,805,805,501.34,363.68,708.56,356.97,616.38,436.73
696,OK,216,-16,799,799,508.06,352.09,713.91,349.94,620.64,416.64
697,OK,216,-22,804,804,511.73,344.16,718.54,352.67,621.47,413.03
698,OK,208,-30,807,807,503.56,344.0,711.39,344.11,616.41,402.13
699,OK,212,-35,805,805,505.27,339.01,712.71,340.31,619.97,395.0
700,OK,208,-42,803,803,502.04,333.99,708.8,334.62,612.64,385.41
701,OK,217,-45,802,802,509.3,332.34,715.94,334.16,623.59,378.88
702,OK,220,-49,794,794,510.32,326.95,714.92,328.14,621.94,368.72
703,OK,216,-48,809,809,511.01,329.08,719.31,333.37,625.06,381.73
704,OK,211,-34,804,804,506.38,337.04,713.24,343.3,616.2,396.63
705,OK,214,-17,797,797,508.0,344.05,713.15,352.07,615.38,415.35
706,OK,205,-15,808,808,502.57,350.0,710.77,352.9,611.65,427.25
707,OK,197,-23,814,814,496.92,349.76,706.45,347.94,607.26,419.26
708,OK,200,-14,810,810,498.68,352.94,707.18,353.18,607.79,429.72
709,OK,209,-7,799,799,504.19,350.35,709.96,355.76,610.78,432.47
710,OK,203,-12,808,808,501.03,351.83,709.0,354.23,609.49,431.42
711,OK,206,-5,804,804,500.99,355.18,708.09,356.44,611.8,440.09
712,OK,211,-2,795,795,502.75,354.33,707.58,357.6,612.69,435.33
713,OK,204,1,798,798,497.93,360.83,703.52,358.73,607.18,440.51
714,OK,200,0,804,804,493.59,365.0,700.53,355.71,608.82,443.75
715,OK,198,-8,814,814,495.93,361.59,705.51,358.82,609.49,439.79
716,OK,203,-6,809,809,497.94,362.99,706.24,357.63,613.28,436.25
717,OK,210,-2,797,797,501.24,357.96,706.62,356.02,612.73,436.63
718,OK,214,-6,792,792,504.87,355.12,708.82,354.55,614.24,426.52
719,OK,214,-12,794,794,503.67,354.58,708.11,350.51,616.18,417.91
720,OK,208,-20,808,808,504.14,349.92,712.12,348.1,617.28,420.48
721,OK,208,-20,807,807,502.69,351.44,710.61,348.48,615.52,417.07
722,OK,215,-14,799,799,508.35,347.6,714.0,352.91,618.59,420.71
723,OK,217,-13,799,799,509.38,345.33,714.95,352.37,620.35,424.12
724,OK,218,-11,792,792,508.01,348.9,711.86,353.82,618.2,420.47
725,OK,216,-15,800,800,510.09,347.13,716.02,355.19,619.2,420.63
726,OK,205,-17,813,813,503.78,350.95,713.07,353.43,613.79,425.98
727,OK,211,-9,802,802,505.65,352.4,712.19,355.56,615.24,431.23
728,OK,213,3,796,796,503.54,362.18,708.54,358.76,616.53,442.91
729,OK,205,-8,809,809,499.35,364.12,707.62,354.87,615.23,432.77
730,OK,203,-2,807,807,498.25,366.42,705.96,360.3,611.34,439.06
731,OK,209,1,801,801,501.33,365.31,707.6,359.41,614.24,440.53
732,OK,216,-1,789,789,503.85,358.48,706.91,352.65,616.48,430.46
733,OK,201,-25,815,815,499.35,352.14,709.02,345.18,613.2,416.77
734,OK,210,-11,800,800,502.36,354.95,708.42,350.9,615.23,426.92
735,OK,215,-1,793,793,505.26,355.46,709.42,356.02,615.58,435.15
736,OK,216,12,789,789,502.95,365.57,706.03,360.32,615.91,450.0
737,OK,215,22,788,788,502.03,374.65,704.78,366.38,615.56,462.69
738,OK,219,12,797,797,508.41,367.47,713.58,367.27,623.09,453.91
739,OK,223,7,788,788,510.63,358.33,713.54,360.47,623.37,443.76
740,OK,225,-12,790,790,516.44,341.09,719.44,353.98,623.06,420.22
741,OK,219,-18,786,786,507.27,341.23,709.71,342.0,616.16,409.41
742,OK,213,-35,807,807,507.18,338.86,715.15,339.22,621.05,398.7
743,OK,213,-28,803,803,505.89,343.36,712.74,343.54,620.0,403.28
744,OK,214,-18,796,796,506.16,345.82,711.29,348.32,615.71,414.33
745,OK,221,-14,793,793,512.08,342.92,716.16,350.64,621.06,418.69
746,OK,216,-9,796,796,508.82,350.83,713.72,352.98,618.19,426.36
747,OK,221,9,784,784,508.47,359.0,710.34,361.31,616.85,442.52
748,OK,215,2,795,795,504.77,362.02,709.53,357.94,618.39,438.13
749,OK,209,-14,808,808,504.6,356.93,712.77,353.9,619.15,425.21
750,OK,224,-15,796,796,514.55,344.85,719.54,349.47,626.99,419.84
751,OK,215,-23,795,795,506.09,343.3,710.74,344.83,617.29,405.16
752,OK,209,-37,806,806,504.76,337.98,712.28,339.6,617.02,394.18
753,OK,211,-35,801,801,504.53,336.18,710.88,337.63,614.34,393.63
754,OK,217,-30,798,798,508.58,339.37,714.06,341.6,620.92,399.48
755,OK,218,-25,795,795,510.03,338.93,714.62,344.35,619.24,404.32
756,OK,224,-18,787,787,512.2,340.52,714.79,346.64,621.17,408.39
757,OK,226,-15,788,788,513.6,343.84,716.58,346.83,626.88,414.48
758,OK,218,-13,801,801,511.17,348.62,717.48,351.1,623.58,425.64
759,OK,213,-9,802,802,507.1,354.08,713.73,354.41,619.31,431.71
760,OK,212,-18,809,809,505.5,351.4,713.78,348.55,623.23,422.33
761,OK,209,-27,811,811,505.1,344.97,713.93,344.01,619.57,413.33
762,OK,207,-28,811,811,502.44,348.0,711.26,342.83,617.74,409.01
763,OK,205,-37,804,804,498.08,342.1,705.07,335.87,612.6,392.63
764,OK,201,-52,810,810,497.87,333.35,706.49,327.98,610.94,375.54
765,OK,202,-56,815,815,500.92,331.77,710.77,329.36,613.58,371.74
766,OK,208,-54,810,810,505.3,327.48,713.94,328.43,616.46,375.26
767,OK,212,-55,805,805,506.25,328.63,713.55,326.73,619.95,368.05
768,OK,211,-52,804,804,505.59,329.8,712.55,330.33,617.36,370.71
769,OK,212,-38,800,800,504.44,339.4,710.6,339.61,617.65,386.19
770,OK,217,-30,800,800,509.5,337.95,715.63,339.59,621.8,401.87
771,OK,218,-25,796,796,510.26,340.5,715.18,343.26,621.07,405.16
772,OK,222,-24,798,798,513.3,344.35,718.8,345.34,627.55,407.03
773,OK,230,-6,782,782,516.06,345.37,717.36,352.02,625.81,423.0
774,OK,236,-2,777,777,519.11,345.68,719.11,352.96,629.4,423.27
775,OK,231,-11,787,787,517.18,345.51,719.73,349.52,630.66,417.14
776,OK,226,-19,798,798,515.36,343.7,720.84,343.56,633.06,417.54
777,OK,231,-20,797,797,519.46,343.29,724.61,347.08,636.78,411.16
778,OK,227,-26,804,804,518.17,340.99,725.32,344.17,636.32,409.74
779,OK,227,-26,796,796,516.44,339.52,721.54,341.79,631.9,403.4
780,OK,228,-20,788,788,514.58,343.13,717.52,345.03,628.3,405.85
781,OK,227,-18,793,793,514.94,343.33,719.27,346.84,629.14,412.87
782,OK,224,-22,800,800,515.1,343.67,721.23,346.86,631.1,412.02
783,OK,237,-3,777,777,518.79,343.49,718.84,348.03,631.71,425.31
784,OK,238,2,777,777,521.05,344.65,720.98,353.61,631.12,432.3
785,OK,237,8,772,772,518.46,348.93,717.28,354.62,629.15,436.77
786,OK,242,11,766,766,520.3,350.59,717.61,355.03,631.44,437.01
787,OK,238,7,772,772,520.56,349.81,719.21,356.45,630.12,434.81
788,OK,233,1,787,787,519.35,349.98,722.06,355.47,633.23,435.76
789,OK,236,6,782,782,520.29,352.77,721.68,358.89,634.86,439.93
790,OK,245,21,767,767,524.53,355.46,721.89,363.3,634.4,449.75
791,OK,236,13,781,781,520.66,358.44,721.63,363.92,632.24,445.02
792,OK,229,9,790,790,516.61,363.04,720.14,364.02,630.24,444.57
793,OK,227,24,789,789,510.92,374.84,713.85,366.0,631.2,466.7
794,OK,233,33,787,787,515.19,379.45,717.83,372.89,637.18,476.63
795,OK,237,39,778,778,516.15,380.09,716.33,372.46,636.65,481.25
796,OK,241,40,773,773,518.18,380.09,717.05,372.77,637.62,477.0
797,OK,250,43,769,769,523.07,378.68,721.18,373.23,646.49,479.47
798,OK,261,52,748,748,527.29,377.03,719.77,371.31,647.63,479.13
799,OK,247,27,771,771,523.55,370.07,722.03,365.19,642.72,456.47
800,OK,241,-1,788,788,526.0,351.07,728.86,357.12,643.1,432.18
801,OK,229,-30,809,809,520.63,343.56,728.94,349.67,641.78,403.19
802,OK,222,-41,809,809,513.65,337.3,721.96,337.83,635.09,389.45
803,OK,213,-45,809,809,506.66,335.39,714.89,332.25,624.23,384.42
804,OK,211,-42,808,808,504.81,336.67,712.9,333.31,621.33,389.99
805,OK,207,-46,811,811,502.2,336.26,711.16,333.59,617.79,384.32
806,OK,206,-32,804,804,499.77,341.99,706.74,338.95,613.19,401.01
807,OK,206,-30,811,811,501.35,342.58,710.21,341.49,616.78,408.63
808,OK,208,-26,809,809,502.68,345.16,711.01,340.88,619.13,414.0
809,OK,213,-16,803,803,505.05,345.51,711.88,343.61,621.15,425.95
810,OK,219,-5,797,797,508.77,353.46,714.04,352.16,624.42,433.87
811,OK,223,4,791,791,510.08,359.25,713.82,355.2,624.72,442.36
812,OK,234,8,784,784,518.32,355.66,720.12,359.28,633.02,443.12
813,OK,235,7,782,782,519.49,353.09,720.72,358.13,633.58,441.5
814,OK,234,10,780,780,518.11,355.49,718.87,359.98,630.98,443.0
815,OK,229,1,781,781,513.73,354.49,714.76,353.56,624.93,428.42
816,OK,226,5,789,789,512.71,359.95,715.8,356.71,627.72,440.35
817,OK,228,2,791,791,513.94,360.51,717.6,355.93,632.21,436.13
818,OK,223,-4,798,798,511.06,359.94,716.6,354.08,630.6,433.44
819,OK,221,-10,804,804,510.63,357.01,717.7,349.73,632.36,431.59
820,OK,223,-3,796,796,510.07,357.62,715.03,349.69,630.79,436.73
821,OK,227,-4,797,797,513.89,356.08,718.99,351.67,634.26,434.97
822,OK,232,-3,791,791,517.07,353.43,720.8,349.91,636.27,434.29
823,OK,229,-7,792,792,515.65,352.88,719.66,350.19,633.33,428.4
824,OK,235,1,782,782,517.76,354.42,719.05,352.85,634.74,432.27
825,OK,231,-1,791,791,516.66,353.47,720.28,352.92,634.55,435.52
826,OK,226,-8,801,801,514.71,354.0,721.02,352.76,634.31,431.61
827,OK,232,-2,788,788,517.16,352.94,720.1,353.18,633.6,432.0
828,OK,237,6,777,777,518.88,352.12,718.88,356.63,631.55,434.39
829,OK,228,-7,796,796,516.7,352.15,721.73,355.21,634.34,429.1
830,OK,230,-3,792,792,517.26,352.91,721.27,355.14,634.17,432.96
831,OK,235,6,781,781,518.51,353.4,719.68,357.01,632.22,437.71
832,OK,239,10,772,772,519.37,355.21,718.14,358.25,632.34,435.44
833,OK,238,15,777,777,518.74,362.48,718.77,361.38,634.26,445.39
834,OK,240,25,772,772,519.46,367.76,718.13,363.03,634.79,457.04
835,OK,234,22,781,781,516.47,369.57,717.66,365.46,632.07,456.71
836,OK,239,20,778,778,519.96,368.08,720.19,365.01,636.1,451.64
837,OK,237,12,784,784,519.97,367.06,721.86,362.54,637.97,444.41
838,OK,236,16,784,784,520.42,366.36,722.36,365.47,635.98,451.44
839,OK,249,21,767,767,526.11,360.59,723.44,367.12,639.26,445.2
840,OK,244,13,770,770,523.11,359.12,721.29,362.86,636.44,435.22
841,OK,225,-8,797,797,515.25,355.62,720.4,357.55,629.5,424.97
842,OK,224,-10,797,797,513.72,353.21,719.05,350.14,629.5,426.01
843,OK,237,1,785,785,522.23,351.79,724.39,358.32,634.71,431.32
844,OK,240,6,778,778,522.97,353.94,723.34,360.88,635.02,433.23
845,OK,243,9,770,770,523.92,353.56,722.15,360.58,634.18,432.12
846,OK,245,13,768,768,524.35,356.0,722.13,361.29,636.52,435.65
847,OK,249,18,765,765,525.82,358.51,722.91,363.51,637.87,439.56
848,OK,246,19,768,768,525.33,358.88,723.01,366.38,637.19,443.62
849,OK,243,22,770,770,523.23,362.65,721.58,367.92,635.06,449.02
850,OK,238,22,775,775,518.97,367.0,718.62,365.55,631.98,453.45
851,OK,237,19,777,777,518.36,366.53,718.43,364.29,633.44,449.27
852,OK,234,12,788,788,520.13,363.26,722.96,366.29,634.91,448.31
853,OK,240,15,777,777,522.92,360.38,722.8,368.07,635.11,443.34
854,OK,242,10,775,775,523.92,353.12,723.42,361.23,634.82,437.63
855,OK,240,0,781,781,523.9,348.73,724.89,358.03,637.17,426.95
856,OK,236,-4,786,786,521.42,348.57,723.87,354.53,635.94,428.33
857,OK,233,-6,793,793,520.36,349.31,724.5,352.75,637.27,430.92
858,OK,241,1,778,778,524.57,347.96,724.78,358.61,635.98,427.82
859,OK,250,12,767,767,528.73,349.87,725.94,362.77,639.35,433.8
860,OK,249,13,765,765,527.3,351.84,724.03,361.14,638.27,434.87
861,OK,246,12,767,767,524.79,353.57,722.02,362.22,635.17,433.13
862,OK,239,11,781,781,523.38,356.51,724.18,366.04,635.17,441.24
863,OK,235,23,780,780,517.56,369.6,718.41,367.01,633.63,457.74
864,OK,236,31,778,778,515.29,377.26,715.36,368.3,635.25,468.91
865,OK,244,29,770,770,520.83,371.48,719.09,367.47,639.49,460.11
866,OK,246,24,771,771,524.26,365.54,722.84,366.85,639.57,452.72
867,OK,235,1,794,794,523.27,355.85,727.58,363.38,640.51,436.9
868,OK,236,-10,797,797,524.21,350.58,729.38,359.7,642.06,421.43
869,OK,236,-20,799,799,524.73,345.19,730.42,353.93,643.54,408.86
870,OK,218,-38,812,812,513.13,339.84,722.31,341.55,631.99,395.46
871,OK,216,-39,813,813,510.29,341.62,719.56,338.75,630.12,394.04
872,OK,229,-16,792,792,518.26,345.0,721.9,355.16,631.4,410.37
873,OK,224,-18,794,794,514.87,344.86,719.28,351.75,626.57,411.24
874,OK,225,-10,793,793,512.95,349.23,717.14,352.3,627.76,421.9
875,OK,227,-9,796,796,516.31,349.37,721.21,352.72,632.67,428.86
876,OK,226,-5,796,796,515.75,352.98,720.84,356.28,631.56,432.15
877,OK,239,6,776,776,521.74,353.38,721.47,360.77,632.44,432.81
878,OK,236,5,778,778,520.29,354.39,720.54,362.6,630.03,430.81
879,OK,245,19,769,769,524.9,356.96,722.71,366.84,634.62,444.39
880,OK,246,15,770,770,525.85,357.8,724.09,365.65,638.06,439.14
881,OK,241,15,778,778,522.9,362.07,723.32,365.68,637.82,445.34
882,OK,236,12,786,786,521.26,361.9,723.71,365.9,636.96,446.21
883,OK,233,4,794,794,521.3,358.7,725.62,365.24,636.97,440.17
884,OK,238,1,785,785,523.29,353.44,725.28,361.35,637.25,430.27
885,OK,233,-4,790,790,520.4,352.08,723.87,356.64,634.46,429.29
886,OK,234,-11,789,789,520.62,345.69,723.64,351.6,634.83,417.74
887,OK,234,-8,782,782,519.21,347.27,720.45,351.84,631.87,417.82
888,OK,236,-5,783,783,520.6,346.2,722.29,352.79,634.41,423.68
889,OK,234,-5,784,784,518.59,346.91,720.57,349.67,633.46,425.89
890,OK,238,-1,783,783,520.93,348.42,722.46,352.56,636.87,429.6
891,OK,243,0,775,775,522.45,348.03,722.06,350.99,638.42,425.28
892,OK,243,-3,774,774,522.18,347.07,721.52,349.57,638.24,421.29
893,OK,242,-2,779,779,523.34,348.16,724.06,352.55,639.9,424.74
894,OK,246,6,770,770,524.7,348.7,722.98,355.31,638.6,431.2
895,OK,239,1,781,781,522.57,348.91,723.52,356.01,636.16,431.07
896,OK,244,8,771,771,524.21,349.59,722.65,357.32,635.87,432.67
897,OK,244,5,776,776,524.6,350.21,724.35,356.03,639.87,433.61
898,OK,242,3,786,786,526.38,352.33,728.83,357.76,643.97,438.81
899,OK,247,11,780,780,528.52,354.47,729.46,359.44,645.16,445.92
900,OK,244,8,784,784,528.23,352.86,730.0,360.24,643.61,445.05
901,OK,246,16,779,779,528.07,356.54,728.75,361.7,643.25,451.84
902,OK,248,17,776,776,528.48,357.49,728.42,361.33,645.15,451.8
903,OK,248,17,778,778,528.54,358.79,728.9,362.33,645.9,453.01
904,OK,253,12,771,771,529.1,349.7,727.55,352.41,649.54,443.1
905,OK,246,-8,786,786,527.53,345.12,729.92,348.98,650.33,424.64
906,OK,244,11,777,777,524.67,354.03,724.67,356.31,641.21,444.45
907,OK,245,13,768,768,523.84,354.76,721.46,360.14,636.17,438.1
908,OK,242,16,774,774,521.72,360.59,720.94,359.05,638.44,446.57
909,OK,242,11,781,781,523.95,357.3,725.1,360.75,640.5,443.73
910,OK,246,12,774,774,525.87,355.67,725.17,359.05,642.24,440.82
911,OK,251,16,767,767,526.47,356.09,724.0,357.1,642.92,442.19
912,OK,251,17,772,772,528.61,359.87,727.53,357.66,646.02,448.48
913,OK,250,14,776,776,529.17,358.94,729.13,357.03,648.64,447.22
914,OK,252,16,776,776,531.59,357.91,731.44,359.84,649.76,449.5
915,OK,247,9,781,781,527.68,356.71,728.93,356.32,647.43,441.88
916,OK,248,13,780,780,528.58,359.13,729.53,358.93,647.89,448.49
917,OK,248,22,776,776,528.07,361.4,727.96,363.28,644.11,457.7
918,OK,247,17,778,778,527.84,360.2,728.11,361.41,644.65,452.28
919,OK,246,11,779,779,526.88,356.42,727.42,358.0,644.18,442.84
920,OK,244,10,778,778,525.23,354.34,725.51,358.85,641.0,442.23
921,OK,244,7,778,778,525.15,351.87,725.34,357.67,641.18,438.4
922,OK,236,-1,787,787,521.52,348.79,724.12,353.61,636.76,434.73
923,OK,234,4,789,789,519.2,354.11,722.33,355.06,636.88,443.38
924,OK,241,13,774,774,521.54,354.72,720.98,355.67,636.58,445.23
925,OK,242,13,778,778,522.56,358.71,722.96,359.57,639.48,445.53
926,OK,234,11,785,785,518.26,361.73,720.32,360.71,634.05,446.18
927,OK,241,29,771,771,519.15,370.17,717.53,364.33,634.38,461.27
928,OK,239,34,770,770,516.71,376.52,714.83,367.69,633.99,467.11
929,OK,227,29,800,800,513.72,387.97,719.18,372.53,637.86,478.03
930,OK,227,41,795,795,512.67,391.32,716.88,377.76,634.35,491.87
931,OK,228,37,793,793,512.52,388.59,716.25,374.17,635.35,485.88
932,OK,231,37,778,778,509.93,383.91,709.82,368.3,630.16,476.03
933,OK,232,25,779,779,513.44,372.87,714.06,365.16,628.92,460.8
934,OK,225,18,788,788,510.59,369.99,713.42,364.67,626.92,456.97
935,OK,228,31,780,780,509.3,376.74,709.92,366.56,627.25,470.38
936,OK,228,38,786,786,508.87,385.87,710.66,369.26,633.7,484.54
937,OK,222,37,790,790,506.05,386.2,709.04,370.67,628.3,485.87
938,OK,227,35,783,783,507.24,385.79,708.12,369.19,628.98,476.5
939,OK,221,22,789,789,505.75,375.7,708.51,363.45,623.98,463.98
940,OK,239,22,768,768,517.81,361.55,715.64,360.73,630.85,451.85
941,OK,226,-3,797,797,515.17,352.46,720.37,356.66,631.1,437.29
942,OK,224,-16,793,793,511.96,346.68,716.33,347.38,627.04,413.05
943,OK,227,-17,787,787,512.61,342.84,715.37,345.04,626.03,408.69
944,OK,229,-16,785,785,514.04,343.5,716.1,346.85,627.36,407.93
945,OK,226,-18,793,793,514.74,343.84,718.9,349.2,627.69,410.17
946,OK,225,-3,795,795,512.12,353.69,716.77,353.0,629.6,435.54
947,OK,229,10,785,785,512.0,363.14,714.25,358.57,629.61,443.6
948,OK,230,11,787,787,514.01,363.1,716.74,359.69,632.34,446.9
949,OK,234,8,785,785,516.83,360.38,719.12,360.79,635.6,441.1
950,OK,217,-13,803,803,504.85,357.09,711.06,343.05,629.09,426.84
951,OK,215,-30,808,808,508.3,345.54,716.42,343.39,626.0,405.04
952,OK,218,-34,797,797,505.74,341.99,710.92,336.81,624.26,388.67
953,OK,216,-39,799,799,504.05,340.47,709.7,333.1,623.26,385.15
954,OK,214,-46,798,798,503.25,334.56,708.5,326.3,622.05,376.35
955,OK,210,-45,803,803,501.66,336.41,708.19,328.25,618.83,381.33
956,OK,210,-35,796,796,499.12,338.18,703.91,330.98,615.76,392.14
957,OK,210,-30,796,796,499.21,341.69,704.12,335.62,616.06,397.64
958,OK,215,-14,790,790,503.52,345.59,706.96,343.36,616.74,418.52
959,OK,199,-24,814,814,495.57,349.74,705.02,340.46,613.57,421.88
960,OK,201,-14,811,811,495.52,351.49,704.27,345.18,613.11,434.01
961,OK,200,-8,811,811,495.35,358.64,704.03,349.96,611.9,441.68
962,OK,209,8,799,799,497.34,368.39,702.83,355.54,616.89,454.0
963,OK,206,5,800,800,496.81,367.44,702.67,360.69,612.94,447.1
964,OK,203,10,814,814,499.14,380.76,708.63,371.55,616.82,459.56
965,OK,220,32,786,786,504.04,377.68,706.17,367.19,622.1,477.87
966,OK,219,31,786,786,502.89,380.46,704.99,366.87,620.77,476.16
967,OK,220,31,784,784,503.46,377.94,704.99,365.39,620.64,476.2
968,OK,211,19,793,793,498.73,372.73,702.7,363.3,614.21,463.44
969,OK,220,13,788,788,507.79,362.53,710.77,362.89,619.71,452.74
970,OK,217,2,792,792,508.57,354.93,712.41,359.0,617.26,440.71
971,OK,216,4,793,793,504.76,360.2,708.92,357.94,617.46,441.46
972,OK,208,2,801,801,500.04,365.46,706.27,357.89,613.13,443.15
973,OK,215,8,791,791,501.56,368.7,705.17,358.69,618.2,442.77
974,OK,214,13,790,790,501.59,372.52,704.69,362.04,615.38,449.89
975,OK,223,18,784,784,506.57,372.78,708.43,363.94,624.0,452.05
976,OK,224,16,790,790,510.8,369.14,714.16,363.62,627.08,456.34
977,OK,240,30,771,771,517.91,370.74,716.45,365.63,634.42,462.81
978,OK,233,7,786,786,518.1,358.3,720.63,360.73,634.43,442.18
979,OK,241,14,772,772,521.99,358.22,720.61,365.6,634.21,438.37
980,OK,240,5,777,777,521.48,352.94,721.43,360.81,635.31,429.91
981,OK,232,2,784,784,516.25,354.29,718.06,356.28,632.59,434.56
982,OK,236,1,778,778,518.32,351.26,718.58,354.92,632.68,427.63
983,OK,230,2,781,781,513.68,354.8,714.87,357.28,627.32,429.14
984,OK,226,3,784,784,512.16,356.93,714.07,358.93,623.92,433.35
985,OK,228,4,785,785,514.15,357.09,716.26,361.38,626.53,433.53
986,OK,233,4,783,783,517.45,355.91,718.99,361.5,630.28,432.7
987,OK,230,5,787,787,516.4,354.54,718.89,360.22,630.01,439.6
988,OK,225,-4,797,797,514.45,351.9,719.62,354.3,630.12,435.69
989,OK,232,13,779,779,513.4,357.22,714.11,358.4,629.38,447.02
990,OK,238,19,769,769,517.67,355.92,715.6,361.32,629.19,448.69
991,OK,229,31,775,775,506.95,374.75,706.04,361.74,627.01,468.27
992,OK,222,30,786,786,504.52,378.06,706.32,362.62,625.96,476.27
993,OK,229,38,777,777,506.13,379.58,705.46,362.82,629.07,481.79
994,OK,228,34,779,779,507.12,376.1,707.44,363.22,627.35,476.9
995,OK,225,9,793,793,512.87,361.09,717.08,358.65,628.49,450.72
996,OK,229,4,784,784,514.78,352.19,716.74,354.36,627.12,440.52
997,OK,229,-6,782,782,512.93,342.6,714.23,345.13,626.76,427.07
998,OK,229,-6,780,780,514.8,339.73,715.64,345.89,624.08,426.31
999,OK,225,-13,785,785,512.78,338.2,714.86,343.61,621.84,417.79
1000,OK,224,-14,786,786,512.29,338.43,714.77,342.71,621.96,417.7
1001,OK,227,-9,776,776,511.96,341.61,711.74,343.91,620.11,416.5
1002,OK,223,-10,783,783,509.71,342.62,711.32,343.72,618.06,418.87
1003,OK,220,-13,795,795,510.4,343.8,715.04,347.66,621.5,423.13
1004,OK,217,-14,794,794,508.25,345.38,712.69,345.77,619.31,420.8
1005,OK,228,18,777,777,512.01,360.73,712.13,365.68,620.75,450.47
1006,OK,215,23,791,791,502.16,375.49,705.79,367.02,616.72,466.59
1007,OK,220,25,788,788,505.22,375.19,707.83,364.94,622.24,469.88
1008,OK,230,20,783,783,513.21,364.4,714.94,363.0,628.3,459.31
1009,OK,226,2,791,791,514.84,354.32,718.52,357.05,627.28,439.51
1010,OK,226,-12,790,790,515.69,339.44,718.94,348.17,626.36,423.75
1011,OK,222,-22,790,790,512.12,336.09,715.42,344.5,621.08,407.48
1012,OK,215,-28,784,784,502.52,333.84,704.55,335.19,611.75,394.92
1013,OK,215,-28,784,784,502.64,331.47,704.54,332.85,611.8,396.21
1014,OK,212,-29,786,786,500.13,332.2,702.46,331.84,610.07,397.22
1015,OK,210,-30,793,793,499.58,333.85,703.77,333.52,612.1,399.39
1016,OK,212,-23,789,789,501.05,335.68,704.33,337.84,610.8,405.86
1017,OK,219,-15,782,782,506.92,337.04,708.39,341.82,613.35,412.83
1018,OK,223,-11,790,790,511.3,343.5,714.78,345.85,624.01,424.34
1019,OK,224,10,786,786,509.71,358.88,712.26,360.44,623.28,447.38
1020,OK,224,26,786,786,507.22,372.8,709.41,364.49,626.28,471.06
1021,OK,220,33,797,797,506.82,382.58,711.98,373.19,626.79,484.46
1022,OK,227,57,797,797,511.48,400.51,716.2,385.86,638.08,518.63
1023,OK,221,53,801,801,508.86,400.04,714.99,389.34,630.7,512.52
1024,OK,208,31,821,821,504.51,398.6,715.56,384.44,627.91,491.9
1025,OK,207,20,823,823,504.58,388.7,716.3,377.01,626.49,480.72
1026,OK,214,15,805,805,507.22,375.76,714.43,373.72,622.33,460.64
1027,OK,220,10,798,798,511.02,368.16,716.58,368.34,625.89,450.72
1028,OK,229,3,793,793,517.62,358.56,721.84,362.87,632.25,437.42
1029,OK,219,-15,807,807,512.6,352.85,720.49,352.92,627.69,423.29
1030,OK,232,-25,801,801,522.4,339.94,728.47,346.7,640.45,408.36
1031,OK,225,-36,810,810,519.11,341.16,727.77,345.63,638.28,395.77
1032,OK,227,-34,804,804,518.8,337.7,725.87,343.09,636.25,397.42
1033,OK,225,-24,797,797,515.72,343.39,720.85,349.78,628.38,403.24
1034,OK,221,-19,801,801,512.56,342.13,718.75,347.4,626.37,417.27
1035,OK,211,-19,805,805,507.64,342.01,714.75,348.58,616.01,421.29
1036,OK,203,-13,806,806,498.52,348.86,706.14,347.09,611.42,433.33
1037,OK,209,-6,795,795,500.39,350.73,705.09,349.49,610.01,433.21
1038,OK,222,3,781,781,507.3,350.16,708.41,351.64,616.33,435.4
1039,OK,213,-9,797,797,505.4,352.44,710.7,351.31,615.64,426.33
1040,OK,225,1,790,790,514.73,351.75,718.05,359.31,624.35,436.77
1041,OK,223,-4,793,793,513.66,349.38,717.89,356.47,623.86,431.88
1042,OK,213,-12,800,800,506.29,350.16,712.45,349.51,618.45,426.61
1043,OK,205,-24,813,813,501.72,348.54,711.11,345.48,616.05,418.25
1044,OK,212,-22,805,805,505.36,346.82,712.79,344.21,619.84,416.12
1045,OK,219,-14,790,790,507.93,346.09,711.34,344.71,619.15,417.61
1046,OK,221,-15,788,788,507.99,343.49,710.87,343.33,620.62,415.29
1047,OK,220,-16,788,788,506.88,343.9,709.91,342.57,619.73,414.55
1048,OK,212,-22,802,802,504.76,344.36,711.28,343.02,618.0,415.67
1049,OK,210,-22,802,802,503.91,344.82,710.43,342.96,616.43,415.75
1050,OK,207,-26,811,811,502.82,346.36,711.65,342.56,617.19,414.37
1051,OK,226,-10,786,786,512.37,347.04,714.87,347.27,625.3,420.73
1052,OK,228,-9,785,785,514.22,344.14,716.45,346.93,625.87,422.46
1053,OK,230,-16,785,785,516.02,340.24,718.27,344.11,628.15,410.92
1054,OK,220,-29,801,801,511.69,336.97,717.95,339.96,625.7,403.65
1055,OK,224,-20,786,786,512.8,335.97,715.14,343.95,620.74,407.72
1056,OK,225,-15,784,784,513.63,335.97,715.44,344.68,621.3,415.52
1057,OK,222,-20,791,791,512.23,337.44,715.84,343.71,621.2,411.18
1058,OK,230,-11,779,779,514.79,338.3,715.37,343.54,624.81,415.79
1059,OK,231,-8,778,778,516.6,337.37,716.86,346.44,624.71,420.87
1060,OK,230,-7,779,779,515.04,337.33,715.45,346.59,623.05,423.78
1061,OK,228,-5,780,780,515.17,339.71,715.89,347.96,622.42,427.68
1062,OK,229,-5,781,781,515.98,339.76,716.86,348.65,623.34,427.28
1063,OK,224,-11,791,791,512.59,342.1,716.24,347.48,623.89,424.14
1064,OK,230,0,782,782,515.48,353.54,716.77,357.05,626.38,428.29
1065,OK,227,11,787,787,514.15,359.77,716.71,363.33,626.51,446.89
1066,OK,229,8,789,789,516.02,356.77,719.18,362.43,629.18,445.99
1067,OK,221,-5,799,799,511.26,354.89,717.11,355.63,625.86,433.27
1068,OK,225,-3,792,792,514.59,349.48,718.52,354.86,626.43,434.36
1069,OK,221,-15,793,793,511.04,341.53,715.11,346.6,621.16,419.2
1070,OK,228,-16,784,784,514.32,336.66,716.24,343.32,624.84,413.95
1071,OK,224,-16,786,786,512.28,336.6,714.53,342.18,622.15,414.64
1072,OK,224,-16,788,788,512.87,338.21,715.71,344.43,622.42,415.62
1073,OK,233,-5,774,774,516.55,338.62,715.8,345.14,625.11,422.19
1074,OK,233,-5,776,776,517.8,338.48,717.56,346.59,625.08,423.78
1075,OK,239,-1,772,772,521.51,338.47,720.02,350.22,629.26,427.13
1076,OK,236,1,774,774,519.74,340.48,718.89,351.02,627.74,431.32
1077,OK,234,2,773,773,516.45,343.31,715.33,350.4,624.37,429.91
1078,OK,233,-1,778,778,517.6,342.3,717.83,350.96,626.52,430.39
1079,OK,231,-2,779,779,517.36,340.62,717.68,351.02,624.45,430.1
1080,OK,233,-3,778,778,518.01,339.7,718.06,349.08,626.98,427.63
1081,OK,235,1,775,775,517.66,343.62,717.27,349.47,627.29,430.93
1082,OK,237,5,770,770,518.76,344.84,717.06,351.38,627.38,433.34
1083,OK,238,5,770,770,518.68,344.97,716.83,350.69,629.07,432.32
1084,OK,243,8,770,770,523.84,348.92,721.97,359.88,634.12,433.44
1085,OK,237,2,778,778,519.95,351.51,720.23,358.36,632.59,427.23
1086,OK,234,-3,782,782,518.91,351.02,720.31,356.69,631.91,422.85
1087,OK,233,-1,779,779,515.33,354.25,715.89,354.05,628.83,422.08
1088,OK,235,1,779,779,518.0,350.57,718.7,354.84,629.77,427.36
1089,OK,243,10,772,772,524.92,350.05,723.47,362.75,634.86,436.36
1090,OK,235,-4,785,785,519.64,347.85,721.72,352.91,634.34,426.97
1091,OK,234,-1,782,782,518.74,350.39,720.12,356.58,631.96,427.17
1092,OK,226,-10,795,795,513.14,352.86,717.96,351.54,630.53,423.25
1093,OK,223,6,792,792,511.11,363.12,714.97,358.45,625.86,443.9
1094,OK,230,31,791,791,512.77,379.79,716.25,367.66,636.27,478.34
1095,OK,231,14,789,789,516.64,365.56,719.77,365.18,632.86,452.22
1096,OK,236,-3,791,791,523.43,346.04,726.94,354.99,637.8,434.99
1097,OK,230,-23,788,788,516.74,335.9,719.54,340.41,631.48,404.64
1098,OK,231,-48,789,789,517.86,323.8,720.93,326.6,632.59,366.8
1099,OK,228,-53,786,786,515.63,316.85,717.9,320.75,625.75,362.87
1100,OK,225,-54,786,786,513.25,316.53,715.78,319.97,622.68,360.76
1101,OK,230,-53,784,784,517.84,316.2,719.81,318.75,626.91,360.94
1102,OK,228,-53,801,801,518.19,321.15,724.5,325.23,635.95,372.63
1103,OK,229,-37,792,792,515.43,329.19,719.36,330.13,634.11,388.92
1104,OK,221,-35,806,806,513.63,337.67,721.11,342.4,631.19,397.0
1105,OK,232,-14,783,783,517.89,340.68,719.43,350.76,628.78,408.72
1106,OK,218,2,793,793,507.23,358.16,711.47,359.18,618.98,438.74
1107,OK,216,13,788,788,503.17,367.06,706.17,363.58,616.62,449.94
1108,OK,222,23,776,776,504.95,368.72,704.83,365.94,616.65,456.51
1109,OK,220,12,787,787,505.94,367.54,708.59,361.13,620.39,447.51
1110,OK,231,7,778,778,515.16,357.72,715.37,362.91,626.16,433.27
1111,OK,226,1,781,781,510.4,353.59,711.52,353.35,622.05,430.24
1112,OK,219,-27,802,802,510.54,346.78,716.97,346.7,627.88,402.59
1113,OK,218,-30,806,806,510.49,344.08,717.98,344.39,628.21,403.65
1114,OK,219,-30,803,803,511.1,341.66,717.84,345.55,626.12,398.76
1115,OK,218,-30,802,802,510.59,341.77,717.13,344.65,625.4,399.01
1116,OK,218,-26,797,797,508.5,341.33,713.84,341.67,622.62,403.8
1117,OK,227,-18,780,780,512.66,337.59,713.49,342.56,621.46,404.85
1118,OK,232,-12,780,780,517.94,337.3,718.55,348.15,627.34,414.17
1119,OK,226,-13,788,788,513.68,341.19,716.62,345.01,626.42,419.14
1120,OK,228,-2,782,782,512.99,347.58,714.31,350.02,625.79,429.78
1121,OK,234,6,778,778,518.7,349.35,718.92,358.38,629.16,437.79
1122,OK,226,15,780,780,510.64,361.18,711.48,359.95,622.77,450.21
1123,OK,226,29,779,779,506.62,373.23,706.87,362.72,625.08,468.12
1124,OK,228,23,781,781,508.4,371.42,709.31,360.49,627.37,460.3
1125,OK,235,19,775,775,516.2,361.53,715.7,361.68,629.39,451.3
1126,OK,224,4,793,793,511.79,357.2,716.12,357.1,626.27,444.84
1127,OK,232,-1,785,785,517.01,348.85,719.23,352.6,630.43,433.14
1128,OK,229,-2,782,782,514.04,346.4,715.39,349.59,626.47,431.91
1129,OK,235,8,777,777,516.08,350.04,716.15,353.3,629.93,441.25
1130,OK,233,1,780,780,516.54,347.87,717.35,352.02,629.79,432.16
1131,OK,235,1,779,779,518.45,348.03,718.99,353.69,631.15,430.74
1132,OK,234,6,780,780,517.52,350.67,718.45,354.9,631.87,440.86
1133,OK,239,23,767,767,517.73,355.59,715.25,363.2,627.69,453.05
1134,OK,233,14,779,779,516.99,356.18,717.52,363.07,627.97,447.77
1135,OK,234,16,781,781,517.59,359.25,718.66,363.97,630.45,451.5
1136,OK,239,21,772,772,519.5,359.63,718.31,361.21,631.45,453.62
1137,OK,232,17,781,781,514.81,361.12,715.99,360.0,630.06,453.91
1138,OK,231,17,782,782,512.79,363.74,714.14,357.79,631.67,455.72
1139,OK,235,14,779,779,517.59,358.18,718.35,358.75,631.7,449.52
1140,OK,230,0,787,787,515.19,349.66,717.78,350.27,630.57,436.49
1141,OK,233,-12,785,785,517.85,339.74,720.0,344.61,632.66,418.15
1142,OK,234,-8,771,771,516.52,338.04,714.86,347.15,623.15,412.48
1143,OK,228,-14,784,784,516.43,336.51,718.07,347.42,623.7,414.79
1144,OK,235,1,773,773,517.85,347.31,716.74,355.45,625.88,424.03
1145,OK,227,-13,788,788,514.99,340.04,717.82,346.9,626.28,420.09
1146,OK,227,-13,792,792,515.98,341.5,719.78,347.22,629.44,422.31
1147,OK,233,-9,780,780,517.27,340.12,718.16,345.43,629.91,420.78
1148,OK,233,-4,780,780,518.27,339.18,719.06,347.06,628.97,429.87
1149,OK,230,-2,790,790,517.19,350.81,720.65,355.1,632.51,434.01
1150,OK,235,12,785,785,519.44,358.01,721.54,359.61,634.08,450.01
1151,OK,240,20,775,775,519.32,362.49,718.93,362.44,635.33,453.36
1152,OK,236,9,783,783,520.39,356.56,721.92,359.53,634.49,443.57
1153,OK,229,-4,796,796,521.16,348.88,726.05,357.94,631.75,434.93
1154,OK,237,-4,791,791,525.41,346.57,728.69,358.5,637.49,429.9
1155,OK,235,-18,791,791,523.63,339.85,726.88,351.93,635.58,408.34
1156,OK,229,-27,788,788,516.53,333.16,719.29,339.27,629.11,397.84
1157,OK,229,-40,793,793,518.19,324.58,722.42,331.18,631.43,385.25
1158,OK,232,-47,787,787,520.09,318.48,722.53,325.74,630.1,371.18
1159,OK,225,-51,796,796,516.43,318.32,721.22,325.92,627.27,372.2
1160,OK,228,-27,784,784,515.44,328.95,717.22,336.77,625.3,397.21
1161,OK,230,-18,785,785,517.52,338.15,719.46,346.43,626.37,407.56
1162,OK,218,-13,800,800,510.62,346.2,716.53,349.21,622.63,426.63
1163,OK,216,-10,796,796,508.94,346.86,713.86,349.91,618.12,428.97
1164,OK,221,-3,788,788,511.12,347.73,713.96,353.38,618.08,433.13
1165,OK,224,4,783,783,512.21,349.25,713.76,355.01,618.12,438.2
1166,OK,225,1,783,783,512.74,348.61,714.39,355.02,618.52,434.17
1167,OK,216,-9,795,795,507.81,347.97,712.55,349.76,616.93,427.55
1168,OK,208,-24,810,810,506.29,345.32,714.88,345.27,617.26,418.68
1169,OK,210,-23,805,805,505.92,343.78,713.15,344.52,616.21,414.33
1170,OK,217,-27,797,797,509.14,335.04,714.25,340.54,618.6,404.73
1171,OK,216,-26,792,792,507.2,339.21,711.18,341.11,616.72,400.45
1172,OK,224,-19,787,787,513.64,335.51,716.1,342.91,620.94,409.79
1173,OK,226,-14,784,784,514.89,336.65,716.63,346.96,620.81,416.19
1174,OK,223,-7,787,787,511.63,342.78,714.29,348.9,619.13,427.44
1175,OK,230,1,778,778,514.92,346.15,715.23,350.01,624.84,432.85
1176,OK,226,4,789,789,514.46,353.12,717.52,357.6,624.5,441.67
1177,OK,231,5,784,784,518.12,351.39,719.96,360.02,627.4,439.26
1178,OK,234,19,777,777,516.0,361.69,716.13,362.16,628.57,452.25
1179,OK,234,13,779,779,516.97,357.65,717.65,360.78,629.44,446.1
1180,OK,229,-2,787,787,516.89,348.69,719.61,353.29,627.52,432.78
1181,OK,218,-17,792,792,508.07,344.12,711.99,342.99,619.89,414.81
1182,OK,227,-11,775,775,511.06,339.82,710.73,341.66,619.06,411.69
1183,OK,222,-17,779,779,507.64,337.95,708.18,338.36,615.69,407.82
1184,OK,220,-22,787,787,507.14,337.64,709.88,336.84,617.89,406.56
1185,OK,216,-18,790,790,506.29,340.5,709.68,341.57,614.7,413.91
1186,OK,212,-19,797,797,502.66,344.82,707.96,340.69,614.82,416.94
1187,OK,209,-17,806,806,503.95,348.68,711.59,346.63,617.12,424.72
1188,OK,219,-2,792,792,507.43,353.23,711.42,350.81,622.4,437.29
1189,OK,228,10,783,783,513.24,354.86,714.86,361.53,624.35,444.22
1190,OK,221,18,787,787,508.21,372.53,710.93,369.58,620.26,452.48
1191,OK,218,24,800,800,506.04,385.7,711.82,374.05,627.19,468.83
1192,OK,216,29,816,816,510.21,394.12,720.14,384.91,633.16,485.55
1193,OK,215,36,817,817,508.09,396.78,718.07,381.47,634.32,500.77
1194,OK,224,40,799,799,510.02,388.75,715.35,375.55,634.31,496.07
1195,OK,224,32,791,791,507.41,381.75,710.7,366.93,630.11,481.38
1196,OK,224,27,794,794,508.35,376.11,712.55,362.96,632.54,480.03
1197,OK,225,40,784,784,505.74,383.01,706.94,367.04,628.68,490.58
1198,OK,225,39,783,783,508.0,381.88,709.5,371.73,624.89,483.26
1199,OK,221,47,800,800,507.85,398.13,713.09,380.86,633.47,505.12
1200,OK,206,57,814,814,501.86,405.47,711.29,397.91,620.97,527.46
1201,OK,201,45,826,826,501.5,401.91,714.05,395.37,622.2,517.53
1202,OK,207,27,814,814,503.15,389.48,712.54,379.13,621.37,484.81
1203,OK,223,34,779,779,505.4,375.53,705.7,364.17,620.14,476.77
1204,OK,234,16,772,772,515.69,356.16,714.44,358.91,626.26,446.57
1205,OK,216,-13,802,802,510.95,346.06,717.48,349.64,620.15,429.46
1206,OK,222,-16,795,795,513.78,336.11,718.21,345.34,622.68,423.1
1207,OK,217,-27,792,792,508.92,333.92,712.83,337.14,616.85,402.77
1208,OK,219,-23,789,789,508.77,333.9,711.87,337.85,616.45,407.47
1209,OK,208,-31,809,809,503.31,338.93,711.74,338.25,617.85,408.77
1210,OK,211,-23,804,804,505.72,342.64,712.67,342.95,618.14,416.68
1211,OK,225,8,784,784,510.51,355.68,712.44,358.38,623.43,444.33
1212,OK,214,11,796,796,501.8,367.84,706.62,359.53,620.22,455.12
1213,OK,217,13,795,795,503.94,367.67,708.48,358.87,622.87,457.08
1214,OK,220,4,799,799,510.8,360.09,716.56,363.81,625.52,445.2
1215,OK,212,-14,805,805,506.52,352.23,713.88,351.25,619.41,424.41
1216,OK,208,-32,808,808,503.44,341.74,711.61,340.02,616.62,404.97
1217,OK,200,-54,814,814,499.16,330.88,708.72,328.54,611.32,376.37
1218,OK,209,-56,804,804,503.87,322.34,711.02,323.24,615.54,371.0
1219,OK,211,-59,801,801,504.81,319.39,711.04,319.32,615.8,363.15
1220,OK,212,-60,803,803,505.95,317.95,712.88,317.82,617.06,365.02
1221,OK,211,-51,796,796,502.48,324.81,707.51,324.31,613.82,370.48
1222,OK,214,-36,785,785,501.54,328.91,703.69,327.69,609.86,384.95
1223,OK,194,-31,814,814,494.47,343.36,704.03,343.58,604.56,408.79
1224,OK,198,-20,811,811,497.48,345.13,706.22,350.67,604.61,423.38
1225,OK,212,-7,792,792,503.83,349.16,707.66,353.44,611.79,427.92
1226,OK,211,-7,796,796,504.01,349.42,708.92,352.9,611.94,431.25
1227,OK,218,-3,789,789,507.94,350.48,711.13,354.57,615.11,430.19
1228,OK,224,7,787,787,513.27,356.49,715.73,363.22,619.69,440.46
1229,OK,225,21,782,782,510.96,368.13,712.48,369.05,621.69,455.46
1230,OK,225,14,789,789,511.58,367.51,714.69,368.16,625.16,449.17
1231,OK,221,4,795,795,512.28,360.98,717.04,363.15,622.36,441.17
1232,OK,203,-17,815,815,501.85,357.66,711.61,352.35,615.12,425.92
1233,OK,217,-16,795,795,506.84,352.7,711.64,350.43,618.77,412.37
1234,OK,211,-14,800,800,504.66,350.92,710.68,351.65,615.42,420.92
1235,OK,216,-5,792,792,506.73,351.24,710.75,354.74,616.64,429.41
1236,OK,216,-2,788,788,505.52,355.36,708.43,356.05,614.17,430.28
1237,OK,212,-2,795,795,503.21,356.88,707.95,355.4,614.08,434.31
1238,OK,214,2,795,795,502.31,363.37,707.0,356.05,617.8,440.1
1239,OK,206,4,809,809,498.87,377.08,706.93,366.75,617.31,445.91
1240,OK,205,-1,809,809,498.43,371.38,706.65,362.09,616.06,440.82
1241,OK,201,-5,814,814,498.46,370.21,707.98,362.85,612.8,437.55
1242,OK,214,-5,788,788,502.61,357.21,705.5,350.91,613.86,424.42
1243,OK,218,-3,786,786,505.75,355.51,708.3,354.73,614.98,426.66
1244,OK,214,-13,792,792,503.91,349.73,707.89,349.37,615.25,418.21
1245,OK,201,-20,803,803,496.24,345.98,703.0,344.93,604.94,416.7
1246,OK,202,-30,805,805,496.94,340.98,704.16,338.57,608.6,405.63
1247,OK,207,-23,793,793,496.6,341.54,700.77,337.05,608.94,408.57
1248,OK,213,-16,790,790,501.33,344.48,704.79,340.96,614.27,416.01
1249,OK,210,-21,804,804,503.27,344.17,710.22,341.67,617.63,419.51
1250,OK,204,-14,808,808,499.03,350.11,707.17,346.73,613.24,432.19
1251,OK,210,2,794,794,501.16,358.7,705.67,355.5,611.07,442.05
1252,OK,213,16,786,786,499.53,366.85,701.8,359.68,613.17,455.82
1253,OK,213,18,786,786,499.23,368.99,701.37,360.71,612.87,458.61
1254,OK,215,23,789,789,499.78,373.94,702.71,361.26,617.46,467.86
1255,OK,218,30,791,791,502.21,379.45,705.2,362.99,623.51,480.18
1256,OK,216,31,794,794,503.26,382.48,707.29,369.24,622.39,481.46
1257,OK,219,37,797,797,503.65,387.76,708.15,369.35,629.59,493.29
1258,OK,206,35,816,816,501.52,397.9,711.31,386.56,622.92,495.76
1259,OK,208,39,815,815,502.08,399.14,711.84,390.13,623.16,499.03
1260,OK,206,20,814,814,499.93,386.95,709.06,371.61,622.2,476.42
1261,OK,210,31,798,798,499.44,381.01,704.64,370.44,616.73,485.14
1262,OK,215,26,787,787,499.29,375.37,701.56,362.75,615.64,469.28
1263,OK,213,25,785,785,498.43,371.28,700.3,362.5,611.32,469.04
1264,OK,214,24,786,786,499.29,373.4,701.32,362.53,614.36,467.68
1265,OK,211,10,801,801,502.93,370.22,709.14,364.03,617.79,453.02
1266,OK,213,18,784,784,499.02,368.21,700.72,359.26,611.23,456.56
1267,OK,215,26,787,787,500.14,371.11,702.58,360.35,616.54,472.35
1268,OK,217,35,785,785,499.47,380.71,700.93,364.52,618.05,481.81
1269,OK,209,39,804,804,501.21,392.54,707.81,380.0,619.1,497.03
1270,OK,212,49,807,807,503.27,398.41,710.91,388.38,624.51,512.45
1271,OK,208,57,810,810,502.4,404.45,710.83,396.34,621.17,524.8
1272,OK,208,47,809,809,501.1,403.06,709.11,392.13,620.53,505.64
1273,OK,219,35,787,787,503.38,380.97,705.79,369.22,620.15,482.01
1274,OK,228,29,775,775,508.51,373.54,707.94,363.96,623.75,464.39
1275,OK,217,-32,813,813,512.24,344.0,721.6,347.67,629.9,403.57
1276,OK,217,-46,805,805,507.32,334.6,714.63,329.57,627.61,380.18
1277,OK,215,-46,797,797,504.28,331.69,709.6,326.44,620.12,375.42
1278,OK,212,-51,804,804,504.34,331.73,711.5,328.08,620.73,373.62
1279,OK,208,-38,792,792,498.28,333.28,702.37,333.0,608.29,382.93
1280,OK,203,-28,798,798,495.28,343.88,700.76,340.18,607.44,400.09
1281,OK,199,-25,818,818,500.5,347.2,711.01,352.52,611.45,419.49
1282,OK,212,-12,797,797,505.17,346.38,710.3,353.88,613.01,423.21
1283,OK,218,6,786,786,507.52,354.84,709.97,360.35,614.49,441.06
1284,OK,219,11,782,782,506.04,361.81,707.37,362.52,614.01,441.99
1285,OK,221,18,782,782,507.49,366.4,708.8,366.63,617.24,452.95
1286,OK,218,24,789,789,504.09,376.47,707.03,366.65,620.0,465.32
1287,OK,215,32,810,810,507.75,393.17,716.18,382.37,629.43,488.14
1288,OK,216,33,810,810,508.44,397.4,716.82,386.45,630.48,486.07
1289,OK,209,18,834,834,508.54,397.09,722.93,384.38,636.72,479.77
1290,OK,224,22,808,808,516.04,386.0,724.03,382.67,636.3,469.03
1291,OK,238,35,789,789,523.03,383.37,726.18,383.64,640.06,474.82
1292,OK,235,45,804,804,524.6,396.21,731.79,396.68,646.45,499.37
1293,OK,255,81,784,784,535.69,412.92,737.42,419.95,657.73,530.2
1294,OK,234,98,804,804,525.04,431.84,732.07,433.66,644.61,568.15
1295,OK,231,98,819,819,525.35,436.77,736.17,440.17,649.78,575.68
1296,OK,233,98,816,816,526.65,436.93,736.68,439.02,651.98,575.85
1297,OK,240,96,805,805,527.85,431.58,735.06,431.5,653.25,565.4
1298,OK,248,91,787,787,530.06,420.86,732.62,425.41,652.43,546.59
1299,OK,249,72,773,773,525.99,404.86,725.19,403.81,646.24,513.1
1300,OK,234,46,800,800,521.44,393.71,727.57,392.02,644.18,500.28
1301,OK,239,34,779,779,520.0,375.33,720.64,375.22,636.72,471.96
1302,OK,240,13,784,784,524.42,360.54,726.16,366.04,639.3,447.31
1303,OK,229,4,794,794,519.04,356.6,723.36,363.24,632.68,443.08
1304,OK,225,5,790,790,513.53,358.95,717.02,362.8,625.2,439.21
1305,OK,227,7,784,784,513.87,358.33,715.69,362.66,623.65,439.23
1306,OK,225,8,785,785,512.17,359.81,714.39,363.74,622.05,440.03
1307,OK,212,3,798,798,503.85,364.72,709.34,362.35,616.55,442.18
1308,OK,212,1,799,799,504.15,363.39,709.89,361.71,615.86,438.91
1309,OK,207,-6,807,807,501.46,361.21,709.16,357.63,615.38,435.4
1310,OK,216,-2,793,793,505.95,356.15,710.12,355.25,617.48,432.36
1311,OK,212,-9,803,803,505.61,352.79,712.5,352.06,618.32,432.21
1312,OK,216,-21,798,798,508.11,342.15,713.58,342.88,619.76,413.52
1313,OK,216,-18,794,794,507.87,341.96,712.28,343.96,617.75,416.42
1314,OK,222,-14,787,787,511.22,339.09,713.88,343.78,619.07,417.0
1315,OK,221,-14,787,787,508.45,342.08,711.09,344.11,618.58,416.2
1316,OK,213,-15,799,799,506.43,344.08,712.33,345.04,616.61,425.35
1317,OK,209,-25,808,808,505.08,342.86,713.11,343.24,617.25,416.2
1318,OK,214,-18,800,800,506.98,344.58,712.98,344.13,619.23,420.53
1319,OK,214,-18,801,801,506.84,344.6,713.26,345.64,618.77,420.64
1320,OK,210,-15,800,800,503.64,346.95,709.7,347.03,614.2,424.1
1321,OK,207,-4,801,801,500.65,354.9,706.93,355.26,611.59,438.5
1322,OK,209,-2,794,794,500.31,356.1,704.71,353.23,611.15,437.03
1323,OK,203,-11,806,806,498.78,356.26,706.39,352.79,610.96,431.44
1324,OK,210,-16,803,803,503.07,347.73,709.74,345.36,616.63,424.08
1325,OK,206,-27,808,808,501.59,344.71,709.58,341.93,615.4,412.38
1326,OK,203,-35,805,805,497.23,338.63,704.34,332.05,610.6,399.64
1327,OK,203,-39,804,804,497.55,336.69,704.65,333.63,608.96,391.99
1328,OK,200,-47,809,809,494.38,337.25,702.61,328.73,610.01,382.19
1329,OK,197,-64,817,817,496.65,328.91,707.08,326.19,609.31,362.31
1330,OK,198,-62,815,815,496.4,328.43,706.25,324.56,610.63,364.51
1331,OK,196,-63,816,816,495.44,327.84,705.69,324.08,609.25,364.33
1332,OK,193,-60,818,818,493.05,330.32,703.67,325.01,606.21,372.0
1333,OK,194,-56,812,812,492.61,331.84,701.6,327.13,603.15,372.29
1334,OK,195,-43,802,802,490.71,334.17,697.1,328.08,598.91,386.18
1335,OK,198,-37,803,803,493.09,337.69,699.97,332.61,603.28,393.46
1336,OK,196,-32,808,808,492.46,344.34,700.5,336.47,604.4,405.2
1337,OK,192,-39,817,817,492.03,339.45,702.29,333.22,603.7,401.92
1338,OK,199,-25,797,797,491.32,342.4,696.45,337.0,600.79,407.49
1339,OK,202,-15,790,790,492.46,342.7,695.85,338.87,600.77,420.39
1340,OK,199,-14,793,793,489.32,346.82,693.42,336.58,600.56,422.33
1341,OK,205,0,788,788,493.79,355.49,696.53,347.53,604.81,436.84
1342,OK,201,8,784,784,488.41,362.96,689.98,351.04,598.44,444.54
1343,OK,194,2,793,793,484.19,360.81,688.07,348.36,594.74,443.37
1344,OK,197,-3,791,791,487.49,353.97,691.13,346.39,595.13,433.83
1345,OK,197,-4,790,790,488.71,353.98,692.17,346.83,595.27,432.87
1346,OK,195,-16,802,802,491.23,352.02,697.59,345.81,599.13,422.7
1347,OK,193,-29,811,811,490.06,345.87,698.63,336.78,601.85,411.98
1348,OK,196,-34,807,807,491.13,343.6,698.9,334.53,604.31,400.73
1349,OK,194,-27,810,810,491.43,351.06,699.99,342.71,602.8,410.22
1350,OK,203,-7,793,793,494.13,356.1,698.17,349.02,603.64,426.15
1351,OK,193,-13,804,804,489.09,357.83,695.95,346.65,599.19,427.71
1352,OK,201,-11,798,798,492.5,356.13,697.62,343.62,606.1,426.78
1353,OK,201,-10,794,794,493.04,352.79,697.48,345.47,602.03,426.65
1354,OK,205,-7,788,788,494.23,352.69,697.01,344.95,604.09,426.45
1355,OK,202,-13,794,794,493.55,348.99,698.09,342.91,603.49,423.12
1356,OK,202,-13,797,797,493.9,349.28,699.03,343.34,604.03,424.67
1357,OK,199,-17,799,799,492.71,347.47,698.38,340.78,602.25,420.8
1358,OK,205,-9,799,799,498.77,354.09,704.48,353.33,607.45,426.73
1359,OK,202,-12,797,797,495.64,351.47,700.89,347.02,603.69,423.98
1360,OK,199,-18,801,801,493.34,345.31,699.56,340.82,602.1,421.04
1361,OK,199,-18,797,797,492.0,344.22,697.3,338.91,600.5,419.29
1362,OK,199,-18,798,798,492.66,344.38,698.21,339.65,600.8,419.99
1363,OK,199,-19,799,799,492.6,345.69,698.3,338.7,601.55,419.59
1364,OK,200,-18,796,796,492.63,345.15,697.62,339.28,600.92,418.86
1365,OK,200,-19,800,800,493.68,347.05,699.51,339.74,604.59,419.73
1366,OK,204,-5,790,790,492.89,352.83,696.16,343.35,604.06,432.04
1367,OK,209,3,782,782,493.74,354.59,694.9,343.68,606.5,439.06
1368,OK,210,8,776,776,493.31,357.43,692.86,346.55,604.24,441.7
1369,OK,195,2,799,799,486.5,365.93,691.74,352.0,600.04,443.52
1370,OK,209,12,781,781,493.0,362.0,693.76,351.55,605.92,448.53
1371,OK,199,-8,800,800,493.83,360.51,699.83,353.42,602.4,428.5
1372,OK,191,-20,812,812,489.18,356.45,698.04,345.46,601.61,422.03
1373,OK,192,-36,816,816,491.33,343.44,701.52,336.76,604.45,405.32
1374,OK,195,-30,812,812,492.81,341.99,701.78,338.25,604.72,412.07
1375,OK,194,-24,799,799,487.08,342.07,692.8,335.34,597.22,412.2
1376,OK,199,-16,792,792,489.61,343.55,693.48,337.71,598.62,420.9
1377,OK,204,-14,790,790,495.35,340.14,698.79,341.28,601.13,422.81
1378,OK,199,-16,797,797,493.13,344.7,698.49,341.11,600.08,422.06
1379,OK,192,-18,809,809,490.62,350.49,698.82,342.9,598.99,426.18
1380,OK,196,-13,803,803,492.85,351.78,699.56,348.42,599.73,427.71
1381,OK,205,3,789,789,494.94,356.43,698.13,352.87,601.55,440.84
1382,OK,197,2,796,796,489.79,363.43,694.57,354.46,598.47,442.47
1383,OK,190,11,810,810,486.26,374.25,694.31,359.88,600.8,465.04
1384,OK,188,12,823,823,487.47,379.33,699.07,366.41,605.69,474.99
1385,OK,191,9,817,817,487.16,377.39,696.77,359.34,606.5,466.58
1386,OK,190,1,809,809,486.21,365.74,694.27,354.34,597.79,450.21
1387,OK,196,3,795,795,487.78,361.29,692.25,349.35,597.83,446.61
1388,OK,197,-8,795,795,489.82,347.17,694.5,342.89,596.5,434.83
1389,OK,194,-17,794,794,486.88,345.23,691.34,338.68,593.78,419.71
1390,OK,191,-34,810,810,488.52,340.93,697.16,334.17,599.43,404.9
1391,OK,188,-37,808,808,487.41,334.93,695.37,331.57,594.39,400.95
1392,OK,187,-37,814,814,487.88,339.29,697.47,337.2,596.13,402.57
1393,OK,192,-35,809,809,490.06,337.81,698.39,334.79,599.15,403.69
1394,OK,184,-45,820,820,487.2,334.01,698.44,331.23,595.59,397.89
1395,OK,196,-32,800,800,492.09,337.32,698.21,334.22,598.08,402.01
1396,OK,192,-31,805,805,489.04,339.15,696.23,334.09,597.02,405.81
1397,OK,197,-20,796,796,489.22,342.87,694.26,336.96,599.2,418.05
1398,OK,198,-14,792,792,489.39,343.95,693.3,339.75,597.11,423.45
1399,OK,191,-20,805,805,487.16,344.71,694.42,339.62,595.74,423.08
1400,OK,193,-12,799,799,487.71,347.54,693.52,341.67,595.22,430.35
1401,OK,203,0,782,782,490.78,351.32,692.07,346.68,597.41,434.91
1402,OK,197,0,798,798,491.49,358.81,697.14,356.7,597.72,440.89
1403,OK,195,-5,799,799,489.93,354.8,695.75,349.97,596.86,435.72
1404,OK,186,-24,816,816,487.22,347.09,697.25,343.21,595.83,423.5
1405,OK,191,-28,814,814,491.68,344.51,701.19,341.68,601.21,415.52
1406,OK,194,-33,804,804,490.96,338.98,697.94,335.41,598.86,402.49
1407,OK,197,-31,803,803,492.41,338.51,699.07,333.65,601.86,405.9
1408,OK,195,-33,810,810,493.64,337.85,702.33,335.48,602.74,407.82
1409,OK,195,-32,809,809,492.42,338.72,700.69,334.36,602.47,407.99
1410,OK,201,-22,799,799,495.21,341.26,700.88,338.7,603.41,414.33
1411,OK,203,-19,795,795,495.44,341.72,700.27,339.9,603.17,415.61
1412,OK,204,-18,795,795,496.45,341.97,701.26,340.12,605.03,418.43
1413,OK,201,-19,799,799,495.68,341.58,701.42,340.28,603.19,420.1
1414,OK,205,-3,795,795,497.72,353.61,702.55,349.21,605.41,436.7
1415,OK,208,11,786,786,498.37,360.0,700.75,357.72,604.12,449.37
1416,OK,203,1,800,800,498.77,357.78,704.9,357.39,605.21,445.75
1417,OK,203,-10,806,806,498.26,358.26,705.77,350.65,610.45,432.24
1418,OK,199,-20,812,812,498.85,348.39,707.89,347.89,607.06,424.38
1419,OK,200,-29,808,808,496.64,343.45,704.62,339.2,608.0,410.19
1420,OK,202,-29,804,804,498.37,337.38,705.33,337.51,606.74,410.42
1421,OK,204,-24,792,792,495.84,339.35,699.8,335.67,603.85,407.16
1422,OK,204,-22,794,794,496.54,339.19,701.09,338.09,603.61,413.13
1423,OK,200,-22,801,801,495.49,342.47,701.72,340.76,603.3,416.11
1424,OK,209,-17,794,794,499.8,341.9,704.41,340.33,610.06,419.17
1425,OK,204,-16,801,801,499.19,344.19,705.59,344.94,607.13,424.39
1426,OK,201,-15,807,807,498.07,349.08,705.88,348.72,606.87,428.7
1427,OK,203,-14,803,803,498.55,349.74,705.41,347.7,606.68,425.79
1428,OK,202,-21,804,804,497.27,345.4,704.41,341.84,608.13,418.9
1429,OK,199,-28,807,807,495.52,343.02,703.31,338.79,605.43,409.99
1430,OK,201,-31,803,803,496.15,339.28,702.84,335.37,604.58,402.95
1431,OK,197,-37,810,810,494.44,339.67,703.07,333.13,606.07,400.18
1432,OK,195,-40,813,813,492.86,339.56,702.0,331.53,605.95,398.3
1433,OK,199,-32,799,799,492.25,337.21,698.06,332.5,601.15,400.92
1434,OK,199,-28,803,803,494.23,339.05,701.09,335.98,603.62,409.54
1435,OK,195,-29,808,808,492.71,342.71,700.8,338.95,601.63,411.16
1436,OK,200,-24,804,804,496.23,343.81,703.31,342.44,605.46,413.35
1437,OK,204,-17,802,802,500.9,346.83,707.51,348.03,607.77,421.89
1438,OK,199,-21,811,811,498.21,344.77,707.18,346.54,606.25,423.75
1439,OK,207,-14,799,799,500.73,344.71,706.63,345.85,609.45,426.06
1440,OK,207,-13,796,796,500.24,343.74,705.36,345.81,607.58,426.2
1441,OK,207,-13,797,797,499.67,345.12,704.91,345.91,608.24,425.78
1442,OK,206,-14,797,797,499.86,343.36,705.07,345.62,607.16,424.02
1443,OK,210,-10,798,798,504.96,348.95,710.41,353.6,611.53,427.85
1444,OK,211,-6,792,792,503.07,353.87,707.05,354.39,609.84,426.51
1445,OK,213,-4,790,790,504.42,353.52,707.79,354.08,611.36,428.21
1446,OK,214,-2,789,789,504.55,353.68,707.67,354.79,610.43,430.15
1447,OK,216,-3,787,787,506.73,351.61,709.46,354.52,611.82,428.73
1448,OK,213,-3,789,789,504.41,354.5,707.56,355.57,609.82,427.55
1449,OK,212,-6,793,793,504.98,355.16,709.14,356.4,610.87,426.17
1450,OK,210,-7,796,796,503.32,356.15,708.42,356.29,610.8,426.85
1451,OK,209,-7,798,798,502.32,354.94,707.96,354.12,611.81,431.26
1452,OK,205,-17,807,807,501.06,354.62,708.92,352.29,611.21,419.3
1453,OK,213,-13,793,793,503.99,349.74,708.28,349.61,613.54,417.8
1454,OK,214,-21,794,794,506.2,342.19,710.8,344.32,614.17,408.93
1455,OK,223,-10,780,780,509.92,342.95,710.84,347.37,617.38,415.34
1456,OK,217,-6,796,796,509.21,351.21,714.1,355.22,618.38,430.79
1457,OK,210,6,799,799,503.37,365.21,709.25,361.61,612.32,447.73
1458,OK,209,16,802,802,501.33,376.81,707.74,370.9,615.62,460.43
1459,OK,203,22,818,818,500.13,392.05,710.48,380.53,619.61,477.16
1460,OK,213,45,809,809,506.49,403.24,714.79,395.83,624.98,498.87
1461,OK,210,32,818,818,505.73,404.37,716.14,393.91,628.9,483.83
1462,OK,206,11,817,817,502.55,379.71,712.79,371.03,620.51,463.19
1463,OK,225,8,785,785,512.44,361.25,714.69,363.23,621.13,439.64
1464,OK,211,-31,807,807,506.77,344.39,714.71,344.38,619.21,400.43
1465,OK,205,-40,808,808,502.55,335.95,710.67,335.36,613.37,393.34
1466,OK,203,-33,802,802,498.39,336.91,704.92,338.49,606.48,399.84
1467,OK,202,-23,805,805,499.61,341.55,706.96,345.37,605.74,416.33
1468,OK,197,-22,815,815,498.61,344.48,708.59,348.22,605.67,424.16
1469,OK,205,-6,803,803,501.5,351.74,708.38,353.28,608.71,438.67
1470,OK,208,11,788,788,499.54,358.06,702.44,362.88,603.96,450.4
1471,OK,195,12,806,806,490.4,371.74,697.82,360.87,603.31,464.6
1472,OK,197,19,806,806,491.75,375.41,698.99,365.68,604.86,474.2
1473,OK,198,9,809,809,493.93,369.64,702.24,362.3,607.33,460.2
1474,OK,201,-3,806,806,497.28,357.26,704.92,354.16,608.04,444.7
1475,OK,204,-10,803,803,500.24,347.01,707.17,349.31,607.18,435.2
1476,OK,195,-31,813,813,495.51,339.05,705.02,340.58,602.49,411.87
1477,OK,196,-32,811,811,495.86,336.44,704.82,338.81,603.13,408.53
1478,OK,193,-37,809,809,491.96,331.78,700.35,332.46,598.27,401.9
1479,OK,194,-38,802,802,492.18,331.83,698.86,331.66,596.25,394.68
1480,OK,194,-40,809,809,493.76,331.16,702.17,331.15,598.93,397.04
1481,OK,198,-38,800,800,493.89,332.46,700.05,330.38,599.84,393.6
1482,OK,200,-34,803,803,496.72,333.19,703.52,333.89,602.33,401.58
1483,OK,197,-41,811,811,496.83,329.25,705.75,330.97,603.19,398.41
1484,OK,200,-33,804,804,497.96,330.8,704.9,333.91,603.7,406.19
1485,OK,202,-34,802,802,499.68,329.27,706.14,333.34,604.46,403.45
1486,OK,201,-34,806,806,500.23,329.94,707.63,335.5,604.8,405.37
1487,OK,202,-32,799,799,498.11,331.2,703.95,333.78,602.06,402.22
1488,OK,207,-25,803,803,503.73,339.35,710.45,345.02,609.39,411.24
1489,OK,206,-24,801,801,502.13,338.64,708.34,343.77,608.6,412.43
1490,OK,217,-14,789,789,507.53,339.32,710.78,345.14,612.95,417.94
1491,OK,216,-29,801,801,508.29,340.39,714.54,339.59,621.25,402.44
1492,OK,218,-38,796,796,507.22,338.16,712.25,333.33,622.9,385.01
1493,OK,209,-43,798,798,500.28,334.44,705.82,330.32,612.98,381.0
1494,OK,213,-21,801,801,504.8,348.64,711.07,345.07,619.99,411.2
1495,OK,209,-8,798,798,499.67,359.35,704.96,350.68,614.08,427.52
1496,OK,209,-25,805,805,501.64,352.22,708.96,345.5,617.8,405.93
1497,OK,208,-30,800,800,499.97,346.34,705.85,339.1,614.58,397.87
1498,OK,216,-41,794,794,504.86,340.63,709.06,331.9,620.09,377.68
1499,OK,217,-25,793,793,503.53,347.83,707.6,337.06,621.09,400.37
1500,OK,206,-27,797,797,495.83,349.04,700.7,336.38,611.16,399.7
1501,OK,204,-37,803,803,496.71,342.05,703.24,332.99,611.04,391.39
1502,OK,207,-46,798,798,497.77,339.27,703.02,330.5,612.74,371.19
1503,OK,217,-37,791,791,504.74,337.54,708.33,332.93,618.99,382.02
1504,OK,212,-40,802,802,505.22,338.37,711.74,338.22,617.85,384.82
1505,OK,211,-23,795,795,501.49,347.93,706.12,343.0,614.01,402.77
1506,OK,218,-13,786,786,506.07,347.05,708.57,346.91,615.34,414.14
1507,OK,211,-17,796,796,501.96,353.14,706.91,349.24,613.85,411.23
1508,OK,213,-17,794,794,502.92,354.06,707.2,347.49,616.06,411.06
1509,OK,226,-1,780,780,511.37,353.86,712.29,355.38,621.47,424.25
1510,OK,221,-5,785,785,508.27,353.71,710.4,352.5,617.81,421.98
1511,OK,226,-4,786,786,512.49,353.27,714.92,353.18,624.56,426.04
1512,OK,229,4,783,783,514.51,356.68,716.09,359.87,625.87,431.97
1513,OK,238,10,775,775,518.96,357.42,718.62,362.11,631.85,435.75
1514,OK,239,15,772,772,520.11,359.28,718.84,364.52,631.4,440.46
1515,OK,246,21,763,763,522.94,360.65,719.35,366.54,634.28,441.37
1516,OK,244,17,769,769,522.79,359.76,720.8,366.33,635.29,440.04
1517,OK,248,22,762,762,524.92,360.42,720.94,367.26,637.07,442.26
1518,OK,248,21,761,761,523.58,361.57,719.58,365.01,635.41,439.51
1519,OK,256,22,756,756,528.66,360.38,723.32,363.82,642.78,439.44
1520,OK,261,26,748,748,530.13,359.15,722.85,364.1,643.65,439.46
1521,OK,261,25,749,749,530.25,359.21,723.01,364.05,643.67,437.88
1522,OK,224,-3,785,785,511.03,356.55,713.31,355.01,621.77,423.43
1523,OK,201,-31,823,823,504.43,343.11,716.28,348.37,614.45,414.37
1524,OK,230,-13,789,789,516.14,347.87,719.43,347.9,631.83,415.58
1525,OK,253,-9,779,779,531.32,343.92,731.79,352.72,652.52,412.05
1526,OK,234,2,782,782,518.86,352.11,720.21,358.23,630.68,431.91
1527,OK,226,-20,804,804,520.33,343.33,727.02,353.6,634.22,416.57
1528,OK,255,-6,779,779,535.37,342.51,735.57,356.15,653.56,417.74
1529,OK,254,19,771,771,531.43,360.0,729.94,364.76,648.86,446.11
1530,OK,248,-6,772,772,529.89,336.07,728.13,350.85,639.79,417.33
1531,OK,235,-30,781,781,517.82,331.07,719.0,332.9,631.96,388.33
1532,OK,230,-16,781,781,515.07,336.33,716.1,342.39,625.77,410.4
1533,OK,230,-14,781,781,514.53,337.54,715.56,344.79,624.96,412.21
1534,OK,233,-12,781,781,517.82,340.16,718.74,346.54,629.46,412.92
1535,OK,238,-13,787,787,524.78,341.47,727.13,353.13,637.53,413.05
1536,OK,244,0,777,777,526.77,347.02,726.6,357.99,638.51,425.41
1537,OK,261,17,756,756,534.84,350.04,729.14,361.73,646.04,435.97
1538,OK,260,28,750,750,532.63,358.31,725.73,366.92,641.48,444.78
1539,OK,244,15,775,775,526.48,359.25,725.88,365.83,637.17,443.11
1540,OK,246,28,769,769,525.67,366.3,723.56,370.45,636.78,456.11
1541,OK,247,33,766,766,524.42,369.61,721.76,370.02,637.3,463.54
1542,OK,244,27,771,771,523.67,366.6,722.36,368.62,636.36,457.97
1543,OK,244,24,771,771,523.92,364.44,722.36,368.03,635.02,452.52
1544,OK,253,22,766,766,532.38,355.34,729.41,365.76,642.5,449.9
1545,OK,251,16,780,780,532.54,360.74,733.3,363.65,649.82,450.55
1546,OK,252,46,787,787,530.82,388.67,733.27,379.01,658.92,494.74
1547,OK,264,69,781,781,536.79,408.2,737.39,393.01,671.79,518.87
1548,OK,270,78,783,783,541.52,417.69,742.62,401.34,680.18,530.04
1549,OK,278,88,770,770,545.9,420.73,744.01,409.46,682.02,532.62
1550,OK,271,86,772,772,541.0,420.68,739.34,405.31,675.53,531.16
1551,OK,269,81,772,772,538.29,416.74,736.5,401.85,673.25,525.9
1552,OK,268,77,780,780,539.19,417.34,739.5,401.16,677.24,525.22
1553,OK,266,78,784,784,539.29,418.22,740.59,403.37,677.12,531.2
1554,OK,264,74,780,780,536.22,413.67,736.68,399.18,672.15,522.28
1555,OK,268,70,770,770,535.51,408.24,733.1,391.33,671.86,512.19
1556,OK,245,50,784,784,520.19,393.99,721.15,373.53,654.97,500.99
1557,OK,227,25,783,783,508.43,373.83,709.71,360.32,627.62,465.92
1558,OK,171,-17,789,789,462.88,350.09,665.01,330.21,567.07,415.29
1559,OK,127,-25,727,727,404.34,332.06,589.79,306.2,484.36,356.88
1560,OK,95,-39,733,733,375.63,338.34,559.62,296.47,456.09,336.66
1561,OK,133,-28,689,689,390.97,335.25,561.94,287.93,478.83,321.36
1562,OK,147,-53,719,719,411.68,321.68,593.01,284.41,511.11,309.73
1563,OK,194,-31,680,680,443.37,322.79,614.94,287.43,540.22,313.28
1564,OK,202,-41,701,701,457.63,313.38,636.85,291.87,558.31,317.23
1565,OK,185,-54,729,729,453.75,315.2,639.94,290.64,552.19,318.23
1566,OK,187,-52,720,720,450.99,315.69,634.12,286.25,551.69,316.13
1567,OK,195,-36,699,699,452.07,314.19,631.2,296.82,548.0,321.31
1568,OK,202,-27,702,702,464.3,314.72,645.1,309.9,552.91,337.27
1569,OK,183,-30,754,754,461.98,336.58,655.53,320.4,563.08,366.73
1570,OK,181,22,771,771,468.35,377.4,667.0,373.71,565.82,438.49
1571,OK,229,39,696,696,485.88,361.26,664.96,356.65,580.53,416.01
1572,OK,179,46,762,762,466.26,401.3,661.84,385.21,557.3,461.0
1573,OK,256,117,682,682,511.61,414.79,687.13,422.72,595.17,497.8
1574,OK,211,113,757,757,494.73,439.41,689.76,442.84,586.42,541.03
1575,OK,203,113,787,787,496.12,455.79,698.86,456.19,595.73,557.04
1576,OK,166,80,842,842,479.04,456.01,695.39,441.45,588.71,554.86
1577,OK,190,111,791,791,489.84,441.11,693.05,455.3,578.75,565.18
1578,OK,213,126,784,784,506.79,437.64,706.83,465.65,604.25,585.48
1579,OK,217,116,752,752,499.61,424.6,693.05,434.39,591.28,556.08
1580,OK,198,76,796,796,493.45,419.5,698.53,420.37,596.82,529.46
1581,OK,195,31,823,823,492.25,398.13,704.01,390.84,614.27,489.61
1582,OK,203,26,807,807,492.52,389.94,699.67,373.83,616.61,476.47
1583,OK,208,28,790,790,494.38,379.01,697.52,369.86,611.38,472.88
1584,OK,220,31,776,776,501.17,375.17,700.68,365.38,616.44,469.01
1585,OK,228,25,779,779,508.2,371.74,708.95,369.92,626.35,458.39
1586,OK,223,24,785,785,505.76,374.85,707.81,368.87,624.16,461.25
1587,OK,228,28,784,784,507.59,378.05,709.35,367.83,631.58,468.66
1588,OK,227,30,784,784,507.69,376.57,709.48,368.57,631.08,472.17
1589,OK,232,32,778,778,509.36,376.18,709.63,366.77,633.01,472.39
1590,OK,233,34,780,780,511.59,376.25,712.43,369.2,634.31,476.95
1591,OK,240,42,771,771,514.9,379.23,713.33,369.75,636.63,480.6
1592,OK,247,44,767,767,519.37,377.95,716.89,371.38,642.43,481.2
1593,OK,240,42,774,774,516.83,379.12,716.1,372.16,638.95,484.06
1594,OK,241,41,776,776,517.57,380.2,717.38,372.6,640.99,483.15
1595,OK,246,43,771,771,519.46,380.34,717.9,371.53,643.6,481.39
1596,OK,248,46,770,770,521.09,383.98,719.18,372.98,647.54,485.31
1597,OK,256,50,759,759,524.44,381.71,719.85,373.29,649.42,482.21
1598,OK,256,49,760,760,525.82,382.55,721.5,374.28,649.84,480.3
1599,OK,258,51,755,755,525.01,382.73,719.21,372.76,649.81,479.22
1600,OK,256,50,758,758,524.41,383.65,719.41,373.6,648.81,480.55
1601,OK,256,49,761,761,524.69,382.37,720.49,373.63,650.19,480.48
1602,OK,259,50,756,756,527.18,381.36,721.83,374.38,651.12,479.45
1603,OK,261,51,754,754,528.14,380.05,722.33,374.37,652.31,479.17
1604,OK,245,35,783,783,522.03,382.69,723.66,375.99,649.67,474.09
1605,OK,243,36,778,778,520.52,380.15,720.89,373.98,645.01,474.32
1606,OK,219,-1,797,797,511.12,356.09,715.67,374.32,621.81,430.59
1607,OK,204,-19,800,800,495.33,354.84,701.42,351.17,610.79,409.8
1608,OK,186,-24,813,813,486.35,344.86,695.7,347.37,594.31,419.38
1609,OK,172,-43,822,822,473.26,347.61,684.54,335.02,587.67,395.11
1610,OK,155,-44,816,816,456.57,352.97,665.21,327.99,565.58,387.71
1611,OK,149,-38,819,819,450.55,360.04,659.37,329.36,562.09,397.67
1612,OK,155,-24,813,813,456.36,362.58,665.02,344.28,563.01,411.16
1613,OK,160,-12,817,817,464.53,360.75,674.83,357.94,566.98,434.54
1614,OK,141,13,852,852,458.77,388.33,677.88,377.43,565.7,496.98
1615,OK,120,51,896,896,457.76,425.37,688.4,426.16,563.57,572.3
1616,OK,119,125,924,924,467.91,500.93,705.41,515.85,576.17,667.45
1617,OK,137,193,921,921,485.86,555.14,721.53,582.72,590.56,738.11
1618,OK,134,223,953,953,493.1,591.74,736.89,618.99,605.2,794.18
1619,OK,132,230,968,968,500.81,602.05,747.76,635.34,608.82,809.88
1620,OK,131,225,976,976,504.98,602.23,753.85,637.46,609.94,808.02
1621,OK,139,216,968,968,502.53,597.42,751.05,615.89,619.36,794.98
1622,OK,148,199,959,959,508.47,581.1,754.78,597.41,622.78,766.79
1623,OK,183,196,907,907,524.34,553.06,756.95,574.2,632.28,735.05
1624,OK,182,126,885,885,511.6,484.51,739.42,493.23,624.24,648.62
1625,OK,197,98,862,862,514.03,451.56,735.66,466.49,632.55,599.38
1626,OK,193,70,862,862,507.79,426.52,729.38,437.72,629.85,570.01
1627,OK,214,87,815,815,509.64,424.4,719.18,435.97,628.94,558.96
1628,OK,216,93,790,790,502.63,420.05,705.91,431.33,618.36,550.38
1629,OK,217,114,754,754,490.89,424.44,685.05,432.43,601.76,555.14
1630,OK,185,104,790,790,470.55,435.12,673.98,433.95,588.51,563.99
1631,OK,155,103,816,816,447.71,453.84,657.27,436.61,574.11,578.46
1632,OK,145,79,797,797,433.68,425.88,637.82,404.72,550.35,539.86
1633,OK,152,40,781,781,436.71,391.33,635.91,363.42,549.57,484.2
1634,OK,161,14,760,760,439.41,357.99,634.2,337.55,545.34,441.91
1635,OK,152,-9,784,784,440.48,346.49,641.43,327.55,548.68,429.33
1636,OK,161,-20,785,785,446.42,349.09,647.15,324.07,559.63,408.32
1637,OK,168,-28,791,791,455.63,347.57,657.84,322.72,569.94,400.55
1638,OK,179,-9,777,777,460.92,350.0,659.74,328.09,574.03,420.72
1639,OK,174,-22,789,789,461.91,345.51,664.23,326.39,574.11,408.82
1640,OK,172,-27,794,794,461.6,344.37,665.07,325.05,574.79,406.66
1641,OK,170,-31,795,795,462.42,336.89,666.62,321.63,570.08,404.17
1642,OK,165,-37,801,801,461.18,331.67,667.02,319.91,566.54,401.75
1643,OK,174,-4,764,764,457.67,340.91,654.2,330.93,556.84,422.05
1644,OK,157,-18,787,787,446.98,347.43,648.66,327.84,552.9,412.39
1645,OK,153,-12,781,781,441.78,345.55,641.87,325.41,544.28,422.27
1646,OK,145,-17,784,784,436.41,345.99,637.39,326.28,538.52,415.51
1647,OK,141,17,782,782,432.19,364.89,632.96,349.85,533.09,459.25
1648,OK,136,22,800,800,432.28,382.41,637.28,361.4,538.72,472.81
1649,OK,145,27,792,792,439.34,379.77,642.76,363.11,541.94,475.45
1650,OK,156,29,785,785,445.85,380.85,646.91,360.53,551.29,471.44
1651,OK,159,14,792,792,454.42,364.72,658.35,357.95,554.64,459.2
1652,OK,164,3,794,794,458.72,357.29,663.06,351.45,561.38,446.5
1653,OK,170,-26,799,799,466.15,346.5,671.68,336.36,570.31,404.93
1654,OK,172,-21,792,792,465.7,347.75,669.46,337.75,569.22,407.25
1655,OK,180,-19,788,788,470.73,349.81,673.37,340.87,576.44,405.47
1656,OK,173,-27,796,796,466.92,349.61,671.28,334.69,574.52,401.01
1657,OK,170,-25,793,793,463.49,350.75,667.21,336.88,568.54,400.02
1658,OK,164,-24,798,798,459.95,355.75,664.75,339.45,564.66,403.89
1659,OK,166,-1,793,793,459.86,362.85,663.8,352.11,564.09,433.77
1660,OK,165,15,783,783,455.79,364.53,657.35,357.98,556.52,452.53
1661,OK,167,28,770,770,454.62,368.38,652.78,361.31,551.22,461.28
1662,OK,154,21,799,799,452.3,375.08,657.84,366.8,550.95,469.45
1663,OK,152,27,803,803,451.07,384.35,657.28,368.35,553.4,480.68
1664,OK,149,37,809,809,448.1,389.89,655.74,371.89,555.63,502.99
1665,OK,153,31,799,799,449.3,385.58,654.51,369.16,553.67,483.45
1666,OK,162,28,784,784,454.64,379.08,656.35,368.6,554.44,467.41
1667,OK,167,18,781,781,456.89,369.8,657.72,357.85,557.87,453.59
1668,OK,162,17,784,784,455.12,365.93,656.91,359.31,553.36,455.81
1669,OK,171,22,777,777,459.98,364.75,659.95,361.54,558.33,456.97
1670,OK,170,16,776,776,459.84,362.75,659.72,359.91,556.66,447.55
1671,OK,171,20,773,773,458.37,367.66,657.22,358.27,557.61,449.82
1672,OK,175,16,778,778,463.32,369.34,663.58,360.44,566.38,446.03
1673,OK,180,27,767,767,464.52,370.07,661.87,361.69,564.27,454.13
1674,OK,175,23,782,782,464.06,375.27,665.2,363.96,568.91,459.99
1675,OK,179,29,779,779,465.73,376.19,666.19,366.88,570.05,464.65
1676,OK,180,30,780,780,468.05,372.95,668.95,369.43,571.67,469.46
1677,OK,176,33,790,790,468.48,376.56,671.88,373.63,573.45,481.47
1678,OK,171,30,799,799,466.1,379.72,671.67,370.72,573.08,482.87
1679,OK,164,35,807,807,461.1,382.68,668.83,374.03,569.04,498.45
1680,OK,174,35,794,794,467.41,376.88,671.97,371.96,572.83,490.06
1681,OK,177,34,787,787,467.62,377.54,670.22,373.13,572.77,479.49
1682,OK,179,34,778,778,467.31,374.34,667.68,369.82,568.97,474.34
1683,OK,181,35,774,774,466.74,375.42,665.89,368.16,570.13,472.62
1684,OK,180,26,777,777,467.06,370.47,667.09,364.21,569.2,461.51
1685,OK,176,28,780,780,465.72,372.08,666.45,366.98,567.68,467.07
1686,OK,177,37,780,780,465.37,379.76,666.04,371.42,569.05,478.74
1687,OK,165,29,807,807,462.78,384.39,670.34,372.05,571.32,487.2
1688,OK,179,29,783,783,468.81,377.02,670.33,369.07,571.97,468.71
1689,OK,179,16,793,793,471.73,372.84,675.72,364.3,577.7,456.9
1690,OK,178,0,802,802,474.81,363.75,681.25,362.07,580.04,440.5
1691,OK,180,-4,802,802,478.43,361.37,684.89,365.0,581.91,432.22
1692,OK,178,-3,800,800,474.89,358.49,680.95,358.23,579.88,436.68
1693,OK,179,3,790,790,473.42,357.64,676.99,358.77,574.55,439.43
1694,OK,182,18,776,776,469.79,363.8,669.49,359.95,571.65,450.14
1695,OK,179,22,774,774,465.71,366.44,664.84,359.39,567.63,456.18
1696,OK,184,28,771,771,468.05,368.56,666.59,360.88,571.86,461.54
1697,OK,184,38,769,769,468.42,376.59,666.23,369.47,570.61,471.06
1698,OK,161,30,815,815,461.51,389.31,670.95,376.39,570.96,492.92
1699,OK,162,35,821,821,463.9,395.28,675.14,383.89,575.38,501.53
1700,OK,169,29,809,809,467.39,384.09,675.54,376.7,575.37,487.41
1701,OK,182,38,786,786,471.68,380.03,674.04,375.07,577.76,485.76
1702,OK,192,27,772,772,476.34,370.09,675.1,366.47,581.02,458.95
1703,OK,186,18,778,778,472.05,365.8,672.43,360.93,577.82,451.01
1704,OK,185,17,774,774,470.4,363.56,669.78,358.42,574.68,448.14
1705,OK,183,21,768,768,468.11,363.1,665.81,359.14,568.68,449.79
1706,OK,182,20,768,768,467.65,361.32,665.43,358.31,567.23,449.18
1707,OK,185,21,766,766,470.03,360.63,667.22,359.46,568.9,448.87
1708,OK,186,21,764,764,469.59,361.09,666.26,359.05,569.53,447.0
1709,OK,183,19,766,766,465.84,363.61,663.08,355.6,568.97,444.85
1710,OK,185,27,760,760,468.04,363.44,663.66,360.88,565.86,453.48
1711,OK,186,30,762,762,467.19,366.66,663.29,360.62,568.98,458.57
1712,OK,187,33,766,766,468.8,372.04,665.93,364.16,572.76,465.87
1713,OK,188,40,771,771,471.44,376.67,669.92,370.66,577.29,477.26
1714,OK,181,34,789,789,469.98,378.39,673.22,372.84,579.09,481.91
1715,OK,159,31,823,823,462.1,392.13,673.82,382.39,572.42,496.81
1716,OK,160,60,822,822,464.28,417.48,676.05,412.63,573.39,527.73
1717,OK,164,79,819,819,465.08,425.48,675.84,420.82,576.93,554.68
1718,OK,169,67,810,810,466.97,416.53,675.53,411.48,578.33,531.9
1719,OK,162,54,818,818,463.55,408.8,674.15,402.23,574.17,521.66
1720,OK,158,30,822,822,462.47,393.98,673.93,386.45,570.29,492.12
1721,OK,177,24,791,791,469.62,375.31,673.33,370.82,573.73,466.28
1722,OK,181,13,790,790,474.26,364.25,677.65,365.28,576.2,452.71
1723,OK,182,-7,800,800,481.44,351.15,687.44,357.47,581.43,432.16
1724,OK,185,-15,809,809,485.06,349.05,693.35,355.59,589.21,427.11
1725,OK,185,-6,803,803,485.24,350.07,691.75,361.21,583.89,435.99
1726,OK,186,7,793,793,482.95,353.78,686.82,363.83,580.38,448.52
1727,OK,190,5,794,794,485.04,361.55,689.6,365.23,587.14,440.61
1728,OK,186,5,795,795,481.26,363.68,685.93,363.19,583.42,441.28
1729,OK,200,24,776,776,486.76,365.28,686.7,365.87,589.41,458.44
1730,OK,199,28,767,767,483.9,364.81,681.39,366.84,582.53,457.0
1731,OK,191,19,788,788,482.5,369.5,685.47,367.05,586.25,459.29
1732,OK,190,23,790,790,483.55,371.77,687.12,372.11,585.31,465.21
1733,OK,181,24,812,812,481.91,383.43,690.92,381.8,589.13,479.33
1734,OK,185,35,819,819,484.68,393.31,695.48,388.98,599.72,497.73
1735,OK,178,26,826,826,481.62,397.25,694.39,390.94,595.91,484.01
1736,OK,178,22,817,817,479.65,386.27,690.07,383.93,587.88,476.05
1737,OK,185,28,805,805,481.05,382.2,688.41,377.79,591.24,481.71
1738,OK,190,24,787,787,481.06,370.43,683.64,369.13,585.53,464.47
1739,OK,198,20,774,774,483.44,363.52,682.89,362.42,587.71,451.78
1740,OK,197,25,770,770,481.55,360.83,679.91,364.99,583.48,457.37
1741,OK,196,21,771,771,481.43,360.78,680.07,364.2,583.05,451.46
1742,OK,189,13,781,781,478.07,360.63,679.2,363.27,580.47,446.03
1743,OK,194,26,767,767,478.24,361.95,675.7,363.69,578.91,455.52
1744,OK,196,28,764,764,479.28,363.79,676.03,365.62,580.29,455.81
1745,OK,191,25,774,774,477.06,364.04,676.53,365.94,580.54,460.34
1746,OK,200,34,759,759,480.7,364.39,676.15,369.43,579.81,460.92
1747,OK,195,21,775,775,479.95,366.17,679.65,364.36,584.51,452.23
1748,OK,194,31,770,770,479.3,368.35,677.57,371.38,580.73,462.47
1749,OK,189,36,777,777,475.34,374.28,675.52,372.29,579.07,476.19
1750,OK,178,27,802,802,473.56,381.65,680.03,377.76,582.37,476.84
1751,OK,183,29,796,796,475.24,381.4,680.19,375.11,584.5,476.98
1752,OK,176,5,804,804,476.11,370.18,683.09,371.06,578.27,444.01
1753,OK,188,16,780,780,477.51,364.42,678.49,366.4,578.71,448.09
1754,OK,186,-7,798,798,482.61,351.18,687.91,359.56,585.93,430.19
1755,OK,186,-8,795,795,479.71,352.8,684.42,356.91,584.12,423.82
1756,OK,184,-16,799,799,477.69,351.5,683.59,351.75,585.6,416.17
1757,OK,191,4,781,781,478.76,355.54,679.88,356.31,584.12,433.18
1758,OK,185,10,785,785,474.11,362.04,676.39,361.66,579.94,442.17
1759,OK,187,21,777,777,472.71,365.81,672.69,363.6,577.92,454.46
1760,OK,195,39,765,765,475.88,372.6,672.82,372.14,580.38,470.4
1761,OK,180,25,800,800,474.25,378.9,680.15,374.85,582.89,473.56
1762,OK,176,31,818,818,476.11,391.56,686.61,385.19,589.35,492.61
1763,OK,178,28,816,816,477.21,390.26,687.16,381.66,590.72,487.53
1764,OK,191,29,790,790,479.87,379.85,683.18,371.22,591.04,473.1
1765,OK,190,20,791,791,481.6,371.46,685.2,368.77,587.77,460.69
1766,OK,196,9,785,785,485.7,358.71,687.78,361.27,591.01,442.92
1767,OK,192,2,791,791,485.58,352.84,689.18,361.14,586.97,437.52
1768,OK,190,-7,797,797,485.14,348.22,690.37,355.15,588.57,431.21
1769,OK,189,-3,797,797,485.05,354.59,690.12,362.55,588.22,433.16
1770,OK,189,1,797,797,483.95,354.19,689.18,360.01,588.5,441.05
1771,OK,187,-2,801,801,484.05,352.9,690.1,360.39,588.3,439.58
1772,OK,192,4,791,791,485.74,354.02,689.46,360.92,588.2,441.06
1773,OK,196,15,779,779,485.11,355.88,685.64,364.2,584.69,448.82
1774,OK,188,10,786,786,480.1,364.59,682.52,363.01,582.16,444.16
1775,OK,187,5,795,795,482.09,361.9,686.93,363.13,585.46,442.02
1776,OK,185,4,797,797,480.02,359.82,685.17,361.24,583.91,444.72
1777,OK,190,14,785,785,481.13,361.37,683.27,362.5,583.01,450.69
1778,OK,190,16,790,790,480.23,368.12,683.52,363.51,588.56,457.25
1779,OK,188,23,802,802,481.05,384.42,687.41,373.34,594.76,470.67
1780,OK,182,39,811,811,478.58,401.99,687.18,392.2,592.25,492.33
1781,OK,174,35,826,826,477.57,401.36,690.2,395.2,591.95,498.32
1782,OK,174,31,822,822,477.05,397.13,688.67,391.34,588.59,490.72
1783,OK,179,29,815,815,477.14,397.62,686.87,388.79,590.24,478.86
1784,OK,175,17,823,823,478.91,388.2,690.85,383.75,588.32,470.28
1785,OK,186,21,803,803,482.18,379.97,688.96,377.5,588.53,465.5
1786,OK,178,10,814,814,480.56,378.6,690.1,376.06,585.85,457.51
1787,OK,187,15,797,797,482.85,377.21,688.03,373.63,585.97,450.61
1788,OK,188,18,799,799,484.49,376.76,690.18,376.92,587.23,457.7
1789,OK,188,16,807,807,485.37,380.69,693.3,376.79,594.16,459.42
1790,OK,183,15,815,815,484.0,386.86,693.98,382.4,592.29,460.95
1791,OK,180,20,823,823,483.75,390.5,695.75,388.25,593.66,473.36
1792,OK,179,17,826,826,483.55,389.64,696.36,387.15,594.68,471.77
1793,OK,187,31,813,813,485.91,392.61,695.38,391.46,596.31,483.72
1794,OK,184,20,821,821,485.82,388.91,697.34,386.57,597.42,473.2
1795,OK,184,13,812,812,483.65,381.86,692.64,373.84,593.8,462.01
1796,OK,190,17,805,805,486.41,379.16,693.64,373.89,594.4,461.94
1797,OK,188,14,804,804,484.5,378.22,691.41,372.75,592.3,457.91
1798,OK,184,10,810,810,482.98,379.21,691.58,372.4,591.02,455.96
1799,OK,191,21,796,796,486.36,380.11,691.23,377.17,591.09,460.17
