k,status,x,y,w,h,rx,ry,lx,ly,nx,ny
0,FAILED,,,,,,,,,,
1,OK,137,106,709,709,383.01,429.39,556.22,371.67,514.16,520.33
2,OK,150,85,677,677,385.01,391.98,552.32,342.85,509.12,479.49
3,OK,149,82,669,669,380.86,382.86,546.99,336.94,502.33,472.53
4,OK,157,83,655,655,384.65,377.52,548.37,336.8,502.58,464.75
5,OK,155,80,653,653,383.94,375.78,546.78,333.73,498.08,457.61
6,OK,173,84,630,630,392.62,366.82,551.17,332.69,506.0,449.32
7,OK,183,87,615,615,397.86,364.17,553.02,332.3,506.19,440.8
8,OK,197,90,604,604,406.62,356.8,560.88,336.56,514.62,438.11
9,OK,197,90,598,598,408.02,354.7,561.01,337.38,509.33,432.74
10,OK,200,85,605,605,412.95,351.74,567.93,336.46,514.22,430.78
11,OK,213,98,589,589,419.57,355.97,570.75,343.58,519.17,436.08
12,OK,215,86,605,605,427.93,351.95,583.16,339.18,530.0,431.33
13,OK,222,82,605,605,435.68,344.95,591.26,336.69,535.96,427.84
14,OK,235,86,595,595,442.72,344.86,595.79,336.44,545.51,426.98
15,OK,231,75,613,613,447.0,340.16,604.84,334.86,548.25,424.67
16,OK,240,80,608,608,453.68,340.63,610.32,338.84,556.12,429.59
17,OK,250,88,591,591,456.54,339.47,608.73,339.58,557.7,427.82
18,OK,255,91,582,582,460.31,339.1,610.08,342.5,557.23,424.61
19,OK,257,91,581,581,461.24,338.89,610.8,341.6,558.18,423.07
20,OK,254,86,591,591,461.7,338.23,613.96,340.01,561.29,424.85
21,OK,256,88,592,592,463.07,339.37,615.64,341.0,565.4,428.13
22,OK,242,84,615,615,462.95,343.51,621.33,349.1,557.21,436.84
23,OK,234,89,641,641,465.67,356.6,630.79,360.99,560.97,461.02
24,OK,245,93,626,626,468.24,360.45,629.51,357.36,568.88,453.38
25,OK,236,91,633,633,462.65,361.51,625.69,356.52,561.43,456.41
26,OK,237,104,637,637,467.11,367.83,631.06,371.0,561.74,476.28
27,OK,258,129,629,629,484.48,382.04,645.99,394.96,579.39,498.09
28,OK,290,149,622,622,510.17,399.42,669.82,413.91,613.43,514.82
29,OK,315,161,613,613,529.25,402.76,686.27,419.69,634.71,522.85
30,OK,332,169,617,617,547.56,409.74,705.11,431.31,655.3,534.14
31,OK,333,166,618,618,549.8,410.8,707.46,432.27,656.62,530.29
32,OK,318,123,643,643,540.24,380.97,705.38,395.17,655.3,500.4
33,OK,314,115,627,627,531.19,371.5,692.5,380.21,643.91,481.32
34,OK,309,104,633,633,530.01,364.47,692.84,371.63,639.88,473.83
35,OK,307,92,642,642,532.13,359.16,697.27,366.71,641.83,464.45
36,OK,308,79,653,653,536.62,356.44,704.77,359.67,647.32,453.0
37,OK,308,64,679,679,549.84,350.14,724.66,358.01,656.79,452.53
38,OK,312,54,688,688,557.33,347.99,734.41,355.71,666.87,445.54
39,OK,313,61,693,693,558.98,355.94,737.55,358.74,670.03,457.04
40,OK,312,66,697,697,558.45,362.36,737.86,361.26,672.88,467.82
41,OK,317,66,701,701,564.18,364.78,744.83,362.71,679.87,469.25
42,OK,331,66,690,690,573.93,365.34,751.34,356.92,689.69,462.55
43,OK,345,70,676,676,582.39,360.9,756.5,357.95,697.31,457.62
44,OK,345,56,677,677,580.83,347.81,755.25,346.3,698.05,441.67
45,OK,321,28,701,701,563.52,337.88,744.08,332.75,689.27,421.95
46,OK,305,31,704,704,551.4,340.97,732.7,334.2,672.59,429.71
47,OK,272,32,713,713,524.89,342.38,708.46,334.85,641.23,438.09
48,OK,243,29,728,728,501.68,353.01,688.87,341.4,620.27,440.28
49,OK,221,39,737,737,479.27,361.08,667.53,336.14,605.42,466.98
50,OK,207,31,750,750,472.56,358.04,663.91,331.45,596.97,468.99
51,OK,213,12,756,756,480.71,338.54,674.45,320.35,604.79,451.15
52,OK,212,-5,767,767,485.97,322.48,683.19,313.19,606.65,439.62
53,OK,192,-21,792,792,479.3,315.02,683.13,310.77,596.06,438.14
54,OK,183,-1,790,790,473.1,327.92,676.48,326.69,582.96,460.8
55,OK,180,10,792,792,473.03,336.33,677.09,339.54,578.56,474.61
56,OK,175,1,801,801,472.57,327.42,678.67,337.82,575.33,469.43
57,OK,184,8,790,790,479.11,331.3,681.72,348.87,577.69,467.15
58,OK,174,26,792,792,471.39,344.66,674.54,362.96,567.71,490.74
59,OK,142,19,846,846,455.44,363.33,673.07,374.45,566.27,516.33
60,OK,127,22,871,871,448.08,376.8,672.15,387.19,564.05,533.92
61,OK,111,19,900,900,442.17,380.73,673.38,397.11,564.42,550.46
62,OK,102,22,921,921,436.35,395.36,673.45,405.32,569.67,565.06
63,OK,111,32,920,920,444.44,403.56,681.24,411.48,580.74,577.04
64,OK,113,33,918,918,445.4,403.72,681.7,410.21,581.44,577.71
65,OK,110,24,906,906,437.13,391.8,670.53,396.52,573.22,561.05
66,OK,125,21,879,879,434.78,384.81,661.15,377.56,580.67,540.36
67,OK,145,9,811,811,434.54,345.83,643.38,342.95,561.04,485.03
68,OK,172,-10,769,769,444.34,318.73,642.32,313.07,569.42,432.26
69,OK,198,-15,729,729,456.64,301.09,644.23,293.95,574.83,402.21
70,OK,224,-20,707,707,472.71,291.7,654.47,280.04,592.3,381.88
71,OK,245,-22,700,700,490.65,288.94,670.69,281.33,610.91,371.71
72,OK,263,-12,686,686,502.88,291.9,679.39,285.66,622.26,374.1
73,OK,290,7,665,665,521.8,298.43,693.01,297.4,637.63,380.93
74,OK,286,11,666,666,519.03,305.41,690.29,293.46,634.94,389.27
75,OK,269,42,670,670,506.23,326.88,678.48,318.48,616.59,432.88
76,OK,227,93,671,671,473.79,368.41,646.61,366.56,565.5,490.14
77,OK,201,117,688,688,456.95,393.27,634.21,392.14,544.98,529.79
78,OK,238,125,668,668,481.04,396.98,653.2,394.3,578.84,524.03
79,OK,290,148,622,622,509.51,396.88,669.61,397.74,612.84,522.01
80,OK,325,138,613,613,534.45,389.62,692.28,384.04,648.77,501.43
81,OK,363,134,626,626,572.94,391.02,733.96,384.2,699.04,506.48
82,OK,380,96,640,640,591.89,362.89,756.66,359.05,725.79,472.5
83,OK,351,53,654,654,575.2,328.37,743.4,335.72,698.03,429.17
84,OK,315,7,669,669,546.04,297.19,718.22,303.32,667.48,382.99
85,OK,296,-17,677,677,532.5,285.24,706.82,292.52,649.95,353.66
86,OK,280,-35,682,682,520.94,280.98,696.55,286.02,634.22,328.52
87,OK,273,-40,689,689,514.35,283.94,691.82,288.05,631.71,323.01
88,OK,277,-41,700,700,521.07,285.64,701.22,291.17,642.91,330.43
89,OK,282,-35,706,706,531.85,291.41,713.55,299.43,648.58,341.02
90,OK,306,-3,690,690,548.5,302.36,726.0,309.06,665.74,379.97
91,OK,308,-1,702,702,553.33,306.56,733.89,315.93,674.48,388.92
92,OK,308,1,718,718,559.45,316.49,743.81,330.49,683.74,396.91
93,OK,314,9,716,716,563.79,322.09,747.56,337.04,690.22,405.72
94,OK,310,18,720,720,560.95,330.88,746.32,339.46,687.09,421.93
95,OK,304,17,726,726,558.5,332.57,745.25,340.97,683.39,423.74
96,OK,314,18,712,712,562.79,322.97,745.58,338.26,686.23,418.48
97,OK,292,-2,730,730,548.58,311.34,736.57,318.88,672.8,411.35
98,OK,282,-15,738,738,543.86,303.35,733.71,313.34,663.91,400.4
99,OK,287,-5,731,731,545.85,309.51,733.83,319.9,664.41,405.59
100,OK,295,4,724,724,551.2,312.04,737.33,325.29,671.28,414.1
101,OK,294,12,726,726,551.07,319.14,737.4,333.66,669.91,424.15
102,OK,294,22,714,714,547.63,324.7,730.98,338.04,663.87,428.52
103,OK,287,21,725,725,544.32,326.04,730.74,337.93,662.01,435.81
104,OK,281,23,726,726,539.81,328.64,726.64,338.03,656.68,439.66
105,OK,279,32,728,728,541.14,341.04,728.29,353.66,652.98,446.4
106,OK,278,44,731,731,541.91,348.13,729.58,361.97,651.28,463.72
107,OK,270,45,741,741,537.81,356.6,728.64,363.81,648.36,471.69
108,OK,270,58,739,739,534.98,367.51,725.32,369.6,648.06,485.57
109,OK,270,61,740,740,536.0,369.48,726.58,371.5,650.36,492.45
110,OK,272,63,734,734,536.06,368.41,725.17,371.08,648.81,490.81
111,OK,272,62,733,733,535.18,365.99,723.92,371.11,647.45,488.79
112,OK,265,55,743,743,531.85,365.05,723.15,369.08,644.88,485.61
113,OK,276,44,733,733,537.41,349.44,726.2,354.7,652.66,468.18
114,OK,275,27,732,732,539.31,333.3,727.44,347.44,649.26,446.77
115,OK,286,39,726,726,546.51,339.37,733.13,352.68,658.34,458.79
116,OK,289,66,713,713,545.61,357.77,728.88,369.97,653.76,480.91
117,OK,285,74,720,720,543.35,368.34,728.66,378.1,654.84,496.32
118,OK,284,74,721,721,540.66,368.02,726.28,374.96,654.81,498.37
119,OK,278,76,718,718,535.26,368.53,719.98,377.76,647.59,497.89
120,OK,284,78,710,710,536.79,369.3,719.64,376.72,651.08,494.55
121,OK,278,81,716,716,533.84,372.13,717.88,382.46,647.29,501.77
122,OK,275,85,726,726,534.72,379.54,721.45,389.47,648.14,511.75
123,OK,272,104,728,728,536.4,395.48,723.16,411.09,643.87,532.8
124,OK,265,118,735,735,532.29,409.25,720.89,425.64,639.38,554.39
125,OK,254,121,749,749,528.03,413.13,719.65,435.92,632.36,566.09
126,OK,241,116,765,765,520.1,415.66,716.25,433.52,628.86,571.63
127,OK,247,108,757,757,521.35,407.47,715.55,423.71,632.56,557.21
128,OK,266,98,733,733,526.94,392.94,715.45,403.63,643.84,531.39
129,OK,276,81,720,720,531.28,371.65,716.56,381.57,648.57,506.32
130,OK,281,70,721,721,536.29,361.12,721.76,371.34,653.45,494.93
131,OK,280,41,721,721,538.33,341.9,723.38,356.37,650.23,453.58
132,OK,268,35,707,707,524.49,334.4,706.2,346.61,627.51,435.85
133,OK,251,19,701,701,508.76,324.23,688.98,333.74,604.65,410.29
134,OK,230,-1,726,726,496.42,325.09,683.17,332.78,598.08,395.43
135,OK,238,13,705,705,490.81,331.57,672.43,330.74,599.64,400.73
136,OK,220,17,712,712,475.97,338.34,659.13,332.11,585.09,411.29
137,OK,210,35,717,717,468.64,350.04,653.2,340.63,575.65,442.49
138,OK,203,42,738,738,471.42,361.9,661.58,358.53,578.46,463.56
139,OK,204,58,747,747,478.46,369.14,670.69,374.85,579.5,491.94
140,OK,208,53,749,749,485.6,363.07,678.17,374.15,583.22,486.93
141,OK,216,37,755,755,495.57,353.93,689.6,366.77,595.17,467.67
142,OK,243,48,738,738,514.49,355.13,703.65,374.45,615.44,469.48
143,OK,257,29,749,749,532.19,342.72,722.58,373.86,635.98,449.24
144,OK,251,14,764,764,532.28,338.44,726.27,371.46,638.45,438.9
145,OK,249,23,755,755,523.73,344.27,716.37,370.22,632.25,443.76
146,OK,251,22,754,754,521.75,347.42,715.18,365.71,638.28,443.12
147,OK,253,30,755,755,525.21,351.08,718.68,369.82,639.68,454.45
148,OK,268,49,732,732,531.69,355.73,719.43,373.77,644.42,466.64
149,OK,280,64,720,720,535.99,365.08,720.99,376.07,651.86,477.84
150,OK,278,67,726,726,534.47,368.29,721.29,378.12,655.33,488.3
151,OK,279,58,727,727,537.55,361.11,724.28,375.11,653.23,474.13
152,OK,278,56,730,730,538.11,358.67,725.74,371.79,656.01,476.89
153,OK,285,66,717,717,539.19,362.12,723.34,374.55,656.3,480.85
154,OK,277,66,731,731,536.63,369.43,724.66,379.68,654.25,489.31
155,OK,278,67,732,732,538.72,368.6,726.68,381.81,656.31,490.94
156,OK,278,69,723,723,534.07,368.47,719.93,378.49,652.35,487.21
157,OK,274,73,724,724,528.58,372.86,714.98,379.33,651.96,494.07
158,OK,256,69,747,747,517.93,384.09,710.32,386.38,645.7,500.3
159,OK,255,76,736,736,512.81,384.55,702.47,384.71,639.1,504.28
160,OK,255,75,733,733,511.24,380.38,700.12,379.57,637.63,502.2
161,OK,259,73,733,733,516.18,375.59,704.89,381.49,639.62,499.48
162,OK,257,68,753,753,522.08,381.77,715.79,388.61,647.95,504.56
163,OK,269,74,745,745,530.77,383.91,722.24,394.89,657.09,503.16
164,OK,283,88,741,741,542.74,392.05,733.29,404.58,669.0,518.23
165,OK,298,100,735,735,556.41,396.73,744.63,415.99,679.76,527.82
166,OK,305,108,736,736,564.04,402.79,752.75,421.36,688.8,541.49
167,OK,314,116,727,727,566.91,408.3,753.61,422.74,695.49,543.58
168,OK,314,119,728,728,568.8,407.41,755.41,426.72,695.29,549.76
169,OK,303,114,736,736,562.51,405.32,751.03,424.5,686.99,550.18
170,OK,294,110,744,744,556.96,404.46,747.62,424.61,681.11,551.4
171,OK,294,116,739,739,556.91,408.36,746.1,428.92,676.4,551.38
172,OK,294,115,742,742,558.46,408.37,748.44,430.31,677.92,553.9
173,OK,303,115,731,731,563.24,400.16,749.81,426.06,681.29,548.23
174,OK,307,116,726,726,566.92,398.37,751.92,426.37,681.35,546.92
175,OK,311,113,729,729,569.25,399.74,755.54,423.08,689.35,543.5
176,OK,302,112,750,750,572.12,407.81,763.82,432.04,687.15,555.09
177,OK,311,111,759,759,583.48,409.78,777.32,435.75,700.21,557.39
178,OK,358,123,714,714,613.62,402.21,794.66,434.27,727.65,543.58
179,OK,370,121,706,706,622.6,397.25,801.3,430.89,735.44,534.95
180,OK,384,114,699,699,631.56,386.52,808.72,418.73,745.95,523.74
181,OK,395,121,689,689,641.14,386.54,814.73,422.97,752.06,525.4
182,OK,396,115,692,692,642.22,383.95,816.58,420.47,755.13,520.26
183,OK,382,103,694,694,629.75,376.87,805.5,409.54,741.19,508.12
184,OK,375,87,703,703,626.37,365.3,803.46,402.54,737.54,493.01
185,OK,358,69,716,716,617.15,357.7,797.61,395.36,724.75,478.42
186,OK,351,70,712,712,610.51,356.14,790.26,392.82,714.6,479.14
187,OK,345,66,710,710,601.55,353.68,781.64,385.98,709.0,473.46
188,OK,335,61,713,713,592.13,350.96,773.32,380.41,699.4,469.41
189,OK,334,70,706,706,587.29,355.72,767.68,379.63,697.41,478.59
190,OK,329,65,708,708,579.68,359.1,761.35,375.32,696.81,472.75
191,OK,320,61,711,711,570.75,356.55,753.32,372.19,688.67,468.48
192,OK,313,66,711,711,563.33,360.36,745.8,375.01,681.48,474.59
193,OK,304,68,711,711,556.92,357.6,739.17,375.62,670.63,479.91
194,OK,298,68,714,714,553.4,360.51,736.54,376.88,666.18,482.13
195,OK,292,66,724,724,550.35,362.27,736.19,376.84,665.75,488.07
196,OK,295,68,721,721,551.66,363.6,736.98,377.21,667.01,485.81
197,OK,294,59,725,725,552.85,358.34,739.06,373.74,667.0,476.88
198,OK,301,55,716,716,556.95,354.15,740.72,370.64,670.87,464.28
199,OK,309,60,721,721,561.58,362.45,747.2,368.97,685.02,474.63
200,OK,307,67,727,727,560.79,372.16,748.06,376.92,686.17,487.26
201,OK,336,83,725,725,584.81,382.86,771.37,392.95,717.92,502.72
202,OK,370,92,715,715,613.55,383.26,796.64,403.0,749.32,506.71
203,OK,423,126,676,676,650.87,387.43,821.77,421.29,787.3,525.08
204,OK,426,124,677,677,654.99,385.78,825.7,421.64,788.99,522.12
205,OK,415,127,685,685,651.22,387.0,822.91,427.56,777.89,531.55
206,OK,410,121,686,686,645.63,387.27,818.7,423.48,774.79,524.57
207,OK,401,118,691,691,638.04,388.6,813.66,417.59,767.53,523.07
208,OK,383,109,699,699,624.49,388.32,802.58,414.01,752.26,515.01
209,OK,362,101,709,709,608.09,386.14,788.84,412.26,735.06,512.19
210,OK,341,102,714,714,590.56,388.7,773.21,410.54,716.04,519.19
211,OK,318,103,719,719,571.41,393.71,755.51,413.24,692.41,522.32
212,OK,314,102,718,718,567.55,393.05,751.08,415.46,686.86,518.97
213,OK,313,102,722,722,567.4,395.14,752.4,413.76,688.5,522.1
214,OK,321,107,714,714,571.73,394.33,754.67,412.61,694.24,525.36
215,OK,332,108,717,717,581.97,398.59,765.91,414.59,707.93,527.27
216,OK,332,108,718,718,583.62,397.8,767.58,416.42,707.08,528.6
217,OK,332,108,715,715,579.94,397.96,763.45,413.62,706.32,524.38
218,OK,327,109,715,715,576.76,398.1,759.94,416.43,700.94,526.05
219,OK,328,106,719,719,580.55,395.69,764.71,415.14,702.74,525.03
220,OK,354,114,710,710,603.6,396.03,783.76,427.78,724.72,527.67
221,OK,358,111,712,712,608.62,394.23,789.54,424.65,730.29,525.21
222,OK,357,109,714,714,609.16,393.58,790.42,424.1,729.06,523.49
223,OK,357,107,716,716,608.37,392.78,790.37,422.0,730.81,523.41
224,OK,356,125,706,706,605.51,400.63,784.67,431.18,723.2,540.13
225,OK,342,111,726,726,599.15,397.21,783.89,426.71,718.53,536.3
226,OK,329,108,731,731,589.43,399.46,775.92,425.99,707.08,534.59
227,OK,288,117,754,754,568.0,405.09,758.33,443.92,667.28,564.92
228,OK,254,121,757,757,549.11,402.67,735.33,460.54,622.59,567.37
229,OK,256,116,763,763,551.53,403.63,740.27,458.5,629.36,564.92
230,OK,276,113,756,756,562.76,403.28,752.15,448.6,652.16,556.52
231,OK,303,113,738,738,571.64,405.34,759.2,435.68,679.78,543.55
232,OK,289,94,741,741,561.28,389.84,749.23,423.1,664.58,523.26
233,OK,281,80,737,737,550.49,377.69,738.36,404.54,654.62,506.84
234,OK,274,71,732,732,542.79,370.87,729.51,396.61,644.54,490.47
235,OK,272,69,727,727,538.08,368.05,723.83,391.0,640.12,485.83
236,OK,268,68,725,725,531.31,367.86,717.12,385.7,637.64,483.82
237,OK,262,68,725,725,525.88,369.03,711.84,385.08,629.72,483.43
238,OK,265,70,723,723,527.85,370.32,713.23,387.12,632.61,484.92
239,OK,260,76,720,720,522.51,376.3,707.59,388.49,625.92,489.87
240,OK,257,72,732,732,524.45,377.85,712.03,395.68,627.81,490.41
241,OK,263,84,719,719,523.48,380.52,708.07,396.13,628.96,498.22
242,OK,264,85,721,721,525.34,381.65,710.24,398.59,631.17,499.9
243,OK,261,80,726,726,525.3,380.9,711.28,399.56,630.62,497.27
244,OK,260,77,736,736,527.37,380.88,715.86,400.32,635.88,500.65
245,OK,260,73,735,735,526.89,378.19,715.27,397.24,633.23,493.29
246,OK,266,76,732,732,531.06,380.49,718.58,400.04,640.2,493.86
247,OK,264,67,744,744,533.2,377.61,723.8,397.29,644.42,490.79
248,OK,269,71,739,739,534.74,378.34,724.19,397.44,647.43,492.44
249,OK,273,79,735,735,539.26,378.73,727.29,401.66,648.49,503.19
250,OK,274,76,738,738,539.53,380.13,728.8,398.96,652.01,502.29
251,OK,275,78,734,734,539.7,380.02,727.88,398.9,651.78,501.83
252,OK,278,83,732,732,542.11,382.67,729.46,403.5,653.55,506.66
253,OK,281,84,731,731,542.58,382.51,729.91,402.6,656.78,507.1
254,OK,281,88,734,734,544.9,389.6,732.75,411.45,658.16,511.12
255,OK,276,86,731,731,540.01,386.41,727.03,409.26,648.55,504.67
256,OK,273,90,734,734,537.04,392.65,725.27,410.46,649.69,513.98
257,OK,270,95,726,726,530.84,393.53,717.11,410.6,642.41,514.6
258,OK,270,102,725,725,530.09,397.84,716.24,412.7,642.18,522.8
259,OK,264,105,730,730,530.2,400.65,716.78,423.51,636.44,528.14
260,OK,264,104,729,729,526.65,401.52,713.82,417.35,637.38,528.44
261,OK,254,109,736,736,520.75,407.72,709.79,420.96,630.66,539.88
262,OK,250,108,736,736,515.52,405.31,704.74,417.83,626.49,541.35
263,OK,257,101,720,720,515.53,400.02,700.76,406.49,627.11,520.33
264,OK,259,95,720,720,516.37,396.15,701.71,401.62,629.59,512.24
265,OK,259,92,720,720,516.81,392.64,702.13,399.15,630.53,509.69
266,OK,260,100,725,725,519.61,397.27,706.08,407.36,632.3,522.35
267,OK,253,105,733,733,519.17,400.49,707.18,417.58,625.9,534.01
268,OK,262,106,725,725,523.5,400.5,709.51,415.63,632.36,528.3
269,OK,266,98,727,727,526.43,398.11,713.39,410.1,638.55,519.21
270,OK,269,88,737,737,530.24,395.27,719.98,404.11,649.07,512.37
271,OK,266,92,744,744,533.84,398.26,724.95,413.89,646.9,523.9
272,OK,267,99,744,744,534.62,399.65,725.56,416.47,647.96,534.25
273,OK,270,102,741,741,535.17,399.86,725.33,417.29,650.23,535.7
274,OK,268,103,733,733,531.11,401.96,719.4,417.34,644.62,528.92
275,OK,266,93,734,734,529.96,395.14,718.4,410.03,642.42,517.81
276,OK,264,87,732,732,528.08,385.06,715.79,401.36,639.94,513.0
277,OK,264,81,733,733,527.96,380.69,715.84,398.4,639.5,505.96
278,OK,265,82,733,733,528.6,382.17,716.52,399.63,641.09,506.11
279,OK,262,82,741,741,529.73,389.69,719.61,409.94,640.56,505.98
280,OK,258,82,742,742,526.33,392.03,716.65,409.12,637.73,507.22
281,OK,259,87,735,735,523.85,393.56,712.53,409.99,633.92,506.26
282,OK,268,96,723,723,527.52,397.28,712.88,414.98,638.23,509.0
283,OK,268,94,724,724,527.48,396.57,713.36,411.78,641.09,509.74
284,OK,262,83,742,742,528.6,394.78,719.21,409.77,643.5,506.46
285,OK,275,94,731,731,537.77,397.75,725.04,417.31,649.79,511.21
286,OK,275,94,740,740,541.67,401.64,731.0,423.3,655.16,517.28
287,OK,279,97,737,737,542.81,403.38,731.62,422.52,658.66,517.92
288,OK,274,92,746,746,541.84,402.67,733.08,422.22,657.18,517.87
289,OK,274,98,747,747,541.99,405.75,733.59,423.06,657.61,527.79
290,OK,277,100,746,746,543.47,408.73,735.04,424.04,662.38,530.74
291,OK,280,104,743,743,544.15,410.03,735.03,424.81,663.94,532.76
292,OK,281,105,742,742,544.28,410.76,734.98,425.05,664.62,534.58
293,OK,281,108,741,741,544.94,411.94,735.22,427.73,663.62,536.64
294,OK,285,111,737,737,545.2,414.62,734.59,427.09,667.33,538.85
295,OK,285,113,738,738,546.35,414.74,735.84,429.08,668.13,543.09
296,OK,288,106,744,744,553.37,410.55,743.71,431.89,672.07,535.29
297,OK,302,113,727,727,558.26,411.86,744.97,426.48,680.21,533.52
298,OK,317,116,723,723,568.88,410.1,754.4,425.58,694.61,536.83
299,OK,324,118,718,718,572.4,413.35,757.12,423.33,701.47,536.44
300,OK,335,125,704,704,577.08,414.36,758.13,423.27,707.41,535.47
301,OK,329,123,719,719,576.07,416.81,761.08,426.01,708.2,543.15
302,OK,318,123,725,725,570.68,415.88,756.87,430.99,697.77,547.15
303,OK,309,119,733,733,566.25,415.29,754.31,431.8,691.63,547.17
304,OK,303,115,734,734,561.47,412.43,749.95,427.75,685.84,545.21
305,OK,291,108,740,740,555.06,407.69,744.69,426.56,674.12,539.13
306,OK,274,104,744,744,541.73,403.03,732.41,421.74,655.06,541.23
307,OK,271,95,746,746,540.56,398.74,731.65,419.52,652.27,527.85
308,OK,275,91,740,740,540.75,395.89,730.9,410.07,655.57,519.26
309,OK,282,81,739,739,543.72,392.36,733.78,403.64,664.73,502.15
310,OK,289,85,737,737,548.87,392.43,738.2,406.69,670.84,506.83
311,OK,322,106,712,712,567.28,405.4,750.39,413.31,698.79,516.42
312,OK,348,136,701,701,585.66,422.08,766.17,427.27,721.8,549.22
313,OK,352,145,702,702,588.74,428.26,769.34,435.81,727.43,560.95
314,OK,350,155,709,709,589.47,438.05,771.67,448.61,729.01,575.24
315,OK,345,166,711,711,586.71,446.62,769.46,459.72,722.42,589.25
316,OK,345,166,722,722,593.32,444.65,777.95,467.02,728.22,598.26
317,OK,347,156,732,732,597.57,441.1,784.99,461.95,736.38,593.59
318,OK,346,154,736,736,598.62,443.18,787.15,464.03,737.05,590.98
319,OK,332,143,747,747,589.67,440.79,781.24,459.0,725.27,582.61
320,OK,337,147,712,712,583.22,429.97,765.67,448.03,712.99,568.45
321,OK,308,115,733,733,565.3,410.74,753.07,430.58,688.85,542.39
322,OK,293,98,732,732,552.93,397.82,740.64,415.38,672.48,522.08
323,OK,281,83,736,736,543.27,391.56,732.26,406.81,660.75,504.6
324,OK,275,77,738,738,541.25,383.51,730.29,404.45,653.15,498.05
325,OK,276,81,737,737,543.39,389.16,731.35,415.55,651.7,496.84
326,OK,276,86,738,738,543.45,393.07,731.84,418.16,653.67,506.09
327,OK,278,91,730,730,540.4,397.03,727.59,416.03,653.44,506.89
328,OK,275,88,734,734,538.96,396.58,726.87,416.32,651.76,505.32
329,OK,280,98,731,731,542.32,399.88,729.43,421.08,655.57,515.86
330,OK,278,99,734,734,541.63,403.76,729.64,423.32,655.53,519.08
331,OK,274,92,744,744,540.85,403.56,731.74,421.15,656.15,517.54
332,OK,281,99,739,739,543.75,408.64,733.68,420.9,663.04,522.06
333,OK,288,104,732,732,547.75,410.32,735.72,424.38,667.32,524.15
334,OK,293,107,726,726,549.37,410.71,735.96,424.44,669.68,523.92
335,OK,292,108,724,724,548.47,410.22,734.5,424.01,667.83,523.16
336,OK,292,109,724,724,548.64,410.03,734.43,425.01,666.47,526.01
337,OK,291,108,727,727,548.61,409.87,735.2,424.84,666.57,524.87
338,OK,291,107,726,726,549.0,410.34,735.43,424.52,667.32,524.54
339,OK,293,102,732,732,552.96,406.32,740.8,423.27,672.23,523.14
340,OK,291,102,737,737,553.32,404.15,741.93,425.3,671.28,527.16
341,OK,288,102,740,740,552.83,403.09,742.18,424.5,668.93,531.25
342,OK,301,108,736,736,561.1,405.6,749.78,424.66,682.64,538.41
343,OK,300,107,739,739,561.41,404.44,750.63,425.1,683.32,537.39
344,OK,311,112,730,730,567.64,405.98,754.6,425.84,692.21,539.99
345,OK,315,113,732,732,570.3,410.1,758.04,426.14,698.16,540.77
346,OK,315,115,738,738,572.22,415.51,761.93,428.4,701.75,547.06
347,OK,322,118,736,736,579.46,418.13,768.52,432.02,707.56,548.55
348,OK,320,121,728,728,576.52,414.76,763.08,434.2,699.85,545.75
349,OK,297,112,727,727,562.92,399.73,747.24,433.12,666.03,533.83
350,OK,272,70,754,754,548.51,381.89,740.58,411.26,653.59,499.24
351,OK,265,64,740,740,534.81,373.53,724.38,392.29,641.1,485.17
352,OK,277,64,729,729,539.56,370.25,726.27,389.84,650.14,475.99
353,OK,290,67,735,735,551.85,375.21,739.76,398.62,668.3,482.11
354,OK,341,101,713,713,582.83,392.95,765.85,406.5,721.38,515.37
355,OK,365,117,694,694,597.36,402.37,775.64,415.71,738.91,520.42
356,OK,349,117,713,713,590.56,406.94,773.63,420.71,728.71,533.41
357,OK,329,117,724,724,578.86,410.26,764.76,424.71,711.98,540.74
358,OK,328,122,713,713,573.88,408.18,756.69,425.21,702.95,540.66
359,OK,307,107,723,723,561.19,398.14,746.18,420.12,683.53,526.99
360,OK,288,100,736,736,551.05,399.77,739.27,421.51,668.35,527.29
361,OK,266,92,743,743,535.78,394.35,725.46,419.93,644.4,520.8
362,OK,260,97,750,750,533.42,398.61,724.86,423.49,642.68,533.05
363,OK,304,121,731,731,561.41,412.61,748.59,432.61,684.83,550.86
364,OK,329,126,716,716,575.27,415.2,759.23,429.23,707.99,546.05
365,OK,320,120,732,732,573.54,412.6,761.33,429.7,705.21,552.67
366,OK,314,121,726,726,567.07,411.74,753.32,429.47,694.82,549.23
367,OK,314,122,721,721,565.98,406.82,750.44,428.6,690.8,546.86
368,OK,304,117,724,724,560.15,403.66,745.07,427.65,680.93,543.36
369,OK,300,115,731,731,559.21,403.87,745.68,428.98,678.36,544.73
370,OK,300,118,732,732,559.24,409.64,746.23,433.9,679.73,546.37
371,OK,301,122,726,726,558.29,411.36,743.65,435.39,678.8,547.06
372,OK,302,121,723,723,557.53,410.18,742.33,432.64,677.09,544.02
373,OK,293,109,731,731,552.83,406.81,739.88,428.46,669.94,532.21
374,OK,295,114,727,727,553.56,407.09,739.17,431.92,670.68,535.14
375,OK,283,113,727,727,544.49,404.49,730.17,429.66,655.11,535.41
376,OK,256,101,743,743,530.6,396.08,719.02,429.07,630.3,532.38
377,OK,244,107,739,739,519.67,397.68,707.04,430.82,612.77,539.56
378,OK,236,110,745,745,515.03,399.3,704.01,431.88,606.57,550.19
379,OK,248,105,735,735,521.15,397.27,707.94,427.63,616.8,533.15
380,OK,240,106,743,743,516.41,397.97,705.37,428.58,611.38,542.18
381,OK,238,108,748,748,516.52,400.22,707.04,428.58,613.54,550.06
382,OK,245,110,738,738,519.85,400.48,707.82,428.25,615.97,545.17
383,OK,249,103,745,745,524.45,397.16,713.9,426.93,623.3,538.82
384,OK,254,86,744,744,524.35,385.19,715.03,403.18,633.81,522.49
385,OK,265,84,732,732,527.76,382.26,715.53,398.71,641.36,511.24
386,OK,270,85,724,724,529.73,377.98,715.34,396.2,642.33,508.7
387,OK,272,83,724,724,533.04,375.68,718.49,396.08,642.26,504.72
388,OK,269,76,730,730,532.88,373.04,719.78,393.5,642.49,500.54
389,OK,267,74,732,732,533.06,371.55,720.34,393.64,640.36,497.9
390,OK,270,78,727,727,532.84,373.78,718.82,394.8,640.54,498.72
391,OK,272,80,726,726,536.06,377.47,721.45,402.0,642.66,497.13
392,OK,270,79,731,731,535.5,377.8,722.11,402.7,642.3,498.36
393,OK,271,82,728,728,534.4,381.73,720.63,403.29,643.27,501.2
394,OK,273,85,731,731,536.84,384.35,723.86,406.95,646.42,505.25
395,OK,273,91,728,728,537.56,388.7,723.42,414.02,644.33,509.57
396,OK,269,94,729,729,534.07,394.26,720.24,418.9,640.36,510.59
397,OK,266,90,735,735,532.5,393.38,720.34,417.88,640.55,508.5
398,OK,266,94,729,729,529.81,394.06,716.28,415.72,638.49,511.21
399,OK,268,99,725,725,529.11,396.32,714.68,417.52,638.7,516.94
400,OK,267,101,726,726,529.77,398.44,715.58,419.09,638.33,519.92
401,OK,268,102,729,729,531.31,400.82,717.89,422.3,639.99,521.76
402,OK,266,100,734,734,532.73,401.12,720.32,424.61,641.3,521.38
403,OK,261,93,747,747,531.97,400.64,723.0,424.24,641.86,521.22
404,OK,267,101,740,740,534.82,406.18,724.36,426.16,645.7,526.38
405,OK,275,100,741,741,542.1,405.77,731.55,429.11,653.5,524.42
406,OK,280,102,739,739,545.39,407.84,734.7,427.92,659.73,525.4
407,OK,289,107,736,736,551.2,408.6,739.7,428.45,668.63,532.26
408,OK,283,102,738,738,548.08,406.36,736.99,428.15,663.2,526.18
409,OK,279,96,742,742,545.29,404.75,735.1,427.83,659.9,519.24
410,OK,282,95,740,740,548.28,400.59,737.12,426.36,661.59,517.34
411,OK,276,96,738,738,542.52,400.45,731.29,423.54,654.72,518.49
412,OK,277,96,737,737,541.23,398.09,729.8,420.61,656.35,518.69
413,OK,268,97,732,732,532.91,396.29,719.94,420.43,643.5,518.89
414,OK,269,100,714,714,525.83,394.37,708.92,410.85,636.04,512.15
415,OK,268,96,717,717,522.26,393.13,706.53,406.17,639.47,508.95
416,OK,274,103,709,709,523.83,395.88,705.66,413.59,642.58,511.13
417,OK,276,102,714,714,526.6,396.81,709.65,415.66,648.96,511.91
418,OK,275,98,702,702,516.13,395.46,696.64,406.21,646.47,498.21
419,OK,237,65,727,727,498.84,372.26,685.65,384.33,609.24,479.3
420,OK,229,41,744,744,501.48,356.24,692.14,374.21,607.08,460.8
421,OK,249,26,753,753,519.25,356.25,712.44,373.68,635.61,439.88
422,OK,273,36,737,737,536.65,356.96,725.79,374.12,652.74,443.57
423,OK,275,60,720,720,536.8,360.82,720.49,385.42,642.74,467.76
424,OK,258,49,742,742,526.95,365.86,717.1,385.99,637.53,465.98
425,OK,242,54,759,759,513.84,377.01,708.95,388.66,632.16,483.25
426,OK,235,57,754,754,507.25,377.67,701.06,388.62,621.44,485.05
427,OK,233,54,762,762,506.82,380.62,703.02,387.53,625.07,487.16
428,OK,238,57,762,762,511.74,381.6,707.83,392.23,628.9,489.57
429,OK,243,70,755,755,512.43,388.92,706.66,397.5,631.52,501.87
430,OK,249,74,747,747,514.7,387.79,707.02,396.46,633.48,502.19
431,OK,255,73,744,744,522.6,382.98,713.66,398.96,637.73,499.1
432,OK,256,73,742,742,522.82,381.39,713.28,398.34,637.62,498.66
433,OK,256,71,746,746,525.7,382.66,716.83,402.0,638.22,495.97
434,OK,259,74,745,745,527.1,387.2,718.18,405.35,640.25,496.51
435,OK,256,66,761,761,529.96,385.17,724.81,406.4,645.96,497.47
436,OK,260,78,750,750,531.4,391.72,723.17,413.95,643.8,504.77
437,OK,263,85,751,751,533.6,395.74,725.48,420.48,646.81,513.25
438,OK,261,89,753,753,533.04,398.58,725.6,422.27,646.61,521.4
439,OK,266,90,753,753,536.17,400.97,728.83,423.16,651.61,521.58
440,OK,274,96,755,755,543.62,405.57,736.85,426.85,663.62,530.5
441,OK,278,101,747,747,543.88,407.77,735.16,427.56,662.87,532.03
442,OK,279,103,753,753,546.26,410.45,739.23,429.51,669.24,538.34
443,OK,279,101,759,759,549.63,409.86,743.86,432.6,669.42,538.97
444,OK,313,112,741,741,572.01,412.63,762.04,429.95,700.28,543.59
445,OK,340,123,730,730,595.83,414.69,781.66,443.28,722.34,548.21
446,OK,381,140,705,705,626.55,413.94,804.81,448.02,751.29,553.2
447,OK,396,149,692,692,638.6,414.76,812.99,451.28,759.87,558.4
448,OK,385,146,705,705,632.77,417.36,811.2,451.66,753.72,562.75
449,OK,376,144,707,707,626.82,413.24,804.91,451.01,743.5,562.14
450,OK,340,124,739,739,601.95,414.21,790.08,443.69,723.83,557.8
451,OK,320,111,757,757,588.43,409.93,781.42,437.62,711.54,554.32
452,OK,319,120,720,720,572.06,407.95,756.42,427.75,695.32,543.12
453,OK,296,98,735,735,559.77,393.39,747.08,421.33,674.24,523.21
454,OK,269,90,750,750,541.2,397.71,732.61,424.19,652.6,520.77
455,OK,264,94,744,744,533.36,399.89,723.82,421.97,644.26,522.97
456,OK,260,92,746,746,530.48,398.69,721.17,423.02,641.16,520.92
457,OK,270,93,735,735,535.21,395.74,722.36,424.16,645.67,511.72
458,OK,270,88,749,749,538.73,397.32,730.15,421.81,655.06,514.76
459,OK,278,97,737,737,542.55,399.49,730.82,423.96,657.09,518.45
460,OK,286,104,738,738,550.85,404.08,739.15,429.92,666.78,529.22
461,OK,284,103,741,741,549.43,405.15,738.39,431.86,664.95,528.39
462,OK,285,105,741,741,548.9,406.66,738.21,431.26,667.0,531.27
463,OK,282,105,743,743,547.63,407.51,737.57,430.69,665.37,533.65
464,OK,277,109,746,746,542.02,414.24,733.25,432.58,663.43,541.77
465,OK,277,109,748,748,543.19,413.22,734.65,434.67,663.47,543.28
466,OK,276,109,748,748,542.09,414.33,733.63,433.89,663.32,543.79
467,OK,271,103,753,753,539.03,411.2,732.05,431.37,660.44,537.51
468,OK,276,101,744,744,540.51,408.97,731.35,426.9,660.46,529.91
469,OK,274,94,745,745,539.99,403.47,730.55,425.32,658.38,519.54
470,OK,269,88,749,749,538.16,398.78,729.61,421.84,652.93,515.29
471,OK,273,91,744,744,539.26,401.0,729.94,420.25,656.55,517.17
472,OK,275,96,747,747,542.12,402.03,733.25,425.04,659.01,524.82
473,OK,275,94,755,755,545.21,405.83,738.46,427.36,662.78,525.8
474,OK,279,101,744,744,545.84,407.33,736.14,430.4,662.61,527.83
475,OK,297,115,741,741,557.96,415.06,747.25,438.71,681.76,544.4
476,OK,356,159,708,708,598.02,436.36,778.0,465.13,732.5,576.29
477,OK,446,194,653,653,658.99,443.36,824.19,475.14,804.32,582.5
478,OK,464,210,645,645,674.74,453.69,837.3,488.62,817.83,594.44
479,OK,428,189,680,680,658.65,444.89,828.84,486.07,793.47,593.72
480,OK,405,178,684,684,640.39,436.66,812.34,475.35,768.8,584.15
481,OK,384,175,689,689,621.65,438.44,796.02,471.41,748.65,584.59
482,OK,354,153,723,723,606.04,432.72,789.09,466.75,734.39,578.8
483,OK,334,142,741,741,593.8,432.22,782.27,462.99,721.87,576.83
484,OK,341,147,728,728,594.43,433.17,779.79,461.81,723.51,576.08
485,OK,328,138,731,731,582.67,426.39,769.17,452.26,710.41,567.23
486,OK,313,122,736,736,570.89,418.59,759.38,439.43,698.32,551.89
487,OK,314,126,731,731,570.25,418.36,757.11,442.32,695.23,552.26
488,OK,310,123,741,741,571.29,417.19,759.99,445.92,694.6,556.38
489,OK,313,127,737,737,572.15,418.0,760.16,445.01,696.86,559.77
490,OK,308,117,742,742,569.84,414.78,759.47,438.65,694.64,550.55
491,OK,314,125,733,733,571.02,417.9,758.45,441.15,695.8,553.29
492,OK,317,126,730,730,573.58,416.56,759.97,441.32,698.23,553.42
493,OK,311,123,732,732,568.88,416.34,755.81,441.09,693.01,550.66
494,OK,315,130,727,727,570.39,418.7,755.72,446.11,693.7,555.37
495,OK,370,164,687,687,607.59,430.87,781.42,464.32,732.91,567.55
496,OK,412,192,651,651,637.31,433.31,798.94,477.96,756.83,580.02
497,OK,422,191,650,650,653.61,428.17,810.59,486.13,763.81,575.8
498,OK,412,186,661,661,649.65,426.55,810.25,483.22,755.93,577.45
499,OK,396,172,671,671,631.6,425.78,798.95,468.95,748.61,566.87
500,OK,366,159,691,691,605.87,429.46,781.12,459.87,730.04,564.56
501,OK,332,140,703,703,578.56,418.18,757.36,446.9,699.02,551.09
502,OK,303,118,728,728,562.79,408.01,747.76,438.63,679.36,542.61
503,OK,298,116,721,721,555.86,405.43,739.15,436.05,668.68,532.05
504,OK,291,110,729,729,549.78,407.03,736.22,429.54,668.46,531.52
505,OK,287,109,734,734,548.61,406.05,736.24,429.11,666.88,535.23
506,OK,287,108,736,736,550.5,404.64,738.48,429.71,667.26,535.82
507,OK,289,94,739,739,552.28,398.4,741.2,421.97,670.15,516.4
508,OK,302,104,724,724,556.82,399.59,742.24,419.65,678.62,523.53
509,OK,291,102,732,732,550.68,402.13,738.14,423.41,670.44,524.67
510,OK,283,98,734,734,542.6,401.97,730.92,417.18,663.76,520.87
511,OK,281,98,728,728,537.44,400.39,724.49,412.8,660.52,517.75
512,OK,277,96,730,730,537.1,399.64,723.89,420.58,654.46,513.54
513,OK,277,93,734,734,539.75,397.41,727.34,419.96,656.14,512.1
514,OK,277,97,735,735,541.3,400.51,729.07,425.19,653.8,516.33
515,OK,285,103,732,732,547.21,402.53,734.04,426.94,661.91,524.72
516,OK,284,103,737,737,547.64,403.23,736.03,427.52,662.73,526.65
517,OK,280,101,744,744,547.36,405.95,737.4,429.62,663.36,529.71
518,OK,287,117,734,734,547.76,414.5,735.9,433.66,666.29,543.95
519,OK,287,123,731,731,546.28,419.09,733.73,436.98,664.91,548.19
520,OK,285,115,739,739,546.31,417.65,735.9,435.06,668.06,543.22
521,OK,291,120,727,727,547.61,416.65,734.2,431.36,668.36,543.06
522,OK,291,118,730,730,549.65,416.51,736.66,434.81,670.02,540.93
523,OK,294,116,732,732,553.65,414.22,740.53,438.39,673.25,538.44
524,OK,299,122,729,729,556.39,417.11,742.6,440.23,677.58,543.73
525,OK,298,122,728,728,555.76,416.86,741.75,439.78,675.38,543.78
526,OK,296,119,733,733,555.35,416.19,742.9,438.42,676.61,544.35
527,OK,296,123,730,730,554.52,419.07,741.33,441.34,675.81,546.83
528,OK,290,123,735,735,551.47,419.47,739.13,444.35,670.46,549.94
529,OK,291,127,731,731,550.57,421.03,737.5,444.48,669.18,553.0
530,OK,279,125,737,737,541.56,422.27,730.29,443.25,658.2,554.17
531,OK,272,129,740,740,536.48,426.06,725.97,445.66,652.83,564.05
532,OK,271,135,738,738,537.92,427.78,726.1,454.16,649.93,568.07
533,OK,252,128,754,754,527.69,427.88,719.74,455.89,634.93,568.94
534,OK,211,132,743,743,497.68,422.58,685.2,460.14,574.24,566.03
535,OK,169,111,784,784,475.78,421.66,674.41,458.09,548.06,566.51
536,OK,196,122,756,756,487.69,420.37,679.3,454.86,564.52,563.87
537,OK,238,121,745,745,516.48,415.1,705.81,447.02,610.4,556.51
538,OK,276,102,737,737,542.24,402.1,730.46,426.13,653.54,527.05
539,OK,276,98,728,728,542.53,394.97,727.4,427.02,646.67,514.27
540,OK,261,97,723,723,527.64,391.18,711.67,419.86,624.95,512.15
541,OK,257,100,716,716,518.99,390.63,701.83,414.61,619.84,515.01
542,OK,283,102,721,721,542.68,395.12,726.59,421.65,653.3,515.77
543,OK,299,102,716,716,553.21,398.14,735.93,423.11,669.73,511.0
544,OK,281,103,718,718,541.61,391.87,723.68,424.52,648.37,516.16
545,OK,283,117,711,711,537.95,400.22,718.8,428.6,647.87,531.14
546,OK,266,121,703,703,516.73,405.13,697.1,420.85,627.89,531.95
547,OK,245,120,711,711,501.14,409.08,684.01,420.79,609.42,536.18
548,OK,245,119,710,710,500.05,407.69,682.4,419.92,608.88,534.84
549,OK,266,122,692,692,511.33,404.53,689.33,413.52,624.05,528.28
550,OK,276,116,698,698,523.15,399.32,702.34,413.36,638.66,525.54
551,OK,281,94,719,719,533.65,385.95,717.43,407.89,654.88,509.37
552,OK,288,104,711,711,540.31,390.74,721.83,415.49,656.26,516.86
553,OK,291,109,718,718,547.77,398.0,730.56,426.2,660.98,524.42
554,OK,286,108,724,724,545.79,400.29,730.27,428.13,659.27,527.76
555,OK,294,119,715,715,547.18,404.72,729.89,428.85,664.99,536.36
556,OK,290,121,715,715,545.75,404.21,727.92,430.75,658.49,539.79
557,OK,279,117,726,726,539.21,404.11,724.16,431.05,653.01,542.47
558,OK,282,108,716,716,537.52,398.91,720.06,425.87,651.92,521.52
559,OK,269,106,718,718,530.2,396.4,712.71,426.1,635.68,519.33
560,OK,272,110,705,705,525.1,395.82,705.01,420.48,633.01,517.71
561,OK,276,103,719,719,534.01,393.78,716.82,423.39,644.91,516.08
562,OK,269,110,713,713,526.25,397.75,708.13,423.65,634.58,521.68
563,OK,252,111,706,706,510.47,394.84,690.66,419.01,609.67,521.28
564,OK,264,109,701,701,516.57,390.11,695.58,414.2,622.17,516.43
565,OK,283,94,716,716,536.35,386.81,718.68,414.79,655.35,503.59
566,OK,279,105,705,705,532.39,386.14,711.38,417.4,642.04,512.57
567,OK,265,98,706,706,521.14,382.06,700.4,412.94,625.36,506.15
568,OK,275,104,709,709,531.89,385.68,711.16,421.11,636.48,514.6
569,OK,278,114,711,711,533.59,399.03,714.87,424.32,642.66,527.98
570,OK,295,115,709,709,544.31,402.44,725.7,423.44,664.23,526.9
571,OK,284,83,722,722,537.61,382.86,722.88,400.3,661.43,497.17
572,OK,280,85,722,722,533.97,384.39,719.13,400.98,656.48,499.81
573,OK,279,91,717,717,533.09,386.17,716.72,405.6,650.9,504.01
574,OK,279,89,719,719,534.69,383.66,718.34,406.85,651.26,501.82
575,OK,284,98,715,715,541.23,390.16,723.17,418.18,651.4,507.52
576,OK,288,103,719,719,547.15,394.04,729.98,423.57,656.78,516.28
577,OK,296,103,722,722,554.2,396.01,737.78,424.95,668.6,518.36
578,OK,300,106,722,722,557.5,398.19,741.12,427.91,673.64,522.28
579,OK,314,121,713,713,564.28,404.76,746.01,432.09,685.22,537.09
580,OK,314,122,721,721,566.46,407.66,750.57,431.97,690.34,546.0
581,OK,318,123,719,719,568.88,409.21,752.73,430.64,694.12,545.47
582,OK,317,125,715,715,567.8,409.84,750.36,434.09,690.02,543.74
583,OK,314,123,721,721,566.29,410.13,750.59,433.6,691.09,545.6
584,OK,316,123,720,720,568.06,409.83,752.11,432.87,693.23,545.39
585,OK,314,119,725,725,566.2,409.07,751.73,429.27,693.06,544.48
586,OK,317,127,713,713,567.66,411.57,749.4,437.7,688.26,542.46
587,OK,311,125,722,722,566.26,413.77,750.43,440.1,686.69,546.6
588,OK,309,126,726,726,565.18,414.22,750.37,440.77,686.37,551.04
589,OK,312,132,720,720,565.92,417.01,749.51,443.29,686.99,554.95
590,OK,306,117,730,730,564.58,410.14,750.56,437.95,684.82,540.24
591,OK,309,117,719,719,561.16,407.86,744.97,429.6,683.37,534.91
592,OK,312,110,714,714,561.77,403.5,744.84,422.15,686.02,522.99
593,OK,300,95,729,729,556.93,398.28,743.74,418.26,679.21,510.81
594,OK,291,90,728,728,547.88,396.67,734.87,411.72,669.78,505.44
595,OK,286,83,734,734,545.1,392.79,733.64,407.92,667.35,500.35
596,OK,277,82,737,737,536.18,393.16,725.62,403.36,660.67,502.63
597,OK,272,79,731,731,530.16,388.98,718.14,398.61,651.36,495.08
598,OK,271,86,730,730,526.96,395.69,714.85,400.29,651.16,504.93
599,OK,271,96,724,724,527.64,402.89,713.89,410.97,647.15,511.06
600,OK,271,98,736,736,531.0,409.9,720.38,414.82,653.93,520.87
601,OK,274,108,734,734,532.22,415.83,721.3,418.78,656.83,532.83
602,OK,266,110,737,737,525.11,421.64,714.91,421.73,648.1,536.29
603,OK,267,114,733,733,524.8,423.36,713.63,423.24,648.27,538.2
604,OK,266,113,735,735,525.08,422.35,714.43,424.23,647.1,536.71
605,OK,269,111,742,742,529.87,422.76,720.89,424.03,656.12,541.02
606,OK,282,129,727,727,535.27,431.56,722.6,430.3,662.25,554.15
607,OK,273,124,745,745,531.98,437.28,723.82,432.21,664.06,558.24
608,OK,271,129,744,744,531.02,437.93,722.64,436.94,660.02,566.03
609,OK,276,133,736,736,532.6,438.8,722.08,437.24,662.24,564.76
610,OK,271,126,747,747,531.06,437.31,723.47,434.81,661.54,562.2
611,OK,272,121,747,747,531.3,435.88,723.53,429.24,662.85,555.59
612,OK,269,114,740,740,530.07,426.01,720.74,425.74,654.45,543.07
613,OK,262,106,742,742,525.19,420.09,716.41,422.27,646.33,534.76
614,OK,267,94,743,743,527.08,409.33,718.43,409.95,654.55,521.34
615,OK,258,90,734,734,514.63,406.48,703.69,400.07,641.99,511.49
616,OK,254,85,729,729,508.3,400.63,695.83,390.86,635.21,502.6
617,OK,252,89,723,723,503.13,401.18,688.9,389.88,630.92,504.48
618,OK,245,84,724,724,495.07,404.54,680.56,385.09,627.53,497.92
619,OK,243,81,726,726,493.06,401.12,679.17,381.65,627.52,497.51
620,OK,242,82,725,725,491.91,401.34,677.51,381.31,624.81,497.12
621,OK,251,86,719,719,497.1,402.46,681.28,383.3,631.66,497.13
622,OK,253,89,716,716,499.52,402.33,683.05,383.87,632.51,501.08
623,OK,252,93,717,717,499.26,407.23,682.92,388.98,630.79,505.5
624,OK,248,83,732,732,501.35,402.37,689.43,387.84,632.63,503.32
625,OK,258,91,728,728,509.86,407.29,696.81,393.25,641.12,511.62
626,OK,261,97,726,726,511.58,411.53,697.9,395.48,645.02,516.67
627,OK,267,102,731,731,517.71,418.46,705.53,403.7,652.87,523.98
628,OK,268,102,732,732,519.43,419.29,707.32,404.34,654.94,524.29
629,OK,264,96,734,734,515.26,416.55,703.28,397.24,653.63,521.06
630,OK,266,96,725,725,515.02,410.48,701.06,395.45,649.24,513.7
631,OK,260,89,727,727,510.9,405.12,697.8,392.86,641.93,506.84
632,OK,255,88,728,728,508.76,403.61,695.88,393.2,637.19,506.34
633,OK,253,92,727,727,505.55,404.28,692.44,394.0,634.18,512.35
634,OK,256,98,722,722,506.23,408.68,691.7,396.37,635.66,517.23
635,OK,260,110,711,711,505.69,412.9,688.36,400.89,633.33,523.85
636,OK,261,114,713,713,507.56,418.49,690.79,405.59,635.49,529.42
637,OK,249,114,722,722,500.58,423.55,685.86,408.73,627.54,535.74
638,OK,244,117,721,721,493.52,425.44,678.54,409.09,622.75,538.47
639,OK,237,118,722,722,486.66,427.28,671.73,409.74,617.14,540.96
640,OK,234,116,722,722,482.39,428.76,667.15,407.86,615.29,537.4
641,OK,230,112,725,725,479.07,428.37,664.6,406.11,613.05,532.31
642,OK,222,104,732,732,474.13,424.32,660.84,398.64,609.81,529.97
643,OK,212,95,738,738,467.51,419.84,655.99,395.15,601.51,521.33
644,OK,217,97,735,735,470.86,419.57,658.82,396.22,604.63,521.86
645,OK,222,96,732,732,474.23,417.65,661.21,393.38,609.72,519.38
646,OK,225,89,736,736,479.17,411.99,667.55,390.01,614.16,514.73
647,OK,235,90,728,728,487.19,406.97,674.0,390.74,619.23,510.65
648,OK,242,90,722,722,492.58,402.99,678.01,388.48,621.99,507.81
649,OK,251,95,714,714,497.93,401.06,681.71,391.53,626.67,508.32
650,OK,257,95,714,714,504.07,400.4,687.69,392.33,633.53,508.69
651,OK,256,81,730,730,510.8,395.46,698.8,391.2,638.34,499.82
652,OK,264,84,732,732,520.2,396.07,708.68,396.62,645.75,503.74
653,OK,270,80,743,743,531.93,397.3,723.16,403.49,656.31,502.49
654,OK,283,87,736,736,541.55,400.92,731.13,406.93,667.26,507.56
655,OK,289,88,736,736,546.04,402.39,735.44,408.2,675.2,507.74
656,OK,309,99,723,723,558.36,404.48,744.37,413.03,689.32,512.6
657,OK,308,100,728,728,560.65,404.22,747.82,413.97,691.01,519.15
658,OK,312,102,723,723,562.66,403.34,748.51,416.52,690.52,517.73
659,OK,315,104,719,719,565.38,403.14,750.01,418.38,691.42,516.52
660,OK,315,109,718,718,565.12,405.66,749.53,419.92,691.96,523.83
661,OK,315,110,717,717,564.91,405.55,749.0,421.03,690.28,522.88
662,OK,313,108,717,717,563.14,405.86,747.16,420.5,688.11,520.46
663,OK,310,107,720,720,563.58,404.47,747.98,423.21,685.2,521.6
664,OK,313,106,716,716,565.83,403.72,749.34,422.8,686.26,514.99
665,OK,318,109,713,713,567.92,404.0,750.68,421.94,690.12,517.79
666,OK,318,108,719,719,568.44,405.08,753.2,419.1,694.87,522.3
667,OK,323,113,710,710,570.25,406.23,752.54,420.38,695.52,524.24
668,OK,333,113,707,707,578.15,403.57,759.56,419.31,704.13,521.59
669,OK,339,114,702,702,584.07,403.12,763.96,421.72,706.18,519.56
670,OK,346,116,705,705,591.51,403.04,771.92,423.71,715.31,524.31
671,OK,344,113,708,708,591.62,401.64,772.81,422.74,715.36,523.69
672,OK,342,113,707,707,588.25,401.4,769.3,422.03,711.39,521.01
673,OK,341,116,700,700,586.21,399.9,765.07,421.74,706.36,521.68
674,OK,346,115,695,695,588.53,397.24,765.96,420.43,709.15,516.68
675,OK,345,109,699,699,589.05,393.36,767.17,418.89,709.9,510.82
676,OK,346,100,700,700,591.46,387.47,770.12,412.48,713.06,501.21
677,OK,342,99,703,703,588.87,388.19,768.04,413.55,708.94,499.54
678,OK,343,100,703,703,589.62,386.29,768.89,412.15,709.65,502.89
679,OK,344,100,698,698,588.12,386.87,765.78,414.57,709.26,497.99
680,OK,344,97,701,701,588.73,383.28,767.37,409.63,710.39,498.42
681,OK,340,100,702,702,586.95,387.28,765.88,412.43,706.77,502.28
682,OK,337,102,703,703,583.87,389.25,763.05,415.25,702.63,505.38
683,OK,336,104,704,704,582.99,392.14,762.92,414.86,703.68,508.7
684,OK,331,107,709,709,578.99,395.36,760.36,415.9,701.08,518.0
685,OK,330,111,707,707,577.59,397.25,758.57,417.83,699.03,521.18
686,OK,329,112,705,705,575.41,398.78,756.09,417.58,697.07,521.11
687,OK,323,109,710,710,572.74,397.95,754.43,417.96,692.66,520.86
688,OK,321,108,715,715,571.64,397.83,754.79,417.98,693.05,522.45
689,OK,321,110,712,712,571.27,399.44,753.61,419.19,693.06,524.1
690,OK,319,114,714,714,570.14,401.66,753.03,421.37,691.29,531.93
691,OK,316,115,718,718,568.59,404.51,752.51,423.73,689.83,535.64
692,OK,314,114,714,714,566.09,402.29,748.76,422.53,685.13,531.45
693,OK,314,113,713,713,565.3,399.96,747.63,421.14,684.62,528.81
694,OK,315,115,713,713,566.25,399.83,748.69,421.92,686.22,531.43
695,OK,314,114,720,720,567.36,402.23,751.4,424.23,688.63,536.32
696,OK,317,115,716,716,568.47,401.93,751.82,422.53,689.94,535.17
697,OK,321,119,712,712,570.55,402.56,752.63,423.71,693.11,538.67
698,OK,319,119,715,715,569.98,403.05,752.91,423.61,691.24,540.09
699,OK,315,117,718,718,568.99,403.19,752.79,423.25,688.14,538.82
700,OK,317,120,716,716,569.78,405.32,753.2,425.57,690.1,541.8
701,OK,319,123,717,717,570.81,406.47,754.0,428.94,692.06,545.77
702,OK,318,129,715,715,569.88,407.94,752.37,432.62,689.89,552.13
703,OK,314,131,712,712,565.81,410.27,747.54,434.64,683.45,551.62
704,OK,307,125,716,716,562.18,411.03,744.8,436.77,677.13,543.71
705,OK,295,129,722,722,552.83,414.3,737.02,440.54,667.26,552.86
706,OK,291,129,723,723,549.19,416.12,733.83,440.48,663.52,553.51
707,OK,269,118,742,742,537.22,413.09,726.81,437.78,649.04,553.99
708,OK,272,121,725,725,533.94,409.11,719.14,432.51,642.46,545.85
709,OK,278,122,711,711,530.96,410.26,713.66,423.92,644.01,538.83
710,OK,276,124,705,705,526.98,410.28,708.13,421.6,639.14,536.81
711,OK,272,129,704,704,524.64,411.13,705.4,425.95,634.79,543.69
712,OK,269,127,710,710,524.7,410.52,706.74,427.48,633.44,545.1
713,OK,274,126,709,709,529.05,410.04,710.7,427.81,637.69,542.81
714,OK,277,125,711,711,532.28,410.49,714.65,427.88,642.49,542.53
715,OK,278,123,716,716,534.79,409.5,718.11,429.06,646.03,543.38
716,OK,279,120,716,716,535.32,407.9,718.87,425.92,648.15,540.62
717,OK,280,123,711,711,534.25,406.69,716.46,425.45,644.96,539.96
718,OK,278,118,717,717,534.95,406.28,718.55,425.76,645.9,536.5
719,OK,280,119,713,713,535.86,406.76,718.56,426.31,646.27,534.32
720,OK,281,122,710,710,536.08,407.46,717.81,426.9,646.61,536.95
721,OK,283,124,708,708,536.35,407.91,717.74,427.73,647.09,538.18
722,OK,286,121,706,706,537.58,405.5,718.54,424.28,650.07,534.81
723,OK,284,118,713,713,536.95,406.28,719.72,424.05,651.9,533.04
724,OK,286,119,710,710,538.21,405.79,720.22,423.49,653.48,534.66
725,OK,288,121,709,709,539.9,406.03,721.45,425.77,654.62,535.61
726,OK,286,129,712,712,540.1,412.67,722.21,433.64,653.79,547.94
727,OK,287,128,708,708,540.31,410.96,721.58,430.91,652.49,543.97
728,OK,287,127,708,708,540.65,407.66,721.52,430.12,652.45,544.41
729,OK,282,111,720,720,540.84,402.13,724.82,426.49,652.98,529.22
730,OK,287,114,715,715,541.81,402.31,724.57,425.15,655.19,529.85
731,OK,280,112,714,714,538.44,399.5,720.31,426.65,645.66,526.08
732,OK,276,112,713,713,533.06,400.33,715.36,423.35,641.4,525.25
733,OK,271,112,712,712,529.83,398.3,711.45,423.65,635.15,525.19
734,OK,271,107,696,696,520.62,392.62,699.0,411.15,628.73,509.92
735,OK,264,94,713,713,517.28,389.5,700.61,399.47,632.55,505.72
736,OK,259,83,723,723,515.62,383.66,701.4,394.58,631.6,500.19
737,OK,265,86,719,719,520.07,381.11,704.62,395.04,636.11,502.94
738,OK,271,94,714,714,525.48,386.7,708.62,404.25,640.17,507.05
739,OK,289,114,706,706,543.35,397.13,723.13,424.82,651.86,523.89
740,OK,310,126,699,699,557.36,402.94,735.14,430.59,672.12,535.05
741,OK,308,122,708,708,560.56,401.01,740.14,433.17,674.64,536.1
742,OK,307,125,703,703,556.97,402.13,735.82,430.96,671.28,536.1
743,OK,293,117,713,713,550.71,397.57,731.45,430.48,658.33,533.84
744,OK,286,121,710,710,545.1,397.49,724.29,433.57,648.66,536.63
745,OK,285,119,711,711,543.32,396.06,723.07,431.75,647.48,534.46
746,OK,283,120,704,704,539.73,395.6,717.83,429.43,641.78,532.88
747,OK,284,121,701,701,539.16,394.33,716.43,428.04,640.61,531.1
748,OK,281,120,705,705,538.61,395.28,716.9,429.43,639.65,532.58
749,OK,281,119,705,705,538.25,395.38,716.58,429.17,640.28,531.48
750,OK,278,118,706,706,536.25,394.27,714.77,428.28,638.18,531.81
751,OK,279,119,706,706,536.39,394.88,715.25,428.27,638.48,532.44
752,OK,279,119,711,711,538.92,395.21,718.18,432.15,640.49,535.04
753,OK,285,121,705,705,541.03,396.75,719.3,431.81,645.53,533.13
754,OK,298,115,700,700,547.39,395.54,725.69,422.59,659.88,522.33
755,OK,305,109,699,699,551.93,389.14,729.69,417.48,668.62,513.68
756,OK,310,105,696,696,555.15,385.3,732.13,413.59,674.04,507.89
757,OK,309,110,692,692,551.52,387.71,727.91,413.46,670.84,511.62
758,OK,305,111,688,688,550.2,386.06,724.03,421.05,661.25,507.16
759,OK,298,102,699,699,546.26,381.98,723.36,413.77,659.57,505.38
760,OK,287,89,710,710,539.12,376.46,720.09,402.52,654.85,498.99
761,OK,282,86,713,713,537.76,371.24,719.07,400.55,648.52,498.43
762,OK,281,83,712,712,534.03,371.04,715.94,393.54,649.36,496.94
763,OK,279,86,713,713,532.31,373.17,714.58,396.23,648.41,500.7
764,OK,279,88,711,711,530.91,375.22,712.66,397.08,646.93,501.31
765,OK,276,89,704,704,525.64,375.96,705.98,395.28,640.97,497.77
766,OK,275,93,697,697,522.65,375.7,701.21,393.58,635.69,497.84
767,OK,272,93,694,694,517.62,374.63,695.64,391.82,631.47,498.36
768,OK,261,97,692,692,506.25,379.19,684.25,390.66,619.57,501.26
769,OK,238,85,706,706,494.34,376.22,675.65,389.26,598.28,494.18
770,OK,236,81,711,711,492.88,376.81,675.65,387.53,598.87,491.76
771,OK,242,88,709,709,495.54,383.01,677.78,392.74,606.41,497.24
772,OK,245,96,708,708,497.98,388.24,680.23,396.44,610.25,507.94
773,OK,259,111,699,699,504.62,399.03,684.54,403.9,622.95,519.25
774,OK,256,109,698,698,502.26,399.43,682.07,404.38,619.01,515.12
775,OK,253,110,707,707,502.41,403.26,684.41,408.12,619.49,521.17
776,OK,252,111,708,708,502.87,404.25,685.25,410.54,618.71,523.94
777,OK,263,113,701,701,508.94,404.65,689.37,409.86,628.44,519.31
778,OK,263,114,702,702,509.57,406.26,690.4,412.15,628.44,521.96
779,OK,265,107,717,717,515.25,406.76,699.78,412.06,639.32,522.15
780,OK,266,110,717,717,516.35,408.46,700.97,413.11,640.72,526.16
781,OK,265,108,718,718,516.46,407.7,701.26,412.6,640.39,524.87
782,OK,269,115,709,709,516.22,409.54,698.89,414.42,639.01,526.7
783,OK,259,118,711,711,508.96,412.21,692.18,415.17,628.34,532.6
784,OK,252,118,716,716,504.96,413.49,689.36,418.64,623.59,537.78
785,OK,246,119,714,714,498.01,415.41,681.8,418.38,617.83,535.28
786,OK,250,115,713,713,500.2,413.99,683.85,416.27,620.8,527.75
787,OK,268,112,709,709,516.58,408.09,699.07,415.76,638.11,520.6
788,OK,270,98,730,730,530.32,398.74,716.8,423.04,647.32,516.22
789,OK,304,103,722,722,556.24,399.72,740.41,424.68,682.72,516.76
790,OK,336,113,698,698,575.29,399.39,753.16,425.06,706.37,512.52
791,OK,377,126,686,686,606.11,402.14,780.38,431.54,748.5,522.5
792,OK,382,136,677,677,609.24,400.98,780.29,434.62,745.62,531.5
793,OK,352,135,690,690,589.12,402.86,763.63,436.17,718.61,541.03
794,OK,328,130,705,705,573.46,405.18,751.83,439.24,697.8,542.19
795,OK,282,123,706,706,533.22,403.3,712.26,435.64,647.39,533.5
796,OK,277,128,690,690,517.23,407.56,693.65,428.24,638.88,529.62
797,OK,237,108,714,714,488.97,401.77,671.73,422.19,608.07,519.06
798,OK,215,87,727,727,472.31,384.24,658.18,407.72,591.02,504.55
799,OK,214,79,730,730,473.46,378.16,659.71,403.82,592.47,498.11
800,OK,232,88,718,718,483.4,387.14,667.32,407.48,607.14,497.96
801,OK,234,93,722,722,489.32,388.41,673.81,411.34,610.22,509.72
802,OK,234,78,732,732,490.1,387.11,677.89,404.29,617.3,493.59
803,OK,252,85,717,717,499.03,389.51,683.0,404.96,629.51,490.44
804,OK,266,78,715,715,514.46,378.61,697.08,403.07,642.1,480.94
805,OK,275,86,708,708,521.63,380.21,701.41,410.07,648.35,486.78
806,OK,284,109,697,697,522.96,393.1,701.74,410.26,652.98,512.95
807,OK,289,111,697,697,527.56,394.82,706.15,412.3,658.12,515.01
808,OK,280,116,707,707,527.37,399.78,708.14,422.0,649.56,527.73
809,OK,279,115,707,707,527.51,397.68,708.0,422.71,646.6,526.04
810,OK,272,115,716,716,525.88,398.23,707.93,427.62,643.32,533.27
811,OK,275,111,713,713,526.74,398.08,708.95,421.61,646.02,525.39
812,OK,270,105,721,721,522.64,395.73,707.29,416.59,645.51,523.94
813,OK,269,105,715,715,520.45,395.03,703.55,415.54,640.18,520.41
814,OK,270,105,711,711,517.63,396.58,700.28,409.22,642.22,518.46
815,OK,278,111,693,693,517.05,394.59,695.39,404.29,642.63,515.96
816,OK,273,112,693,693,514.75,397.08,692.87,410.56,636.11,512.39
817,OK,273,107,700,700,518.4,395.39,698.14,410.79,638.46,512.6
818,OK,270,110,703,703,517.31,398.02,697.84,413.16,634.5,516.81
819,OK,271,114,697,697,515.61,400.45,694.82,412.37,633.15,519.05
820,OK,263,111,703,703,510.44,401.6,691.11,414.18,627.95,516.48
821,OK,263,115,699,699,509.51,404.62,689.3,415.17,626.36,520.02
822,OK,258,118,700,700,505.83,406.86,685.65,419.66,621.33,523.07
823,OK,255,114,704,704,503.83,404.25,684.87,415.28,620.62,522.29
824,OK,247,108,713,713,497.71,405.8,681.11,414.29,618.09,519.02
825,OK,245,110,712,712,496.37,406.43,679.45,417.65,615.18,520.78
826,OK,247,115,708,708,496.94,407.73,679.09,418.21,615.82,525.2
827,OK,247,114,709,709,496.47,405.92,678.7,417.54,614.6,524.43
828,OK,248,120,707,707,498.06,408.46,679.82,419.52,614.71,532.84
829,OK,251,124,702,702,499.33,412.39,679.78,421.7,614.61,534.66
830,OK,256,127,699,699,501.02,413.63,680.93,419.64,619.43,536.76
831,OK,252,124,707,707,500.35,414.6,682.51,419.36,618.68,538.64
832,OK,251,122,708,708,500.23,414.93,682.47,417.0,619.0,536.09
833,OK,255,123,705,705,502.84,413.11,684.42,417.7,621.67,536.04
834,OK,251,122,707,707,500.01,413.6,681.99,417.02,618.74,535.6
835,OK,246,122,711,711,496.48,415.27,679.7,418.79,615.13,537.65
836,OK,240,120,714,714,492.71,414.88,676.46,419.26,610.51,537.26
837,OK,241,116,718,718,495.67,410.46,680.47,418.58,612.14,536.06
838,OK,244,119,711,711,496.47,409.93,679.3,418.71,611.0,534.7
839,OK,244,119,711,711,495.98,409.0,678.93,418.0,611.09,535.31
840,OK,242,119,710,710,494.58,411.37,677.28,418.46,609.58,534.31
841,OK,250,124,700,700,497.32,413.31,677.65,418.45,612.97,533.49
842,OK,247,124,707,707,497.72,415.78,679.7,420.15,612.89,536.79
843,OK,252,125,707,707,500.74,415.37,682.82,420.57,618.3,539.06
844,OK,250,125,708,708,500.93,414.92,683.2,421.99,617.33,540.03
845,OK,252,124,707,707,502.13,414.29,684.13,420.84,617.65,538.31
846,OK,254,124,705,705,503.21,413.64,684.74,419.48,619.52,536.24
847,OK,256,124,704,704,504.25,415.18,685.65,418.75,621.79,536.92
848,OK,255,123,706,706,505.05,414.96,686.92,420.19,620.83,535.9
849,OK,259,124,704,704,507.25,414.21,688.55,419.47,624.87,535.46
850,OK,259,128,700,700,506.95,413.83,687.11,422.17,621.19,538.52
851,OK,260,130,699,699,508.53,412.22,688.28,424.38,621.09,539.94
852,OK,253,124,711,711,506.21,413.48,688.87,424.88,620.33,540.53
853,OK,257,121,707,707,507.75,409.49,689.51,420.78,622.56,534.61
854,OK,261,116,704,704,510.17,405.64,691.18,414.75,627.25,526.78
855,OK,261,115,709,709,512.03,403.6,694.31,415.39,628.1,529.72
856,OK,273,123,704,704,521.23,405.67,701.73,421.93,638.97,537.12
857,OK,284,136,727,727,543.93,419.46,728.67,449.64,659.13,565.44
858,OK,277,141,740,740,541.86,429.76,730.33,458.83,659.57,578.91
859,OK,275,145,749,749,541.3,434.68,731.84,464.38,662.06,588.6
860,OK,269,137,750,750,536.58,429.75,727.66,458.03,656.02,581.94
861,OK,268,135,740,740,534.07,420.61,722.23,450.94,648.75,574.69
862,OK,254,127,727,727,516.89,412.57,702.62,437.06,625.17,556.56
863,OK,251,123,714,714,507.37,407.48,690.51,424.64,617.7,544.23
864,OK,263,118,701,701,511.1,402.86,691.33,414.13,626.47,529.4
865,OK,262,110,699,699,512.01,392.02,691.29,408.71,621.53,519.31
866,OK,263,110,698,698,514.56,389.89,693.35,409.83,621.82,519.04
867,OK,264,115,700,700,515.0,396.48,694.45,413.58,623.52,526.65
868,OK,261,111,706,706,513.99,398.67,695.21,412.96,625.31,524.01
869,OK,266,115,706,706,517.53,401.3,698.83,415.87,629.89,528.88
870,OK,267,129,697,697,516.96,407.21,695.9,422.38,625.53,540.25
871,OK,266,127,697,697,515.23,407.54,694.25,420.53,624.49,536.37
872,OK,270,132,689,689,514.8,409.48,691.9,422.47,626.58,536.42
873,OK,267,128,692,692,514.47,409.03,692.25,422.1,624.57,533.86
874,OK,256,123,704,704,509.46,407.23,690.15,421.4,617.28,535.79
875,OK,263,123,698,698,513.7,404.98,692.97,420.15,622.33,532.54
876,OK,265,123,698,698,515.84,405.29,694.92,420.17,623.69,532.55
877,OK,267,121,695,695,516.95,402.36,695.18,419.22,622.05,526.42
878,OK,265,120,700,700,518.78,403.17,698.24,420.91,623.36,529.01
879,OK,268,124,696,696,519.67,403.75,698.15,421.21,624.71,533.33
880,OK,265,126,700,700,517.83,407.6,697.26,425.66,622.81,536.53
881,OK,265,123,704,704,518.98,407.45,699.51,424.98,626.32,535.2
882,OK,268,125,701,701,520.46,407.91,700.27,423.4,627.0,534.58
883,OK,269,126,699,699,520.3,409.36,699.65,424.12,627.62,534.92
884,OK,267,129,699,699,518.47,408.91,697.69,424.86,625.76,540.05
885,OK,265,125,702,702,517.17,409.61,697.44,424.02,626.19,536.77
886,OK,263,126,705,705,515.23,411.2,696.25,424.07,624.39,538.95
887,OK,264,125,704,704,516.16,411.13,697.16,422.63,626.98,538.8
888,OK,264,123,710,710,518.49,410.58,700.86,424.39,629.69,539.15
889,OK,263,125,708,708,517.16,410.4,698.97,425.95,626.1,540.33
890,OK,261,125,698,698,510.17,411.87,689.88,418.92,621.84,533.29
891,OK,254,110,714,714,510.48,403.86,693.93,417.27,620.82,524.74
892,OK,241,106,723,723,503.9,401.12,689.44,417.23,607.37,526.1
893,OK,252,112,715,715,512.25,402.16,695.46,420.81,615.55,527.97
894,OK,267,119,704,704,520.02,407.33,700.73,422.67,629.22,528.91
895,OK,271,129,693,693,519.4,408.98,697.14,424.99,627.44,534.57
896,OK,261,127,705,705,516.31,409.15,696.95,428.0,621.02,539.45
897,OK,250,120,717,717,510.03,410.12,693.97,425.65,615.34,538.63
898,OK,262,129,704,704,513.29,415.69,694.26,426.93,624.93,542.2
899,OK,266,130,712,712,519.38,417.64,702.07,432.6,634.37,548.5
900,OK,275,135,711,711,527.31,421.29,709.56,437.99,643.49,550.49
901,OK,266,135,714,714,523.28,418.4,705.88,440.84,631.75,555.27
902,OK,257,133,722,722,520.1,417.48,704.3,443.44,625.67,557.8
903,OK,268,136,723,723,527.06,419.12,711.6,443.81,638.81,562.56
904,OK,272,136,715,715,527.1,417.52,709.87,440.38,641.1,558.31
905,OK,256,124,726,726,516.8,413.41,702.71,433.06,630.2,551.66
906,OK,256,120,712,712,511.57,407.01,694.17,422.88,621.34,537.43
907,OK,243,121,718,718,501.98,407.67,685.94,425.58,610.05,544.64
908,OK,246,125,712,712,501.34,410.27,684.19,425.63,611.47,544.6
909,OK,252,124,710,710,506.97,408.97,689.02,425.0,617.02,542.37
910,OK,264,128,705,705,513.73,411.59,694.97,424.12,629.03,542.8
911,OK,264,133,707,707,515.09,414.83,696.52,430.1,629.16,550.56
912,OK,267,135,703,703,517.26,414.1,697.66,431.01,630.54,550.07
913,OK,260,126,722,722,518.52,412.45,703.28,432.89,632.05,551.47
914,OK,261,129,718,718,519.1,411.27,702.47,435.73,629.91,552.6
915,OK,264,129,719,719,522.41,414.42,706.33,436.99,632.27,552.28
916,OK,281,134,715,715,536.35,414.76,718.72,440.73,649.65,555.13
917,OK,292,133,720,720,548.29,415.29,731.4,443.99,664.96,558.33
918,OK,297,134,721,721,552.37,417.06,735.8,446.51,670.46,558.19
919,OK,305,139,712,712,558.05,418.49,738.98,448.3,673.98,558.05
920,OK,312,145,706,706,562.62,421.67,742.02,451.17,679.06,560.39
921,OK,331,151,693,693,574.7,420.11,750.18,453.18,691.67,559.3
922,OK,397,195,634,634,612.11,439.06,772.24,470.74,737.32,570.08
923,OK,440,211,602,602,642.47,433.73,791.97,474.83,764.83,569.76
924,OK,446,207,601,601,645.71,430.85,795.65,469.39,773.2,564.98
925,OK,441,200,606,606,647.02,426.55,796.08,472.66,767.85,557.96
926,OK,436,196,610,610,644.36,425.13,793.76,474.18,764.31,554.17
927,OK,430,197,610,610,636.47,425.6,788.38,465.84,758.36,558.3
928,OK,420,200,616,616,629.78,430.05,783.05,470.75,751.16,566.24
929,OK,382,185,647,647,606.87,430.99,767.94,474.24,724.43,564.55
930,OK,380,175,649,649,601.33,426.45,765.41,458.97,725.26,556.02
931,OK,357,152,670,670,589.05,413.91,758.52,446.4,711.18,545.78
932,OK,336,136,691,691,576.97,408.78,752.29,439.6,699.02,537.91
933,OK,329,134,701,701,574.17,407.15,751.79,439.94,696.22,544.58
934,OK,319,126,703,703,565.78,404.18,744.23,434.45,685.37,536.14
935,OK,323,140,689,689,564.75,411.04,739.98,438.88,682.6,543.92
936,OK,315,138,697,697,561.22,411.02,737.92,442.64,677.33,545.56
937,OK,311,142,699,699,556.62,416.25,734.73,443.15,676.08,553.99
938,OK,302,136,707,707,551.61,415.59,731.87,441.54,668.53,550.76
939,OK,293,122,716,716,549.46,409.26,731.62,437.49,662.93,537.46
940,OK,298,130,704,704,548.02,408.56,727.26,435.49,662.97,542.82
941,OK,299,135,707,707,548.98,412.31,729.03,439.97,666.81,550.17
942,OK,299,133,711,711,551.06,410.8,731.81,441.06,668.07,551.11
943,OK,295,136,721,721,551.19,419.14,734.95,446.83,667.92,560.22
944,OK,302,142,707,707,552.12,418.74,732.09,446.58,668.53,557.97
945,OK,302,139,708,708,553.06,418.12,733.41,445.91,669.79,555.71
946,OK,294,133,717,717,549.43,413.72,731.57,443.8,664.76,554.74
947,OK,299,130,713,713,552.68,410.14,733.89,440.58,668.5,548.26
948,OK,300,131,705,705,550.37,408.21,729.49,437.42,664.47,543.37
949,OK,298,130,704,704,546.56,410.31,726.18,435.57,663.83,541.51
950,OK,284,132,707,707,535.53,410.15,716.06,434.33,648.87,549.66
951,OK,283,132,702,702,534.04,406.81,713.13,432.43,644.65,547.37
952,OK,281,129,702,702,534.34,403.25,712.69,433.43,642.07,543.2
953,OK,284,130,697,697,534.04,404.46,711.43,432.37,642.77,539.28
954,OK,276,127,698,698,527.41,403.53,705.63,426.54,635.27,537.49
955,OK,282,127,695,695,531.61,402.46,709.2,425.17,637.83,534.22
956,OK,278,123,702,702,530.19,402.55,709.65,424.55,638.57,534.83
957,OK,279,125,700,700,530.64,402.35,709.53,425.82,638.8,536.91
958,OK,277,124,699,699,527.3,402.82,706.05,425.09,636.28,533.43
959,OK,279,125,695,695,525.47,403.96,703.68,421.72,638.37,532.5
960,OK,282,127,690,690,526.86,404.47,703.66,423.29,640.71,531.9
961,OK,283,128,688,688,527.63,403.36,703.51,424.58,638.85,531.65
962,OK,280,122,701,701,531.51,400.42,710.05,427.7,639.98,530.99
963,OK,274,115,708,708,530.04,397.85,710.2,426.86,637.87,526.74
964,OK,280,114,707,707,533.85,396.26,713.63,425.48,642.47,523.65
965,OK,282,113,707,707,535.2,396.52,715.04,424.98,645.07,522.21
966,OK,282,119,705,705,535.55,399.38,714.99,427.24,644.28,529.05
967,OK,284,123,709,709,536.74,405.46,717.75,430.23,648.82,536.99
968,OK,286,126,708,708,537.49,407.37,718.19,432.12,652.27,540.85
969,OK,287,133,703,703,536.06,411.45,715.71,433.7,650.33,547.23
970,OK,285,126,704,704,534.43,407.06,714.46,429.34,649.86,538.15
971,OK,286,127,701,701,533.33,407.24,712.86,427.11,649.9,537.43
972,OK,283,127,689,689,521.3,410.72,698.75,416.96,644.93,529.1
973,OK,281,119,690,690,519.54,404.32,697.01,411.25,644.6,520.6
974,OK,275,111,687,687,509.97,398.31,686.97,397.35,638.31,511.85
975,OK,255,95,702,702,498.07,392.9,678.97,394.33,624.91,499.79
976,OK,237,72,718,718,486.88,383.17,671.84,388.36,614.56,477.61
977,OK,225,69,722,722,477.11,381.62,662.93,376.65,603.08,481.57
978,OK,218,67,721,721,469.53,378.83,654.99,371.59,594.38,479.2
979,OK,215,67,725,725,467.52,382.5,653.87,372.35,594.35,482.57
980,OK,215,67,726,726,468.03,382.18,654.73,372.62,594.81,483.4
981,OK,218,66,729,729,472.64,383.07,660.07,373.27,598.9,483.51
982,OK,219,68,728,728,473.6,383.64,660.96,374.6,599.44,484.98
983,OK,218,69,731,731,473.09,385.43,661.14,376.26,599.61,488.81
984,OK,218,69,735,735,474.54,385.92,663.75,378.05,601.4,491.63
985,OK,219,71,735,735,475.91,387.26,665.09,380.42,602.27,493.67
986,OK,219,74,731,731,474.73,390.71,662.76,382.88,600.9,492.32
987,OK,226,82,727,727,477.96,396.78,665.13,389.02,606.79,498.89
988,OK,231,84,723,723,481.01,398.25,667.07,388.53,611.11,498.52
989,OK,227,82,726,726,480.9,396.34,667.73,390.04,607.37,498.5
990,OK,230,83,727,727,483.61,395.66,670.94,392.23,609.54,498.42
991,OK,238,90,720,720,489.2,399.79,674.74,395.8,615.3,503.06
992,OK,240,89,726,726,493.09,400.92,680.02,398.07,619.5,504.88
993,OK,248,94,720,720,499.07,401.87,684.59,399.8,624.18,508.96
994,OK,256,104,711,711,503.3,404.65,686.37,402.31,628.95,515.14
995,OK,260,108,705,705,504.97,405.75,686.41,402.38,628.57,516.22
996,OK,266,112,703,703,510.74,405.43,691.88,405.45,634.61,520.63
997,OK,270,119,700,700,516.66,408.51,696.99,411.65,635.01,527.98
998,OK,266,120,712,712,521.19,408.82,704.08,423.01,633.03,536.58
999,OK,257,122,740,740,523.94,418.75,713.44,438.53,635.87,556.88
1000,OK,271,136,733,733,532.61,426.92,720.19,447.3,648.19,567.88
1001,OK,272,135,737,737,535.96,426.93,724.25,451.13,651.84,568.07
1002,OK,263,126,744,744,531.03,421.0,721.07,445.91,645.13,563.87
1003,OK,263,123,745,745,530.47,417.86,720.59,443.23,644.49,560.72
1004,OK,263,122,743,743,529.42,417.17,719.45,439.26,645.19,559.29
1005,OK,260,117,742,742,528.76,411.63,718.09,436.8,640.36,553.5
1006,OK,267,118,741,741,533.13,410.71,722.28,437.07,646.64,552.69
1007,OK,263,119,746,746,531.68,413.34,722.2,438.13,645.09,558.61
1008,OK,261,120,746,746,530.89,414.42,721.27,439.63,643.84,560.05
1009,OK,263,117,755,755,534.49,412.47,726.9,440.42,650.1,562.03
1010,OK,266,119,754,754,536.49,415.52,728.56,443.43,653.77,564.27
1011,OK,267,123,746,746,534.96,417.46,725.37,443.23,651.08,562.98
1012,OK,264,122,744,744,531.14,416.93,721.16,441.48,646.45,560.76
1013,OK,268,123,742,742,533.51,417.26,723.17,440.13,649.74,560.62
1014,OK,269,124,740,740,533.85,416.34,723.01,439.54,651.09,560.22
1015,OK,273,125,740,740,538.46,415.66,727.21,442.4,654.8,561.86
1016,OK,278,130,739,739,541.33,418.56,729.79,445.95,659.68,567.09
1017,OK,286,142,727,727,544.57,428.67,730.1,454.64,662.43,570.12
1018,OK,300,158,722,722,555.64,440.13,739.85,464.93,676.14,587.02
1019,OK,352,184,695,695,592.83,442.03,768.44,477.37,717.57,603.36
1020,OK,350,160,717,717,594.65,436.72,777.37,464.41,731.83,586.93
1021,OK,329,153,707,707,577.95,424.48,756.72,459.05,697.6,571.73
1022,OK,310,140,715,715,563.03,418.75,744.54,449.39,680.22,560.0
1023,OK,299,141,714,714,552.72,418.84,734.16,448.06,669.45,563.35
1024,OK,286,141,727,727,546.88,422.83,731.14,456.22,659.99,568.99
1025,OK,284,140,728,728,545.41,424.07,730.17,455.58,659.85,569.21
1026,OK,291,136,722,722,548.36,418.38,732.16,446.83,664.64,561.75
1027,OK,277,133,725,725,534.82,416.89,720.05,439.65,650.85,562.48
1028,OK,272,133,718,718,529.61,414.86,712.89,439.76,641.12,557.5
1029,OK,277,134,718,718,534.17,415.15,717.37,440.92,648.1,559.23
1030,OK,287,135,720,720,542.64,416.83,725.96,444.6,659.79,561.09
1031,OK,284,131,735,735,547.19,417.72,734.01,448.38,662.74,563.85
1032,OK,290,142,721,721,548.86,421.55,731.62,453.95,661.0,566.46
1033,OK,287,139,727,727,548.45,421.24,732.55,455.11,661.16,565.99
1034,OK,279,133,734,734,542.16,420.32,729.07,448.64,658.34,567.51
1035,OK,270,131,740,740,536.65,417.34,724.83,447.99,649.47,569.46
1036,OK,276,131,737,737,541.57,417.07,728.57,449.86,653.01,566.5
1037,OK,302,144,710,710,554.01,422.5,734.77,450.52,671.4,562.86
1038,OK,312,140,711,711,561.17,419.3,742.68,444.21,684.01,558.65
1039,OK,314,141,702,702,562.07,416.26,740.56,444.82,679.09,554.88
1040,OK,306,136,708,708,556.73,416.81,737.26,441.89,674.47,551.33
1041,OK,301,134,717,717,555.29,415.76,737.63,444.35,671.9,555.81
1042,OK,296,133,720,720,551.58,417.75,735.42,442.89,669.82,557.34
1043,OK,298,131,725,725,553.32,418.47,738.69,441.64,674.91,557.13
1044,OK,295,130,726,726,552.45,417.13,737.78,442.15,672.82,557.09
1045,OK,300,141,715,715,553.27,421.6,735.47,447.65,669.64,561.9
1046,OK,297,138,722,722,553.34,422.46,737.46,448.53,672.09,562.51
1047,OK,299,132,724,724,555.58,418.3,740.01,445.4,675.03,557.81
1048,OK,312,136,706,706,559.95,417.39,740.37,439.9,681.75,551.29
1049,OK,311,130,707,707,557.61,412.72,738.35,434.04,680.45,543.02
1050,OK,287,132,715,715,542.16,413.91,724.7,437.7,655.69,553.22
1051,OK,271,126,720,720,532.58,410.24,715.97,437.4,639.08,548.91
1052,OK,255,124,732,732,522.39,410.94,708.77,439.71,626.84,556.38
1053,OK,236,130,722,722,502.64,414.07,686.97,438.68,601.19,556.91
1054,OK,216,130,726,726,486.5,414.62,671.5,442.12,579.41,558.99
1055,OK,169,118,767,767,460.63,411.37,653.08,455.46,548.82,569.09
1056,OK,152,120,746,746,436.74,409.17,624.24,451.6,520.03,556.62
1057,OK,144,108,745,745,424.56,402.8,613.66,435.65,514.8,540.99
1058,OK,172,116,720,720,437.78,403.68,621.78,427.57,535.33,536.44
1059,OK,199,102,711,711,458.09,388.89,639.55,414.05,560.29,513.2
1060,OK,215,91,715,715,474.85,379.98,656.86,408.05,578.62,503.82
1061,OK,250,99,699,699,497.85,387.23,676.78,408.08,611.1,498.69
1062,OK,264,105,693,693,509.67,386.75,686.36,412.67,623.3,503.06
1063,OK,273,117,688,688,517.03,393.0,692.07,421.4,629.61,515.85
1064,OK,269,121,689,689,512.48,400.28,688.29,425.17,626.82,519.02
1065,OK,261,124,689,689,504.09,407.01,680.51,425.63,618.22,521.36
1066,OK,246,111,704,704,496.02,404.03,676.45,421.03,611.01,514.87
1067,OK,231,99,717,717,489.61,393.76,672.95,416.2,596.83,509.59
1068,OK,229,91,716,716,487.48,387.78,670.9,407.9,596.65,501.15
1069,OK,238,106,708,708,492.95,395.13,674.04,415.6,602.05,514.81
1070,OK,245,107,710,710,499.2,396.59,680.76,417.45,610.48,518.58
1071,OK,242,102,712,712,496.2,396.25,678.96,412.75,609.79,512.58
1072,OK,234,101,713,713,487.68,393.92,670.68,409.92,600.98,513.26
1073,OK,231,100,717,717,486.62,395.44,670.65,411.51,600.63,513.75
1074,OK,236,101,710,710,487.86,395.19,670.33,408.75,603.48,510.55
1075,OK,245,110,707,707,497.22,399.43,678.53,415.11,609.94,518.77
1076,OK,244,108,709,709,497.72,396.41,679.38,414.31,608.36,519.49
1077,OK,256,113,700,700,506.15,396.37,685.21,416.97,616.78,520.15
1078,OK,271,121,688,688,515.07,397.64,691.1,419.01,627.17,522.46
1079,OK,276,128,683,683,516.64,402.49,691.66,419.8,631.59,528.73
1080,OK,275,128,684,684,516.0,403.47,691.34,419.9,631.51,529.33
1081,OK,271,120,693,693,515.51,400.55,693.2,417.74,631.21,524.7
1082,OK,278,128,684,684,518.79,403.94,694.35,419.99,634.84,528.57
1083,OK,278,128,684,684,519.8,403.26,695.24,419.9,633.32,529.7
1084,OK,279,135,683,683,522.21,405.08,697.08,425.19,630.63,537.63
1085,OK,277,129,694,694,525.5,403.78,702.73,427.02,634.11,537.82
1086,OK,277,123,700,700,528.26,401.84,707.03,426.26,636.64,533.39
1087,OK,284,123,700,700,532.29,404.54,711.51,424.0,646.96,531.76
1088,OK,292,127,693,693,532.36,405.47,710.06,421.54,656.64,533.84
1089,OK,297,132,680,680,531.29,406.65,705.72,421.47,657.27,531.23
1090,OK,293,129,673,673,522.94,400.57,695.84,413.89,648.85,524.59
1091,OK,278,115,681,681,514.65,392.08,689.61,404.36,634.98,512.32
1092,OK,269,105,690,690,512.78,385.48,689.8,401.96,626.78,508.01
1093,OK,273,107,691,691,514.98,390.06,692.47,402.62,632.84,509.25
1094,OK,268,85,711,711,521.95,380.04,703.83,402.15,634.87,488.94
1095,OK,276,85,711,711,531.35,377.18,712.76,403.14,640.81,490.11
1096,OK,283,86,706,706,534.72,378.31,714.75,404.15,648.41,488.34
1097,OK,275,75,720,720,532.34,377.02,716.07,402.4,646.91,481.36
1098,OK,278,94,716,716,533.35,388.92,716.07,413.94,647.6,503.76
1099,OK,273,98,717,717,528.61,393.38,711.99,414.38,642.84,508.63
1100,OK,267,98,721,721,526.72,394.09,710.92,416.79,636.84,511.93
1101,OK,270,101,718,718,527.88,397.19,711.42,419.2,639.13,513.17
1102,OK,270,109,717,717,527.31,401.36,710.75,422.9,637.09,522.76
1103,OK,263,106,731,731,525.4,405.72,712.59,424.93,637.65,527.15
1104,OK,273,114,726,726,533.57,408.5,719.48,428.71,647.11,536.8
1105,OK,280,124,724,724,537.21,412.69,722.59,433.91,654.4,549.01
1106,OK,280,130,722,722,537.6,417.09,722.38,438.12,653.84,554.47
1107,OK,279,128,737,737,542.3,420.26,730.51,444.77,659.5,560.68
1108,OK,273,131,741,741,536.89,424.82,726.48,446.93,654.91,566.91
1109,OK,267,129,744,744,533.25,424.89,723.64,446.84,649.86,567.6
1110,OK,258,124,750,750,529.2,420.32,720.56,447.01,642.5,565.97
1111,OK,249,120,760,760,527.5,418.61,720.83,448.8,635.21,567.75
1112,OK,253,123,759,759,528.13,420.34,721.55,448.83,639.53,569.56
1113,OK,258,125,754,754,529.93,423.86,722.75,446.82,645.53,570.55
1114,OK,268,130,748,748,536.14,428.11,727.65,449.61,653.05,570.88
1115,OK,263,128,754,754,534.29,429.97,727.05,453.28,649.47,570.3
1116,OK,265,127,760,760,538.27,430.89,732.5,455.77,654.95,572.11
1117,OK,271,132,756,756,542.27,431.69,735.21,457.53,660.9,575.81
1118,OK,265,130,763,763,538.18,432.04,733.07,457.91,657.48,577.78
1119,OK,263,136,759,759,534.84,436.68,728.84,459.77,653.68,582.06
1120,OK,266,139,751,751,535.76,434.89,727.49,460.0,651.13,580.57
1121,OK,268,136,746,746,537.92,430.34,727.82,460.16,649.6,572.81
1122,OK,277,137,737,737,542.17,428.17,730.06,455.49,655.87,570.13
1123,OK,281,131,727,727,542.06,418.79,727.18,447.44,655.24,555.21
1124,OK,269,120,732,732,531.92,413.48,718.68,438.92,646.44,545.89
1125,OK,261,115,718,718,518.93,407.76,702.77,427.74,629.41,530.72
1126,OK,254,115,719,719,510.17,408.89,694.67,423.48,623.89,533.61
1127,OK,248,118,709,709,502.18,409.41,684.35,422.14,612.48,530.07
1128,OK,245,114,716,716,501.3,408.59,685.28,420.91,614.33,530.94
1129,OK,249,112,711,711,501.43,405.67,684.24,417.65,615.38,523.14
1130,OK,261,112,706,706,510.75,403.96,692.06,418.83,627.81,520.57
1131,OK,274,118,701,701,520.97,403.07,700.72,419.51,638.13,526.51
1132,OK,271,120,705,705,523.28,403.19,703.44,426.11,632.96,529.45
1133,OK,267,109,722,722,526.33,402.07,710.73,425.7,637.93,526.63
1134,OK,266,104,732,732,527.52,404.93,715.07,423.35,643.17,527.17
1135,OK,269,108,730,730,530.46,405.1,716.95,428.44,645.18,530.15
1136,OK,271,115,721,721,527.83,407.1,712.16,429.13,643.9,532.71
1137,OK,268,115,719,719,524.0,406.27,708.24,424.96,639.4,532.63
1138,OK,266,109,722,722,522.22,404.14,707.45,420.98,640.13,527.69
1139,OK,264,109,719,719,521.29,403.81,705.42,422.67,634.18,524.43
1140,OK,259,106,733,733,523.11,403.55,710.62,426.23,634.39,529.67
1141,OK,257,104,740,740,525.4,403.27,714.21,430.06,635.29,532.61
1142,OK,267,111,735,735,530.75,406.59,718.69,429.64,644.76,537.95
1143,OK,271,115,736,736,533.74,408.72,721.69,432.96,650.95,545.28
1144,OK,268,114,740,740,531.38,411.55,720.72,432.4,650.15,547.85
1145,OK,268,117,734,734,530.38,410.97,718.24,432.73,647.03,547.81
1146,OK,265,114,737,737,527.08,411.82,716.01,429.26,645.16,544.08
1147,OK,269,115,731,731,528.72,410.15,716.1,428.37,645.92,541.44
1148,OK,266,119,734,734,528.66,413.34,716.65,432.78,645.06,550.0
1149,OK,267,121,734,734,530.39,413.77,718.02,436.12,645.04,552.88
1150,OK,296,131,712,712,543.86,417.53,726.51,433.09,669.86,549.55
1151,OK,306,112,714,714,552.08,409.39,735.35,424.5,683.63,522.48
1152,OK,318,121,706,706,557.88,415.76,739.5,422.73,695.27,529.86
1153,OK,317,124,719,719,564.7,416.58,748.95,434.73,696.29,540.35
1154,OK,320,128,707,707,563.56,415.41,744.78,432.31,692.82,538.33
1155,OK,300,118,720,720,552.61,409.67,736.8,430.66,676.75,536.07
1156,OK,272,98,749,749,540.12,404.01,731.42,428.07,657.53,529.77
1157,OK,257,108,737,737,522.24,410.25,711.18,427.39,634.11,533.96
1158,OK,259,106,741,741,525.12,410.68,715.3,427.25,638.73,534.58
1159,OK,276,110,729,729,535.02,408.58,721.94,425.14,653.23,531.69
1160,OK,280,108,731,731,539.77,407.25,727.13,425.73,658.47,530.78
1161,OK,288,121,723,723,542.86,413.52,728.26,430.62,664.18,542.94
1162,OK,279,120,733,733,539.64,415.64,727.24,436.86,657.74,547.51
1163,OK,271,119,748,748,538.27,418.29,729.54,441.26,656.91,557.82
1164,OK,278,128,740,740,542.34,421.96,731.47,446.45,660.32,562.63
1165,OK,277,121,743,743,541.97,417.67,731.79,441.23,660.98,555.38
1166,OK,285,117,732,732,544.54,413.52,731.78,434.49,664.25,542.22
1167,OK,285,122,728,728,544.4,415.9,730.68,438.31,661.9,546.32
1168,OK,288,132,732,732,548.77,423.23,735.5,449.54,667.76,561.28
1169,OK,290,136,731,731,549.1,424.91,735.76,450.06,668.85,565.09
1170,OK,286,121,744,744,549.27,421.34,739.39,445.13,673.49,553.3
1171,OK,276,121,740,740,539.68,417.03,728.71,441.89,658.06,553.93
1172,OK,235,116,744,744,510.78,412.45,700.16,440.91,608.54,551.08
1173,OK,215,115,743,743,492.43,414.93,682.68,435.75,585.05,548.56
1174,OK,219,99,750,750,494.87,411.26,687.75,422.04,598.35,532.27
1175,OK,223,93,746,746,496.91,403.38,688.63,416.75,600.17,523.05
1176,OK,224,112,741,741,496.4,412.07,686.51,428.46,596.97,545.55
1177,OK,235,119,741,741,508.41,412.15,697.57,438.32,607.38,554.6
1178,OK,274,123,738,738,535.98,420.67,724.94,440.64,655.79,553.97
1179,OK,276,123,735,735,536.95,418.93,725.1,438.85,656.67,552.47
1180,OK,242,118,748,748,517.27,414.5,707.87,442.86,619.66,557.16
1181,OK,229,118,749,749,505.28,415.1,696.62,440.25,605.26,557.75
1182,OK,255,119,740,740,520.67,416.65,710.25,435.79,635.25,553.35
1183,OK,273,104,730,730,531.8,406.3,719.18,423.13,652.12,523.84
1184,OK,292,112,719,719,542.6,408.78,727.16,425.2,667.31,525.2
1185,OK,293,127,722,722,548.18,415.45,732.43,440.24,667.87,549.85
1186,OK,268,122,729,729,532.81,409.57,718.25,439.07,640.24,548.36
1187,OK,262,125,719,719,523.37,411.42,707.05,434.55,627.1,545.98
1188,OK,258,130,718,718,517.33,415.41,701.19,435.75,626.4,553.83
1189,OK,273,137,713,713,525.14,421.74,707.95,439.68,641.87,555.37
1190,OK,261,131,725,725,518.46,422.57,704.58,438.76,636.09,556.17
1191,OK,252,142,716,716,511.25,425.36,694.03,449.15,618.86,563.13
1192,OK,260,145,719,719,516.76,429.1,700.66,450.37,629.38,569.94
1193,OK,267,133,720,720,524.0,420.18,708.33,441.42,639.26,556.51
1194,OK,283,132,713,713,535.94,415.67,718.02,439.79,651.53,548.8
1195,OK,292,142,718,718,547.97,422.1,730.23,453.19,663.35,566.01
1196,OK,285,141,729,729,546.2,426.93,731.65,456.57,660.72,570.04
1197,OK,267,128,743,743,537.21,418.39,725.54,452.24,646.3,563.92
1198,OK,242,119,746,746,518.89,411.78,707.55,447.91,617.16,554.72
1199,OK,234,128,732,732,507.12,416.65,693.09,447.12,601.88,556.75
1200,OK,241,138,726,726,509.37,423.0,694.06,452.94,606.66,565.01
1201,OK,260,132,738,738,525.25,425.12,713.95,448.67,639.68,566.82
1202,OK,281,145,719,719,536.8,425.52,720.32,450.87,653.11,570.27
1203,OK,241,141,731,731,513.97,423.52,698.63,460.45,606.27,571.13
1204,OK,191,122,753,753,484.81,410.73,673.44,456.16,555.62,563.4
1205,OK,206,121,740,740,487.34,413.06,675.61,443.33,571.23,554.58
1206,OK,226,123,740,740,498.1,419.71,687.78,438.7,600.79,557.38
1207,OK,239,106,736,736,503.02,410.19,692.33,421.48,616.62,533.56
1208,OK,232,109,729,729,496.13,409.21,683.36,423.54,603.66,530.27
1209,OK,214,101,741,741,484.45,404.87,674.44,422.04,589.38,529.99
1210,OK,224,113,724,724,487.36,411.22,673.49,424.51,592.94,533.82
1211,OK,230,123,722,722,488.5,418.94,674.31,427.73,601.31,545.72
1212,OK,228,125,719,719,487.08,417.53,672.02,429.24,595.04,545.08
1213,OK,222,126,721,721,483.49,420.68,668.74,433.84,588.44,546.34
1214,OK,221,124,724,724,484.7,419.92,670.64,433.24,589.3,545.98
1215,OK,220,123,732,732,486.04,422.01,674.18,434.37,593.51,550.1
1216,OK,228,125,726,726,490.94,420.93,677.54,434.63,599.42,548.6
1217,OK,235,129,719,719,494.14,421.35,678.74,434.51,601.8,549.22
1218,OK,242,127,718,718,500.5,420.99,684.97,432.53,610.14,547.23
1219,OK,241,130,725,725,503.9,421.19,689.66,441.09,610.62,554.38
1220,OK,252,145,723,723,511.03,431.16,696.22,451.36,623.42,572.25
1221,OK,256,136,727,727,515.41,427.05,701.63,446.05,630.61,563.08
1222,OK,249,137,728,728,512.14,425.16,698.13,449.18,622.68,565.62
1223,OK,244,127,730,730,509.51,419.0,696.24,441.93,616.29,555.1
1224,OK,251,129,730,730,515.07,420.57,701.74,442.99,624.51,557.02
1225,OK,260,135,741,741,525.67,428.02,715.08,451.79,641.23,570.37
1226,OK,267,131,741,741,531.75,424.79,721.07,448.63,648.14,567.18
1227,OK,276,128,741,741,541.9,420.82,730.33,450.92,657.44,560.62
1228,OK,293,133,724,724,551.61,424.86,735.83,454.25,667.96,551.05
1229,OK,315,139,714,714,568.08,422.52,749.57,452.68,685.28,556.02
1230,OK,319,136,715,715,572.22,418.75,753.34,451.62,689.85,551.74
1231,OK,321,139,709,709,571.43,419.94,751.22,451.38,689.03,551.08
1232,OK,317,137,710,710,568.89,418.31,749.26,448.15,686.81,551.63
1233,OK,307,132,723,723,563.62,418.5,747.5,448.53,681.51,552.67
1234,OK,307,132,725,725,563.68,419.13,748.01,449.74,682.17,554.75
1235,OK,306,131,726,726,563.65,420.23,748.25,449.76,682.07,554.58
1236,OK,314,142,716,716,568.03,424.41,749.57,456.19,686.04,561.35
1237,OK,307,141,719,719,562.48,426.01,745.27,456.09,679.02,559.86
1238,OK,306,139,725,725,562.15,428.59,746.97,455.68,681.45,560.82
1239,OK,313,148,714,714,564.86,433.33,747.1,458.76,685.94,564.55
1240,OK,314,149,710,710,564.91,432.6,745.48,461.69,683.08,561.01
1241,OK,306,130,721,721,560.71,421.06,744.53,447.46,681.29,546.05
1242,OK,301,113,726,726,554.67,410.78,740.64,429.81,680.69,533.59
1243,OK,287,100,737,737,546.79,404.91,735.42,425.28,669.95,520.98
1244,OK,269,89,742,742,531.39,402.01,721.55,421.77,653.9,509.49
1245,OK,271,97,727,727,527.6,402.79,714.02,421.68,647.53,508.87
1246,OK,267,98,728,728,525.44,403.91,712.35,419.96,644.98,513.44
1247,OK,274,112,712,712,524.32,408.49,707.46,419.26,645.1,522.38
1248,OK,274,116,710,710,523.22,410.27,705.94,419.66,644.52,527.17
1249,OK,272,124,708,708,519.48,415.86,701.79,423.32,642.12,538.18
1250,OK,278,138,702,702,521.99,424.55,702.74,430.65,646.78,552.36
1251,OK,273,136,706,706,518.76,423.5,700.47,430.41,642.46,551.82
1252,OK,270,137,709,709,517.42,425.07,699.8,432.11,640.2,554.38
1253,OK,269,135,716,716,518.74,426.26,703.02,431.33,644.15,557.64
1254,OK,271,135,715,715,522.17,423.91,706.02,436.66,642.71,555.14
1255,OK,270,133,717,717,522.95,423.31,707.24,437.13,642.49,553.33
1256,OK,273,133,717,717,526.18,421.51,710.02,438.39,645.82,553.77
1257,OK,278,139,705,705,525.98,422.67,706.75,440.36,644.06,551.59
1258,OK,274,133,716,716,527.87,419.69,711.02,441.64,645.34,552.18
1259,OK,274,129,719,719,527.69,417.26,711.81,436.61,647.92,549.47
1260,OK,274,132,712,712,525.7,417.88,708.18,436.96,644.83,549.8
1261,OK,272,133,711,711,521.69,420.04,704.12,435.28,641.58,549.68
1262,OK,272,132,714,714,521.97,421.25,705.37,434.78,644.48,551.35
1263,OK,276,138,705,705,522.75,421.73,703.73,436.81,643.95,551.52
1264,OK,270,135,712,712,518.86,424.24,701.83,435.63,642.08,553.72
1265,OK,271,133,707,707,518.54,419.79,700.38,430.48,638.78,547.67
1266,OK,272,127,716,716,523.58,415.76,707.41,430.53,646.37,547.38
1267,OK,277,126,711,711,526.75,413.7,709.3,428.08,647.63,541.8
1268,OK,278,120,717,717,529.66,411.93,713.63,427.78,650.53,538.09
1269,OK,274,116,721,721,529.23,409.08,714.15,426.75,647.11,534.39
1270,OK,279,116,716,716,532.56,407.01,715.99,426.58,650.39,531.83
1271,OK,279,116,714,714,532.46,407.51,715.19,427.62,648.44,529.38
1272,OK,279,117,717,717,531.87,408.3,715.7,426.82,650.76,533.08
1273,OK,273,114,723,723,528.86,409.28,714.27,425.47,647.56,534.32
1274,OK,275,118,716,716,528.66,409.23,712.3,426.21,646.52,535.8
1275,OK,271,120,716,716,525.09,410.23,708.74,427.63,642.87,538.51
1276,OK,273,122,714,714,525.61,410.67,708.65,427.5,643.88,540.11
1277,OK,275,121,716,716,527.9,411.19,711.62,427.78,647.02,539.95
1278,OK,275,119,719,719,529.39,409.93,713.68,427.97,647.7,538.89
1279,OK,277,118,721,721,531.14,409.45,716.09,427.35,651.14,538.38
1280,OK,276,116,724,724,531.82,409.85,717.49,428.11,652.57,537.8
1281,OK,278,117,722,722,532.37,411.16,717.74,427.23,654.6,537.9
1282,OK,282,118,719,719,534.82,410.25,719.07,428.45,655.72,535.58
1283,OK,287,122,713,713,537.19,411.09,719.95,428.4,659.38,536.97
1284,OK,287,123,713,713,536.35,412.91,719.39,428.29,659.0,538.15
1285,OK,286,124,716,716,536.94,414.47,720.76,430.65,660.07,542.97
1286,OK,288,124,716,716,540.06,414.89,723.36,434.0,661.87,540.3
1287,OK,293,124,712,712,542.42,411.78,724.63,431.51,665.0,539.37
1288,OK,288,120,715,715,538.8,408.3,722.03,427.82,660.29,536.96
1289,OK,285,114,722,722,539.49,406.57,724.36,427.8,661.35,534.6
1290,OK,287,114,723,723,540.61,406.69,725.78,426.77,663.45,534.08
1291,OK,292,114,725,725,545.74,409.08,731.5,427.11,669.95,535.17
1292,OK,292,116,725,725,545.96,409.99,731.77,428.38,669.62,537.04
1293,OK,292,114,726,726,547.29,410.03,733.44,428.49,670.45,535.27
1294,OK,292,113,727,727,547.98,408.67,734.12,428.28,670.35,534.82
1295,OK,296,116,723,723,550.12,408.95,735.48,427.94,673.13,536.1
1296,OK,300,119,716,716,552.15,409.19,735.22,430.53,672.45,535.06
1297,OK,301,118,716,716,552.57,408.23,735.86,428.48,674.05,534.84
1298,OK,296,111,724,724,550.98,406.62,736.39,427.21,673.2,530.99
1299,OK,294,108,729,729,549.76,406.96,736.69,425.84,673.37,528.72
1300,OK,291,103,736,736,550.44,405.59,738.83,425.8,674.01,527.64
1301,OK,293,106,732,732,550.38,406.79,738.14,424.86,674.83,529.48
1302,OK,293,108,729,729,548.99,405.79,735.74,424.45,672.15,529.24
1303,OK,293,104,730,730,550.96,403.69,737.67,425.55,673.09,524.33
1304,OK,290,92,734,734,549.58,399.94,737.27,422.57,671.53,508.1
1305,OK,290,88,732,732,549.6,395.26,736.69,418.71,669.01,501.92
1306,OK,292,88,730,730,551.13,394.04,737.75,417.89,671.33,500.15
1307,OK,289,81,738,738,551.16,392.09,739.92,415.38,672.16,497.03
1308,OK,286,88,728,728,544.45,394.19,730.71,416.06,663.98,500.51
1309,OK,277,87,730,730,537.09,392.22,723.73,414.58,655.07,501.23
1310,OK,270,91,730,730,529.51,395.06,716.5,415.46,647.69,507.1
1311,OK,266,90,728,728,522.75,395.21,709.73,408.36,644.15,508.07
1312,OK,268,83,720,720,518.91,388.43,704.19,398.39,646.4,493.09
1313,OK,265,78,718,718,515.42,382.44,699.8,395.06,641.98,486.17
1314,OK,272,105,705,705,515.51,400.89,697.0,403.82,643.56,511.84
1315,OK,281,126,689,689,519.42,410.82,696.94,414.41,641.83,528.74
1316,OK,265,126,703,703,513.18,414.86,694.19,418.76,628.97,538.46
1317,OK,259,128,707,707,508.36,418.49,690.45,421.02,625.27,543.68
1318,OK,245,125,716,716,498.79,420.86,683.14,422.57,615.63,546.19
1319,OK,239,127,720,720,494.05,424.55,679.42,424.3,611.51,550.74
1320,OK,241,136,717,717,493.22,429.06,678.0,428.74,612.44,560.12
1321,OK,234,134,720,720,489.37,429.57,674.87,429.9,607.06,560.21
1322,OK,226,125,732,732,486.07,427.06,674.64,425.18,605.33,557.24
1323,OK,227,128,729,729,485.63,427.5,673.3,427.06,603.43,557.35
1324,OK,231,129,728,728,489.89,428.93,677.38,429.09,608.04,557.34
1325,OK,237,134,716,716,491.75,428.46,676.2,431.11,606.76,554.27
1326,OK,237,129,720,720,492.86,424.97,678.39,426.0,609.27,554.15
1327,OK,235,128,722,722,491.47,426.23,677.42,425.33,609.05,552.25
1328,OK,237,128,721,721,493.05,425.01,678.71,425.15,609.75,551.05
1329,OK,238,127,719,719,493.59,424.32,678.89,423.38,609.72,548.27
1330,OK,239,125,725,725,495.3,424.11,682.08,423.97,614.01,550.04
1331,OK,237,119,728,728,494.49,422.66,681.96,422.34,614.69,544.27
1332,OK,249,122,719,719,504.51,417.93,689.52,423.41,619.59,541.74
1333,OK,254,118,719,719,510.97,413.24,696.03,422.04,623.6,538.06
1334,OK,264,115,729,729,522.86,414.82,710.32,425.08,640.58,539.81
1335,OK,268,109,735,735,528.63,412.88,717.62,425.25,647.18,533.39
1336,OK,276,109,734,734,536.25,410.19,724.74,425.13,656.07,535.29
1337,OK,273,104,733,733,534.35,405.71,722.22,423.25,650.61,526.39
1338,OK,277,102,732,732,538.85,402.98,726.12,423.96,654.98,523.16
1339,OK,275,92,736,736,536.82,399.76,725.64,417.08,655.3,511.69
1340,OK,282,94,728,728,540.01,397.36,726.64,415.74,659.02,509.52
1341,OK,282,93,722,722,538.13,395.55,723.23,414.77,656.05,504.07
1342,OK,284,92,723,723,538.99,395.04,724.22,414.02,658.45,503.29
1343,OK,274,84,734,734,534.81,394.25,722.86,413.23,654.72,500.09
1344,OK,276,97,720,720,532.08,395.54,716.09,419.6,648.75,507.08
1345,OK,275,103,715,715,527.61,398.6,710.93,415.0,645.22,514.63
1346,OK,268,100,721,721,524.49,398.5,709.45,414.83,639.54,514.71
1347,OK,269,104,717,717,524.53,400.85,708.79,414.8,638.85,517.15
1348,OK,265,102,722,722,523.67,401.54,709.17,415.16,637.28,519.48
1349,OK,265,107,721,721,522.31,403.63,707.48,416.59,636.32,524.9
1350,OK,262,109,727,727,521.04,404.1,707.72,419.74,635.63,533.8
1351,OK,259,106,724,724,515.42,406.04,701.82,414.77,634.05,527.57
1352,OK,262,108,714,714,513.72,404.16,697.42,411.2,632.51,524.23
1353,OK,266,108,707,707,515.65,402.7,697.5,410.9,631.93,516.61
1354,OK,266,107,707,707,515.53,402.7,697.43,409.87,633.25,515.06
1355,OK,265,109,708,708,514.48,404.36,696.66,409.82,633.2,519.31
1356,OK,264,112,706,706,512.05,407.26,693.82,409.8,632.67,522.87
1357,OK,262,113,709,709,511.15,407.26,693.71,411.68,630.74,524.79
1358,OK,261,112,709,709,510.36,407.3,692.86,410.49,630.23,524.2
1359,OK,259,110,712,712,509.59,407.54,693.06,410.4,630.06,524.38
1360,OK,264,114,705,705,511.18,406.75,692.77,409.92,631.7,524.89
1361,OK,267,117,700,700,512.95,406.31,693.14,410.29,631.56,525.7
1362,OK,268,106,702,702,516.95,398.02,697.48,406.89,632.18,513.52
1363,OK,257,92,720,720,512.29,393.38,697.53,399.95,630.76,509.13
1364,OK,264,102,703,703,514.54,392.67,695.19,403.75,626.46,509.47
1365,OK,260,94,716,716,512.54,394.64,696.82,398.73,632.06,508.11
1366,OK,262,99,710,710,513.52,395.25,696.25,404.8,629.14,508.86
1367,OK,266,109,706,706,516.74,400.99,698.42,410.8,631.85,519.75
1368,OK,263,110,705,705,513.13,403.09,694.66,411.37,627.03,518.14
1369,OK,260,113,710,710,513.68,405.16,696.2,416.53,626.37,526.89
1370,OK,254,115,710,710,507.86,408.02,690.62,416.35,619.28,529.28
1371,OK,254,118,716,716,509.98,411.27,694.15,420.31,622.6,537.62
1372,OK,235,114,739,739,499.5,415.61,689.76,424.11,614.1,546.41
1373,OK,228,115,735,735,493.17,416.78,682.32,425.07,603.66,544.7
1374,OK,225,114,738,738,492.61,415.98,682.49,425.38,601.9,546.82
1375,OK,222,114,743,743,492.13,415.83,683.25,426.63,600.13,549.6
1376,OK,221,111,745,745,492.46,413.92,683.86,426.27,599.08,547.44
1377,OK,227,116,741,741,495.1,417.93,685.78,426.82,604.96,549.69
1378,OK,235,118,735,735,501.0,417.08,690.05,429.11,608.8,548.52
1379,OK,236,117,738,738,503.35,415.98,692.96,429.11,612.18,551.05
1380,OK,233,115,746,746,504.58,416.27,696.11,432.74,612.74,553.33
1381,OK,236,115,745,745,505.36,416.86,696.69,430.73,615.22,551.32
1382,OK,238,113,740,740,505.87,414.01,696.06,428.09,615.06,546.15
1383,OK,239,114,739,739,506.84,414.38,696.45,429.7,615.3,545.05
1384,OK,245,118,736,736,511.69,416.76,700.64,432.02,621.06,549.13
1385,OK,242,117,740,740,510.61,415.34,700.37,431.95,619.64,550.7
1386,OK,243,117,740,740,511.3,414.73,701.1,432.79,620.26,550.92
1387,OK,245,119,739,739,513.08,414.22,702.26,434.55,620.39,553.07
1388,OK,243,117,746,746,514.2,414.89,705.38,434.62,623.08,555.54
1389,OK,245,118,744,744,515.8,414.49,706.21,435.02,624.1,555.43
1390,OK,261,125,728,728,524.82,416.17,710.64,440.93,632.75,550.07
1391,OK,261,124,729,729,523.97,417.79,710.65,438.64,634.49,549.62
1392,OK,265,125,724,724,526.48,416.27,711.34,440.18,636.31,546.7
1393,OK,263,127,721,721,523.13,416.39,707.25,440.3,631.64,545.72
1394,OK,256,122,733,733,521.1,416.66,708.43,439.21,630.16,548.7
1395,OK,256,123,733,733,520.35,418.53,708.05,439.06,630.84,551.15
1396,OK,259,122,729,729,520.49,418.28,707.46,436.49,632.32,546.23
1397,OK,265,123,725,725,525.12,416.73,711.02,435.52,636.86,544.19
1398,OK,267,124,723,723,526.94,415.31,712.09,435.15,638.38,544.89
1399,OK,268,118,727,727,527.83,413.92,714.11,431.73,641.5,539.44
1400,OK,275,125,717,717,528.87,418.01,712.95,431.37,645.33,542.03
1401,OK,275,129,714,714,528.84,420.56,712.22,432.7,645.12,546.3
1402,OK,270,128,722,722,526.85,422.66,712.46,433.81,643.66,551.6
1403,OK,269,127,730,730,528.27,424.14,715.9,436.99,647.19,555.11
1404,OK,269,135,724,724,525.93,428.19,711.91,440.5,644.19,560.25
1405,OK,267,135,727,727,525.62,428.12,712.27,442.76,642.73,562.3
1406,OK,275,135,725,725,531.78,426.37,717.89,440.26,650.85,562.29
1407,OK,282,134,727,727,538.03,425.8,724.62,441.59,659.66,562.04
1408,OK,291,130,719,719,544.04,420.31,728.19,438.71,664.42,549.72
1409,OK,301,132,716,716,551.89,422.09,735.38,440.75,674.55,549.48
1410,OK,312,132,707,707,557.9,416.77,738.86,437.28,682.6,544.56
1411,OK,315,136,704,704,558.31,419.31,738.66,437.93,685.67,547.43
1412,OK,304,132,715,715,553.44,419.99,736.62,440.12,677.1,549.62
1413,OK,304,128,719,719,555.13,417.66,738.85,441.02,679.24,545.14
1414,OK,304,140,716,716,556.49,424.97,738.65,453.09,678.24,558.5
1415,OK,290,139,730,730,546.8,429.35,733.17,454.91,670.46,566.66
1416,OK,283,141,727,727,538.88,428.66,723.94,457.17,661.64,567.03
1417,OK,281,143,725,725,536.59,426.54,721.02,455.74,657.48,569.34
1418,OK,277,137,726,726,533.49,422.52,718.56,449.38,655.76,564.1
1419,OK,276,131,722,722,531.01,415.79,715.29,441.58,650.93,555.92
1420,OK,276,130,714,714,529.57,411.71,711.4,439.39,646.32,549.1
1421,OK,277,129,715,715,529.44,411.76,711.72,437.52,647.43,548.24
1422,OK,271,130,718,718,526.69,414.4,709.67,440.44,643.42,551.0
1423,OK,272,135,719,719,526.45,419.03,710.05,442.64,645.46,558.36
1424,OK,275,138,716,716,526.89,421.9,710.2,442.67,648.24,560.92
1425,OK,277,138,716,716,528.97,421.21,712.0,443.97,649.69,560.48
1426,OK,279,136,718,718,531.83,420.58,715.35,443.1,654.07,559.67
1427,OK,280,134,720,720,533.77,419.94,717.47,444.5,654.58,557.78
1428,OK,279,138,718,718,531.64,423.55,715.32,445.25,653.32,559.67
1429,OK,279,137,719,719,532.24,421.25,715.85,444.48,653.48,559.95
1430,OK,278,140,717,717,531.14,421.5,714.34,445.72,650.45,562.74
1431,OK,277,139,717,717,530.56,420.4,713.44,445.29,649.02,561.66
1432,OK,273,137,720,720,529.25,420.11,712.74,446.16,645.31,562.42
1433,OK,275,138,716,716,530.34,419.45,712.93,445.23,645.78,560.44
1434,OK,278,139,712,712,529.27,421.14,711.31,443.87,648.29,559.0
1435,OK,274,140,715,715,526.97,422.38,709.56,447.05,644.7,560.2
1436,OK,271,144,713,713,523.66,424.45,705.79,448.11,640.23,563.82
1437,OK,276,149,709,709,525.79,428.66,707.09,450.82,644.37,566.67
1438,OK,275,150,707,707,524.82,428.87,705.71,450.49,641.49,567.95
1439,OK,266,146,715,715,521.9,427.24,704.26,452.46,634.87,566.83
1440,OK,270,143,715,715,523.96,426.09,706.53,449.66,638.93,562.8
1441,OK,273,145,711,711,524.66,428.19,706.65,449.56,640.46,562.42
1442,OK,270,147,713,713,523.28,430.73,705.71,452.5,638.28,566.24
1443,OK,269,139,726,726,527.27,427.39,712.63,451.26,644.83,565.48
1444,OK,274,142,721,721,530.81,427.44,714.94,451.93,646.3,566.01
1445,OK,273,141,721,721,530.52,426.84,714.52,451.31,645.16,563.74
1446,OK,276,141,718,718,532.61,425.82,715.93,450.89,646.86,563.36
1447,OK,277,143,721,721,532.98,428.86,717.38,451.65,649.04,567.74
1448,OK,278,140,725,725,534.79,426.51,720.1,449.57,652.61,566.35
1449,OK,281,139,727,727,538.82,427.52,724.63,449.69,657.91,566.28
1450,OK,275,133,734,734,536.48,425.4,724.1,449.05,654.49,563.86
1451,OK,280,132,732,732,539.34,424.49,726.49,447.77,659.3,560.96
1452,OK,279,134,731,731,538.45,424.94,725.26,448.41,657.92,562.09
1453,OK,281,137,726,726,539.38,426.91,724.59,453.3,657.33,560.77
1454,OK,287,137,727,727,543.22,427.48,729.15,449.92,664.09,561.33
1455,OK,290,141,721,721,544.23,427.56,728.6,449.71,665.17,563.62
1456,OK,290,140,723,723,545.64,426.91,730.21,451.51,664.54,563.09
1457,OK,291,140,723,723,546.71,427.28,731.4,451.44,666.03,562.8
1458,OK,292,141,721,721,546.48,426.55,730.67,451.22,665.57,563.87
1459,OK,292,139,721,721,546.5,427.01,730.56,450.83,666.12,560.59
1460,OK,292,149,718,718,547.93,432.61,730.89,459.27,663.73,571.35
1461,OK,289,150,724,724,547.36,435.66,731.81,463.12,663.79,575.95
1462,OK,293,146,723,723,548.84,434.69,733.42,459.48,667.42,567.86
1463,OK,296,148,724,724,550.82,437.35,735.99,459.67,672.6,571.97
1464,OK,296,149,731,731,553.67,438.79,740.02,464.96,675.95,577.56
1465,OK,298,146,732,732,556.04,438.13,742.84,463.78,680.06,574.2
1466,OK,296,149,728,728,553.55,439.48,739.11,466.02,674.23,574.79
1467,OK,293,149,730,730,552.4,439.38,738.54,466.09,672.12,576.52
1468,OK,295,152,731,731,552.81,442.65,739.27,468.2,675.78,580.56
1469,OK,293,150,734,734,550.45,442.91,738.03,465.91,676.76,579.85
1470,OK,298,151,733,733,553.97,445.59,741.51,467.42,680.36,578.81
1471,OK,300,153,733,733,557.47,446.95,744.82,471.11,682.78,580.27
1472,OK,308,156,730,730,564.91,446.71,750.99,474.19,688.73,581.83
1473,OK,308,159,732,732,565.6,450.89,752.09,478.17,691.15,586.69
1474,OK,329,181,703,703,572.25,460.3,751.78,484.53,699.42,592.87
1475,OK,329,180,708,708,574.54,461.71,755.4,485.45,702.93,594.73
1476,OK,328,182,711,711,573.56,463.9,755.16,487.34,701.65,598.99
1477,OK,326,180,713,713,573.87,463.29,755.73,488.36,701.11,597.26
1478,OK,330,181,709,709,575.89,462.37,756.64,487.69,703.59,596.92
1479,OK,330,181,710,710,575.97,462.51,756.95,488.35,703.78,597.73
1480,OK,332,183,705,705,575.1,461.9,755.01,486.1,703.62,597.28
1481,OK,329,182,706,706,573.09,463.49,753.44,487.11,700.87,596.49
1482,OK,332,186,704,704,575.6,463.48,755.23,487.4,703.74,602.1
1483,OK,328,179,712,712,575.88,460.29,757.13,488.46,702.54,597.31
1484,OK,323,185,714,714,572.49,462.9,754.05,491.63,697.52,607.09
1485,OK,324,192,706,706,571.27,465.36,750.79,493.59,694.95,612.45
1486,OK,326,193,705,705,570.66,466.9,750.49,492.2,696.41,610.65
1487,OK,329,196,697,697,570.02,466.65,747.96,490.6,695.28,611.18
1488,OK,326,193,701,701,570.24,465.71,749.2,490.05,694.13,609.59
1489,OK,248,129,781,781,531.21,440.07,730.35,468.91,646.75,584.06
1490,OK,218,122,768,768,507.53,425.92,702.52,459.64,600.56,569.54
1491,OK,218,113,768,768,502.08,423.47,698.54,446.11,605.15,559.94
1492,OK,214,107,762,762,496.26,420.46,691.6,440.07,598.05,547.07
1493,OK,217,117,752,752,496.14,424.41,688.75,444.3,594.21,553.62
1494,OK,222,127,740,740,497.75,423.91,686.83,448.38,591.92,559.39
1495,OK,219,116,746,746,496.04,419.25,687.02,439.56,593.96,548.8
1496,OK,220,116,747,747,496.62,417.04,687.9,438.85,593.84,551.44
1497,OK,217,111,742,742,493.06,412.6,683.17,432.17,588.84,543.38
1498,OK,224,116,738,738,497.21,413.75,686.02,435.32,594.46,545.86
1499,OK,224,118,741,741,498.55,416.39,688.24,437.73,596.32,549.95
1500,OK,227,118,742,742,501.93,416.42,691.46,440.07,601.13,551.71
1501,OK,230,123,740,740,503.48,419.33,692.56,443.88,603.54,555.79
1502,OK,232,125,741,741,503.84,423.57,693.42,445.17,605.96,557.17
1503,OK,229,129,738,738,501.82,424.82,690.48,448.27,601.48,560.21
1504,OK,235,133,734,734,503.29,428.88,691.35,448.57,607.15,562.6
1505,OK,233,123,740,740,503.29,422.85,692.92,441.18,609.61,555.29
1506,OK,253,124,745,745,519.86,422.89,710.79,442.07,636.09,561.28
1507,OK,264,130,748,748,529.9,427.3,721.5,446.64,651.21,571.11
1508,OK,252,126,754,754,524.4,426.53,717.25,450.38,638.56,567.97
1509,OK,242,126,759,759,518.47,424.23,711.73,453.58,627.35,571.37
1510,OK,242,129,740,740,513.5,421.27,701.8,450.73,617.47,562.8
1511,OK,238,122,737,737,506.36,414.76,695.03,435.63,612.75,556.37
1512,OK,243,120,720,720,503.23,411.15,688.0,427.15,611.05,542.38
1513,OK,248,120,713,713,503.98,410.14,687.07,425.1,613.48,536.12
1514,OK,255,124,704,704,507.64,408.81,688.41,423.82,616.82,537.59
1515,OK,258,128,708,708,511.86,411.97,693.53,427.65,622.88,545.63
1516,OK,257,127,714,714,516.99,410.49,699.04,436.71,620.97,546.12
1517,OK,249,122,736,736,520.82,411.21,707.54,444.12,621.76,553.71
1518,OK,252,121,734,734,521.13,410.42,707.71,441.63,624.0,551.18
1519,OK,259,131,717,717,519.92,413.26,702.31,441.9,624.06,551.22
1520,OK,262,132,707,707,517.49,413.12,698.12,435.22,623.37,547.73
1521,OK,256,130,711,711,513.57,412.2,695.29,434.91,617.72,547.11
1522,OK,258,129,711,711,516.95,410.14,698.16,437.05,619.6,546.27
1523,OK,253,128,714,714,512.72,410.76,695.1,434.22,616.18,547.79
1524,OK,255,127,719,719,515.75,412.0,699.41,435.3,622.32,549.68
1525,OK,253,128,721,721,513.78,414.75,698.44,434.47,621.54,553.13
1526,OK,254,129,725,725,514.76,418.18,700.68,436.16,625.43,555.37
1527,OK,252,130,728,728,514.11,420.83,700.79,439.49,625.58,558.76
1528,OK,252,127,735,735,516.73,420.73,705.0,440.91,628.66,559.04
1529,OK,261,130,731,731,524.03,417.46,710.44,444.02,635.65,560.05
1530,OK,268,132,732,732,531.73,419.22,718.32,447.11,644.43,563.35
1531,OK,268,130,737,737,535.53,417.49,722.2,451.42,643.56,561.91
1532,OK,269,129,739,739,537.28,417.09,724.38,452.19,646.38,561.57
1533,OK,268,128,742,742,537.13,417.5,724.99,452.0,647.02,564.06
1534,OK,243,123,748,748,525.41,410.4,712.18,457.52,616.47,560.41
1535,OK,241,123,747,747,524.04,408.78,709.91,458.44,611.19,558.76
1536,OK,249,123,746,746,530.74,408.3,716.34,457.81,620.5,559.43
1537,OK,253,124,741,741,531.39,408.67,716.13,456.54,624.1,556.37
1538,OK,251,121,745,745,529.67,408.53,716.19,453.97,623.89,555.98
1539,OK,253,120,744,744,531.47,407.14,717.27,453.83,626.97,555.35
1540,OK,259,124,738,738,533.16,408.28,718.09,452.25,631.27,555.92
1541,OK,257,122,742,742,534.11,408.46,719.68,454.62,629.82,555.81
1542,OK,260,126,741,741,535.46,410.37,720.63,456.11,632.58,559.12
1543,OK,265,132,733,733,537.29,413.06,720.52,458.16,634.78,562.27
1544,OK,260,133,741,741,535.21,415.11,720.82,459.06,633.62,570.2
1545,OK,257,129,744,744,532.84,412.41,719.45,456.01,632.93,567.82
1546,OK,245,126,745,745,522.38,413.75,709.85,455.28,618.54,562.67
1547,OK,251,127,740,740,525.75,414.94,711.89,455.42,624.67,560.32
1548,OK,271,132,740,740,538.73,425.68,726.99,454.7,650.89,564.89
1549,OK,298,144,725,725,552.92,434.89,737.97,459.49,675.52,564.9
1550,OK,260,139,752,752,528.32,436.66,720.25,463.0,648.6,581.94
1551,OK,238,148,721,721,499.5,434.29,683.75,457.41,604.89,570.83
1552,OK,238,148,715,715,495.92,434.52,679.0,454.01,603.3,565.93
1553,OK,236,143,716,716,493.27,431.26,677.0,447.13,604.04,563.11
1554,OK,219,126,727,727,483.17,420.04,669.58,438.08,588.0,549.37
1555,OK,235,130,718,718,493.62,422.14,678.2,434.71,603.52,550.24
1556,OK,235,112,733,733,498.01,413.23,686.41,423.73,610.93,538.32
1557,OK,263,118,707,707,515.12,408.64,696.71,423.2,626.49,527.83
1558,OK,266,113,704,704,518.99,402.31,699.38,421.8,627.32,519.28
1559,OK,268,107,708,708,521.91,399.68,703.04,420.28,633.02,513.11
1560,OK,267,117,704,704,515.62,409.16,696.28,423.56,633.68,522.74
1561,OK,245,123,706,706,496.2,412.55,677.21,429.27,611.14,531.79
1562,OK,227,118,718,718,483.98,413.38,668.1,431.89,597.79,533.34
1563,OK,226,120,720,720,481.52,417.59,666.72,429.08,598.67,538.11
1564,OK,239,119,715,715,491.54,415.27,675.4,424.2,609.17,534.09
1565,OK,251,128,716,716,505.58,418.97,689.38,432.98,621.26,547.79
1566,OK,260,128,716,716,517.12,413.59,700.01,436.64,628.42,547.34
1567,OK,261,126,717,717,518.85,409.26,701.68,435.96,628.07,547.08
1568,OK,264,125,724,724,525.97,410.49,709.46,443.18,634.84,548.89
1569,OK,277,134,728,728,537.19,417.82,722.01,448.92,652.72,562.86
1570,OK,282,136,724,724,540.95,421.19,724.83,452.43,655.84,560.83
1571,OK,285,137,727,727,542.69,426.47,728.0,453.57,662.64,561.03
1572,OK,279,133,734,734,540.54,424.37,727.27,453.86,658.34,561.26
1573,OK,277,137,732,732,538.36,424.61,724.36,455.13,656.44,566.47
1574,OK,280,144,723,723,535.52,431.01,719.98,455.64,656.04,568.67
1575,OK,270,141,731,731,529.77,430.17,716.24,455.61,647.19,570.58
1576,OK,271,136,733,733,531.87,424.07,718.38,453.07,649.51,566.63
1577,OK,273,141,728,728,533.61,425.44,718.65,455.9,649.68,570.0
1578,OK,273,140,730,730,533.71,427.7,719.61,455.87,650.71,568.95
1579,OK,269,137,743,743,533.84,430.11,723.57,455.64,652.29,573.48
1580,OK,267,135,746,746,533.7,429.52,723.91,456.14,651.33,573.88
1581,OK,268,141,736,736,531.67,431.47,719.24,459.44,648.36,572.61
1582,OK,276,151,726,726,535.63,439.12,720.47,468.01,650.33,575.07
1583,OK,261,143,743,743,523.82,444.31,714.17,465.06,645.11,574.7
1584,OK,263,157,729,729,520.81,451.79,707.89,466.56,640.54,583.42
1585,OK,260,146,749,749,523.95,450.26,716.24,465.41,648.1,582.86
1586,OK,266,144,748,748,529.62,446.74,721.44,464.96,654.71,581.64
1587,OK,277,153,733,733,534.66,446.6,722.32,466.49,658.63,581.5
1588,OK,275,148,740,740,535.77,445.79,725.3,466.34,660.28,581.18
1589,OK,265,137,754,754,531.79,441.57,724.89,462.55,657.26,576.76
1590,OK,262,135,753,753,527.72,439.41,720.82,456.75,653.19,574.98
1591,OK,269,138,734,734,530.29,430.77,717.69,455.3,648.63,568.1
1592,OK,262,124,739,739,526.48,421.66,715.46,444.55,642.68,554.23
1593,OK,264,119,724,724,523.56,412.86,708.82,435.0,637.13,538.09
1594,OK,265,125,715,715,520.56,415.1,703.63,435.24,633.36,540.29
1595,OK,265,125,716,716,519.8,417.93,703.52,433.1,636.08,542.13
1596,OK,265,128,711,711,515.8,420.15,698.7,430.28,634.13,542.34
1597,OK,265,131,704,704,512.62,422.77,693.76,429.73,632.49,541.67
1598,OK,263,130,704,704,510.19,421.15,691.49,427.31,630.1,540.06
1599,OK,261,130,702,702,506.57,422.22,687.27,425.92,627.67,538.34
1600,OK,258,129,703,703,503.33,423.6,684.5,424.19,625.18,538.06
1601,OK,257,129,703,703,502.32,426.44,683.28,424.78,624.3,535.37
1602,OK,258,129,702,702,504.02,425.15,684.76,424.14,625.38,536.71
1603,OK,259,128,703,703,504.55,424.21,685.72,424.84,624.89,535.02
1604,OK,263,130,700,700,508.99,421.7,689.32,424.94,628.33,537.02
1605,OK,267,131,704,704,513.57,424.09,694.95,428.31,635.62,541.7
1606,OK,266,131,707,707,515.6,421.52,697.56,431.48,633.13,542.77
1607,OK,270,130,711,711,520.07,420.51,702.83,433.04,639.59,544.7
1608,OK,271,128,710,710,523.45,415.78,705.49,434.08,639.4,542.49
1609,OK,270,121,721,721,526.47,412.68,711.01,432.75,642.55,540.71
1610,OK,273,120,723,723,530.52,411.39,715.39,433.54,645.48,539.88
1611,OK,277,123,720,720,534.49,412.75,718.43,436.01,648.31,542.05
1612,OK,281,119,726,726,540.61,410.75,725.77,436.4,655.08,541.36
1613,OK,284,119,722,722,541.68,410.52,726.13,435.03,656.84,537.94
1614,OK,283,120,726,726,542.74,413.39,728.02,438.7,658.37,540.43
1615,OK,285,121,730,730,545.04,415.75,731.48,440.42,661.94,544.2
1616,OK,285,124,730,730,546.09,416.61,732.23,442.35,662.08,549.05
1617,OK,287,125,726,726,545.51,417.29,731.06,441.44,663.21,547.24
1618,OK,296,131,715,715,549.71,417.98,732.08,442.84,665.76,547.12
1619,OK,294,128,721,721,550.47,416.95,734.33,442.31,667.58,546.78
1620,OK,299,129,717,717,553.0,416.88,735.8,442.37,669.85,545.4
1621,OK,300,129,717,717,554.18,415.81,736.89,442.56,670.47,545.99
1622,OK,310,138,694,694,556.91,420.18,733.69,447.24,670.56,537.71
1623,OK,304,127,715,715,556.73,415.09,739.12,440.66,675.02,541.12
1624,OK,305,126,711,711,554.72,414.16,736.66,434.43,676.18,538.03
1625,OK,300,122,712,712,551.94,411.95,733.88,433.94,670.7,534.7
1626,OK,295,117,719,719,549.52,409.82,733.19,433.23,667.11,530.89
1627,OK,298,116,715,715,550.22,409.6,733.15,431.87,669.45,526.1
1628,OK,305,115,715,715,556.38,407.74,739.03,431.53,676.75,525.3
1629,OK,308,112,714,714,558.69,406.14,741.03,429.77,680.39,521.27
1630,OK,305,110,716,716,558.52,404.17,740.96,430.36,678.1,520.58
1631,OK,304,112,716,716,557.27,405.61,739.87,430.89,676.48,523.0
1632,OK,301,112,717,717,555.19,405.67,738.05,431.23,673.33,522.65
1633,OK,300,111,719,719,554.16,406.81,737.61,431.47,672.55,522.22
1634,OK,303,115,715,715,554.75,408.84,737.39,432.56,674.51,525.04
1635,OK,303,117,712,712,554.22,410.18,736.28,432.24,673.18,526.79
1636,OK,303,119,713,713,554.37,410.98,736.48,433.71,673.98,527.89
1637,OK,302,123,715,715,554.69,413.79,737.44,435.51,673.46,537.29
1638,OK,302,127,713,713,552.8,415.53,735.41,435.72,673.16,541.97
1639,OK,306,131,706,706,554.31,416.55,734.99,436.51,675.01,542.58
1640,OK,304,128,709,709,553.21,415.21,734.71,436.49,672.1,539.15
1641,OK,302,125,712,712,553.65,413.62,735.51,436.48,672.04,537.59
1642,OK,300,121,718,718,554.17,412.31,737.6,435.75,672.61,536.56
1643,OK,302,122,718,718,556.22,412.13,739.43,436.84,675.49,539.31
1644,OK,305,125,717,717,557.27,413.73,740.28,437.7,677.29,541.17
1645,OK,306,128,713,713,558.46,415.17,740.34,440.13,676.34,541.99
1646,OK,308,130,713,713,559.51,416.02,741.43,440.18,678.93,544.27
1647,OK,311,134,705,705,560.24,419.09,740.09,444.1,676.93,541.97
1648,OK,309,129,706,706,559.91,414.91,739.51,444.12,674.57,534.79
1649,OK,308,123,711,711,560.44,410.64,741.45,438.01,676.17,533.39
1650,OK,308,126,712,712,561.32,412.52,742.6,439.54,677.97,538.13
1651,OK,303,129,715,715,558.68,414.3,740.27,444.37,671.15,543.85
1652,OK,295,125,725,725,553.31,416.87,738.24,442.99,669.46,545.54
1653,OK,299,130,721,721,554.7,420.28,738.77,445.11,672.68,548.98
1654,OK,289,128,730,730,548.58,421.93,734.96,445.93,668.02,552.54
1655,OK,295,134,721,721,550.06,425.34,734.5,447.75,669.63,553.45
1656,OK,297,135,718,718,550.84,426.9,734.42,448.32,670.51,551.65
1657,OK,293,133,720,720,548.9,424.52,732.96,446.93,666.21,552.0
1658,OK,298,138,710,710,550.25,423.46,731.85,445.75,666.07,552.81
1659,OK,295,132,722,722,551.98,420.69,736.23,446.43,668.72,553.83
1660,OK,294,132,722,722,551.07,419.7,735.47,444.38,668.66,555.01
1661,OK,295,132,712,712,547.54,417.25,729.61,438.29,664.68,549.25
1662,OK,299,133,711,711,550.56,416.71,732.31,438.62,666.72,549.01
1663,OK,299,130,713,713,550.86,414.52,733.16,436.9,669.54,548.06
1664,OK,296,125,721,721,551.74,412.44,735.62,438.17,669.98,546.1
1665,OK,298,126,720,720,553.87,412.59,737.56,438.15,672.0,547.22
1666,OK,299,129,717,717,553.41,412.74,736.23,438.72,670.33,548.6
1667,OK,300,127,717,717,553.23,413.23,736.58,435.45,672.93,546.88
1668,OK,301,130,714,714,553.07,414.82,735.88,435.59,673.2,549.18
1669,OK,299,129,718,718,552.01,415.08,735.51,437.17,672.66,551.69
1670,OK,297,125,724,724,552.37,414.87,737.5,436.69,673.9,549.12
1671,OK,299,124,724,724,553.52,414.82,738.79,436.12,676.0,547.24
1672,OK,300,125,722,722,553.71,415.28,738.64,435.84,676.21,547.94
1673,OK,300,123,724,724,554.49,414.88,740.01,434.62,677.63,545.37
1674,OK,298,119,726,726,554.06,412.96,740.16,432.31,676.86,541.48
1675,OK,298,116,727,727,553.05,411.04,739.23,431.38,676.41,537.76
1676,OK,298,114,727,727,553.8,410.0,739.81,431.02,676.82,535.47
1677,OK,297,114,727,727,552.61,409.92,738.64,430.84,675.58,535.34
1678,OK,303,119,716,716,553.81,408.62,737.15,428.78,677.98,535.4
1679,OK,305,119,715,715,554.94,408.5,738.0,429.23,678.78,534.91
1680,OK,301,113,718,718,555.13,405.22,738.66,428.09,674.96,528.17
1681,OK,304,114,710,710,554.4,403.15,735.65,427.89,673.94,522.77
1682,OK,290,100,729,729,548.82,399.78,735.09,424.06,667.96,516.7
1683,OK,290,96,727,727,548.01,396.99,733.63,421.81,666.33,508.86
1684,OK,288,99,719,719,543.29,397.9,727.25,418.89,660.06,509.12
1685,OK,284,97,720,720,540.8,396.4,724.73,419.65,655.87,507.08
1686,OK,277,97,723,723,535.14,396.95,719.93,419.79,649.9,508.44
1687,OK,271,96,726,726,530.75,398.32,716.33,420.8,644.88,509.41
1688,OK,273,102,723,723,531.19,399.46,716.26,421.11,645.72,516.37
1689,OK,274,103,725,725,533.08,401.18,718.42,423.21,647.57,518.63
1690,OK,277,108,727,727,535.04,406.2,721.12,426.84,652.57,526.01
1691,OK,282,113,723,723,537.61,408.45,723.08,426.47,656.13,531.13
1692,OK,282,117,728,728,540.36,412.11,726.72,432.58,659.08,539.68
1693,OK,272,123,738,738,535.22,418.17,723.94,440.81,652.53,555.52
1694,OK,274,137,729,729,533.72,424.67,720.07,447.85,650.43,566.6
1695,OK,262,136,741,741,527.39,428.9,716.66,452.96,642.38,572.02
1696,OK,254,131,749,749,522.2,428.49,713.77,451.35,638.6,570.32
1697,OK,261,135,741,741,525.71,428.61,715.31,450.09,642.2,571.86
1698,OK,267,128,741,741,531.84,422.32,721.25,445.18,648.13,563.29
1699,OK,268,123,742,742,535.13,416.35,724.51,441.75,649.95,559.24
1700,OK,275,115,731,731,536.08,407.7,722.8,432.03,651.59,540.56
1701,OK,268,107,731,731,531.2,401.1,717.7,427.25,641.73,531.14
1702,OK,273,97,727,727,533.84,392.7,719.11,419.62,647.36,515.21
1703,OK,275,86,731,731,536.39,387.38,722.98,413.47,651.9,503.57
1704,OK,276,78,723,723,534.47,375.97,718.49,404.87,649.27,488.57
1705,OK,272,69,725,725,530.7,368.66,715.47,394.87,645.34,480.73
1706,OK,264,56,733,733,525.5,361.94,712.24,389.16,642.28,469.05
1707,OK,268,60,720,720,522.0,363.82,705.9,387.36,642.7,465.89
1708,OK,266,57,725,725,521.94,361.48,707.11,385.66,642.16,464.81
1709,OK,264,61,724,724,518.42,366.98,704.06,385.92,641.52,470.81
1710,OK,270,75,712,712,520.52,371.96,703.03,389.14,640.44,482.5
1711,OK,265,79,710,710,512.57,377.34,695.14,385.91,637.92,488.33
1712,OK,260,83,711,711,507.67,382.21,690.8,387.4,631.87,492.23
1713,OK,256,82,713,713,503.01,383.56,686.67,385.01,630.13,492.84
1714,OK,260,97,707,707,502.35,399.11,684.35,392.74,633.68,504.51
1715,OK,257,96,711,711,502.2,398.83,685.15,392.75,632.22,506.68
1716,OK,260,97,710,710,504.54,398.21,687.41,392.7,634.46,508.71
1717,OK,265,98,706,706,508.51,396.33,690.28,393.08,637.88,509.19
1718,OK,254,73,725,725,505.67,380.79,692.35,381.55,632.99,489.73
1719,OK,254,68,723,723,505.25,378.98,691.42,382.19,632.8,477.81
1720,OK,248,70,724,724,502.89,380.99,689.31,385.92,625.61,480.89
1721,OK,251,87,719,719,500.99,395.33,686.22,392.04,627.06,499.82
1722,OK,254,94,715,715,502.0,398.41,686.06,394.69,628.34,506.4
1723,OK,266,106,707,707,508.42,406.95,690.35,398.81,639.17,516.87
1724,OK,269,122,701,701,511.77,415.45,692.33,410.57,636.87,531.57
1725,OK,249,145,731,731,507.11,442.42,695.48,443.3,628.01,579.03
1726,OK,243,159,735,735,504.89,453.35,693.98,461.42,621.78,596.42
1727,OK,243,164,728,728,504.62,453.24,691.83,464.72,616.77,597.93
1728,OK,233,141,747,747,502.84,438.64,694.62,452.83,614.57,583.99
1729,OK,229,113,758,758,499.96,424.65,695.1,428.11,620.35,558.3
1730,OK,247,117,727,727,505.35,415.7,692.5,418.63,622.21,543.2
1731,OK,251,107,725,725,505.33,411.57,691.99,407.46,627.81,530.3
1732,OK,256,105,720,720,508.85,406.91,694.3,405.93,630.44,525.28
1733,OK,252,100,726,726,506.83,405.68,693.77,402.93,630.41,523.51
1734,OK,252,101,722,722,505.87,404.89,691.91,402.42,628.61,520.53
1735,OK,262,108,706,706,508.27,404.71,690.11,401.43,632.43,519.24
1736,OK,265,108,704,704,509.52,404.72,690.73,401.71,634.11,518.63
1737,OK,266,108,700,700,508.5,403.05,688.82,399.37,634.79,516.26
1738,OK,267,108,700,700,508.61,403.45,689.01,400.38,635.42,516.07
1739,OK,266,108,701,701,509.3,401.41,689.81,400.88,633.03,515.37
1740,OK,265,107,709,709,510.87,405.5,693.36,402.19,637.34,518.91
1741,OK,265,106,713,713,513.27,404.35,696.86,403.48,638.13,521.85
1742,OK,264,108,713,713,513.39,404.73,696.92,405.13,636.67,523.88
1743,OK,266,107,713,713,514.21,404.19,697.75,404.5,638.05,522.58
1744,OK,272,118,701,701,516.98,408.27,697.37,412.75,638.22,525.93
1745,OK,269,115,707,707,516.03,408.2,698.19,410.75,637.83,527.42
1746,OK,266,109,712,712,516.14,404.47,699.55,407.93,637.64,524.25
1747,OK,266,110,714,714,516.61,406.3,700.53,409.62,637.58,526.14
1748,OK,263,110,719,719,518.37,406.62,703.53,414.32,634.39,528.97
1749,OK,266,112,718,718,521.94,407.61,706.53,416.61,637.5,531.08
1750,OK,264,114,719,719,520.36,408.65,705.18,418.86,634.89,533.14
1751,OK,261,112,725,725,519.88,406.69,706.04,421.33,633.07,534.2
1752,OK,264,114,723,723,522.26,407.29,707.8,422.9,636.04,536.53
1753,OK,266,114,726,726,525.74,409.18,711.53,429.22,640.28,534.99
1754,OK,259,104,740,740,523.84,409.15,713.8,423.46,640.82,533.1
1755,OK,265,102,729,729,525.21,402.85,712.47,415.81,641.06,523.67
1756,OK,258,90,728,728,518.15,394.66,705.32,405.25,632.41,508.45
1757,OK,261,94,720,720,515.57,397.57,700.94,402.25,634.49,509.62
1758,OK,262,101,714,714,512.47,403.11,696.32,401.45,635.29,513.94
1759,OK,262,103,714,714,512.0,404.89,695.89,402.76,635.98,516.32
1760,OK,260,103,717,717,510.8,407.33,695.4,404.81,634.1,516.23
1761,OK,267,111,707,707,515.55,407.54,697.54,409.77,633.98,519.7
1762,OK,269,115,707,707,518.57,410.84,700.6,414.3,636.19,523.92
1763,OK,267,106,721,721,521.07,409.08,706.65,413.73,641.25,520.66
1764,OK,270,102,733,733,529.2,406.87,717.64,418.23,649.16,523.58
1765,OK,270,101,740,740,532.33,409.12,722.57,420.84,653.4,528.43
1766,OK,275,103,741,741,536.11,411.63,726.63,423.83,659.15,529.56
1767,OK,278,104,740,740,539.96,410.48,729.88,425.69,662.08,531.82
1768,OK,280,106,738,738,540.74,411.19,730.33,425.39,664.02,532.69
1769,OK,279,105,738,738,540.46,409.93,729.84,426.55,661.96,531.53
1770,OK,283,112,729,729,540.14,410.93,727.25,426.01,660.71,533.62
1771,OK,282,113,733,733,540.57,412.35,728.61,428.28,661.71,539.26
1772,OK,280,118,740,740,543.32,415.24,732.8,436.57,663.46,550.28
1773,OK,280,116,740,740,543.61,415.74,733.12,435.81,663.55,547.25
1774,OK,300,121,725,725,555.07,414.55,740.77,435.35,676.44,541.93
1775,OK,315,123,716,716,565.73,413.38,748.68,435.64,689.55,538.76
1776,OK,335,128,707,707,579.09,412.58,760.12,431.8,707.01,540.37
1777,OK,355,129,699,699,594.54,410.09,772.96,433.55,724.48,535.77
1778,OK,365,137,690,690,601.31,415.7,777.55,438.96,731.54,537.67
1779,OK,382,146,679,679,612.93,417.17,786.02,441.56,743.43,541.12
1780,OK,377,141,683,683,612.38,414.28,786.32,441.21,738.38,536.99
1781,OK,383,150,680,680,615.33,421.27,789.02,444.64,744.96,548.6
1782,OK,376,155,687,687,612.68,425.27,788.16,449.09,739.24,559.16
1783,OK,375,156,691,691,612.45,428.11,789.12,449.95,741.21,563.74
1784,OK,377,153,689,689,613.02,425.73,788.97,448.67,742.33,557.55
1785,OK,369,147,694,694,607.47,424.78,784.6,448.07,737.24,552.94
1786,OK,356,149,709,709,601.54,428.12,782.33,453.94,730.01,566.54
1787,OK,363,144,696,696,602.51,423.63,780.74,442.85,732.36,551.75
1788,OK,353,140,717,717,600.89,426.13,784.08,448.89,730.39,560.18
1789,OK,358,143,705,705,600.43,425.91,780.66,447.98,730.67,554.4
1790,OK,352,142,713,713,598.57,427.36,780.82,450.22,728.02,558.72
1791,OK,350,143,713,713,596.11,428.6,778.64,447.83,726.31,561.44
1792,OK,344,145,718,718,593.15,428.75,776.5,452.49,722.96,567.46
1793,OK,333,131,724,724,584.69,421.59,770.24,439.2,714.33,556.41
1794,OK,315,127,728,728,571.35,418.8,757.83,439.15,694.41,553.4
1795,OK,288,128,730,730,551.44,416.11,737.57,442.38,663.23,558.06
1796,OK,254,112,758,758,530.69,412.65,724.5,435.65,639.73,559.43
1797,OK,218,107,753,753,499.67,409.57,692.39,431.05,592.11,546.28
1798,OK,211,100,755,755,493.59,406.83,687.25,423.4,586.57,539.65
1799,OK,213,102,758,758,495.57,412.2,690.16,426.31,592.79,543.84
