k,status,x,y,w,h,rx,ry,lx,ly,nx,ny
0,FAILED,,,,,,,,,,
1,OK,140,117,741,741,413.85,427.2,604.23,441.87,511.99,540.48
2,OK,137,115,745,745,412.26,429.03,603.72,441.38,510.31,539.49
3,OK,135,115,748,748,411.28,431.51,603.63,443.51,511.95,541.92
4,OK,143,119,741,741,413.85,434.35,604.39,442.88,517.1,540.45
5,OK,146,123,735,735,414.64,436.79,603.78,446.26,517.08,539.28
6,OK,145,120,737,737,414.57,435.57,604.13,443.85,518.29,536.32
7,OK,143,119,738,738,413.48,435.57,603.38,444.46,516.17,537.14
8,OK,136,116,746,746,411.55,433.41,603.53,443.74,512.23,541.21
9,OK,137,115,746,746,411.63,432.68,603.42,442.53,512.66,539.94
10,OK,139,119,739,739,411.7,433.18,601.63,444.32,510.03,538.43
11,OK,139,116,743,743,412.34,433.89,603.43,442.8,513.98,537.53
12,OK,144,120,736,736,414.73,434.1,604.16,444.24,516.2,538.14
13,OK,145,119,738,738,414.78,435.2,604.73,442.86,518.83,537.9
14,OK,145,118,741,741,415.34,434.74,606.17,442.18,520.14,539.32
15,OK,145,117,743,743,416.07,434.15,607.19,443.13,520.73,539.06
16,OK,147,120,737,737,415.29,435.52,605.03,442.3,520.04,538.44
17,OK,141,118,741,741,412.23,435.58,602.86,441.73,515.94,538.08
18,OK,137,114,746,746,411.08,433.7,603.03,442.95,513.13,536.52
19,OK,137,114,748,748,411.28,434.05,603.59,444.92,514.7,536.83
20,OK,139,115,747,747,411.71,434.79,604.08,442.28,516.52,538.79
21,OK,142,118,742,742,413.23,436.05,604.34,442.38,518.56,538.83
22,OK,141,118,741,741,412.33,435.87,603.01,442.84,515.96,536.85
23,OK,138,116,744,744,411.55,435.26,602.96,442.68,514.58,538.35
24,OK,138,116,744,744,411.08,435.76,602.56,442.1,514.6,538.56
25,OK,139,116,740,740,411.07,434.66,601.41,444.91,511.91,534.16
26,OK,135,118,747,747,410.38,434.7,602.48,443.94,511.47,543.41
27,OK,137,116,744,744,410.91,432.81,602.34,443.42,511.73,538.99
28,OK,137,115,742,742,410.32,431.69,601.28,441.32,510.51,536.66
29,OK,131,112,753,753,408.98,430.34,602.74,441.34,509.01,540.16
30,OK,135,110,756,756,413.08,433.6,607.76,440.36,517.52,540.04
31,OK,133,112,748,748,411.05,428.1,603.19,441.07,508.52,537.52
32,OK,136,111,743,743,412.27,423.99,603.12,438.94,508.2,534.3
33,OK,135,113,742,742,411.16,425.72,601.85,439.05,507.03,537.04
34,OK,136,113,743,743,412.42,423.9,603.06,439.92,507.19,536.25
35,OK,136,113,742,742,412.77,424.9,603.28,439.99,507.73,536.09
36,OK,137,115,739,739,411.48,425.63,601.32,438.45,506.71,537.58
37,OK,142,116,735,735,414.35,423.14,602.99,438.07,510.09,535.48
38,OK,140,115,735,735,413.46,422.11,602.06,438.0,506.91,534.91
39,OK,141,114,736,736,415.03,422.82,604.02,438.29,510.3,534.59
40,OK,140,111,738,738,414.79,421.64,604.32,437.09,510.35,532.35
41,OK,142,114,734,734,414.19,422.26,602.86,436.11,510.56,533.78
42,OK,138,112,737,737,411.48,422.85,600.84,434.65,507.1,532.06
43,OK,139,109,738,738,412.79,422.96,602.48,433.95,509.96,528.15
44,OK,135,109,742,742,411.44,423.35,602.0,437.01,506.94,530.84
45,OK,136,110,741,741,411.52,423.09,601.95,436.89,507.01,530.59
46,OK,133,108,743,743,409.34,422.69,600.19,436.32,505.11,530.49
47,OK,135,111,745,745,411.42,425.0,602.96,437.96,508.65,535.65
48,OK,135,110,744,744,411.83,423.4,602.85,438.05,507.62,535.27
49,OK,137,110,742,742,412.63,423.14,603.25,438.38,508.58,533.22
50,OK,135,111,745,745,410.92,423.64,602.43,437.3,507.66,535.74
51,OK,133,109,747,747,411.09,423.08,602.93,438.11,506.67,535.19
52,OK,130,107,749,749,409.25,421.78,601.57,437.75,503.88,532.71
53,OK,130,107,750,750,409.06,423.24,601.79,437.91,505.73,534.62
54,OK,130,109,749,749,408.24,424.04,600.58,437.97,504.72,536.2
55,OK,136,112,740,740,411.33,424.76,601.38,439.15,506.42,533.26
56,OK,132,111,746,746,410.65,425.12,602.19,441.01,505.37,535.82
57,OK,134,112,744,744,410.78,426.03,601.8,441.58,506.35,535.61
58,OK,134,111,746,746,410.89,426.83,602.55,440.09,508.11,535.86
59,OK,131,109,752,752,409.39,427.83,602.71,439.8,508.84,536.37
60,OK,134,110,748,748,410.49,427.63,602.65,439.91,509.47,535.83
61,OK,129,108,755,755,409.56,425.98,603.52,440.63,507.31,538.31
62,OK,133,109,755,755,411.21,427.89,605.25,439.87,512.46,538.98
63,OK,133,109,752,752,410.36,427.78,603.73,439.5,511.07,537.94
64,OK,134,112,746,746,410.23,428.95,602.09,440.92,509.8,535.91
65,OK,135,112,746,746,410.6,428.01,602.3,439.85,509.92,536.77
66,OK,133,109,755,755,411.05,427.67,605.17,439.84,511.97,538.78
67,OK,132,109,753,753,411.14,425.77,604.47,439.58,510.06,538.84
68,OK,132,109,753,753,409.8,426.86,603.45,437.95,510.5,538.4
69,OK,129,109,751,751,407.92,425.82,600.99,438.09,505.51,536.66
70,OK,132,109,748,748,409.0,425.22,601.14,437.6,507.53,535.13
71,OK,133,108,746,746,409.39,424.04,601.07,437.77,507.59,532.72
72,OK,136,113,739,739,409.05,427.04,599.12,438.35,506.85,531.94
73,OK,138,113,739,739,409.57,426.45,599.72,437.17,510.39,533.34
74,OK,135,114,740,740,407.31,427.56,597.56,438.3,508.39,536.53
75,OK,136,112,746,746,408.49,429.32,600.6,435.86,514.69,539.26
76,OK,135,113,748,748,408.28,429.69,600.74,436.59,514.56,541.7
77,OK,139,118,740,740,409.19,431.34,599.64,439.51,514.32,542.04
78,OK,140,120,736,736,409.32,431.2,598.83,439.66,513.5,542.08
79,OK,141,121,737,737,410.42,430.63,599.96,439.59,513.9,544.12
80,OK,140,118,739,739,410.29,428.95,600.32,439.61,513.44,540.99
81,OK,143,117,736,736,411.84,428.31,601.2,437.8,516.28,538.86
82,OK,146,120,730,730,412.42,427.9,600.21,438.04,515.86,538.47
83,OK,144,126,730,730,411.77,435.41,599.71,442.34,513.84,543.33
84,OK,140,125,732,732,409.69,436.17,597.94,444.26,509.98,542.65
85,OK,137,121,738,738,407.55,434.72,597.53,440.84,511.16,542.56
86,OK,137,121,738,738,407.8,435.02,597.9,441.54,509.99,542.09
87,OK,138,122,735,735,407.78,433.31,596.87,441.88,508.42,540.41
88,OK,135,120,738,738,406.04,434.29,595.91,441.04,508.36,541.44
89,OK,138,121,737,737,407.28,434.7,597.06,442.01,510.08,540.97
90,OK,139,122,737,737,409.48,433.81,599.03,443.12,511.18,543.48
91,OK,136,119,745,745,409.74,432.5,601.24,444.2,510.92,543.9
92,OK,136,119,745,745,409.88,432.34,601.27,444.08,511.23,544.06
93,OK,136,119,744,744,409.03,433.04,600.43,441.99,512.67,545.67
94,OK,135,120,744,744,408.6,433.95,599.95,443.49,511.68,545.47
95,OK,134,118,746,746,408.73,432.88,600.51,443.21,510.99,545.5
96,OK,131,116,748,748,406.17,433.86,598.75,442.0,508.58,543.07
97,OK,129,115,750,750,405.17,434.02,598.2,441.27,507.82,543.55
98,OK,134,119,743,743,406.58,432.88,597.84,440.93,509.01,543.63
99,OK,135,118,744,744,407.23,432.25,598.66,441.26,511.3,544.26
100,OK,132,117,748,748,406.24,433.88,598.84,440.74,511.28,546.56
101,OK,134,117,749,749,408.25,431.96,601.08,440.94,512.52,546.86
102,OK,137,120,743,743,409.21,431.91,600.37,441.37,511.67,545.36
103,OK,134,119,747,747,408.27,431.87,600.46,440.88,510.81,547.71
104,OK,135,116,742,742,407.77,430.61,598.64,439.43,509.18,540.96
105,OK,139,118,739,739,409.83,429.71,599.98,440.14,511.45,540.81
106,OK,135,118,741,741,407.36,431.99,598.12,440.73,508.4,541.0
107,OK,138,120,739,739,408.66,433.88,598.89,441.42,511.48,542.09
108,OK,132,116,750,750,407.15,431.88,600.05,441.05,510.79,545.89
109,OK,134,118,751,751,408.89,432.47,602.01,441.23,512.98,549.19
110,OK,136,120,746,746,407.75,435.12,599.79,438.9,515.57,549.25
111,OK,138,125,737,737,407.88,435.33,597.62,442.52,510.73,547.57
112,OK,137,121,742,742,407.78,434.36,598.95,439.29,513.33,548.1
113,OK,136,123,741,741,406.98,436.24,597.69,443.7,510.29,546.09
114,OK,137,124,739,739,407.41,437.23,597.59,444.94,509.66,546.85
115,OK,135,123,743,743,406.49,437.56,597.64,444.88,510.15,548.65
116,OK,129,118,748,748,403.93,434.95,596.38,441.97,506.98,546.72
117,OK,128,119,751,751,404.0,435.16,597.27,443.68,505.73,550.24
118,OK,121,116,759,759,400.96,435.16,596.26,441.52,503.23,551.95
119,OK,122,118,758,758,401.01,435.81,596.05,442.83,504.44,555.52
120,OK,123,118,759,759,401.46,436.69,596.83,442.24,504.92,554.9
121,OK,124,120,756,756,402.37,437.96,596.93,444.63,506.0,555.16
122,OK,130,119,753,753,405.91,435.92,599.66,444.31,510.21,551.86
123,OK,129,119,754,754,405.9,436.18,599.96,443.33,510.55,553.49
124,OK,126,117,759,759,404.11,436.83,599.52,441.91,510.13,553.77
125,OK,125,119,756,756,402.95,437.64,597.6,443.53,507.01,555.29
126,OK,127,119,754,754,403.4,437.35,597.53,443.13,507.75,552.88
127,OK,125,119,755,755,402.41,437.0,596.77,442.82,506.32,552.57
128,OK,129,121,750,750,404.62,436.17,597.71,444.62,507.03,553.34
129,OK,128,120,755,755,405.16,436.06,599.55,443.56,509.11,554.36
130,OK,129,121,752,752,406.18,436.69,599.56,445.77,508.34,553.88
131,OK,133,126,741,741,404.77,437.5,595.46,444.45,507.58,551.66
132,OK,133,126,742,742,404.39,439.22,595.43,444.52,508.21,552.3
133,OK,134,124,740,740,405.34,438.8,595.9,444.95,508.17,547.63
134,OK,136,124,741,741,406.08,438.56,596.75,443.0,511.14,549.13
135,OK,135,126,741,741,406.09,438.31,596.97,443.85,510.42,551.22
136,OK,133,122,745,745,405.73,437.09,597.44,443.6,510.3,548.64
137,OK,139,131,736,736,408.57,442.83,597.95,451.06,512.16,551.97
138,OK,146,136,727,727,410.67,442.17,597.82,447.93,514.32,553.11
139,OK,132,123,742,742,406.05,436.32,596.88,445.19,506.47,548.2
140,OK,131,121,745,745,403.58,435.5,595.49,441.59,506.92,548.58
141,OK,134,120,742,742,405.8,433.63,596.77,440.41,509.41,546.08
142,OK,135,121,741,741,406.34,433.49,596.97,440.7,509.01,545.44
143,OK,131,117,745,745,404.72,432.17,596.38,440.02,507.34,543.23
144,OK,136,121,737,737,405.68,433.32,595.51,439.25,508.07,542.0
145,OK,136,120,736,736,406.65,431.65,595.95,439.8,508.52,540.32
146,OK,136,119,740,740,406.69,432.79,597.2,439.37,510.25,542.31
147,OK,138,120,739,739,407.27,433.02,597.56,440.1,511.92,543.42
148,OK,134,118,742,742,407.24,431.36,598.25,440.18,509.2,542.29
149,OK,134,118,743,743,406.79,432.52,598.01,441.02,508.97,541.94
150,OK,137,122,737,737,407.13,433.07,596.88,440.69,509.35,543.25
151,OK,136,120,739,739,406.72,432.09,597.0,440.11,509.91,543.85
152,OK,133,120,742,742,404.75,434.31,595.76,440.87,509.33,546.03
153,OK,132,117,747,747,405.13,433.31,597.28,440.92,509.74,544.57
154,OK,131,119,749,749,404.1,435.14,596.93,441.04,509.84,548.35
155,OK,140,131,734,734,407.7,442.72,596.64,446.42,512.25,551.43
156,OK,140,128,735,735,408.01,440.6,597.31,443.97,511.94,548.35
157,OK,139,125,733,733,408.01,436.75,596.51,444.93,508.58,541.75
158,OK,136,120,738,738,405.91,434.65,595.96,440.05,509.34,542.46
159,OK,141,121,731,731,408.69,432.16,596.77,440.7,511.12,537.45
160,OK,137,119,737,737,407.64,430.52,597.19,440.51,508.66,539.73
161,OK,140,118,737,737,409.71,429.87,599.2,439.41,512.45,538.83
162,OK,134,116,742,742,407.93,429.42,598.85,440.32,508.18,539.54
163,OK,134,116,744,744,407.94,430.95,599.3,440.89,509.25,541.13
164,OK,133,117,745,745,406.76,430.38,598.32,441.1,507.62,543.18
165,OK,137,118,740,740,408.33,431.7,598.87,439.13,510.46,541.46
166,OK,133,118,744,744,406.91,432.64,598.21,442.05,507.77,544.33
167,OK,134,119,745,745,406.44,433.66,598.09,440.73,509.75,545.93
168,OK,135,120,747,747,408.05,433.64,600.34,442.5,512.44,549.9
169,OK,135,120,745,745,407.41,432.73,599.13,441.22,511.05,548.2
170,OK,132,118,749,749,406.13,432.78,598.86,440.2,510.39,547.68
171,OK,133,119,747,747,405.92,434.58,598.18,441.34,510.27,547.1
172,OK,129,116,752,752,404.17,433.54,597.65,440.85,509.59,548.65
173,OK,129,117,749,749,403.75,432.92,596.52,440.93,506.83,546.3
174,OK,132,118,747,747,405.63,433.6,597.78,440.51,509.35,545.14
175,OK,130,116,748,748,405.36,432.71,597.85,441.54,506.79,544.26
176,OK,130,118,744,744,403.55,433.22,594.89,440.97,506.12,543.04
177,OK,132,117,744,744,405.38,431.32,596.88,440.26,507.9,542.51
178,OK,135,114,739,739,407.19,427.03,597.23,437.89,506.89,534.58
179,OK,135,113,739,739,408.08,424.8,597.88,438.24,506.84,534.04
180,OK,138,117,732,732,408.8,425.78,596.96,438.27,506.63,535.82
181,OK,141,120,729,729,408.86,427.21,596.38,438.99,507.53,536.24
182,OK,145,121,726,726,411.91,426.52,598.49,439.7,512.21,536.63
183,OK,147,123,725,725,412.2,427.01,598.51,440.02,512.8,538.4
184,OK,142,121,728,728,409.89,426.94,596.94,438.89,510.2,537.61
185,OK,140,118,733,733,409.18,426.0,597.64,438.38,509.66,537.78
186,OK,135,116,741,741,408.13,426.91,598.61,439.09,507.18,539.35
187,OK,136,117,738,738,408.83,428.33,598.63,440.57,508.1,538.94
188,OK,133,116,744,744,407.54,429.21,598.83,441.17,507.97,541.96
189,OK,138,125,736,736,409.26,437.08,598.66,445.48,509.99,546.17
190,OK,138,124,737,737,409.42,435.03,598.99,444.86,509.27,544.11
191,OK,131,115,745,745,404.72,431.27,596.38,438.69,506.49,540.88
192,OK,134,119,740,740,406.08,431.49,596.55,440.27,507.02,543.13
193,OK,133,117,743,743,405.51,431.95,596.78,440.68,507.18,541.42
194,OK,129,116,746,746,404.2,431.27,596.18,440.61,504.85,542.36
195,OK,133,117,743,743,406.44,430.43,597.52,440.95,506.88,541.86
196,OK,129,116,746,746,404.01,430.2,595.92,440.73,505.34,542.64
197,OK,132,116,745,745,405.77,429.92,597.47,440.03,507.4,542.34
198,OK,133,117,743,743,406.02,429.89,597.06,440.93,508.27,541.73
199,OK,134,118,740,740,406.89,429.52,597.24,440.86,507.84,542.23
200,OK,134,117,743,743,406.9,429.08,597.8,440.71,508.04,542.15
201,OK,131,115,747,747,406.36,428.87,598.33,441.58,506.29,541.64
202,OK,129,113,748,748,405.56,428.25,597.89,441.25,505.83,540.44
203,OK,131,116,745,745,406.48,429.08,597.87,441.53,505.8,540.78
204,OK,132,115,747,747,406.82,428.88,598.84,440.81,507.46,541.48
205,OK,133,113,746,746,409.08,425.39,600.53,440.76,508.09,540.53
206,OK,133,113,744,744,408.49,425.62,599.62,439.37,507.9,538.76
207,OK,138,114,739,739,410.12,424.75,600.07,437.82,510.1,536.07
208,OK,139,114,739,739,411.48,425.27,601.27,438.73,510.27,535.34
209,OK,139,115,737,737,410.42,425.1,599.94,436.36,509.6,535.71
210,OK,135,113,742,742,409.3,426.05,600.26,436.53,508.62,537.6
211,OK,132,113,749,749,408.48,425.96,600.87,438.42,508.07,542.38
212,OK,127,114,752,752,405.76,427.9,599.19,439.13,504.98,547.03
213,OK,130,115,751,751,407.45,427.61,600.51,440.45,507.17,547.39
214,OK,129,116,750,750,406.55,428.35,599.25,440.8,505.42,548.89
215,OK,133,119,747,747,407.27,431.6,599.48,440.69,509.21,549.01
216,OK,135,122,740,740,407.21,433.44,597.63,441.74,508.64,548.3
217,OK,134,123,743,743,406.79,435.34,598.0,443.52,508.07,549.03
218,OK,137,126,735,735,407.57,433.43,596.49,443.62,506.29,548.68
219,OK,128,120,748,748,403.05,434.11,595.59,441.32,505.0,550.96
220,OK,133,123,745,745,405.72,435.36,597.38,443.1,509.05,550.93
221,OK,136,125,740,740,406.63,437.96,597.04,443.14,512.03,550.46
222,OK,122,118,753,753,398.82,437.08,592.66,440.42,501.44,551.04
223,OK,122,120,751,751,397.77,437.34,591.16,443.22,500.64,551.69
224,OK,124,119,750,750,399.11,435.97,592.23,441.94,502.48,550.62
225,OK,127,122,744,744,400.33,436.41,591.88,443.43,501.9,548.94
226,OK,121,122,751,751,396.81,438.28,590.2,443.26,499.89,553.29
227,OK,126,121,743,743,397.56,437.5,588.93,439.88,500.87,547.19
228,OK,126,123,740,740,397.49,438.85,588.18,441.15,501.01,546.09
229,OK,130,126,737,737,398.64,440.69,588.53,443.26,502.85,547.36
230,OK,131,126,735,735,398.94,440.8,588.2,441.61,502.71,545.08
231,OK,125,119,747,747,398.11,436.72,590.47,440.08,501.75,546.98
232,OK,127,120,745,745,399.19,436.15,590.97,439.78,503.16,547.17
233,OK,123,119,748,748,398.5,435.6,591.17,441.14,500.82,548.71
234,OK,129,121,743,743,402.18,435.18,593.53,441.66,503.83,546.77
235,OK,125,118,750,750,401.16,435.32,594.22,441.47,503.99,548.99
236,OK,128,122,743,743,400.22,436.23,591.48,440.75,502.29,547.52
237,OK,127,120,744,744,400.48,435.75,591.95,441.68,502.62,547.12
238,OK,126,122,745,745,399.27,437.8,591.24,442.32,501.04,549.68
239,OK,123,121,749,749,398.46,438.4,591.46,442.46,500.72,550.89
240,OK,120,120,752,752,397.27,438.35,590.77,443.5,499.14,552.81
241,OK,131,134,737,737,400.99,447.6,590.84,451.83,502.16,556.03
242,OK,134,135,733,733,402.33,447.1,591.07,449.81,504.56,555.44
243,OK,132,128,736,736,403.29,441.03,592.81,448.9,502.88,547.36
244,OK,127,121,744,744,401.63,436.66,592.91,446.0,501.19,545.3
245,OK,129,123,739,739,401.22,436.59,591.45,443.93,501.43,545.16
246,OK,126,121,747,747,400.97,436.96,593.19,443.55,501.04,549.45
247,OK,125,122,745,745,400.57,436.58,592.33,444.33,498.93,548.11
248,OK,123,119,748,748,400.36,435.42,592.92,443.48,499.32,547.02
249,OK,125,122,747,747,400.35,438.11,592.74,444.09,500.53,549.4
250,OK,126,122,745,745,400.53,437.52,592.25,443.93,500.13,547.88
251,OK,123,119,750,750,399.96,437.42,593.06,444.59,499.66,548.73
252,OK,126,121,745,745,401.48,436.18,593.26,444.06,500.52,546.31
253,OK,127,121,747,747,402.38,436.2,594.52,445.23,501.81,547.58
254,OK,126,121,744,744,401.92,435.61,593.32,444.15,500.28,546.2
255,OK,126,121,744,744,401.71,436.1,593.25,444.51,500.32,547.33
256,OK,129,122,744,744,403.59,437.0,595.14,445.17,503.43,547.51
257,OK,128,123,743,743,401.92,437.11,593.24,444.11,500.84,548.16
258,OK,128,123,744,744,402.25,438.17,593.68,445.47,502.25,549.17
259,OK,129,126,743,743,402.36,439.6,593.56,446.13,502.65,551.14
260,OK,127,126,743,743,400.68,439.37,591.97,446.44,500.46,552.77
261,OK,125,122,746,746,400.35,438.22,592.27,445.28,500.91,550.18
262,OK,124,123,747,747,400.05,438.22,592.25,446.31,499.35,550.0
263,OK,123,126,743,743,396.6,441.53,587.75,447.81,496.7,550.82
264,OK,123,124,747,747,397.3,441.06,589.57,448.95,498.59,550.49
265,OK,126,130,738,738,398.14,443.8,588.19,450.21,498.32,551.81
266,OK,128,131,739,739,399.39,444.72,589.64,451.4,500.59,553.24
267,OK,124,129,745,745,397.75,446.31,589.45,452.58,499.65,552.97
268,OK,123,128,747,747,397.37,445.37,589.62,452.74,499.46,553.39
269,OK,123,127,744,744,396.54,443.77,588.2,449.6,497.72,551.63
270,OK,127,128,739,739,399.13,441.09,589.22,451.17,498.19,549.58
271,OK,132,135,734,734,400.14,451.41,589.15,451.83,504.42,553.02
272,OK,127,127,746,746,399.4,445.54,591.35,450.36,505.02,552.52
273,OK,128,125,745,745,398.83,442.22,590.65,445.53,506.56,550.29
274,OK,123,122,748,748,397.52,439.68,590.06,445.88,502.06,549.92
275,OK,126,123,747,747,397.64,441.25,590.14,444.71,504.58,549.64
276,OK,123,121,748,748,396.15,440.99,588.81,443.64,502.4,549.32
277,OK,123,121,751,751,396.46,440.57,589.97,444.2,503.72,550.43
278,OK,121,118,752,752,395.96,438.71,589.51,443.22,502.4,548.43
279,OK,123,121,748,748,395.93,439.64,588.59,442.18,502.53,549.35
280,OK,119,117,754,754,394.8,438.3,588.91,441.34,501.37,548.19
281,OK,121,118,751,751,394.08,439.0,587.56,438.97,503.17,547.73
282,OK,122,117,751,751,395.62,438.43,589.07,440.87,502.62,545.66
283,OK,123,120,749,749,396.21,438.9,589.2,442.23,502.73,549.21
284,OK,122,118,753,753,396.55,437.76,590.5,442.55,502.94,548.48
285,OK,122,120,750,750,395.87,439.63,589.03,443.03,503.1,549.55
286,OK,121,118,752,752,395.3,439.06,588.94,441.81,502.7,548.9
287,OK,121,118,752,752,395.42,439.31,589.06,441.77,502.71,548.02
288,OK,119,117,755,755,393.53,439.3,587.96,441.4,501.52,549.0
289,OK,121,118,752,752,395.4,438.18,589.08,442.75,502.22,548.16
290,OK,121,120,752,752,395.66,441.32,589.36,444.73,502.21,549.8
291,OK,124,123,747,747,396.66,441.31,589.05,445.65,502.04,549.31
292,OK,119,119,755,755,395.49,440.38,589.78,445.82,500.6,550.29
293,OK,121,121,751,751,395.33,441.04,588.73,444.93,501.09,549.99
294,OK,121,118,753,753,395.87,439.11,589.72,444.32,501.66,548.25
295,OK,119,118,754,754,394.81,439.19,589.0,444.17,500.57,549.54
296,OK,120,120,751,751,394.77,439.36,588.13,443.35,500.48,549.06
297,OK,122,121,751,751,396.72,440.29,590.0,445.52,501.91,549.83
298,OK,121,120,752,752,396.53,440.96,590.06,445.83,502.55,550.3
299,OK,124,120,748,748,396.94,440.21,589.66,443.45,504.03,547.14
300,OK,129,124,742,742,399.2,440.89,590.34,443.46,506.14,548.71
301,OK,126,119,747,747,397.37,439.09,589.82,439.94,504.74,546.35
302,OK,123,116,748,748,396.06,436.66,588.81,437.62,503.48,544.51
303,OK,122,116,751,751,394.85,437.16,588.18,437.09,503.36,545.58
304,OK,124,118,746,746,395.96,436.89,588.0,438.17,503.47,544.48
305,OK,130,128,739,739,398.81,446.65,589.14,444.7,504.9,550.3
306,OK,128,127,740,740,398.05,446.13,588.61,444.63,503.16,549.51
307,OK,127,123,747,747,399.31,442.23,591.76,444.59,505.5,549.86
308,OK,127,119,747,747,399.1,438.07,591.52,440.77,505.87,545.59
309,OK,128,119,745,745,399.42,437.1,591.18,440.16,505.5,544.28
310,OK,127,120,746,746,398.65,438.73,590.74,440.35,505.39,546.49
311,OK,125,116,748,748,398.23,437.24,590.76,440.18,504.63,541.92
312,OK,125,120,745,745,397.82,436.17,589.51,442.61,500.99,545.73
313,OK,122,120,747,747,395.77,437.06,587.99,442.18,499.92,548.08
314,OK,126,122,742,742,397.54,437.7,588.6,441.1,502.08,547.33
315,OK,125,118,746,746,398.51,435.83,590.49,442.0,502.04,543.41
316,OK,125,118,746,746,398.82,435.77,590.88,442.51,502.31,543.83
317,OK,126,121,743,743,398.17,437.81,589.5,442.24,502.07,544.77
318,OK,126,120,745,745,398.84,436.16,590.61,442.69,501.69,545.26
319,OK,125,118,746,746,398.35,436.53,590.32,441.66,501.76,544.6
320,OK,123,118,747,747,397.09,435.87,589.42,441.12,500.46,544.99
321,OK,124,118,745,745,397.28,434.53,588.93,441.34,499.49,543.37
322,OK,121,116,749,749,397.08,433.48,589.77,441.52,498.52,543.4
323,OK,126,119,743,743,398.23,435.72,589.62,441.96,501.08,542.91
324,OK,123,119,746,746,397.65,436.11,589.73,442.52,500.24,544.7
325,OK,123,119,749,749,396.75,436.07,589.62,442.12,500.83,547.0
326,OK,120,116,753,753,395.58,436.29,589.47,440.25,500.93,546.06
327,OK,123,118,749,749,396.17,438.74,589.02,440.15,502.51,546.14
328,OK,121,118,752,752,395.36,439.08,588.94,441.51,502.1,547.77
329,OK,125,120,748,748,397.79,440.73,590.42,444.04,504.17,547.21
330,OK,124,119,751,751,397.97,440.51,591.38,443.39,505.31,547.76
331,OK,119,116,754,754,395.44,437.67,589.69,442.19,501.4,546.73
332,OK,121,116,754,754,396.65,438.02,590.88,443.14,502.48,546.67
333,OK,123,124,749,749,396.98,442.85,589.87,448.1,501.72,552.36
334,OK,120,121,752,752,395.64,442.4,589.25,447.77,500.25,550.45
335,OK,121,122,751,751,396.35,441.62,589.53,448.97,499.84,550.18
336,OK,120,122,753,753,396.23,442.52,589.95,449.69,500.43,551.26
337,OK,123,124,748,748,396.89,442.73,589.44,448.87,500.96,551.67
338,OK,123,124,747,747,396.99,441.84,589.23,448.35,500.71,550.82
339,OK,122,123,749,749,395.9,442.16,588.87,446.75,500.9,549.85
340,OK,125,125,747,747,397.88,442.03,590.15,448.83,502.17,552.45
341,OK,125,124,744,744,399.39,439.42,590.72,449.67,500.08,549.15
342,OK,124,124,742,742,398.52,437.38,589.46,444.26,497.41,550.49
343,OK,129,124,737,737,400.91,435.8,590.54,445.34,499.51,544.55
344,OK,127,123,738,738,399.9,435.49,589.75,444.69,497.86,544.89
345,OK,125,123,742,742,399.79,436.6,590.6,446.94,497.99,546.51
346,OK,126,124,742,742,400.19,437.08,590.93,447.16,498.73,549.19
347,OK,123,127,741,741,396.12,440.92,586.97,446.64,496.03,551.52
348,OK,126,133,739,739,398.45,446.33,588.66,452.92,497.98,555.47
349,OK,133,137,735,735,401.81,447.93,591.13,450.69,504.2,559.59
350,OK,130,132,735,735,401.41,442.78,590.57,448.56,499.76,554.04
351,OK,125,127,740,740,399.65,439.01,589.99,446.81,496.29,552.04
352,OK,125,125,740,740,399.36,438.2,589.9,445.56,497.25,549.34
353,OK,126,124,741,741,399.75,436.41,590.51,443.75,497.72,548.36
354,OK,125,124,743,743,399.9,437.51,591.04,445.76,496.72,549.88
355,OK,126,125,741,741,399.74,437.07,590.41,445.21,497.44,549.69
356,OK,127,127,738,738,400.25,438.94,590.09,445.81,497.85,550.93
357,OK,128,127,737,737,400.71,437.4,590.31,446.22,497.03,549.43
358,OK,126,127,739,739,399.32,438.25,589.36,446.85,496.06,551.16
359,OK,125,126,740,740,398.8,440.12,589.27,447.55,497.74,550.12
360,OK,122,122,747,747,397.55,438.18,589.9,445.4,497.48,549.11
361,OK,119,121,752,752,396.22,438.19,589.88,443.84,498.28,553.98
362,OK,118,120,754,754,397.29,437.26,591.22,445.66,496.9,553.09
363,OK,118,118,755,755,396.78,436.81,591.01,443.62,497.08,551.42
364,OK,118,119,754,754,396.62,437.23,590.63,444.21,496.59,552.01
365,OK,120,120,752,752,397.63,436.75,591.22,443.93,498.96,553.01
366,OK,122,122,747,747,397.07,437.85,589.26,444.45,497.26,549.5
367,OK,121,124,745,745,396.91,438.42,588.7,447.17,495.02,550.35
368,OK,122,129,741,741,395.24,442.03,586.05,448.03,493.76,554.27
369,OK,118,124,749,749,394.42,440.53,587.34,446.88,493.93,553.03
370,OK,119,124,751,751,396.73,440.26,590.07,448.02,496.35,554.78
371,OK,117,126,752,752,396.46,441.57,589.82,450.69,494.64,557.89
372,OK,116,126,753,753,395.79,442.44,589.5,452.42,493.11,557.69
373,OK,114,125,759,759,395.64,442.82,590.79,452.27,494.77,561.76
374,OK,115,127,756,756,394.69,445.52,589.16,452.91,495.0,562.66
375,OK,117,128,754,754,395.36,446.35,589.36,453.73,495.9,561.59
376,OK,119,129,750,750,395.98,445.37,588.95,452.78,496.23,560.35
377,OK,119,132,749,749,395.04,446.07,587.82,453.34,494.87,562.54
378,OK,120,132,747,747,395.07,446.47,587.25,453.38,495.25,561.53
379,OK,120,132,747,747,395.32,446.13,587.68,452.28,496.48,561.07
380,OK,117,130,750,750,394.16,445.95,587.22,452.91,494.5,561.68
381,OK,121,134,743,743,394.25,447.18,585.49,453.11,494.4,561.59
382,OK,121,133,745,745,395.92,445.94,587.68,453.59,495.94,561.26
383,OK,119,130,750,750,395.85,444.38,588.8,451.9,496.98,561.94
384,OK,121,133,746,746,396.43,447.0,588.42,453.67,497.49,562.02
385,OK,121,133,745,745,395.49,446.06,587.28,454.27,494.77,561.2
386,OK,123,132,742,742,396.89,444.15,587.85,453.11,496.69,557.42
387,OK,121,129,745,745,395.36,443.99,587.11,451.61,495.49,555.74
388,OK,121,127,746,746,395.44,444.0,587.49,451.11,496.83,554.12
389,OK,123,130,743,743,396.11,444.31,587.45,451.55,496.91,555.21
390,OK,120,127,746,746,395.17,443.04,587.28,449.89,495.91,555.46
391,OK,121,128,745,745,395.49,442.25,587.24,449.47,495.54,555.43
392,OK,122,130,743,743,395.65,443.62,586.96,452.19,495.17,555.96
393,OK,123,130,743,743,397.55,443.29,588.65,452.33,496.67,554.35
394,OK,122,135,741,741,395.38,446.13,586.08,453.94,494.35,560.06
395,OK,121,128,746,746,395.94,444.13,587.83,451.06,497.84,556.15
396,OK,122,128,746,746,396.42,443.53,588.34,451.51,498.08,555.8
397,OK,120,128,749,749,395.24,444.7,587.92,452.93,496.53,556.5
398,OK,122,130,747,747,396.45,444.78,588.78,452.98,498.21,558.65
399,OK,120,128,749,749,395.58,444.17,588.41,452.12,497.14,557.09
400,OK,119,128,751,751,395.56,445.15,588.75,453.3,495.94,557.98
401,OK,122,132,744,744,396.53,445.16,587.87,453.46,497.09,559.47
402,OK,121,128,748,748,396.76,445.12,589.26,452.8,498.5,556.94
403,OK,122,130,745,745,396.45,444.76,588.13,454.28,496.06,556.13
404,OK,122,130,745,745,396.26,443.37,587.84,452.76,497.2,556.12
405,OK,120,126,748,748,395.97,443.14,588.5,452.21,497.52,554.22
406,OK,123,129,744,744,396.87,443.92,588.35,452.45,498.18,555.49
407,OK,118,128,752,752,395.41,445.17,588.89,453.36,496.39,560.67
408,OK,117,128,752,752,395.17,445.22,588.54,453.75,495.55,560.31
409,OK,117,127,755,755,395.84,443.42,590.1,453.35,496.12,559.65
410,OK,118,128,753,753,395.7,444.54,589.4,453.4,496.39,559.57
411,OK,118,127,753,753,395.75,444.76,589.48,452.63,497.18,558.62
412,OK,122,128,746,746,396.28,444.12,588.2,451.84,497.81,555.69
413,OK,124,131,743,743,396.64,444.87,587.95,453.01,498.26,556.92
414,OK,121,130,744,744,395.76,443.64,587.17,452.86,495.77,555.93
415,OK,123,131,742,742,396.57,443.89,587.36,452.94,497.18,555.93
416,OK,121,130,745,745,395.6,444.39,587.36,451.32,495.91,557.58
417,OK,123,131,743,743,396.06,443.99,587.18,451.21,496.57,558.01
418,OK,124,132,741,741,397.0,442.82,587.68,451.8,496.1,556.72
419,OK,122,130,743,743,395.87,442.73,587.17,450.85,495.32,556.85
420,OK,121,129,745,745,395.59,441.24,587.35,450.86,494.67,556.64
421,OK,120,128,744,744,395.35,441.86,586.72,450.56,494.86,553.91
422,OK,120,126,746,746,395.68,440.78,587.58,450.24,496.13,552.96
423,OK,120,126,746,746,394.95,441.77,586.92,449.84,496.59,552.61
424,OK,123,130,743,743,396.74,443.71,588.04,452.38,497.42,555.16
425,OK,121,128,749,749,396.49,443.78,589.36,452.05,498.35,556.71
426,OK,125,130,745,745,399.19,444.33,590.96,453.58,500.38,556.82
427,OK,122,129,748,748,397.98,444.76,590.43,453.12,499.6,557.62
428,OK,123,130,746,746,398.24,444.77,590.05,453.94,499.48,557.65
429,OK,123,128,747,747,397.15,443.08,589.35,452.36,498.83,555.58
430,OK,122,126,747,747,396.91,441.39,588.99,450.18,498.45,553.48
431,OK,124,130,745,745,397.98,442.98,589.52,452.93,499.08,556.1
432,OK,121,128,748,748,396.96,443.43,589.45,453.29,497.98,556.48
433,OK,122,127,747,747,397.09,442.16,589.18,452.02,498.19,554.65
434,OK,123,128,747,747,397.71,442.4,589.87,452.61,498.27,556.08
435,OK,122,127,748,748,396.96,442.9,589.46,451.57,499.25,556.69
436,OK,120,127,751,751,396.8,442.4,589.93,452.9,498.54,557.34
437,OK,120,126,750,750,396.48,441.53,589.45,451.28,497.44,555.97
438,OK,121,123,750,750,397.04,440.26,590.08,448.48,499.56,553.47
439,OK,121,130,748,748,396.37,446.87,589.05,452.53,498.41,559.1
440,OK,127,133,741,741,398.0,447.87,588.86,452.02,500.71,557.05
441,OK,124,130,744,744,397.61,446.86,589.15,450.16,500.4,556.88
442,OK,119,130,750,750,395.44,446.99,588.55,455.28,496.18,559.77
443,OK,119,125,750,750,396.04,441.91,588.95,451.68,496.38,555.01
444,OK,118,125,750,750,395.68,440.93,588.66,451.65,495.54,555.15
445,OK,118,123,750,750,395.15,440.33,588.22,449.71,496.02,552.47
446,OK,119,123,751,751,395.0,441.1,588.24,449.38,496.49,552.7
447,OK,117,123,752,752,394.7,441.06,588.14,450.26,495.5,552.51
448,OK,119,122,753,753,396.26,440.05,589.85,449.51,498.72,552.1
449,OK,119,123,751,751,395.61,440.42,588.81,450.56,497.18,552.29
450,OK,121,124,749,749,396.04,441.36,588.79,449.27,499.38,551.53
451,OK,120,122,751,751,396.55,439.41,589.82,449.07,498.47,550.55
452,OK,119,122,753,753,395.91,439.73,589.64,448.4,497.69,552.14
453,OK,122,123,749,749,396.49,440.0,589.39,447.35,499.49,551.52
454,OK,119,122,751,751,395.43,439.87,588.67,446.12,497.27,551.46
455,OK,114,119,756,756,393.24,439.01,587.77,447.62,494.18,552.09
456,OK,118,122,750,750,395.19,439.94,588.25,449.22,496.02,550.39
457,OK,119,123,750,750,395.65,440.37,588.49,450.43,496.53,552.45
458,OK,114,119,756,756,393.25,438.09,587.71,447.58,493.78,552.41
459,OK,112,117,760,760,392.72,438.47,588.17,446.67,494.68,552.43
460,OK,115,121,755,755,393.82,438.95,588.19,448.08,494.73,552.65
461,OK,116,121,753,753,393.68,439.51,587.52,447.59,494.75,551.96
462,OK,117,123,752,752,394.8,440.01,588.22,450.34,494.99,553.03
463,OK,116,122,755,755,393.53,440.43,587.87,448.58,495.39,554.5
464,OK,117,122,754,754,395.2,440.56,589.22,450.46,496.49,553.74
465,OK,118,118,753,753,393.49,437.47,587.32,442.7,499.16,549.69
466,OK,120,117,751,751,393.78,433.63,587.15,438.4,500.32,549.54
467,OK,118,113,753,753,392.87,431.06,586.72,436.11,498.42,546.03
468,OK,117,114,753,753,391.85,432.5,585.64,436.74,497.57,545.97
469,OK,113,115,758,758,391.2,434.74,586.27,439.89,496.13,551.94
470,OK,121,127,749,749,395.07,444.88,587.88,449.17,498.7,555.63
471,OK,122,130,748,748,396.89,447.53,589.58,452.74,499.88,559.26
472,OK,124,131,744,744,398.31,446.29,589.73,454.19,499.31,557.11
473,OK,120,127,749,749,395.88,442.99,588.57,451.61,496.92,555.05
474,OK,119,125,750,750,396.01,441.03,588.98,449.76,496.71,555.02
475,OK,116,122,753,753,394.08,439.27,587.79,449.34,494.51,553.02
476,OK,115,121,755,755,393.11,439.57,587.45,447.98,494.17,552.29
477,OK,114,117,759,759,393.09,437.6,588.41,445.02,495.94,552.14
478,OK,116,118,755,755,393.77,438.45,588.02,444.72,496.92,550.27
479,OK,116,118,756,756,394.12,439.41,588.81,445.9,498.43,551.06
480,OK,121,122,751,751,395.77,439.01,588.94,446.3,499.94,552.2
481,OK,122,122,750,750,397.22,439.68,590.22,447.8,501.3,550.29
482,OK,122,122,750,750,396.48,440.52,589.67,447.05,501.42,550.85
483,OK,124,124,747,747,397.08,441.01,589.47,447.94,500.77,550.56
484,OK,122,123,749,749,396.27,439.87,589.15,447.19,500.24,551.91
485,OK,119,121,752,752,394.97,441.07,588.7,446.57,499.85,552.05
486,OK,118,122,752,752,394.61,440.04,588.22,448.37,497.07,552.5
487,OK,115,120,754,754,393.64,439.72,587.63,447.68,495.19,550.7
488,OK,116,121,754,754,393.77,440.57,587.78,448.81,495.32,553.22
489,OK,120,125,748,748,395.53,441.87,587.98,450.15,496.33,553.97
490,OK,117,122,753,753,394.12,440.09,587.91,448.15,495.64,552.49
491,OK,120,124,750,750,396.15,441.82,589.16,449.85,498.53,554.13
492,OK,119,123,752,752,395.16,441.85,588.8,448.54,498.28,554.06
493,OK,118,124,752,752,394.73,441.87,588.25,449.27,497.24,554.61
494,OK,117,123,753,753,393.98,442.07,587.78,448.74,496.13,554.14
495,OK,118,122,752,752,394.98,441.82,588.51,448.11,497.96,552.86
496,OK,121,125,750,750,397.0,441.71,589.96,449.94,499.07,554.71
497,OK,119,125,750,750,395.74,442.35,588.89,450.06,497.19,555.47
498,OK,118,123,752,752,395.43,440.54,589.09,448.04,497.24,554.28
499,OK,123,126,746,746,397.84,441.84,589.74,449.49,498.75,554.24
500,OK,129,131,739,739,399.81,443.99,590.15,449.69,502.37,554.01
501,OK,122,127,750,750,397.3,443.39,590.42,449.8,500.74,557.87
502,OK,125,128,745,745,398.44,443.37,590.12,449.65,501.33,553.89
503,OK,125,127,746,746,398.97,443.03,591.0,448.92,502.71,554.44
504,OK,127,130,743,743,399.61,444.74,590.9,450.2,501.82,555.48
505,OK,124,126,746,746,398.8,441.67,590.76,448.88,499.98,553.29
506,OK,122,125,748,748,397.65,441.59,590.17,448.64,499.61,553.78
507,OK,120,124,751,751,396.06,441.53,589.4,449.27,497.53,554.07
508,OK,120,124,750,750,396.43,440.81,589.42,448.76,497.98,553.53
509,OK,121,125,748,748,396.33,441.41,588.82,448.62,498.47,553.5
510,OK,118,124,751,751,394.12,441.18,587.49,448.89,495.92,554.04
511,OK,119,124,751,751,395.05,441.56,588.27,448.28,497.54,553.24
512,OK,126,133,741,741,396.2,452.19,587.1,451.38,501.1,554.58
513,OK,120,124,750,750,394.62,445.41,587.89,447.48,500.45,553.43
514,OK,115,117,756,756,391.97,437.42,586.77,440.97,498.22,550.99
515,OK,117,119,754,754,393.83,437.5,587.87,443.81,499.14,552.57
516,OK,123,116,753,753,397.36,433.36,591.11,440.46,503.82,548.26
517,OK,117,111,760,760,395.83,430.28,591.37,437.58,502.26,549.05
518,OK,121,114,753,753,396.15,429.42,590.01,437.69,501.89,546.6
519,OK,122,115,752,752,396.8,431.92,590.33,438.16,503.49,547.74
520,OK,120,115,753,753,394.78,431.9,588.59,437.72,501.17,547.87
521,OK,116,114,754,754,391.96,433.08,586.08,437.02,497.99,548.22
522,OK,115,117,752,752,391.03,434.0,584.76,438.31,495.17,551.64
523,OK,110,112,762,762,390.21,433.27,586.49,437.46,495.54,551.32
524,OK,114,117,756,756,391.05,434.37,585.81,439.32,495.9,553.42
525,OK,113,115,760,760,392.56,433.32,588.18,439.37,496.91,554.44
526,OK,113,116,760,760,392.59,434.83,588.25,440.09,496.48,554.91
527,OK,115,118,758,758,393.1,435.77,588.19,441.25,497.51,556.12
528,OK,115,118,756,756,393.08,435.0,587.81,441.43,496.81,554.18
529,OK,111,116,763,763,391.81,436.16,588.3,442.22,495.48,556.36
530,OK,128,140,734,734,398.04,450.93,587.13,452.55,498.94,562.56
531,OK,125,134,745,745,396.7,451.52,588.46,452.54,501.82,561.01
532,OK,123,127,749,749,397.62,443.63,590.31,450.33,500.87,556.14
533,OK,120,126,754,754,395.91,445.58,590.13,450.0,501.67,558.81
534,OK,124,130,747,747,397.08,445.14,589.4,450.39,502.13,558.64
535,OK,123,127,751,751,397.0,445.99,590.27,450.52,502.48,557.73
536,OK,121,126,753,753,396.5,445.03,590.32,450.37,501.11,557.57
537,OK,126,130,743,743,398.49,444.98,589.8,450.14,501.26,555.82
538,OK,119,125,753,753,396.05,443.38,589.86,449.21,498.1,556.35
539,OK,124,129,744,744,398.73,444.49,590.13,450.76,498.96,555.43
540,OK,116,122,758,758,395.41,441.17,590.53,448.89,498.1,556.98
541,OK,121,125,749,749,396.44,441.88,589.09,449.37,498.37,553.94
542,OK,122,126,749,749,397.39,442.52,590.18,450.1,499.7,555.68
543,OK,121,126,750,750,397.36,442.58,590.25,450.91,499.35,556.99
544,OK,120,123,755,755,397.65,440.98,591.8,450.13,499.56,556.35
545,OK,119,125,754,754,396.52,442.16,590.52,450.09,498.53,558.24
546,OK,120,125,752,752,397.67,440.33,591.04,450.79,499.39,556.9
547,OK,124,128,747,747,398.32,442.0,590.54,451.97,500.02,556.46
548,OK,125,129,744,744,398.29,442.36,589.7,451.52,500.33,555.16
549,OK,122,126,749,749,397.56,441.31,590.21,450.87,499.44,555.05
550,OK,123,126,748,748,397.98,442.03,590.44,449.02,501.18,554.71
551,OK,122,128,748,748,397.09,443.19,589.58,450.15,498.86,557.88
552,OK,120,127,750,750,395.5,443.53,588.63,450.19,498.08,558.87
553,OK,125,130,746,746,398.39,446.07,590.44,451.66,503.16,557.9
554,OK,122,126,751,751,397.02,443.28,590.28,448.88,502.19,556.51
555,OK,121,128,752,752,396.75,446.76,590.44,451.04,502.17,559.15
556,OK,122,127,748,748,395.93,445.17,588.6,448.21,500.52,556.33
557,OK,118,123,753,753,393.58,441.76,587.42,444.67,499.4,556.17
558,OK,116,121,762,762,394.48,441.35,590.62,444.68,501.65,561.68
559,OK,117,122,763,763,396.29,441.2,592.69,445.75,502.41,562.56
560,OK,116,122,762,762,396.15,441.0,592.25,446.72,501.56,562.48
561,OK,115,123,763,763,394.59,441.91,591.12,447.15,500.49,563.84
562,OK,116,122,762,762,395.96,441.23,592.25,446.69,501.77,563.05
563,OK,117,123,763,763,396.68,443.63,593.08,447.63,502.97,563.94
564,OK,121,127,758,758,398.2,446.18,593.29,450.71,505.21,565.41
565,OK,119,126,760,760,397.79,445.62,593.52,452.29,504.05,565.01
566,OK,118,126,763,763,397.53,445.23,593.83,452.7,502.97,566.29
567,OK,122,129,755,755,398.98,445.93,593.42,453.1,503.47,564.2
568,OK,119,125,761,761,396.64,446.06,592.69,450.46,503.93,563.54
569,OK,113,123,767,767,393.59,445.76,591.07,449.47,500.73,564.56
570,OK,111,120,772,772,393.99,445.02,592.9,448.61,500.88,565.61
571,OK,123,131,752,752,398.2,450.27,591.78,454.12,504.19,562.93
572,OK,126,132,749,749,398.97,450.64,591.99,451.47,506.12,562.08
573,OK,126,132,747,747,397.89,450.46,590.18,451.21,504.42,560.69
574,OK,128,134,743,743,399.27,450.09,590.52,453.45,503.68,559.86
575,OK,121,131,752,752,397.19,450.47,590.88,454.65,500.52,563.21
576,OK,122,133,749,749,397.34,450.13,590.34,454.25,499.79,562.25
577,OK,124,132,747,747,396.91,449.81,589.31,452.07,502.46,560.27
578,OK,122,133,748,748,396.49,451.65,589.06,453.52,500.45,562.05
579,OK,119,130,755,755,395.18,450.5,589.63,452.67,501.32,562.73
580,OK,127,136,743,743,398.97,451.39,590.27,454.85,502.67,561.56
581,OK,123,134,747,747,396.8,450.77,589.27,453.72,500.67,561.98
582,OK,121,131,753,753,395.9,450.5,589.86,452.32,502.44,562.86
583,OK,123,130,756,756,400.36,448.37,594.85,455.15,505.68,564.33
584,OK,125,130,750,750,401.94,447.09,594.97,455.46,502.91,560.22
585,OK,125,131,748,748,402.27,447.53,594.76,457.78,501.43,559.2
586,OK,124,132,748,748,401.32,447.33,593.84,457.25,499.88,560.5
587,OK,128,134,745,745,403.18,446.75,594.77,457.46,501.32,561.34
588,OK,126,132,749,749,401.38,447.95,594.14,455.83,502.29,561.61
589,OK,124,132,751,751,399.78,448.82,593.14,454.83,502.16,564.14
590,OK,123,126,750,750,399.81,440.73,592.71,449.5,501.64,558.62
591,OK,122,126,750,750,397.85,441.12,590.92,448.75,499.99,558.72
592,OK,127,131,738,738,398.53,443.09,588.57,449.41,499.84,554.2
593,OK,127,130,742,742,399.15,442.39,590.07,449.24,502.43,558.04
594,OK,127,128,744,744,398.9,443.5,590.61,446.56,504.52,556.59
595,OK,133,137,734,734,399.55,451.94,588.69,450.78,506.44,557.61
596,OK,125,123,748,748,397.31,446.62,589.87,443.96,505.32,550.66
597,OK,115,115,768,768,393.86,448.52,591.61,442.88,506.41,553.11
598,OK,122,122,754,754,398.59,447.57,592.69,447.22,503.91,551.21
599,OK,126,125,744,744,399.27,445.62,590.98,446.18,502.38,549.98
600,OK,128,125,745,745,400.17,445.12,592.06,446.79,504.54,548.05
601,OK,124,126,749,749,397.87,447.0,590.7,448.43,502.72,552.9
602,OK,125,128,746,746,398.04,447.61,590.27,450.87,502.32,554.67
603,OK,129,131,741,741,399.64,448.27,590.55,452.11,504.04,553.79
604,OK,127,129,745,745,399.01,449.18,590.86,450.93,504.39,553.71
605,OK,128,128,744,744,399.28,448.62,590.95,447.69,506.13,552.92
606,OK,123,127,755,755,397.54,450.93,591.94,449.26,505.67,559.15
607,OK,126,134,747,747,398.81,451.68,591.08,453.84,504.55,562.54
608,OK,123,132,750,750,396.77,452.91,589.96,452.8,503.53,561.69
609,OK,123,136,745,745,396.55,451.86,588.44,454.55,499.16,563.04
610,OK,123,136,742,742,396.92,449.46,587.97,455.47,497.48,561.7
611,OK,123,140,740,740,396.06,451.84,586.53,456.32,495.37,566.68
612,OK,124,145,734,734,394.64,454.31,583.76,457.22,493.22,569.0
613,OK,126,144,735,735,396.36,454.01,585.63,458.67,495.74,566.96
614,OK,124,141,738,738,395.61,453.07,585.6,455.94,496.06,565.83
615,OK,120,139,740,740,392.57,454.79,583.27,455.31,493.8,564.51
616,OK,120,139,742,742,394.55,453.05,585.69,458.25,493.09,565.92
617,OK,120,140,743,743,393.99,453.38,585.42,456.81,494.09,567.64
618,OK,118,136,745,745,393.15,449.91,585.11,454.64,491.63,565.41
619,OK,121,138,739,739,394.18,448.42,584.55,454.17,492.06,564.26
620,OK,122,136,741,741,395.01,448.2,585.81,453.56,494.84,562.4
621,OK,119,136,745,745,393.48,448.79,585.39,453.73,492.9,566.37
622,OK,124,138,737,737,394.8,448.39,584.63,452.7,495.05,561.91
623,OK,119,132,745,745,393.58,444.81,585.27,450.76,493.86,560.41
624,OK,113,127,754,754,391.82,444.17,585.89,450.8,492.8,561.8
625,OK,115,129,751,751,391.98,444.37,585.23,450.24,492.65,561.59
626,OK,118,131,747,747,393.48,444.85,585.86,450.76,493.41,561.41
627,OK,117,129,748,748,393.97,443.65,586.46,450.53,492.92,558.99
628,OK,119,129,743,743,393.38,442.08,584.61,449.82,491.17,554.85
629,OK,117,129,745,745,393.23,441.33,584.85,450.27,490.57,556.86
630,OK,115,125,748,748,392.01,441.1,584.43,448.4,490.48,554.77
631,OK,120,129,741,741,393.03,442.52,583.68,448.45,492.26,554.05
632,OK,117,126,745,745,392.41,440.18,584.24,448.02,491.11,552.78
633,OK,116,124,746,746,392.55,439.1,584.57,447.84,491.15,552.27
634,OK,118,124,744,744,393.07,438.1,584.45,447.21,492.16,551.33
635,OK,116,124,746,746,391.89,438.7,583.83,446.04,491.83,551.79
636,OK,115,121,749,749,391.52,436.18,584.32,445.75,490.35,550.46
637,OK,115,121,749,749,391.72,436.05,584.52,445.22,491.49,549.57
638,OK,118,125,745,745,392.09,439.33,583.9,446.09,492.83,551.94
639,OK,116,124,747,747,391.41,439.97,583.6,446.38,492.39,552.27
640,OK,110,119,752,752,387.66,437.24,581.34,443.72,488.6,550.72
641,OK,113,120,751,751,388.43,438.43,581.68,443.25,490.98,550.58
642,OK,115,122,746,746,389.41,438.86,581.55,444.36,491.37,549.86
643,OK,112,119,750,750,388.78,435.36,581.86,443.27,489.08,550.15
644,OK,115,124,747,747,389.95,439.42,582.37,445.4,491.59,552.18
645,OK,117,125,746,746,392.49,438.92,584.48,447.07,492.45,553.03
646,OK,115,123,749,749,391.34,437.7,584.18,446.68,491.31,553.65
647,OK,116,127,745,745,391.24,440.38,582.86,447.74,490.83,555.45
648,OK,117,125,746,746,392.61,438.83,584.48,448.06,492.51,553.86
649,OK,115,127,747,747,390.62,440.69,582.8,447.78,490.66,556.6
650,OK,113,126,749,749,389.42,440.64,582.31,447.89,489.12,556.69
651,OK,114,124,751,751,390.66,438.66,583.9,447.41,490.86,555.28
652,OK,117,126,747,747,392.41,438.84,584.58,448.89,492.71,555.65
653,OK,118,131,745,745,392.78,444.57,584.67,451.37,492.12,559.46
654,OK,118,135,744,744,390.44,451.74,582.17,449.27,494.11,565.09
655,OK,113,130,750,750,390.64,447.0,583.86,452.27,490.63,562.27
656,OK,118,131,743,743,391.59,443.14,582.89,450.44,491.29,558.64
657,OK,116,128,745,745,391.13,440.26,582.74,447.93,490.69,557.26
658,OK,112,127,747,747,387.74,440.47,580.01,447.5,486.55,556.77
659,OK,110,126,748,748,387.68,439.04,580.23,448.31,485.77,557.44
660,OK,112,129,745,745,387.42,440.19,579.13,449.2,484.82,558.03
661,OK,112,129,744,744,388.39,439.91,579.88,449.95,484.65,558.19
662,OK,112,128,746,746,388.49,441.2,580.35,448.86,486.48,557.49
663,OK,111,130,747,747,387.82,441.52,580.04,450.27,485.47,560.77
664,OK,113,129,745,745,388.82,439.92,580.55,449.6,485.91,558.09
665,OK,111,131,745,745,386.72,442.06,578.52,450.85,483.91,560.8
666,OK,110,127,747,747,385.21,441.27,577.62,447.93,484.98,556.93
667,OK,109,125,750,750,385.96,441.21,579.06,448.16,486.14,555.67
668,OK,110,124,751,751,386.51,440.61,579.86,447.08,487.13,554.41
669,OK,108,121,754,754,386.02,438.84,579.98,445.8,487.34,554.75
670,OK,108,123,753,753,385.81,440.09,579.65,447.02,485.72,555.46
671,OK,111,123,752,752,388.83,439.58,582.25,447.21,489.15,555.43
672,OK,113,125,749,749,389.11,440.48,581.87,446.95,489.56,555.05
673,OK,110,121,753,753,388.27,437.64,581.98,445.65,487.46,553.42
674,OK,110,122,753,753,387.09,440.31,581.0,445.35,488.9,554.78
675,OK,114,123,744,744,388.25,436.41,579.78,445.48,488.38,549.32
676,OK,112,120,746,746,386.81,435.4,578.91,443.25,487.67,547.99
677,OK,110,118,755,755,387.28,436.85,581.73,443.55,490.31,550.26
678,OK,108,117,757,757,386.61,437.03,581.38,444.37,488.61,551.21
679,OK,107,116,756,756,386.56,436.03,581.2,443.32,488.0,550.17
680,OK,108,119,756,756,386.66,437.72,581.23,444.22,488.33,554.26
681,OK,108,118,756,756,386.97,437.03,581.51,442.61,489.44,552.89
682,OK,108,120,755,755,386.34,438.41,580.7,444.53,488.1,554.03
683,OK,108,119,755,755,386.48,437.57,580.85,444.42,488.28,552.88
684,OK,112,132,746,746,385.08,451.48,577.29,447.8,489.72,560.92
685,OK,104,128,759,759,382.49,449.65,578.0,448.81,486.37,565.84
686,OK,108,126,752,752,386.02,442.77,579.69,449.88,486.35,558.29
687,OK,106,124,754,754,384.91,441.88,578.92,448.48,485.81,558.24
688,OK,110,127,749,749,385.73,440.95,578.58,447.32,486.55,557.97
689,OK,109,129,748,748,385.74,444.18,578.24,449.15,485.59,560.21
690,OK,107,127,752,752,385.41,443.82,578.96,449.77,484.51,559.86
691,OK,108,125,752,752,385.59,442.25,579.06,448.94,486.27,558.02
692,OK,103,123,756,756,382.82,441.62,577.44,447.49,483.2,559.27
693,OK,108,127,752,752,386.15,440.97,579.77,448.21,485.54,562.18
694,OK,106,127,752,752,384.32,442.95,577.95,449.87,483.78,561.45
695,OK,107,127,752,752,385.21,442.94,578.91,449.41,484.8,561.22
696,OK,102,122,761,761,382.79,441.8,578.83,447.14,483.28,560.07
697,OK,103,122,757,757,383.4,440.36,578.16,447.16,482.0,557.49
698,OK,102,121,756,756,382.94,440.11,577.66,443.79,481.47,557.8
699,OK,99,116,760,760,381.45,434.51,577.1,440.47,479.41,556.49
700,OK,96,114,764,764,379.56,434.37,576.23,438.01,480.0,556.24
701,OK,99,116,763,763,381.39,434.52,577.95,439.07,481.85,557.72
702,OK,102,118,759,759,382.7,435.08,578.16,439.51,483.36,556.74
703,OK,106,119,756,756,384.71,436.84,579.29,441.03,486.67,557.04
704,OK,108,122,752,752,385.02,440.24,578.68,442.66,487.94,555.91
705,OK,107,120,755,755,384.63,440.08,579.01,442.14,488.11,553.7
706,OK,106,120,757,757,384.55,439.53,579.5,442.17,486.93,556.11
707,OK,105,120,759,759,385.25,438.1,580.56,442.77,486.28,557.77
708,OK,105,117,760,760,385.27,437.29,581.07,442.07,487.73,554.84
709,OK,110,122,751,751,386.47,439.86,579.96,443.73,488.49,552.56
710,OK,107,119,755,755,385.15,438.07,579.5,441.71,486.19,553.95
711,OK,107,120,755,755,384.4,438.87,578.93,440.52,486.42,556.14
712,OK,106,119,757,757,384.55,438.37,579.46,441.14,486.62,555.88
713,OK,103,118,759,759,382.65,436.82,578.21,440.69,483.71,556.3
714,OK,101,117,760,760,382.12,436.39,577.77,440.32,483.6,556.09
715,OK,103,116,758,758,382.76,434.46,578.01,439.11,483.83,553.53
716,OK,102,117,759,759,381.61,435.29,577.08,439.04,483.28,556.02
717,OK,98,111,766,766,382.14,431.61,579.19,438.55,482.6,553.72
718,OK,99,114,762,762,381.65,432.55,577.7,439.17,481.52,554.47
719,OK,98,113,764,764,381.37,433.11,578.09,439.32,481.39,555.55
720,OK,100,116,761,761,382.11,433.4,577.93,439.29,481.83,555.89
721,OK,103,119,756,756,383.12,435.35,577.71,442.21,483.13,555.77
722,OK,109,125,753,753,388.05,439.76,581.84,447.72,487.06,560.04
723,OK,104,117,760,760,385.41,435.25,581.09,441.63,485.17,555.84
724,OK,98,111,772,772,385.43,431.69,583.92,441.03,484.83,558.03
725,OK,98,111,770,770,383.81,431.69,582.01,440.51,483.16,556.36
726,OK,96,110,773,773,382.26,432.68,581.31,440.24,483.01,556.22
727,OK,102,119,765,765,383.61,441.04,580.73,445.41,486.23,560.11
728,OK,100,117,769,769,382.69,440.27,580.73,445.33,486.37,560.71
729,OK,99,118,767,767,381.82,439.94,579.26,445.18,484.37,560.59
730,OK,102,121,766,766,383.97,443.6,581.13,444.99,488.57,564.47
731,OK,99,115,769,769,382.25,437.15,580.28,441.34,485.11,560.03
732,OK,98,111,775,775,383.39,435.67,582.94,440.47,488.36,558.41
733,OK,97,110,772,772,382.84,432.87,581.66,438.67,485.55,556.45
734,OK,101,111,769,769,385.28,430.86,583.25,439.57,485.98,556.32
735,OK,98,112,771,771,383.53,431.32,581.95,440.36,483.89,559.4
736,OK,100,112,767,767,383.82,429.99,581.15,440.21,483.53,556.58
737,OK,100,115,764,764,383.45,432.74,580.2,440.08,483.4,558.0
738,OK,100,115,765,765,382.62,433.06,579.53,439.16,484.12,558.81
739,OK,102,118,761,761,382.81,433.92,578.75,439.82,483.7,559.8
740,OK,104,120,755,755,382.89,435.07,577.38,440.48,482.73,556.75
741,OK,102,120,759,759,382.79,436.73,578.15,441.47,483.41,559.82
742,OK,103,117,758,758,383.07,435.55,578.26,439.05,484.89,555.56
743,OK,100,114,763,763,382.35,432.43,578.88,439.24,483.01,555.29
744,OK,99,114,762,762,382.26,431.97,578.44,440.02,480.02,555.62
745,OK,100,118,761,761,382.46,437.58,578.46,441.79,481.49,557.33
746,OK,102,120,757,757,382.39,438.33,577.22,442.44,481.76,556.09
747,OK,98,115,764,764,381.54,436.36,578.23,440.73,481.02,555.74
748,OK,99,116,765,765,381.6,438.5,578.47,442.15,482.4,557.48
749,OK,102,115,765,765,384.75,436.68,581.74,442.08,485.92,555.63
750,OK,102,117,763,763,383.53,438.81,579.89,443.37,484.92,555.65
751,OK,101,116,764,764,383.6,437.51,580.31,441.03,485.98,557.73
752,OK,98,110,770,770,383.19,433.69,581.29,439.8,484.4,554.14
753,OK,98,111,774,774,384.31,436.02,583.52,441.36,487.38,558.97
754,OK,109,119,762,762,388.72,438.54,584.83,443.96,494.53,560.19
755,OK,108,118,762,762,387.39,436.54,583.62,442.94,492.88,559.36
756,OK,114,122,757,757,390.13,437.72,584.99,443.32,497.65,559.69
757,OK,109,119,759,759,387.35,438.04,582.85,443.03,492.52,557.35
758,OK,107,118,762,762,386.45,438.41,582.57,442.61,493.18,558.14
759,OK,100,113,770,770,384.13,437.38,582.37,442.11,487.72,556.67
760,OK,102,116,762,762,383.45,438.23,579.74,443.58,485.69,553.49
761,OK,103,118,761,761,384.22,439.03,580.08,445.83,485.55,554.9
762,OK,105,114,764,764,386.63,436.3,583.35,443.65,489.11,553.24
763,OK,103,112,769,769,385.97,435.14,583.85,441.03,490.3,554.68
764,OK,112,120,758,758,389.48,441.25,584.76,446.51,495.25,554.74
765,OK,110,120,760,760,389.13,441.54,584.82,446.38,494.94,557.38
766,OK,111,122,759,759,388.59,442.64,584.0,446.43,495.25,557.78
767,OK,109,119,759,759,387.26,440.1,582.58,445.83,491.44,554.88
768,OK,107,119,759,759,386.26,440.53,581.67,445.92,489.99,554.13
769,OK,106,116,761,761,385.97,438.82,581.84,444.82,489.85,552.06
770,OK,107,116,764,764,387.49,440.53,584.1,446.49,492.37,552.63
771,OK,109,118,765,765,388.83,442.71,585.76,447.0,496.22,556.34
772,OK,111,120,760,760,388.65,443.85,584.48,446.95,496.24,555.5
773,OK,112,121,758,758,390.01,442.59,585.06,448.69,495.31,554.99
774,OK,112,121,756,756,389.3,441.61,584.0,447.34,494.72,555.44
775,OK,107,118,761,761,385.78,439.67,581.62,444.85,490.5,555.25
776,OK,106,117,760,760,385.53,438.15,581.25,444.0,489.14,554.34
777,OK,107,116,761,761,386.36,437.8,582.36,442.74,491.07,553.48
778,OK,105,114,766,766,385.73,438.85,583.09,442.42,492.35,554.48
779,OK,116,131,749,749,388.41,453.96,581.32,450.86,495.76,558.44
780,OK,109,124,757,757,385.86,447.86,580.74,449.69,492.69,556.84
781,OK,110,127,754,754,387.5,447.58,581.62,451.35,491.41,558.95
782,OK,107,126,757,757,384.32,447.88,579.39,450.47,489.1,560.81
783,OK,106,124,756,756,384.48,444.0,579.16,449.9,487.69,557.32
784,OK,110,130,747,747,385.45,446.64,577.71,451.39,486.28,557.95
785,OK,108,130,749,749,383.46,447.02,576.26,451.59,484.69,560.29
786,OK,109,131,747,747,384.24,446.89,576.71,451.4,484.91,559.59
787,OK,107,131,748,748,382.94,448.83,575.58,452.07,484.28,560.35
788,OK,108,133,746,746,383.67,448.39,575.64,453.0,484.03,561.34
789,OK,105,127,755,755,382.56,446.92,577.08,450.6,485.6,559.82
790,OK,104,126,756,756,381.72,447.8,576.38,448.88,486.45,561.13
791,OK,109,126,753,753,384.01,447.7,577.93,447.76,489.37,556.33
792,OK,117,134,738,738,386.42,451.8,576.51,449.54,492.23,556.33
793,OK,110,130,750,750,383.88,455.4,577.0,450.11,491.3,557.65
794,OK,112,134,745,745,384.4,453.92,576.35,452.86,488.24,560.31
795,OK,109,129,749,749,382.66,449.73,575.58,450.04,487.05,557.37
796,OK,106,127,753,753,381.75,448.97,575.6,449.19,485.91,557.27
797,OK,108,128,751,751,382.95,448.9,576.41,449.49,487.11,556.94
798,OK,103,122,760,760,381.8,447.62,577.5,448.13,487.2,557.75
799,OK,105,124,757,757,382.77,447.01,577.72,447.84,487.4,557.31
800,OK,105,125,753,753,381.65,446.58,575.65,447.74,484.69,555.55
801,OK,104,124,756,756,381.7,448.69,576.31,449.1,485.97,557.1
802,OK,105,124,753,753,380.89,447.08,574.72,446.88,485.14,554.36
803,OK,108,129,750,750,382.99,450.61,576.13,449.61,488.27,558.94
804,OK,108,126,753,753,384.44,446.57,578.33,448.67,488.15,556.89
805,OK,106,126,755,755,382.71,447.01,577.24,449.72,486.5,558.71
806,OK,108,127,751,751,383.3,447.02,576.82,448.97,486.84,556.79
807,OK,106,125,753,753,382.23,446.75,576.09,449.05,485.59,555.28
808,OK,105,126,754,754,381.91,448.05,576.14,448.47,486.35,558.42
809,OK,106,128,750,750,382.41,448.36,575.66,449.76,484.96,557.75
810,OK,112,129,746,746,385.04,448.32,577.14,449.77,489.52,556.95
811,OK,114,129,745,745,386.44,447.68,578.21,448.3,490.98,554.91
812,OK,116,132,742,742,387.49,449.5,578.59,450.27,492.51,557.63
813,OK,114,130,747,747,386.64,448.58,578.99,448.29,492.2,558.21
814,OK,116,130,743,743,386.8,448.66,578.07,446.96,492.66,554.38
815,OK,110,125,754,754,384.87,448.84,578.97,446.09,492.85,558.19
816,OK,113,125,750,750,386.92,445.83,580.08,443.57,494.28,556.08
817,OK,118,130,742,742,388.52,447.55,579.68,444.88,495.33,557.43
818,OK,116,128,746,746,387.58,447.56,579.66,443.85,495.96,557.26
819,OK,115,125,751,751,387.4,445.98,580.92,443.24,496.06,556.63
820,OK,113,122,751,751,387.49,441.58,580.96,441.77,492.75,554.3
821,OK,110,124,749,749,385.98,440.25,578.93,443.17,487.52,556.06
822,OK,113,125,745,745,386.24,439.46,578.25,440.41,488.61,555.02
823,OK,110,125,746,746,384.63,440.18,576.89,439.69,486.95,556.39
824,OK,109,124,748,748,384.74,438.08,577.34,440.72,484.97,557.17
825,OK,112,125,745,745,385.33,438.72,577.34,439.12,487.49,556.48
826,OK,111,126,748,748,384.59,443.77,577.17,438.83,489.94,558.77
827,OK,120,140,735,735,386.77,456.45,575.79,447.04,494.08,563.76
828,OK,126,136,733,733,391.03,451.44,579.69,446.2,499.2,556.23
829,OK,118,129,745,745,387.89,447.74,579.66,443.86,497.29,557.54
830,OK,114,129,746,746,384.64,449.51,576.82,444.2,493.51,558.3
831,OK,117,129,745,745,386.33,449.32,578.13,443.41,496.36,556.61
832,OK,112,128,748,748,385.9,446.83,578.56,447.23,491.5,558.48
833,OK,109,126,754,754,385.18,447.2,579.37,448.34,490.24,559.16
834,OK,105,121,758,758,384.31,440.87,579.41,445.87,486.7,557.47
835,OK,109,118,757,757,387.46,433.25,582.23,440.93,489.26,556.62
836,OK,119,125,746,746,391.23,438.65,583.41,440.72,496.75,557.74
837,OK,112,113,754,754,389.48,431.76,583.63,433.47,492.84,548.97
838,OK,119,114,746,746,392.83,430.65,584.9,433.1,495.63,543.54
839,OK,115,110,744,744,388.41,428.85,579.92,430.49,491.0,536.14
840,OK,115,112,742,742,388.62,428.3,579.57,432.47,488.91,537.03
841,OK,115,111,745,745,389.08,426.84,580.79,431.68,489.72,537.44
842,OK,115,110,747,747,390.04,426.73,582.37,432.09,489.98,538.1
843,OK,109,108,761,761,391.2,425.6,587.11,434.16,489.93,546.52
844,OK,114,109,755,755,393.03,425.35,587.28,433.63,492.86,543.66
845,OK,116,110,753,753,393.71,425.5,587.44,433.96,494.69,544.12
846,OK,120,114,747,747,395.0,426.4,587.3,435.51,495.38,544.56
847,OK,117,110,751,751,393.64,425.08,586.98,434.1,494.56,542.23
848,OK,118,111,750,750,394.47,426.88,587.47,433.63,496.38,543.29
849,OK,120,114,746,746,394.73,428.39,586.74,434.56,496.79,544.34
850,OK,123,118,740,740,395.19,429.21,585.78,435.96,495.96,544.34
851,OK,127,119,736,736,397.39,430.41,586.89,436.63,499.34,540.87
852,OK,127,120,736,736,396.92,431.53,586.36,435.08,499.5,543.91
853,OK,129,123,733,733,396.89,431.26,585.57,436.07,498.77,544.99
854,OK,126,122,736,736,396.03,431.39,585.43,436.09,498.31,548.01
855,OK,121,120,744,744,395.08,433.32,586.7,439.73,496.1,548.97
856,OK,122,120,744,744,396.52,433.45,588.05,442.48,496.52,546.09
857,OK,125,119,749,749,399.61,433.81,592.26,443.86,503.89,548.57
858,OK,122,122,751,751,397.79,434.33,590.93,446.35,501.02,553.8
859,OK,121,122,749,749,396.4,434.2,588.93,446.03,498.07,553.59
860,OK,119,120,752,752,396.38,434.14,589.69,445.76,498.4,552.27
861,OK,115,121,753,753,393.0,434.02,586.64,445.28,493.05,555.71
862,OK,114,120,755,755,392.35,436.79,586.64,445.62,494.16,554.7
863,OK,114,123,750,750,391.34,437.38,584.43,445.83,491.78,555.48
864,OK,114,121,755,755,391.42,437.85,585.74,445.46,493.5,555.84
865,OK,113,121,756,756,391.86,437.18,586.31,445.87,493.27,557.48
866,OK,116,123,751,751,392.48,436.84,585.67,447.41,493.05,555.4
867,OK,121,127,744,744,395.37,437.19,586.71,447.81,496.04,555.94
868,OK,124,131,739,739,395.6,438.29,585.56,448.4,495.77,557.87
869,OK,121,130,744,744,394.98,439.51,586.46,448.37,495.92,560.36
870,OK,123,130,744,744,396.22,441.01,587.72,449.26,498.52,559.36
871,OK,130,133,737,737,400.14,442.72,589.81,449.43,502.63,557.22
872,OK,123,132,744,744,398.85,442.28,590.21,453.6,497.13,561.56
873,OK,119,129,754,754,397.75,442.11,591.54,453.28,498.67,564.69
874,OK,117,133,751,751,393.01,447.46,586.36,453.77,496.03,565.81
875,OK,116,132,753,753,393.25,446.61,586.89,455.37,494.16,565.3
876,OK,111,130,758,758,390.28,449.1,585.4,455.61,492.36,567.55
877,OK,110,129,758,758,389.99,447.53,585.1,454.48,491.61,566.13
878,OK,114,132,757,757,391.72,451.17,586.66,457.78,495.01,566.5
879,OK,109,129,762,762,389.47,451.51,585.74,455.3,493.6,566.83
880,OK,115,135,753,753,391.68,453.11,585.65,456.86,495.01,568.65
881,OK,114,129,755,755,392.14,447.51,586.52,454.57,493.58,561.98
882,OK,115,132,753,753,392.31,448.92,586.09,454.07,494.42,564.76
883,OK,116,129,754,754,393.45,446.72,587.49,453.73,495.89,563.59
884,OK,116,130,753,753,392.43,446.37,586.27,451.79,496.13,563.93
885,OK,119,130,750,750,396.39,444.34,589.32,454.11,496.98,561.97
886,OK,124,132,746,746,399.4,444.44,591.27,453.09,499.29,563.1
887,OK,128,131,741,741,399.75,443.66,590.53,449.66,501.88,557.27
888,OK,126,133,741,741,398.61,443.07,589.37,450.14,498.7,560.25
889,OK,126,134,740,740,398.36,444.43,588.86,449.71,499.19,562.07
890,OK,127,132,740,740,399.25,443.31,589.84,449.16,500.17,558.15
891,OK,122,130,751,751,400.11,442.56,593.29,453.47,498.59,562.52
892,OK,116,133,751,751,393.08,449.11,586.46,454.97,494.09,565.69
893,OK,125,132,747,747,398.83,446.38,591.12,454.94,501.39,561.24
894,OK,133,138,733,733,402.69,445.11,591.27,456.0,502.68,559.32
895,OK,130,137,737,737,401.28,446.09,590.89,457.23,500.15,560.11
896,OK,126,137,740,740,399.82,446.87,589.95,458.3,498.37,562.63
897,OK,126,134,744,744,399.13,446.83,590.53,455.91,502.0,561.19
898,OK,122,132,751,751,396.69,448.19,590.0,456.35,500.83,562.31
899,OK,124,133,747,747,398.36,446.7,590.58,456.99,500.09,560.74
900,OK,124,133,747,747,397.59,446.21,589.72,455.17,500.63,561.76
901,OK,127,131,744,744,400.48,444.71,591.77,454.51,502.38,558.36
902,OK,122,124,756,756,400.07,442.28,594.5,452.03,502.92,558.77
903,OK,131,130,743,743,402.98,443.79,594.12,451.24,505.94,556.31
904,OK,125,128,744,744,398.45,440.68,589.92,448.63,500.33,555.63
905,OK,122,128,744,744,396.11,441.34,587.51,449.16,498.11,556.27
906,OK,120,124,748,748,395.71,441.02,588.14,447.57,497.7,553.53
907,OK,123,123,746,746,398.09,436.29,590.13,444.29,499.08,552.54
908,OK,127,123,743,743,400.93,434.5,592.23,442.66,500.8,550.02
909,OK,122,122,748,748,398.08,436.31,590.53,443.06,497.83,554.09
910,OK,128,130,741,741,401.38,442.77,591.93,451.56,500.48,553.53
911,OK,138,131,730,730,406.05,439.94,593.87,446.64,506.4,550.4
912,OK,129,121,746,746,404.75,434.62,596.51,446.54,504.21,548.23
913,OK,128,118,745,745,402.02,429.52,593.54,440.87,503.33,545.11
914,OK,134,121,739,739,405.75,429.69,595.55,443.31,506.16,544.26
915,OK,128,114,747,747,403.29,426.49,595.23,439.86,503.56,542.77
916,OK,125,114,746,746,401.73,425.98,593.35,439.86,499.28,541.79
917,OK,128,115,745,745,402.46,426.2,593.93,439.65,502.49,541.68
918,OK,126,111,747,747,402.15,425.11,593.9,440.09,501.95,536.2
919,OK,127,110,745,745,402.53,421.47,593.56,439.53,500.71,534.18
920,OK,122,109,749,749,399.72,422.53,591.84,438.79,497.71,536.81
921,OK,118,105,755,755,398.71,422.0,592.48,439.04,496.23,534.87
922,OK,123,109,748,748,401.11,423.28,593.16,439.88,498.82,535.76
923,OK,120,107,753,753,400.37,421.54,593.42,440.47,496.46,536.17
924,OK,122,106,751,751,401.59,420.38,593.97,439.97,498.02,533.12
925,OK,124,107,748,748,402.86,419.26,594.43,440.27,499.21,533.92
926,OK,120,104,753,753,400.77,416.96,593.56,438.68,496.18,533.26
927,OK,123,105,750,750,402.18,417.68,594.2,438.22,498.19,532.79
928,OK,118,104,754,754,399.52,418.86,592.77,438.32,495.35,534.05
929,OK,122,104,751,751,402.23,416.95,594.47,437.97,497.46,532.37
930,OK,123,106,751,751,401.18,419.5,593.88,437.39,498.58,535.13
931,OK,123,107,749,749,400.38,420.47,592.46,437.16,497.99,534.97
932,OK,121,104,752,752,400.32,418.48,593.27,436.74,498.01,533.08
933,OK,122,106,751,751,401.47,418.6,593.87,438.18,498.21,534.56
934,OK,123,107,748,748,401.78,420.19,593.37,440.38,497.83,533.7
935,OK,121,107,749,749,399.69,419.78,591.59,438.48,495.36,534.73
936,OK,120,105,754,754,400.72,419.78,594.07,438.57,497.75,535.43
937,OK,121,106,751,751,399.86,420.91,592.44,437.74,496.53,534.13
938,OK,122,109,749,749,399.54,421.81,591.64,438.49,496.48,535.86
939,OK,123,106,748,748,401.86,418.21,593.53,438.04,497.88,532.45
940,OK,122,105,750,750,401.73,419.37,593.91,438.45,497.85,532.8
941,OK,121,105,750,750,399.74,420.77,592.13,437.46,496.73,531.81
942,OK,124,109,747,747,401.08,421.42,592.74,438.27,497.23,535.48
943,OK,123,107,746,746,400.23,420.44,591.7,437.23,496.09,532.85
944,OK,122,104,755,755,401.0,420.68,594.88,434.56,500.28,534.6
945,OK,123,103,753,753,400.86,420.49,594.41,433.93,500.74,532.44
946,OK,119,104,758,758,399.28,421.63,594.12,434.44,499.85,539.25
947,OK,118,107,756,756,396.83,425.83,591.34,434.27,499.06,541.94
948,OK,122,111,750,750,397.99,428.11,590.95,435.22,500.3,540.43
949,OK,122,113,748,748,396.93,430.0,589.47,435.82,498.96,541.45
950,OK,124,112,744,744,398.34,428.33,589.84,437.24,498.92,536.9
951,OK,125,117,741,741,398.04,428.91,588.72,439.16,498.08,540.4
952,OK,126,118,739,739,397.51,429.93,587.58,439.5,498.15,540.98
953,OK,125,118,740,740,396.41,431.03,586.84,438.28,498.57,542.12
954,OK,125,118,740,740,397.39,431.53,587.77,439.74,498.57,541.63
955,OK,123,116,746,746,396.97,431.92,588.96,439.41,500.02,543.03
956,OK,127,117,745,745,399.4,431.15,591.08,439.95,503.17,542.99
957,OK,129,127,741,741,401.38,441.32,592.09,450.24,503.12,548.82
958,OK,126,128,745,745,400.54,440.91,592.12,453.26,501.07,553.31
959,OK,126,126,743,743,400.89,437.81,591.75,451.84,499.33,550.79
960,OK,125,126,743,743,398.99,438.05,590.08,449.65,499.43,550.4
961,OK,122,124,748,748,398.92,438.68,591.08,451.29,498.59,551.42
962,OK,125,127,745,745,398.59,441.99,590.38,450.6,500.72,553.51
963,OK,116,128,750,750,393.68,444.22,586.76,452.66,493.67,557.84
964,OK,118,132,742,742,392.98,446.76,583.97,453.85,490.75,556.27
965,OK,120,136,741,741,393.54,450.0,584.4,456.49,492.66,559.38
966,OK,119,135,743,743,392.41,450.27,583.72,456.01,491.98,559.67
967,OK,118,135,743,743,392.17,450.05,583.52,456.15,490.89,560.57
968,OK,124,138,733,733,394.14,449.31,582.85,454.4,492.7,557.34
969,OK,121,135,740,740,393.57,450.09,584.06,453.54,495.05,558.83
970,OK,121,137,736,736,392.85,450.01,582.43,454.04,492.12,558.75
971,OK,122,137,738,738,394.27,450.2,584.24,456.03,492.77,560.36
972,OK,119,138,741,741,392.73,451.58,583.49,457.16,491.7,562.6
973,OK,119,134,742,742,393.25,447.76,584.32,455.17,491.62,558.63
974,OK,118,133,744,744,392.35,449.29,583.97,453.22,492.85,558.8
975,OK,120,135,740,740,393.24,448.44,583.64,454.75,491.8,558.6
976,OK,117,132,744,744,392.01,447.42,583.67,452.96,491.04,558.5
977,OK,121,134,741,741,393.72,448.34,584.52,454.72,493.01,557.81
978,OK,123,140,738,738,394.77,454.47,584.79,457.82,494.69,563.36
979,OK,121,139,738,738,393.74,454.22,583.67,457.58,493.24,560.39
980,OK,121,140,738,738,393.01,454.63,583.16,457.88,492.34,563.23
981,OK,123,141,737,737,394.77,454.28,584.59,459.89,492.88,562.69
982,OK,122,141,737,737,392.86,454.36,582.75,456.12,493.16,563.77
983,OK,119,141,740,740,391.63,455.85,582.26,457.49,491.2,566.13
984,OK,122,140,736,736,392.29,454.47,581.82,454.67,492.99,562.73
985,OK,120,139,739,739,392.01,452.87,582.2,455.79,491.06,563.06
986,OK,123,140,735,735,392.97,453.23,582.3,454.05,492.58,561.9
987,OK,123,142,736,736,393.5,455.34,583.02,456.24,494.44,565.23
988,OK,121,141,741,741,393.24,454.33,583.99,457.42,494.09,566.24
989,OK,121,140,739,739,392.04,454.18,582.45,455.11,492.94,564.07
990,OK,120,141,739,739,392.08,454.76,582.46,455.06,491.93,566.62
991,OK,120,142,738,738,392.0,455.53,582.13,456.69,492.14,565.93
992,OK,119,142,737,737,390.24,456.0,580.19,456.26,489.98,564.44
993,OK,119,140,738,738,391.11,455.13,581.24,456.64,491.16,564.06
994,OK,120,141,738,738,391.77,455.07,581.77,456.97,491.54,564.81
995,OK,121,141,737,737,392.57,454.11,582.28,457.92,491.84,563.31
996,OK,122,142,735,735,392.64,454.72,581.84,457.37,491.54,563.0
997,OK,125,142,732,732,394.88,453.48,583.25,457.69,493.03,562.03
998,OK,124,141,732,732,394.07,452.9,582.67,456.86,491.72,560.17
999,OK,119,137,738,738,391.98,451.54,582.04,455.68,490.05,559.92
1000,OK,116,136,742,742,390.49,451.77,581.61,455.27,488.66,561.02
1001,OK,115,131,745,745,389.92,447.32,581.84,452.33,488.58,557.43
1002,OK,116,130,744,744,390.7,446.6,582.39,451.06,490.23,556.28
1003,OK,113,128,750,750,389.1,448.43,582.29,450.59,490.54,558.36
1004,OK,115,132,746,746,391.14,448.62,583.22,453.08,490.45,559.32
1005,OK,112,130,748,748,389.91,446.75,582.41,452.98,487.72,558.41
1006,OK,111,129,752,752,390.53,446.97,584.08,454.76,488.14,560.34
1007,OK,113,133,747,747,389.96,447.72,582.24,455.19,486.65,560.57
1008,OK,115,133,745,745,391.21,448.06,583.01,455.59,488.0,558.63
1009,OK,109,125,756,756,389.72,444.7,584.23,452.01,487.69,558.73
1010,OK,104,114,762,762,387.65,434.65,583.64,442.6,485.83,551.65
1011,OK,102,114,760,760,384.94,433.64,580.45,440.83,482.78,551.0
1012,OK,105,114,759,759,386.83,432.96,582.21,440.1,484.69,549.54
1013,OK,108,115,755,755,387.22,433.27,581.58,440.21,486.88,547.57
1014,OK,106,114,757,757,386.64,433.0,581.49,441.4,485.12,548.74
1015,OK,106,113,758,758,386.65,433.15,581.66,439.89,486.04,548.12
1016,OK,106,114,758,758,387.03,432.74,582.09,440.62,486.59,550.31
1017,OK,107,115,754,754,386.48,433.15,580.62,440.57,485.81,547.3
1018,OK,103,113,758,758,384.97,434.04,580.04,439.41,483.39,547.6
1019,OK,105,114,759,759,386.24,432.78,581.61,440.25,484.89,549.68
1020,OK,117,120,751,751,393.46,436.01,586.68,445.54,494.88,550.62
1021,OK,109,116,760,760,390.29,435.73,585.74,445.06,491.09,552.92
1022,OK,112,120,755,755,390.65,436.97,584.97,446.79,490.39,553.93
1023,OK,112,120,754,754,390.74,437.38,584.7,444.79,491.47,554.09
1024,OK,111,119,758,758,391.99,436.71,587.02,447.03,491.77,555.26
1025,OK,114,122,752,752,393.05,437.37,586.54,448.44,491.46,555.03
1026,OK,114,121,756,756,393.81,438.03,588.31,448.74,494.16,555.94
1027,OK,112,123,760,760,393.35,440.04,588.95,448.78,494.55,561.75
1028,OK,115,123,757,757,394.03,439.73,588.72,450.25,495.59,558.66
1029,OK,115,123,754,754,393.64,438.77,587.66,448.85,495.12,556.53
1030,OK,117,125,753,753,394.71,439.78,588.35,450.51,495.28,557.77
1031,OK,114,122,756,756,393.46,438.67,587.78,449.55,493.41,557.79
1032,OK,119,123,753,753,396.53,438.56,590.21,449.15,497.79,555.58
1033,OK,121,126,744,744,396.18,438.02,587.6,448.91,495.03,554.07
1034,OK,117,122,753,753,394.97,436.93,588.59,449.33,494.31,554.32
1035,OK,116,121,752,752,395.13,436.32,588.55,447.97,493.99,552.66
1036,OK,115,121,755,755,394.1,436.53,588.18,448.09,493.46,554.01
1037,OK,125,134,743,743,396.68,449.5,587.94,453.17,500.07,559.85
1038,OK,121,135,746,746,395.93,448.32,587.97,456.03,496.49,564.28
1039,OK,120,128,745,745,395.18,439.11,586.82,450.24,493.6,555.89
1040,OK,115,122,753,753,393.01,437.82,586.6,448.18,492.57,554.85
1041,OK,114,121,755,755,393.38,436.5,587.54,448.06,492.85,554.19
1042,OK,116,122,752,752,394.24,437.0,587.73,447.81,494.82,554.34
1043,OK,116,122,752,752,393.91,436.6,587.22,447.39,494.36,554.07
1044,OK,117,121,751,751,394.1,435.8,587.18,445.47,495.33,551.42
1045,OK,112,118,756,756,391.42,436.37,585.81,445.57,491.89,551.77
1046,OK,113,121,753,753,391.73,436.81,585.62,444.85,491.25,553.23
1047,OK,115,122,752,752,392.86,437.37,586.23,446.97,492.54,554.22
1048,OK,117,124,749,749,394.63,436.94,587.17,448.87,492.3,553.27
1049,OK,116,123,751,751,393.47,437.63,586.59,447.88,492.6,554.81
1050,OK,115,123,752,752,393.92,437.23,587.26,449.3,492.36,555.41
1051,OK,118,125,751,751,395.59,438.26,588.68,450.41,494.99,555.97
1052,OK,120,127,746,746,395.78,438.96,587.67,449.64,494.89,556.14
1053,OK,119,127,746,746,395.43,438.59,587.27,448.85,494.31,557.6
1054,OK,119,128,747,747,395.3,440.3,587.44,450.35,493.8,557.54
1055,OK,115,125,755,755,394.18,439.81,588.4,450.47,494.24,559.04
1056,OK,115,125,754,754,393.81,440.84,587.71,450.43,494.37,559.72
1057,OK,117,129,751,751,394.39,442.45,587.48,452.47,494.55,561.22
1058,OK,116,128,753,753,393.78,442.74,587.56,451.92,494.05,561.92
1059,OK,117,126,753,753,394.37,441.68,588.17,451.3,495.44,559.5
1060,OK,118,126,750,750,395.57,440.35,588.48,451.18,495.04,557.48
1061,OK,115,129,750,750,393.66,442.35,586.54,453.13,491.68,560.73
1062,OK,116,127,752,752,394.99,442.25,588.27,452.83,493.21,559.44
1063,OK,116,129,751,751,394.59,441.44,587.78,453.19,492.3,561.85
1064,OK,115,126,752,752,394.59,440.37,588.01,452.61,491.55,558.17
1065,OK,114,123,757,757,394.44,439.24,589.08,450.51,493.42,557.53
1066,OK,116,124,753,753,394.76,439.03,588.29,450.45,493.48,556.24
1067,OK,115,120,756,756,394.52,436.73,588.96,447.95,495.07,553.97
1068,OK,116,120,754,754,395.23,436.97,589.05,447.88,494.73,552.36
1069,OK,117,120,755,755,395.53,437.42,589.72,448.28,495.76,552.21
1070,OK,116,120,753,753,394.25,436.86,587.96,447.52,493.79,551.32
1071,OK,114,122,753,753,392.87,437.24,586.6,448.02,491.69,554.2
1072,OK,114,120,756,756,393.32,437.65,587.76,447.61,493.5,554.32
1073,OK,114,121,755,755,392.96,437.07,587.18,447.47,492.56,554.2
1074,OK,113,122,754,754,392.45,437.96,586.53,447.48,491.66,555.96
1075,OK,130,137,734,734,399.84,450.21,588.94,454.52,501.54,556.67
1076,OK,121,134,744,744,395.61,448.29,587.18,456.12,494.84,560.66
1077,OK,115,122,752,752,394.06,438.19,587.44,448.93,492.44,552.91
1078,OK,114,122,752,752,392.76,437.4,586.2,447.38,491.8,554.13
1079,OK,113,122,754,754,392.06,437.55,586.15,447.34,491.77,557.39
1080,OK,115,123,753,753,393.62,437.91,587.34,448.2,493.11,555.64
1081,OK,115,121,756,756,395.39,437.49,589.65,449.31,495.0,554.95
1082,OK,114,121,757,757,393.68,438.43,588.41,447.71,494.69,555.81
1083,OK,114,120,758,758,394.47,437.26,589.48,447.5,495.1,556.13
1084,OK,117,126,752,752,395.19,439.94,588.58,449.84,495.13,559.15
1085,OK,117,124,753,753,395.3,439.92,589.06,449.01,495.78,556.39
1086,OK,118,123,753,753,395.21,438.38,588.88,448.57,496.13,554.76
1087,OK,117,123,753,753,394.79,438.67,588.35,448.91,495.35,554.82
1088,OK,118,122,753,753,395.24,438.76,589.1,447.66,496.77,554.19
1089,OK,118,123,753,753,395.23,439.73,589.08,448.07,497.66,554.51
1090,OK,120,121,752,752,397.07,438.92,590.42,448.79,498.93,551.8
1091,OK,123,126,746,746,398.34,440.39,590.2,451.52,499.23,553.3
1092,OK,122,125,750,750,398.53,440.01,591.43,451.2,500.87,554.64
1093,OK,117,125,754,754,396.08,441.21,589.98,452.5,496.88,558.21
1094,OK,123,129,748,748,398.2,443.27,590.75,452.37,501.11,558.33
1095,OK,120,125,752,752,397.59,441.54,591.12,451.89,498.77,555.97
1096,OK,124,131,747,747,398.7,443.73,590.96,452.97,501.04,559.75
1097,OK,122,127,750,750,397.56,441.43,590.49,451.52,500.55,558.41
1098,OK,122,126,750,750,398.16,441.8,590.99,451.4,500.84,556.73
1099,OK,120,125,753,753,397.12,440.11,590.7,452.01,499.53,556.48
1100,OK,119,121,753,753,396.22,437.93,589.83,448.36,497.6,552.21
1101,OK,118,124,751,751,395.07,439.64,588.33,449.89,495.03,553.46
1102,OK,119,123,751,751,395.21,438.44,588.5,448.04,496.68,553.72
1103,OK,120,123,751,751,395.8,439.72,589.04,448.0,497.88,553.46
1104,OK,119,123,750,750,395.93,439.06,588.92,448.99,496.48,552.34
1105,OK,116,120,754,754,395.89,437.97,589.75,448.93,494.96,552.05
1106,OK,119,122,751,751,396.32,438.95,589.46,448.99,496.55,551.8
1107,OK,118,120,752,752,395.82,438.11,589.19,448.33,496.21,550.43
1108,OK,120,124,749,749,396.39,438.36,589.02,449.45,496.1,552.39
1109,OK,117,121,753,753,395.47,437.67,589.08,448.96,494.82,552.23
1110,OK,117,120,753,753,394.91,437.58,588.52,447.0,495.36,551.64
1111,OK,114,118,756,756,394.73,436.9,589.05,448.12,494.01,551.02
1112,OK,117,122,753,753,394.37,439.52,588.18,447.89,496.26,553.64
1113,OK,119,124,749,749,395.77,439.16,588.32,449.4,495.59,552.88
1114,OK,118,123,753,753,395.11,438.57,588.84,448.75,497.88,554.46
1115,OK,118,123,755,755,395.89,438.8,589.94,450.56,497.57,556.32
1116,OK,124,131,747,747,398.65,444.31,590.84,454.16,501.09,559.71
1117,OK,124,130,748,748,399.31,443.76,591.72,454.75,500.78,559.38
1118,OK,122,131,749,749,397.47,445.02,590.16,454.42,499.79,560.85
1119,OK,117,129,753,753,395.18,444.7,588.98,454.48,495.73,560.5
1120,OK,123,130,747,747,397.5,444.76,589.73,453.19,499.87,559.0
1121,OK,122,129,749,749,397.18,443.11,589.9,452.69,499.36,559.02
1122,OK,124,130,746,746,398.48,443.28,590.41,453.65,500.12,558.91
1123,OK,126,131,745,745,399.44,443.33,590.96,453.63,502.26,558.02
1124,OK,123,130,749,749,398.25,443.44,590.88,454.3,501.02,560.24
1125,OK,124,130,748,748,399.06,444.97,591.38,454.68,502.15,559.65
1126,OK,125,130,749,749,399.32,445.61,591.98,453.94,503.78,558.27
1127,OK,122,128,750,750,397.44,445.03,590.47,453.8,500.79,558.46
1128,OK,128,132,742,742,399.52,445.64,590.49,453.84,503.07,558.05
1129,OK,129,136,738,738,399.73,447.42,589.8,454.67,502.09,559.79
1130,OK,128,133,740,740,399.63,445.65,589.89,454.75,502.08,556.25
1131,OK,130,134,738,738,400.54,445.02,590.46,453.46,503.15,557.04
1132,OK,124,130,749,749,398.17,444.93,590.99,453.16,501.8,559.31
1133,OK,124,130,746,746,398.5,445.08,590.38,453.96,501.02,558.05
1134,OK,124,130,746,746,397.54,445.35,589.6,452.62,501.43,557.8
1135,OK,123,129,748,748,398.09,444.17,590.47,453.29,501.17,558.82
1136,OK,122,130,748,748,397.51,444.37,589.88,454.42,498.54,558.86
1137,OK,124,132,744,744,397.44,445.16,588.82,453.76,498.89,559.86
1138,OK,119,131,750,750,396.07,445.3,589.09,454.66,496.8,563.7
1139,OK,120,129,751,751,396.54,444.96,589.86,453.51,497.88,560.26
1140,OK,121,128,749,749,397.37,442.53,589.91,453.04,498.18,557.52
1141,OK,121,127,748,748,396.46,442.73,588.99,452.1,497.45,555.96
1142,OK,122,129,749,749,396.86,443.98,589.59,453.57,498.82,558.98
1143,OK,123,129,748,748,398.46,443.02,590.91,453.91,499.8,558.58
1144,OK,124,130,747,747,398.19,443.88,590.23,453.47,500.77,559.22
1145,OK,124,131,744,744,398.25,444.15,589.65,453.49,499.99,558.58
1146,OK,122,132,748,748,397.78,445.77,590.15,455.46,499.8,561.44
1147,OK,123,131,747,747,397.48,445.34,589.67,454.09,500.14,560.02
1148,OK,124,131,747,747,397.91,445.04,590.21,454.06,500.99,559.57
1149,OK,122,129,751,751,398.88,442.86,591.82,454.93,500.12,559.52
1150,OK,125,129,746,746,399.64,443.84,591.54,452.65,501.9,556.85
1151,OK,122,128,752,752,398.54,444.29,592.15,453.11,501.48,559.73
1152,OK,125,128,749,749,400.46,444.05,593.25,452.09,503.13,556.21
1153,OK,125,129,747,747,399.65,442.89,591.75,453.42,500.98,556.58
1154,OK,129,133,740,740,400.25,446.48,590.77,453.8,504.24,556.37
1155,OK,136,143,728,728,402.52,451.66,589.98,457.08,505.11,560.45
1156,OK,135,138,733,733,402.1,448.04,590.74,452.97,506.51,559.49
1157,OK,132,136,737,737,401.84,448.64,591.63,455.28,505.05,557.88
1158,OK,131,137,739,739,401.06,450.47,591.25,454.82,505.26,561.24
1159,OK,127,134,745,745,400.6,447.96,592.27,455.33,502.96,561.38
1160,OK,128,136,743,743,400.37,448.88,591.64,455.43,502.93,562.28
1161,OK,130,134,740,740,399.51,449.24,590.18,453.3,505.47,558.28
1162,OK,126,133,744,744,398.88,447.28,590.51,454.25,502.65,559.25
1163,OK,121,133,748,748,396.34,448.48,588.94,455.78,498.36,563.57
1164,OK,122,133,746,746,396.62,446.81,588.52,454.64,497.9,561.74
1165,OK,125,130,744,744,398.52,444.96,590.1,452.98,501.29,556.61
1166,OK,124,130,745,745,398.01,444.35,589.75,454.06,499.76,556.24
1167,OK,117,126,754,754,395.02,445.0,588.93,453.13,496.64,558.8
1168,OK,122,129,749,749,396.97,444.95,589.6,453.25,499.31,557.67
1169,OK,122,130,747,747,396.33,444.88,588.51,452.59,497.64,557.49
1170,OK,120,126,750,750,396.42,443.42,589.34,452.24,497.67,555.66
1171,OK,119,128,749,749,395.6,444.48,588.45,452.36,495.49,555.86
1172,OK,124,130,744,744,397.41,447.91,589.09,451.71,500.3,555.89
1173,OK,117,126,755,755,395.2,445.31,589.61,452.45,497.21,558.01
1174,OK,119,125,750,750,395.73,441.87,588.8,449.99,496.34,554.84
1175,OK,113,119,759,759,393.59,438.94,588.87,446.64,494.62,554.68
1176,OK,118,122,753,753,395.31,440.34,589.24,447.43,497.47,552.8
1177,OK,119,123,750,750,396.1,440.77,589.18,448.98,496.37,552.54
1178,OK,118,125,751,751,394.51,441.78,587.78,450.14,495.65,555.31
1179,OK,119,124,750,750,394.75,442.52,587.82,448.82,497.08,554.26
1180,OK,117,125,754,754,395.17,441.28,589.07,450.81,497.14,558.65
1181,OK,117,124,757,757,395.05,441.72,589.84,450.16,498.54,559.5
1182,OK,119,120,758,758,397.86,441.27,592.87,449.75,502.13,554.42
1183,OK,119,120,757,757,397.86,440.42,592.53,449.5,500.71,552.08
1184,OK,120,117,760,760,398.29,441.52,594.05,446.36,504.61,551.24
1185,OK,118,117,760,760,397.2,441.23,592.88,445.73,502.6,552.4
1186,OK,119,120,757,757,398.02,439.08,592.72,449.37,499.6,552.15
1187,OK,119,118,761,761,399.47,438.49,595.2,446.78,502.58,553.58
1188,OK,119,112,760,760,398.43,432.4,594.18,438.99,503.14,548.83
1189,OK,118,115,761,761,397.21,435.24,593.07,443.21,502.26,551.86
1190,OK,126,122,753,753,403.21,441.56,597.0,451.47,504.66,551.33
1191,OK,126,125,749,749,402.64,441.26,595.17,452.52,502.4,552.35
1192,OK,126,122,749,749,401.9,437.89,594.36,449.26,502.89,549.04
1193,OK,123,116,756,756,400.05,438.05,594.5,446.84,505.55,547.34
1194,OK,122,117,759,759,400.16,436.83,595.47,446.83,505.16,550.73
1195,OK,120,116,763,763,399.33,438.3,595.67,447.76,504.83,552.42
1196,OK,119,119,758,758,397.73,439.45,592.7,447.84,502.33,553.63
1197,OK,119,119,758,758,397.53,438.61,592.63,447.98,501.7,553.12
1198,OK,122,121,753,753,397.62,439.02,591.5,447.09,502.76,551.51
1199,OK,125,123,749,749,399.15,438.89,591.81,447.56,504.11,552.37
1200,OK,128,121,748,748,401.36,438.8,593.82,445.27,507.92,549.41
1201,OK,128,123,747,747,400.75,438.56,593.07,447.14,505.76,549.53
1202,OK,124,121,749,749,398.98,438.02,591.58,446.88,502.39,549.4
1203,OK,123,121,751,751,397.92,438.01,591.22,447.01,501.91,550.73
1204,OK,121,123,751,751,396.76,438.78,589.93,448.13,499.68,553.07
1205,OK,120,123,751,751,396.46,437.73,589.69,448.46,498.42,553.05
1206,OK,122,121,753,753,398.55,437.28,592.11,448.46,501.97,552.49
1207,OK,122,123,751,751,397.19,438.39,590.35,449.22,500.44,553.06
1208,OK,123,124,749,749,398.78,438.87,591.31,450.1,500.63,553.35
1209,OK,121,124,753,753,397.04,440.28,590.57,451.37,500.53,555.03
1210,OK,124,127,746,746,398.02,441.63,589.88,450.3,501.48,554.07
1211,OK,126,127,743,743,397.61,440.3,588.79,448.85,501.09,551.83
1212,OK,119,118,754,754,395.36,438.12,589.43,443.98,500.56,550.9
1213,OK,117,122,757,757,396.48,437.23,591.33,446.25,497.78,558.46
1214,OK,115,119,763,763,395.9,439.02,592.3,445.7,498.56,558.64
1215,OK,117,121,761,761,396.94,440.15,592.82,446.25,500.08,559.88
1216,OK,113,117,768,768,396.37,438.15,593.88,446.36,499.53,560.11
1217,OK,115,121,762,762,396.7,439.57,592.87,446.99,499.18,561.52
1218,OK,112,116,768,768,396.67,437.83,594.15,447.24,498.28,558.23
1219,OK,130,137,736,736,399.44,450.71,589.08,453.79,502.28,557.94
1220,OK,120,120,750,750,395.81,437.63,588.84,445.08,498.95,549.83
1221,OK,113,118,762,762,392.98,437.09,589.29,442.51,497.71,558.4
1222,OK,111,115,767,767,393.17,435.42,590.49,443.14,496.44,556.93
1223,OK,117,122,755,755,393.87,437.4,588.32,444.48,497.94,557.38
1224,OK,118,121,754,754,394.85,436.87,588.84,444.99,499.19,555.89
1225,OK,119,123,753,753,394.6,437.68,588.4,445.69,498.86,556.64
1226,OK,118,122,753,753,394.23,437.31,588.0,445.53,498.38,555.23
1227,OK,116,118,759,759,393.48,435.49,588.79,441.59,499.12,556.34
1228,OK,114,117,763,763,393.62,434.73,589.82,443.56,498.31,558.65
1229,OK,111,116,765,765,392.42,434.03,589.28,442.17,497.11,558.07
1230,OK,112,120,759,759,391.6,435.38,587.0,443.62,494.54,560.05
1231,OK,112,120,761,761,392.04,437.43,587.91,444.39,495.2,559.73
1232,OK,111,115,766,766,392.8,435.84,589.95,442.55,497.06,557.47
1233,OK,117,120,755,755,393.43,437.54,587.96,442.03,498.45,555.54
1234,OK,117,119,756,756,394.79,436.86,589.43,442.28,498.45,554.79
1235,OK,121,121,752,752,398.3,436.81,591.73,448.08,499.85,553.13
1236,OK,119,122,755,755,397.63,437.94,591.85,449.88,499.06,554.6
1237,OK,121,121,752,752,397.89,437.18,591.35,448.48,499.95,552.21
1238,OK,122,123,754,754,400.52,438.76,594.5,450.36,501.96,556.12
1239,OK,121,121,758,758,400.07,439.43,594.9,449.91,502.76,557.21
1240,OK,124,125,752,752,400.46,441.77,593.85,449.98,504.67,556.17
1241,OK,126,123,754,754,401.74,441.58,595.76,448.31,507.91,555.07
1242,OK,122,122,759,759,400.44,441.6,595.7,448.51,505.22,558.2
1243,OK,128,124,750,750,402.63,441.23,595.75,449.01,507.21,554.33
1244,OK,123,122,757,757,400.89,439.95,595.71,447.94,505.5,556.84
1245,OK,124,122,757,757,400.56,442.11,595.48,448.02,506.23,556.7
1246,OK,126,126,752,752,402.0,442.22,595.59,448.91,506.24,558.71
1247,OK,127,126,751,751,401.84,442.92,595.13,449.67,506.68,556.28
1248,OK,124,125,754,754,401.34,441.37,595.24,450.64,504.62,558.59
1249,OK,121,122,758,758,400.19,440.93,595.1,450.6,502.93,557.29
1250,OK,121,123,757,757,399.01,441.45,593.91,449.32,503.31,557.97
1251,OK,122,123,757,757,400.48,440.03,595.11,450.36,502.93,557.4
1252,OK,119,123,756,756,398.36,439.87,592.87,450.9,500.23,557.38
1253,OK,122,123,753,753,399.12,439.39,592.91,449.13,501.78,554.6
1254,OK,124,125,750,750,400.6,439.68,593.41,451.22,502.17,554.63
1255,OK,125,126,746,746,400.09,439.57,591.87,451.85,500.77,553.32
1256,OK,122,122,754,754,399.57,439.52,593.35,450.26,501.67,554.64
1257,OK,123,123,755,755,399.84,440.61,594.21,449.4,503.24,555.99
1258,OK,119,122,758,758,398.63,441.31,593.64,450.92,501.08,557.39
1259,OK,121,124,757,757,400.17,440.28,594.67,452.08,502.02,558.35
1260,OK,111,117,768,768,394.12,439.39,591.72,447.36,497.54,558.98
1261,OK,120,124,755,755,396.1,441.15,590.5,446.66,501.25,558.46
1262,OK,114,119,762,762,395.78,438.45,591.92,444.85,497.38,558.48
1263,OK,112,120,764,764,394.98,438.68,591.67,446.22,496.04,562.6
1264,OK,108,115,771,771,392.44,436.95,590.99,444.67,494.55,560.51
1265,OK,110,120,767,767,393.03,439.36,590.42,446.93,494.43,563.85
1266,OK,117,134,747,747,392.05,448.62,584.41,454.44,491.84,562.83
1267,OK,108,124,762,762,389.96,444.77,586.14,451.85,490.19,561.85
1268,OK,108,120,767,767,390.39,440.09,587.95,446.22,493.03,563.61
1269,OK,110,115,769,769,393.9,435.62,591.72,443.39,496.07,559.61
1270,OK,111,119,762,762,391.9,437.04,588.16,443.69,494.6,561.09
1271,OK,110,122,763,763,390.38,438.4,586.79,443.23,494.93,565.2
1272,OK,104,116,771,771,387.82,438.68,586.35,443.62,491.63,561.79
1273,OK,105,118,769,769,388.77,440.1,586.67,444.41,492.25,563.69
1274,OK,103,119,771,771,386.65,441.01,585.12,444.76,490.49,566.71
1275,OK,108,123,762,762,388.54,442.19,584.86,445.78,492.06,564.03
1276,OK,110,125,760,760,389.61,443.07,585.36,446.69,492.53,565.4
1277,OK,110,126,756,756,388.55,443.1,583.23,447.41,490.3,563.92
1278,OK,106,119,767,767,388.47,439.27,586.06,444.77,490.87,562.73
1279,OK,107,118,767,767,389.85,439.53,587.31,445.74,492.42,560.95
1280,OK,106,119,768,768,390.71,439.81,588.47,447.5,491.52,562.65
1281,OK,104,117,773,773,389.94,440.01,588.87,447.69,490.87,563.19
1282,OK,105,117,770,770,391.04,438.4,589.04,447.71,491.21,562.11
1283,OK,105,117,768,768,389.85,438.09,587.55,446.07,490.6,561.48
1284,OK,107,117,769,769,391.57,436.79,589.5,444.98,492.89,561.65
1285,OK,107,118,768,768,390.6,438.32,588.33,444.69,492.86,563.27
1286,OK,107,117,771,771,391.76,438.59,590.19,445.31,494.23,563.98
1287,OK,113,129,759,759,390.38,452.82,585.94,451.15,496.69,564.89
1288,OK,114,129,757,757,391.26,451.49,586.27,450.67,497.21,564.56
1289,OK,120,131,750,750,395.41,450.7,588.63,454.42,499.15,561.41
1290,OK,118,130,753,753,394.28,448.33,588.08,453.93,497.41,562.76
1291,OK,114,129,756,756,393.07,449.36,587.61,454.84,495.17,562.62
1292,OK,114,129,754,754,393.07,447.41,587.09,454.33,493.72,562.46
1293,OK,114,125,759,759,393.37,447.18,588.74,452.15,496.15,559.47
1294,OK,113,126,758,758,392.47,446.9,587.6,452.73,495.85,562.01
1295,OK,116,129,755,755,393.92,447.62,588.33,454.11,495.74,561.65
1296,OK,110,118,769,769,393.23,439.26,591.17,446.83,496.13,561.1
1297,OK,106,115,772,772,390.86,436.55,589.61,443.22,494.52,562.75
1298,OK,110,118,762,762,391.88,435.07,588.05,444.33,494.02,559.26
1299,OK,105,118,768,768,388.47,438.4,586.23,444.73,491.2,562.96
1300,OK,109,120,767,767,390.46,439.42,587.84,444.43,495.08,565.81
1301,OK,106,119,768,768,389.05,438.94,586.77,444.85,492.64,564.76
1302,OK,108,120,764,764,389.54,438.97,586.33,443.4,493.54,563.12
1303,OK,107,120,767,767,389.22,440.89,586.84,444.86,492.83,564.18
1304,OK,107,118,768,768,389.34,439.93,587.02,442.97,493.86,563.53
1305,OK,111,123,763,763,391.43,442.18,588.0,445.15,495.59,564.83
1306,OK,109,119,767,767,391.21,441.11,588.64,443.94,496.01,562.73
1307,OK,116,128,753,753,392.66,444.48,586.52,446.67,496.29,564.04
1308,OK,113,124,759,759,391.75,442.42,587.21,445.96,495.17,562.12
1309,OK,116,125,756,756,393.83,442.56,588.39,446.97,497.4,563.15
1310,OK,112,125,758,758,391.81,442.98,586.95,447.78,494.53,563.5
1311,OK,115,127,755,755,391.17,444.41,585.68,445.98,495.62,563.86
1312,OK,108,123,767,767,391.22,443.14,588.59,448.56,493.82,566.53
1313,OK,106,122,769,769,389.86,442.29,587.73,448.76,491.97,566.69
1314,OK,109,127,768,768,392.47,450.53,590.12,456.15,495.97,568.8
1315,OK,117,137,750,750,392.96,455.47,586.03,458.91,494.54,568.56
1316,OK,116,131,754,754,393.39,450.11,587.43,454.66,495.75,564.0
1317,OK,119,132,749,749,395.06,448.21,587.89,455.57,495.24,561.39
1318,OK,118,129,751,751,394.91,446.69,588.22,453.91,494.78,558.9
1319,OK,119,130,749,749,395.67,446.14,588.28,455.28,494.62,558.83
1320,OK,118,131,748,748,394.68,446.83,587.2,453.76,494.74,559.81
1321,OK,116,128,752,752,393.74,445.91,587.3,453.14,494.67,559.53
1322,OK,118,130,751,751,393.72,445.78,587.13,453.2,495.63,561.78
1323,OK,118,129,752,752,395.19,447.0,588.7,452.63,497.93,561.02
1324,OK,119,132,749,749,394.73,447.94,587.64,455.29,495.71,561.25
1325,OK,115,130,755,755,393.13,447.42,587.56,454.2,494.31,563.33
1326,OK,118,133,750,750,394.45,449.14,587.58,455.8,495.15,563.81
1327,OK,113,131,756,756,392.89,448.35,587.53,455.57,492.92,566.23
1328,OK,110,128,760,760,391.8,447.01,587.25,455.38,492.33,565.38
1329,OK,113,129,757,757,392.48,447.94,587.27,455.92,493.76,563.8
1330,OK,116,129,755,755,394.74,446.31,588.98,454.98,495.4,562.22
1331,OK,113,127,758,758,393.13,445.98,588.08,455.25,493.87,562.08
1332,OK,113,129,754,754,392.69,446.31,586.71,456.04,491.93,561.95
1333,OK,114,132,753,753,392.08,447.93,585.95,455.91,492.44,564.66
1334,OK,117,131,751,751,394.21,446.94,587.51,456.03,494.65,562.43
1335,OK,116,130,753,753,393.81,446.01,587.55,455.2,493.69,562.13
1336,OK,111,126,760,760,392.47,446.11,587.94,455.78,492.98,562.52
1337,OK,106,118,768,768,390.5,440.13,588.13,448.47,491.1,561.1
1338,OK,109,121,763,763,391.81,438.67,588.23,448.15,491.4,560.74
1339,OK,103,119,768,768,388.38,438.0,585.94,448.21,487.3,562.91
1340,OK,106,118,765,765,389.7,437.25,586.4,446.67,489.85,559.9
1341,OK,108,123,762,762,388.65,442.04,584.73,447.28,491.36,564.56
1342,OK,108,122,760,760,387.83,440.74,583.58,445.19,491.68,562.7
1343,OK,110,124,758,758,389.79,441.54,585.03,447.85,492.52,561.38
1344,OK,110,125,759,759,390.12,440.74,585.47,450.51,491.61,562.66
1345,OK,100,118,773,773,387.19,439.47,586.05,450.2,486.84,565.03
1346,OK,102,128,773,773,389.03,452.33,587.84,461.29,489.42,572.0
1347,OK,115,136,753,753,394.03,449.83,587.42,462.79,491.42,568.15
1348,OK,106,125,766,766,390.78,445.06,587.82,457.17,490.6,565.15
1349,OK,111,130,756,756,391.64,447.21,586.21,457.18,490.81,564.4
1350,OK,112,129,754,754,391.39,446.99,585.49,455.15,490.4,562.48
1351,OK,115,132,748,748,391.67,447.31,584.2,456.76,490.48,561.75
1352,OK,112,131,751,751,390.17,447.26,583.47,456.65,488.69,561.89
1353,OK,110,131,755,755,389.72,447.43,583.88,457.33,488.32,564.98
1354,OK,107,126,763,763,390.05,444.9,586.21,455.36,489.48,563.95
1355,OK,109,129,759,759,389.78,446.49,585.11,456.49,488.93,565.8
1356,OK,109,127,761,761,390.72,446.72,586.52,455.88,490.94,563.99
1357,OK,117,131,748,748,394.16,445.07,586.57,456.99,491.71,559.49
1358,OK,119,133,745,745,393.84,447.13,585.48,457.0,492.79,559.85
1359,OK,115,136,746,746,391.41,450.25,583.44,459.24,489.56,563.87
1360,OK,113,136,749,749,389.83,450.18,582.44,459.07,487.96,565.4
1361,OK,110,133,752,752,389.72,448.0,583.05,459.25,487.57,566.22
1362,OK,106,128,762,762,389.72,446.74,585.7,458.93,487.34,566.67
1363,OK,109,129,761,761,391.68,445.21,587.29,458.84,489.85,566.9
1364,OK,110,128,761,761,392.14,444.57,587.68,458.24,490.87,566.42
1365,OK,107,125,766,766,391.93,444.63,588.65,458.81,489.93,566.14
1366,OK,108,128,764,764,391.63,446.37,587.93,459.06,490.55,567.47
1367,OK,109,128,763,763,392.07,445.66,588.24,458.4,490.66,567.84
1368,OK,108,128,762,762,391.64,444.44,587.46,458.7,488.92,566.46
1369,OK,108,127,763,763,391.29,445.23,587.47,457.75,489.84,564.97
1370,OK,108,128,761,761,390.36,445.24,585.97,458.43,488.05,565.25
1371,OK,110,130,756,756,390.99,446.17,585.26,458.06,488.84,564.37
1372,OK,111,130,754,754,391.69,445.0,585.25,459.4,487.86,563.68
1373,OK,121,136,741,741,394.78,448.28,585.4,457.98,493.19,560.78
1374,OK,120,137,743,743,394.56,449.62,585.7,458.99,493.45,563.65
1375,OK,122,138,742,742,395.88,449.66,586.69,459.43,494.96,564.71
1376,OK,126,141,737,737,397.46,449.73,587.09,460.09,496.89,564.55
1377,OK,125,139,740,740,397.69,450.77,588.16,460.01,497.11,562.77
1378,OK,126,139,735,735,397.11,446.3,585.94,458.21,495.63,560.58
1379,OK,121,136,740,740,394.77,447.25,585.13,458.66,492.29,560.16
1380,OK,111,129,759,759,391.72,447.46,586.94,456.61,491.89,565.89
1381,OK,112,126,758,758,392.41,445.47,587.4,455.53,493.44,561.08
1382,OK,117,132,755,755,393.66,453.84,588.18,457.35,497.16,563.27
1383,OK,112,130,759,759,391.56,453.35,587.07,457.17,494.62,563.02
1384,OK,115,132,754,754,393.21,452.45,587.45,456.97,494.89,564.86
1385,OK,113,127,758,758,392.5,447.58,587.47,455.72,494.14,562.22
1386,OK,114,126,757,757,393.06,443.78,587.82,454.21,494.04,559.95
1387,OK,114,126,757,757,393.03,444.76,587.89,453.45,494.49,559.1
1388,OK,113,127,757,757,392.43,445.35,587.18,453.8,493.78,561.3
1389,OK,111,125,759,759,391.46,445.01,586.92,452.57,492.75,561.07
1390,OK,113,126,760,760,393.47,445.84,588.97,454.2,496.1,563.72
1391,OK,117,128,754,754,394.62,446.91,588.84,452.48,497.5,562.21
1392,OK,119,129,755,755,395.77,447.32,590.25,451.96,499.03,562.62
1393,OK,114,124,762,762,394.85,445.4,591.0,451.34,498.25,562.26
1394,OK,113,123,767,767,394.23,445.21,591.84,448.56,500.38,565.83
1395,OK,119,128,757,757,395.09,446.22,590.05,449.28,501.48,564.59
1396,OK,132,140,741,741,399.48,453.81,590.26,448.43,509.34,569.43
1397,OK,127,136,740,740,397.51,451.12,588.15,447.07,502.8,563.62
1398,OK,129,133,739,739,399.81,445.58,590.21,450.35,502.27,557.63
1399,OK,125,128,746,746,398.71,445.18,590.79,449.47,502.46,556.5
1400,OK,119,120,761,761,398.67,441.79,594.41,450.86,502.72,554.55
1401,OK,118,115,762,762,397.95,439.13,594.13,448.04,502.28,549.22
1402,OK,122,113,764,764,402.09,438.01,598.66,445.3,508.58,548.52
1403,OK,117,111,772,772,401.6,436.57,600.23,445.03,505.84,554.27
1404,OK,121,114,764,764,402.14,437.95,598.93,444.24,506.22,552.67
1405,OK,121,115,764,764,403.76,436.46,600.36,446.31,505.53,553.11
1406,OK,122,114,764,764,403.39,438.07,600.07,444.26,506.52,552.5
1407,OK,116,111,772,772,402.18,435.37,600.78,446.2,504.11,554.72
1408,OK,123,117,759,759,402.98,435.33,598.03,446.73,503.75,551.42
1409,OK,125,121,752,752,401.09,439.53,594.69,446.97,504.65,551.72
1410,OK,122,119,759,759,401.2,438.25,596.39,447.25,505.13,553.54
1411,OK,121,117,760,760,399.7,439.07,595.28,445.89,505.01,551.75
1412,OK,115,114,768,768,398.01,438.24,595.57,447.1,502.78,553.46
1413,OK,117,116,764,764,397.94,439.41,594.7,446.89,503.55,553.62
1414,OK,123,119,754,754,400.02,438.93,594.07,447.28,504.75,549.79
1415,OK,123,120,753,753,399.89,438.19,593.69,448.15,503.2,550.3
1416,OK,121,117,756,756,398.69,436.6,593.14,446.43,502.43,548.75
1417,OK,122,120,752,752,398.22,437.82,591.82,445.28,502.91,550.5
1418,OK,121,118,755,755,397.05,438.29,591.53,444.78,502.95,550.05
1419,OK,117,118,759,759,394.92,438.06,590.23,444.97,499.68,553.24
1420,OK,118,117,757,757,396.08,436.51,590.8,445.27,500.35,550.86
1421,OK,112,114,766,766,393.83,435.94,590.96,444.32,498.46,554.77
1422,OK,119,120,754,754,395.04,439.22,589.25,445.88,500.09,552.35
1423,OK,118,121,754,754,394.57,440.34,588.68,446.04,499.2,554.16
1424,OK,120,123,752,752,395.7,441.26,589.17,447.81,499.81,554.86
1425,OK,119,122,751,751,395.1,439.92,588.38,447.03,498.12,552.3
1426,OK,122,127,749,749,395.92,444.82,588.84,450.23,499.98,556.35
1427,OK,125,129,747,747,397.83,448.3,590.27,448.99,503.71,556.26
1428,OK,127,131,746,746,400.31,448.21,592.48,452.38,504.83,557.72
1429,OK,117,123,756,756,396.33,441.97,590.78,451.32,498.33,557.27
1430,OK,118,122,755,755,395.02,440.59,589.19,448.98,497.98,555.22
1431,OK,119,123,752,752,395.67,440.14,589.27,449.1,498.25,553.95
1432,OK,116,119,758,758,395.9,438.0,590.72,448.56,498.0,554.03
1433,OK,118,120,754,754,395.42,438.44,589.29,448.22,497.89,552.48
1434,OK,116,119,759,759,395.2,438.66,590.48,447.96,498.9,553.83
1435,OK,120,126,751,751,396.17,442.02,589.5,450.86,498.49,556.98
1436,OK,116,120,762,762,397.07,438.73,593.02,448.87,499.1,558.98
1437,OK,118,122,758,758,397.28,439.62,592.37,448.61,500.34,558.16
1438,OK,118,122,757,757,396.58,440.22,591.42,450.32,498.52,556.33
1439,OK,117,124,759,759,395.63,442.88,590.88,451.85,499.47,559.17
1440,OK,117,123,758,758,396.25,441.73,591.26,452.88,499.44,558.03
1441,OK,116,119,760,760,395.88,438.62,591.38,450.12,500.23,554.46
1442,OK,127,133,745,745,399.14,449.19,590.93,455.15,504.24,559.61
1443,OK,120,125,759,759,397.71,445.15,593.05,449.78,503.81,561.74
1444,OK,120,126,752,752,397.54,444.34,590.95,453.21,498.52,556.89
1445,OK,118,122,756,756,397.38,439.96,591.76,451.91,498.51,555.26
1446,OK,121,123,751,751,397.67,438.38,590.74,450.18,497.98,552.59
1447,OK,119,125,750,750,397.12,440.42,590.03,452.24,496.33,554.84
1448,OK,120,126,749,749,396.91,439.86,589.45,451.05,496.74,554.73
1449,OK,118,124,750,750,395.7,441.16,588.61,450.97,495.21,552.76
1450,OK,115,120,754,754,394.32,438.22,588.29,448.91,493.35,552.14
1451,OK,117,119,753,753,395.63,436.33,589.16,448.92,494.17,549.36
1452,OK,126,125,743,743,401.48,433.23,592.2,448.23,499.07,552.13
1453,OK,126,120,744,744,400.86,432.74,592.23,444.59,499.79,545.66
1454,OK,126,122,745,745,399.46,433.95,591.18,440.21,501.86,551.03
1455,OK,119,116,750,750,396.18,431.18,589.18,440.17,495.84,547.67
1456,OK,122,119,744,744,397.82,431.74,589.16,442.66,495.85,545.15
1457,OK,122,119,743,743,396.33,431.04,587.48,441.52,494.46,544.51
1458,OK,123,117,742,742,398.46,429.12,589.1,442.52,495.01,541.34
1459,OK,122,116,744,744,398.15,428.16,589.3,441.47,494.65,542.36
1460,OK,119,116,746,746,396.43,428.01,588.27,440.32,493.16,545.15
1461,OK,117,114,749,749,394.89,426.87,587.44,439.45,492.08,544.35
1462,OK,126,116,743,743,401.8,423.52,592.32,441.54,497.44,541.73
1463,OK,116,106,752,752,397.61,419.65,590.33,437.76,491.04,536.67
1464,OK,124,106,746,746,401.02,418.29,592.57,433.46,497.52,532.19
1465,OK,130,109,734,734,402.86,417.22,591.14,433.46,498.29,528.14
1466,OK,132,109,733,733,403.65,416.3,591.74,432.72,499.1,527.02
1467,OK,128,109,737,737,401.79,417.05,590.84,434.29,496.35,529.55
1468,OK,121,106,743,743,397.68,419.05,588.36,433.96,491.96,528.65
1469,OK,125,107,738,738,399.26,420.69,588.86,432.89,495.42,525.61
1470,OK,125,108,738,738,400.05,419.65,589.53,433.85,495.16,529.13
1471,OK,127,108,739,739,400.73,419.54,590.54,432.05,497.25,528.55
1472,OK,126,109,736,736,400.05,419.63,589.06,433.87,494.34,528.37
1473,OK,123,104,746,746,400.11,417.93,591.85,432.09,496.58,529.18
1474,OK,129,109,735,735,401.14,419.27,590.1,432.41,497.35,527.1
1475,OK,128,109,735,735,400.95,419.51,589.73,433.66,496.25,526.87
1476,OK,127,109,737,737,400.17,420.43,589.54,433.38,495.63,527.77
1477,OK,128,110,735,735,400.52,420.55,589.55,432.67,496.6,527.66
1478,OK,133,109,733,733,403.75,418.64,592.08,432.01,501.26,525.6
1479,OK,124,105,747,747,400.72,419.73,592.65,433.14,498.4,531.22
1480,OK,124,106,745,745,400.57,417.72,591.82,432.68,497.0,532.58
1481,OK,122,104,748,748,400.42,416.54,592.52,431.89,497.03,532.35
1482,OK,123,104,746,746,400.25,416.9,591.79,431.87,497.02,531.45
1483,OK,121,103,749,749,399.32,417.0,591.79,431.08,496.35,531.95
1484,OK,125,113,744,744,402.08,423.9,592.97,439.78,497.11,538.31
1485,OK,120,110,751,751,399.04,425.24,592.13,437.43,495.86,539.15
1486,OK,124,110,750,750,401.89,426.89,594.75,436.48,501.38,539.28
1487,OK,122,110,751,751,399.81,427.35,593.09,436.77,498.98,539.29
1488,OK,127,108,744,744,402.44,422.32,593.8,433.28,501.34,533.59
1489,OK,121,105,750,750,399.9,420.93,592.55,433.46,497.17,533.64
1490,OK,127,106,742,742,401.32,420.01,592.13,431.36,500.11,529.65
1491,OK,125,105,745,745,400.9,418.55,592.41,431.64,498.11,529.11
1492,OK,126,105,743,743,400.74,419.83,591.75,431.8,498.35,528.08
1493,OK,125,105,741,741,399.86,418.83,590.41,431.43,496.66,526.4
1494,OK,129,109,734,734,401.37,420.89,589.96,433.56,497.96,526.51
1495,OK,128,108,732,732,399.7,420.26,587.77,432.22,495.77,522.11
1496,OK,128,105,732,732,399.8,418.05,587.99,430.47,495.28,519.22
1497,OK,128,107,730,730,399.13,418.69,586.76,431.69,494.06,520.46
1498,OK,129,108,731,731,399.22,419.57,587.24,431.11,495.25,521.09
1499,OK,127,108,737,737,399.43,420.26,588.88,431.82,496.24,527.3
1500,OK,125,105,740,740,400.32,418.94,590.46,431.75,496.33,526.51
1501,OK,127,107,739,739,400.47,419.73,590.5,431.6,498.02,528.28
1502,OK,127,107,740,740,401.07,419.43,591.29,432.43,497.86,528.96
1503,OK,127,107,739,739,400.62,419.1,590.49,431.2,498.38,527.23
1504,OK,125,107,740,740,398.68,419.36,588.99,430.93,497.46,530.08
1505,OK,126,107,741,741,399.15,419.88,589.64,430.38,498.18,529.42
1506,OK,129,108,738,738,402.18,419.64,591.9,431.73,500.1,528.97
1507,OK,129,110,737,737,401.27,419.8,590.8,431.87,499.08,530.31
1508,OK,132,116,739,739,403.28,428.47,593.56,436.79,504.21,538.62
1509,OK,123,110,747,747,398.46,426.69,590.71,436.0,497.42,536.49
1510,OK,130,113,737,737,401.41,424.01,590.94,434.65,500.1,533.08
1511,OK,125,107,741,741,399.52,418.22,589.89,432.31,496.39,529.26
1512,OK,126,106,740,740,399.61,418.41,589.87,431.31,497.59,528.31
1513,OK,128,109,737,737,401.03,419.67,590.38,432.19,498.16,529.36
1514,OK,127,106,742,742,401.75,419.94,592.46,433.41,499.53,528.93
1515,OK,122,106,747,747,398.65,420.54,590.66,434.35,496.04,531.63
1516,OK,122,106,746,746,399.29,420.45,590.99,433.69,496.52,531.32
1517,OK,125,107,743,743,399.62,420.49,590.6,433.35,496.92,530.6
1518,OK,127,107,737,737,400.79,418.56,590.05,432.55,496.5,526.14
1519,OK,129,105,734,734,402.01,416.27,590.51,432.22,497.26,521.31
1520,OK,132,107,729,729,400.77,419.1,588.26,430.07,497.71,519.35
1521,OK,130,104,733,733,400.92,416.47,589.27,429.5,497.95,518.7
1522,OK,126,102,738,738,399.77,417.28,589.43,430.1,497.11,519.7
1523,OK,128,105,733,733,399.11,418.91,587.61,429.63,496.29,518.88
1524,OK,128,105,733,733,398.5,420.13,587.18,429.65,495.41,517.92
1525,OK,129,108,727,727,397.7,422.03,584.75,427.82,493.67,518.34
1526,OK,125,104,735,735,397.11,419.75,586.37,428.06,493.32,519.49
1527,OK,128,103,734,734,400.02,416.31,588.81,427.24,496.14,519.94
1528,OK,124,98,740,740,398.32,413.25,588.61,423.24,495.05,517.86
1529,OK,126,96,737,737,397.96,411.7,587.65,420.01,496.68,513.0
1530,OK,122,97,736,736,394.89,413.52,584.37,421.63,492.24,513.64
1531,OK,123,95,739,739,396.08,413.32,586.26,421.86,494.67,512.32
1532,OK,119,94,745,745,395.09,414.87,586.8,423.3,493.0,514.18
1533,OK,128,107,737,737,400.62,421.57,589.89,434.86,497.58,521.91
1534,OK,128,106,731,731,399.08,419.91,587.1,430.58,494.54,518.34
1535,OK,127,105,731,731,398.57,417.7,586.54,430.26,493.35,517.27
1536,OK,123,102,738,738,397.22,417.87,586.96,431.24,492.25,518.78
1537,OK,121,102,737,737,395.1,418.44,584.63,430.36,490.0,517.5
1538,OK,120,101,739,739,394.36,417.89,584.37,430.76,488.71,517.67
1539,OK,118,100,742,742,394.53,418.33,585.27,430.45,489.18,518.78
1540,OK,120,104,738,738,394.86,421.18,584.67,430.26,489.21,522.23
1541,OK,123,106,736,736,397.18,420.8,586.36,433.11,491.87,522.04
1542,OK,123,104,739,739,397.08,420.47,587.16,431.57,492.34,520.92
1543,OK,123,105,737,737,397.03,421.03,586.55,431.07,491.94,520.17
1544,OK,121,104,739,739,395.44,419.88,585.61,430.03,490.21,521.8
1545,OK,122,102,739,739,396.44,419.7,586.52,430.52,491.57,518.41
1546,OK,123,104,734,734,396.41,420.1,585.1,430.38,490.94,518.42
1547,OK,125,106,730,730,396.77,419.57,584.35,430.46,490.49,517.88
1548,OK,124,102,736,736,398.03,417.87,587.1,429.86,492.42,517.15
1549,OK,124,103,737,737,397.91,417.56,587.31,429.55,492.2,519.6
1550,OK,125,103,737,737,399.42,417.86,588.94,430.12,493.16,519.91
1551,OK,120,102,742,742,396.56,418.27,587.45,429.16,491.74,522.5
1552,OK,122,102,742,742,397.96,419.02,588.89,429.6,493.08,521.96
1553,OK,119,101,746,746,397.16,418.52,588.79,431.85,491.59,524.13
1554,OK,122,102,742,742,398.14,418.98,588.94,429.97,493.21,522.63
1555,OK,120,102,742,742,396.42,419.04,587.33,430.09,491.44,522.52
1556,OK,122,103,740,740,397.11,418.97,587.35,429.75,492.0,521.73
1557,OK,121,104,740,740,396.72,419.03,587.03,430.73,490.66,523.28
1558,OK,122,103,741,741,397.3,418.81,587.78,429.95,491.77,521.81
1559,OK,121,102,743,743,397.1,418.41,588.18,429.9,491.36,522.23
1560,OK,117,100,748,748,396.95,416.83,589.02,431.42,490.21,524.59
1561,OK,121,100,746,746,398.78,416.49,590.43,431.27,493.45,523.19
1562,OK,119,99,748,748,398.55,416.15,590.58,431.11,492.48,523.43
1563,OK,120,99,746,746,398.75,416.07,590.36,430.04,492.91,522.78
1564,OK,124,101,740,740,399.51,415.32,589.65,428.89,494.08,520.21
1565,OK,127,104,735,735,399.32,417.1,588.23,428.91,494.63,520.26
1566,OK,128,104,734,734,400.36,417.15,589.19,428.32,495.54,520.35
1567,OK,127,96,743,743,401.76,411.39,592.72,423.08,499.62,517.48
1568,OK,123,92,751,751,401.17,409.96,594.03,423.74,498.81,518.72
1569,OK,126,94,746,746,403.05,410.17,594.7,423.78,500.89,517.4
1570,OK,121,94,755,755,401.18,411.39,595.26,425.3,498.61,524.33
1571,OK,123,99,751,751,401.74,414.64,594.77,428.28,499.29,528.19
1572,OK,127,103,746,746,402.93,416.29,594.69,428.29,501.89,530.29
1573,OK,126,103,747,747,402.19,415.54,594.22,428.53,500.34,530.22
1574,OK,129,104,743,743,402.68,416.27,593.84,426.26,503.23,528.84
1575,OK,129,105,742,742,402.15,417.76,593.18,426.12,503.27,530.22
1576,OK,127,103,746,746,401.25,418.32,593.22,426.41,503.18,530.17
1577,OK,128,104,743,743,400.54,419.51,591.76,425.07,503.42,529.27
1578,OK,129,105,744,744,401.81,420.89,593.34,425.52,505.99,530.86
1579,OK,127,105,749,749,401.76,420.65,594.45,426.68,505.03,534.37
1580,OK,128,103,748,748,402.46,419.15,594.98,426.58,506.07,533.07
1581,OK,130,105,745,745,402.68,419.74,594.59,425.4,506.65,532.58
1582,OK,129,104,748,748,403.81,418.8,596.24,426.73,507.38,534.28
1583,OK,123,104,752,752,399.89,420.35,593.39,426.78,502.63,538.13
1584,OK,119,101,759,759,398.73,419.2,594.07,426.52,501.07,537.21
1585,OK,132,117,737,737,401.72,431.94,591.49,434.45,505.05,538.72
1586,OK,129,115,740,740,399.9,432.06,590.43,434.5,502.98,536.85
1587,OK,124,108,746,746,398.22,425.69,590.41,429.57,500.98,534.96
1588,OK,122,107,749,749,395.8,427.02,588.6,428.22,500.34,536.16
1589,OK,124,108,745,745,397.02,426.03,588.86,429.06,499.11,534.03
1590,OK,122,107,749,749,397.34,424.45,590.29,429.24,499.93,535.98
1591,OK,125,108,746,746,398.53,425.83,590.61,429.4,501.53,535.1
1592,OK,126,109,744,744,400.08,425.43,591.71,430.95,502.04,535.61
1593,OK,127,107,747,747,400.57,424.36,593.0,429.69,503.98,534.78
1594,OK,125,106,749,749,399.89,424.67,592.71,429.86,502.96,534.27
1595,OK,129,110,744,744,400.91,425.67,592.48,429.87,505.38,536.28
1596,OK,128,110,744,744,401.15,425.45,592.71,430.88,504.14,536.24
1597,OK,124,105,751,751,399.72,423.56,592.92,430.34,501.77,534.99
1598,OK,129,110,742,742,402.11,423.92,593.13,430.82,503.85,534.99
1599,OK,135,113,738,738,405.46,424.25,595.32,432.23,507.79,536.13
1600,OK,136,113,735,735,404.8,424.14,594.01,430.31,507.75,534.55
1601,OK,135,112,738,738,404.05,425.56,594.07,429.04,509.74,535.19
1602,OK,136,112,736,736,403.54,425.21,593.1,427.72,509.88,533.92
1603,OK,135,111,738,738,404.21,423.57,594.13,427.95,509.49,535.21
1604,OK,130,109,744,744,402.59,422.43,594.03,429.58,506.03,536.11
1605,OK,133,111,740,740,404.33,423.01,594.82,431.12,507.42,535.52
1606,OK,128,107,747,747,402.49,423.26,594.76,431.57,504.96,534.41
1607,OK,130,110,742,742,402.75,423.11,593.6,432.37,504.78,534.71
1608,OK,128,108,742,742,401.29,422.47,592.3,431.71,502.28,532.58
1609,OK,127,107,746,746,400.76,423.69,592.66,430.93,503.58,533.56
1610,OK,125,109,744,744,398.67,425.17,590.1,431.36,499.99,535.34
1611,OK,122,109,747,747,397.02,424.06,589.24,431.57,497.81,537.69
1612,OK,121,110,747,747,396.03,425.33,588.31,432.02,496.19,537.63
1613,OK,120,107,752,752,396.45,425.44,589.94,431.53,498.88,538.2
1614,OK,123,111,743,743,396.37,424.93,587.64,430.34,497.26,536.88
1615,OK,121,106,751,751,396.76,424.23,590.1,430.57,498.8,536.58
1616,OK,122,107,749,749,396.61,424.65,589.55,429.28,499.43,536.3
1617,OK,123,109,747,747,396.29,424.19,588.74,427.71,499.84,538.34
1618,OK,131,121,736,736,399.99,435.79,589.59,435.57,504.14,542.83
1619,OK,127,116,744,744,399.59,433.59,591.31,433.65,503.69,543.17
1620,OK,128,113,741,741,398.78,429.6,589.73,430.09,503.69,536.55
1621,OK,128,110,743,743,399.07,426.31,590.36,428.02,503.6,536.78
1622,OK,125,107,748,748,398.73,425.83,591.44,427.36,504.09,536.57
1623,OK,124,107,746,746,397.56,425.2,589.61,428.05,502.15,535.29
1624,OK,133,111,743,743,403.34,426.48,594.59,430.22,510.01,536.83
1625,OK,137,112,737,737,404.84,425.97,594.74,429.03,511.01,534.21
1626,OK,135,109,741,741,403.4,425.84,594.18,427.06,511.36,533.06
1627,OK,133,107,743,743,402.48,424.39,593.74,425.52,509.95,532.16
1628,OK,139,112,737,737,406.41,424.28,596.26,427.85,512.9,534.81
1629,OK,138,111,736,736,407.01,422.04,596.38,428.81,511.75,533.37
1630,OK,135,111,739,739,404.4,423.61,594.77,428.61,509.38,535.67
1631,OK,132,109,741,741,401.79,422.66,592.58,426.95,507.2,533.95
1632,OK,124,103,751,751,399.88,421.36,593.08,428.32,503.4,532.69
1633,OK,137,118,729,729,400.64,432.89,588.37,428.14,509.13,535.14
1634,OK,132,113,736,736,399.94,430.59,589.49,426.95,507.23,534.35
1635,OK,132,113,731,731,400.01,423.67,588.09,431.4,500.17,530.25
1636,OK,133,112,733,733,401.35,423.98,590.08,431.41,503.48,528.7
1637,OK,128,107,743,743,398.77,423.27,590.22,426.79,504.29,532.07
1638,OK,130,109,742,742,401.31,423.99,592.43,429.84,505.41,533.44
1639,OK,132,112,739,739,402.12,425.26,592.52,430.08,506.52,535.19
1640,OK,133,110,740,740,403.68,423.85,594.29,430.64,507.47,534.27
1641,OK,129,108,741,741,400.93,422.2,591.77,429.53,502.65,531.97
1642,OK,130,112,738,738,400.86,425.48,590.74,431.06,502.79,534.5
1643,OK,129,110,741,741,400.99,424.1,591.62,430.61,501.89,533.27
1644,OK,133,112,736,736,403.91,423.85,593.35,432.81,505.05,533.23
1645,OK,134,112,735,735,404.0,423.52,593.05,431.68,504.58,531.39
1646,OK,132,109,738,738,403.58,421.98,593.37,430.81,504.34,531.24
1647,OK,126,110,738,738,399.09,423.01,588.95,431.42,497.15,531.48
1648,OK,125,111,739,739,398.08,423.79,588.31,431.41,496.8,533.92
1649,OK,125,109,741,741,398.55,422.74,589.17,429.95,498.05,533.03
1650,OK,129,113,733,733,400.03,422.29,588.63,430.93,497.09,531.95
1651,OK,124,110,740,740,397.92,422.33,588.42,430.45,495.65,534.94
1652,OK,127,111,738,738,399.89,423.0,589.78,431.32,498.28,534.46
1653,OK,129,112,734,734,399.61,423.77,588.39,431.21,498.65,532.28
1654,OK,130,112,737,737,401.74,423.01,591.24,432.43,500.05,533.4
1655,OK,128,112,735,735,399.29,422.99,588.44,431.04,497.87,531.47
1656,OK,129,112,735,735,400.62,422.0,589.7,431.97,498.36,531.98
1657,OK,130,117,735,735,399.3,430.57,588.54,434.92,500.11,535.61
1658,OK,121,111,742,742,393.66,429.11,584.7,429.81,495.76,536.46
1659,OK,118,113,739,739,391.69,428.22,582.08,432.72,488.79,534.94
1660,OK,120,113,736,736,392.64,426.27,582.06,432.94,489.18,532.81
1661,OK,118,111,736,736,390.88,424.89,580.34,431.79,486.88,531.46
1662,OK,119,111,737,737,391.16,424.39,581.0,430.33,488.36,530.76
1663,OK,120,110,735,735,391.58,424.26,580.72,430.4,489.03,528.58
1664,OK,119,111,736,736,391.54,425.01,581.01,431.54,488.93,530.54
1665,OK,122,110,737,737,393.46,425.15,583.09,431.97,492.12,529.26
1666,OK,121,112,735,735,392.05,426.62,581.21,431.11,490.85,529.86
1667,OK,119,111,736,736,391.47,425.84,581.01,431.4,489.49,531.26
1668,OK,120,110,737,737,391.82,424.75,581.66,430.42,489.36,529.89
1669,OK,118,110,738,738,390.91,425.01,580.97,430.16,488.62,531.01
1670,OK,118,110,736,736,391.23,424.52,580.7,430.6,487.81,529.7
1671,OK,120,110,736,736,391.61,425.81,581.03,429.21,490.92,529.6
1672,OK,122,109,737,737,392.94,425.2,582.8,430.18,493.46,527.85
1673,OK,120,108,740,740,392.9,425.11,583.48,429.89,493.8,529.02
1674,OK,119,106,743,743,391.96,425.1,583.41,429.0,493.56,528.53
1675,OK,122,106,742,742,394.42,424.3,585.5,429.39,496.53,527.89
1676,OK,120,108,742,742,392.92,425.3,583.88,429.12,494.02,531.77
1677,OK,120,109,740,740,392.36,425.88,583.0,429.5,492.66,531.86
1678,OK,120,104,743,743,393.53,420.26,584.7,425.79,494.8,528.88
1679,OK,125,105,741,741,396.36,417.82,587.2,424.61,498.9,528.9
1680,OK,122,102,746,746,396.24,418.04,588.37,423.92,499.6,529.48
1681,OK,127,103,743,743,399.16,415.83,590.45,424.6,501.5,528.57
1682,OK,124,106,741,741,397.41,419.66,588.2,427.03,496.01,529.68
1683,OK,126,113,741,741,398.93,427.38,589.69,432.56,499.15,536.38
1684,OK,129,114,732,732,398.82,426.11,587.24,431.38,497.83,533.17
1685,OK,126,112,735,735,398.22,422.36,587.34,432.0,495.08,532.62
1686,OK,123,109,742,742,398.25,421.93,589.11,432.34,496.16,534.6
1687,OK,125,110,740,740,399.2,422.04,589.51,432.0,497.02,534.34
1688,OK,128,112,735,735,398.51,422.65,587.64,431.0,497.91,531.35
1689,OK,128,112,734,734,399.77,421.67,588.6,432.49,495.84,531.45
1690,OK,130,113,732,732,400.47,423.06,588.89,432.41,497.81,532.01
1691,OK,126,111,737,737,399.01,422.77,588.61,431.89,495.88,531.45
1692,OK,126,112,735,735,398.36,422.56,587.5,431.26,494.76,531.25
1693,OK,125,110,734,734,396.44,423.56,585.35,430.0,494.22,528.13
1694,OK,125,112,735,735,395.23,425.62,584.48,430.1,494.59,530.44
1695,OK,119,109,739,739,391.5,424.88,581.8,429.34,490.96,529.91
1696,OK,121,110,737,737,392.31,425.5,582.08,428.78,492.3,530.1
1697,OK,126,113,733,733,394.45,427.07,583.21,429.16,495.72,530.32
1698,OK,122,109,738,738,393.67,425.16,583.77,430.84,493.29,529.19
1699,OK,125,109,736,736,395.54,424.85,584.93,430.02,496.18,526.92
1700,OK,125,111,734,734,395.54,425.64,584.52,430.56,495.97,528.21
1701,OK,126,114,737,737,397.65,428.64,587.42,432.75,496.92,534.99
1702,OK,125,113,739,739,397.43,427.45,587.69,432.02,497.28,536.11
1703,OK,118,110,739,739,391.69,425.86,582.06,431.62,488.79,530.72
1704,OK,122,111,735,735,393.3,424.08,582.6,431.43,490.33,529.13
1705,OK,119,109,737,737,391.51,422.85,581.18,430.7,488.28,528.76
1706,OK,118,110,735,735,390.34,423.57,579.59,430.89,485.77,528.11
1707,OK,118,109,736,736,391.15,424.0,580.58,430.58,487.92,528.38
1708,OK,120,110,734,734,392.21,424.12,581.21,430.64,489.07,527.97
1709,OK,118,109,739,739,391.44,424.09,581.53,431.1,488.84,529.31
1710,OK,117,109,739,739,391.22,424.04,581.37,431.66,487.54,529.02
1711,OK,119,111,737,737,391.37,423.9,581.17,431.46,488.32,531.23
1712,OK,118,107,741,741,391.3,423.01,582.17,429.55,489.41,528.36
1713,OK,115,107,744,744,390.59,423.78,582.14,431.19,488.25,532.2
1714,OK,116,108,744,744,391.39,424.08,583.0,431.6,489.15,533.46
1715,OK,115,107,745,745,391.21,423.23,582.8,431.54,488.79,531.99
1716,OK,114,108,745,745,389.63,423.12,581.43,431.33,487.16,533.02
1717,OK,115,107,743,743,390.41,422.1,581.47,432.21,486.17,530.49
1718,OK,114,106,744,744,391.59,420.42,582.92,432.74,485.81,530.31
1719,OK,116,105,745,745,392.87,419.38,584.4,432.88,487.55,529.5
1720,OK,112,105,749,749,390.11,421.13,582.66,434.05,485.97,532.28
1721,OK,112,106,747,747,389.67,421.28,581.79,433.15,485.21,532.77
1722,OK,114,105,747,747,391.53,421.03,583.56,433.01,487.52,530.78
1723,OK,112,107,746,746,390.4,421.46,582.24,433.93,485.45,532.55
1724,OK,114,106,745,745,390.59,422.15,582.12,432.54,487.42,530.48
1725,OK,115,105,747,747,393.87,417.68,585.78,432.36,487.31,531.21
1726,OK,115,103,747,747,393.83,416.57,585.73,431.64,486.81,529.51
1727,OK,114,100,746,746,393.71,413.51,585.08,430.19,485.81,525.13
1728,OK,108,96,755,755,388.43,417.7,582.76,425.83,485.73,525.53
1729,OK,105,95,756,756,386.12,418.23,580.73,424.07,483.63,526.15
1730,OK,110,98,750,750,389.63,417.35,582.65,427.07,484.98,525.28
1731,OK,110,102,750,750,388.8,421.59,581.77,429.94,485.36,530.05
1732,OK,111,105,747,747,388.4,422.32,580.7,429.88,484.26,530.78
1733,OK,111,105,748,748,388.3,423.99,580.82,429.86,485.69,531.79
1734,OK,115,104,746,746,392.63,419.9,584.46,430.69,488.27,530.54
1735,OK,112,104,747,747,389.57,421.44,581.66,429.92,485.01,528.79
1736,OK,114,104,747,747,391.64,420.45,583.64,431.03,486.59,528.29
1737,OK,117,102,745,745,395.74,414.04,586.83,432.14,487.46,525.9
1738,OK,117,103,745,745,395.62,414.12,586.64,432.48,487.3,527.02
1739,OK,112,102,752,752,392.61,417.61,585.87,431.83,488.63,531.75
1740,OK,109,103,755,755,389.62,420.32,583.63,431.63,486.67,534.62
1741,OK,112,104,752,752,391.03,422.66,584.44,432.65,488.94,534.14
1742,OK,114,108,748,748,390.38,426.37,582.93,431.87,491.06,535.01
1743,OK,117,110,746,746,391.74,427.2,583.82,433.53,492.88,535.7
1744,OK,109,104,754,754,388.22,423.61,582.19,430.94,488.79,536.04
1745,OK,114,106,749,749,390.95,423.31,583.67,431.33,490.68,534.67
1746,OK,113,105,752,752,391.41,422.72,584.97,432.36,490.21,535.75
1747,OK,115,111,750,750,391.5,430.18,584.51,434.31,492.26,540.69
1748,OK,115,109,754,754,394.17,427.13,588.11,437.03,493.91,540.47
1749,OK,108,104,754,754,388.46,422.25,582.26,432.66,485.26,536.0
1750,OK,112,103,753,753,391.99,418.18,585.48,431.33,489.22,533.53
1751,OK,110,103,754,754,390.19,421.18,584.0,431.95,487.86,534.28
1752,OK,113,104,751,751,392.96,418.71,585.85,433.4,488.23,532.99
1753,OK,111,103,755,755,392.02,419.01,585.89,433.22,487.86,533.98
1754,OK,111,103,753,753,392.72,418.02,585.98,433.99,486.52,532.69
1755,OK,114,102,751,751,394.68,415.8,587.17,433.97,487.31,530.35
1756,OK,114,104,746,746,393.23,417.8,584.79,433.65,485.85,529.87
1757,OK,115,104,745,745,393.55,417.18,584.88,432.38,486.19,528.64
1758,OK,113,105,747,747,391.63,419.95,583.63,432.1,485.86,531.04
1759,OK,112,102,751,751,392.54,418.6,585.61,432.4,486.49,530.15
1760,OK,113,103,748,748,391.71,419.17,584.09,431.41,486.12,530.0
1761,OK,113,107,744,744,390.24,422.1,581.58,432.04,484.86,531.41
1762,OK,111,105,747,747,387.82,423.45,580.15,431.24,484.04,529.05
1763,OK,112,107,744,744,388.52,423.51,579.94,430.99,484.36,531.75
1764,OK,114,109,743,743,389.58,424.42,580.67,432.71,485.0,531.57
1765,OK,115,109,740,740,390.67,423.19,581.06,432.99,485.82,531.24
1766,OK,110,101,750,750,389.18,419.0,582.06,428.42,485.62,529.93
1767,OK,109,96,756,756,389.92,414.54,584.24,425.33,487.12,528.62
1768,OK,106,94,760,760,389.07,413.48,584.45,425.45,486.28,529.4
1769,OK,113,98,752,752,392.79,413.07,586.04,426.37,488.97,529.04
1770,OK,111,96,755,755,391.05,413.06,585.09,425.49,488.19,528.33
1771,OK,109,95,759,759,392.91,410.72,587.53,428.63,487.22,530.1
1772,OK,108,98,754,754,390.38,412.6,583.83,428.37,484.43,530.92
1773,OK,107,96,761,761,390.93,413.49,586.41,428.68,487.1,532.54
1774,OK,108,98,759,759,390.27,415.02,585.29,427.69,488.14,532.89
1775,OK,111,103,752,752,390.17,417.56,583.49,429.72,487.72,535.01
1776,OK,112,103,752,752,391.1,418.35,584.49,429.69,489.36,534.88
1777,OK,111,104,754,754,390.75,420.64,584.56,431.03,489.3,536.84
1778,OK,113,107,749,749,389.99,421.26,582.7,430.78,487.76,537.34
1779,OK,110,103,755,755,389.05,420.45,583.26,429.26,488.12,536.11
1780,OK,112,108,748,748,388.32,426.41,580.85,432.17,488.31,535.59
1781,OK,112,112,749,749,388.49,431.97,581.4,436.91,488.11,538.45
1782,OK,116,114,745,745,390.26,430.98,582.13,436.77,490.06,538.74
1783,OK,119,115,739,739,391.19,429.77,581.43,435.98,489.78,536.31
1784,OK,116,114,740,740,390.15,429.36,580.75,435.98,487.98,535.46
1785,OK,117,116,741,741,390.27,429.43,581.07,435.75,488.58,539.86
1786,OK,118,115,741,741,392.46,429.85,583.1,438.25,490.13,536.32
1787,OK,108,109,755,755,387.32,429.7,581.54,436.4,485.96,540.29
1788,OK,115,112,749,749,391.05,431.36,583.79,435.95,492.51,538.57
1789,OK,112,109,754,754,389.45,430.23,583.71,434.14,492.01,540.42
1790,OK,114,111,752,752,390.6,432.03,584.22,435.15,493.44,540.55
1791,OK,114,112,751,751,389.94,432.71,583.44,434.8,493.01,541.7
1792,OK,113,111,750,750,389.63,430.09,582.69,435.01,490.53,540.31
1793,OK,116,113,747,747,391.23,430.85,583.63,435.99,492.57,539.2
1794,OK,115,113,748,748,390.27,432.17,582.86,435.81,492.11,541.91
1795,OK,115,113,748,748,391.04,432.13,583.53,437.17,492.15,540.43
1796,OK,113,110,752,752,390.64,430.78,584.26,436.19,492.0,538.64
1797,OK,117,116,744,744,390.5,433.39,582.2,435.86,492.45,542.43
1798,OK,115,113,750,750,390.17,433.83,583.29,435.08,494.21,542.51
1799,OK,113,112,753,753,389.45,432.85,583.34,434.95,492.87,542.23
