k,status,x,y,w,h,rx,ry,lx,ly,nx,ny
0,FAILED,,,,,,,,,,
1,OK,103,-77,1014,1014,509.32,401.97,696.23,370.3,618.07,474.5
2,OK,105,-68,1009,1009,508.87,403.74,695.61,376.03,616.1,482.56
3,OK,96,-82,1021,1021,506.06,397.02,695.44,372.56,612.17,471.26
4,OK,95,-81,1020,1020,505.04,398.3,694.35,375.06,610.54,472.45
5,OK,83,-90,1037,1037,500.2,395.19,692.94,374.1,607.42,471.61
6,OK,91,-86,1029,1029,504.17,393.09,695.35,370.86,610.26,474.79
7,OK,84,-90,1040,1040,503.08,396.82,695.97,371.81,610.4,476.77
8,OK,86,-86,1031,1031,501.81,394.21,693.68,374.47,604.26,474.55
9,OK,87,-84,1037,1037,504.14,394.7,697.76,382.27,609.37,480.47
10,OK,85,-85,1043,1043,505.55,394.13,700.52,388.02,610.88,482.39
11,OK,82,-74,1051,1051,502.72,408.91,698.76,395.72,613.78,500.81
12,OK,79,-66,1062,1062,503.49,420.91,701.91,412.25,617.74,515.15
13,OK,85,-56,1049,1049,502.34,424.06,698.04,411.53,619.11,518.73
14,OK,81,-57,1053,1053,499.71,425.59,696.23,413.67,617.42,519.84
15,OK,80,-57,1048,1048,497.08,421.33,692.86,411.25,613.3,518.44
16,OK,77,-59,1052,1052,496.63,420.51,693.05,409.72,612.41,520.17
17,OK,74,-66,1059,1059,494.94,419.88,692.04,400.92,613.15,516.68
18,OK,81,-62,1053,1053,499.5,419.26,695.82,404.86,616.72,517.69
19,OK,80,-62,1057,1057,500.29,421.75,697.41,406.38,618.82,519.64
20,OK,79,-62,1054,1054,498.84,421.86,695.3,404.67,616.66,518.68
21,OK,75,-68,1061,1061,498.72,417.02,696.83,405.46,613.51,513.43
22,OK,81,-61,1054,1054,501.72,419.36,698.44,406.59,616.87,519.04
23,OK,89,-59,1047,1047,507.51,416.24,703.24,408.16,620.29,516.63
24,OK,83,-66,1058,1058,507.77,415.86,705.55,407.31,618.89,515.7
25,OK,84,-64,1057,1057,507.69,416.71,705.09,406.73,619.44,518.06
26,OK,86,-59,1050,1050,506.96,417.46,703.01,406.33,618.98,520.83
27,OK,86,-59,1047,1047,504.56,416.99,700.01,404.09,617.11,519.37
28,OK,84,-60,1053,1053,504.31,417.7,700.84,405.84,617.88,520.75
29,OK,81,-64,1056,1056,503.65,416.51,700.71,404.1,617.76,519.56
30,OK,81,-63,1058,1058,504.32,417.8,701.8,405.78,617.88,521.42
31,OK,84,-64,1061,1061,507.79,418.89,706.07,409.96,621.09,518.7
32,OK,86,-57,1056,1056,508.33,420.59,705.48,408.43,623.08,528.91
33,OK,87,-58,1055,1055,508.37,420.11,705.34,409.39,622.01,523.5
34,OK,84,-63,1067,1067,509.78,421.39,709.09,413.35,625.23,522.74
35,OK,85,-61,1066,1066,509.93,423.93,709.0,414.01,627.43,525.5
36,OK,83,-60,1066,1066,507.25,425.26,706.24,412.3,625.96,528.97
37,OK,78,-62,1074,1074,506.58,424.86,707.2,414.36,624.69,531.56
38,OK,79,-61,1072,1072,507.36,423.07,707.69,415.19,624.41,532.16
39,OK,87,-58,1060,1060,510.71,424.58,708.85,417.01,625.15,523.33
40,OK,90,-57,1058,1058,511.59,424.82,709.25,415.07,627.93,525.04
41,OK,86,-53,1058,1058,507.98,424.5,705.47,413.71,623.7,533.01
42,OK,82,-60,1068,1068,507.91,423.32,707.45,414.17,624.66,531.09
43,OK,80,-59,1071,1071,507.43,423.66,707.47,415.22,623.79,533.15
44,OK,76,-63,1076,1076,506.02,424.0,707.15,415.57,623.3,531.54
45,OK,79,-62,1070,1070,507.13,421.68,707.15,415.48,621.05,528.35
46,OK,73,-68,1085,1085,505.4,423.53,708.19,414.42,623.23,530.79
47,OK,80,-60,1069,1069,505.9,423.27,705.63,413.17,622.24,531.05
48,OK,76,-62,1075,1075,505.28,422.88,706.18,413.95,621.04,531.97
49,OK,79,-63,1075,1075,507.6,423.55,708.37,413.93,624.54,529.85
50,OK,83,-57,1065,1065,508.09,422.05,707.07,413.2,622.94,532.56
51,OK,77,-60,1065,1065,503.46,432.07,702.08,416.93,616.88,519.69
52,OK,70,-57,1073,1073,499.57,439.6,699.16,418.18,614.07,529.3
53,OK,66,-63,1082,1082,499.02,439.5,700.15,417.16,615.67,528.82
54,OK,89,-45,1061,1061,509.05,448.07,705.33,419.07,631.6,538.07
55,OK,86,-38,1065,1065,508.04,455.17,704.92,425.6,630.34,548.77
56,OK,78,-26,1065,1065,501.73,465.83,698.91,437.96,621.04,561.48
57,OK,32,-21,1092,1092,471.12,476.04,674.02,452.43,583.76,586.57
58,OK,25,0,1066,1066,453.52,483.12,650.98,455.21,565.71,598.15
59,OK,1,-4,1071,1071,430.54,485.95,627.78,450.56,543.17,595.14
60,OK,-12,0,1080,1080,421.88,493.84,619.97,454.73,536.55,606.04
61,OK,-8,-9,1078,1078,423.09,490.94,620.12,447.79,541.06,592.08
62,OK,13,13,1041,1041,430.59,491.72,620.8,449.99,542.03,595.83
63,OK,13,-5,1054,1054,433.91,481.31,626.74,440.03,550.39,584.18
64,OK,12,-8,1058,1058,435.71,481.36,629.2,439.63,549.84,582.07
65,OK,22,0,1045,1045,440.33,485.09,630.92,441.82,554.33,581.25
66,OK,22,-3,1057,1057,444.96,483.48,639.05,446.44,558.69,585.89
67,OK,23,-5,1062,1062,447.56,484.5,642.44,446.53,563.97,587.29
68,OK,22,-5,1064,1064,446.54,484.28,642.21,447.9,564.2,589.44
69,OK,10,-13,1070,1070,438.44,480.78,634.85,442.07,554.64,583.36
70,OK,10,5,1052,1052,431.9,489.48,624.37,448.99,543.98,594.07
71,OK,-1,-3,1068,1068,428.44,484.15,625.35,450.3,539.85,595.62
72,OK,5,2,1062,1062,432.08,487.09,627.38,450.93,543.46,598.76
73,OK,-4,-11,1086,1086,431.86,484.65,631.5,447.54,547.26,599.41
74,OK,13,-9,1075,1075,444.42,475.44,643.39,446.63,557.77,595.04
75,OK,21,-19,1068,1068,449.71,465.7,647.76,439.39,562.31,579.03
76,OK,28,-21,1077,1077,459.46,462.19,659.57,439.8,573.29,583.67
77,OK,37,-26,1068,1068,466.1,452.02,665.21,435.84,576.52,572.99
78,OK,44,-29,1070,1070,473.26,449.96,672.85,436.71,585.17,569.98
79,OK,48,-26,1064,1064,474.18,450.7,672.55,435.75,587.29,569.5
80,OK,42,-29,1074,1074,473.94,449.75,674.51,438.09,584.39,572.13
81,OK,58,-19,1041,1041,474.34,449.23,668.39,432.44,584.75,561.74
82,OK,64,-21,1042,1042,479.37,450.99,673.16,431.1,594.31,560.57
83,OK,61,-25,1049,1049,481.31,446.83,676.75,429.58,592.81,560.15
84,OK,57,-36,1059,1059,481.59,445.26,678.95,427.57,592.12,549.72
85,OK,75,-25,1032,1032,488.84,440.43,681.4,426.86,597.86,548.83
86,OK,66,-47,1059,1059,487.34,431.66,684.57,412.71,604.16,542.66
87,OK,67,-39,1039,1039,481.96,431.37,675.33,411.92,594.17,539.31
88,OK,68,-39,1036,1036,482.38,431.3,675.15,411.95,594.53,537.06
89,OK,67,-42,1043,1043,483.46,431.56,677.76,413.29,597.32,536.58
90,OK,67,-45,1034,1034,481.06,428.73,672.84,403.69,592.71,529.05
91,OK,65,-54,1042,1042,482.86,424.66,675.72,396.23,593.95,524.43
92,OK,63,-68,1049,1049,485.83,419.39,680.36,394.58,591.94,506.05
93,OK,65,-82,1056,1056,489.92,414.72,684.87,382.68,600.47,495.25
94,OK,79,-81,1045,1045,498.18,410.73,690.81,377.19,608.59,488.77
95,OK,80,-86,1042,1042,499.18,405.27,691.4,373.48,607.68,481.72
96,OK,86,-85,1036,1036,502.43,406.05,693.89,376.31,610.47,476.7
97,OK,89,-77,1032,1032,503.49,409.11,693.96,378.04,612.18,485.29
98,OK,94,-64,1020,1020,503.92,413.22,692.49,384.36,611.27,493.34
99,OK,89,-62,1025,1025,500.87,417.17,689.97,386.06,608.21,500.18
100,OK,80,-70,1037,1037,497.22,419.58,689.29,392.27,603.81,491.54
101,OK,64,-72,1061,1061,489.41,422.92,684.94,389.46,602.65,510.21
102,OK,65,-63,1051,1051,485.48,425.28,679.53,393.87,598.17,515.67
103,OK,67,-55,1035,1035,482.57,424.49,674.01,395.6,591.54,515.19
104,OK,67,-45,1026,1026,478.86,426.88,669.16,401.69,587.08,522.89
105,OK,63,-46,1029,1029,476.91,426.94,668.14,404.51,583.04,520.55
106,OK,66,-50,1033,1033,480.49,425.68,672.33,402.57,588.58,519.8
107,OK,60,-64,1053,1053,482.37,425.04,677.62,399.12,593.26,513.83
108,OK,64,-61,1044,1044,484.16,422.54,677.67,395.9,592.97,513.26
109,OK,72,-55,1037,1037,487.0,425.38,678.51,395.25,599.23,516.94
110,OK,69,-60,1045,1045,486.09,424.33,679.3,395.19,599.43,516.09
111,OK,74,-57,1038,1038,488.41,425.1,680.66,398.15,602.04,513.46
112,OK,72,-56,1040,1040,488.2,425.9,681.4,402.62,600.44,513.92
113,OK,68,-55,1036,1036,484.12,427.29,676.34,403.27,593.39,511.87
114,OK,67,-57,1039,1039,483.72,427.78,676.31,402.16,592.68,510.58
115,OK,63,-52,1039,1039,479.53,429.94,672.02,402.8,589.42,518.92
116,OK,70,-45,1024,1024,480.43,429.0,670.23,403.65,589.76,518.46
117,OK,64,-46,1037,1037,478.72,430.34,671.11,405.31,589.95,526.32
118,OK,70,-42,1036,1036,483.53,431.68,676.07,409.54,597.46,532.28
119,OK,69,-34,1034,1034,482.09,435.09,674.45,414.35,594.99,541.43
120,OK,68,-29,1032,1032,481.87,436.46,674.27,422.12,590.96,546.66
121,OK,57,-39,1057,1057,480.53,437.06,677.68,422.63,591.72,548.34
122,OK,49,-45,1066,1066,478.08,437.19,676.83,422.4,587.74,547.58
123,OK,57,-40,1056,1056,480.47,436.87,677.44,422.17,591.62,547.81
124,OK,61,-42,1058,1058,483.41,438.6,680.39,420.06,598.63,546.6
125,OK,71,-36,1044,1044,488.67,435.71,683.5,422.21,600.51,543.62
126,OK,66,-37,1050,1050,485.85,438.44,681.33,420.21,599.62,547.02
127,OK,67,-43,1052,1052,486.75,436.26,682.16,413.72,602.01,541.96
128,OK,73,-47,1051,1051,492.52,433.44,687.78,411.12,605.93,534.21
129,OK,72,-52,1059,1059,493.5,436.39,689.94,410.66,612.19,531.15
130,OK,65,-57,1066,1066,489.55,436.65,686.59,406.52,609.27,531.25
131,OK,65,-57,1052,1052,483.85,431.69,677.94,398.97,601.93,524.42
132,OK,75,-47,1031,1031,484.35,427.94,674.68,396.68,601.02,525.09
133,OK,68,-59,1031,1031,481.28,418.88,672.71,395.35,589.09,506.74
134,OK,70,-52,1006,1006,474.37,414.09,660.98,389.94,578.47,501.8
135,OK,76,-61,1021,1021,484.55,407.24,674.67,389.19,593.54,501.48
136,OK,93,-47,1004,1004,494.1,413.64,680.13,388.59,603.71,510.62
137,OK,135,-30,959,959,516.08,412.27,693.65,387.25,623.76,499.91
138,OK,140,-47,968,968,524.44,400.9,704.16,379.34,634.82,485.67
139,OK,132,-62,990,990,527.77,393.78,712.57,383.11,634.63,477.92
140,OK,120,-50,991,991,521.61,399.77,707.0,397.86,616.78,492.74
141,OK,118,-29,964,964,513.16,408.21,693.32,403.03,597.0,500.89
142,OK,121,-14,960,960,513.68,414.13,693.19,412.86,598.83,519.91
143,OK,118,-17,967,967,513.5,417.9,694.42,415.88,599.57,516.81
144,OK,117,-24,973,973,514.74,417.07,696.74,414.39,600.43,510.22
145,OK,117,-26,980,980,518.19,416.83,701.49,416.61,604.44,511.97
146,OK,123,-23,969,969,520.4,412.26,701.65,417.32,603.58,508.91
147,OK,116,-21,978,978,518.78,417.37,701.57,422.22,600.39,518.17
148,OK,120,-18,968,968,518.17,417.32,699.1,420.77,599.99,514.57
149,OK,121,-15,971,971,519.33,419.95,700.98,422.04,603.28,519.23
150,OK,129,-8,951,951,518.72,417.06,696.4,423.09,601.33,514.68
151,OK,120,-19,980,980,520.77,420.4,703.97,423.0,609.01,521.75
152,OK,116,-25,988,988,519.16,419.95,703.93,419.61,609.81,518.77
153,OK,112,-27,989,989,517.85,417.6,702.71,420.61,602.65,516.06
154,OK,127,-14,970,970,524.87,418.42,706.32,423.04,609.16,522.66
155,OK,116,-37,999,999,522.48,413.88,709.35,417.07,614.13,509.96
156,OK,121,-34,1004,1004,525.94,422.4,713.54,414.91,627.76,518.85
157,OK,124,-28,1005,1005,526.6,427.63,714.07,415.21,631.95,527.23
158,OK,106,-38,1045,1045,524.33,432.45,719.22,417.21,636.06,544.32
159,OK,122,-24,1015,1015,530.37,423.23,720.15,420.28,633.98,544.85
160,OK,124,-33,1023,1023,532.88,419.8,724.22,416.0,641.62,538.34
161,OK,125,-40,1028,1028,537.51,414.71,729.75,415.83,644.86,533.76
162,OK,128,-38,1016,1016,537.04,414.73,727.07,413.99,641.58,526.37
163,OK,127,-42,1019,1019,536.19,412.88,726.86,411.87,640.5,523.26
164,OK,135,-27,1003,1003,538.51,417.19,726.13,416.98,641.46,531.81
165,OK,127,-28,1014,1014,535.18,419.55,724.88,419.48,638.44,540.26
166,OK,125,-24,1015,1015,532.8,422.99,722.57,421.62,638.25,545.22
167,OK,119,-28,1025,1025,530.69,423.28,722.35,421.6,636.47,546.6
168,OK,123,-24,1016,1016,530.31,425.3,720.32,420.81,638.03,545.31
169,OK,118,-26,1022,1022,528.45,424.73,719.49,422.3,634.33,546.5
170,OK,120,-28,1020,1020,527.62,428.9,718.15,419.9,637.3,540.97
171,OK,116,-30,1024,1024,525.95,428.85,717.41,421.24,635.47,539.41
172,OK,113,-35,1027,1027,523.99,427.12,715.9,419.25,632.63,533.55
173,OK,111,-32,1026,1026,523.85,427.02,715.61,420.79,629.89,538.27
174,OK,107,-36,1039,1039,523.48,428.69,717.76,421.73,632.28,542.46
175,OK,110,-33,1036,1036,525.92,428.17,719.58,424.69,634.01,544.6
176,OK,114,-28,1027,1027,526.81,427.51,718.8,425.79,632.82,544.95
177,OK,116,-28,1029,1029,528.9,427.56,721.27,426.68,636.02,545.51
178,OK,108,-32,1042,1042,527.2,429.3,722.16,428.9,634.92,550.58
179,OK,109,-30,1040,1040,528.05,428.49,722.58,430.54,633.83,552.01
180,OK,110,-32,1042,1042,528.74,428.46,723.54,428.63,636.79,549.89
181,OK,105,-32,1048,1048,527.01,429.53,723.04,431.25,633.69,554.92
182,OK,106,-31,1047,1047,527.84,429.01,723.67,432.13,634.03,555.05
183,OK,116,-24,1039,1039,531.15,434.74,725.5,432.66,641.7,557.73
184,OK,117,-25,1033,1033,530.14,432.48,723.29,430.09,639.34,551.41
185,OK,122,-22,1022,1022,531.39,432.59,722.5,429.34,639.41,548.72
186,OK,117,-24,1029,1029,530.02,434.28,722.39,430.51,637.1,549.17
187,OK,125,-21,1017,1017,532.09,432.12,722.32,427.44,639.9,544.88
188,OK,119,-19,1025,1025,528.52,436.5,720.0,429.0,638.23,554.7
189,OK,116,-21,1032,1032,528.58,438.0,721.48,430.07,640.76,557.86
190,OK,118,-25,1030,1030,529.51,434.28,721.97,427.63,640.95,550.36
191,OK,116,-23,1031,1031,527.53,436.61,720.24,428.48,638.18,553.36
192,OK,123,-13,1016,1016,530.27,436.45,720.1,430.14,638.44,557.34
193,OK,115,-23,1034,1034,529.41,434.24,722.75,430.89,638.0,556.49
194,OK,119,-22,1030,1030,531.44,434.49,723.99,430.63,640.97,555.26
195,OK,126,-16,1013,1013,532.45,432.88,721.9,429.1,638.63,550.69
196,OK,116,-24,1035,1035,529.8,435.32,723.3,428.39,641.14,554.24
197,OK,113,-31,1043,1043,529.12,433.88,724.07,426.69,642.69,549.83
198,OK,115,-26,1033,1033,528.06,434.02,721.14,429.33,638.94,549.71
199,OK,112,-29,1028,1028,523.64,439.18,715.44,426.39,633.58,537.39
200,OK,117,-26,1019,1019,524.08,437.66,714.15,423.71,633.98,536.2
201,OK,105,-31,1019,1019,514.32,429.43,704.77,423.07,619.41,531.49
202,OK,77,-52,1056,1056,502.44,430.95,699.52,418.41,609.82,528.94
203,OK,55,-49,1074,1074,492.22,433.75,692.94,428.4,591.98,546.7
204,OK,34,-34,1070,1070,472.24,446.53,672.13,437.36,566.36,560.23
205,OK,29,-17,1078,1078,469.49,465.82,670.63,453.14,567.34,585.82
206,OK,55,30,1011,1011,468.1,484.11,656.52,468.19,558.28,595.83
207,OK,32,57,1030,1030,455.3,514.5,647.16,496.91,544.23,638.99
208,OK,33,81,1022,1022,448.43,538.03,636.93,506.41,546.7,663.03
209,OK,31,110,999,999,437.99,557.73,621.15,520.54,532.38,679.07
210,OK,27,110,1006,1006,436.09,563.82,620.65,527.15,533.3,680.7
211,OK,15,114,1004,1004,424.94,566.54,609.28,531.21,517.63,685.12
212,OK,11,110,1012,1012,424.55,566.12,611.25,535.29,517.86,681.99
213,OK,12,120,1007,1007,422.46,571.52,608.23,540.66,515.93,690.54
214,OK,5,114,1018,1018,421.02,572.7,608.9,541.99,513.81,690.52
215,OK,10,117,1010,1010,422.16,573.0,608.45,541.59,514.7,686.8
216,OK,12,119,1010,1010,424.34,573.19,610.76,542.75,518.31,690.42
217,OK,11,113,1021,1021,426.28,572.43,614.56,540.73,523.07,690.97
218,OK,14,106,1027,1027,429.7,569.09,619.17,536.99,530.79,686.43
219,OK,15,110,1018,1018,428.29,570.2,615.91,537.78,526.79,684.96
220,OK,17,120,1007,1007,426.68,570.27,612.65,540.8,520.69,691.4
221,OK,15,117,1010,1010,426.06,571.12,612.24,539.23,522.24,690.17
222,OK,13,115,1014,1014,424.95,570.01,611.94,538.29,522.01,691.33
223,OK,15,118,1011,1011,425.11,570.76,611.51,538.9,521.73,691.29
224,OK,20,122,1005,1005,427.9,572.71,613.06,540.1,524.8,693.38
225,OK,19,118,1008,1008,428.57,571.92,614.37,540.2,526.33,688.76
226,OK,15,115,1016,1016,426.52,572.5,613.44,538.06,526.09,691.74
227,OK,14,113,1020,1020,426.96,572.1,614.68,538.24,528.7,690.87
228,OK,12,110,1024,1024,426.52,572.35,614.96,538.11,528.81,690.29
229,OK,14,113,1021,1021,427.02,572.51,614.97,539.13,528.48,690.23
230,OK,11,113,1024,1024,425.85,573.11,614.41,539.96,526.52,694.52
231,OK,12,109,1027,1027,426.82,572.37,615.95,538.77,528.75,688.91
232,OK,13,111,1024,1024,428.47,571.82,617.34,540.39,528.2,691.23
233,OK,16,113,1021,1021,428.72,572.32,617.12,540.84,529.23,690.89
234,OK,17,113,1014,1014,428.37,570.83,615.42,539.63,526.78,686.24
235,OK,18,113,1016,1016,429.81,572.42,616.92,539.27,530.31,688.0
236,OK,18,116,1015,1015,429.07,573.9,616.03,540.52,529.21,690.37
237,OK,19,118,1013,1013,428.94,573.97,615.61,541.18,528.3,691.35
238,OK,19,109,1021,1021,431.84,574.25,619.35,538.33,533.15,682.98
239,OK,21,112,1017,1017,432.16,573.98,618.78,537.17,533.73,685.97
240,OK,17,109,1025,1025,431.32,572.94,619.94,538.37,533.61,688.22
241,OK,19,111,1023,1023,432.21,573.15,620.32,537.95,534.57,688.57
242,OK,18,111,1023,1023,430.38,575.13,617.92,537.33,533.89,689.62
243,OK,21,112,1019,1019,431.63,574.75,617.78,533.88,536.03,688.2
244,OK,19,107,1025,1025,431.27,574.42,618.69,533.74,537.56,685.76
245,OK,19,109,1023,1023,431.68,574.6,618.29,532.77,536.41,687.3
246,OK,17,107,1020,1020,429.91,571.74,616.43,531.75,532.33,682.89
247,OK,15,103,1023,1023,429.13,569.26,616.24,529.17,530.26,679.09
248,OK,12,99,1028,1028,428.88,568.41,617.22,529.73,530.9,678.33
249,OK,16,107,1021,1021,428.63,572.19,615.33,532.22,530.09,683.42
250,OK,20,108,1017,1017,430.65,571.71,616.03,528.89,533.83,682.21
251,OK,20,106,1015,1015,431.46,570.35,616.43,528.05,531.64,678.47
252,OK,23,114,1001,1001,429.39,569.93,611.86,527.76,525.6,680.61
253,OK,22,117,1001,1001,428.62,570.74,610.98,528.25,524.9,685.99
254,OK,14,110,1016,1016,427.89,570.95,613.2,528.63,524.45,686.48
255,OK,18,112,1016,1016,430.57,571.66,615.9,529.29,529.03,690.24
256,OK,18,109,1021,1021,430.85,569.86,616.64,525.82,532.65,691.19
257,OK,12,109,1024,1024,429.01,570.19,615.76,527.96,526.87,693.59
258,OK,17,110,1020,1020,431.28,570.32,617.21,527.44,530.08,692.71
259,OK,12,105,1030,1030,430.13,569.39,617.97,526.42,530.72,692.33
260,OK,15,109,1022,1022,430.13,569.88,616.69,528.16,529.56,691.18
261,OK,17,111,1016,1016,429.52,570.27,615.11,529.4,528.78,689.2
262,OK,16,104,1024,1024,430.49,569.94,616.94,526.48,534.0,685.22
263,OK,17,104,1021,1021,430.04,568.71,616.32,526.65,531.11,682.1
264,OK,17,102,1024,1024,431.52,568.2,618.41,526.58,534.03,681.78
265,OK,24,112,1013,1013,432.82,570.31,617.88,529.36,535.7,687.26
266,OK,13,101,1030,1030,430.22,570.89,618.39,530.07,533.67,682.18
267,OK,20,107,1017,1017,431.23,571.91,616.89,530.19,533.55,680.8
268,OK,14,100,1033,1033,430.71,569.75,618.92,526.43,536.31,685.81
269,OK,22,106,1025,1025,434.29,566.37,621.71,525.79,541.0,690.11
270,OK,21,105,1023,1023,433.21,564.84,620.2,524.08,539.12,688.0
271,OK,23,107,1019,1019,433.69,564.83,620.13,524.93,538.12,688.62
272,OK,16,103,1026,1026,430.91,564.12,618.55,524.36,534.47,688.32
273,OK,21,107,1014,1014,430.94,565.33,615.92,523.83,533.5,685.27
274,OK,17,100,1024,1024,430.33,564.07,616.73,519.9,535.08,682.05
275,OK,18,99,1033,1033,433.35,566.13,621.22,520.83,541.5,687.4
276,OK,20,98,1034,1034,435.66,567.14,623.47,520.96,545.26,686.75
277,OK,20,104,1027,1027,433.77,566.55,621.03,523.88,539.28,689.62
278,OK,20,104,1026,1026,434.05,565.95,621.44,524.6,539.6,689.28
279,OK,18,96,1032,1032,433.87,562.42,622.55,521.46,540.37,683.31
280,OK,23,105,1018,1018,434.28,562.88,620.39,522.84,536.68,686.35
281,OK,17,95,1034,1034,434.19,563.94,622.84,521.79,539.62,681.27
282,OK,18,94,1031,1031,434.59,564.25,622.55,520.92,539.3,675.71
283,OK,21,96,1027,1027,435.79,562.53,623.34,520.9,539.57,677.84
284,OK,18,96,1030,1030,434.71,561.53,622.98,521.06,537.57,680.85
285,OK,14,90,1035,1035,432.28,559.74,620.94,516.8,535.99,676.32
286,OK,12,83,1042,1042,433.4,558.32,623.76,516.17,539.42,671.9
287,OK,12,85,1038,1038,431.01,558.0,619.8,512.75,537.43,674.22
288,OK,15,90,1029,1029,430.51,559.76,617.12,512.95,534.32,673.0
289,OK,18,88,1033,1033,434.29,558.99,622.45,515.55,540.42,671.1
290,OK,15,88,1031,1031,432.72,555.42,620.86,512.8,534.72,673.33
291,OK,-2,74,1062,1062,428.54,554.5,622.42,511.23,534.25,678.15
292,OK,-1,72,1061,1061,427.82,551.93,621.57,509.43,534.31,674.75
293,OK,-1,70,1061,1061,427.24,552.89,620.48,507.97,534.51,670.15
294,OK,-5,71,1066,1066,427.82,552.01,622.98,510.96,531.16,677.63
295,OK,0,72,1064,1064,430.8,555.85,624.93,511.86,537.68,675.68
296,OK,5,73,1059,1059,433.5,552.1,627.79,513.84,537.65,672.21
297,OK,8,75,1056,1056,435.15,553.77,628.55,513.73,541.0,672.67
298,OK,10,73,1049,1049,434.69,546.86,627.39,509.62,537.77,666.93
299,OK,-3,55,1071,1071,430.79,540.43,627.21,501.57,536.79,660.57
300,OK,-3,45,1076,1076,431.67,533.86,628.96,493.83,541.62,652.93
301,OK,-10,43,1085,1085,427.26,533.54,626.74,495.85,537.68,656.59
302,OK,-12,42,1086,1086,427.4,531.47,627.31,495.48,535.2,657.26
303,OK,-15,47,1085,1085,425.35,533.96,625.07,497.79,529.66,663.98
304,OK,-12,49,1081,1081,425.82,534.14,624.39,496.1,532.15,663.03
305,OK,-16,47,1090,1090,425.85,536.03,626.39,499.2,532.49,667.24
306,OK,-13,48,1084,1084,426.71,535.18,626.37,499.91,532.15,664.2
307,OK,-10,58,1070,1070,425.63,537.28,623.03,504.59,527.16,665.4
308,OK,-11,61,1075,1075,424.74,541.44,622.68,505.99,528.98,673.98
309,OK,-10,56,1081,1081,427.93,540.29,626.91,504.12,534.24,670.02
310,OK,-6,65,1069,1069,427.73,540.43,624.81,506.7,530.69,674.95
311,OK,-3,72,1060,1060,427.45,544.47,623.0,511.75,528.78,677.42
312,OK,7,85,1038,1038,428.98,547.27,620.24,514.03,528.81,679.15
313,OK,7,88,1031,1031,425.16,548.18,615.21,515.33,524.07,675.11
314,OK,1,80,1043,1043,423.47,545.85,615.74,513.3,524.71,672.49
315,OK,4,78,1036,1036,425.74,545.48,616.4,510.82,524.4,664.47
316,OK,4,82,1037,1037,423.98,550.7,614.37,513.35,525.99,669.01
317,OK,5,87,1035,1035,424.59,551.97,614.88,516.63,525.24,674.87
318,OK,9,92,1035,1035,427.33,553.35,618.26,521.01,530.79,681.44
319,OK,8,90,1032,1032,426.49,554.21,616.02,517.57,526.8,677.19
320,OK,11,98,1027,1027,427.29,555.47,616.31,521.59,527.13,683.55
321,OK,14,100,1025,1025,428.85,556.81,617.86,524.27,529.58,683.56
322,OK,9,99,1029,1029,426.24,557.97,616.28,527.47,525.49,685.03
323,OK,3,98,1032,1032,423.38,556.79,613.93,526.09,521.11,688.17
324,OK,7,104,1022,1022,423.28,559.82,612.0,529.48,519.27,686.84
325,OK,7,105,1024,1024,424.34,560.62,613.52,530.32,520.31,688.67
326,OK,3,101,1030,1030,423.33,559.93,614.06,532.39,518.21,686.5
327,OK,0,99,1031,1031,420.51,559.75,610.82,528.86,516.15,683.85
328,OK,5,106,1027,1027,422.61,566.18,611.61,531.92,520.48,689.72
329,OK,7,115,1024,1024,425.02,571.61,613.96,539.99,519.33,698.36
330,OK,4,107,1039,1039,426.2,573.16,617.46,539.31,524.82,697.53
331,OK,20,122,1014,1014,432.74,577.33,619.77,545.41,528.93,697.29
332,OK,10,109,1043,1043,433.01,573.06,625.48,541.27,534.26,703.94
333,OK,10,104,1052,1052,435.87,573.66,629.92,540.73,539.58,704.33
334,OK,8,95,1068,1068,439.09,572.84,635.91,538.57,547.4,703.93
335,OK,1,95,1072,1072,434.99,571.81,633.02,540.63,541.72,707.09
336,OK,12,112,1041,1041,434.26,573.48,626.86,545.14,533.59,706.3
337,OK,8,122,1035,1035,429.57,580.86,620.93,551.41,525.68,712.5
338,OK,9,124,1018,1018,425.96,581.22,613.28,547.38,518.2,703.07
339,OK,8,118,1022,1022,425.27,579.78,613.06,544.5,520.1,696.7
340,OK,-1,114,1029,1029,419.96,576.45,609.28,541.94,513.16,697.65
341,OK,3,110,1036,1036,425.24,575.47,616.3,543.2,523.12,698.08
342,OK,6,112,1039,1039,427.7,577.67,619.23,544.88,528.48,702.27
343,OK,6,101,1045,1045,429.21,572.74,622.09,541.53,531.73,689.46
344,OK,7,99,1050,1050,432.33,569.39,626.71,541.47,536.21,692.79
345,OK,15,101,1034,1034,433.41,569.64,623.91,536.8,535.43,683.43
346,OK,16,111,1026,1026,432.57,573.34,621.24,538.66,532.57,693.73
347,OK,16,115,1023,1023,431.72,572.77,619.95,538.65,529.92,696.45
348,OK,15,113,1024,1024,431.65,572.85,620.39,539.82,529.5,694.39
349,OK,18,113,1024,1024,433.76,572.31,622.73,541.05,532.36,693.49
350,OK,17,111,1028,1028,433.24,573.19,622.73,540.71,534.22,694.53
351,OK,11,106,1039,1039,431.52,572.1,622.78,537.31,533.61,696.12
352,OK,12,106,1038,1038,432.51,572.28,623.36,537.17,535.07,695.81
353,OK,13,108,1039,1039,432.92,572.84,623.98,536.98,536.25,699.23
354,OK,16,108,1033,1033,434.39,570.18,624.92,538.33,535.42,694.16
355,OK,26,114,1009,1009,434.83,569.55,620.32,534.54,533.52,684.37
356,OK,23,113,1015,1015,433.68,569.4,620.16,533.84,533.72,688.62
357,OK,12,101,1031,1031,429.94,568.88,619.63,534.32,529.43,682.36
358,OK,11,98,1030,1030,428.97,566.8,618.55,532.27,528.42,676.56
359,OK,6,90,1044,1044,428.74,564.95,621.12,531.02,531.48,676.83
360,OK,9,99,1040,1040,429.81,568.64,621.56,535.45,533.22,687.41
361,OK,13,101,1032,1032,431.51,568.07,621.56,534.67,531.54,683.64
362,OK,16,100,1030,1030,433.24,567.26,622.8,533.06,534.06,681.54
363,OK,17,100,1025,1025,433.62,565.8,622.21,531.78,531.6,675.78
364,OK,19,103,1020,1020,433.64,567.34,621.03,531.95,531.6,677.82
365,OK,21,106,1016,1016,433.26,568.67,619.59,530.96,532.17,678.36
366,OK,11,105,1036,1036,432.24,569.9,623.35,537.9,531.68,693.02
367,OK,22,114,1019,1019,434.34,571.03,621.99,537.65,534.28,693.09
368,OK,17,98,1035,1035,435.93,567.37,626.85,535.36,538.19,679.55
369,OK,14,91,1046,1046,436.4,566.96,628.54,529.96,542.16,680.71
370,OK,19,96,1046,1046,440.48,568.23,632.51,531.19,548.66,689.95
371,OK,18,94,1048,1048,440.7,568.03,633.21,530.88,548.82,687.32
372,OK,14,95,1051,1051,437.47,565.23,631.0,530.61,544.45,692.34
373,OK,4,88,1063,1063,434.3,561.08,630.92,531.68,539.26,693.52
374,OK,10,85,1051,1051,435.0,553.92,629.28,524.16,539.33,681.25
375,OK,2,78,1070,1070,433.17,559.21,630.68,526.84,543.32,683.53
376,OK,-3,70,1070,1070,429.03,553.9,626.02,518.29,537.43,675.82
377,OK,-6,72,1071,1071,426.63,550.19,624.18,517.17,533.05,680.69
378,OK,-11,61,1082,1082,425.71,548.5,625.02,513.62,535.27,674.65
379,OK,-10,64,1082,1082,426.28,550.36,625.56,514.96,536.41,678.1
380,OK,-1,79,1064,1064,429.89,556.48,626.05,522.85,535.56,684.16
381,OK,-12,68,1082,1082,425.98,552.2,625.19,516.44,532.91,684.16
382,OK,-6,76,1069,1069,428.36,551.59,626.01,522.14,530.68,684.62
383,OK,-11,64,1088,1088,430.91,548.2,632.62,522.11,535.26,681.93
384,OK,-5,85,1060,1060,427.44,554.12,624.02,528.55,525.4,688.89
385,OK,-3,80,1068,1068,430.13,553.58,628.1,527.14,532.92,688.51
386,OK,0,81,1064,1064,432.58,553.01,629.97,527.3,532.77,687.6
387,OK,-2,83,1071,1071,433.18,554.44,632.04,530.95,534.04,695.02
388,OK,-1,90,1062,1062,432.25,555.52,629.69,533.06,529.83,699.66
389,OK,0,95,1056,1056,431.43,557.08,627.7,535.86,526.77,700.8
390,OK,-5,85,1069,1069,431.59,554.67,630.39,533.49,528.94,695.0
391,OK,-4,88,1065,1065,430.5,556.05,628.41,534.13,527.31,694.99
392,OK,18,119,1017,1017,433.7,566.48,622.86,545.96,525.31,699.56
393,OK,6,102,1044,1044,432.38,560.26,626.39,538.99,527.15,699.77
394,OK,-1,88,1058,1058,430.2,556.17,626.93,535.0,527.98,689.82
395,OK,1,101,1040,1040,427.33,558.29,620.97,539.3,518.61,693.64
396,OK,5,106,1028,1028,426.35,559.76,617.31,537.47,517.57,693.15
397,OK,6,94,1035,1035,427.08,561.38,619.13,536.54,524.31,673.83
398,OK,-1,94,1052,1052,428.33,563.94,624.2,544.57,524.77,686.29
399,OK,10,95,1049,1049,435.45,559.83,630.95,542.95,535.08,686.71
400,OK,14,103,1032,1032,433.63,560.11,625.43,538.94,531.85,689.01
401,OK,17,109,1025,1025,433.43,564.29,623.56,539.67,530.31,690.5
402,OK,13,101,1040,1040,436.06,563.18,629.35,540.7,535.03,690.17
403,OK,18,94,1046,1046,440.98,560.83,635.33,537.73,544.0,685.05
404,OK,21,97,1047,1047,444.14,564.03,638.65,541.2,546.91,689.0
405,OK,26,91,1057,1057,451.05,565.6,647.06,539.42,559.17,686.1
406,OK,33,94,1049,1049,454.37,566.7,648.0,534.69,563.43,686.74
407,OK,26,34,1094,1094,463.65,522.79,666.54,496.74,582.12,653.36
408,OK,41,28,1083,1083,474.01,509.98,675.61,490.26,589.63,639.01
409,OK,58,9,1064,1064,481.68,488.32,679.19,463.45,600.83,606.77
410,OK,58,-8,1068,1068,483.55,472.77,682.0,449.37,603.0,591.07
411,OK,64,-25,1070,1070,490.08,455.83,689.59,440.0,610.12,573.04
412,OK,69,-27,1060,1060,492.36,446.37,690.21,435.27,607.24,566.22
413,OK,65,-33,1060,1060,489.43,443.54,687.24,429.09,603.41,559.2
414,OK,58,-36,1067,1067,486.33,443.14,685.46,428.99,597.73,558.1
415,OK,56,-36,1067,1067,483.5,445.22,682.42,429.66,595.27,557.74
416,OK,51,-35,1071,1071,479.53,449.94,678.73,428.45,593.39,562.49
417,OK,56,-22,1054,1054,479.05,450.09,675.59,434.05,588.92,569.71
418,OK,50,-22,1057,1057,474.58,449.7,671.79,435.21,583.22,570.8
419,OK,44,-27,1068,1068,473.24,452.09,672.14,433.39,584.04,571.54
420,OK,44,-27,1068,1068,473.26,452.86,672.15,433.61,583.63,570.99
421,OK,47,-26,1066,1066,476.77,450.74,675.54,435.71,585.42,572.35
422,OK,51,-23,1061,1061,478.58,451.01,676.51,436.17,586.34,572.36
423,OK,48,-26,1064,1064,476.92,450.87,675.27,435.77,585.39,569.94
424,OK,43,-27,1069,1069,472.73,453.55,671.73,434.75,582.55,570.92
425,OK,47,-25,1065,1065,474.51,452.65,673.07,436.06,585.39,570.08
426,OK,57,-20,1050,1050,478.49,449.42,674.34,434.89,589.1,568.57
427,OK,61,-18,1046,1046,480.9,447.89,676.16,437.21,589.81,568.36
428,OK,61,-18,1047,1047,481.3,446.52,676.81,437.19,589.63,569.06
429,OK,59,-17,1043,1043,478.47,447.63,673.17,435.06,585.65,567.5
430,OK,56,-20,1046,1046,477.59,448.22,672.72,434.37,584.1,566.3
431,OK,56,-20,1048,1048,478.56,447.43,674.18,435.25,585.62,567.02
432,OK,55,-20,1048,1048,477.71,446.32,673.33,435.0,584.38,567.94
433,OK,51,-22,1052,1052,475.54,448.11,671.85,435.36,581.83,567.33
434,OK,51,-25,1056,1056,476.99,448.1,673.9,433.4,583.76,566.36
435,OK,41,-35,1072,1072,474.16,445.42,674.37,434.38,579.79,563.26
436,OK,45,-24,1059,1059,472.16,446.87,669.78,433.71,577.21,570.06
437,OK,40,-30,1070,1070,473.44,444.73,673.49,438.33,577.24,569.13
438,OK,37,-29,1069,1069,469.21,445.71,668.87,435.42,574.17,571.28
439,OK,27,-31,1079,1079,461.85,448.49,663.09,433.1,569.96,576.41
440,OK,33,-24,1064,1064,464.02,445.67,662.84,436.69,566.97,576.77
441,OK,36,-24,1060,1060,464.42,446.86,662.26,433.83,569.4,572.85
442,OK,36,-25,1064,1064,466.38,446.59,665.2,436.96,570.86,573.79
443,OK,39,-24,1063,1063,468.76,447.05,667.3,437.74,572.61,572.18
444,OK,44,-23,1057,1057,470.97,445.37,668.5,436.21,574.91,570.89
445,OK,40,-23,1060,1060,469.09,446.68,667.24,437.93,572.59,573.7
446,OK,35,-24,1061,1061,465.6,444.23,663.99,437.39,565.97,572.47
447,OK,39,-21,1053,1053,465.63,444.68,662.38,434.88,566.75,571.29
448,OK,38,-21,1050,1050,464.66,444.27,660.89,435.55,564.27,569.4
449,OK,38,-19,1048,1048,463.61,445.46,659.39,435.67,563.39,570.5
450,OK,38,-19,1051,1051,464.47,444.86,660.8,436.02,565.16,571.98
451,OK,43,-17,1043,1043,465.57,444.41,660.45,434.65,566.31,569.09
452,OK,40,-22,1050,1050,465.41,444.35,661.54,434.66,566.63,568.34
453,OK,38,-21,1052,1052,465.36,444.94,661.97,435.99,565.94,570.42
454,OK,37,-22,1054,1054,464.01,449.98,660.62,436.21,566.32,567.57
455,OK,34,-23,1061,1061,463.68,451.51,661.68,439.53,565.49,568.64
456,OK,41,-22,1048,1048,465.33,443.86,661.06,433.75,566.9,566.73
457,OK,30,-27,1064,1064,461.95,445.86,660.74,435.27,564.04,570.92
458,OK,37,-23,1055,1055,464.21,444.81,661.23,434.57,566.1,568.92
459,OK,34,-25,1056,1056,463.32,443.75,660.66,435.94,562.8,567.66
460,OK,33,-26,1058,1058,462.37,444.21,659.9,434.11,563.28,568.4
461,OK,32,-28,1063,1063,462.29,445.25,660.75,433.97,564.85,567.39
462,OK,39,-21,1051,1051,464.37,445.4,660.57,433.69,566.95,569.99
463,OK,37,-21,1052,1052,463.34,445.43,659.77,434.77,564.66,570.0
464,OK,34,-23,1058,1058,463.53,445.12,661.17,435.84,565.34,572.14
465,OK,36,-24,1057,1057,464.18,444.35,661.66,435.74,565.64,569.69
466,OK,39,-22,1052,1052,465.03,445.52,661.5,434.09,568.44,569.15
467,OK,55,-21,1030,1030,470.08,438.88,662.32,425.89,574.6,557.23
468,OK,58,-27,1019,1019,469.52,433.23,659.53,419.54,569.99,538.37
469,OK,41,-47,1030,1030,461.52,426.02,653.62,411.14,556.01,519.18
470,OK,38,-54,1011,1011,454.3,410.68,642.87,395.71,538.28,500.72
471,OK,17,-78,1041,1041,446.01,400.59,639.99,384.48,531.34,492.33
472,OK,8,-87,1047,1047,440.88,395.7,636.18,380.9,523.93,484.32
473,OK,8,-76,1030,1030,434.68,396.38,626.8,381.59,515.59,489.2
474,OK,7,-70,1023,1023,431.68,399.23,622.25,381.5,510.95,493.38
475,OK,7,-62,1015,1015,428.2,406.61,616.39,381.95,507.03,496.83
476,OK,6,-59,1021,1021,428.1,413.52,616.93,385.69,509.59,502.98
477,OK,24,-37,991,991,433.52,417.6,617.25,392.48,513.22,511.73
478,OK,17,-47,1010,1010,434.21,418.9,621.14,391.88,516.58,510.82
479,OK,13,-48,1016,1016,432.39,420.64,620.38,392.39,516.58,513.85
480,OK,20,-32,996,996,432.26,426.95,616.97,402.13,512.23,519.33
481,OK,26,-20,986,986,434.3,434.88,617.47,413.13,513.6,523.54
482,OK,23,-16,991,991,431.55,440.09,614.79,412.72,514.37,532.06
483,OK,23,-19,993,993,431.92,438.75,615.94,413.5,515.85,529.71
484,OK,18,-11,997,997,428.04,444.85,612.37,417.24,512.75,543.26
485,OK,2,-20,1025,1025,423.27,449.19,613.08,422.65,511.75,548.39
486,OK,-3,-10,1035,1035,421.66,461.11,613.17,433.25,511.74,568.6
487,OK,-7,-1,1032,1032,417.33,466.55,608.31,439.19,505.24,578.67
488,OK,-15,3,1037,1037,412.42,473.61,603.99,443.37,498.95,584.21
489,OK,-20,3,1051,1051,411.49,478.96,606.18,451.62,502.01,590.92
490,OK,-29,-2,1071,1071,409.38,484.21,607.41,453.84,505.13,597.51
491,OK,-36,-6,1076,1076,406.0,485.83,604.44,452.73,499.72,595.07
492,OK,-36,0,1082,1082,408.01,490.49,607.7,457.65,502.83,608.74
493,OK,-23,14,1066,1066,413.84,499.94,610.39,466.06,509.19,611.88
494,OK,-26,14,1069,1069,412.73,500.23,610.05,467.89,506.0,613.84
495,OK,-31,10,1074,1074,410.33,500.74,608.48,468.35,502.65,610.65
496,OK,-23,30,1053,1053,410.02,507.74,604.4,476.04,499.8,620.55
497,OK,-38,16,1078,1078,406.84,498.56,607.45,479.04,495.08,623.02
498,OK,-25,34,1053,1053,408.36,504.49,604.25,484.62,496.97,626.11
499,OK,-40,20,1086,1086,405.22,502.17,607.34,482.3,500.33,635.32
500,OK,-33,6,1091,1091,412.74,499.45,614.98,472.69,511.97,617.31
501,OK,-17,-1,1095,1095,426.1,491.21,628.97,463.76,532.84,616.38
502,OK,-4,-7,1098,1098,439.07,481.29,643.29,459.22,549.55,614.61
503,OK,18,-18,1094,1094,456.43,471.8,659.74,449.49,573.02,598.44
504,OK,13,-27,1104,1104,455.93,468.16,661.44,448.12,571.76,593.62
505,OK,21,-28,1095,1095,459.63,466.94,663.08,444.28,575.15,583.68
506,OK,20,-26,1091,1091,458.09,464.62,661.22,445.05,570.91,584.22
507,OK,18,-26,1093,1093,456.91,464.85,660.37,445.15,570.65,585.38
508,OK,21,-20,1085,1085,455.87,466.97,657.58,445.49,569.83,589.16
509,OK,26,-20,1081,1081,459.53,464.02,660.89,445.57,572.98,586.0
510,OK,22,-26,1080,1080,455.93,459.78,656.6,437.58,569.28,580.19
511,OK,20,-25,1081,1081,455.7,459.39,657.01,441.42,563.87,579.76
512,OK,26,-30,1071,1071,457.82,455.23,657.18,435.03,565.93,565.33
513,OK,26,-19,1064,1064,455.47,461.57,653.51,441.96,562.87,576.13
514,OK,15,-25,1072,1072,447.2,464.24,645.98,437.83,557.01,571.42
515,OK,7,-30,1079,1079,443.27,464.08,643.04,435.06,550.58,568.93
516,OK,-1,-11,1068,1068,432.19,477.29,629.08,443.55,536.99,586.15
517,OK,-12,-21,1077,1077,424.19,473.03,622.37,437.15,529.56,580.51
518,OK,-18,-21,1089,1089,420.3,480.96,619.75,439.28,532.36,586.38
519,OK,-18,-7,1087,1087,418.43,492.41,617.09,449.56,533.12,602.08
520,OK,-24,-3,1080,1080,412.35,493.51,610.02,452.46,522.18,601.26
521,OK,-20,-1,1080,1080,415.52,493.36,614.72,459.63,525.42,601.81
522,OK,-40,6,1089,1089,401.96,505.75,601.63,465.24,507.07,615.16
523,OK,-41,-2,1106,1106,406.4,503.51,610.29,468.26,516.85,616.83
524,OK,-32,3,1084,1084,408.44,495.68,608.99,465.65,512.29,610.16
525,OK,-21,-6,1091,1091,420.05,488.96,622.32,461.91,527.0,603.28
526,OK,-6,1,1085,1085,434.72,484.46,636.62,464.77,538.17,611.73
527,OK,10,-2,1088,1088,451.62,476.36,654.92,467.74,555.45,612.05
528,OK,31,-15,1093,1093,473.15,465.88,677.47,460.71,579.97,599.73
529,OK,47,-16,1098,1098,489.27,464.2,694.52,462.44,600.4,604.58
530,OK,57,-11,1106,1106,503.63,467.16,710.39,471.21,613.13,614.99
531,OK,60,-11,1113,1113,509.29,471.78,717.33,476.64,620.39,616.55
532,OK,66,-7,1110,1110,517.46,473.95,724.7,485.2,622.52,618.15
533,OK,68,-5,1114,1114,521.1,475.03,728.91,489.64,626.34,623.31
534,OK,77,-1,1103,1103,524.55,470.75,730.01,489.51,630.57,620.27
535,OK,70,-11,1111,1111,521.39,461.72,728.07,483.57,626.21,615.58
536,OK,65,-16,1097,1097,511.81,455.16,716.16,473.98,613.61,600.9
537,OK,62,-13,1072,1072,499.56,446.53,698.99,466.45,597.31,591.27
538,OK,56,-8,1068,1068,492.62,450.46,691.68,467.97,588.83,593.84
539,OK,47,-14,1078,1078,487.59,451.38,688.71,466.04,585.04,591.91
540,OK,46,-17,1082,1082,486.21,453.05,688.28,463.59,588.42,591.57
541,OK,54,-14,1076,1076,492.91,453.31,693.52,468.13,592.76,588.24
542,OK,56,-15,1079,1079,496.49,454.74,697.29,473.99,593.39,583.94
543,OK,55,-12,1079,1079,495.24,457.38,696.28,475.69,592.54,587.99
544,OK,53,-7,1080,1080,492.87,462.55,694.38,475.41,592.98,598.61
545,OK,53,-8,1085,1085,493.78,462.87,696.47,471.92,596.73,600.83
546,OK,58,-8,1081,1081,497.54,463.16,699.37,473.56,599.26,597.41
547,OK,55,-14,1088,1088,496.36,461.88,699.74,468.52,600.34,594.92
548,OK,51,-21,1102,1102,498.53,461.2,704.47,466.71,602.54,597.35
549,OK,55,-20,1102,1102,504.24,460.33,710.27,467.4,606.13,598.78
550,OK,57,-20,1101,1101,505.71,464.7,711.62,469.54,605.34,593.25
551,OK,61,-16,1098,1098,506.66,472.19,712.07,471.24,611.26,595.85
552,OK,61,-23,1101,1101,505.24,469.51,711.1,467.17,614.23,587.45
553,OK,59,6,1080,1080,500.02,477.91,702.04,481.94,596.98,613.72
554,OK,66,14,1073,1073,502.2,483.0,702.9,486.53,603.05,616.24
555,OK,55,20,1080,1080,497.23,485.53,698.96,495.23,593.7,630.38
556,OK,54,20,1086,1086,495.53,488.42,698.52,495.79,597.97,635.87
557,OK,53,22,1087,1087,493.71,493.19,696.8,499.74,597.71,635.03
558,OK,53,27,1088,1088,495.45,496.6,698.58,507.93,598.01,641.36
559,OK,23,27,1114,1114,477.32,506.94,685.5,516.73,579.0,657.96
560,OK,22,41,1110,1110,475.4,519.49,682.8,528.18,575.79,668.49
561,OK,15,44,1116,1116,471.2,527.31,679.74,536.93,570.87,672.85
562,OK,8,50,1121,1121,466.1,536.52,675.61,543.28,565.16,681.09
563,OK,-10,45,1144,1144,458.6,543.47,672.46,545.97,560.39,689.72
564,OK,0,57,1125,1125,458.99,550.19,669.35,549.19,560.49,689.77
565,OK,-7,50,1136,1136,455.62,549.31,668.11,545.02,560.88,690.18
566,OK,-6,51,1130,1130,456.66,544.92,668.06,543.49,557.45,688.69
567,OK,9,55,1117,1117,464.68,545.51,673.55,542.25,566.87,682.57
568,OK,34,62,1089,1089,477.58,533.53,681.16,539.83,576.86,676.57
569,OK,38,59,1091,1091,484.36,530.53,688.13,540.44,581.18,674.03
570,OK,40,51,1093,1093,484.24,525.65,688.54,531.07,585.99,667.19
571,OK,35,42,1102,1102,482.82,521.85,688.84,523.8,587.53,664.05
572,OK,48,39,1080,1080,488.29,514.51,690.27,514.38,588.22,644.24
573,OK,71,37,1076,1076,510.85,503.63,711.88,512.02,608.63,643.25
574,OK,70,18,1104,1104,521.53,497.6,727.72,507.06,619.7,639.0
575,OK,72,11,1118,1118,527.56,497.04,736.65,502.31,629.99,640.7
576,OK,74,13,1111,1111,527.62,495.17,735.29,502.54,628.0,638.59
577,OK,69,29,1107,1107,523.3,503.1,729.62,519.72,617.67,653.01
578,OK,71,42,1086,1086,516.25,503.75,718.11,525.81,610.83,655.27
579,OK,57,40,1085,1085,503.57,499.09,705.03,523.11,594.02,653.03
580,OK,53,42,1088,1088,499.57,507.73,702.17,526.35,593.97,655.96
581,OK,54,43,1087,1087,499.32,510.16,701.88,527.44,594.72,655.07
582,OK,66,58,1069,1069,501.87,516.58,701.42,530.04,598.43,661.96
583,OK,59,55,1081,1081,500.33,520.03,702.14,531.04,597.82,664.52
584,OK,63,58,1072,1072,503.04,516.55,703.0,531.38,595.22,665.11
585,OK,64,53,1083,1083,506.0,516.14,707.99,530.75,603.08,666.22
586,OK,60,49,1091,1091,504.85,517.72,708.54,529.51,603.59,665.75
587,OK,67,54,1082,1082,509.96,518.15,711.93,531.35,607.04,665.5
588,OK,67,49,1091,1091,512.2,518.21,715.88,531.18,610.63,663.48
589,OK,69,51,1092,1092,516.46,519.16,720.1,534.13,613.24,667.85
590,OK,81,57,1078,1078,520.8,517.97,721.86,533.78,618.74,666.31
591,OK,86,59,1072,1072,522.52,518.77,722.55,533.22,621.61,664.91
592,OK,82,55,1078,1078,521.3,518.12,722.57,530.89,621.75,664.51
593,OK,80,55,1080,1080,520.75,517.21,722.13,531.99,619.37,666.87
594,OK,87,70,1059,1059,517.34,524.61,715.13,533.61,617.52,670.42
595,OK,87,73,1059,1059,516.83,532.43,714.85,537.42,617.73,670.78
596,OK,81,65,1068,1068,515.9,527.21,715.42,534.74,616.16,667.09
597,OK,77,57,1079,1079,516.33,525.17,717.86,534.66,615.88,663.75
598,OK,79,56,1079,1079,517.53,523.08,719.1,532.91,619.56,662.62
599,OK,78,56,1080,1080,516.68,524.89,718.6,532.55,620.25,663.59
600,OK,73,56,1083,1083,513.23,524.9,715.52,534.45,614.16,666.3
601,OK,72,61,1080,1080,511.86,527.91,713.72,535.91,613.07,670.43
602,OK,74,61,1076,1076,512.02,526.49,713.03,535.76,611.74,668.45
603,OK,66,57,1088,1088,511.02,525.08,714.18,536.69,609.08,671.52
604,OK,67,56,1091,1091,511.57,524.66,715.27,534.84,611.11,673.1
605,OK,67,56,1091,1091,512.65,522.48,716.4,534.55,611.42,674.28
606,OK,67,55,1091,1091,511.98,523.12,715.62,534.71,610.54,672.36
607,OK,68,59,1086,1086,511.5,525.49,714.28,536.63,609.67,674.15
608,OK,70,62,1082,1082,511.07,527.97,713.26,537.0,610.62,674.72
609,OK,68,64,1084,1084,509.15,531.96,711.74,538.31,609.56,677.55
610,OK,65,61,1089,1089,508.85,528.59,712.28,537.06,608.56,677.36
611,OK,66,59,1089,1089,509.28,528.85,712.89,535.97,609.5,675.38
612,OK,66,54,1092,1092,511.48,524.89,715.44,534.52,611.66,671.17
613,OK,71,54,1089,1089,513.47,523.68,716.96,533.94,615.06,668.03
614,OK,70,53,1092,1092,515.49,521.21,719.26,533.97,615.69,671.5
615,OK,73,54,1090,1090,517.42,521.71,720.7,535.92,617.29,669.97
616,OK,71,54,1093,1093,517.6,520.02,721.32,536.06,615.05,672.07
617,OK,61,47,1107,1107,514.76,517.94,721.06,535.78,611.53,673.96
618,OK,67,48,1100,1100,516.83,518.24,721.97,533.95,615.86,670.48
619,OK,70,51,1096,1096,517.71,523.79,722.25,538.39,616.03,668.62
620,OK,67,46,1102,1102,517.36,519.07,722.85,533.76,617.28,667.85
621,OK,65,45,1105,1105,515.53,519.93,721.79,533.75,615.4,668.22
622,OK,62,47,1102,1102,514.0,518.49,719.32,536.22,610.06,669.23
623,OK,62,45,1100,1100,512.9,515.03,717.9,532.25,609.31,667.08
624,OK,59,45,1101,1101,510.72,514.27,715.76,532.17,605.19,667.67
625,OK,61,48,1097,1097,511.18,516.91,715.75,533.29,606.13,668.57
626,OK,61,47,1098,1098,510.61,517.67,715.54,531.53,608.2,668.21
627,OK,62,45,1097,1097,509.61,518.6,714.58,527.53,609.73,663.46
628,OK,65,44,1101,1101,514.11,515.66,719.51,529.77,613.41,665.65
629,OK,68,45,1097,1097,514.82,514.83,719.46,529.11,615.19,665.06
630,OK,65,42,1099,1099,513.98,513.96,719.03,528.78,612.38,661.54
631,OK,63,41,1098,1098,512.68,514.0,717.47,528.57,609.43,660.4
632,OK,65,40,1098,1098,512.7,515.18,717.68,526.17,613.23,658.25
633,OK,71,42,1092,1092,517.11,511.0,720.76,526.61,616.26,658.66
634,OK,72,45,1088,1088,515.69,511.14,718.76,524.73,615.38,660.6
635,OK,71,38,1095,1095,515.47,508.36,720.12,517.67,619.21,657.37
636,OK,64,30,1100,1100,513.18,505.01,718.62,516.04,613.91,650.69
637,OK,74,34,1085,1085,514.29,507.18,717.22,511.55,618.11,642.92
638,OK,84,39,1065,1065,515.48,506.48,714.59,506.55,618.53,636.11
639,OK,87,47,1051,1051,512.87,506.07,709.42,505.78,614.38,639.13
640,OK,69,20,1087,1087,507.1,494.11,710.31,492.94,615.58,633.79
641,OK,59,19,1082,1082,496.75,488.86,699.19,489.01,602.41,632.62
642,OK,54,26,1075,1075,490.01,491.05,691.07,490.62,592.43,635.76
643,OK,50,18,1079,1079,487.65,487.15,689.38,485.69,590.63,628.32
644,OK,41,17,1078,1078,480.46,485.81,682.13,486.11,580.55,626.28
645,OK,43,19,1071,1071,479.71,484.89,680.09,486.95,577.53,622.83
646,OK,41,19,1074,1074,479.05,485.31,679.99,486.69,577.53,627.11
647,OK,32,16,1082,1082,473.98,484.45,676.32,486.73,571.54,629.84
648,OK,44,27,1064,1064,479.06,487.02,678.05,492.12,574.86,630.11
649,OK,47,28,1067,1067,482.37,487.36,681.74,494.27,577.96,631.88
650,OK,43,24,1076,1076,482.41,489.29,683.6,493.33,580.95,634.06
651,OK,47,26,1072,1072,483.71,488.01,684.12,492.84,582.35,633.73
652,OK,49,26,1071,1071,485.17,488.45,685.36,493.71,583.12,632.41
653,OK,49,28,1072,1072,487.71,492.83,687.91,502.4,583.2,631.92
654,OK,43,28,1072,1072,483.21,493.46,683.57,502.42,576.09,630.27
655,OK,34,18,1087,1087,477.6,490.29,680.88,491.4,575.4,631.2
656,OK,32,14,1084,1084,475.56,487.48,678.22,489.07,572.31,625.64
657,OK,41,5,1089,1089,485.15,481.83,688.8,485.99,584.33,615.3
658,OK,44,-13,1088,1088,486.66,463.9,690.21,464.4,588.23,597.94
659,OK,48,-33,1087,1087,490.81,448.3,694.02,447.6,591.19,573.58
660,OK,62,-46,1067,1067,494.96,427.77,694.47,428.47,596.3,547.73
661,OK,72,-62,1059,1059,502.99,411.29,701.08,415.74,601.43,522.11
662,OK,55,-93,1082,1082,496.73,399.9,699.04,403.98,595.31,494.88
663,OK,59,-88,1064,1064,494.35,394.33,693.13,401.82,588.49,491.15
664,OK,58,-82,1054,1054,490.58,391.96,687.34,404.38,582.56,492.47
665,OK,46,-87,1067,1067,481.44,396.63,680.87,402.97,578.28,493.77
666,OK,47,-76,1067,1067,483.16,404.4,682.5,412.28,578.88,506.01
667,OK,60,-62,1053,1053,486.92,412.97,683.83,414.88,586.76,515.34
668,OK,55,-59,1071,1071,490.89,419.33,691.09,424.75,589.49,530.89
669,OK,53,-54,1080,1080,491.05,428.74,693.07,431.44,594.04,542.47
670,OK,59,-34,1071,1071,493.47,438.58,693.75,444.46,594.81,560.87
671,OK,61,-19,1068,1068,494.16,454.56,693.91,456.34,597.72,575.23
672,OK,58,-12,1069,1069,491.46,456.1,691.32,463.61,593.4,584.28
673,OK,47,-14,1082,1082,487.74,462.01,689.88,470.95,588.12,588.99
674,OK,49,11,1074,1074,486.37,477.66,687.08,486.45,585.73,614.1
675,OK,37,4,1089,1089,482.44,478.44,685.9,488.15,578.96,613.11
676,OK,42,15,1083,1083,481.99,484.45,684.48,488.71,583.15,627.01
677,OK,28,6,1107,1107,478.31,486.71,685.27,488.88,580.62,630.91
678,OK,41,18,1080,1080,480.53,489.08,682.4,492.72,580.68,625.23
679,OK,35,13,1095,1095,480.44,487.43,685.1,491.54,581.79,630.57
680,OK,44,15,1088,1088,486.25,490.21,689.62,493.5,589.49,626.92
681,OK,48,19,1084,1084,488.29,491.17,690.96,493.2,592.21,629.9
682,OK,55,33,1072,1072,490.07,501.55,690.57,505.22,592.81,636.14
683,OK,56,38,1071,1071,489.99,503.13,690.35,506.59,592.51,641.47
684,OK,50,37,1070,1070,486.09,500.25,686.02,509.04,584.71,640.66
685,OK,41,37,1081,1081,481.29,503.35,683.28,511.52,579.95,647.05
686,OK,27,33,1108,1108,476.72,517.12,683.95,520.13,582.02,657.26
687,OK,15,39,1110,1110,467.68,521.45,675.27,524.02,570.34,665.31
688,OK,6,44,1110,1110,456.9,529.86,664.45,523.05,562.36,672.11
689,OK,9,43,1105,1105,457.55,528.91,664.02,520.76,561.48,666.9
690,OK,9,43,1105,1105,457.42,531.1,663.86,521.81,562.0,663.72
691,OK,10,45,1109,1109,460.6,530.74,668.01,527.28,563.72,669.54
692,OK,7,41,1116,1116,461.17,529.62,669.78,525.95,566.06,670.68
693,OK,13,37,1113,1113,465.11,525.97,673.32,521.92,570.21,662.52
694,OK,6,30,1126,1126,463.87,524.68,674.36,521.63,570.14,663.53
695,OK,14,37,1113,1113,466.11,526.21,674.27,522.06,570.85,661.96
696,OK,14,39,1114,1114,466.23,528.76,674.59,524.1,571.87,666.8
697,OK,23,43,1101,1101,470.56,526.21,676.51,523.31,574.18,661.67
698,OK,16,40,1110,1110,467.43,527.22,675.02,522.89,571.28,665.13
699,OK,25,45,1101,1101,471.58,527.59,677.44,524.98,575.72,664.95
700,OK,24,43,1103,1103,471.79,527.39,678.03,525.14,575.28,662.54
701,OK,26,44,1098,1098,472.69,528.36,678.08,524.61,575.53,660.82
702,OK,25,41,1103,1103,472.65,526.97,678.88,523.22,576.55,659.08
703,OK,20,35,1111,1111,470.86,524.46,678.58,521.82,575.74,658.56
704,OK,13,30,1119,1119,467.44,523.74,676.63,518.16,573.36,658.32
705,OK,15,28,1116,1116,468.28,521.16,676.9,517.29,574.24,654.55
706,OK,22,34,1106,1106,470.48,521.38,677.34,518.23,576.47,655.05
707,OK,19,35,1110,1110,468.57,522.52,676.16,517.61,576.21,660.43
708,OK,9,27,1119,1119,463.72,519.16,672.92,515.82,568.0,656.34
709,OK,20,38,1105,1105,468.24,520.44,674.77,516.33,572.63,662.51
710,OK,22,32,1101,1101,469.9,514.34,675.87,513.93,572.48,650.49
711,OK,26,23,1102,1102,475.16,507.53,681.21,511.39,577.12,640.51
712,OK,31,29,1090,1090,474.25,507.47,678.14,508.99,576.91,641.36
713,OK,21,26,1096,1096,467.21,506.85,672.27,505.48,569.45,642.95
714,OK,36,35,1077,1077,470.83,511.01,672.17,502.65,576.82,640.02
715,OK,39,42,1072,1072,474.28,510.68,674.79,510.55,576.81,646.31
716,OK,30,27,1087,1087,471.05,501.46,674.31,500.1,573.47,640.32
717,OK,32,28,1085,1085,472.13,500.79,675.04,498.85,575.71,640.41
718,OK,27,25,1096,1096,473.91,503.49,678.83,504.73,574.87,642.63
719,OK,22,25,1101,1101,471.29,500.31,677.18,505.23,569.89,649.06
720,OK,16,26,1103,1103,467.07,500.0,673.19,505.62,565.12,652.19
721,OK,15,26,1098,1098,464.59,503.42,669.9,503.75,561.52,648.22
722,OK,22,26,1094,1094,469.49,502.14,674.01,504.89,567.96,644.26
723,OK,33,27,1085,1085,475.14,498.14,678.02,501.81,573.96,639.51
724,OK,21,21,1100,1100,471.76,499.48,677.43,502.24,569.33,641.65
725,OK,31,30,1084,1084,476.23,497.59,678.85,504.89,570.38,643.87
726,OK,32,25,1088,1088,477.26,497.7,680.73,502.62,573.72,639.3
727,OK,33,29,1085,1085,476.88,499.69,679.74,503.55,572.67,640.66
728,OK,30,25,1086,1086,475.06,496.45,678.21,499.53,570.42,639.84
729,OK,36,30,1074,1074,477.44,494.3,678.11,501.94,569.9,637.43
730,OK,38,30,1073,1073,478.63,492.68,679.23,500.94,570.48,636.08
731,OK,34,25,1080,1080,476.95,490.96,678.87,498.65,570.28,637.16
732,OK,38,26,1078,1078,478.33,489.64,679.75,497.68,575.71,637.54
733,OK,35,23,1086,1086,478.03,489.3,680.88,498.13,577.13,639.92
734,OK,30,25,1092,1092,476.73,495.46,680.76,503.8,575.2,643.54
735,OK,29,27,1092,1092,475.64,495.31,679.67,504.36,573.88,647.2
736,OK,36,33,1083,1083,478.34,496.29,680.69,506.94,575.15,648.3
737,OK,38,29,1084,1084,480.65,492.69,683.08,503.58,578.43,644.01
738,OK,38,30,1084,1084,481.05,496.36,683.65,505.18,579.12,644.46
739,OK,39,29,1084,1084,481.12,497.75,683.71,506.15,581.24,641.52
740,OK,29,29,1092,1092,474.14,503.03,678.4,506.82,573.95,647.03
741,OK,24,26,1101,1101,473.58,500.43,679.3,508.29,572.77,648.38
742,OK,16,27,1110,1110,470.28,502.07,677.62,511.74,569.6,657.23
743,OK,8,26,1115,1115,463.85,503.86,672.34,511.09,563.7,659.24
744,OK,-13,32,1118,1118,443.7,523.35,652.46,510.98,545.75,666.81
745,OK,-16,88,1068,1068,418.09,566.02,616.79,544.82,519.72,690.19
746,OK,-118,138,1096,1096,330.32,634.62,533.24,605.13,429.68,752.15
747,OK,-148,280,987,987,260.96,726.6,435.41,666.49,343.4,850.69
748,OK,-163,474,869,869,189.05,890.77,329.06,808.29,284.88,967.33
749,OK,-66,407,851,851,258.04,855.14,364.38,736.8,408.77,868.57
750,FILLED,-66,407,851,851,,,,,,
751,FILLED,-66,407,851,851,,,,,,
752,FILLED,-66,407,851,851,,,,,,
753,OK,-144,557,803,803,181.68,939.67,298.52,845.32,275.78,1025.41
754,OK,-123,367,941,941,258.89,813.66,406.91,718.49,361.22,908.82
755,OK,-52,264,948,948,335.51,713.7,494.36,634.99,429.27,803.12
756,OK,-20,136,1047,1047,406.28,604.21,599.81,574.29,504.16,729.32
757,OK,16,79,1058,1058,450.25,543.05,647.78,530.74,542.04,680.07
758,OK,37,28,1079,1079,481.36,497.95,683.18,502.19,571.26,635.04
759,OK,29,5,1096,1096,482.51,482.81,687.31,492.04,570.55,620.07
760,OK,42,-11,1105,1105,494.47,471.22,700.79,482.17,591.72,605.91
761,OK,37,-7,1101,1101,485.37,472.86,691.27,478.22,586.76,610.79
762,OK,36,0,1092,1092,480.85,477.81,684.94,483.34,581.47,612.4
763,OK,29,2,1091,1091,472.8,479.44,676.85,479.64,574.27,614.77
764,OK,23,5,1090,1090,469.34,479.95,673.19,482.86,565.95,619.19
765,OK,16,-9,1096,1096,464.33,479.93,669.19,473.28,562.55,601.51
766,OK,21,-20,1104,1104,472.84,469.41,679.29,471.04,571.53,595.74
767,OK,19,-13,1092,1092,466.42,468.22,670.59,471.28,562.05,598.2
768,OK,18,-17,1095,1095,465.86,464.9,670.58,468.08,562.07,594.77
769,OK,2,-12,1096,1096,455.44,466.74,660.04,477.41,543.6,601.52
770,OK,-1,-8,1095,1095,450.36,469.24,654.84,479.62,540.3,604.44
771,OK,-8,4,1083,1083,441.18,478.96,643.62,486.94,525.15,607.99
772,OK,-20,17,1084,1084,431.15,487.19,633.68,495.21,513.48,627.64
773,OK,-28,21,1094,1094,425.45,491.73,629.93,499.39,511.78,640.52
774,OK,-27,23,1098,1098,427.97,494.52,632.97,504.99,514.58,645.14
775,OK,-23,26,1084,1084,426.64,493.62,629.33,500.33,511.59,640.47
776,OK,-15,20,1089,1089,434.41,490.36,638.09,495.34,522.01,635.33
777,OK,-6,21,1097,1097,444.46,494.36,649.52,499.55,537.22,641.42
778,OK,-11,9,1122,1122,450.23,497.33,659.97,504.14,545.48,639.89
779,OK,-10,17,1131,1131,456.84,501.08,667.65,517.96,548.12,655.2
780,OK,-11,31,1132,1132,454.89,515.51,666.22,526.92,550.81,673.97
781,OK,-10,31,1148,1148,463.27,525.22,677.45,541.24,559.52,678.61
782,OK,-9,40,1154,1154,464.82,535.54,680.2,548.03,564.78,693.95
783,OK,9,63,1131,1131,474.72,540.47,685.25,560.32,568.16,705.91
784,OK,5,67,1140,1140,474.53,548.73,687.03,565.25,570.93,717.6
785,OK,11,75,1135,1135,478.94,553.49,690.25,573.45,573.31,721.74
786,OK,32,88,1106,1106,486.2,555.67,691.96,576.16,581.09,717.36
787,OK,24,70,1125,1125,485.62,548.92,695.3,565.7,582.71,708.54
788,OK,23,63,1126,1126,485.84,539.0,695.4,560.12,582.51,703.42
789,OK,15,53,1138,1138,486.76,527.51,697.32,558.08,576.81,702.8
790,OK,29,58,1112,1112,487.85,526.93,694.26,552.69,580.04,689.48
791,OK,38,32,1114,1114,495.92,506.82,702.98,530.51,592.34,659.59
792,OK,35,22,1111,1111,491.38,494.96,697.73,519.67,586.16,648.27
793,OK,35,25,1101,1101,486.03,494.07,691.13,512.23,582.15,647.3
794,OK,15,16,1118,1118,475.74,492.88,683.96,511.69,569.16,648.49
795,OK,-7,10,1137,1137,461.65,496.83,673.86,510.29,555.16,653.17
796,OK,-4,13,1126,1126,459.33,496.42,669.44,509.32,554.72,649.33
797,OK,1,12,1122,1122,463.13,495.58,672.47,510.8,557.37,644.15
798,OK,-1,20,1120,1120,458.96,500.63,668.09,511.96,554.7,653.81
799,OK,-11,10,1140,1140,459.02,498.21,671.68,513.69,554.2,655.24
800,OK,-9,13,1139,1139,460.01,500.87,672.35,516.81,555.17,656.56
801,OK,-11,13,1142,1142,460.43,500.64,673.36,518.44,554.35,659.32
802,OK,-3,17,1133,1133,463.29,501.6,674.58,517.22,558.94,657.9
803,OK,-3,17,1135,1135,464.05,501.67,675.66,517.26,559.52,659.19
804,OK,3,22,1124,1124,465.98,502.24,675.53,519.07,559.38,659.3
805,OK,1,19,1128,1128,465.98,500.63,676.22,518.13,560.27,658.51
806,OK,2,19,1129,1129,466.88,498.43,677.37,515.67,561.6,660.7
807,OK,0,19,1132,1132,465.94,500.81,677.13,516.71,561.62,662.92
808,OK,0,15,1133,1133,466.32,496.48,677.56,514.03,560.84,658.75
809,OK,2,16,1131,1131,468.73,495.82,679.32,515.89,561.65,657.97
810,OK,7,20,1124,1124,468.09,499.15,677.82,513.73,565.86,657.97
811,OK,3,16,1126,1126,466.77,497.81,676.78,513.23,561.97,654.29
812,OK,-2,16,1120,1120,459.56,502.35,668.76,514.44,552.89,645.45
813,OK,-3,22,1114,1114,456.22,501.96,663.91,518.01,548.49,649.26
814,OK,-1,38,1084,1084,444.84,510.69,647.59,516.34,535.92,648.15
815,OK,2,47,1063,1063,439.66,511.31,638.52,512.86,527.62,645.53
816,OK,-10,38,1074,1074,432.82,508.48,633.77,507.15,521.6,642.77
817,OK,-10,49,1051,1051,426.31,506.67,622.78,508.58,506.04,641.12
818,OK,-21,48,1044,1044,416.62,502.6,611.88,503.49,488.63,638.31
819,OK,-27,56,1032,1032,408.13,508.55,601.14,509.04,474.14,636.92
820,OK,-33,52,1022,1022,398.8,498.79,589.86,494.8,463.18,630.77
821,OK,-41,49,1026,1026,392.64,498.42,584.36,489.93,457.47,629.93
822,OK,-39,58,1011,1011,387.13,502.26,575.68,487.49,450.84,631.28
823,OK,-34,67,991,991,384.51,503.2,569.5,492.02,446.01,627.87
824,OK,-47,70,1004,1004,377.88,511.01,565.34,499.64,439.11,640.41
825,OK,-40,77,993,993,379.62,515.28,564.86,501.91,441.35,639.21
826,OK,-40,76,992,992,379.26,515.53,564.26,500.41,441.77,636.48
827,OK,-44,68,1007,1007,379.51,514.18,567.24,498.66,445.29,637.19
828,OK,-35,73,991,991,381.91,514.33,566.33,496.14,447.47,632.31
829,OK,-34,78,987,987,381.97,516.2,565.76,499.44,445.42,634.64
830,OK,-36,71,1005,1005,385.97,517.46,573.18,500.93,454.14,638.51
831,OK,-35,64,1016,1016,391.22,513.16,580.58,497.67,461.38,639.21
832,OK,-34,37,1055,1055,404.41,504.73,600.92,487.02,485.31,632.8
833,OK,-19,32,1068,1068,420.19,508.78,618.51,485.16,511.63,635.32
834,OK,-7,23,1075,1075,434.63,501.27,634.75,482.6,525.32,629.25
835,OK,9,20,1081,1081,451.12,496.03,652.98,483.5,546.94,631.96
836,OK,7,17,1091,1091,453.69,497.77,657.25,484.34,550.42,633.06
837,OK,16,20,1095,1095,463.49,498.73,668.15,493.84,562.01,639.3
838,OK,17,17,1102,1102,466.82,498.16,672.9,494.26,567.38,640.13
839,OK,12,12,1110,1110,466.38,499.92,673.83,493.27,565.82,639.28
840,OK,8,7,1123,1123,466.14,502.55,675.84,491.93,567.15,638.78
841,OK,19,9,1118,1118,474.27,505.48,683.17,495.58,578.9,637.39
842,OK,25,7,1120,1120,479.41,504.38,688.74,495.17,586.43,634.75
843,OK,39,16,1108,1108,487.98,512.67,695.05,503.7,595.32,633.74
844,OK,35,15,1107,1107,484.59,511.46,691.4,503.33,588.81,629.58
845,OK,24,10,1110,1110,476.05,497.49,683.61,496.22,578.33,634.61
846,OK,8,5,1119,1119,466.75,490.85,676.0,494.26,564.29,637.09
847,OK,-8,5,1128,1128,455.03,495.56,665.98,501.35,552.3,641.53
848,OK,-4,23,1095,1095,446.8,496.94,651.62,501.37,537.26,642.57
849,OK,-16,18,1101,1101,438.4,490.64,644.2,499.33,527.75,641.58
850,OK,-17,16,1092,1092,433.91,488.32,638.01,493.78,522.19,634.33
851,OK,-15,18,1077,1077,431.54,486.45,632.95,492.53,514.41,623.05
852,OK,-14,13,1083,1083,436.58,483.86,638.76,494.89,517.1,620.44
853,OK,-2,23,1070,1070,443.27,482.58,643.05,495.25,524.52,627.47
854,OK,0,24,1075,1075,445.57,483.81,646.2,496.82,528.69,633.49
855,OK,-3,18,1090,1090,448.58,486.27,652.03,498.66,535.56,634.87
856,OK,0,17,1098,1098,454.12,489.63,658.85,504.92,541.95,635.75
857,OK,7,21,1091,1091,457.17,489.24,660.33,507.28,545.61,635.02
858,OK,0,24,1092,1092,450.91,495.19,654.88,507.14,540.43,639.6
859,OK,10,30,1081,1081,456.09,494.58,657.83,508.94,544.46,639.8
860,OK,2,25,1098,1098,454.66,498.58,659.68,510.97,545.56,643.39
861,OK,9,25,1094,1094,458.6,500.07,662.89,509.94,551.93,640.53
862,OK,15,27,1092,1092,463.06,502.34,666.97,513.72,557.94,638.3
863,OK,8,25,1109,1109,462.57,503.07,669.53,517.58,559.42,649.24
864,OK,2,25,1121,1121,460.04,510.88,669.42,520.6,560.67,654.27
865,OK,-8,21,1128,1128,453.2,515.5,664.14,516.58,555.19,655.92
866,OK,-11,23,1133,1133,453.58,513.89,665.24,521.55,551.83,661.22
867,OK,-10,23,1126,1126,453.03,513.64,663.58,520.18,549.51,656.22
868,OK,-10,27,1122,1122,451.27,513.92,660.96,519.08,547.15,661.02
869,OK,-12,28,1127,1127,450.93,515.76,661.53,521.85,546.85,664.59
870,OK,-8,25,1129,1129,456.14,510.74,666.87,523.21,551.17,661.65
871,OK,-11,23,1133,1133,454.75,511.65,666.39,521.87,550.53,661.99
872,OK,-11,24,1129,1129,454.25,510.3,664.97,523.18,547.23,660.89
873,OK,-15,22,1135,1135,452.35,513.19,664.36,522.82,546.94,661.25
874,OK,-18,20,1141,1141,452.66,514.31,665.57,527.55,546.87,659.94
875,OK,-16,25,1134,1134,453.04,515.72,664.66,529.88,545.06,661.33
876,OK,-14,22,1134,1134,452.73,513.54,664.56,524.83,547.94,659.08
877,OK,-18,20,1139,1139,450.94,511.21,663.74,521.37,545.64,662.21
878,OK,-20,22,1134,1134,448.39,518.17,660.29,524.35,541.2,657.84
879,OK,-18,23,1135,1135,449.1,518.41,661.23,523.22,544.48,659.85
880,OK,-15,29,1128,1128,450.76,519.32,661.58,528.99,542.94,662.18
881,OK,-13,27,1126,1126,451.5,519.01,661.91,526.84,544.64,657.53
882,OK,-11,23,1132,1132,454.08,517.68,665.67,525.53,550.21,657.77
883,OK,-13,23,1136,1136,453.53,518.8,665.82,525.6,551.28,660.18
884,OK,-12,23,1135,1135,454.3,518.36,666.47,526.95,551.08,658.81
885,OK,-8,30,1122,1122,453.25,520.06,662.91,526.83,548.49,659.53
886,OK,-10,31,1124,1124,452.25,521.49,662.35,527.46,548.08,662.92
887,OK,-13,31,1127,1127,450.62,520.43,661.26,528.35,544.59,664.43
888,OK,-11,27,1129,1129,453.16,518.94,664.04,529.04,547.59,659.98
889,OK,-13,21,1141,1141,455.46,517.96,668.61,528.13,552.75,660.82
890,OK,-20,17,1148,1148,452.33,515.75,666.81,525.85,548.44,662.8
891,OK,-17,17,1143,1143,452.67,513.03,666.17,522.82,548.62,658.58
892,OK,-20,16,1144,1144,450.62,514.01,664.44,522.12,546.51,659.72
893,OK,-19,17,1142,1142,450.95,512.12,664.29,520.02,547.04,660.98
894,OK,-6,26,1122,1122,455.66,508.73,665.18,519.58,550.59,660.22
895,OK,-5,26,1118,1118,455.31,506.02,664.19,517.2,548.26,658.4
896,OK,-11,20,1128,1128,454.28,505.17,664.93,516.58,548.36,658.68
897,OK,-13,21,1133,1133,452.33,508.33,664.06,517.38,548.42,661.65
898,OK,-13,22,1128,1128,452.81,508.04,663.45,519.76,545.78,659.18
899,OK,-10,21,1127,1127,453.88,505.74,664.28,517.08,547.59,658.42
900,OK,-3,29,1112,1112,455.48,505.62,663.18,517.62,547.64,658.79
901,OK,-8,27,1121,1121,453.38,507.36,662.79,517.85,547.38,661.53
902,OK,-9,16,1131,1131,457.78,503.22,668.8,518.71,550.24,651.29
903,OK,-4,5,1131,1131,462.05,492.29,672.63,511.24,554.74,639.34
904,OK,10,12,1106,1106,464.41,490.21,670.91,501.39,558.85,634.51
905,OK,20,18,1087,1087,467.17,486.61,669.97,500.71,558.41,630.23
906,OK,18,2,1104,1104,471.93,481.06,678.03,492.76,566.56,622.58
907,OK,30,5,1089,1089,477.72,476.15,680.79,492.67,570.68,615.07
908,OK,21,-6,1105,1105,475.67,473.57,681.61,491.77,567.92,611.29
909,OK,32,3,1090,1090,479.61,472.21,682.58,490.37,573.15,616.31
910,OK,31,2,1090,1090,479.52,469.69,682.45,488.68,572.53,615.85
911,OK,29,2,1093,1093,478.35,470.84,681.75,490.76,570.56,615.98
912,OK,29,1,1085,1085,477.17,470.72,679.06,491.34,565.79,606.31
913,OK,26,-5,1088,1088,476.09,468.83,678.47,489.27,563.6,600.76
914,OK,22,-3,1091,1091,473.94,468.2,676.62,492.55,559.13,603.93
915,OK,7,4,1101,1101,463.54,476.72,668.52,497.06,548.12,622.77
916,OK,0,6,1111,1111,460.23,481.6,667.17,501.01,547.96,631.05
917,OK,-3,5,1118,1118,460.18,484.05,668.43,502.12,549.34,636.44
918,OK,-3,5,1116,1116,460.89,481.22,668.53,502.86,546.16,634.15
919,OK,-2,-2,1114,1114,461.04,473.57,668.37,493.91,546.88,626.54
920,OK,10,-10,1113,1113,469.36,464.0,676.41,485.04,559.51,617.69
921,OK,29,-4,1097,1097,479.99,464.87,684.2,485.09,572.53,614.31
922,OK,27,-11,1103,1103,481.83,459.58,686.83,482.87,571.85,609.97
923,OK,24,-7,1103,1103,479.42,472.05,685.02,488.85,569.11,608.61
924,OK,29,1,1091,1091,479.28,473.61,682.63,489.3,568.31,611.54
925,OK,37,7,1082,1082,483.63,470.71,684.92,490.93,571.87,615.22
926,OK,29,-1,1094,1094,481.46,465.37,684.68,488.46,569.87,615.65
927,OK,31,3,1090,1090,481.58,469.34,684.42,490.6,570.38,616.83
928,OK,23,-4,1102,1102,478.53,465.98,683.44,487.75,568.94,618.13
929,OK,28,3,1087,1087,477.57,468.61,679.82,489.37,565.19,614.53
930,OK,29,7,1087,1087,478.49,471.33,680.65,492.89,566.04,618.85
931,OK,28,2,1093,1093,479.17,471.5,682.26,494.09,567.56,614.17
932,OK,23,1,1099,1099,477.34,471.48,681.68,493.87,565.98,617.62
933,OK,21,-1,1104,1104,477.3,473.95,682.76,494.69,566.98,618.91
934,OK,24,3,1097,1097,476.32,476.17,680.58,494.58,565.68,618.36
935,OK,24,8,1088,1088,474.47,475.67,677.17,494.33,561.32,619.54
936,OK,16,0,1105,1105,471.81,475.5,677.65,494.25,562.06,619.74
937,OK,15,5,1104,1104,471.1,478.12,676.81,496.35,561.46,627.1
938,OK,9,-1,1114,1114,470.49,476.16,677.77,496.34,559.75,627.02
939,OK,18,7,1100,1100,472.1,478.66,677.01,497.08,561.9,627.43
940,OK,14,3,1106,1106,471.28,478.32,677.36,496.59,561.35,626.52
941,OK,15,3,1107,1107,471.96,478.28,678.07,497.41,562.47,624.54
942,OK,13,3,1109,1109,471.08,478.59,677.54,498.0,561.31,625.91
943,OK,15,4,1107,1107,471.48,478.63,677.63,497.42,562.14,627.29
944,OK,15,6,1104,1104,471.85,478.24,677.44,497.98,561.34,629.3
945,OK,9,0,1114,1114,469.45,476.63,676.94,495.65,560.19,628.12
946,OK,11,1,1109,1109,470.36,473.71,676.3,498.36,557.68,625.58
947,OK,11,1,1099,1099,466.85,473.88,670.86,499.51,552.2,615.01
948,OK,15,9,1081,1081,462.86,472.1,663.81,494.48,547.11,615.1
949,OK,26,16,1064,1064,466.14,470.1,664.13,490.43,552.63,616.26
950,OK,10,8,1087,1087,457.0,479.38,660.02,491.25,548.73,617.56
951,OK,4,6,1091,1091,454.13,479.73,657.8,490.98,543.21,617.8
952,OK,-1,7,1094,1094,451.29,480.36,655.67,487.76,539.93,625.17
953,OK,-3,14,1097,1097,450.67,484.97,655.55,495.66,536.96,633.73
954,OK,-12,3,1115,1115,450.13,481.75,658.29,494.81,536.48,633.45
955,OK,-14,2,1120,1120,451.17,481.33,659.98,497.69,537.4,636.14
956,OK,-9,2,1119,1119,453.1,482.12,661.96,496.24,542.94,632.84
957,OK,-5,3,1114,1114,456.26,479.55,663.84,498.31,543.96,632.86
958,OK,3,2,1100,1100,456.96,475.59,662.28,488.28,547.63,622.3
959,OK,6,-1,1103,1103,459.07,473.44,665.06,485.08,552.31,622.33
960,OK,3,2,1101,1101,456.31,476.46,661.94,486.76,548.39,622.88
961,OK,8,6,1093,1093,457.65,474.54,661.7,487.25,548.54,624.84
962,OK,11,5,1090,1090,460.56,474.18,663.95,487.67,551.18,620.85
963,OK,8,5,1093,1093,459.23,473.69,663.18,488.02,547.42,622.63
964,OK,12,5,1091,1091,462.23,471.6,665.51,488.57,550.36,621.88
965,OK,12,2,1091,1091,462.9,467.54,665.99,487.33,549.83,618.21
966,OK,10,0,1094,1094,462.61,466.61,666.38,484.62,551.26,618.43
967,OK,17,3,1085,1085,463.81,465.93,666.06,483.05,553.16,615.8
968,OK,17,6,1085,1085,464.25,469.64,666.42,487.4,552.93,618.1
969,OK,9,7,1095,1095,463.17,475.33,666.95,494.86,548.72,623.85
970,OK,0,5,1102,1102,458.0,481.04,663.14,500.27,541.9,622.91
971,OK,-1,4,1101,1101,455.21,480.97,660.47,496.35,540.17,620.68
972,OK,1,8,1104,1104,457.89,483.09,663.71,499.53,546.36,630.21
973,OK,-5,7,1112,1112,456.15,483.2,663.29,501.53,544.16,635.56
974,OK,-3,2,1112,1112,456.39,481.8,663.92,496.28,547.16,627.6
975,OK,0,1,1108,1108,456.97,478.95,663.66,493.55,547.93,625.16
976,OK,-1,3,1108,1108,457.25,480.65,663.87,495.32,546.74,626.29
977,OK,-2,3,1107,1107,456.19,479.34,662.48,495.99,543.99,626.24
978,OK,0,4,1105,1105,456.87,479.92,662.83,495.96,545.16,624.66
979,OK,-5,6,1109,1109,454.94,482.87,661.56,500.08,541.38,629.95
980,OK,-9,4,1116,1116,454.71,483.81,662.74,501.63,540.98,631.62
981,OK,-7,5,1114,1114,456.06,484.14,663.61,502.02,541.8,632.8
982,OK,-5,4,1114,1114,456.15,484.73,663.94,500.41,544.01,630.03
983,OK,-9,-1,1124,1124,457.04,483.9,666.53,500.4,545.85,630.7
984,OK,-3,4,1112,1112,457.93,482.83,665.15,500.0,545.92,628.86
985,OK,-7,4,1115,1115,455.44,482.6,663.29,500.51,542.39,630.59
986,OK,-9,6,1115,1115,452.93,483.44,660.75,500.57,539.22,634.19
987,OK,-9,8,1117,1117,453.43,486.09,661.59,503.15,541.3,637.74
988,OK,-11,6,1119,1119,451.65,488.77,660.39,504.44,540.32,634.57
989,OK,-14,7,1123,1123,450.49,490.79,659.98,506.23,539.55,638.79
990,OK,-14,5,1124,1124,450.69,491.96,660.39,506.12,541.74,636.59
991,OK,-19,4,1133,1133,449.63,492.79,660.97,507.72,539.58,639.96
992,OK,-13,6,1123,1123,451.68,489.84,661.0,506.67,540.31,636.84
993,OK,-13,8,1127,1127,453.77,491.49,663.8,509.68,543.18,641.84
994,OK,-3,14,1110,1110,456.86,490.87,663.66,508.31,544.3,638.57
995,OK,-11,2,1131,1131,456.13,488.94,667.0,505.48,546.51,636.97
996,OK,-6,2,1124,1124,457.91,489.28,667.88,500.96,549.44,633.92
997,OK,-7,-3,1128,1128,458.58,486.37,669.19,498.13,550.39,631.7
998,OK,-7,-1,1127,1127,458.13,487.41,668.52,498.56,550.07,632.26
999,OK,-4,3,1121,1121,460.53,486.09,669.51,503.47,548.07,632.76
1000,OK,-7,0,1126,1126,458.83,486.67,668.92,501.29,549.0,632.9
1001,OK,-3,4,1119,1119,460.14,486.72,668.8,501.63,549.33,632.4
1002,OK,1,4,1117,1117,461.51,486.66,669.93,501.35,552.56,630.84
1003,OK,1,5,1119,1119,462.63,486.66,671.33,502.67,553.86,634.05
1004,OK,-1,5,1121,1121,461.72,487.85,670.68,505.02,553.19,634.83
1005,OK,1,8,1115,1115,461.3,489.03,669.11,506.69,552.16,633.93
1006,OK,-4,7,1122,1122,460.48,489.65,669.58,508.31,550.07,637.55
1007,OK,-2,10,1114,1114,459.17,489.6,666.78,506.82,548.44,636.15
1008,OK,2,11,1109,1109,459.79,488.9,666.61,505.63,549.26,633.53
1009,OK,-2,11,1115,1115,457.98,491.41,665.93,507.14,548.24,637.85
1010,OK,-1,10,1113,1113,458.91,489.0,666.37,506.8,547.92,635.33
1011,OK,0,15,1108,1108,457.4,492.31,664.06,508.03,547.67,639.79
1012,OK,-6,9,1117,1117,455.03,489.21,663.48,503.64,546.38,638.49
1013,OK,-7,11,1118,1118,453.88,492.21,662.56,505.33,545.84,642.19
1014,OK,-11,7,1123,1123,452.89,490.17,662.39,504.4,543.77,640.7
1015,OK,-7,8,1114,1114,454.47,484.98,661.97,503.42,542.11,637.14
1016,OK,-7,7,1113,1113,454.62,482.96,661.95,501.38,541.38,634.95
1017,OK,-7,6,1115,1115,454.88,481.79,662.51,500.39,541.88,635.19
1018,OK,-7,0,1119,1119,454.67,483.27,663.57,497.06,545.41,629.27
1019,OK,2,6,1111,1111,460.81,483.02,667.88,501.18,550.42,631.49
1020,OK,1,8,1108,1108,458.45,486.42,665.27,500.42,549.33,632.43
1021,OK,13,10,1094,1094,464.18,480.32,668.14,497.36,554.07,625.86
1022,OK,17,11,1089,1089,467.06,479.82,669.97,497.74,555.12,622.86
1023,OK,14,8,1095,1095,465.65,478.85,669.72,495.62,555.19,623.12
1024,OK,14,9,1094,1094,465.12,479.47,669.13,495.92,555.28,625.44
1025,OK,9,8,1102,1102,465.42,481.37,670.71,500.08,553.63,627.51
1026,OK,12,12,1099,1099,465.88,482.23,670.56,500.84,554.7,630.77
1027,OK,12,9,1097,1097,465.31,480.97,669.77,497.93,554.29,625.46
1028,OK,8,10,1098,1098,462.51,481.31,667.12,499.36,550.56,627.76
1029,OK,4,9,1103,1103,459.58,483.8,665.37,498.99,549.37,629.84
1030,OK,2,11,1101,1101,458.2,482.72,663.3,500.91,544.05,631.27
1031,OK,2,7,1106,1106,460.27,483.17,666.38,501.27,548.24,628.26
1032,OK,-7,4,1115,1115,455.54,483.77,663.35,501.49,541.18,629.44
1033,OK,-6,6,1120,1120,457.91,487.64,666.64,504.87,546.32,637.74
1034,OK,0,12,1108,1108,459.73,486.68,665.92,507.23,545.86,636.89
1035,OK,0,9,1112,1112,460.39,485.97,667.53,505.09,548.73,636.07
1036,OK,1,11,1108,1108,460.68,485.44,666.99,504.7,548.09,635.78
1037,OK,1,11,1111,1111,460.46,486.11,667.43,504.96,549.56,636.8
1038,OK,0,10,1110,1110,459.76,485.89,666.48,504.69,548.69,636.19
1039,OK,-3,7,1114,1114,458.85,483.86,666.06,504.75,546.01,634.18
1040,OK,1,10,1107,1107,460.42,482.89,666.25,505.24,545.29,632.75
1041,OK,-1,10,1109,1109,458.31,484.59,664.92,503.38,544.81,635.04
1042,OK,0,13,1104,1104,458.69,485.02,664.02,506.37,543.77,635.22
1043,OK,-1,14,1101,1101,455.87,485.34,660.76,505.61,540.36,634.35
1044,OK,3,17,1084,1084,454.5,480.71,656.39,499.18,534.91,629.42
1045,OK,4,13,1087,1087,456.34,476.78,658.71,496.84,537.99,626.91
1046,OK,0,12,1093,1093,454.06,477.96,657.5,497.08,537.55,630.35
1047,OK,-1,14,1088,1088,450.84,478.07,653.59,494.58,534.52,629.76
1048,OK,-5,11,1096,1096,450.08,478.49,654.46,494.71,534.51,633.03
1049,OK,-7,8,1102,1102,450.93,477.77,656.3,494.76,535.42,632.05
1050,OK,-7,9,1102,1102,450.82,479.25,656.37,495.54,536.06,632.83
1051,OK,-3,8,1102,1102,453.4,479.11,658.89,495.6,540.2,632.37
1052,OK,0,10,1102,1102,455.44,479.82,660.8,496.72,543.98,634.01
1053,OK,-2,7,1106,1106,455.76,479.86,661.86,497.7,543.99,633.0
1054,OK,2,10,1101,1101,456.74,479.49,661.94,497.06,545.32,632.18
1055,OK,-2,8,1104,1104,455.33,478.11,660.96,496.8,542.99,632.92
1056,OK,-2,8,1104,1104,454.75,479.95,660.5,496.62,543.05,632.92
1057,OK,-2,7,1105,1105,454.87,480.06,660.98,494.84,543.99,630.64
1058,OK,-7,6,1108,1108,452.27,480.11,658.84,496.27,539.37,633.76
1059,OK,-4,9,1104,1104,452.54,481.23,658.55,495.17,541.2,634.82
1060,OK,-3,6,1104,1104,454.05,478.75,660.02,493.97,542.25,630.6
1061,OK,-3,6,1107,1107,454.85,478.46,661.04,496.09,542.25,631.31
1062,OK,-3,8,1104,1104,453.87,479.66,659.78,495.96,541.6,632.34
1063,OK,-1,8,1104,1104,456.31,480.03,662.09,497.36,544.5,633.19
1064,OK,-7,5,1119,1119,454.61,487.47,663.45,501.78,545.4,634.34
1065,OK,-4,11,1115,1115,457.56,487.77,664.99,508.42,544.99,637.92
1066,OK,-3,14,1110,1110,457.05,487.68,663.76,507.04,545.5,641.73
1067,OK,-6,11,1114,1114,456.41,487.76,663.59,509.48,543.13,638.27
1068,OK,-5,10,1109,1109,455.89,484.76,662.22,506.59,540.48,633.65
1069,OK,-9,11,1109,1109,453.75,483.48,660.04,505.63,534.67,636.24
1070,OK,-10,7,1111,1111,451.68,481.74,658.66,500.62,535.19,633.96
1071,OK,-2,14,1102,1102,455.62,484.75,660.71,505.19,540.61,636.02
1072,OK,-3,10,1111,1111,457.32,487.11,664.26,505.39,544.34,633.83
1073,OK,-6,16,1105,1105,451.38,489.9,657.46,505.13,539.55,639.84
1074,OK,-8,12,1098,1098,448.38,482.97,653.03,499.89,532.99,631.78
1075,OK,-8,15,1090,1090,445.86,482.45,649.05,498.23,528.35,631.61
1076,OK,-5,19,1087,1087,446.89,483.07,649.49,499.75,529.49,632.92
1077,OK,-6,18,1099,1099,449.63,487.55,654.52,504.96,534.59,639.14
1078,OK,-7,13,1106,1106,452.44,487.09,658.45,506.49,538.38,636.83
1079,OK,-3,10,1109,1109,457.52,484.46,663.67,507.21,542.42,632.51
1080,OK,-11,4,1120,1120,455.24,486.05,663.46,508.8,539.85,632.02
1081,OK,-3,12,1108,1108,456.36,490.57,662.63,509.93,542.6,633.48
1082,OK,-5,13,1106,1106,455.17,486.27,660.75,508.54,538.99,636.12
1083,OK,-6,17,1099,1099,450.18,486.8,654.85,506.35,534.03,635.56
1084,OK,-5,20,1099,1099,449.05,490.79,653.95,507.78,536.59,639.44
1085,OK,-8,14,1111,1111,452.7,489.59,659.62,508.7,538.6,639.43
1086,OK,-6,13,1108,1108,453.02,489.51,659.4,507.63,540.19,636.42
1087,OK,-6,9,1103,1103,452.5,482.57,657.74,503.56,535.45,628.25
1088,OK,-3,15,1101,1101,454.09,485.92,659.0,505.81,539.21,634.64
1089,OK,-8,10,1105,1105,451.1,483.72,656.65,504.31,534.94,630.82
1090,OK,-11,15,1112,1112,449.46,493.72,656.93,508.12,538.09,641.92
1091,OK,-14,13,1110,1110,446.5,489.62,653.62,504.35,533.03,639.56
1092,OK,-9,19,1107,1107,448.41,493.67,655.05,507.28,538.03,645.04
1093,OK,-8,20,1104,1104,448.59,492.94,654.47,508.37,536.5,643.69
1094,OK,-2,21,1091,1091,450.24,492.58,653.67,507.58,535.55,632.98
1095,OK,0,18,1097,1097,454.22,489.89,658.43,508.69,539.9,634.22
1096,OK,-4,13,1105,1105,453.91,489.04,659.82,506.63,540.49,633.22
1097,OK,-11,9,1116,1116,451.87,490.05,659.82,508.75,538.21,635.62
1098,OK,-8,17,1106,1106,449.63,494.37,655.99,507.82,537.85,640.06
1099,OK,-9,16,1108,1108,448.99,493.28,655.72,507.8,538.35,640.25
1100,OK,-3,20,1100,1100,451.49,492.0,656.54,507.71,540.65,641.37
1101,OK,-4,20,1100,1100,451.08,491.37,656.2,508.07,539.06,640.63
1102,OK,-2,19,1098,1098,451.72,492.45,656.6,507.29,541.06,637.91
1103,OK,-7,15,1107,1107,450.48,490.77,656.86,507.29,538.47,638.38
1104,OK,-7,12,1107,1107,451.24,489.39,657.67,504.3,538.97,635.07
1105,OK,-6,12,1107,1107,452.23,489.01,658.72,504.74,539.73,634.31
1106,OK,-4,14,1099,1099,449.92,489.31,655.14,500.75,537.83,632.23
1107,OK,-4,13,1100,1100,450.42,489.84,655.84,501.49,539.3,631.99
1108,OK,-4,16,1094,1094,448.65,489.73,653.02,500.24,536.45,632.68
1109,OK,-2,16,1091,1091,449.68,485.22,653.28,498.57,536.27,632.04
1110,OK,0,19,1087,1087,450.17,484.93,653.02,497.8,536.32,632.76
1111,OK,-1,18,1088,1088,449.72,484.97,652.66,499.08,535.64,633.51
1112,OK,-4,12,1096,1096,451.19,483.39,655.56,499.01,536.43,630.26
1113,OK,-1,12,1091,1091,451.19,480.71,654.53,498.33,535.74,625.33
1114,OK,-2,14,1099,1099,452.68,486.25,657.59,503.17,539.15,632.4
1115,OK,-10,7,1108,1108,450.44,483.77,656.78,502.23,536.04,630.37
1116,OK,-8,15,1107,1107,449.18,492.29,655.72,506.29,539.3,638.59
1117,OK,-15,15,1107,1107,443.98,491.86,650.68,504.74,529.91,638.36
1118,OK,-7,21,1089,1089,443.85,488.37,647.25,499.57,529.63,637.45
1119,OK,-21,13,1110,1110,439.94,489.36,647.14,502.32,526.11,642.01
1120,OK,-21,13,1113,1113,441.31,489.93,648.95,503.7,526.34,642.6
1121,OK,-10,22,1097,1097,443.69,490.04,648.28,504.37,530.1,643.67
1122,OK,-7,20,1087,1087,443.75,486.1,646.82,497.25,528.69,634.39
1123,OK,-4,23,1083,1083,444.4,487.1,646.61,499.05,529.36,636.0
1124,OK,-5,21,1083,1083,443.9,486.58,646.15,496.84,528.95,634.15
1125,OK,-4,21,1083,1083,444.53,485.98,646.74,496.76,528.58,632.73
1126,OK,-2,23,1079,1079,444.38,485.78,646.0,496.23,528.97,633.69
1127,OK,-9,15,1094,1094,445.07,485.43,649.35,497.57,529.96,633.33
1128,OK,-11,14,1096,1096,445.12,483.81,649.6,497.58,528.27,634.29
1129,OK,-5,17,1098,1098,451.46,485.55,655.89,504.7,535.63,638.39
1130,OK,-4,16,1098,1098,451.84,485.03,656.41,503.29,536.97,637.5
1131,OK,-13,13,1106,1106,445.2,488.82,651.79,500.19,531.6,637.8
1132,OK,-7,17,1093,1093,446.73,485.15,650.62,499.27,530.21,633.94
1133,OK,-11,12,1098,1098,446.48,483.48,651.15,500.23,528.45,632.02
1134,OK,-8,11,1100,1100,450.81,483.88,655.59,502.68,531.4,629.17
1135,OK,-14,5,1113,1113,449.31,484.34,656.72,501.38,531.97,630.34
1136,OK,-14,5,1113,1113,449.05,484.32,656.48,500.61,532.46,629.69
1137,OK,-7,12,1096,1096,449.76,481.0,653.81,500.01,531.27,630.42
1138,OK,-10,14,1102,1102,447.59,485.47,653.04,500.97,532.63,637.22
1139,OK,-9,17,1099,1099,446.31,487.24,651.39,500.32,531.35,638.44
1140,OK,-15,15,1100,1100,441.43,489.18,646.86,499.34,526.06,636.99
1141,OK,-18,16,1102,1102,440.23,488.74,646.15,498.27,524.19,640.58
1142,OK,-16,18,1100,1100,440.42,489.55,645.81,499.68,525.24,642.14
1143,OK,-13,16,1100,1100,442.93,487.54,648.22,499.77,529.23,639.98
1144,OK,-11,17,1094,1094,443.25,486.11,647.6,497.77,528.21,636.61
1145,OK,-14,15,1099,1099,442.08,485.82,647.31,497.6,527.01,637.67
1146,OK,-14,16,1099,1099,441.6,487.27,646.83,497.48,527.5,638.98
1147,OK,-14,15,1103,1103,442.56,487.27,648.59,498.24,529.39,639.46
1148,OK,-13,15,1103,1103,444.74,487.26,650.65,499.78,530.22,640.16
1149,OK,-9,15,1106,1106,450.41,487.56,656.67,503.93,535.86,640.37
1150,OK,-10,13,1110,1110,450.68,489.26,657.75,504.82,536.16,639.32
1151,OK,-15,6,1119,1119,450.23,485.33,658.7,503.19,535.35,636.02
1152,OK,-17,2,1124,1124,450.56,485.39,659.97,503.66,536.24,634.65
1153,OK,-8,11,1110,1110,453.7,488.16,660.43,506.8,538.65,635.09
1154,OK,-2,19,1097,1097,454.07,488.62,658.34,507.9,537.18,636.19
1155,OK,-3,12,1100,1100,454.14,485.48,659.05,502.96,538.02,631.04
1156,OK,-3,13,1099,1099,453.7,485.86,658.33,504.48,536.08,629.86
1157,OK,1,21,1085,1085,451.32,487.15,653.75,501.4,534.36,633.11
1158,OK,-3,25,1091,1091,450.49,491.03,653.84,508.47,532.12,640.41
1159,OK,1,29,1082,1082,452.61,491.87,653.96,512.88,532.11,637.72
1160,OK,0,25,1084,1084,453.36,489.79,654.52,514.79,530.41,632.51
1161,OK,-2,25,1088,1088,453.95,489.5,655.72,516.25,529.76,635.5
1162,OK,3,27,1080,1080,455.35,488.37,655.71,514.06,532.4,632.88
1163,OK,-2,21,1091,1091,453.57,489.6,656.13,513.94,532.82,631.42
1164,OK,-5,23,1093,1093,451.27,492.26,654.32,515.51,529.56,634.39
1165,OK,-13,20,1102,1102,447.5,492.74,652.32,515.67,526.42,638.64
1166,OK,-13,20,1100,1100,446.97,491.16,651.25,514.73,525.53,638.74
1167,OK,-19,15,1112,1112,445.44,490.45,652.17,512.66,525.61,641.07
1168,OK,-17,19,1109,1109,444.05,492.85,650.62,511.64,526.7,644.55
1169,OK,-19,14,1114,1114,445.39,492.38,652.94,511.5,527.34,641.7
1170,OK,-16,18,1107,1107,444.98,489.3,651.03,508.76,526.15,643.6
1171,OK,-14,21,1104,1104,446.65,491.58,652.03,513.0,526.68,645.19
1172,OK,-15,21,1109,1109,448.6,493.35,654.57,517.51,527.55,645.64
1173,OK,-14,23,1105,1105,447.1,494.76,652.47,518.0,526.83,643.91
1174,OK,-15,23,1103,1103,443.58,494.37,649.05,512.42,526.03,644.78
1175,OK,-8,31,1093,1093,445.65,499.93,649.36,516.93,530.2,646.19
1176,OK,-9,26,1098,1098,447.0,497.98,651.64,515.68,532.5,645.04
1177,OK,-8,27,1098,1098,447.27,497.78,651.78,515.57,532.96,646.38
1178,OK,-5,30,1093,1093,448.98,498.19,652.5,517.04,532.5,645.96
1179,OK,-6,30,1090,1090,447.59,494.51,650.67,512.65,530.75,647.78
1180,OK,-6,28,1099,1099,450.47,496.99,655.06,516.05,533.67,649.29
1181,OK,-6,20,1107,1107,452.71,494.12,659.01,511.55,538.54,643.38
1182,OK,-9,15,1115,1115,452.67,494.96,660.6,510.09,539.98,642.14
1183,OK,-9,13,1116,1116,453.37,493.8,661.51,509.27,541.27,640.55
1184,OK,-7,16,1111,1111,452.17,493.53,659.62,506.62,540.85,642.02
1185,OK,-8,15,1108,1108,451.49,491.83,658.2,507.36,538.74,639.96
1186,OK,-4,18,1102,1102,452.87,490.77,658.25,507.65,538.49,638.8
1187,OK,-7,16,1106,1106,451.75,491.02,657.95,507.52,537.78,639.23
1188,OK,-5,26,1098,1098,450.28,495.88,655.05,511.22,536.77,646.61
1189,OK,-2,27,1097,1097,451.12,496.68,655.69,511.81,539.33,646.57
1190,OK,-5,26,1101,1101,451.35,494.88,656.42,513.7,536.34,649.25
1191,OK,-7,26,1099,1099,450.34,492.51,654.85,513.62,531.98,647.87
1192,OK,-6,23,1097,1097,449.46,489.89,653.82,507.52,533.62,643.52
1193,OK,-7,22,1094,1094,447.8,489.48,651.69,506.44,531.36,641.97
1194,OK,-7,23,1096,1096,448.08,491.33,652.4,507.34,531.96,644.06
1195,OK,-7,27,1090,1090,445.82,492.57,649.08,507.18,529.06,644.95
1196,OK,-7,26,1089,1089,445.28,491.74,648.48,505.01,529.05,643.51
1197,OK,-8,26,1085,1085,442.92,489.28,645.38,502.93,525.38,641.6
1198,OK,-6,24,1080,1080,441.69,489.69,643.52,497.55,526.6,635.96
1199,OK,-7,23,1083,1083,441.22,489.31,643.6,497.92,526.45,634.72
1200,OK,-11,19,1089,1089,439.04,489.55,642.68,495.45,525.51,633.7
1201,OK,-8,23,1087,1087,440.67,492.0,643.89,498.2,528.82,637.65
1202,OK,-8,28,1091,1091,444.09,493.29,647.77,505.18,529.52,648.12
1203,OK,-7,25,1106,1106,449.24,499.94,655.81,510.45,540.53,651.89
1204,OK,-8,20,1110,1110,449.6,499.56,656.89,509.4,542.55,646.29
1205,OK,-6,20,1111,1111,449.59,501.99,657.34,506.06,545.73,646.76
1206,OK,-2,22,1107,1107,453.17,499.34,660.01,507.18,547.21,647.84
1207,OK,-11,19,1119,1119,447.57,504.2,656.77,505.89,544.09,652.52
1208,OK,-14,16,1125,1125,448.67,500.99,658.91,508.85,542.43,652.25
1209,OK,-18,17,1123,1123,444.06,503.09,653.99,506.85,537.92,652.11
1210,OK,-31,7,1140,1140,439.98,504.61,653.15,508.39,533.26,648.93
1211,OK,-21,17,1123,1123,443.39,500.28,653.27,508.93,533.0,651.72
1212,OK,-22,20,1113,1113,438.78,500.63,646.86,505.64,526.88,649.89
1213,OK,-25,17,1116,1116,438.6,496.09,647.14,503.37,525.0,651.0
1214,OK,-28,14,1120,1120,436.04,496.23,645.53,499.86,525.15,651.63
1215,OK,-19,17,1112,1112,439.18,493.24,647.05,499.39,531.92,649.73
1216,OK,-18,17,1109,1109,440.56,490.63,647.74,501.87,529.07,646.96
1217,OK,-17,19,1103,1103,440.28,488.35,646.35,499.08,526.12,646.33
1218,OK,-14,17,1104,1104,442.39,488.87,648.68,498.06,531.25,645.29
1219,OK,-11,14,1104,1104,444.87,486.54,651.07,496.64,534.27,642.4
1220,OK,-11,13,1102,1102,442.84,486.02,648.79,492.92,534.49,640.24
1221,OK,-10,14,1098,1098,443.41,484.13,648.53,492.21,532.86,638.39
1222,OK,-3,17,1091,1091,448.89,485.26,652.39,500.78,533.43,632.05
1223,OK,2,6,1091,1091,453.74,474.13,657.16,489.4,540.29,620.43
1224,OK,4,-3,1089,1089,455.73,469.31,658.82,485.57,539.82,605.23
1225,OK,5,-5,1095,1095,457.19,467.53,661.44,482.69,545.25,609.87
1226,OK,9,0,1089,1089,457.6,469.48,660.74,483.7,546.89,613.26
1227,OK,2,-3,1094,1094,455.48,469.88,659.51,485.03,542.06,610.97
1228,OK,9,2,1081,1081,454.72,469.7,656.56,482.48,543.06,607.91
1229,OK,12,10,1068,1068,452.82,471.54,652.12,483.43,539.59,611.39
1230,OK,10,12,1069,1069,452.0,470.79,651.45,484.08,537.86,614.68
1231,OK,11,12,1069,1069,450.76,474.74,650.57,482.59,539.95,615.19
1232,OK,10,12,1075,1075,452.73,475.39,653.55,486.51,541.19,617.72
1233,OK,4,12,1078,1078,450.45,476.77,651.75,488.75,536.89,619.94
1234,OK,6,10,1079,1079,452.33,475.39,653.49,490.53,537.86,615.88
1235,OK,11,13,1070,1070,454.24,476.18,653.76,491.81,538.34,613.79
1236,OK,10,12,1074,1074,454.5,475.61,654.79,491.41,539.6,614.99
1237,OK,9,-5,1099,1099,462.27,471.78,667.08,488.94,552.93,609.47
1238,OK,65,25,1066,1066,499.89,478.41,696.76,509.3,599.41,622.49
1239,OK,141,60,1016,1016,543.03,492.06,730.93,519.79,661.54,631.15
1240,OK,262,136,912,912,606.52,530.24,776.69,540.79,746.26,649.91
1241,OK,361,219,790,790,644.95,550.78,792.52,559.43,793.32,673.9
1242,OK,453,285,663,663,682.13,559.55,806.15,562.89,825.25,672.56
1243,OK,466,304,635,635,681.57,563.38,800.4,561.61,825.84,679.83
1244,OK,432,296,668,668,662.72,565.85,787.63,566.34,808.18,695.25
1245,OK,410,309,676,676,649.69,581.08,776.12,586.57,784.29,711.44
1246,OK,418,316,656,656,650.04,576.93,772.39,587.04,781.72,706.04
1247,OK,430,321,642,642,655.99,570.65,775.5,581.84,787.94,707.81
1248,OK,447,339,616,616,662.22,579.01,777.16,587.04,791.87,711.69
1249,OK,440,339,624,624,660.57,583.03,776.68,595.85,786.67,714.17
1250,OK,447,345,621,621,667.43,584.55,782.71,598.59,790.33,718.62
1251,OK,425,324,662,662,662.19,585.28,784.82,602.94,790.16,716.14
1252,OK,416,333,652,652,651.12,590.46,771.84,607.44,773.78,720.67
1253,OK,387,311,699,699,642.21,587.69,771.42,608.27,766.3,723.6
1254,OK,373,312,709,709,633.8,594.26,764.44,617.49,756.71,728.09
1255,OK,364,311,715,715,627.51,593.21,758.87,617.93,749.52,731.47
1256,OK,380,311,706,706,637.57,592.82,768.39,610.75,764.72,726.93
1257,OK,371,298,733,733,640.06,594.41,775.66,614.26,766.73,724.74
1258,OK,406,321,689,689,655.41,594.2,782.99,612.96,781.82,726.54
1259,OK,420,327,679,679,666.69,590.31,792.07,610.69,789.15,732.96
1260,OK,432,338,662,662,670.91,596.13,793.1,616.21,794.62,732.82
1261,OK,413,324,693,693,665.97,597.02,793.31,621.35,789.94,731.97
1262,OK,405,323,699,699,659.45,600.94,788.03,624.8,784.88,732.72
1263,OK,416,337,679,679,662.57,604.27,787.72,626.52,786.77,737.61
1264,OK,413,329,685,685,659.94,601.18,786.61,620.53,788.19,733.11
1265,OK,422,331,674,674,665.61,594.58,789.93,616.15,792.05,732.47
1266,OK,405,317,703,703,662.0,596.0,791.91,616.34,786.87,731.56
1267,OK,422,320,691,691,671.03,593.0,798.99,611.91,800.43,729.0
1268,OK,417,317,701,701,671.22,594.53,800.38,617.17,799.23,728.85
1269,OK,423,321,693,693,674.18,597.08,801.95,619.07,801.09,726.36
1270,OK,426,326,685,685,672.81,599.65,799.78,617.26,800.18,727.94
1271,OK,425,325,684,684,670.55,597.97,797.4,614.42,801.56,729.03
1272,OK,427,326,680,680,668.53,598.77,795.13,611.55,803.64,728.3
1273,OK,423,320,693,693,669.81,598.06,798.17,615.99,805.97,725.16
1274,OK,428,332,677,677,669.5,600.91,795.42,615.25,801.08,732.3
1275,OK,425,325,681,681,667.98,598.42,794.65,611.55,798.72,725.56
1276,OK,424,323,688,688,672.43,599.67,799.78,618.45,799.98,726.83
1277,OK,426,327,684,684,672.81,600.43,799.56,618.63,801.08,729.97
1278,OK,416,318,704,704,671.17,602.55,800.96,624.87,801.24,726.57
1279,OK,420,326,695,695,670.32,604.58,798.62,625.94,800.51,731.23
1280,OK,427,336,674,674,668.92,602.23,793.56,621.32,797.44,734.37
1281,OK,411,322,699,699,661.95,600.7,791.25,620.25,795.09,731.58
1282,OK,404,316,706,706,659.86,598.0,790.84,614.9,789.49,732.14
1283,OK,403,315,704,704,658.0,595.53,788.76,611.93,787.32,731.18
1284,OK,407,318,695,695,659.55,592.26,788.23,610.59,784.71,729.31
1285,OK,398,296,714,714,654.11,580.31,786.88,595.46,790.04,718.69
1286,OK,397,283,729,729,656.83,576.07,792.63,587.68,798.17,712.41
1287,OK,395,279,726,726,655.42,568.6,790.56,582.26,793.37,709.2
1288,OK,378,276,737,737,645.28,570.76,781.8,590.04,780.01,707.75
1289,OK,378,276,730,730,643.62,564.65,778.74,584.56,775.65,707.97
1290,OK,369,269,749,749,640.8,567.59,779.87,584.23,776.4,710.47
1291,OK,374,259,743,743,643.13,552.43,780.83,571.4,778.87,699.54
1292,OK,328,209,821,821,628.12,545.59,780.62,563.18,772.31,684.31
1293,OK,316,201,825,825,616.21,544.21,770.04,555.78,764.26,677.87
1294,OK,314,204,824,824,618.91,542.1,771.69,562.23,758.42,680.91
1295,OK,299,198,842,842,610.28,542.98,766.9,559.97,752.38,686.71
1296,OK,302,202,835,835,607.7,545.53,763.18,559.8,753.95,686.55
1297,OK,335,232,793,793,623.44,552.46,771.08,567.09,766.35,696.56
1298,OK,332,219,804,804,623.59,547.06,773.41,560.63,771.36,689.23
1299,OK,362,258,756,756,635.24,561.81,776.16,574.57,774.39,704.07
1300,OK,349,255,774,774,632.96,566.45,777.23,578.29,768.86,711.65
1301,OK,360,256,765,765,637.96,562.67,780.37,577.63,775.67,706.22
1302,OK,341,247,790,790,632.47,563.47,778.89,582.76,767.96,711.27
1303,OK,351,252,777,777,635.27,563.04,779.72,579.83,771.24,709.99
1304,OK,355,258,767,767,636.21,564.14,778.78,581.02,769.99,710.94
1305,OK,352,252,775,775,634.33,561.3,778.29,577.9,771.99,709.21
1306,OK,342,245,790,790,632.68,561.69,778.93,582.61,768.76,709.51
1307,OK,336,244,796,796,630.06,563.33,777.39,584.81,764.67,711.9
1308,OK,324,243,813,813,625.8,572.57,776.17,595.78,759.62,714.68
1309,OK,316,239,825,825,622.34,575.96,775.12,597.3,758.15,715.71
1310,OK,335,250,799,799,628.63,574.77,777.14,591.41,765.27,716.57
1311,OK,342,253,789,789,630.4,572.86,777.25,587.44,769.08,714.72
1312,OK,334,247,803,803,628.97,573.95,778.35,589.56,768.13,714.55
1313,OK,340,251,793,793,629.42,574.41,777.09,588.81,769.45,713.32
1314,OK,350,263,770,770,630.68,575.18,774.13,588.69,769.43,714.14
1315,OK,347,265,770,770,629.15,576.89,772.55,591.03,764.98,716.51
1316,OK,322,248,808,808,621.89,575.18,771.91,594.26,755.75,720.23
1317,OK,325,251,806,806,623.62,578.57,773.41,596.36,759.45,722.08
1318,OK,334,257,793,793,624.21,578.56,771.74,593.97,762.04,721.43
1319,OK,325,246,811,811,622.62,574.88,773.32,592.56,762.24,718.88
1320,OK,324,247,808,808,621.58,575.63,771.6,593.32,759.98,719.14
1321,OK,336,262,783,783,623.96,577.77,769.37,594.81,758.92,719.94
1322,OK,329,253,798,798,624.16,576.65,772.3,594.82,759.53,720.12
1323,OK,322,245,814,814,622.57,574.85,773.5,594.82,759.97,720.08
1324,OK,301,232,841,841,611.15,579.05,767.74,594.05,753.71,718.64
1325,OK,272,218,885,885,605.56,583.11,769.69,603.85,741.1,727.91
1326,OK,263,206,904,904,605.33,578.86,772.44,605.18,742.06,725.82
1327,OK,266,211,896,896,605.07,580.91,770.8,606.04,740.65,724.55
1328,OK,277,221,877,877,607.96,580.88,769.74,607.58,742.84,724.07
1329,OK,289,229,858,858,609.39,582.26,768.81,601.43,747.38,725.54
1330,OK,275,216,885,885,607.3,581.85,771.46,602.73,745.91,725.3
1331,OK,283,224,872,872,610.96,584.41,772.57,605.85,747.98,725.14
1332,OK,295,235,851,851,613.13,584.66,771.09,604.65,748.81,725.36
1333,OK,296,239,849,849,616.48,585.81,773.56,609.07,746.87,729.22
1334,OK,300,246,837,837,618.2,583.48,771.82,613.82,742.9,730.65
1335,OK,326,267,797,797,624.41,587.6,771.68,610.86,751.35,732.68
1336,OK,389,305,712,712,648.97,585.28,780.95,603.74,775.89,728.33
1337,OK,398,310,702,702,652.76,590.24,783.08,606.28,781.78,724.6
1338,OK,404,314,697,697,656.45,592.1,785.87,607.98,783.64,725.38
1339,OK,401,312,705,705,658.66,592.85,788.88,613.46,783.78,726.58
1340,OK,404,315,703,703,658.85,594.69,789.03,613.07,786.26,729.93
1341,OK,411,320,686,686,658.46,592.85,785.92,607.64,787.61,727.27
1342,OK,401,316,697,697,652.69,594.02,782.18,608.79,780.69,726.66
1343,OK,382,303,728,728,647.51,596.2,782.29,615.11,777.52,728.78
1344,OK,388,306,718,718,649.05,594.64,781.93,614.09,778.67,727.24
1345,OK,398,312,707,707,654.42,593.12,785.36,611.92,783.27,729.23
1346,OK,408,322,685,685,654.41,593.77,781.7,609.08,782.82,727.85
1347,OK,379,292,744,744,651.63,591.39,789.87,607.23,782.54,729.66
1348,OK,402,314,701,701,656.07,592.83,786.15,609.23,784.74,728.07
1349,OK,396,290,733,733,660.18,581.56,796.82,593.17,797.41,726.6
1350,OK,379,271,760,760,653.46,575.85,795.23,585.9,794.09,721.99
1351,OK,397,293,715,715,653.11,574.92,786.43,585.97,789.68,720.03
1352,OK,372,264,760,760,647.48,569.41,788.79,584.34,787.36,711.32
1353,OK,383,270,738,738,646.64,567.13,784.37,577.33,789.2,706.67
1354,OK,376,262,749,749,644.61,565.0,784.19,576.44,786.72,701.88
1355,OK,357,234,787,787,639.9,555.9,786.62,568.37,787.44,693.73
1356,OK,324,193,838,838,627.67,539.05,783.85,552.2,780.77,680.35
1357,OK,325,193,832,832,625.39,538.94,780.51,551.21,779.52,674.6
1358,OK,327,196,827,827,624.38,537.86,778.53,551.02,779.45,674.12
1359,OK,322,193,840,840,625.96,538.22,782.42,553.54,781.79,680.34
1360,OK,332,198,827,827,628.52,540.09,782.81,551.65,785.92,676.68
1361,OK,342,217,808,808,631.6,551.89,782.41,561.66,785.32,685.89
1362,OK,356,226,792,792,640.0,548.55,787.72,560.72,790.97,690.09
1363,OK,365,233,782,782,643.57,552.85,789.54,561.75,796.0,691.98
1364,OK,362,236,786,786,643.79,556.45,790.4,566.75,793.35,697.3
1365,OK,365,239,780,780,644.75,556.68,790.27,566.96,793.62,696.9
1366,OK,358,232,793,793,642.65,555.3,790.49,567.13,791.85,696.4
1367,OK,359,233,787,787,640.88,554.33,787.84,562.19,791.31,695.25
1368,OK,352,227,799,799,638.25,552.9,787.5,562.23,789.63,695.78
1369,OK,368,241,770,770,641.44,554.77,785.21,563.74,792.76,694.66
1370,OK,362,238,781,781,641.05,555.59,786.8,565.3,791.58,696.38
1371,OK,356,231,789,789,637.07,553.96,784.32,563.09,790.9,692.86
1372,OK,357,234,784,784,637.04,553.94,783.34,564.01,789.7,693.39
1373,OK,355,230,791,791,636.37,553.5,783.95,563.37,789.97,692.98
1374,OK,350,223,805,805,637.91,552.77,788.17,563.06,792.11,693.94
1375,OK,346,219,808,808,636.41,551.97,787.2,562.55,788.41,690.68
1376,OK,349,220,805,805,637.76,551.29,787.93,562.02,790.5,688.52
1377,OK,358,227,788,788,640.14,550.37,787.05,562.46,791.11,687.4
1378,OK,358,231,791,791,641.91,553.78,789.11,567.89,790.93,692.8
1379,OK,360,232,786,786,641.11,554.64,787.82,565.11,791.73,690.57
1380,OK,361,234,782,782,640.86,556.07,786.92,565.12,791.43,690.23
1381,OK,363,232,784,784,642.02,554.76,788.44,562.62,795.59,689.35
1382,OK,341,211,821,821,634.64,552.13,787.93,561.11,791.4,686.57
1383,OK,348,218,806,806,637.18,551.2,787.61,562.18,791.23,686.75
1384,OK,355,227,792,792,638.63,552.94,786.24,564.82,790.15,688.5
1385,OK,349,222,804,804,637.88,552.45,787.63,565.38,789.8,689.23
1386,OK,353,226,799,799,639.04,554.48,787.84,568.06,791.51,690.1
1387,OK,351,225,796,796,637.66,552.93,786.23,563.57,787.95,688.25
1388,OK,218,134,985,985,589.57,553.63,773.47,565.25,739.46,693.33
1389,OK,233,148,945,945,589.96,544.02,765.56,563.51,733.0,687.92
1390,OK,242,138,939,939,594.31,537.99,769.54,551.02,741.77,669.71
1391,OK,194,96,997,997,575.25,522.26,760.9,540.54,717.54,657.99
1392,OK,207,94,984,984,583.25,514.86,766.36,533.37,723.96,648.74
1393,OK,200,99,976,976,575.74,514.69,757.07,536.18,710.75,649.03
1394,OK,188,82,1002,1002,574.43,510.74,760.52,532.24,711.94,645.92
1395,OK,204,92,980,980,577.8,509.76,760.09,528.17,719.84,645.76
1396,OK,185,81,1007,1007,570.58,509.56,757.94,527.97,712.06,649.75
1397,OK,200,92,976,976,570.74,506.36,752.58,521.69,715.14,646.44
1398,OK,198,86,979,979,569.67,501.75,752.08,518.1,713.72,642.03
1399,OK,199,87,973,973,570.39,495.13,751.21,514.91,709.55,641.22
1400,OK,191,78,986,986,571.33,495.09,754.11,519.61,705.39,635.98
1401,OK,194,84,976,976,570.26,494.77,751.02,519.92,704.88,636.94
1402,OK,196,84,980,980,571.36,495.87,753.38,517.73,710.01,642.58
1403,OK,197,87,976,976,571.61,496.93,752.54,520.8,708.27,641.22
1404,OK,191,77,990,990,571.46,493.01,755.43,514.54,709.99,640.96
1405,OK,187,75,993,993,568.27,492.71,752.58,515.78,707.19,639.64
1406,OK,193,87,975,975,566.3,497.62,747.46,517.99,705.11,640.68
1407,OK,193,88,971,971,565.29,496.72,745.6,517.92,700.78,640.28
1408,OK,191,85,971,971,563.66,494.36,743.91,515.93,700.02,636.05
1409,OK,174,73,987,987,553.93,490.17,737.78,506.4,688.37,633.8
1410,OK,157,65,1004,1004,546.5,497.85,733.85,511.17,678.78,631.37
1411,OK,158,66,1007,1007,547.8,502.6,735.68,516.93,681.08,628.68
1412,OK,168,76,993,993,550.17,505.53,735.51,517.38,685.81,633.58
1413,OK,159,69,1006,1006,548.97,505.77,736.68,518.71,681.79,632.35
1414,OK,172,79,987,987,552.46,500.59,736.32,517.33,685.71,636.33
1415,OK,145,51,1022,1022,542.94,489.58,733.82,500.61,674.78,629.44
1416,OK,148,47,1022,1022,546.67,483.92,737.13,499.19,677.52,626.28
1417,OK,157,49,1013,1013,549.27,482.43,738.17,496.07,683.55,622.62
1418,OK,164,65,996,996,550.59,490.22,736.23,505.02,682.14,629.71
1419,OK,163,65,997,997,551.15,490.48,736.66,508.56,678.97,628.28
1420,OK,152,57,1015,1015,544.93,491.59,734.47,502.8,679.85,632.68
1421,OK,133,51,1022,1022,526.55,492.7,717.66,496.93,667.65,630.56
1422,OK,61,36,1056,1056,471.08,508.36,667.95,492.29,608.53,627.71
1423,OK,-117,-22,1132,1132,335.07,502.71,543.47,465.36,460.16,604.18
1424,OK,-193,10,1049,1049,237.76,512.91,424.57,452.93,331.25,586.16
1425,OK,-265,53,953,953,141.19,522.63,301.87,445.27,202.12,574.55
1426,OK,-315,86,909,909,76.87,539.09,220.77,448.59,130.2,587.62
1427,OK,-425,62,966,966,-11.27,556.7,135.65,451.51,54.47,586.79
1428,OK,-500,89,1023,1023,-71.57,611.04,83.85,499.54,17.82,644.92
1429,FILLED,-500,89,1023,1023,,,,,,
1430,FILLED,-500,89,1023,1023,,,,,,
1431,FILLED,-500,89,1023,1023,,,,,,
1432,FILLED,-500,89,1023,1023,,,,,,
1433,OK,-524,92,1100,1100,-71.54,658.51,94.21,536.53,42.13,687.62
1434,OK,-484,54,1100,1100,-30.75,627.47,122.72,490.61,86.82,650.92
1435,OK,-381,8,1090,1090,59.04,569.76,224.27,450.34,187.04,597.18
1436,OK,-340,-48,1136,1136,110.27,541.23,291.08,429.56,255.75,556.15
1437,OK,-255,-45,1149,1149,189.85,535.06,380.79,436.48,353.79,572.27
1438,OK,-214,-53,1153,1153,228.83,528.02,424.87,438.4,397.83,564.76
1439,OK,-191,-62,1197,1197,269.84,527.22,480.82,452.63,439.9,582.79
1440,OK,-181,-80,1242,1242,299.75,535.42,519.08,458.72,471.1,586.0
1441,OK,-112,-81,1211,1211,357.48,508.26,575.44,446.86,519.66,570.84
1442,OK,-86,-136,1285,1285,413.52,493.63,647.2,437.64,582.11,546.59
1443,OK,21,-165,1233,1233,499.53,432.85,726.95,394.5,661.12,488.82
1444,OK,101,-222,1174,1174,550.5,356.32,768.82,332.98,717.29,385.73
1445,OK,206,-256,1065,1065,602.79,286.7,798.69,250.44,775.7,285.18
1446,OK,243,-241,948,948,593.2,254.38,764.43,208.08,757.04,236.58
1447,OK,270,-234,877,877,586.56,231.79,740.01,173.76,754.64,205.61
1448,OK,278,-212,826,826,567.85,242.49,706.34,174.08,746.86,193.84
1449,OK,318,-132,685,685,553.29,252.61,664.55,189.2,712.87,199.86
1450,OK,244,-149,770,770,520.07,272.5,647.69,205.64,675.26,233.86
1451,OK,182,-158,800,800,471.24,271.05,608.04,210.35,624.66,243.88
1452,OK,116,-154,817,817,417.33,286.39,554.12,218.45,563.63,256.6
1453,OK,94,-169,838,838,405.55,275.77,550.51,216.29,549.58,254.63
1454,OK,62,-185,876,876,393.98,281.97,542.6,212.9,532.22,260.23
1455,OK,56,-191,881,881,394.88,275.68,544.99,207.56,523.21,257.26
1456,OK,35,-233,952,952,406.6,268.81,570.99,200.56,533.69,252.22
1457,OK,36,-239,978,978,422.82,271.46,592.33,202.83,543.26,263.01
1458,OK,74,-226,985,985,464.34,279.58,639.29,222.13,580.37,283.04
1459,OK,111,-190,975,975,497.57,310.4,672.03,257.43,612.74,310.67
1460,OK,130,-161,980,980,519.3,326.08,698.78,289.06,631.6,351.52
1461,OK,123,-148,990,990,519.24,337.28,701.06,302.57,627.78,374.56
1462,OK,115,-132,971,971,506.85,343.27,685.88,312.34,604.55,379.83
1463,OK,87,-127,994,994,489.66,361.29,671.42,322.05,589.37,399.32
1464,OK,77,-111,1010,1010,484.01,375.37,668.73,336.29,587.71,432.31
1465,OK,76,-108,1018,1018,485.9,384.89,671.18,341.14,592.14,439.65
1466,OK,83,-98,1020,1020,492.42,393.23,678.05,348.99,601.25,454.25
1467,OK,87,-96,1055,1055,507.64,408.55,698.77,359.75,625.23,478.86
1468,OK,135,-80,1058,1058,560.65,423.27,752.84,375.84,672.72,500.18
1469,OK,183,-62,1089,1089,616.27,453.94,810.45,392.47,742.16,541.16
1470,OK,235,28,979,979,637.43,482.7,809.6,420.51,725.78,583.24
1471,OK,243,19,999,999,652.89,485.17,825.88,414.42,745.05,587.75
1472,OK,273,27,991,991,677.39,496.1,844.79,416.67,776.09,589.13
1473,OK,290,13,1014,1014,706.19,505.58,870.62,411.1,806.8,583.63
1474,OK,310,-22,1034,1034,731.12,489.33,900.12,395.17,838.69,548.56
1475,OK,306,-17,1027,1027,724.88,485.31,891.16,388.99,831.15,554.98
1476,OK,294,-14,996,996,700.17,475.98,856.52,374.66,805.8,544.5
1477,OK,250,-75,1044,1044,670.63,446.08,835.34,341.39,791.5,500.36
1478,OK,185,-98,1048,1048,612.69,427.62,782.75,330.11,722.11,474.58
1479,OK,131,-104,1053,1053,558.36,408.54,738.25,328.37,666.56,477.48
1480,OK,50,-102,1057,1057,487.88,401.95,673.84,334.97,576.5,484.44
1481,OK,-15,-117,1072,1072,426.82,388.45,620.48,336.76,519.21,475.83
1482,OK,-59,-142,1039,1039,369.27,348.14,557.76,300.82,456.83,430.23
1483,OK,-94,-181,1044,1044,338.9,320.84,529.08,276.74,423.35,384.99
1484,OK,-115,-210,1050,1050,320.61,298.99,513.05,260.08,404.56,350.97
1485,OK,-114,-213,1047,1047,319.83,301.84,510.13,255.8,405.01,342.82
1486,OK,-87,-187,1033,1033,335.77,320.25,521.31,266.24,431.41,366.73
1487,OK,-51,-148,1021,1021,361.87,345.66,544.8,290.59,465.47,406.65
1488,OK,-17,-85,986,986,382.9,374.97,563.02,335.77,479.38,461.06
1489,OK,13,-61,980,980,409.86,396.58,588.7,356.63,506.73,483.28
1490,OK,10,-70,1011,1011,416.46,398.94,601.38,359.66,522.27,491.27
1491,OK,10,-78,1013,1013,418.56,393.33,604.01,354.52,522.37,482.15
1492,OK,3,-82,1029,1029,417.05,394.77,605.69,356.78,523.03,488.35
1493,OK,4,-76,1032,1032,420.41,403.78,608.75,361.42,526.47,498.47
1494,OK,-3,-76,1049,1049,420.08,413.81,610.03,364.48,528.32,508.37
1495,OK,10,-69,1051,1051,433.78,420.16,623.23,367.59,542.03,519.52
1496,OK,17,-57,1053,1053,442.05,432.73,632.15,381.32,550.41,532.88
1497,OK,24,-59,1064,1064,451.0,434.43,643.69,384.46,565.52,537.55
1498,OK,34,-49,1056,1056,455.89,440.79,647.78,394.04,572.24,541.03
1499,OK,36,-51,1065,1065,461.57,440.87,656.86,401.72,577.43,541.1
1500,OK,30,-54,1079,1079,461.25,441.38,659.29,403.03,579.54,547.86
1501,OK,31,-59,1075,1075,459.76,438.67,656.89,399.14,577.77,538.63
1502,OK,20,-67,1081,1081,451.74,432.21,649.94,392.29,569.25,534.92
1503,OK,25,-75,1079,1079,455.0,422.8,653.79,388.28,575.22,523.92
1504,OK,16,-81,1089,1089,448.09,419.39,648.14,381.27,572.95,527.05
1505,OK,-4,-98,1111,1111,439.92,406.7,645.76,378.01,560.15,523.37
1506,OK,2,-95,1095,1095,439.38,402.5,642.01,373.11,559.21,517.22
1507,OK,15,-101,1067,1067,441.22,382.46,639.59,360.68,556.33,492.93
1508,OK,12,-112,1066,1066,440.5,373.41,638.87,352.7,552.17,479.7
1509,OK,11,-129,1075,1075,442.66,366.87,642.41,344.5,553.87,460.71
1510,OK,14,-115,1055,1055,441.75,367.3,638.15,349.0,543.88,466.69
1511,OK,20,-113,1049,1049,447.95,363.11,643.91,355.36,542.1,464.11
1512,OK,29,-117,1042,1042,455.05,356.45,649.82,352.2,549.22,454.46
1513,OK,43,-157,1018,1018,455.33,330.23,644.99,314.46,555.03,381.76
1514,OK,44,-181,1005,1005,452.28,304.17,640.17,299.27,546.88,341.27
1515,OK,19,-205,1030,1030,435.75,303.4,627.73,287.64,537.8,325.86
1516,OK,18,-203,1025,1025,432.8,304.28,623.42,283.75,533.68,325.58
1517,OK,2,-214,1047,1047,425.76,309.48,619.97,284.56,528.98,322.39
1518,OK,0,-212,1051,1051,424.01,312.01,618.87,286.4,528.65,327.75
1519,OK,-14,-219,1071,1071,420.15,312.63,619.46,292.62,522.51,331.29
1520,OK,-8,-214,1063,1063,423.46,310.8,621.45,292.86,525.08,332.73
1521,OK,-6,-204,1052,1052,421.03,316.41,616.83,296.52,522.31,338.79
1522,OK,7,-191,1024,1024,422.54,313.22,613.21,295.77,521.19,338.4
1523,OK,-1,-199,1038,1038,420.21,312.84,613.41,294.43,520.18,336.43
1524,OK,-4,-195,1047,1047,419.2,321.45,613.81,299.28,521.55,346.46
1525,OK,-8,-196,1057,1057,419.64,327.83,615.52,301.64,524.1,350.09
1526,OK,-4,-174,1048,1048,420.17,340.21,614.74,316.04,523.76,372.81
1527,OK,1,-166,1041,1041,420.96,342.13,614.23,318.69,524.5,379.51
1528,OK,-12,-169,1059,1059,414.5,352.17,610.38,323.23,522.1,382.76
1529,OK,-28,-170,1077,1077,407.32,358.54,606.42,328.4,513.77,393.11
1530,OK,-46,-175,1096,1096,398.49,367.75,601.35,337.88,505.0,394.73
1531,OK,-42,-154,1072,1072,394.83,373.82,592.77,342.1,495.77,406.21
1532,OK,-46,-147,1071,1071,389.71,381.68,586.59,345.19,491.44,414.09
1533,OK,-37,-134,1052,1052,392.01,384.5,585.42,348.63,491.21,418.7
1534,OK,-43,-139,1056,1056,389.78,378.78,584.83,347.68,484.05,414.78
1535,OK,-48,-135,1062,1062,386.43,384.5,581.64,348.33,483.63,425.78
1536,OK,-39,-128,1052,1052,390.04,383.86,583.93,350.79,487.8,429.11
1537,OK,-41,-131,1056,1056,390.09,383.56,584.92,350.76,487.43,427.82
1538,OK,-38,-127,1055,1055,392.28,390.43,586.45,355.38,489.26,427.25
1539,OK,-35,-119,1046,1046,393.14,391.69,585.49,356.52,488.13,434.23
1540,OK,-43,-125,1062,1062,390.62,391.45,585.85,354.95,489.49,439.67
1541,OK,-40,-116,1065,1065,393.84,396.49,589.79,360.97,493.48,454.26
1542,OK,-35,-100,1049,1049,392.98,398.89,587.08,369.71,488.49,464.68
1543,OK,-38,-94,1058,1058,394.27,406.65,589.62,374.84,491.16,480.26
1544,OK,-35,-84,1056,1056,395.95,414.44,590.44,380.36,493.11,491.43
1545,OK,-42,-83,1070,1070,394.16,419.63,591.31,384.84,494.88,502.49
1546,OK,-36,-58,1043,1043,388.71,428.9,580.37,392.29,486.23,516.6
1547,OK,-43,-59,1056,1056,386.81,435.75,580.64,398.32,487.03,522.08
1548,OK,-42,-52,1049,1049,384.2,443.3,575.0,397.35,486.0,524.74
1549,OK,-48,-56,1062,1062,383.41,445.67,576.4,398.81,488.04,529.34
1550,OK,-48,-43,1058,1058,382.74,449.28,576.1,407.41,483.35,544.99
1551,OK,-47,-41,1059,1059,384.02,450.26,578.15,411.1,483.8,546.35
1552,OK,-49,-41,1062,1062,383.33,451.02,578.04,411.79,484.15,549.3
1553,OK,-54,-43,1065,1065,380.16,450.81,575.23,410.48,479.76,548.65
1554,OK,-55,-40,1065,1065,379.58,451.03,575.04,412.83,477.75,552.45
1555,OK,-48,-36,1057,1057,382.51,451.27,576.78,414.44,480.55,552.52
1556,OK,-52,-43,1066,1066,382.3,450.55,578.11,412.72,482.72,549.61
1557,OK,-51,-45,1067,1067,384.16,448.6,580.26,411.95,483.36,547.23
1558,OK,-58,-47,1076,1076,380.53,450.89,578.06,412.6,481.65,551.95
1559,OK,-56,-46,1075,1075,381.11,450.86,578.46,412.3,482.29,551.35
1560,OK,-54,-44,1069,1069,381.36,450.11,577.35,410.84,481.86,550.08
1561,OK,-52,-44,1067,1067,382.94,449.84,578.55,410.78,483.25,549.02
1562,OK,-50,-43,1065,1065,384.14,449.84,579.67,411.83,483.87,548.13
1563,OK,-42,-38,1056,1056,387.65,452.53,581.86,416.39,488.17,547.54
1564,OK,-47,-45,1071,1071,388.08,450.19,585.48,416.24,489.89,546.87
1565,OK,-56,-48,1084,1084,385.37,453.15,584.68,416.51,488.18,555.14
1566,OK,-53,-51,1082,1082,386.95,451.78,585.51,413.01,489.81,549.13
1567,OK,-47,-44,1068,1068,387.95,451.09,583.94,412.86,488.94,549.13
1568,OK,-42,-40,1058,1058,389.77,450.98,583.88,412.93,489.14,546.81
1569,OK,-52,-47,1071,1071,385.73,449.61,582.08,409.89,484.09,547.71
1570,OK,-53,-50,1077,1077,386.99,448.11,584.9,410.94,485.83,548.22
1571,OK,-49,-48,1071,1071,387.77,448.09,584.7,411.12,487.11,546.03
1572,OK,-50,-47,1068,1068,386.63,449.06,582.51,409.65,485.21,545.0
1573,OK,-43,-42,1062,1062,390.06,449.93,585.02,412.28,490.38,547.42
1574,OK,-43,-45,1064,1064,390.45,449.14,585.74,411.14,491.37,545.28
1575,OK,-41,-42,1053,1053,388.79,447.15,581.59,407.17,485.6,542.27
1576,OK,-39,-39,1048,1048,388.45,446.83,580.71,408.69,485.84,543.67
1577,OK,-35,-32,1034,1034,388.03,447.83,577.47,409.16,482.62,542.7
1578,OK,-32,-31,1034,1034,390.44,447.81,580.25,411.18,485.66,543.45
1579,OK,-35,-45,1069,1069,400.7,445.43,598.36,415.95,498.73,548.1
1580,OK,-18,-32,1070,1070,416.96,449.39,616.33,431.28,517.77,567.35
1581,OK,5,-11,1079,1079,438.61,468.66,639.73,452.78,549.77,596.7
1582,OK,34,28,1045,1045,455.94,485.24,651.12,476.12,558.65,619.32
1583,OK,42,24,1065,1065,473.75,487.15,672.96,489.51,575.6,623.81
1584,OK,47,32,1073,1073,481.31,496.32,681.87,503.91,585.88,637.83
1585,OK,61,62,1067,1067,495.36,519.33,693.8,540.36,593.87,661.57
1586,OK,49,82,1098,1098,494.99,545.71,699.55,564.45,599.94,707.05
1587,OK,5,122,1162,1162,478.08,610.17,694.43,630.02,587.6,787.66
1588,OK,-2,174,1145,1145,463.9,652.84,677.37,670.39,571.15,831.81
1589,OK,-22,202,1170,1170,448.53,697.72,667.25,704.03,568.38,874.94
1590,OK,-51,219,1188,1188,428.55,725.45,650.69,728.31,547.81,900.43
1591,OK,-64,222,1200,1200,417.36,736.03,641.66,728.18,543.12,912.45
1592,OK,-66,236,1186,1186,412.63,740.82,634.28,735.44,532.45,920.49
1593,OK,-65,245,1179,1179,410.71,744.39,631.14,742.69,528.39,924.63
1594,OK,-73,240,1189,1189,406.71,745.42,628.96,741.42,524.21,924.77
1595,OK,-68,242,1183,1183,409.69,741.53,630.95,743.67,526.12,923.97
1596,OK,-82,231,1194,1194,402.68,738.05,626.02,741.74,517.63,917.31
1597,OK,-83,224,1199,1199,403.3,735.42,627.54,739.11,517.72,910.64
1598,OK,-84,222,1201,1201,400.22,738.21,624.76,732.38,520.89,908.93
1599,OK,-91,217,1208,1208,398.38,736.93,624.27,733.7,515.6,907.81
1600,OK,-92,218,1208,1208,399.48,733.82,625.42,736.29,512.07,910.07
1601,OK,-88,215,1208,1208,401.36,734.21,627.21,730.51,519.68,906.11
1602,OK,-90,216,1206,1206,397.62,735.5,623.03,729.96,516.85,907.19
1603,OK,-85,216,1200,1200,399.91,735.41,624.21,727.94,519.93,902.04
1604,OK,-84,213,1202,1202,398.6,737.3,622.89,721.89,524.65,898.87
1605,OK,-93,215,1210,1210,393.74,739.14,619.65,725.37,519.05,909.08
1606,OK,-94,224,1195,1195,388.54,740.06,611.72,730.18,506.23,908.03
1607,OK,-77,232,1172,1172,392.35,741.35,610.88,723.34,516.41,904.44
1608,OK,-86,231,1183,1183,387.3,742.86,607.76,723.95,512.77,911.57
1609,OK,-102,226,1199,1199,379.73,746.53,602.92,724.78,502.72,915.12
1610,OK,-114,226,1211,1211,373.97,747.62,599.76,730.75,495.91,924.23
1611,OK,-114,229,1205,1205,370.5,751.12,594.87,730.58,493.92,922.54
1612,OK,-111,230,1199,1199,369.97,754.25,592.84,729.96,495.22,916.13
1613,OK,-115,228,1215,1215,371.49,757.23,597.24,731.76,500.17,925.89
1614,OK,-117,226,1216,1216,371.74,753.84,597.99,730.51,497.2,925.97
1615,OK,-115,226,1213,1213,373.92,752.05,599.79,730.59,496.77,923.56
1616,OK,-119,226,1207,1207,366.59,753.85,591.26,732.35,489.1,914.99
1617,OK,-115,230,1200,1200,371.22,749.57,595.28,737.06,487.2,917.12
1618,OK,-122,233,1202,1202,367.45,748.54,592.08,738.84,479.84,925.06
1619,OK,-122,233,1204,1204,369.58,746.83,594.75,743.4,479.32,926.21
1620,OK,-121,231,1205,1205,369.34,745.63,594.62,739.91,480.62,923.29
1621,OK,-123,226,1208,1208,365.9,746.43,591.36,731.75,483.5,921.21
1622,OK,-114,226,1197,1197,368.63,743.84,591.76,724.85,488.04,915.6
1623,OK,-106,228,1185,1185,370.88,740.99,591.42,719.68,492.3,911.05
1624,OK,-118,224,1201,1201,365.37,745.23,588.91,722.95,487.93,914.03
1625,OK,-117,227,1197,1197,364.78,744.37,587.73,723.7,485.93,916.54
1626,OK,-127,210,1218,1218,363.59,742.89,590.03,717.7,489.16,909.09
1627,OK,-101,233,1185,1185,375.64,746.95,596.74,732.89,496.24,910.95
1628,OK,-117,213,1209,1209,369.35,739.43,594.52,718.52,493.83,906.81
1629,OK,-114,209,1214,1214,374.07,741.98,599.92,719.58,499.0,903.09
1630,OK,-105,209,1198,1198,379.92,727.62,603.7,717.57,497.23,893.98
1631,OK,-108,191,1211,1211,379.35,717.69,605.35,702.87,501.83,882.7
1632,OK,-107,194,1195,1195,377.57,706.78,600.95,700.4,490.82,879.53
1633,OK,-107,177,1196,1196,378.45,692.82,602.04,688.48,492.41,861.14
1634,OK,-112,183,1197,1197,375.77,696.04,599.57,693.8,485.2,867.43
1635,OK,-115,168,1213,1213,379.27,691.21,606.11,688.57,491.24,859.9
1636,OK,-115,169,1214,1214,378.63,691.7,605.54,686.32,492.9,863.53
1637,OK,-115,168,1210,1210,378.63,686.55,604.86,687.07,488.68,861.15
1638,OK,-122,164,1217,1217,372.7,684.75,600.34,681.7,486.24,862.21
1639,OK,-122,155,1220,1220,373.31,676.48,601.42,670.44,489.94,857.06
1640,OK,-118,156,1214,1214,375.52,676.52,602.5,672.29,489.94,851.64
1641,OK,-132,144,1227,1227,369.82,669.9,599.33,666.63,478.6,847.51
1642,OK,-127,146,1211,1211,370.17,665.28,596.57,664.11,474.39,837.9
1643,OK,-139,135,1226,1226,363.36,661.51,592.68,661.17,470.83,836.43
1644,OK,-135,143,1218,1218,363.56,662.08,591.34,662.46,471.11,842.33
1645,OK,-125,147,1201,1201,365.16,661.26,589.82,662.01,473.44,833.72
1646,OK,-121,145,1192,1192,366.45,656.82,589.36,659.81,473.39,824.07
1647,OK,-118,143,1193,1193,366.81,655.57,589.83,653.47,478.77,823.81
1648,OK,-131,132,1213,1213,363.53,654.89,590.28,650.19,475.06,824.58
1649,OK,-115,142,1193,1193,370.71,655.06,593.75,652.62,480.69,822.36
1650,OK,-123,138,1202,1202,367.81,654.48,592.67,652.21,477.56,826.53
1651,OK,-125,135,1200,1200,364.05,653.7,588.42,646.21,475.62,820.51
1652,OK,-109,143,1177,1177,368.4,652.71,588.4,646.39,481.47,813.5
1653,OK,-113,141,1185,1185,369.16,653.35,590.64,646.19,478.13,816.27
1654,OK,-120,135,1196,1196,367.7,650.15,591.38,646.82,477.45,818.09
1655,OK,-117,133,1190,1190,368.84,648.71,591.33,641.87,477.49,811.74
1656,OK,-116,135,1184,1184,368.59,646.94,589.91,642.81,474.1,810.05
1657,OK,-100,162,1158,1158,374.9,657.4,591.46,661.02,476.56,823.76
1658,OK,-99,163,1154,1154,371.94,664.17,587.82,662.02,476.89,818.12
1659,OK,-104,157,1160,1160,370.65,655.91,587.62,656.43,474.68,818.38
1660,OK,-102,163,1157,1157,368.1,663.41,584.22,654.47,476.23,824.27
1661,OK,-97,154,1160,1160,376.37,654.59,593.24,653.66,482.73,815.17
1662,OK,-97,153,1153,1153,373.85,656.58,589.23,648.34,477.81,806.68
1663,OK,-97,151,1155,1155,373.46,652.62,589.44,646.38,479.4,807.92
1664,OK,-100,149,1158,1158,372.52,652.96,588.94,645.09,479.21,808.53
1665,OK,-102,146,1160,1160,369.51,652.85,586.03,639.88,478.48,806.53
1666,OK,-94,153,1149,1149,372.3,653.71,586.86,643.41,480.87,806.89
1667,OK,-102,153,1152,1152,368.24,651.68,583.69,645.89,473.11,809.47
1668,OK,-102,150,1157,1157,368.31,651.91,584.56,644.33,475.71,808.63
1669,OK,-109,146,1172,1172,368.39,654.05,587.42,646.1,476.13,814.95
1670,OK,-109,152,1170,1170,370.03,660.23,588.77,654.2,473.11,818.22
1671,OK,-109,155,1175,1175,368.74,669.74,588.06,654.9,478.28,823.46
1672,OK,-115,151,1183,1183,366.23,664.01,587.24,652.12,476.22,826.96
1673,OK,-107,154,1170,1170,368.95,659.93,587.73,653.0,478.71,822.13
1674,OK,-109,156,1174,1174,368.97,668.74,588.27,656.93,478.0,823.72
1675,OK,-104,160,1169,1169,372.31,668.82,590.71,660.01,479.85,823.75
1676,OK,-110,154,1182,1182,369.47,672.82,589.99,656.86,482.82,827.09
1677,OK,-98,168,1156,1156,369.33,677.12,584.94,661.14,484.79,824.71
1678,OK,-109,171,1172,1172,366.65,680.14,585.56,667.57,478.7,840.46
1679,OK,-119,170,1187,1187,364.82,683.75,586.64,674.21,473.45,847.52
1680,OK,-112,175,1191,1191,368.81,690.54,591.16,677.83,486.06,856.11
1681,OK,-119,176,1190,1190,365.12,686.04,587.62,681.09,477.19,859.42
1682,OK,-113,182,1185,1185,365.57,695.58,586.77,683.31,483.82,859.77
1683,OK,-106,189,1169,1169,363.85,700.89,581.67,682.36,484.63,855.09
1684,OK,-109,194,1169,1169,362.24,701.07,580.34,687.34,479.39,861.83
1685,OK,-111,196,1172,1172,363.78,698.73,582.88,694.25,477.08,868.76
1686,OK,-115,190,1189,1189,363.43,707.49,585.4,693.78,484.61,869.08
1687,OK,-118,192,1193,1193,362.45,707.64,585.35,696.06,483.82,875.29
1688,OK,-122,192,1202,1202,363.57,712.38,588.12,700.74,483.95,880.68
1689,OK,-119,196,1192,1192,362.24,712.68,584.91,700.51,480.76,878.6
1690,OK,-128,188,1213,1213,361.39,716.28,587.56,699.85,483.03,881.8
1691,OK,-129,187,1216,1216,362.5,714.2,589.43,700.82,483.87,882.52
1692,OK,-123,192,1211,1211,366.92,714.74,593.14,705.21,485.51,884.87
1693,OK,-134,179,1230,1230,364.06,710.73,593.95,703.81,483.16,882.59
1694,OK,-126,186,1204,1204,362.46,709.57,587.31,699.0,478.4,872.54
1695,OK,-128,187,1210,1210,363.81,710.79,589.92,703.28,477.76,877.79
1696,OK,-128,183,1211,1211,362.52,709.04,588.62,697.07,479.98,873.4
1697,OK,-127,184,1209,1209,362.32,707.3,588.24,697.57,478.81,874.8
1698,OK,-128,184,1208,1208,361.58,706.17,587.36,697.37,478.97,874.42
1699,OK,-124,181,1209,1209,363.41,706.21,589.05,692.34,484.35,870.87
1700,OK,-119,184,1201,1201,366.61,705.67,590.91,693.32,485.13,869.95
1701,OK,-116,186,1194,1194,366.15,703.81,589.24,692.92,484.38,868.59
1702,OK,-112,189,1188,1188,367.29,704.46,589.17,691.93,486.87,868.37
1703,OK,-115,188,1192,1192,366.03,705.52,588.51,692.26,486.45,870.5
1704,OK,-112,192,1183,1183,366.59,702.32,587.68,693.73,482.24,869.13
1705,OK,-116,189,1188,1188,364.1,701.74,586.03,692.4,481.83,869.61
1706,OK,-117,190,1191,1191,365.34,702.91,587.98,695.01,480.86,871.71
1707,OK,-107,198,1173,1173,367.12,705.39,586.28,695.15,482.22,868.74
1708,OK,-113,190,1188,1188,366.31,707.31,588.03,693.65,486.62,867.75
1709,OK,-120,188,1204,1204,367.04,710.92,591.77,697.81,484.86,875.84
1710,OK,-115,190,1209,1209,373.41,712.79,599.24,701.25,491.86,881.83
1711,OK,-116,191,1207,1207,371.7,712.69,597.06,699.39,490.0,882.45
1712,OK,-118,191,1206,1206,371.05,711.75,596.34,701.66,487.54,881.48
1713,OK,-118,193,1202,1202,368.72,715.27,593.09,701.28,486.26,880.94
1714,OK,-128,185,1209,1209,363.02,707.95,588.82,697.7,477.67,877.0
1715,OK,-119,191,1192,1192,363.92,709.36,586.46,695.97,479.51,872.96
1716,OK,-113,194,1187,1187,365.39,709.65,586.94,696.15,484.08,872.47
1717,OK,-118,190,1198,1198,365.5,711.57,589.1,696.56,486.53,873.95
1718,OK,-116,191,1194,1194,365.3,713.13,587.94,696.08,486.26,872.76
1719,OK,-116,196,1186,1186,364.7,711.92,586.17,698.4,480.0,873.66
1720,OK,-114,192,1188,1188,365.27,710.87,586.73,693.68,485.21,871.29
1721,OK,-111,190,1189,1189,365.18,710.27,586.62,690.72,490.19,867.93
1722,OK,-108,194,1180,1180,365.95,710.44,585.74,691.29,489.63,867.36
1723,OK,-110,191,1189,1189,366.75,711.76,588.23,692.05,492.09,869.26
1724,OK,-110,194,1183,1183,366.32,710.82,586.89,693.85,485.49,868.79
1725,OK,-100,202,1166,1166,372.15,706.87,589.98,696.41,486.08,868.6
1726,OK,-104,200,1174,1174,371.26,706.14,590.62,698.06,485.52,872.72
1727,OK,-103,202,1169,1169,371.15,704.99,589.61,698.09,482.55,871.97
1728,OK,-108,196,1181,1181,369.37,707.25,589.93,696.27,485.79,870.6
1729,OK,-107,198,1171,1171,366.81,706.16,585.63,695.34,481.55,866.15
1730,OK,-108,193,1172,1172,365.63,705.12,584.31,690.1,481.13,861.89
1731,OK,-114,183,1187,1187,367.12,693.49,589.07,688.63,481.8,861.12
1732,OK,-112,185,1180,1180,368.37,688.74,589.12,691.54,478.38,860.45
1733,OK,-107,184,1191,1191,378.31,691.04,601.05,695.73,488.25,864.78
1734,OK,-111,175,1204,1204,380.86,689.7,605.97,692.97,488.77,863.6
1735,OK,-112,177,1204,1204,381.45,689.99,606.54,695.26,486.62,866.79
1736,OK,-106,176,1203,1203,387.01,687.46,611.78,695.72,491.68,864.14
1737,OK,-103,178,1202,1202,389.63,688.52,614.21,698.27,495.03,865.71
1738,OK,-102,175,1207,1207,390.25,688.65,615.99,692.86,500.83,867.1
1739,OK,-105,173,1213,1213,389.36,687.7,616.12,692.65,500.44,868.41
1740,OK,-100,179,1202,1202,390.76,688.38,615.51,695.88,499.97,868.7
1741,OK,-104,175,1209,1209,389.66,689.59,615.74,694.89,498.81,866.37
1742,OK,-106,175,1206,1206,387.18,688.81,612.67,694.81,494.51,864.61
1743,OK,-105,175,1206,1206,390.57,683.82,615.75,697.27,493.28,865.82
1744,OK,-101,172,1203,1203,389.95,683.2,614.97,688.06,498.14,861.63
1745,OK,-101,165,1210,1210,394.99,678.66,621.13,687.66,501.39,858.25
1746,OK,-104,161,1215,1215,393.22,677.77,620.36,683.91,499.43,856.2
1747,OK,-93,166,1202,1202,397.33,676.36,621.9,685.82,506.45,853.9
1748,OK,-81,165,1184,1184,401.63,671.46,622.95,678.47,510.35,840.07
1749,OK,-83,167,1184,1184,400.55,671.59,621.82,679.8,507.48,843.45
1750,OK,-88,157,1194,1194,400.64,666.86,623.76,676.15,507.05,837.29
1751,OK,-82,157,1188,1188,403.76,664.29,625.69,673.81,509.65,833.05
1752,OK,-92,144,1191,1191,393.67,650.64,616.33,656.95,502.23,824.96
1753,OK,-91,127,1184,1184,392.93,632.92,614.25,640.04,499.49,803.5
1754,OK,-100,111,1198,1198,387.79,624.09,611.91,626.33,499.24,796.28
1755,OK,-91,112,1186,1186,389.88,624.4,611.66,619.68,504.91,788.01
1756,OK,-90,108,1181,1181,388.92,609.26,609.71,612.86,500.82,785.4
1757,OK,-93,102,1182,1182,388.57,608.3,609.54,610.68,497.07,777.39
1758,OK,-91,94,1176,1176,389.09,600.54,609.04,604.87,495.12,763.08
1759,OK,-88,95,1167,1167,390.09,597.2,608.16,604.01,492.52,755.49
1760,OK,-101,83,1186,1186,381.89,595.69,603.75,592.71,492.98,758.82
1761,OK,-115,78,1212,1212,380.52,594.13,607.09,597.4,489.71,772.68
1762,OK,-101,93,1188,1188,384.17,596.75,606.28,603.88,490.8,774.59
1763,OK,-107,98,1197,1197,383.54,603.37,607.33,610.68,488.38,786.11
1764,OK,-97,103,1187,1187,387.15,606.19,609.09,609.34,495.74,784.53
1765,OK,-99,99,1194,1194,388.84,605.97,611.99,611.25,497.11,784.6
1766,OK,-100,97,1195,1195,390.69,601.36,613.87,613.07,493.72,782.52
1767,OK,-106,94,1201,1201,387.42,602.41,611.83,613.71,488.93,781.73
1768,OK,-102,95,1198,1198,389.78,603.24,613.64,612.76,493.95,781.62
1769,OK,-101,97,1194,1194,387.55,608.04,610.78,611.78,493.74,778.78
1770,OK,-98,99,1189,1189,386.57,608.14,608.92,609.43,495.08,777.76
1771,OK,-100,97,1193,1193,387.46,607.58,610.51,611.24,494.23,777.3
1772,OK,-102,98,1195,1195,386.63,606.84,610.05,612.32,492.46,782.23
1773,OK,-103,96,1197,1197,386.76,605.39,610.5,611.49,492.27,780.1
1774,OK,-102,95,1198,1198,388.96,602.36,612.78,613.04,493.37,781.01
1775,OK,-105,94,1204,1204,390.96,600.19,615.51,617.0,491.59,785.35
1776,OK,-99,96,1197,1197,392.81,600.12,616.17,615.47,494.36,780.98
1777,OK,-95,98,1192,1192,394.53,601.97,616.95,616.51,497.04,779.05
1778,OK,-95,99,1191,1191,394.21,601.56,616.38,616.1,496.31,780.18
1779,OK,-96,105,1190,1190,395.55,603.69,617.08,624.4,492.77,786.88
1780,OK,-87,108,1191,1191,398.41,613.62,621.08,621.95,506.34,790.06
1781,OK,-87,115,1190,1190,398.28,620.65,620.8,626.72,506.86,796.46
1782,OK,-96,117,1208,1208,396.23,631.75,622.11,636.62,508.29,809.16
1783,OK,-107,197,1204,1204,375.1,718.69,599.72,703.4,503.44,887.33
1784,OK,-62,350,1054,1054,349.62,829.08,536.53,766.49,487.61,956.85
1785,OK,-67,108,734,734,231.54,473.06,363.14,433.79,304.64,496.63
1786,FILLED,-67,108,734,734,,,,,,
1787,FILLED,-67,108,734,734,,,,,,
1788,FILLED,-67,108,734,734,,,,,,
1789,FILLED,-67,108,734,734,,,,,,
1790,FILLED,-67,108,734,734,,,,,,
1791,FILLED,-67,108,734,734,,,,,,
1792,OK,272,327,182,182,329.68,434.46,334.77,400.77,394.22,420.3
1793,FILLED,272,327,182,182,,,,,,
1794,FILLED,272,327,182,182,,,,,,
1795,OK,-89,544,847,847,251.79,949.13,363.43,836.7,361.74,1042.36
1796,OK,-185,316,1001,1001,224.33,804.7,356.95,672.68,340.38,893.55
1797,OK,-222,16,1051,1051,208.7,532.24,377.34,431.21,313.52,601.08
1798,OK,-155,-112,1002,1002,262.39,390.96,438.07,325.45,343.37,420.79
1799,OK,-68,-200,1006,1006,347.48,304.76,532.85,272.84,429.99,318.29
