k,status,x,y,w,h,rx,ry,lx,ly,nx,ny
0,FAILED,,,,,,,,,,
1,OK,52,11,926,926,441.25,412.56,613.66,428.57,504.39,529.14
2,OK,52,12,927,927,440.33,413.55,613.11,428.87,503.68,530.66
3,OK,53,13,925,925,441.37,413.58,613.65,429.32,504.35,529.83
4,OK,53,11,926,926,441.4,412.9,613.95,428.23,504.71,529.1
5,OK,52,11,926,926,440.9,412.72,613.49,427.81,503.88,528.75
6,OK,52,10,928,928,441.42,413.04,614.36,427.85,505.39,529.25
7,OK,51,10,928,928,440.35,413.12,613.34,427.59,503.89,528.2
8,OK,51,10,929,929,440.77,412.88,613.83,427.97,503.77,529.21
9,OK,51,11,928,928,441.47,412.83,614.39,428.39,503.91,529.89
10,OK,50,7,932,932,441.41,410.73,615.07,426.51,504.54,527.86
11,OK,51,10,928,928,441.62,411.81,614.47,428.26,503.57,529.67
12,OK,50,12,927,927,439.99,413.24,612.59,428.92,501.67,529.3
13,OK,51,13,924,924,439.94,413.78,612.12,429.24,501.46,528.97
14,OK,50,14,923,923,438.47,413.89,610.43,428.44,499.49,529.09
15,OK,50,10,927,927,439.76,412.05,612.45,427.51,501.27,526.78
16,OK,48,8,930,930,439.75,412.19,612.88,428.1,501.57,527.43
17,OK,48,4,934,934,440.08,411.59,614.15,426.52,504.04,524.83
18,OK,47,0,938,938,440.55,410.29,615.41,425.41,504.89,521.61
19,OK,48,1,935,935,440.08,410.62,614.47,423.52,504.67,520.87
20,OK,50,6,933,933,440.95,411.04,614.72,426.76,505.58,525.58
21,OK,49,4,936,936,441.37,410.34,615.75,426.51,506.25,526.91
22,OK,51,6,932,932,441.36,410.35,614.96,425.83,506.0,525.97
23,OK,47,-3,941,941,440.55,409.82,615.98,422.68,507.13,519.2
24,OK,50,5,930,930,440.43,410.2,613.73,425.57,503.92,523.77
25,OK,46,-2,940,940,439.83,410.59,615.18,424.18,505.49,520.17
26,OK,47,1,938,938,440.7,409.82,615.48,425.97,504.21,522.91
27,OK,47,4,934,934,440.05,410.15,614.1,425.29,502.91,524.51
28,OK,48,6,933,933,440.19,412.16,613.93,427.77,502.91,525.71
29,OK,51,7,931,931,441.58,410.95,615.09,426.39,504.77,526.49
30,OK,51,11,929,929,440.52,412.15,613.61,428.39,503.2,529.8
31,OK,51,10,928,928,441.06,411.51,613.83,427.39,503.36,529.6
32,OK,49,9,930,930,440.49,411.63,613.59,428.15,502.26,528.96
33,OK,53,12,925,925,441.35,412.18,613.56,427.8,503.55,529.22
34,OK,54,11,926,926,442.49,412.21,614.92,428.44,506.05,528.63
35,OK,52,13,926,926,441.23,413.56,613.69,429.5,504.36,531.45
36,OK,51,11,929,929,440.24,413.92,613.45,428.76,504.12,530.63
37,OK,53,13,926,926,441.06,414.16,613.69,429.08,505.02,531.4
38,OK,53,13,927,927,441.3,414.23,613.97,429.19,505.8,531.81
39,OK,53,15,925,925,440.3,415.36,612.62,429.84,503.92,533.08
40,OK,52,15,924,924,439.6,415.78,611.95,429.59,503.2,531.59
41,OK,51,16,922,922,438.16,416.67,610.25,429.19,501.67,532.08
42,OK,50,13,927,927,438.71,416.18,611.56,428.99,502.11,529.87
43,OK,51,15,925,925,438.42,417.67,610.93,429.54,502.29,532.1
44,OK,53,17,921,921,438.86,417.18,610.76,429.21,502.18,532.5
45,OK,52,14,925,925,439.1,416.77,611.65,429.11,503.51,530.41
46,OK,51,15,925,925,438.78,418.14,611.37,429.91,502.89,531.41
47,OK,50,14,926,926,438.24,417.85,610.97,429.37,502.02,530.48
48,OK,49,14,927,927,437.71,418.49,610.68,429.84,501.44,530.63
49,OK,48,12,928,928,437.43,418.13,610.62,428.65,501.2,529.63
50,OK,50,15,924,924,437.92,418.35,610.33,429.93,501.38,530.57
51,OK,48,13,928,928,437.45,417.77,610.58,429.55,501.48,531.36
52,OK,49,13,928,928,438.53,416.1,611.44,430.28,501.16,531.54
53,OK,52,16,923,923,439.04,416.7,611.19,430.29,502.24,531.59
54,OK,50,14,925,925,438.8,414.93,611.18,429.55,500.6,530.48
55,OK,52,15,923,923,439.11,415.16,611.17,429.81,501.17,530.19
56,OK,51,14,925,925,439.65,414.1,611.97,429.37,501.75,531.32
57,OK,51,12,926,926,440.37,413.56,612.73,429.61,502.03,529.69
58,OK,53,15,921,921,439.75,413.42,611.29,429.37,500.52,529.3
59,OK,51,12,923,923,439.1,413.16,611.1,427.99,500.82,526.15
60,OK,48,4,933,933,438.75,411.92,612.7,426.07,502.96,522.61
61,OK,48,4,932,932,439.53,411.54,613.39,425.19,503.38,522.29
62,OK,46,1,936,936,438.64,411.25,613.17,424.74,502.97,521.58
63,OK,48,2,935,935,439.5,410.97,613.76,424.73,504.76,520.9
64,OK,47,2,934,934,439.09,411.04,613.17,424.54,503.18,520.74
65,OK,46,1,937,937,438.15,411.08,612.84,424.18,503.31,520.93
66,OK,50,4,931,931,439.18,412.17,612.84,424.77,504.42,520.71
67,OK,49,4,931,931,438.41,411.73,612.02,424.13,503.08,520.88
68,OK,47,-1,938,938,439.83,410.62,614.77,424.32,505.52,519.45
69,OK,49,5,931,931,438.99,411.45,612.6,424.97,503.33,521.79
70,OK,50,1,934,934,441.13,410.63,615.17,424.79,506.01,519.88
71,OK,51,5,934,934,441.98,410.08,616.0,425.42,508.05,526.34
72,OK,47,0,943,943,441.83,408.37,617.5,425.15,507.7,525.39
73,OK,49,-1,940,940,442.53,407.61,617.69,423.04,509.51,523.25
74,OK,48,3,938,938,440.72,410.82,615.59,426.04,506.31,526.72
75,OK,51,4,935,935,441.8,409.54,615.89,425.25,507.23,525.31
76,OK,49,3,934,934,440.86,409.38,614.9,424.64,505.14,524.84
77,OK,50,6,933,933,440.78,410.55,614.62,425.84,504.58,526.54
78,OK,52,9,927,927,441.45,410.58,614.07,426.09,504.24,526.3
79,OK,49,8,932,932,440.28,412.13,613.79,429.22,502.99,528.76
80,OK,50,9,931,931,441.26,411.32,614.55,428.69,503.95,528.61
81,OK,52,10,928,928,441.41,411.92,614.25,428.4,504.57,528.82
82,OK,52,11,929,929,442.04,412.47,614.87,429.54,504.86,530.92
83,OK,52,11,929,929,441.72,412.48,614.8,428.81,504.96,529.64
84,OK,50,9,931,931,441.1,411.98,614.43,428.79,503.92,529.46
85,OK,52,12,926,926,441.3,412.4,613.76,429.06,503.39,530.31
86,OK,52,11,929,929,441.77,413.55,614.74,429.79,505.52,530.16
87,OK,53,13,927,927,441.44,412.53,614.07,429.14,504.63,531.47
88,OK,54,15,923,923,441.18,413.99,613.08,429.21,504.15,531.03
89,OK,53,14,925,925,440.45,413.92,612.82,428.95,503.67,532.19
90,OK,52,13,926,926,440.15,415.03,612.74,429.42,504.14,531.24
91,OK,51,12,926,926,439.72,414.86,612.4,428.78,502.78,529.27
92,OK,52,16,922,922,439.25,416.49,611.12,430.28,501.63,532.42
93,OK,53,16,923,923,439.64,416.03,611.82,429.72,502.68,531.9
94,OK,52,16,923,923,439.29,416.42,611.37,430.42,501.71,532.36
95,OK,52,18,921,921,438.92,416.97,610.59,430.24,501.0,532.55
96,OK,52,16,923,923,439.19,416.36,611.26,429.15,502.74,531.46
97,OK,53,16,922,922,439.29,416.94,611.24,429.21,503.46,530.95
98,OK,52,15,924,924,439.22,417.04,611.57,430.2,503.23,531.53
99,OK,50,14,928,928,437.94,419.77,611.3,429.3,503.64,531.52
100,OK,46,12,931,931,436.18,418.63,609.94,428.54,500.71,531.08
101,OK,48,14,928,928,436.92,420.01,610.28,430.03,502.11,532.74
102,OK,50,15,926,926,437.51,418.5,610.3,429.88,502.5,533.48
103,OK,51,13,926,926,438.85,417.5,611.62,429.2,503.01,530.42
104,OK,52,16,923,923,439.3,415.91,611.38,430.02,501.78,531.85
105,OK,53,15,925,925,440.39,415.01,612.74,430.14,503.45,532.19
106,OK,53,13,927,927,441.06,413.86,613.81,429.69,504.61,531.81
107,OK,52,13,927,927,440.73,413.51,613.43,429.42,503.82,532.49
108,OK,52,11,927,927,440.75,412.36,613.44,428.65,503.02,528.36
109,OK,50,11,928,928,440.42,413.13,613.27,429.47,502.56,529.03
110,OK,51,9,929,929,440.51,412.0,613.59,428.21,503.16,527.59
111,OK,50,9,931,931,441.28,411.71,614.49,429.19,503.5,529.06
112,OK,48,7,934,934,440.87,411.52,614.64,428.7,503.55,529.43
113,OK,51,11,928,928,441.01,412.66,613.73,429.07,503.22,529.22
114,OK,50,12,927,927,440.05,413.02,612.48,430.27,501.35,529.57
115,OK,51,14,923,923,439.25,413.51,611.16,429.75,500.54,530.21
116,OK,52,12,927,927,441.09,412.29,613.67,428.98,503.65,529.68
117,OK,51,11,928,928,441.12,411.67,613.81,428.8,503.17,529.85
118,OK,50,9,930,930,441.23,412.37,614.32,428.75,503.76,529.38
119,OK,52,12,925,925,440.63,413.43,612.99,429.22,503.13,528.08
120,OK,51,11,926,926,440.59,412.68,613.07,429.04,502.15,528.12
121,OK,52,12,927,927,441.27,413.62,613.99,429.27,504.08,530.14
122,OK,52,12,929,929,441.1,413.1,614.01,429.32,504.81,531.38
123,OK,54,15,922,922,440.72,414.16,612.49,429.1,504.16,531.5
124,OK,54,14,925,925,441.26,414.21,613.72,429.02,505.81,531.59
125,OK,52,14,927,927,440.1,415.05,612.79,429.9,504.26,532.9
126,OK,52,15,925,925,439.19,414.67,611.58,428.81,502.87,532.6
127,OK,51,15,927,927,439.37,415.64,612.14,429.01,504.16,533.97
128,OK,52,14,927,927,439.32,415.37,612.21,427.93,504.33,532.94
129,OK,51,13,929,929,439.9,416.15,613.14,429.23,505.12,531.58
130,OK,52,16,924,924,438.75,417.23,611.19,429.33,503.38,533.44
131,OK,53,14,925,925,439.4,415.18,611.98,427.83,504.74,531.68
132,OK,51,13,928,928,439.54,415.78,612.64,427.92,505.15,532.53
133,OK,51,14,927,927,438.78,416.69,611.79,428.58,504.06,531.99
134,OK,51,11,930,930,440.27,414.81,613.69,428.0,506.61,532.44
135,OK,51,14,929,929,439.46,417.06,612.69,429.22,505.58,533.65
136,OK,53,16,924,924,439.8,417.33,612.1,429.86,504.91,534.15
137,OK,51,13,928,928,439.12,416.82,612.23,428.36,505.34,531.45
138,OK,52,13,928,928,440.03,415.33,613.22,428.0,506.12,532.78
139,OK,52,12,928,928,440.27,414.97,613.31,427.59,506.82,532.23
140,OK,52,14,926,926,439.82,415.92,612.69,427.86,505.67,532.32
141,OK,53,14,926,926,440.35,415.31,613.06,428.92,506.05,533.04
142,OK,54,14,925,925,440.93,415.11,613.35,429.36,505.31,531.5
143,OK,53,13,926,926,441.23,413.74,613.72,428.68,505.92,530.94
144,OK,52,11,929,929,440.96,413.93,614.06,429.58,505.36,528.93
145,OK,52,12,929,929,441.36,413.48,614.34,429.65,505.87,531.03
146,OK,50,10,932,932,440.58,413.15,614.11,428.75,504.86,531.66
147,OK,50,11,930,930,440.45,413.35,613.66,430.22,503.26,531.14
148,OK,51,11,930,930,441.16,413.0,614.32,429.6,504.7,531.56
149,OK,51,10,929,929,440.93,411.69,613.99,428.03,503.92,528.63
150,OK,52,11,926,926,441.58,411.48,613.96,427.8,504.22,528.99
151,OK,51,10,929,929,440.6,412.82,613.57,428.29,503.42,529.28
152,OK,52,10,926,926,441.16,411.7,613.55,428.53,502.8,527.39
153,OK,51,10,929,929,441.41,411.94,614.33,428.74,504.13,529.11
154,OK,52,13,925,925,440.53,412.87,612.82,428.96,502.41,529.73
155,OK,47,6,936,936,439.89,411.71,614.19,427.31,503.4,528.81
156,OK,51,9,933,933,441.59,412.8,615.37,427.89,506.02,529.72
157,OK,50,11,930,930,440.19,413.56,613.37,428.79,503.87,531.07
158,OK,51,9,932,932,441.92,412.41,615.51,428.27,506.7,529.68
159,OK,53,12,929,929,441.76,414.11,614.87,429.76,505.69,531.6
160,OK,52,13,928,928,441.15,414.55,614.16,429.33,505.84,532.18
161,OK,52,12,929,929,441.27,414.08,614.28,429.24,505.79,531.93
162,OK,53,12,928,928,442.04,414.59,614.97,429.51,507.1,531.67
163,OK,53,14,927,927,441.25,414.5,614.02,429.46,505.79,532.64
164,OK,52,10,931,931,441.58,413.75,615.01,428.72,507.54,530.67
165,OK,51,10,932,932,441.43,414.05,615.05,429.62,507.19,531.5
166,OK,53,13,928,928,440.61,415.75,613.76,428.81,507.45,533.09
167,OK,52,12,928,928,440.14,414.85,613.23,428.46,505.8,531.65
168,OK,53,13,927,927,440.3,414.63,613.06,428.3,505.44,532.12
169,OK,53,13,928,928,440.97,414.8,614.03,428.7,506.92,533.51
170,OK,51,11,932,932,441.06,414.53,614.81,427.92,507.68,533.86
171,OK,51,12,930,930,440.56,414.7,613.85,429.14,506.64,533.56
172,OK,53,14,926,926,440.63,415.56,613.39,428.74,506.73,533.31
173,OK,53,12,929,929,440.94,414.41,614.07,428.41,506.78,532.09
174,OK,53,12,929,929,441.01,414.08,614.23,428.33,506.76,531.5
175,OK,52,13,928,928,440.05,415.51,613.06,428.5,506.22,532.96
176,OK,53,15,924,924,439.75,416.29,612.14,428.82,505.49,532.68
177,OK,53,14,927,927,440.6,415.44,613.48,429.75,505.88,533.11
178,OK,53,15,926,926,441.09,415.55,613.61,430.33,505.69,533.17
179,OK,54,17,921,921,439.41,415.53,611.12,429.76,503.3,532.64
180,OK,55,16,921,921,440.64,415.13,612.45,428.88,505.03,530.32
181,OK,54,14,926,926,441.55,414.75,614.05,429.71,506.24,531.89
182,OK,53,13,928,928,441.97,414.53,614.84,430.3,507.0,532.62
183,OK,51,12,928,928,440.29,414.59,613.3,429.51,504.29,531.84
184,OK,50,9,932,932,441.0,412.45,614.5,428.44,504.79,530.19
185,OK,50,8,932,932,441.25,411.96,614.84,428.78,504.09,529.57
186,OK,53,11,926,926,441.67,411.76,614.04,428.47,504.28,529.29
187,OK,51,10,929,929,441.03,412.17,614.04,427.72,503.49,528.59
188,OK,52,10,929,929,442.37,411.44,615.32,427.94,504.87,529.96
189,OK,53,11,927,927,441.97,412.24,614.53,428.19,504.61,528.99
190,OK,53,11,926,926,442.02,411.56,614.43,427.8,504.68,529.44
191,OK,52,12,925,925,441.13,411.18,613.34,428.27,502.64,528.74
192,OK,52,12,926,926,441.37,412.61,613.87,428.99,503.51,529.84
193,OK,51,9,931,931,441.95,411.72,615.25,427.95,505.37,528.48
194,OK,52,12,929,929,441.85,413.1,614.81,429.16,505.06,531.13
195,OK,52,12,928,928,441.61,412.36,614.39,428.99,504.75,531.51
196,OK,50,10,932,932,441.19,413.36,614.68,429.65,505.11,531.08
197,OK,52,11,928,928,441.12,413.51,614.03,428.56,505.31,530.16
198,OK,51,11,931,931,440.75,414.1,614.25,429.28,505.32,531.53
199,OK,52,13,929,929,440.55,415.33,613.73,429.41,505.55,532.13
200,OK,52,12,928,928,440.7,415.49,613.73,429.0,506.18,531.61
201,OK,52,15,925,925,439.18,416.29,611.77,429.37,504.09,532.0
202,OK,53,15,925,925,439.93,415.92,612.36,429.67,504.49,532.39
203,OK,53,14,926,926,440.51,415.31,613.09,429.17,505.29,532.44
204,OK,52,15,924,924,439.43,416.51,611.79,428.83,504.26,533.1
205,OK,52,16,924,924,439.32,416.81,611.57,429.77,503.94,533.9
206,OK,53,17,923,923,438.91,417.12,611.06,429.03,503.96,533.74
207,OK,52,13,926,926,439.44,415.47,612.17,428.73,504.4,530.75
208,OK,53,14,925,925,439.94,415.05,612.44,428.08,505.13,532.04
209,OK,52,12,928,928,440.28,415.28,613.47,427.76,506.71,531.77
210,OK,54,15,925,925,440.38,415.55,613.02,428.09,506.32,532.89
211,OK,53,12,929,929,441.05,414.24,614.19,428.17,507.01,531.41
212,OK,52,12,928,928,440.83,415.1,613.83,428.5,506.26,531.4
213,OK,55,17,921,921,440.55,416.04,612.33,429.71,504.45,532.81
214,OK,54,16,923,923,440.21,415.75,612.23,429.37,504.76,532.49
215,OK,54,14,927,927,440.82,415.0,613.59,428.83,506.86,532.54
216,OK,55,16,922,922,440.82,415.39,612.72,429.04,505.51,532.24
217,OK,53,16,923,923,439.1,416.55,611.23,430.09,503.01,532.39
218,OK,51,14,926,926,439.69,414.93,612.33,429.81,503.65,533.03
219,OK,54,15,922,922,441.05,413.95,612.87,429.32,504.75,530.76
220,OK,52,12,928,928,440.59,414.4,613.58,429.58,505.21,530.83
221,OK,51,11,930,930,440.84,414.09,614.21,429.31,505.49,531.27
222,OK,51,13,929,929,440.67,413.88,613.64,430.22,504.35,532.68
223,OK,51,11,931,931,440.89,413.25,614.36,429.2,504.83,531.96
224,OK,50,9,932,932,441.64,411.44,615.0,428.94,504.77,531.16
225,OK,51,10,931,931,441.62,411.98,614.87,429.63,504.65,530.97
226,OK,52,11,929,929,441.39,412.72,614.36,428.3,504.57,530.95
227,OK,53,12,926,926,441.63,412.06,614.04,428.86,504.18,530.14
228,OK,51,11,928,928,441.34,412.13,614.06,429.32,503.33,530.82
229,OK,52,12,927,927,441.1,412.43,613.78,428.99,503.61,529.59
230,OK,52,11,928,928,441.28,412.68,614.15,428.58,505.12,529.54
231,OK,51,12,928,928,441.02,413.2,613.82,428.62,504.07,531.41
232,OK,51,11,930,930,440.89,413.67,614.25,428.73,505.46,531.97
233,OK,51,12,931,931,441.26,414.25,614.64,429.5,505.62,532.53
234,OK,50,10,933,933,440.75,414.31,614.56,429.18,506.06,531.86
235,OK,53,13,928,928,441.72,414.11,614.72,429.16,507.01,532.42
236,OK,55,16,925,925,441.88,416.0,614.29,430.49,507.36,534.27
237,OK,53,13,931,931,441.75,415.12,615.18,429.76,507.61,534.23
238,OK,54,13,928,928,441.42,414.82,614.45,428.57,508.07,532.72
239,OK,54,13,929,929,441.64,414.28,614.78,428.22,508.34,533.19
240,OK,54,11,930,930,442.07,414.45,615.57,427.97,509.35,532.59
241,OK,49,9,932,932,439.13,415.76,613.05,426.81,504.34,530.58
242,OK,51,13,929,929,438.85,416.93,612.41,426.92,504.47,532.88
243,OK,52,10,933,933,441.13,415.63,615.2,426.97,509.0,531.9
244,OK,53,11,932,932,441.83,415.32,615.76,427.62,509.54,532.57
245,OK,53,12,930,930,441.74,414.97,615.15,428.18,509.24,533.11
246,OK,52,10,933,933,441.4,414.12,615.4,427.66,508.39,532.95
247,OK,53,14,929,929,440.85,415.62,614.2,428.58,508.32,534.92
248,OK,54,11,933,933,443.37,413.9,617.31,427.86,511.49,533.57
249,OK,53,11,932,932,442.46,415.05,616.21,428.26,510.53,532.57
250,OK,52,10,932,932,441.97,414.27,615.74,428.39,509.05,532.58
251,OK,53,12,930,930,441.47,414.85,615.0,428.07,508.79,533.85
252,OK,53,12,930,930,441.8,414.69,615.25,428.8,508.55,533.23
253,OK,53,12,928,928,441.09,415.19,614.23,427.7,507.99,531.83
254,OK,53,12,931,931,441.75,414.53,615.29,428.16,508.64,532.85
255,OK,54,13,928,928,441.98,414.79,615.01,428.91,508.59,533.4
256,OK,53,12,930,930,441.88,414.09,615.21,428.67,507.96,533.21
257,OK,54,13,928,928,441.73,415.35,614.68,429.62,508.46,533.48
258,OK,54,13,928,928,442.09,415.25,615.08,429.59,508.65,533.26
259,OK,52,13,928,928,440.77,414.45,613.66,428.76,506.24,532.7
260,OK,53,12,928,928,441.73,413.95,614.74,427.92,507.69,532.34
261,OK,52,10,930,930,441.76,412.76,615.04,428.23,506.9,530.94
262,OK,52,11,931,931,441.76,412.46,615.09,428.47,506.19,532.27
263,OK,47,6,936,936,440.33,411.86,614.58,427.89,503.82,528.18
264,OK,46,1,941,941,440.37,411.45,615.72,425.61,504.72,525.16
265,OK,50,9,931,931,440.29,413.1,613.91,427.43,503.82,528.8
266,OK,49,9,932,932,440.89,411.97,614.51,427.65,504.26,530.28
267,OK,50,10,932,932,440.83,412.6,614.34,428.54,504.68,531.8
268,OK,51,11,931,931,440.66,413.22,614.05,428.89,504.79,531.18
269,OK,52,12,928,928,441.74,412.43,614.46,429.33,504.77,531.82
270,OK,51,10,930,930,441.97,412.02,615.02,428.92,505.33,530.35
271,OK,51,11,930,930,441.5,413.39,614.68,429.08,505.76,532.71
272,OK,52,12,928,928,441.65,412.9,614.49,428.52,505.83,531.74
273,OK,53,12,928,928,442.34,413.08,615.22,428.68,506.95,531.62
274,OK,53,10,930,930,442.79,411.82,616.07,427.95,507.82,531.48
275,OK,52,14,928,928,441.11,415.09,614.08,429.56,506.24,534.91
276,OK,55,15,927,927,442.21,414.79,614.9,429.73,507.65,533.98
277,OK,53,14,928,928,440.94,415.12,613.96,429.13,506.62,534.31
278,OK,53,14,929,929,440.75,415.31,614.04,428.71,507.2,534.18
279,OK,52,12,930,930,441.08,415.49,614.43,429.05,507.24,533.46
280,OK,54,15,926,926,441.4,414.87,614.02,428.9,507.18,534.35
281,OK,54,14,927,927,441.15,414.65,614.04,428.22,507.83,533.15
282,OK,52,11,931,931,441.09,414.17,614.75,427.75,507.82,531.87
283,OK,53,14,929,929,441.13,415.58,614.27,429.64,507.38,534.05
284,OK,54,14,927,927,441.66,415.14,614.5,429.22,507.13,532.68
285,OK,54,14,927,927,441.22,415.93,614.09,429.2,507.89,532.88
286,OK,54,13,929,929,441.76,413.96,614.88,429.43,507.83,532.54
287,OK,50,11,930,930,438.28,417.65,612.06,426.32,505.11,530.91
288,OK,51,12,931,931,439.24,418.08,613.23,426.98,506.1,531.75
289,OK,51,13,929,929,438.85,416.88,612.25,428.5,505.15,532.96
290,OK,53,13,929,929,440.78,416.34,613.99,429.24,507.15,533.08
291,OK,52,14,928,928,440.18,416.58,613.26,428.94,506.6,533.3
292,OK,53,15,927,927,440.82,415.65,613.55,430.06,506.32,534.82
293,OK,52,14,929,929,440.42,415.71,613.56,429.76,506.55,534.07
294,OK,50,10,932,932,439.8,414.93,613.56,428.52,505.93,531.21
295,OK,50,9,932,932,440.9,413.4,614.61,428.47,505.89,529.84
296,OK,52,12,928,928,440.88,414.19,613.91,428.54,506.57,530.72
297,OK,50,11,931,931,440.36,413.19,613.69,428.95,504.88,531.21
298,OK,50,11,930,930,440.89,412.51,614.11,428.91,504.34,531.3
299,OK,51,10,931,931,441.44,411.76,614.69,428.47,504.88,530.82
300,OK,51,10,930,930,441.35,411.98,614.44,428.94,504.69,531.48
301,OK,51,9,930,930,441.25,411.12,614.44,427.88,504.47,529.49
302,OK,49,5,932,932,440.61,411.03,614.26,425.84,504.27,525.49
303,OK,48,-3,942,942,442.0,410.32,617.63,423.75,508.5,520.44
304,OK,42,-4,947,947,438.93,410.93,615.67,423.06,504.41,521.53
305,OK,49,4,932,932,440.39,411.41,614.14,424.91,504.42,523.14
306,OK,53,7,928,928,441.75,410.71,614.73,425.49,506.11,524.46
307,OK,51,5,931,931,441.32,409.52,614.74,425.45,505.07,523.79
308,OK,52,7,929,929,441.22,411.02,614.31,426.0,504.82,525.2
309,OK,52,9,929,929,441.15,411.41,614.28,426.44,505.31,527.19
310,OK,53,8,926,926,442.16,410.02,614.64,425.67,505.25,525.38
311,OK,53,8,929,929,442.11,410.33,615.07,426.86,505.55,527.28
312,OK,51,8,932,932,442.1,411.32,615.63,427.92,505.76,530.36
313,OK,55,11,926,926,443.36,410.71,615.71,427.6,507.24,528.91
314,OK,53,11,929,929,441.49,412.35,614.53,427.66,506.5,531.27
315,OK,52,10,930,930,442.08,411.79,615.18,428.25,506.51,530.17
316,OK,51,10,932,932,441.51,412.97,615.03,429.02,506.87,532.16
317,OK,53,12,927,927,441.47,413.24,614.18,428.7,506.17,530.73
318,OK,52,11,930,930,441.14,413.09,614.43,428.67,506.77,531.16
319,OK,51,10,932,932,441.46,413.58,615.06,429.16,506.76,531.73
320,OK,51,11,930,930,441.27,413.08,614.49,429.02,505.8,531.51
321,OK,53,11,929,929,441.91,413.6,615.01,428.82,507.39,530.49
322,OK,54,13,926,926,441.31,414.76,613.89,429.7,506.42,531.59
323,OK,52,11,930,930,441.49,413.52,614.66,429.33,507.29,531.82
324,OK,55,14,925,925,441.78,414.47,614.18,429.47,507.13,531.01
325,OK,52,10,930,930,441.33,413.46,614.58,428.76,506.7,530.27
326,OK,51,10,932,932,440.58,414.53,614.38,428.83,507.18,532.17
327,OK,53,13,928,928,440.9,415.36,613.85,429.88,507.3,532.73
328,OK,53,12,929,929,441.34,414.2,614.34,429.82,506.93,531.43
329,OK,53,12,929,929,441.01,414.74,614.12,428.98,507.44,530.67
330,OK,47,8,934,934,437.73,415.17,611.99,426.69,503.41,529.97
331,OK,48,8,934,934,438.59,416.8,612.97,427.43,505.11,529.16
332,OK,47,9,932,932,437.41,415.38,611.33,427.12,501.65,529.55
333,OK,48,8,933,933,438.72,413.67,612.76,426.28,503.53,529.22
334,OK,51,11,928,928,440.16,413.48,613.15,427.94,505.02,530.12
335,OK,51,11,931,931,440.45,413.39,613.88,428.92,505.13,531.65
336,OK,53,11,929,929,441.79,412.76,614.93,428.12,507.6,529.74
337,OK,53,9,929,929,441.56,412.0,614.59,427.24,506.8,528.3
338,OK,53,11,927,927,440.86,411.98,613.6,427.44,504.97,529.87
339,OK,53,9,928,928,442.36,410.81,615.03,427.88,505.96,528.11
340,OK,53,10,927,927,441.99,410.84,614.68,427.09,505.23,527.11
341,OK,53,6,929,929,442.22,409.03,615.3,423.63,506.82,525.14
342,OK,54,7,926,926,441.94,410.55,614.51,424.65,506.2,524.2
343,OK,53,7,928,928,441.36,410.51,614.34,424.62,506.25,525.44
344,OK,54,7,927,927,442.28,409.4,615.03,424.02,507.16,523.97
345,OK,51,3,934,934,442.36,408.23,616.37,424.17,507.78,524.92
346,OK,54,6,929,929,442.2,408.61,615.43,422.6,508.17,524.59
347,OK,51,0,937,937,441.78,406.97,616.37,422.11,509.0,522.28
348,OK,50,-1,938,938,442.01,407.5,616.8,422.42,509.27,521.62
349,OK,50,2,935,935,440.24,407.94,614.52,421.94,507.56,523.14
350,OK,49,-2,938,938,440.08,407.16,615.02,420.48,508.67,520.96
351,OK,49,-4,943,943,441.73,405.5,617.56,420.05,511.72,521.28
352,OK,47,-4,942,942,440.41,406.46,615.94,421.16,508.91,521.25
353,OK,50,-1,937,937,441.47,405.89,615.99,420.86,509.04,522.24
354,OK,50,-1,936,936,440.97,406.82,615.4,421.03,508.37,522.01
355,OK,50,1,938,938,441.85,405.94,616.42,422.67,509.31,526.11
356,OK,51,3,934,934,441.39,407.42,615.32,422.81,509.05,525.18
357,OK,50,1,936,936,441.48,407.04,615.83,421.79,509.21,523.75
358,OK,51,1,934,934,441.68,406.86,615.82,421.56,508.66,523.56
359,OK,51,1,937,937,441.93,406.45,616.51,421.76,509.44,524.1
360,OK,49,-2,942,942,441.7,407.1,617.26,422.42,511.0,523.42
361,OK,50,-3,941,941,442.99,407.1,618.28,421.83,511.08,520.63
362,OK,42,-8,953,953,440.87,407.84,618.46,422.78,507.75,522.05
363,OK,49,-2,941,941,442.18,407.34,617.45,422.78,509.58,522.75
364,OK,52,2,935,935,442.37,408.39,616.64,423.52,508.67,522.9
365,OK,51,6,930,930,441.68,409.42,614.76,425.96,505.66,526.17
366,OK,49,6,935,935,441.26,411.26,615.43,427.31,505.42,528.39
367,OK,51,6,932,932,441.85,410.23,615.39,426.31,506.24,525.91
368,OK,53,11,926,926,441.29,411.05,613.64,427.39,504.66,529.05
369,OK,51,7,930,930,441.65,410.63,614.84,426.39,505.68,527.33
370,OK,52,7,933,933,442.21,410.0,615.95,425.6,506.99,528.82
371,OK,52,7,932,932,442.39,410.04,615.91,426.41,506.87,528.22
372,OK,52,11,929,929,441.28,412.49,614.4,427.07,505.82,530.7
373,OK,51,9,931,931,441.01,411.94,614.59,426.74,505.78,528.79
374,OK,50,7,933,933,441.08,411.04,614.84,426.58,505.88,527.56
375,OK,52,8,932,932,442.34,411.44,615.88,426.94,507.47,529.0
376,OK,52,9,929,929,441.53,411.3,614.59,426.58,505.73,528.38
377,OK,52,9,931,931,441.86,411.54,615.23,427.16,506.75,529.17
378,OK,52,8,930,930,441.73,410.65,614.94,426.51,506.53,528.8
379,OK,52,9,931,931,441.4,412.48,614.93,427.15,506.88,529.7
380,OK,51,8,932,932,441.98,411.25,615.5,427.31,506.64,529.61
381,OK,51,7,933,933,441.36,410.96,615.1,426.46,506.23,528.52
382,OK,51,8,932,932,441.39,411.71,615.17,426.09,507.54,529.25
383,OK,52,8,930,930,441.81,410.41,615.07,425.91,506.41,529.22
384,OK,51,6,934,934,442.22,410.3,616.19,425.88,507.66,528.31
385,OK,52,10,928,928,441.37,411.67,614.32,427.04,505.94,529.43
386,OK,53,8,930,930,442.25,410.65,615.49,426.54,507.8,528.39
387,OK,52,9,930,930,441.54,411.25,614.91,426.36,506.58,529.57
388,OK,52,9,929,929,441.35,411.59,614.39,426.56,505.59,528.69
389,OK,54,9,928,928,442.6,410.49,615.47,426.56,507.33,529.28
390,OK,53,9,929,929,442.02,410.69,615.04,426.54,506.26,528.94
391,OK,52,9,930,930,441.5,412.25,614.76,426.74,506.62,529.21
392,OK,51,8,930,930,441.3,411.35,614.53,426.47,505.31,529.08
393,OK,51,9,930,930,441.17,410.9,614.47,426.75,505.13,529.85
394,OK,53,8,929,929,442.2,409.86,615.24,424.79,506.88,526.96
395,OK,52,6,931,931,442.11,409.75,615.59,425.34,506.1,525.24
396,OK,52,5,931,931,441.91,409.27,615.41,424.88,506.11,524.76
397,OK,52,5,930,930,442.37,409.13,615.68,424.91,506.58,523.95
398,OK,49,2,936,936,441.78,408.75,616.17,424.07,506.89,524.31
399,OK,53,5,931,931,442.65,408.01,616.08,424.26,508.08,525.04
400,OK,46,-4,945,945,441.02,407.28,617.06,422.23,508.62,522.53
401,OK,52,-2,939,939,443.15,406.72,618.17,422.14,511.42,520.43
402,OK,49,-9,946,946,442.82,406.9,619.19,420.41,513.37,515.95
403,OK,47,-6,946,946,441.36,407.03,617.71,421.63,512.18,521.26
404,OK,49,-8,947,947,442.6,404.46,619.12,419.65,513.79,519.93
405,OK,48,-6,944,944,441.46,405.71,617.44,419.72,511.89,519.91
406,OK,48,-5,943,943,439.97,406.4,615.97,419.16,510.63,520.28
407,OK,45,-9,948,948,439.46,405.5,616.26,418.88,510.28,519.51
408,OK,47,-7,945,945,440.68,404.47,616.74,419.49,510.3,519.11
409,OK,44,-10,950,950,439.72,405.26,616.87,419.31,510.27,518.56
410,OK,46,-8,946,946,439.54,405.64,616.0,418.1,510.44,518.59
411,OK,44,-11,951,951,439.41,405.04,616.73,418.59,510.34,516.9
412,OK,42,-10,951,951,437.74,406.33,615.21,419.31,508.2,518.67
413,OK,44,-11,948,948,439.05,405.04,615.85,417.68,509.9,515.43
414,OK,48,-7,943,943,440.35,404.15,616.11,417.88,510.03,517.98
415,OK,48,-10,949,949,442.57,403.44,619.49,418.29,514.54,518.23
416,OK,48,-8,948,948,442.93,403.72,619.44,419.71,514.15,520.68
417,OK,48,-8,947,947,441.93,404.31,618.35,419.49,513.51,519.59
418,OK,49,-8,947,947,442.48,403.39,618.89,418.27,513.59,520.14
419,OK,45,-10,950,950,440.37,404.11,617.44,418.69,511.65,520.37
420,OK,47,-10,951,951,442.06,403.3,619.29,418.27,514.1,519.41
421,OK,48,-9,948,948,442.94,403.31,619.52,419.29,514.12,519.92
422,OK,48,-9,949,949,442.62,403.21,619.52,418.72,513.83,519.99
423,OK,46,-10,952,952,442.22,404.09,619.48,420.14,513.44,520.04
424,OK,49,-5,945,945,442.25,405.67,618.33,421.26,512.58,521.07
425,OK,43,-8,951,951,439.62,407.79,616.99,421.41,508.37,521.13
426,OK,45,-9,952,952,441.88,406.43,619.34,421.44,511.76,520.43
427,OK,46,-3,944,944,440.83,408.34,616.82,422.95,508.63,522.49
428,OK,47,-3,945,945,441.58,408.42,617.69,422.8,509.32,523.64
429,OK,44,-8,950,950,441.44,407.51,618.42,422.36,509.4,520.63
430,OK,48,-2,940,940,441.78,407.02,616.99,422.29,508.43,523.28
431,OK,50,1,936,936,441.74,408.77,616.33,422.77,508.37,523.32
432,OK,50,2,936,936,441.38,409.79,615.87,423.8,507.95,523.68
433,OK,50,1,937,937,442.04,408.54,616.79,422.84,508.47,523.09
434,OK,50,2,937,937,441.95,408.79,616.56,423.63,508.08,524.05
435,OK,48,-2,943,943,441.59,409.15,617.47,423.0,509.46,522.32
436,OK,39,-11,958,958,439.67,408.93,618.37,422.09,507.2,521.42
437,OK,46,-2,945,945,441.29,409.41,617.4,423.97,508.36,525.04
438,OK,48,1,940,940,441.81,409.98,617.13,423.99,508.23,526.36
439,OK,52,4,934,934,442.82,408.77,616.74,424.36,508.23,526.43
440,OK,51,4,934,934,442.22,409.3,616.19,424.27,507.91,526.94
441,OK,49,3,936,936,442.11,409.42,616.38,425.2,506.72,526.18
442,OK,50,2,936,936,442.03,408.15,616.44,423.68,507.7,524.81
443,OK,52,5,933,933,442.36,409.55,616.36,423.84,508.62,525.61
444,OK,51,1,936,936,442.77,407.9,617.26,422.97,508.47,523.86
445,OK,53,6,931,931,442.38,409.08,615.88,424.31,507.21,527.25
446,OK,51,4,933,933,441.85,408.93,615.66,423.55,506.81,524.84
447,OK,52,5,935,935,443.38,408.71,617.61,424.76,508.93,527.99
448,OK,54,8,933,933,443.79,410.43,617.69,425.07,510.31,531.61
449,OK,54,7,934,934,444.01,410.46,618.12,425.4,511.1,531.31
450,OK,54,7,934,934,444.65,409.7,618.7,424.8,511.92,532.74
451,OK,53,7,934,934,443.63,409.66,617.67,424.81,510.09,532.12
452,OK,56,5,934,934,445.09,407.54,619.17,422.37,514.27,529.69
453,OK,55,5,933,933,444.04,406.31,617.91,420.59,511.52,529.12
454,OK,53,2,939,939,444.04,405.94,619.17,419.21,512.57,530.46
455,OK,50,2,940,940,442.95,407.02,618.24,420.22,511.06,531.59
456,OK,53,5,935,935,443.36,407.86,617.71,422.35,510.46,530.81
457,OK,45,1,945,945,440.99,410.51,617.22,425.16,505.96,528.55
458,OK,53,2,935,935,442.74,406.03,616.95,420.38,510.43,526.1
459,OK,49,-1,941,941,441.16,406.09,616.73,419.06,509.45,526.82
460,OK,52,-3,943,943,444.7,404.72,620.55,419.06,513.87,524.75
461,OK,49,-6,947,947,443.72,404.01,620.31,417.42,513.9,523.98
462,OK,48,-6,946,946,442.9,404.28,619.33,417.79,512.69,524.12
463,OK,47,-6,945,945,441.32,404.6,617.55,417.35,509.99,522.43
464,OK,47,-4,946,946,442.51,404.42,618.84,419.46,511.27,526.46
465,OK,46,-6,949,949,441.61,404.38,618.49,419.9,510.47,525.03
466,OK,45,-8,948,948,441.35,403.73,618.0,418.47,509.82,522.7
467,OK,49,-5,941,941,441.71,403.39,617.09,417.84,509.36,520.5
468,OK,49,-6,941,941,442.03,402.72,617.42,416.36,510.14,519.08
469,OK,51,-6,941,941,443.02,401.42,618.51,414.52,513.09,520.11
470,OK,52,-7,941,941,443.67,400.15,619.13,414.01,513.72,520.59
471,OK,49,-9,944,944,442.58,398.62,618.55,412.95,512.66,520.6
472,OK,50,-13,947,947,443.25,397.2,619.84,410.19,515.98,517.43
473,OK,50,-13,949,949,443.51,397.85,620.6,409.79,516.71,518.45
474,OK,48,-15,952,952,442.77,398.89,620.42,409.6,517.07,518.77
475,OK,47,-20,954,954,442.52,396.89,620.71,406.82,517.58,513.6
476,OK,50,-17,949,949,443.1,397.78,620.46,406.57,517.92,513.14
477,OK,48,-20,952,952,442.87,396.95,620.63,407.04,516.99,510.7
478,OK,47,-20,954,954,443.02,396.71,621.2,407.62,517.02,512.17
479,OK,51,-16,947,947,443.45,397.78,620.26,407.9,516.8,513.08
480,OK,48,-18,951,951,442.49,397.89,620.13,407.42,516.57,511.94
481,OK,46,-19,953,953,441.39,397.75,619.28,408.52,515.41,511.68
482,OK,48,-18,951,951,442.12,397.81,619.75,407.19,516.5,512.94
483,OK,48,-18,953,953,443.22,396.95,621.15,407.17,517.2,514.81
484,OK,50,-17,949,949,444.06,396.52,621.26,407.48,517.3,513.28
485,OK,49,-16,948,948,443.03,396.63,620.12,406.84,516.34,514.56
486,OK,50,-17,946,946,443.21,396.8,619.89,406.25,516.21,511.31
487,OK,49,-18,950,950,442.75,396.48,620.12,406.95,516.61,512.37
488,OK,49,-16,948,948,442.56,398.05,619.62,409.04,516.26,512.78
489,OK,42,-21,961,961,440.58,400.16,619.98,412.25,514.1,511.93
490,OK,47,-18,952,952,442.9,397.18,620.43,410.76,516.19,513.74
491,OK,47,-18,953,953,442.05,396.98,619.83,410.58,515.27,514.06
492,OK,47,-18,951,951,441.62,396.65,619.03,409.62,514.71,512.56
493,OK,49,-17,948,948,442.5,397.31,619.4,409.66,515.36,512.31
494,OK,49,-18,949,949,442.32,396.7,619.57,407.26,516.74,510.93
495,OK,49,-19,951,951,443.27,396.46,620.72,407.45,517.0,511.95
496,OK,49,-18,949,949,442.43,396.45,619.62,407.51,516.24,510.41
497,OK,48,-19,951,951,441.68,397.75,619.4,406.55,516.18,511.47
498,OK,49,-17,948,948,442.52,397.42,619.52,408.47,516.33,511.9
499,OK,47,-20,951,951,441.71,396.76,619.29,407.13,514.97,509.67
500,OK,47,-19,953,953,442.21,396.78,620.15,408.22,516.09,512.39
501,OK,48,-17,949,949,441.44,398.07,618.75,407.81,515.4,511.66
502,OK,49,-16,946,946,442.49,397.47,619.08,408.48,514.99,511.94
503,OK,46,-21,952,952,440.95,397.74,618.8,407.42,515.32,509.34
504,OK,47,-18,949,949,440.49,397.07,617.62,407.96,513.0,510.68
505,OK,39,-20,961,961,439.73,400.48,618.89,415.57,510.39,513.56
506,OK,46,-20,954,954,443.32,396.28,621.15,411.13,515.56,511.48
507,OK,47,-17,949,949,441.82,396.87,618.75,409.98,513.63,512.47
508,OK,46,-18,950,950,440.69,397.61,618.04,409.35,513.43,511.49
509,OK,45,-18,953,953,440.98,396.93,618.67,410.06,512.38,513.26
510,OK,49,-14,947,947,442.13,398.0,618.91,408.73,514.73,515.68
511,OK,48,-16,947,947,440.78,398.35,617.61,408.08,513.96,511.53
512,OK,45,-16,948,948,439.48,398.31,616.47,409.03,511.29,513.83
513,OK,46,-18,951,951,440.61,397.76,618.13,408.24,514.48,511.45
514,OK,49,-14,946,946,441.85,398.05,618.49,408.61,514.6,514.85
515,OK,45,-19,953,953,440.81,397.36,618.65,408.9,513.32,511.55
516,OK,46,-19,950,950,440.45,396.98,617.86,407.39,513.46,509.93
517,OK,48,-17,947,947,441.06,397.92,617.83,407.72,514.38,509.55
518,OK,47,-18,948,948,440.79,397.5,617.89,407.52,514.01,510.49
519,OK,48,-17,948,948,441.43,398.04,618.44,408.51,515.17,512.57
520,OK,46,-19,950,950,440.62,397.29,618.16,406.4,514.21,510.62
521,OK,46,-19,952,952,441.07,397.51,618.88,407.53,514.32,512.53
522,OK,44,-23,957,957,441.06,396.96,619.8,406.2,515.05,509.41
523,OK,45,-22,957,957,441.59,396.2,620.28,407.07,515.62,510.42
524,OK,45,-21,954,954,441.86,396.55,619.98,407.04,514.83,511.04
525,OK,46,-22,955,955,442.14,395.97,620.47,406.73,515.3,510.2
526,OK,45,-23,957,957,441.88,395.21,620.57,405.75,515.22,510.34
527,OK,47,-18,950,950,441.77,396.19,619.14,407.75,514.24,512.04
528,OK,46,-21,953,953,442.06,395.45,619.82,407.31,514.62,510.05
529,OK,42,-26,960,960,441.04,395.41,620.16,406.56,515.12,508.15
530,OK,46,-21,955,955,442.15,395.45,620.44,406.7,515.32,512.19
531,OK,46,-22,957,957,442.49,395.33,621.05,407.82,516.37,510.58
532,OK,44,-23,956,956,441.32,395.66,619.67,407.03,514.06,510.09
533,OK,45,-22,957,957,441.45,396.55,620.19,407.04,515.83,511.18
534,OK,45,-23,957,957,442.09,396.11,620.79,407.31,516.41,510.08
535,OK,46,-20,952,952,441.31,396.48,618.98,406.79,515.09,510.56
536,OK,48,-18,951,951,441.99,397.28,619.6,407.96,515.98,511.92
537,OK,47,-17,950,950,441.27,398.45,618.65,407.51,515.23,513.84
538,OK,47,-18,948,948,440.76,397.67,617.71,407.87,514.17,511.18
539,OK,45,-20,954,954,441.25,397.12,619.37,407.77,515.63,511.68
540,OK,46,-17,948,948,439.79,398.15,616.83,407.59,513.41,511.4
541,OK,48,-17,947,947,440.69,397.23,617.62,407.14,513.51,510.07
542,OK,50,-16,945,945,441.64,397.14,618.07,407.37,514.82,511.43
543,OK,46,-19,953,953,440.4,398.61,618.36,407.89,514.88,511.98
544,OK,48,-14,947,947,440.09,399.4,617.07,408.02,513.55,514.34
545,OK,45,-19,959,959,443.62,398.93,622.43,414.14,516.31,514.04
546,OK,44,-19,956,956,442.34,403.31,620.83,413.26,512.55,510.85
547,OK,45,-15,951,951,441.28,405.66,618.87,414.18,510.42,511.72
548,OK,46,-12,952,952,443.07,409.09,620.88,419.21,512.12,514.2
549,OK,47,-8,944,944,441.46,411.2,617.89,416.22,510.13,515.46
550,OK,46,-6,943,943,440.73,406.74,616.83,415.11,506.21,520.01
551,OK,44,18,900,900,424.13,414.41,592.38,413.4,480.0,523.89
552,OK,24,17,915,915,411.51,416.69,582.59,421.44,466.45,530.49
553,OK,14,32,903,903,395.29,430.08,564.16,427.78,451.52,537.43
554,OK,-21,25,939,939,375.89,437.5,551.48,431.2,434.23,555.36
555,OK,-40,30,955,955,361.3,454.01,539.7,444.24,424.24,566.04
556,OK,-42,39,940,940,354.05,460.79,529.39,448.56,415.07,563.41
557,OK,-70,21,986,986,344.73,465.67,528.71,453.56,411.11,569.03
558,OK,-73,20,993,993,342.18,468.46,527.49,454.97,411.24,572.2
559,OK,-72,25,987,987,340.92,471.53,524.63,452.85,410.3,575.05
560,OK,-76,27,993,993,339.95,472.86,524.94,455.62,408.84,582.75
561,OK,-74,26,982,982,337.21,469.82,519.7,449.63,407.02,575.03
562,OK,-80,21,1002,1002,337.49,470.15,523.92,450.72,411.54,584.59
563,OK,-74,39,979,979,336.62,475.49,519.0,459.51,403.03,588.8
564,OK,-90,29,1001,1001,331.06,476.75,517.62,461.36,397.15,590.04
565,OK,-94,19,999,999,326.49,469.14,512.86,456.43,391.09,573.75
566,OK,-96,14,997,997,322.45,466.34,508.28,449.92,389.44,567.7
567,OK,-87,28,1001,1001,332.29,475.96,519.06,464.28,400.9,587.54
568,OK,-70,46,974,974,337.8,481.73,519.28,465.27,405.99,593.01
569,OK,-68,47,960,960,333.5,479.61,511.99,460.34,401.46,585.35
570,OK,-87,17,1006,1006,333.21,473.7,520.37,454.01,407.11,576.43
571,OK,-65,33,969,969,341.88,472.48,522.37,455.73,407.02,571.42
572,OK,-46,24,962,962,354.78,465.53,533.06,440.72,427.68,558.4
573,OK,7,45,895,895,381.61,446.6,548.53,434.99,444.68,544.92
574,OK,13,34,902,902,392.75,433.89,561.34,431.08,452.66,538.89
575,OK,9,17,937,937,400.01,432.24,575.21,427.47,467.45,541.89
576,OK,11,14,941,941,406.42,426.43,582.33,427.67,468.17,541.69
577,OK,15,9,950,950,412.05,426.95,589.71,428.42,480.08,540.96
578,OK,13,15,950,950,409.84,432.83,587.59,433.31,478.89,547.35
579,OK,10,30,940,940,403.65,443.52,579.38,446.3,470.03,557.09
580,OK,11,32,943,943,404.13,444.43,580.5,446.76,472.54,561.83
581,OK,12,23,951,951,409.91,435.15,587.55,443.57,476.62,557.57
582,OK,21,19,949,949,418.03,433.42,595.3,442.59,485.01,548.46
583,OK,22,16,957,957,421.68,434.66,600.45,444.31,489.63,550.44
584,OK,30,29,954,954,426.45,441.56,604.5,453.8,498.73,564.6
585,OK,26,35,953,953,422.5,447.48,600.48,457.16,494.39,570.42
586,OK,16,36,960,960,417.06,451.02,596.37,460.74,486.7,576.42
587,OK,19,40,957,957,417.68,454.55,596.58,462.57,488.07,578.64
588,OK,18,42,955,955,416.05,455.76,594.43,463.98,485.71,579.7
589,OK,18,42,955,955,416.0,456.36,594.46,463.75,486.65,579.94
590,OK,20,43,954,954,417.35,456.64,595.73,463.56,488.75,580.7
591,OK,21,42,954,954,418.01,456.41,596.26,462.53,489.54,579.72
592,OK,23,43,953,953,419.98,455.8,597.95,464.1,490.29,579.01
593,OK,30,47,949,949,423.65,457.74,600.98,466.06,495.74,581.2
594,OK,25,47,947,947,418.49,457.8,595.44,463.63,489.74,579.67
595,OK,20,45,955,955,416.88,459.34,595.48,463.9,488.86,582.73
596,OK,21,43,956,956,418.01,458.51,596.72,463.36,490.98,582.86
597,OK,20,42,958,958,418.81,457.86,597.87,464.4,491.64,582.56
598,OK,20,42,961,961,419.27,458.91,598.9,464.21,492.54,582.83
599,OK,21,45,957,957,418.12,459.81,597.03,465.73,490.99,583.78
600,OK,24,49,949,949,418.96,460.95,596.44,465.55,489.53,582.89
601,OK,25,51,943,943,417.95,461.17,594.17,465.84,487.33,582.29
602,OK,25,50,947,947,418.87,461.33,596.01,466.24,489.55,583.3
603,OK,23,51,949,949,417.33,463.15,594.83,466.79,488.07,585.29
604,OK,23,49,953,953,418.61,462.48,596.88,466.87,491.38,586.03
605,OK,23,48,955,955,419.47,462.69,598.06,467.21,492.88,586.53
606,OK,22,47,956,956,419.6,461.36,598.35,467.21,492.41,585.89
607,OK,24,45,959,959,421.83,460.87,601.13,466.31,496.21,585.18
608,OK,22,41,964,964,422.3,459.28,602.5,466.12,497.21,584.33
609,OK,22,42,961,961,420.46,459.61,600.18,464.33,493.81,583.88
610,OK,24,42,962,962,423.08,459.9,602.86,466.29,497.22,584.86
611,OK,23,43,962,962,421.78,460.72,601.6,466.65,496.49,584.74
612,OK,22,42,961,961,420.68,459.28,600.26,465.18,494.84,583.29
613,OK,22,39,964,964,422.14,457.83,602.32,464.26,496.69,582.73
614,OK,26,44,961,961,423.45,460.5,603.1,466.67,498.81,585.42
615,OK,24,44,958,958,421.45,460.46,600.54,466.59,495.69,583.87
616,OK,20,42,963,963,419.04,459.83,599.07,465.77,493.19,584.67
617,OK,20,43,963,963,418.99,460.76,599.01,466.17,493.22,586.07
618,OK,21,47,955,955,417.84,462.52,596.37,467.5,490.65,584.9
619,OK,23,47,954,954,419.07,461.65,597.48,465.78,493.02,584.37
620,OK,23,46,957,957,419.6,462.07,598.6,465.85,494.46,585.17
621,OK,22,45,959,959,419.86,460.06,599.02,466.38,493.14,585.23
622,OK,28,43,956,956,424.75,454.79,603.3,462.85,499.61,583.75
623,OK,24,45,957,957,420.9,455.51,599.7,462.49,495.1,588.24
624,OK,25,45,957,957,421.73,455.38,600.58,463.08,496.11,587.33
625,OK,26,48,951,951,420.64,455.49,598.3,462.72,494.4,586.96
626,OK,28,45,951,951,422.91,452.66,600.58,462.03,495.64,583.74
627,OK,30,44,950,950,424.49,450.55,601.94,460.95,497.08,582.66
628,OK,29,40,954,954,424.47,449.73,602.74,458.93,498.93,580.56
629,OK,27,36,958,958,424.96,447.27,603.82,458.95,497.95,578.16
630,OK,26,38,956,956,423.82,448.03,602.22,458.94,496.15,578.85
631,OK,31,40,950,950,425.11,447.75,602.43,458.08,498.36,578.7
632,OK,28,40,955,955,424.09,449.36,602.4,460.09,497.16,580.22
633,OK,28,39,955,955,424.06,448.74,602.38,459.32,496.85,579.9
634,OK,25,36,958,958,423.48,447.8,602.27,459.1,496.19,578.43
635,OK,25,33,961,961,424.51,446.3,603.93,456.47,497.74,576.22
636,OK,27,37,954,954,424.0,446.87,602.09,457.02,496.11,577.52
637,OK,30,34,955,955,425.83,445.0,604.21,453.9,499.63,574.18
638,OK,29,30,961,961,427.14,443.51,606.56,452.72,501.82,572.23
639,OK,31,32,954,954,426.87,443.35,605.07,453.63,500.44,570.69
640,OK,31,34,952,952,426.89,443.75,604.68,454.5,499.93,571.55
641,OK,30,33,952,952,426.02,442.36,603.76,453.38,498.83,571.16
642,OK,31,34,951,951,425.4,443.16,602.93,453.19,498.97,571.36
643,OK,28,30,956,956,424.94,442.4,603.47,451.66,498.58,569.08
644,OK,28,29,955,955,423.96,441.3,602.33,451.98,497.45,566.96
645,OK,28,30,955,955,424.38,442.44,602.86,451.62,497.97,568.18
646,OK,28,29,955,955,425.06,441.11,603.3,452.19,497.7,566.91
647,OK,30,31,954,954,426.43,441.58,604.4,453.33,499.55,569.57
648,OK,29,29,955,955,425.41,440.64,603.7,451.84,498.03,567.49
649,OK,29,29,955,955,425.39,441.17,603.64,452.24,498.45,566.87
650,OK,30,29,952,952,426.36,438.94,603.94,452.65,497.7,565.4
651,OK,29,28,954,954,426.85,438.08,604.65,452.58,498.08,564.89
652,OK,29,29,953,953,425.47,439.03,603.17,452.33,497.03,564.96
653,OK,29,28,954,954,426.33,438.72,604.23,452.87,497.47,565.2
654,OK,26,27,958,958,424.66,439.24,603.36,451.64,496.46,566.65
655,OK,30,29,953,953,425.82,439.76,603.73,451.9,498.14,566.09
656,OK,30,30,951,951,425.66,439.39,602.95,453.03,495.83,564.74
657,OK,29,29,953,953,425.93,438.73,603.73,452.53,496.9,565.06
658,OK,29,26,957,957,425.89,441.01,604.64,451.27,499.84,563.71
659,OK,24,25,960,960,423.44,440.33,602.78,450.18,496.37,565.01
660,OK,24,24,958,958,423.06,438.44,601.88,450.88,494.24,562.51
661,OK,28,29,951,951,424.03,439.58,601.59,451.35,494.28,563.41
662,OK,29,29,949,949,424.4,438.76,601.51,451.14,494.95,561.51
663,OK,28,28,951,951,423.61,439.66,601.06,450.61,494.63,561.92
664,OK,31,28,942,942,423.44,438.01,599.29,448.33,493.6,556.48
665,OK,31,28,942,942,423.64,436.56,599.41,448.2,493.53,555.71
666,OK,28,24,946,946,422.54,436.35,599.18,446.17,492.99,554.21
667,OK,27,22,951,951,422.6,435.5,600.06,446.41,493.98,554.42
668,OK,27,21,950,950,422.2,435.85,599.58,445.11,494.01,553.17
669,OK,28,20,951,951,422.19,435.34,599.88,443.49,495.68,550.74
670,OK,24,17,956,956,421.41,435.46,600.02,443.14,494.65,551.52
671,OK,25,19,953,953,420.88,435.96,598.91,443.38,492.74,552.27
672,OK,26,18,952,952,420.94,434.97,598.8,441.85,494.73,550.08
673,OK,28,20,949,949,421.87,435.2,599.26,441.85,495.3,549.5
674,OK,28,19,951,951,422.33,435.13,600.11,442.31,495.22,549.83
675,OK,25,17,956,956,421.82,435.79,600.56,442.62,494.86,550.83
676,OK,28,21,948,948,422.12,436.32,599.23,442.57,493.79,550.63
677,OK,25,16,956,956,421.81,436.1,600.43,442.04,495.55,550.23
678,OK,29,20,951,951,422.81,436.46,600.63,442.2,496.66,550.84
679,OK,27,21,948,948,420.8,437.59,598.02,442.24,494.4,551.49
680,OK,25,18,954,954,420.65,436.53,599.07,441.81,495.32,551.06
681,OK,25,18,954,954,420.6,437.26,598.89,442.28,494.68,551.16
682,OK,24,19,952,952,419.88,436.81,597.86,442.48,492.72,551.62
683,OK,24,20,951,951,418.78,436.55,596.5,442.36,491.42,551.9
684,OK,25,19,952,952,420.0,436.38,597.9,442.17,494.12,551.07
685,OK,26,21,948,948,419.51,436.77,596.77,442.61,491.97,551.71
686,OK,26,19,952,952,420.7,436.87,598.77,441.86,494.52,551.39
687,OK,26,19,952,952,420.6,438.06,598.61,441.56,495.04,550.74
688,OK,26,19,950,950,420.4,436.92,597.96,441.72,494.04,550.38
689,OK,26,22,946,946,419.18,438.23,595.99,441.98,491.93,551.54
690,OK,26,19,952,952,420.5,436.93,598.53,441.69,494.56,550.73
691,OK,26,19,951,951,419.85,437.22,597.68,440.74,494.35,550.0
692,OK,26,19,951,951,420.43,436.96,598.22,441.72,493.99,550.46
693,OK,26,19,950,950,420.0,437.4,597.63,441.34,494.35,550.51
694,OK,25,20,951,951,419.17,436.73,596.93,441.86,492.21,551.25
695,OK,26,20,950,950,419.78,437.18,597.36,442.44,493.46,551.47
696,OK,26,23,947,947,418.53,438.01,595.53,442.66,491.48,553.17
697,OK,27,21,949,949,420.28,436.6,597.67,441.96,494.95,550.92
698,OK,25,20,952,952,419.66,436.58,597.62,442.39,493.62,552.53
699,OK,24,19,953,953,418.97,436.91,597.23,441.91,492.86,552.57
700,OK,29,24,945,945,419.95,437.63,596.65,442.71,494.24,552.7
701,OK,25,21,946,946,417.58,436.89,594.55,439.57,490.63,550.07
702,OK,29,25,933,933,417.42,434.85,591.95,439.18,486.66,545.31
703,OK,25,20,936,936,414.89,433.04,589.97,436.94,483.76,542.78
704,OK,22,21,941,941,413.5,435.04,589.44,437.71,482.56,546.41
705,OK,17,18,946,946,412.45,433.56,589.25,438.0,480.07,546.93
706,OK,19,17,948,948,414.45,433.89,591.71,437.54,483.29,546.52
707,OK,20,19,945,945,413.4,433.81,590.1,437.4,482.84,547.26
708,OK,21,19,945,945,413.78,434.8,590.53,438.15,484.0,547.32
709,OK,22,21,942,942,414.55,435.11,590.73,438.24,484.73,547.71
710,OK,22,19,944,944,415.19,434.75,591.68,438.73,485.8,546.99
711,OK,24,21,940,940,415.75,434.18,591.61,438.14,485.57,546.13
712,OK,25,21,941,941,417.12,434.31,593.03,439.1,486.52,546.16
713,OK,29,24,935,935,417.89,435.41,592.7,439.48,488.46,545.79
714,OK,29,24,936,936,418.75,435.13,593.77,440.68,488.27,546.28
715,OK,27,21,942,942,418.78,435.22,594.94,440.11,489.37,547.81
716,OK,27,23,939,939,418.2,435.17,593.68,440.67,487.91,546.82
717,OK,27,22,938,938,417.92,435.25,593.31,440.09,488.08,545.89
718,OK,28,25,936,936,418.2,436.44,593.15,441.82,488.24,547.33
719,OK,28,24,938,938,418.62,436.1,594.0,441.86,489.42,547.72
720,OK,30,25,936,936,418.87,436.78,593.85,441.15,490.18,547.72
721,OK,29,24,936,936,418.64,436.16,593.61,441.04,489.73,546.73
722,OK,28,23,938,938,418.41,436.13,593.81,441.37,489.37,547.03
723,OK,30,25,934,934,418.81,435.92,593.5,441.03,489.67,546.09
724,OK,28,23,939,939,418.07,435.79,593.54,440.98,488.69,546.67
725,OK,28,23,938,938,418.65,436.32,594.07,440.93,489.63,547.1
726,OK,29,24,936,936,417.95,436.13,592.91,440.53,488.72,546.52
727,OK,30,27,931,931,418.7,435.01,592.74,441.67,486.1,546.31
728,OK,27,22,938,938,418.03,434.43,593.48,439.51,487.02,545.49
729,OK,27,22,937,937,416.93,434.65,592.05,438.64,486.09,545.3
730,OK,29,24,934,934,418.29,434.62,592.9,439.8,486.77,546.25
731,OK,29,25,934,934,418.31,435.45,592.95,440.06,487.4,546.59
732,OK,28,23,938,938,418.92,435.33,594.27,440.03,488.4,546.75
733,OK,31,27,928,928,418.41,434.83,591.83,440.63,485.67,545.05
734,OK,31,26,931,931,418.28,435.02,592.38,439.86,486.84,544.74
735,OK,27,22,938,938,418.34,435.07,593.76,439.65,487.91,545.34
736,OK,29,26,933,933,417.64,435.41,592.07,440.1,486.64,546.37
737,OK,30,27,930,930,418.14,435.58,591.93,441.5,485.92,546.07
738,OK,30,25,933,933,418.59,435.26,593.05,441.16,487.01,545.48
739,OK,28,23,936,936,418.17,435.15,593.12,440.7,486.38,545.91
740,OK,28,24,936,936,418.28,435.11,593.21,441.17,486.89,545.87
741,OK,26,22,943,943,416.94,436.79,593.33,440.36,489.11,548.2
742,OK,27,22,943,943,417.55,436.91,593.96,439.88,490.69,548.98
743,OK,26,20,944,944,419.08,436.15,595.6,439.75,490.66,548.04
744,OK,27,22,943,943,417.9,436.28,594.18,439.62,490.06,548.61
745,OK,24,20,947,947,417.42,436.03,594.46,439.89,489.19,548.47
746,OK,25,22,944,944,417.61,436.57,594.14,441.11,488.73,549.54
747,OK,22,20,948,948,416.09,436.83,593.28,440.6,487.38,550.15
748,OK,24,21,944,944,416.92,436.46,593.46,440.83,488.64,548.87
749,OK,24,21,947,947,417.49,436.57,594.5,441.36,489.4,550.07
750,OK,25,25,940,940,416.26,437.11,592.08,441.54,487.65,550.86
751,OK,25,25,940,940,415.94,437.31,591.67,442.36,487.0,551.71
752,OK,23,24,945,945,416.05,436.77,592.68,442.56,486.67,552.35
753,OK,22,22,946,946,415.23,437.42,592.14,441.93,486.75,552.17
754,OK,24,24,945,945,416.29,437.34,592.9,442.19,487.6,552.57
755,OK,23,23,945,945,415.61,437.15,592.27,442.12,486.6,552.15
756,OK,26,26,939,939,416.11,437.45,591.59,442.66,486.98,551.87
757,OK,24,24,943,943,416.04,436.95,592.36,441.45,487.22,551.28
758,OK,23,23,944,944,415.77,437.93,592.21,441.19,487.56,552.0
759,OK,24,23,942,942,416.26,436.42,592.35,440.98,487.39,549.93
760,OK,24,24,943,943,416.0,437.55,592.39,441.51,487.23,551.53
761,OK,21,21,948,948,415.98,437.35,593.2,441.02,486.8,550.83
762,OK,26,23,940,940,417.44,436.68,593.28,440.64,487.8,548.41
763,OK,27,21,940,940,418.08,436.02,593.91,439.08,489.64,546.23
764,OK,27,21,941,941,417.83,435.02,593.73,439.42,488.34,545.97
765,OK,29,24,934,934,418.12,435.49,592.82,439.82,488.03,545.62
766,OK,27,22,941,941,418.35,435.49,594.32,440.76,487.93,546.54
767,OK,28,23,938,938,418.54,435.86,593.85,440.78,488.21,546.34
768,OK,27,22,940,940,418.03,435.75,593.84,439.89,488.71,546.2
769,OK,24,21,944,944,416.86,437.02,593.3,441.22,487.14,548.39
770,OK,22,20,946,946,416.35,436.52,593.26,440.25,486.41,548.83
771,OK,25,20,943,943,416.64,437.3,593.02,437.03,488.53,545.96
772,OK,27,22,942,942,418.4,436.85,594.5,440.52,490.4,548.36
773,OK,26,22,943,943,417.22,436.69,593.57,440.26,488.91,549.21
774,OK,24,24,943,943,416.16,437.52,592.55,441.74,486.81,551.51
775,OK,25,25,941,941,415.58,437.54,591.58,441.42,486.78,551.01
776,OK,25,24,941,941,415.92,436.78,591.8,441.81,486.77,550.55
777,OK,25,25,940,940,416.18,437.09,591.96,441.44,487.73,551.83
778,OK,22,23,946,946,415.56,437.53,592.39,441.28,487.82,552.69
779,OK,23,24,945,945,415.16,437.49,591.86,441.17,487.1,553.04
780,OK,24,25,942,942,415.38,437.67,591.59,441.52,487.38,552.75
781,OK,24,26,941,941,415.18,436.85,591.02,442.27,486.51,553.18
782,OK,24,24,942,942,415.58,436.65,591.77,441.54,487.31,552.67
783,OK,25,26,941,941,415.36,437.12,591.32,442.05,486.83,553.42
784,OK,23,25,944,944,415.36,438.39,591.77,443.17,486.64,554.22
785,OK,22,23,946,946,414.77,437.82,591.72,441.27,487.43,552.83
786,OK,25,25,943,943,415.89,437.21,592.26,441.66,488.47,553.29
787,OK,20,20,950,950,414.85,437.1,592.5,441.39,486.83,552.18
788,OK,24,24,942,942,416.07,437.6,592.16,441.68,487.27,551.63
789,OK,24,23,947,947,417.31,437.45,594.29,441.95,489.14,552.59
790,OK,25,23,942,942,417.05,436.4,593.09,442.0,487.99,550.27
791,OK,24,24,944,944,417.05,437.56,593.47,442.51,488.44,552.83
792,OK,25,24,943,943,416.72,437.62,592.99,442.53,487.17,551.55
793,OK,26,23,943,943,417.73,436.9,594.09,441.42,488.63,550.19
794,OK,26,23,943,943,418.02,437.29,594.42,441.68,489.12,549.3
795,OK,26,22,943,943,418.55,436.66,594.78,441.72,489.07,548.41
796,OK,24,21,946,946,417.84,436.6,594.64,441.59,488.14,549.99
797,OK,26,24,941,941,417.6,437.4,593.53,442.3,488.07,549.56
798,OK,26,22,943,943,417.88,436.18,594.11,441.01,488.73,547.77
799,OK,30,25,935,935,418.78,436.19,593.67,440.5,488.53,545.84
800,OK,25,21,944,944,417.96,436.94,594.43,441.42,489.44,548.39
801,OK,25,23,943,943,417.28,436.71,593.61,441.96,487.07,549.74
802,OK,23,21,946,946,416.38,437.26,593.21,441.18,487.38,549.68
803,OK,22,21,947,947,417.06,436.35,594.01,442.52,486.13,550.32
804,OK,24,22,943,943,416.36,436.81,592.68,441.68,485.66,548.62
805,OK,23,22,945,945,416.79,436.86,593.57,441.18,486.47,549.77
806,OK,22,20,949,949,416.29,436.53,593.71,441.01,487.09,550.97
807,OK,22,23,946,946,416.08,437.76,592.99,442.52,487.01,553.0
808,OK,24,24,942,942,416.24,437.6,592.3,442.15,487.44,551.29
809,OK,23,25,945,945,415.81,438.53,592.53,442.29,487.43,554.17
810,OK,25,26,941,941,415.72,438.37,591.72,441.71,487.22,552.57
811,OK,25,24,942,942,416.58,437.26,592.67,441.99,487.59,551.56
812,OK,23,24,945,945,415.92,437.21,592.58,442.49,487.09,552.51
813,OK,25,24,943,943,415.84,437.88,592.28,440.73,488.67,551.93
814,OK,23,23,944,944,415.05,438.09,591.52,440.5,488.16,552.43
815,OK,25,26,943,943,416.2,438.24,592.52,442.31,487.83,554.07
816,OK,24,23,945,945,416.23,437.57,592.96,441.46,488.41,551.84
817,OK,27,26,941,941,417.3,437.47,593.3,442.3,489.0,552.42
818,OK,25,24,944,944,416.68,437.98,593.23,442.56,489.07,553.49
819,OK,25,25,943,943,416.28,438.5,592.54,442.37,488.05,552.45
820,OK,29,26,938,938,418.37,437.09,593.82,442.19,490.42,550.69
821,OK,25,23,944,944,416.98,437.35,593.42,440.75,489.85,551.17
822,OK,25,22,947,947,417.67,436.88,594.83,440.97,490.45,552.04
823,OK,24,18,951,951,417.43,436.89,595.24,439.32,491.73,549.28
824,OK,28,22,943,943,419.07,437.04,595.36,440.6,492.22,548.47
825,OK,25,19,949,949,418.35,437.07,595.89,440.18,491.98,548.76
826,OK,26,20,946,946,419.24,436.43,596.05,440.6,491.58,548.26
827,OK,28,21,942,942,419.61,435.68,595.77,440.36,490.6,547.53
828,OK,26,19,946,946,418.96,435.52,595.83,439.16,491.95,548.12
829,OK,28,22,940,940,418.55,435.1,594.28,439.19,489.78,547.03
830,OK,30,24,937,937,418.95,434.91,594.1,439.07,489.59,547.02
831,OK,27,21,943,943,418.34,434.9,594.67,439.02,489.73,547.97
832,OK,28,21,940,940,418.74,434.52,594.61,437.67,490.28,545.95
833,OK,26,19,941,941,417.69,433.04,593.64,436.18,488.1,545.28
834,OK,25,18,943,943,416.99,432.74,593.35,434.66,488.18,544.47
835,OK,25,17,945,945,417.28,432.84,594.04,435.06,488.88,545.39
836,OK,23,15,946,946,416.76,432.32,593.63,433.76,488.67,544.22
837,OK,24,14,946,946,417.52,431.05,594.41,433.35,488.48,543.09
838,OK,22,15,948,948,416.64,432.43,593.84,434.94,488.3,545.29
839,OK,23,14,949,949,416.91,432.52,594.32,433.95,489.17,544.17
840,OK,25,14,947,947,417.56,432.33,594.67,433.31,490.26,543.18
841,OK,24,13,949,949,417.78,431.95,595.34,433.17,490.46,543.3
842,OK,23,11,950,950,417.6,431.18,595.25,432.56,490.61,541.91
843,OK,22,11,953,953,417.26,431.35,595.57,432.53,489.75,542.59
844,OK,20,8,958,958,417.53,432.6,596.66,432.59,492.73,542.96
845,OK,24,14,949,949,417.08,432.34,594.57,433.96,490.32,543.01
846,OK,24,16,947,947,416.71,433.23,593.86,434.22,489.35,545.4
847,OK,22,14,951,951,417.02,432.8,594.96,435.3,489.04,545.7
848,OK,25,17,945,945,417.15,433.43,593.89,435.47,489.39,545.49
849,OK,25,18,944,944,417.17,434.32,593.81,436.14,488.56,546.09
850,OK,30,24,935,935,418.76,435.36,593.54,439.39,489.03,546.4
851,OK,29,23,936,936,418.61,434.89,593.72,438.69,488.7,545.23
852,OK,29,23,937,937,417.87,435.23,593.09,439.1,489.28,545.52
853,OK,31,24,935,935,418.8,435.34,593.63,438.59,490.22,545.31
854,OK,32,26,931,931,419.18,435.04,593.28,439.86,488.74,545.64
855,OK,30,26,931,931,418.0,435.04,592.04,439.62,486.95,545.41
856,OK,29,24,935,935,418.09,435.29,592.99,439.8,487.53,545.47
857,OK,29,25,935,935,418.22,434.97,592.94,440.33,487.93,546.65
858,OK,30,25,935,935,418.73,435.48,593.55,439.96,489.16,546.97
859,OK,29,24,938,938,418.77,436.29,594.07,440.67,490.57,548.03
860,OK,28,22,940,940,419.06,436.19,594.76,440.23,490.49,547.26
861,OK,26,22,944,944,418.86,436.34,595.25,441.52,490.84,549.63
862,OK,28,22,942,942,419.24,435.99,595.44,440.56,491.86,548.38
863,OK,28,22,942,942,419.72,436.49,595.88,440.84,492.18,548.78
864,OK,29,25,938,938,418.82,436.71,594.19,441.94,490.69,549.48
865,OK,28,23,940,940,419.28,435.4,594.94,441.08,490.64,548.39
866,OK,33,26,932,932,420.35,435.45,594.66,440.35,491.33,546.64
867,OK,31,24,932,932,419.25,434.91,593.47,439.37,489.37,544.74
868,OK,31,25,933,933,418.42,434.98,592.91,438.63,489.7,545.36
869,OK,28,21,938,938,417.88,434.54,593.34,437.75,489.62,545.37
870,OK,27,18,943,943,418.1,433.34,594.54,436.45,489.81,544.68
871,OK,25,17,944,944,417.25,433.88,593.74,435.19,489.02,544.87
872,OK,24,15,946,946,417.37,432.86,594.29,435.16,489.14,543.85
873,OK,23,14,950,950,417.05,433.57,594.78,434.76,490.36,545.83
874,OK,25,16,944,944,417.56,431.93,594.12,434.51,489.19,543.53
875,OK,23,15,946,946,416.75,431.92,593.74,434.43,488.21,543.5
876,OK,24,14,948,948,417.76,432.76,595.1,434.62,490.66,543.3
877,OK,23,15,948,948,417.0,433.27,594.34,435.33,490.09,545.43
878,OK,24,15,947,947,416.7,432.68,593.89,434.36,489.31,543.92
879,OK,25,17,945,945,417.26,433.44,593.99,434.78,489.47,544.76
880,OK,26,18,942,942,417.71,433.87,593.92,435.81,490.14,545.02
881,OK,27,19,945,945,417.86,435.41,594.56,437.13,491.98,546.67
882,OK,26,20,943,943,417.45,434.71,593.78,437.82,489.26,546.6
883,OK,25,19,944,944,416.9,435.32,593.44,437.91,489.24,546.96
884,OK,29,23,937,937,418.62,435.0,593.84,439.81,489.59,546.4
885,OK,30,24,936,936,419.21,436.06,594.14,440.29,490.55,547.0
886,OK,30,25,935,935,418.72,435.98,593.59,440.67,489.83,547.25
887,OK,30,26,934,934,418.02,436.67,592.72,440.83,488.88,548.37
888,OK,30,24,934,934,418.6,435.63,593.15,440.45,489.59,545.91
889,OK,31,26,933,933,418.31,435.97,592.73,440.27,488.93,546.35
890,OK,31,26,933,933,418.67,435.98,593.09,440.92,488.95,547.03
891,OK,32,28,931,931,418.74,436.79,592.74,441.46,489.06,547.66
892,OK,31,25,935,935,419.97,435.63,594.7,440.51,490.19,546.77
893,OK,29,25,935,935,418.2,435.3,592.99,441.08,488.02,547.08
894,OK,28,25,936,936,417.87,436.18,592.82,440.93,488.33,547.77
895,OK,29,23,938,938,419.16,436.34,594.61,440.86,490.35,547.33
896,OK,31,25,935,935,419.37,436.11,594.12,441.45,489.87,546.96
897,OK,30,24,938,938,419.41,436.18,594.76,440.75,491.42,547.92
898,OK,33,26,932,932,420.03,435.81,594.18,440.72,491.18,545.86
899,OK,30,25,937,937,419.4,435.48,594.44,442.63,489.19,547.92
900,OK,28,23,939,939,418.55,436.01,594.15,440.8,489.47,547.49
901,OK,31,25,934,934,419.14,436.19,593.78,440.07,490.33,546.93
902,OK,31,25,932,932,418.59,435.82,592.86,439.36,490.22,546.11
903,OK,30,23,937,937,418.95,435.37,594.18,438.98,490.68,545.45
904,OK,28,21,940,940,418.81,434.99,594.5,438.45,490.37,545.72
905,OK,28,19,941,941,418.18,433.95,594.14,435.75,490.51,543.59
906,OK,26,17,943,943,417.11,433.53,593.47,434.58,490.04,543.45
907,OK,24,15,947,947,416.96,433.1,594.15,433.96,490.22,543.48
908,OK,25,16,944,944,417.18,432.88,593.78,433.91,489.57,543.35
909,OK,24,14,948,948,416.98,433.24,594.27,433.59,490.92,544.28
910,OK,24,16,944,944,416.51,433.39,593.06,434.81,489.14,543.42
911,OK,23,13,949,949,416.26,432.88,593.77,432.39,490.21,543.22
912,OK,25,15,945,945,417.0,432.15,593.78,433.59,488.78,542.19
913,OK,24,15,947,947,416.94,432.62,594.1,433.99,490.16,542.83
914,OK,24,14,949,949,417.24,431.98,594.81,434.56,490.22,542.84
915,OK,24,15,946,946,416.83,433.41,593.75,434.28,489.63,543.52
916,OK,24,14,946,946,417.49,432.59,594.36,434.58,489.85,542.09
917,OK,24,16,947,947,416.85,433.74,594.05,435.9,489.72,545.09
918,OK,25,17,945,945,417.05,432.86,593.78,436.04,488.67,543.76
919,OK,23,17,946,946,416.89,434.56,593.75,437.31,488.6,545.57
920,OK,26,19,941,941,417.03,433.79,593.07,437.37,487.33,544.41
921,OK,25,18,945,945,417.75,434.49,594.5,437.74,488.66,545.37
922,OK,26,20,942,942,418.18,434.32,594.2,439.32,488.75,546.54
923,OK,29,22,939,939,418.51,434.9,594.01,439.04,489.94,545.5
924,OK,29,22,939,939,418.71,434.92,594.27,439.45,489.74,545.4
925,OK,30,24,934,934,419.09,435.01,593.61,440.24,489.61,546.06
926,OK,28,21,942,942,419.22,435.67,595.36,439.9,490.75,547.33
927,OK,30,23,938,938,419.68,435.84,595.03,440.22,490.68,547.54
928,OK,28,23,938,938,418.18,435.34,593.55,440.13,488.95,546.31
929,OK,29,24,936,936,418.59,435.16,593.57,440.85,488.48,546.36
930,OK,28,22,941,941,419.22,434.77,595.07,441.2,489.08,547.83
931,OK,28,23,938,938,418.35,435.45,593.73,440.14,489.21,547.49
932,OK,31,25,937,937,419.24,435.99,594.48,440.5,491.24,548.05
933,OK,30,24,936,936,419.46,434.91,594.41,441.11,490.51,546.34
934,OK,28,22,940,940,418.62,435.56,594.29,440.96,489.57,547.54
935,OK,30,25,935,935,418.89,434.78,593.68,440.73,488.28,546.57
936,OK,27,21,941,941,418.18,434.78,594.13,439.07,488.79,545.79
937,OK,28,19,942,942,419.38,434.33,595.55,437.1,491.84,545.03
938,OK,27,18,942,942,417.77,433.7,593.97,436.18,490.18,544.45
939,OK,25,14,947,947,417.29,432.22,594.36,433.4,490.59,542.32
940,OK,23,14,946,946,415.97,432.24,592.91,432.68,488.26,542.09
941,OK,24,14,946,946,416.21,432.86,593.17,432.24,489.36,542.3
942,OK,24,13,947,947,416.2,432.53,593.34,431.1,490.16,541.64
943,OK,23,14,948,948,415.99,432.84,593.38,432.41,490.1,543.48
944,OK,24,14,947,947,416.54,432.74,593.68,432.26,490.58,542.51
945,OK,25,16,943,943,416.26,432.5,592.6,433.11,488.44,542.97
946,OK,26,14,945,945,417.0,432.5,593.67,431.64,491.71,541.38
947,OK,22,11,950,950,415.92,432.96,593.63,431.38,490.63,541.79
948,OK,26,15,945,945,417.19,432.76,594.03,432.79,491.0,541.9
949,OK,23,14,946,946,415.99,432.41,592.92,433.04,488.35,542.95
950,OK,24,15,946,946,416.74,432.5,593.65,433.92,489.6,543.1
951,OK,25,17,943,943,416.7,433.35,593.01,434.79,488.57,543.83
952,OK,26,17,944,944,417.52,433.86,594.02,434.99,490.54,544.5
953,OK,23,15,949,949,416.43,433.86,593.91,435.7,489.22,544.19
954,OK,25,19,945,945,417.51,434.68,594.28,437.77,489.15,546.58
955,OK,28,22,938,938,417.89,434.98,593.36,438.78,488.53,545.56
956,OK,24,17,946,946,417.14,434.69,593.99,437.42,489.25,544.89
957,OK,28,21,941,941,418.73,435.2,594.79,438.16,491.07,545.5
958,OK,28,21,939,939,418.27,435.02,593.82,438.58,489.75,544.96
959,OK,26,20,943,943,417.62,434.92,593.92,439.04,489.04,546.62
960,OK,29,22,937,937,418.86,434.29,594.1,439.3,488.95,544.87
961,OK,29,22,939,939,418.87,435.26,594.44,439.48,490.25,545.14
962,OK,31,24,935,935,419.22,434.91,593.91,440.71,489.47,545.91
963,OK,28,21,941,941,418.52,434.8,594.43,439.26,490.64,545.85
964,OK,30,22,936,936,419.02,434.39,593.99,439.33,490.18,544.8
965,OK,28,22,938,938,417.86,434.7,593.22,439.27,488.73,545.41
966,OK,27,20,942,942,418.82,434.9,595.01,438.57,490.52,545.71
967,OK,27,19,943,943,418.3,434.51,594.6,438.26,490.55,545.28
968,OK,24,17,944,944,415.99,434.36,592.57,436.45,488.5,544.58
969,OK,23,15,946,946,416.66,432.6,593.49,435.71,488.39,543.72
970,OK,24,14,946,946,417.25,432.19,594.08,434.74,489.81,542.27
971,OK,27,16,943,943,417.8,432.71,594.13,433.12,491.31,542.1
972,OK,21,12,951,951,415.52,432.05,593.44,432.89,489.52,542.62
973,OK,24,13,948,948,416.79,432.57,594.01,432.32,490.84,542.87
974,OK,26,16,945,945,416.84,433.49,593.54,432.5,491.35,543.13
975,OK,25,15,945,945,417.04,432.59,593.75,432.43,490.56,542.46
976,OK,25,15,944,944,416.46,432.6,593.1,432.61,489.9,542.44
977,OK,27,16,943,943,417.37,432.91,593.81,433.2,491.02,542.66
978,OK,26,16,943,943,416.61,432.87,592.97,432.34,490.47,542.19
979,OK,25,13,947,947,416.8,432.3,593.88,431.39,491.59,540.68
980,OK,24,14,946,946,416.26,433.03,593.18,433.13,489.96,542.91
981,OK,26,15,944,944,417.41,431.99,594.02,433.48,490.69,542.03
982,OK,26,15,945,945,417.09,432.89,593.83,433.22,490.72,542.78
983,OK,24,14,947,947,416.37,432.54,593.44,432.84,489.95,542.12
984,OK,25,15,946,946,416.92,433.59,593.79,433.65,491.37,544.11
985,OK,24,14,947,947,416.74,432.1,593.85,434.74,489.41,542.2
986,OK,23,16,947,947,416.22,433.03,593.4,435.91,488.68,544.0
987,OK,25,17,944,944,416.93,434.34,593.52,436.83,489.2,544.36
988,OK,27,19,942,942,418.05,434.17,594.25,438.02,490.19,544.34
989,OK,25,19,942,942,417.16,434.0,593.28,437.85,488.02,544.65
990,OK,25,17,946,946,417.54,434.77,594.44,437.9,491.03,545.42
991,OK,26,20,943,943,417.28,434.67,593.67,439.05,489.38,546.12
992,OK,25,18,945,945,416.97,434.65,593.65,437.67,489.72,544.91
993,OK,23,16,946,946,416.64,433.37,593.47,436.78,488.93,544.07
994,OK,23,15,949,949,416.41,433.04,593.91,436.52,489.2,544.23
995,OK,25,18,942,942,417.3,433.0,593.46,437.51,488.45,544.06
996,OK,25,19,942,942,416.85,433.62,592.95,438.59,488.25,544.18
997,OK,28,22,936,936,417.06,433.99,592.09,437.82,489.3,544.57
998,OK,26,19,941,941,416.77,433.28,592.83,436.74,489.02,543.82
999,OK,25,19,942,942,416.63,434.45,592.7,437.94,488.37,544.82
1000,OK,26,19,942,942,417.57,434.36,593.72,438.04,490.32,544.81
1001,OK,27,19,941,941,417.8,433.54,593.73,437.05,488.91,543.67
1002,OK,26,18,942,942,417.54,432.9,593.69,436.31,489.21,543.42
1003,OK,26,18,942,942,416.75,433.37,592.92,434.93,490.99,543.93
1004,OK,24,14,948,948,416.74,433.21,593.99,433.76,491.31,544.19
1005,OK,27,17,944,944,418.2,433.72,594.75,434.59,492.37,545.24
1006,OK,27,16,943,943,417.38,433.74,593.79,433.07,491.69,542.54
1007,OK,25,14,945,945,416.57,432.49,593.34,432.03,490.47,541.39
1008,OK,24,14,949,949,416.86,433.1,594.33,432.72,491.63,543.13
1009,OK,24,14,945,945,415.77,432.45,592.57,431.2,489.73,541.05
1010,OK,22,10,950,950,416.14,431.51,593.73,430.67,490.07,540.44
1011,OK,21,11,949,949,414.87,431.95,592.28,430.24,487.61,540.33
1012,OK,18,8,955,955,413.83,431.86,592.41,429.95,487.67,540.31
1013,OK,19,10,952,952,414.31,432.52,592.32,431.11,488.33,540.75
1014,OK,23,12,946,946,415.43,431.88,592.43,431.43,488.14,540.28
1015,OK,24,11,947,947,415.7,431.77,592.8,430.28,489.77,538.84
1016,OK,20,11,951,951,414.4,431.38,592.19,431.27,487.66,540.86
1017,OK,21,10,951,951,414.93,432.15,592.76,430.44,489.44,539.98
1018,OK,23,12,947,947,415.61,431.74,592.73,431.42,488.76,540.04
1019,OK,23,13,947,947,415.24,432.65,592.39,432.3,489.17,541.11
1020,OK,22,12,950,950,415.32,433.27,592.98,433.13,489.92,542.19
1021,OK,22,12,949,949,415.27,432.73,592.84,432.07,489.93,540.59
1022,OK,23,12,949,949,415.28,432.81,592.79,432.12,490.05,540.84
1023,OK,24,13,949,949,416.37,433.22,593.94,433.65,491.96,541.8
1024,OK,25,17,942,942,415.99,433.2,592.24,434.7,489.59,543.78
1025,OK,22,13,948,948,415.21,432.66,592.53,433.61,489.31,542.27
1026,OK,20,12,953,953,414.95,433.3,593.11,433.5,489.84,543.51
1027,OK,22,14,948,948,415.22,433.44,592.45,434.3,489.09,543.21
1028,OK,24,16,945,945,415.49,433.14,592.32,435.01,488.69,543.57
1029,OK,25,15,947,947,416.66,432.84,593.8,434.33,491.23,542.97
1030,OK,24,14,946,946,416.09,432.29,593.08,434.28,490.04,541.78
1031,OK,25,17,942,942,415.84,433.22,592.1,435.53,488.77,543.36
1032,OK,23,14,949,949,416.0,432.53,593.48,435.29,490.05,543.98
1033,OK,25,16,944,944,416.66,432.68,593.29,434.94,490.69,543.21
1034,OK,27,18,943,943,417.18,434.0,593.6,435.97,492.11,543.97
1035,OK,26,16,945,945,417.0,432.65,593.65,435.37,491.61,543.69
1036,OK,24,16,946,946,415.6,433.62,592.57,435.0,489.95,544.07
1037,OK,25,18,941,941,414.84,433.99,590.91,434.46,488.69,542.57
1038,OK,26,20,939,939,414.64,434.94,590.34,435.58,487.58,543.45
1039,OK,24,18,942,942,414.98,434.51,591.1,435.18,488.67,543.88
1040,OK,24,17,942,942,415.37,433.74,591.53,434.85,488.4,542.95
1041,OK,24,14,947,947,415.7,432.86,592.79,433.52,490.67,541.54
1042,OK,20,8,954,954,415.59,432.07,594.03,430.68,490.94,539.75
1043,OK,19,9,953,953,414.0,432.15,592.19,429.78,487.98,540.84
1044,OK,16,7,959,959,413.31,431.52,592.66,429.63,488.08,541.6
1045,OK,16,5,960,960,413.75,431.01,593.39,430.07,488.75,541.01
1046,OK,13,5,962,962,412.01,431.78,591.92,429.29,486.9,542.44
1047,OK,12,4,962,962,411.56,430.64,591.42,429.1,486.46,540.61
1048,OK,10,6,962,962,409.92,431.18,589.77,430.27,483.34,544.15
1049,OK,10,7,960,960,409.12,430.51,588.67,431.89,481.72,543.54
1050,OK,11,7,961,961,410.29,430.19,590.05,432.23,482.33,544.58
1051,OK,9,6,960,960,409.27,429.18,588.82,431.17,480.91,543.18
1052,OK,9,7,961,961,408.77,429.16,588.48,431.69,481.17,544.23
1053,OK,13,9,953,953,408.44,429.31,586.63,429.7,480.69,542.35
1054,OK,11,9,955,955,407.41,428.44,586.02,429.58,479.29,543.48
1055,OK,14,11,948,948,408.72,428.72,586.05,429.94,480.1,541.56
1056,OK,11,8,954,954,409.08,429.04,587.51,430.49,479.66,542.16
1057,OK,13,10,953,953,409.75,430.12,588.05,431.47,480.53,541.97
1058,OK,14,9,954,954,410.45,430.26,588.93,430.32,482.46,541.77
1059,OK,14,9,952,952,410.21,429.76,588.19,430.0,481.82,541.48
1060,OK,14,9,954,954,410.99,429.1,589.34,430.59,482.2,542.29
1061,OK,16,8,955,955,411.92,429.94,590.6,429.35,485.22,540.84
1062,OK,19,10,951,951,413.39,430.3,591.33,430.76,486.15,539.89
1063,OK,19,8,952,952,415.16,429.29,593.18,431.8,487.21,539.25
1064,OK,22,11,948,948,415.16,430.78,592.54,430.14,488.74,539.55
1065,OK,23,13,946,946,415.53,431.81,592.54,431.0,488.74,540.68
1066,OK,22,12,948,948,414.91,432.26,592.16,430.93,488.67,541.33
1067,OK,23,11,949,949,416.41,430.53,593.93,431.59,489.63,540.73
1068,OK,22,12,947,947,414.98,431.11,592.16,430.95,487.82,540.21
1069,OK,24,12,947,947,415.96,431.51,593.02,430.48,489.92,540.43
1070,OK,22,10,951,951,415.81,431.34,593.63,430.19,490.82,540.05
1071,OK,23,11,948,948,415.93,431.57,593.16,430.44,490.98,539.76
1072,OK,24,12,949,949,416.38,431.81,593.92,431.3,491.29,541.06
1073,OK,24,14,945,945,414.88,432.71,591.68,431.53,488.81,540.52
1074,OK,22,11,951,951,415.33,432.11,593.15,430.75,490.54,540.76
1075,OK,26,14,942,942,416.73,431.0,592.94,431.9,490.13,539.59
1076,OK,25,13,945,945,416.43,431.68,593.25,430.76,490.87,540.21
1077,OK,24,12,949,949,416.39,432.17,593.92,432.02,492.2,541.44
1078,OK,25,14,946,946,416.78,433.19,593.65,432.81,492.15,542.77
1079,OK,25,12,948,948,417.19,432.33,594.53,431.96,492.27,541.62
1080,OK,23,12,948,948,415.84,432.09,593.13,431.61,490.58,541.37
1081,OK,21,10,953,953,414.94,431.99,593.21,430.77,490.72,541.5
1082,OK,17,6,958,958,413.59,430.82,592.74,429.41,489.06,540.07
1083,OK,17,9,953,953,411.78,430.4,589.97,429.31,486.77,540.33
1084,OK,17,10,950,950,411.33,430.2,589.09,430.04,484.97,540.86
1085,OK,15,8,956,956,410.88,431.3,589.67,428.99,486.01,541.93
1086,OK,19,11,949,949,412.23,431.92,589.79,429.88,486.87,540.45
1087,OK,18,11,950,950,412.23,431.02,589.95,429.81,486.33,541.67
1088,OK,19,11,949,949,412.33,431.41,589.87,430.22,486.48,540.47
1089,OK,17,7,955,955,412.62,430.93,591.29,429.37,487.34,539.17
1090,OK,20,10,951,951,413.5,431.55,591.42,429.3,489.29,539.91
1091,OK,19,8,954,954,414.01,430.7,592.42,429.8,489.39,540.26
1092,OK,19,8,954,954,414.36,430.68,592.72,430.26,489.39,539.69
1093,OK,21,10,951,951,414.26,431.73,592.16,430.09,488.91,540.41
1094,OK,18,7,957,957,413.75,431.56,592.76,429.1,490.6,539.76
1095,OK,17,6,958,958,413.36,431.57,592.47,429.4,489.16,541.01
1096,OK,15,5,960,960,412.87,431.71,592.4,429.63,489.21,541.17
1097,OK,18,6,957,957,413.49,431.46,592.41,429.27,490.12,539.38
1098,OK,18,5,958,958,413.86,431.27,593.04,429.73,490.86,539.47
1099,OK,18,7,956,956,413.64,431.28,592.46,430.57,489.26,540.78
1100,OK,21,8,952,952,415.35,430.59,593.39,430.04,490.25,539.52
1101,OK,19,8,955,955,414.22,430.94,592.8,429.76,490.08,540.03
1102,OK,22,10,948,948,414.73,430.77,592.12,429.41,489.65,538.74
1103,OK,20,8,954,954,414.27,431.63,592.62,429.59,491.26,539.59
1104,OK,21,8,955,955,415.56,431.02,594.13,430.29,492.21,539.98
1105,OK,24,10,948,948,416.26,431.0,593.56,429.65,491.5,539.62
1106,OK,20,8,954,954,415.37,430.67,593.75,430.2,490.6,540.22
1107,OK,23,11,948,948,415.94,431.22,593.23,430.64,491.18,540.37
1108,OK,23,11,949,949,415.8,431.5,593.28,430.22,491.07,539.85
1109,OK,23,12,946,946,415.14,431.23,592.15,430.17,489.57,540.45
1110,OK,22,10,951,951,415.26,431.88,593.14,430.66,490.52,540.29
1111,OK,24,12,947,947,415.94,431.63,593.07,430.06,490.64,540.12
1112,OK,22,12,947,947,414.64,432.89,591.73,433.67,487.45,538.52
1113,OK,22,12,946,946,415.56,433.18,592.45,433.5,487.95,538.25
1114,OK,21,12,948,948,414.55,433.5,591.77,433.01,488.05,540.28
1115,OK,23,13,944,944,414.9,433.18,591.44,433.01,487.19,537.23
1116,OK,23,15,945,945,414.94,433.7,591.68,434.87,487.16,539.79
1117,OK,23,15,942,942,414.52,434.16,590.77,434.22,486.87,539.27
1118,OK,24,14,945,945,415.94,433.07,592.63,433.9,488.24,539.71
1119,OK,22,11,950,950,415.68,433.7,593.28,433.61,489.56,539.08
1120,OK,22,12,947,947,414.56,433.87,591.66,433.25,487.92,538.32
1121,OK,22,11,949,949,415.99,433.2,593.49,433.78,489.24,538.31
1122,OK,24,13,945,945,415.47,432.75,592.29,433.54,488.21,538.3
1123,OK,22,15,944,944,414.78,433.32,591.25,434.74,486.73,540.2
1124,OK,23,14,945,945,415.29,433.44,592.05,434.3,487.0,539.54
1125,OK,24,15,943,943,414.41,433.9,590.82,433.2,487.97,538.51
1126,OK,23,14,945,945,415.21,432.72,591.97,433.45,487.34,539.06
1127,OK,23,13,944,944,415.35,432.85,591.95,433.79,487.58,538.63
1128,OK,23,13,944,944,415.23,432.99,591.85,432.91,487.79,538.43
1129,OK,23,15,944,944,415.02,434.2,591.5,434.57,487.35,540.03
1130,OK,23,14,944,944,414.55,433.17,591.08,433.87,487.31,539.42
1131,OK,23,14,945,945,415.39,433.72,592.21,433.9,488.05,538.46
1132,OK,23,13,947,947,414.75,434.22,591.84,432.96,489.69,539.66
1133,OK,22,15,944,944,414.06,433.93,590.59,433.68,486.2,540.44
1134,OK,24,15,943,943,414.3,433.73,590.69,433.13,487.63,539.06
1135,OK,24,15,943,943,415.12,433.92,591.5,433.72,487.29,540.11
1136,OK,24,14,945,945,415.08,433.97,591.82,433.67,489.63,539.8
1137,OK,22,10,952,952,415.67,432.1,593.7,430.58,492.84,541.3
1138,OK,22,9,954,954,415.61,431.61,594.07,430.84,493.67,541.73
1139,OK,19,6,956,956,414.63,430.26,593.45,429.69,491.69,539.67
1140,OK,19,7,956,956,414.78,430.61,593.63,429.83,491.39,540.67
1141,OK,21,7,954,954,415.23,430.65,593.57,429.35,493.01,539.28
1142,OK,20,7,956,956,414.81,430.33,593.59,429.86,491.92,540.44
1143,OK,22,10,951,951,414.74,430.2,592.7,430.59,490.67,540.21
1144,OK,21,9,953,953,415.26,429.89,593.41,430.32,491.1,540.2
1145,OK,22,9,953,953,415.77,429.1,593.99,431.24,491.48,540.28
1146,OK,22,7,955,955,416.29,430.09,594.82,430.35,493.35,539.34
1147,OK,23,8,955,955,416.62,430.37,595.25,430.62,494.11,540.09
1148,OK,23,8,952,952,416.37,430.06,594.51,429.45,494.56,539.53
1149,OK,23,9,953,953,415.92,429.81,594.17,430.66,493.01,540.98
1150,OK,24,10,951,951,416.5,430.08,594.41,431.0,492.99,541.04
1151,OK,22,9,953,953,415.71,430.22,594.01,431.37,492.03,541.04
1152,OK,21,8,952,952,415.3,429.83,593.44,429.81,491.3,539.64
1153,OK,18,5,958,958,414.27,430.41,593.53,428.83,492.09,540.19
1154,OK,17,5,958,958,413.31,429.57,592.44,429.53,489.26,539.71
1155,OK,18,8,955,955,413.25,429.33,591.85,430.39,488.4,541.41
1156,OK,16,6,956,956,412.24,429.19,591.06,429.38,487.87,540.27
1157,OK,17,8,953,953,411.42,429.32,589.63,429.04,487.06,539.89
1158,OK,18,9,950,950,411.41,429.37,589.12,428.72,485.98,539.27
1159,OK,16,9,952,952,410.75,429.73,588.82,429.28,486.05,541.28
1160,OK,15,7,955,955,410.15,429.09,588.72,428.22,485.72,540.69
1161,OK,13,6,958,958,409.7,429.41,588.85,428.87,485.32,542.48
1162,OK,14,8,955,955,409.53,428.69,588.06,428.79,484.14,542.36
1163,OK,13,6,959,959,409.59,428.43,588.93,428.82,485.24,541.47
1164,OK,11,3,962,962,409.73,427.61,589.64,428.61,484.85,541.88
1165,OK,14,6,957,957,410.38,428.28,589.31,428.87,484.98,541.04
1166,OK,14,4,960,960,411.39,428.66,590.94,428.43,487.15,541.09
1167,OK,13,4,960,960,410.72,428.22,590.25,428.14,486.51,540.3
1168,OK,14,4,961,961,410.74,428.7,590.56,428.66,487.41,541.28
1169,OK,15,7,955,955,410.63,428.73,589.17,428.92,485.45,541.03
1170,OK,17,7,953,953,411.3,427.86,589.5,428.87,486.08,539.16
1171,OK,15,3,961,961,411.96,428.19,591.75,428.3,488.49,539.11
1172,OK,14,2,962,962,412.05,428.18,591.95,428.54,488.78,539.31
1173,OK,17,5,959,959,413.42,429.24,592.82,428.96,490.12,539.91
1174,OK,17,5,959,959,412.83,429.48,592.27,428.12,490.36,540.04
1175,OK,16,3,961,961,413.27,429.26,592.93,427.8,490.71,538.82
1176,OK,18,6,957,957,413.56,430.08,592.46,428.89,490.6,540.33
1177,OK,18,4,958,958,413.37,429.51,592.62,427.79,491.73,539.02
1178,OK,17,6,958,958,413.39,429.9,592.59,429.12,490.66,540.73
1179,OK,17,4,960,960,413.43,429.61,593.05,428.16,492.0,540.12
1180,OK,18,6,958,958,413.99,430.31,593.12,429.03,492.02,541.41
1181,OK,19,6,958,958,414.43,430.21,593.63,429.1,492.88,541.22
1182,OK,19,6,958,958,414.42,430.6,593.66,429.98,492.21,541.32
1183,OK,21,9,956,956,415.45,431.66,594.29,431.17,494.11,542.76
1184,OK,21,7,956,956,414.94,431.5,593.76,429.06,493.83,539.96
1185,OK,20,8,958,958,415.07,432.47,594.18,430.91,494.29,542.57
1186,OK,19,9,959,959,414.35,433.71,593.62,431.73,492.47,543.81
1187,OK,22,11,953,953,415.39,433.59,593.63,430.83,492.26,542.38
1188,OK,20,8,959,959,415.81,432.41,595.12,432.53,493.15,543.23
1189,OK,20,9,956,956,415.09,433.02,593.89,431.8,491.59,542.99
1190,OK,23,11,953,953,416.17,432.6,594.48,431.17,492.68,542.46
1191,OK,20,6,958,958,415.77,430.81,594.99,430.52,493.17,539.48
1192,OK,17,5,960,960,413.93,431.23,593.42,429.17,491.34,539.87
1193,OK,18,5,958,958,413.66,430.91,592.89,428.68,490.73,539.82
1194,OK,15,2,966,966,414.4,430.98,595.02,429.72,492.59,540.56
1195,OK,18,6,959,959,413.94,431.02,593.38,429.62,491.31,540.78
1196,OK,17,7,958,958,413.1,432.17,592.23,429.97,490.31,540.98
1197,OK,18,7,957,957,413.22,431.79,592.18,429.49,490.72,540.12
1198,OK,16,4,961,961,413.68,430.02,593.35,428.47,490.1,538.93
1199,OK,16,5,959,959,412.6,430.32,591.96,429.68,488.07,538.56
1200,OK,17,5,958,958,413.24,430.68,592.43,429.21,489.68,538.92
1201,OK,16,5,959,959,411.89,431.01,591.2,428.5,488.89,539.32
1202,OK,14,5,958,958,411.43,430.26,590.65,428.63,486.56,539.93
1203,OK,14,5,961,961,411.79,431.07,591.46,428.68,488.07,540.43
1204,OK,13,4,961,961,410.67,430.64,590.46,428.25,485.65,539.14
1205,OK,14,3,964,964,413.18,430.22,593.48,429.28,489.23,540.3
1206,OK,15,4,962,962,413.18,431.83,593.17,429.92,490.56,541.1
1207,OK,19,8,957,957,414.66,432.18,593.71,429.88,491.69,541.18
1208,OK,14,2,966,966,412.83,431.96,593.48,429.51,491.1,541.2
1209,OK,16,5,960,960,413.26,431.45,592.8,429.13,490.93,539.74
1210,OK,15,5,960,960,412.35,431.3,591.87,428.91,488.41,540.17
1211,OK,17,4,960,960,413.4,431.08,592.91,428.74,491.15,539.44
1212,OK,17,6,960,960,413.16,432.32,592.75,429.55,491.34,541.7
1213,OK,18,8,958,958,413.8,432.86,593.03,430.37,492.07,542.59
1214,OK,19,8,961,961,415.03,433.06,594.75,431.66,493.66,543.76
1215,OK,19,9,957,957,413.93,432.8,592.93,431.6,490.86,543.02
1216,OK,20,8,957,957,414.45,432.93,593.44,430.36,492.84,541.89
1217,OK,22,13,949,949,414.48,434.0,592.01,432.02,490.51,541.44
1218,OK,21,9,954,954,415.34,431.83,593.68,431.34,492.15,540.81
1219,OK,21,10,954,954,414.87,432.04,593.24,431.6,492.29,542.25
1220,OK,20,11,952,952,414.04,433.03,592.18,432.2,490.42,542.42
1221,OK,19,8,957,957,414.32,432.18,593.31,431.17,490.82,542.02
1222,OK,22,12,951,951,415.04,433.25,592.92,432.05,491.56,542.1
1223,OK,16,6,963,963,413.4,433.22,593.41,431.02,491.64,543.82
1224,OK,21,9,952,952,414.6,432.29,592.61,430.58,491.69,540.56
1225,OK,18,8,957,957,412.97,432.27,591.88,429.8,490.01,541.61
1226,OK,17,6,959,959,412.72,430.88,592.15,428.8,489.57,540.24
1227,OK,13,2,964,964,412.06,429.98,592.45,428.28,489.12,539.44
1228,OK,15,3,962,962,412.27,430.79,592.22,427.72,490.35,540.4
1229,OK,17,5,957,957,412.5,430.48,591.56,428.08,489.06,538.57
1230,OK,18,7,954,954,412.84,430.37,591.2,429.56,489.22,539.21
1231,OK,16,4,959,959,412.41,429.44,591.68,428.2,489.46,538.76
1232,OK,14,5,958,958,411.28,429.39,590.48,429.5,486.53,540.45
1233,OK,15,7,955,955,410.56,429.18,589.26,429.35,485.52,539.39
1234,OK,12,5,960,960,410.08,430.6,589.6,430.22,485.34,540.87
1235,OK,11,6,960,960,409.57,429.57,589.1,432.16,483.15,541.59
1236,OK,12,4,963,963,410.48,429.82,590.57,430.71,485.89,540.96
1237,OK,12,6,959,959,409.91,429.42,589.34,430.77,484.18,541.35
1238,OK,15,4,961,961,411.74,430.11,591.48,428.33,489.3,540.22
1239,OK,15,4,961,961,411.83,429.59,591.61,427.74,488.42,539.45
1240,OK,13,2,964,964,412.46,430.04,592.67,427.91,488.98,540.03
1241,OK,14,3,962,962,412.56,429.58,592.51,428.22,489.3,539.27
1242,OK,14,2,964,964,412.3,430.64,592.55,427.91,489.65,540.25
1243,OK,15,4,961,961,412.07,430.91,591.75,428.06,488.43,540.04
1244,OK,14,3,963,963,412.14,431.12,592.18,428.17,489.7,539.86
1245,OK,17,6,960,960,413.23,432.53,592.73,429.4,492.37,541.71
1246,OK,15,6,960,960,412.24,432.22,591.76,429.64,489.19,541.86
1247,OK,18,8,957,957,413.85,431.83,592.79,430.55,490.31,540.98
1248,OK,17,7,958,958,412.74,432.46,591.86,430.13,489.73,541.66
1249,OK,18,7,958,958,413.42,432.02,592.63,430.28,491.02,541.54
1250,OK,19,7,956,956,413.55,432.9,592.29,429.47,491.09,540.79
1251,OK,19,6,958,958,414.05,432.14,593.14,429.02,492.98,540.01
1252,OK,17,5,962,962,413.65,432.69,593.55,429.1,492.64,542.39
1253,OK,16,6,960,960,412.75,432.9,592.31,428.71,491.4,541.73
1254,OK,17,5,961,961,413.3,432.12,592.91,428.55,492.1,540.49
1255,OK,19,7,956,956,413.95,431.73,592.69,429.34,492.0,540.63
1256,OK,19,9,955,955,413.42,432.36,591.93,430.8,490.42,541.8
1257,OK,18,7,958,958,413.46,432.81,592.53,429.46,492.22,541.58
1258,OK,20,8,954,954,413.99,432.19,592.43,429.92,490.89,540.72
1259,OK,16,4,962,962,412.9,432.33,592.84,428.36,491.92,540.11
1260,OK,19,8,955,955,413.72,431.44,592.29,429.38,490.34,539.61
1261,OK,18,7,957,957,413.52,431.26,592.42,429.71,490.17,540.54
1262,OK,13,6,958,958,410.59,430.57,589.81,430.03,485.15,541.31
1263,OK,11,4,963,963,409.67,430.35,589.81,429.84,485.26,540.29
1264,OK,13,7,957,957,409.88,429.41,588.94,431.01,483.75,540.48
1265,OK,12,5,960,960,410.69,429.85,590.19,431.33,484.94,540.97
1266,OK,10,4,964,964,409.86,430.61,590.08,430.47,484.83,542.57
1267,OK,11,5,962,962,409.91,430.37,589.77,429.58,485.72,542.32
1268,OK,13,4,961,961,410.65,429.36,590.42,429.69,486.27,540.32
1269,OK,13,6,959,959,410.03,430.44,589.33,429.61,484.94,540.57
1270,OK,13,7,956,956,409.7,430.43,588.46,430.07,484.06,539.82
1271,OK,12,8,956,956,409.11,430.96,587.83,430.67,483.2,541.28
1272,OK,16,7,954,954,411.14,429.55,589.48,429.59,485.7,540.11
1273,OK,14,7,957,957,410.64,430.22,589.61,429.18,485.55,540.83
1274,OK,14,7,957,957,410.53,429.77,589.46,430.58,484.09,540.79
1275,OK,13,6,959,959,410.48,429.6,589.93,429.42,484.87,541.4
1276,OK,12,6,959,959,409.7,430.16,589.06,429.42,484.59,541.08
1277,OK,13,4,961,961,411.27,429.66,591.04,428.86,486.8,539.7
1278,OK,13,4,960,960,410.57,430.03,590.07,429.64,486.27,539.96
1279,OK,15,6,958,958,411.76,430.98,590.95,430.36,487.94,540.88
1280,OK,13,5,961,961,411.31,430.45,591.03,429.55,486.46,540.77
1281,OK,15,5,962,962,412.42,431.0,592.31,428.54,490.11,542.27
1282,OK,15,5,961,961,412.37,431.52,592.11,428.69,489.74,541.21
1283,OK,16,6,959,959,411.8,431.41,591.23,429.03,488.56,540.27
1284,OK,13,4,962,962,411.03,431.43,590.88,429.43,487.46,541.28
1285,OK,12,4,962,962,410.15,430.09,590.05,429.67,486.14,540.39
1286,OK,12,4,960,960,410.26,430.16,589.79,428.18,485.95,539.44
1287,OK,14,4,960,960,411.3,429.6,590.87,428.5,487.98,540.36
1288,OK,15,7,956,956,410.68,430.09,589.47,429.71,485.98,540.29
1289,OK,15,6,957,957,410.68,430.15,589.62,429.37,486.25,539.49
1290,OK,15,7,957,957,410.85,430.37,589.89,430.46,485.96,540.54
1291,OK,15,6,959,959,411.52,430.55,590.93,429.25,487.39,540.73
1292,OK,15,5,959,959,411.35,430.09,590.73,429.07,487.13,539.93
1293,OK,16,5,957,957,411.69,429.83,590.63,428.86,487.22,538.54
1294,OK,15,6,956,956,411.19,429.99,590.03,430.37,486.42,539.0
1295,OK,18,9,951,951,411.53,430.32,589.48,430.02,486.29,539.52
1296,OK,14,7,956,956,410.64,430.66,589.45,430.47,485.61,539.91
1297,OK,14,7,956,956,410.17,430.92,588.88,429.09,485.59,540.72
1298,OK,15,8,954,954,410.44,431.01,588.95,429.67,486.04,540.84
1299,OK,18,10,948,948,411.57,429.88,588.79,429.97,485.72,538.96
1300,OK,17,12,947,947,410.01,430.12,587.09,430.06,483.14,541.45
1301,OK,16,12,948,948,409.6,430.5,586.86,430.31,482.74,542.92
1302,OK,15,12,948,948,408.76,430.49,586.05,430.07,481.54,542.05
1303,OK,15,11,950,950,409.43,429.53,587.06,430.1,482.15,542.54
1304,OK,17,13,946,946,409.88,429.38,586.77,430.76,482.1,542.12
1305,OK,17,13,947,947,409.71,430.84,586.74,429.51,483.43,542.68
1306,OK,16,13,949,949,409.31,430.71,586.87,430.39,483.03,543.65
1307,OK,15,12,948,948,408.66,430.61,585.96,430.39,481.56,542.31
1308,OK,14,12,950,950,408.72,430.69,586.46,430.9,481.51,543.72
1309,OK,17,12,949,949,409.72,430.98,587.15,430.12,483.71,543.12
1310,OK,17,14,947,947,409.67,431.34,586.71,431.39,482.96,544.1
1311,OK,16,12,948,948,409.74,431.04,587.07,430.8,482.94,543.02
1312,OK,16,12,948,948,408.99,430.92,586.32,430.84,482.35,542.61
1313,OK,16,11,950,950,410.22,430.46,587.97,431.35,484.28,541.98
1314,OK,17,11,948,948,409.99,431.24,587.22,430.01,484.54,540.95
1315,OK,17,11,949,949,409.83,431.43,587.39,429.95,484.42,540.48
1316,OK,16,11,948,948,409.37,430.46,586.77,429.95,483.27,540.42
1317,OK,17,12,947,947,409.69,430.59,586.77,430.63,482.97,541.24
1318,OK,16,12,948,948,409.82,431.44,587.05,430.55,483.37,542.54
1319,OK,17,12,948,948,409.6,431.57,586.83,430.69,483.99,541.24
1320,OK,18,13,947,947,410.01,431.28,587.19,430.19,484.59,541.49
1321,OK,19,14,945,945,409.83,432.0,586.63,430.22,484.54,542.09
1322,OK,17,13,946,946,409.15,431.51,586.05,429.67,483.52,542.8
1323,OK,16,12,949,949,409.06,430.99,586.59,429.9,483.55,542.45
1324,OK,17,12,948,948,410.13,431.26,587.49,431.37,484.42,542.2
1325,OK,17,13,947,947,409.62,430.52,586.69,430.84,483.28,541.91
1326,OK,17,11,949,949,409.45,431.02,587.01,430.16,484.53,540.9
1327,OK,17,11,948,948,409.63,431.06,586.95,430.88,484.19,540.56
1328,OK,16,9,952,952,409.96,430.76,588.06,429.97,485.11,540.29
1329,OK,17,11,949,949,409.85,430.89,587.26,430.19,483.87,540.21
1330,OK,13,9,952,952,408.88,430.67,586.87,430.58,482.04,540.09
1331,OK,17,10,950,950,410.48,429.92,588.16,430.46,484.82,540.77
1332,OK,16,12,949,949,410.13,429.85,587.71,430.74,482.8,541.75
1333,OK,15,10,952,952,409.95,430.25,588.07,430.21,484.58,542.64
1334,OK,15,12,950,950,409.94,431.3,587.56,432.26,483.23,543.98
1335,OK,15,11,951,951,409.31,430.29,587.28,430.01,482.96,543.02
1336,OK,14,11,950,950,408.83,430.38,586.58,429.72,482.09,542.95
1337,OK,15,12,948,948,408.89,430.32,586.23,429.23,481.78,542.89
1338,OK,16,15,945,945,408.37,430.36,585.12,430.05,479.8,544.74
1339,OK,15,11,949,949,408.78,428.49,586.24,429.29,480.65,542.2
1340,OK,13,12,948,948,407.15,429.26,584.37,429.31,478.3,543.08
1341,OK,16,14,943,943,407.75,427.71,584.12,430.83,478.33,541.72
1342,OK,15,12,945,945,407.96,426.5,584.59,430.2,479.05,540.51
1343,OK,16,13,945,945,408.04,428.27,584.83,430.44,479.61,542.6
1344,OK,13,11,948,948,407.79,428.26,585.06,429.45,479.2,542.57
1345,OK,16,14,944,944,408.59,429.14,585.11,430.88,479.92,542.15
1346,OK,16,14,944,944,408.3,429.17,584.93,429.89,479.49,543.16
1347,OK,17,14,944,944,409.15,428.73,585.71,430.65,480.71,542.39
1348,OK,15,12,947,947,408.85,427.94,585.92,430.29,480.39,541.2
1349,OK,14,11,950,950,408.92,429.38,586.59,430.08,482.07,543.47
1350,OK,16,12,949,949,409.82,428.38,587.27,431.56,482.05,542.81
1351,OK,16,11,949,949,409.7,428.07,587.12,430.76,482.49,541.68
1352,OK,14,8,954,954,410.35,426.94,588.7,430.16,483.74,542.53
1353,OK,15,8,952,952,410.26,427.0,588.27,431.18,482.81,540.83
1354,OK,14,8,952,952,409.63,427.58,587.6,430.46,482.84,540.49
1355,OK,14,7,956,956,410.47,427.55,589.35,429.83,484.22,541.75
1356,OK,16,10,951,951,410.24,428.03,588.1,430.64,483.57,540.77
1357,OK,16,10,950,950,410.1,429.17,587.86,430.81,483.7,541.87
1358,OK,16,9,951,951,410.22,427.98,588.1,430.51,483.88,540.34
1359,OK,15,9,952,952,410.23,427.98,588.31,430.74,483.21,540.64
1360,OK,14,6,956,956,410.41,427.63,589.18,430.31,484.65,539.93
1361,OK,16,10,951,951,410.08,428.06,588.0,431.3,483.37,540.33
1362,OK,14,8,954,954,409.76,428.89,588.18,431.16,483.9,540.79
1363,OK,14,7,954,954,409.93,427.57,588.33,430.8,483.24,539.56
1364,OK,16,9,950,950,410.82,427.62,588.49,431.51,483.6,539.31
1365,OK,13,8,955,955,409.08,429.21,587.67,432.54,481.64,539.84
1366,OK,12,6,958,958,410.45,429.67,589.53,432.14,483.99,540.53
1367,OK,15,9,955,955,410.73,430.41,589.37,432.73,484.51,540.54
1368,OK,14,8,952,952,410.09,428.64,588.01,432.45,481.94,538.99
1369,OK,11,7,957,957,409.16,428.7,588.05,432.4,481.2,540.88
1370,OK,13,7,955,955,410.01,427.72,588.51,432.09,481.84,538.45
1371,OK,13,10,951,951,408.62,429.54,586.46,431.97,480.24,540.45
1372,OK,17,13,947,947,410.02,431.05,587.05,433.05,482.21,540.18
1373,OK,14,10,951,951,409.55,429.37,587.46,431.63,481.09,541.33
1374,OK,14,8,955,955,410.13,428.41,588.7,431.05,483.71,541.03
1375,OK,17,13,947,947,410.19,427.83,587.29,432.97,482.02,542.57
1376,OK,16,12,944,944,409.07,427.4,585.68,431.28,480.47,540.15
1377,OK,18,15,941,941,409.03,427.38,585.06,431.47,479.38,541.66
1378,OK,18,14,940,940,409.39,427.73,585.12,430.96,480.21,540.4
1379,OK,15,13,944,944,408.02,427.98,584.59,431.22,478.32,541.75
1380,OK,18,14,942,942,409.54,427.41,585.61,431.65,480.71,541.46
1381,OK,17,11,945,945,408.82,426.65,585.46,430.16,481.11,539.2
1382,OK,15,11,944,944,408.58,426.03,585.06,430.07,478.83,539.5
1383,OK,18,14,940,940,409.21,426.15,584.95,430.54,479.61,539.79
1384,OK,16,12,943,943,408.58,426.13,584.85,429.98,479.13,539.87
1385,OK,15,13,943,943,407.63,425.99,583.99,430.19,477.57,540.73
1386,OK,16,11,945,945,408.66,426.11,585.38,429.5,479.87,538.89
1387,OK,17,13,941,941,407.67,426.07,583.65,429.31,478.34,538.74
1388,OK,14,10,946,946,407.96,425.88,584.93,430.12,478.66,538.77
1389,OK,16,11,944,944,408.34,426.31,584.87,429.66,479.53,538.99
1390,OK,14,12,946,946,407.82,427.37,584.7,430.46,479.61,541.4
1391,OK,17,14,941,941,408.05,427.58,584.07,431.08,478.28,539.84
1392,OK,17,11,945,945,409.18,426.71,585.84,430.32,480.55,539.07
1393,OK,14,10,948,948,408.55,426.87,585.73,430.82,480.37,539.22
1394,OK,16,11,945,945,408.0,427.06,584.8,430.29,480.14,537.99
1395,OK,16,12,942,942,408.18,427.43,584.26,430.93,479.27,538.16
1396,OK,17,12,942,942,408.28,427.94,584.4,431.14,480.36,538.02
1397,OK,15,11,947,947,408.17,428.02,585.16,431.9,480.12,538.59
1398,OK,17,12,945,945,409.79,427.8,586.4,432.03,481.9,538.73
1399,OK,16,11,947,947,409.16,427.44,586.24,431.88,481.31,539.79
1400,OK,16,9,951,951,410.09,428.07,587.82,432.15,483.15,539.14
1401,OK,15,9,950,950,409.8,427.41,587.49,432.26,482.02,540.07
1402,OK,15,8,952,952,409.94,428.02,588.04,430.84,484.0,539.63
1403,OK,14,10,950,950,408.98,428.52,586.57,432.16,481.57,540.77
1404,OK,16,10,949,949,409.44,427.94,586.93,431.16,482.38,539.99
1405,OK,15,8,952,952,410.12,427.68,588.18,431.31,483.74,539.88
1406,OK,16,10,949,949,409.84,427.39,587.23,431.34,482.66,539.86
1407,OK,15,9,950,950,410.52,427.2,588.13,431.82,482.35,540.21
1408,OK,14,9,952,952,409.88,427.92,587.82,431.78,483.01,540.47
1409,OK,16,10,948,948,410.25,427.81,587.5,432.03,483.04,539.89
1410,OK,16,10,948,948,410.32,427.49,587.68,430.7,482.9,539.16
1411,OK,14,9,953,953,409.62,428.22,587.78,432.03,482.6,540.19
1412,OK,12,6,956,956,409.5,427.47,588.29,431.51,482.86,540.34
1413,OK,16,10,950,950,410.04,428.15,587.78,430.85,484.32,540.59
1414,OK,15,10,950,950,409.91,427.71,587.46,431.59,482.77,542.3
1415,OK,15,12,948,948,408.65,427.6,585.99,431.88,480.87,542.71
1416,OK,17,13,942,942,409.32,427.12,585.46,431.14,480.28,539.76
1417,OK,16,13,944,944,408.83,427.27,585.33,430.74,480.36,541.22
1418,OK,16,12,944,944,408.7,426.74,585.13,430.53,479.12,541.12
1419,OK,16,13,944,944,408.36,428.04,584.84,429.68,480.49,541.45
1420,OK,14,12,946,946,407.65,427.99,584.6,429.93,479.52,542.45
1421,OK,15,12,946,946,407.86,428.08,584.73,429.77,480.24,541.15
1422,OK,14,11,946,946,407.6,427.54,584.54,429.88,479.03,540.95
1423,OK,14,11,947,947,407.13,427.46,584.18,429.47,479.22,540.43
1424,OK,15,13,942,942,406.89,428.17,583.01,429.79,478.32,540.1
1425,OK,13,9,948,948,407.61,426.36,584.98,428.83,479.35,539.93
1426,OK,15,11,946,946,408.09,427.27,584.94,429.77,480.34,541.15
1427,OK,13,11,948,948,407.5,427.21,584.73,430.09,478.76,541.77
1428,OK,14,11,948,948,408.23,427.98,585.6,429.74,480.04,541.45
1429,OK,14,10,950,950,408.4,428.0,586.13,430.21,480.79,541.93
1430,OK,17,14,943,943,408.29,428.18,584.58,430.54,479.8,540.94
1431,OK,15,11,947,947,408.16,427.1,585.18,429.87,479.72,540.17
1432,OK,15,10,947,947,408.63,426.89,585.64,429.84,480.83,538.81
1433,OK,16,9,947,947,409.16,426.77,586.21,429.58,482.29,537.54
1434,OK,18,13,942,942,409.41,428.13,585.53,431.17,481.96,539.54
1435,OK,18,12,945,945,409.68,427.36,586.39,431.34,482.56,539.5
1436,OK,15,11,949,949,408.61,427.73,586.11,431.4,481.44,540.51
1437,OK,14,9,951,951,408.87,426.99,586.62,430.9,480.85,539.64
1438,OK,14,9,952,952,409.09,428.38,587.18,431.75,482.18,540.75
1439,OK,15,8,951,951,409.27,428.6,587.15,430.37,483.4,537.8
1440,OK,14,12,948,948,408.14,430.24,585.36,432.74,479.58,540.7
1441,OK,14,10,950,950,408.56,429.92,586.15,431.74,480.94,539.38
1442,OK,11,6,955,955,407.84,427.58,586.37,430.75,479.62,538.18
1443,OK,18,11,951,951,410.25,431.21,588.13,430.53,487.35,541.91
1444,OK,19,12,949,949,410.46,432.62,587.86,431.09,487.89,541.74
1445,OK,18,12,949,949,409.69,431.47,587.25,431.42,486.1,541.53
1446,OK,20,14,946,946,411.56,431.23,588.53,432.51,486.57,543.08
1447,OK,21,15,943,943,410.74,430.84,587.04,432.16,485.37,540.79
1448,OK,20,12,944,944,411.73,428.95,588.28,432.09,485.22,538.49
1449,OK,18,11,945,945,409.89,427.91,586.52,431.41,482.43,537.78
1450,OK,14,10,949,949,408.48,427.53,585.83,432.16,479.93,538.19
1451,OK,12,8,953,953,407.86,426.93,585.96,431.16,479.41,539.71
1452,OK,12,8,952,952,408.25,426.73,586.28,431.71,479.62,539.96
1453,OK,14,10,949,949,408.64,427.23,586.12,431.53,480.6,538.92
1454,OK,14,12,947,947,407.69,428.78,584.72,432.63,479.48,539.42
1455,OK,18,13,943,943,409.08,428.08,585.46,432.11,481.1,538.39
1456,OK,15,8,948,948,408.74,426.54,585.99,429.51,481.09,537.96
1457,OK,17,12,943,943,408.53,427.19,584.83,430.25,480.35,538.85
1458,OK,17,12,944,944,409.33,427.52,585.79,429.92,482.28,539.85
1459,OK,14,9,949,949,408.25,427.0,585.65,430.41,480.89,539.09
1460,OK,15,10,949,949,408.37,427.32,585.89,429.9,480.97,540.13
1461,OK,15,10,947,947,408.28,426.81,585.3,430.35,480.73,538.41
1462,OK,16,11,945,945,408.26,427.68,584.89,430.99,480.66,538.66
1463,OK,16,11,944,944,408.12,427.83,584.73,430.91,480.49,538.46
1464,OK,16,12,944,944,408.08,427.81,584.54,431.14,480.14,538.87
1465,OK,18,12,945,945,409.46,427.81,586.24,430.52,482.2,539.5
1466,OK,19,14,940,940,409.88,427.88,585.68,432.1,481.26,539.13
1467,OK,17,12,945,945,409.82,427.42,586.58,432.03,481.62,539.54
1468,OK,16,13,944,944,408.93,428.69,585.44,432.92,480.57,540.97
1469,OK,17,12,947,947,409.41,428.56,586.5,432.52,482.79,540.8
1470,OK,16,11,949,949,409.63,428.13,587.12,432.4,482.37,540.17
1471,OK,13,8,953,953,408.36,428.17,586.51,431.89,481.26,539.41
1472,OK,14,11,948,948,408.7,428.57,586.01,432.7,480.55,539.66
1473,OK,16,11,946,946,409.66,428.22,586.62,432.7,481.59,539.18
1474,OK,16,10,949,949,409.19,428.61,586.74,431.33,482.45,539.24
1475,OK,13,8,953,953,408.4,428.32,586.56,431.38,481.71,538.79
1476,OK,15,12,947,947,408.62,428.63,585.61,433.0,479.92,539.24
1477,OK,15,11,949,949,408.93,428.88,586.34,432.26,481.5,540.13
1478,OK,13,8,953,953,408.71,427.6,586.94,431.16,481.37,538.95
1479,OK,14,10,950,950,408.88,428.28,586.53,432.46,480.62,540.08
1480,OK,18,12,945,945,409.85,428.54,586.64,432.03,483.11,539.06
1481,OK,18,11,947,947,409.9,428.83,587.03,431.95,483.64,539.35
1482,OK,16,11,948,948,409.67,428.56,586.93,432.61,482.22,539.57
1483,OK,15,10,949,949,409.43,428.12,586.92,432.49,481.45,538.79
1484,OK,13,7,954,954,409.68,427.48,588.03,432.22,482.0,539.09
1485,OK,14,9,950,950,409.32,428.27,586.96,432.81,480.44,539.4
1486,OK,14,9,950,950,409.82,427.35,587.42,432.33,480.62,538.98
1487,OK,15,10,948,948,409.18,427.37,586.42,431.79,481.05,539.14
1488,OK,14,9,950,950,408.87,428.07,586.42,432.15,480.91,539.89
1489,OK,17,11,946,946,409.47,428.4,586.31,432.14,482.19,538.91
1490,OK,14,11,948,948,408.45,427.72,585.76,432.84,479.92,540.66
1491,OK,15,11,949,949,409.25,427.78,586.64,432.13,481.93,540.36
1492,OK,17,12,944,944,409.54,428.02,586.0,432.05,482.12,538.88
1493,OK,16,11,946,946,409.54,427.32,586.39,432.28,481.82,539.69
1494,OK,19,13,943,943,409.54,428.4,585.94,432.06,482.55,539.62
1495,OK,18,12,944,944,409.62,427.92,586.09,431.39,482.29,539.08
1496,OK,16,13,944,944,408.78,428.27,585.38,432.09,480.19,539.98
1497,OK,17,12,945,945,409.43,428.16,586.08,431.32,481.88,539.03
1498,OK,15,11,946,946,408.57,427.77,585.56,431.21,480.76,539.3
1499,OK,16,13,945,945,408.62,429.02,585.27,432.12,480.43,540.85
1500,OK,16,12,946,946,408.56,429.32,585.39,432.15,481.35,540.35
1501,OK,15,10,950,950,409.19,428.58,586.85,432.15,482.18,541.0
1502,OK,16,11,948,948,409.68,428.75,587.02,432.62,482.53,540.95
1503,OK,15,10,948,948,409.05,428.39,586.36,431.14,482.17,539.75
1504,OK,16,11,949,949,409.31,429.19,586.77,432.55,482.84,540.05
1505,OK,12,7,955,955,408.82,427.07,587.39,431.75,480.7,539.05
1506,OK,14,9,950,950,408.91,427.85,586.59,432.37,480.39,538.94
1507,OK,12,7,957,957,409.21,428.39,588.07,432.99,482.17,540.05
1508,OK,12,8,954,954,408.93,428.6,587.26,432.35,481.36,539.94
1509,OK,12,8,954,954,408.47,428.78,586.81,432.28,481.29,540.06
1510,OK,12,7,957,957,409.05,428.66,588.05,432.51,482.1,540.19
1511,OK,11,7,957,957,408.81,428.11,587.8,432.38,481.27,540.13
1512,OK,13,8,954,954,409.33,429.14,587.79,432.41,482.5,540.83
1513,OK,14,10,951,951,408.8,429.29,586.56,433.33,481.01,540.09
1514,OK,13,9,952,952,409.35,428.73,587.35,433.02,481.29,540.58
1515,OK,15,10,951,951,409.9,428.19,587.75,433.26,482.85,539.55
1516,OK,11,7,957,957,408.42,428.9,587.43,432.58,481.46,540.48
1517,OK,12,6,957,957,408.77,428.56,587.79,432.56,482.13,538.95
1518,OK,13,9,952,952,408.53,429.15,586.6,432.77,481.39,539.47
1519,OK,14,8,953,953,409.42,428.89,587.63,431.73,482.91,539.29
1520,OK,16,11,948,948,409.5,429.93,586.83,432.87,482.33,538.7
1521,OK,11,5,959,959,408.81,428.92,588.18,431.78,482.8,539.2
1522,OK,11,7,957,957,408.39,429.23,587.41,432.14,481.97,540.66
1523,OK,15,8,953,953,409.78,428.72,588.0,432.54,483.4,538.92
1524,OK,12,7,954,954,408.76,428.41,587.21,432.18,481.82,539.61
1525,OK,14,9,953,953,409.44,427.82,587.57,432.75,481.71,539.73
1526,OK,14,11,948,948,408.36,428.9,585.61,432.96,480.37,540.01
1527,OK,16,11,946,946,409.05,428.69,585.93,431.56,482.21,539.11
1528,OK,18,11,944,944,409.36,427.71,585.82,431.01,482.9,537.85
1529,OK,16,13,942,942,407.74,428.5,583.88,431.72,479.65,539.59
1530,OK,15,10,948,948,408.7,428.19,585.99,430.56,481.54,540.52
1531,OK,15,10,948,948,409.04,427.69,586.3,431.08,481.72,540.45
1532,OK,17,13,944,944,408.75,428.17,585.32,431.02,481.31,540.58
1533,OK,14,11,948,948,407.8,428.17,585.02,431.23,480.13,540.48
1534,OK,17,12,942,942,408.59,426.98,584.68,431.07,480.98,538.72
1535,OK,14,9,950,950,407.68,428.29,585.3,430.37,481.96,539.94
1536,OK,16,9,949,949,409.26,427.77,586.65,430.48,483.56,538.6
1537,OK,17,12,945,945,408.88,427.84,585.57,431.21,481.86,539.36
1538,OK,16,10,947,947,409.29,426.97,586.41,430.59,481.57,538.37
1539,OK,17,11,944,944,409.66,427.1,586.24,430.96,482.04,537.53
1540,OK,18,12,945,945,409.42,428.41,586.24,431.11,482.82,538.82
1541,OK,18,11,947,947,410.13,427.87,587.22,431.1,483.5,539.44
1542,OK,17,12,946,946,409.48,428.98,586.36,432.29,482.81,539.89
1543,OK,18,11,945,945,409.52,428.48,586.33,431.41,482.11,537.88
1544,OK,15,10,948,948,408.81,428.83,586.08,431.28,482.55,539.03
1545,OK,16,10,948,948,408.9,429.04,586.23,431.08,483.18,538.68
1546,OK,16,10,948,948,409.32,428.91,586.56,432.0,482.52,539.44
1547,OK,17,13,945,945,409.01,429.83,585.8,431.8,481.97,539.29
1548,OK,16,10,949,949,409.59,428.43,586.99,431.55,483.18,539.05
1549,OK,16,11,947,947,409.28,428.75,586.32,431.64,482.2,538.6
1550,OK,16,10,949,949,409.45,428.54,586.96,431.01,482.63,539.17
1551,OK,15,8,953,953,410.13,428.15,588.38,430.51,484.55,538.78
1552,OK,18,10,949,949,410.77,428.72,588.19,430.43,485.15,538.96
1553,OK,14,9,951,951,409.15,428.72,586.97,431.18,481.77,539.99
1554,OK,14,8,952,952,408.93,428.72,586.94,431.38,482.11,539.12
1555,OK,13,6,954,954,409.04,427.66,587.39,431.27,482.31,538.4
1556,OK,16,10,948,948,409.08,429.06,586.42,431.19,482.42,539.12
1557,OK,14,10,951,951,408.97,429.07,586.8,432.05,481.65,539.85
1558,OK,11,6,956,956,408.57,428.51,587.3,430.82,481.48,538.68
1559,OK,16,10,948,948,409.44,428.91,586.71,431.33,482.29,538.65
1560,OK,16,11,947,947,409.0,429.07,586.1,431.72,481.64,538.32
1561,OK,17,11,947,947,409.13,429.09,586.14,431.28,482.45,538.98
1562,OK,20,14,941,941,409.8,429.61,585.88,431.41,482.38,539.41
1563,OK,18,13,943,943,410.18,428.59,586.52,431.47,481.46,539.34
1564,OK,17,12,946,946,410.15,428.6,586.99,432.37,482.02,541.08
1565,OK,18,13,945,945,410.16,428.31,586.8,432.07,482.39,540.02
1566,OK,17,11,946,946,410.66,427.18,587.57,431.52,482.47,539.74
1567,OK,16,9,949,949,409.59,427.24,587.04,430.78,481.98,538.87
1568,OK,18,14,943,943,409.61,428.54,585.86,431.68,481.47,540.76
1569,OK,16,11,948,948,410.02,428.41,587.22,431.79,483.09,541.11
1570,OK,17,12,945,945,409.65,427.55,586.36,431.19,481.25,538.87
1571,OK,17,11,946,946,409.92,428.26,586.76,431.31,482.42,539.32
1572,OK,19,14,943,943,409.78,428.81,586.18,432.04,482.08,539.69
1573,OK,18,12,944,944,410.39,428.35,586.98,431.41,483.19,539.74
1574,OK,18,13,945,945,410.7,428.04,587.39,431.46,482.82,540.4
1575,OK,19,12,944,944,411.03,428.27,587.62,431.51,483.47,539.98
1576,OK,17,12,947,947,409.56,428.34,586.75,431.51,482.71,540.22
1577,OK,18,11,947,947,410.54,427.77,587.72,430.45,484.36,539.06
1578,OK,18,12,945,945,409.72,428.92,586.43,430.25,483.44,538.57
1579,OK,17,10,948,948,410.45,428.48,587.79,430.79,484.64,539.0
1580,OK,14,8,953,953,409.26,428.35,587.46,431.41,482.89,539.77
1581,OK,16,11,949,949,409.64,429.11,587.12,431.52,483.02,540.98
1582,OK,15,10,951,951,408.84,429.63,586.73,432.21,482.59,540.78
1583,OK,13,7,954,954,409.17,428.12,587.59,431.13,482.59,539.19
1584,OK,15,8,953,953,410.22,428.48,588.5,431.14,484.28,540.12
1585,OK,13,6,956,956,410.34,428.36,589.09,430.54,483.96,539.47
1586,OK,15,9,953,953,410.24,428.42,588.47,432.53,483.67,540.65
1587,OK,14,9,953,953,409.14,429.1,587.28,432.25,482.7,541.14
1588,OK,16,10,948,948,409.06,429.38,586.41,431.23,483.17,539.24
1589,OK,14,11,950,950,408.98,429.62,586.6,432.7,481.78,540.85
1590,OK,14,10,953,953,409.04,428.98,587.33,432.67,482.2,541.23
1591,OK,16,12,947,947,408.9,429.51,586.05,431.88,482.0,539.35
1592,OK,14,9,951,951,407.89,429.29,585.79,431.42,481.43,539.63
1593,OK,13,10,948,948,406.68,429.57,584.01,430.86,479.98,537.89
1594,OK,14,9,948,948,407.79,429.18,585.03,431.37,481.45,537.31
1595,OK,13,8,950,950,406.6,429.46,584.28,429.65,481.54,536.76
1596,OK,14,9,948,948,407.43,428.91,584.71,430.65,481.35,537.54
1597,OK,17,11,946,946,409.18,428.41,586.11,431.07,482.52,538.57
1598,OK,17,11,944,944,408.46,429.14,585.04,430.38,483.16,537.77
1599,OK,16,11,945,945,407.77,428.86,584.57,430.61,481.75,538.21
1600,OK,16,10,947,947,407.88,428.55,584.94,429.88,482.84,538.78
1601,OK,19,14,941,941,408.55,428.86,584.55,430.84,483.19,538.6
1602,OK,17,11,946,946,408.43,428.31,585.33,430.1,483.2,539.08
1603,OK,15,10,946,946,407.02,428.23,583.94,429.88,481.33,537.95
1604,OK,13,7,952,952,406.87,427.82,584.88,430.02,482.22,538.88
1605,OK,14,7,951,951,407.64,427.36,585.53,428.87,483.07,536.04
1606,OK,17,12,945,945,408.29,428.88,585.03,430.72,483.03,539.18
1607,OK,16,11,947,947,408.22,428.0,585.3,431.0,482.17,539.69
1608,OK,18,12,944,944,409.41,427.79,585.89,431.26,482.43,539.46
1609,OK,16,8,948,948,408.98,427.97,586.3,429.7,483.53,536.55
1610,OK,16,11,945,945,407.64,429.08,584.34,429.77,481.91,538.13
1611,OK,15,10,946,946,407.66,428.13,584.63,430.31,481.09,537.06
1612,OK,19,14,941,941,409.08,428.92,585.15,431.06,482.7,538.96
1613,OK,19,13,943,943,409.55,429.29,585.89,431.28,483.26,538.64
1614,OK,18,11,947,947,410.27,428.33,587.31,431.59,483.73,539.83
1615,OK,16,10,949,949,408.61,429.25,586.13,431.33,483.1,539.01
1616,OK,14,8,950,950,408.8,428.22,586.39,431.1,482.11,538.23
1617,OK,20,14,941,941,409.57,428.44,585.62,430.95,483.22,538.39
1618,OK,18,13,944,944,409.17,429.87,585.75,431.51,482.65,539.39
1619,OK,17,13,945,945,409.4,429.39,586.08,432.28,481.75,539.72
1620,OK,16,11,949,949,409.19,428.69,586.56,432.08,482.31,539.69
1621,OK,17,13,945,945,409.08,429.67,585.81,432.05,482.28,540.33
1622,OK,16,12,946,946,408.86,428.99,585.81,432.49,481.26,540.43
1623,OK,16,11,949,949,409.53,428.86,587.06,432.0,483.1,539.97
1624,OK,18,13,945,945,409.36,429.13,586.06,431.92,482.64,539.81
1625,OK,17,11,948,948,410.12,428.45,587.43,431.95,483.33,540.25
1626,OK,17,11,946,946,409.34,428.7,586.24,430.8,483.04,538.65
1627,OK,18,13,945,945,409.3,429.09,585.99,431.98,482.73,539.77
1628,OK,17,11,945,945,409.18,428.32,585.88,431.77,481.71,537.81
1629,OK,15,10,948,948,408.19,429.17,585.46,430.77,482.39,538.14
1630,OK,16,11,946,946,408.94,428.92,585.78,432.05,481.76,538.92
1631,OK,15,9,948,948,408.27,428.39,585.5,431.15,482.26,537.66
1632,OK,18,13,941,941,407.8,429.64,583.74,431.26,481.18,537.09
1633,OK,16,10,946,946,408.21,428.68,585.18,430.54,482.36,537.65
1634,OK,18,12,942,942,409.56,427.7,585.67,430.99,482.13,537.57
1635,OK,19,15,939,939,408.77,428.94,584.43,431.41,481.32,538.51
1636,OK,17,11,944,944,408.28,428.23,584.8,430.47,481.69,538.59
1637,OK,18,13,943,943,408.95,427.91,585.34,431.09,482.31,539.44
1638,OK,16,11,946,946,408.78,428.23,585.66,430.7,482.21,540.48
1639,OK,16,10,947,947,408.15,427.94,585.21,429.74,482.0,538.78
1640,OK,16,12,946,946,408.71,427.92,585.53,432.27,481.0,540.4
1641,OK,16,11,944,944,407.19,428.28,583.74,430.19,481.35,538.54
1642,OK,17,13,943,943,407.68,428.36,584.01,430.13,481.06,539.36
1643,OK,16,13,943,943,407.2,428.58,583.56,431.28,480.52,539.74
1644,OK,15,10,946,946,406.87,428.0,583.83,429.77,481.22,539.09
1645,OK,14,10,948,948,407.33,428.04,584.58,430.81,480.7,540.58
1646,OK,14,11,949,949,407.38,428.7,584.88,430.45,481.27,541.03
1647,OK,16,10,948,948,408.84,427.85,586.08,430.68,482.63,540.19
1648,OK,16,10,948,948,409.38,427.85,586.71,430.12,483.39,539.14
1649,OK,18,12,943,943,409.1,428.37,585.55,430.08,482.42,537.3
1650,OK,18,12,943,943,408.81,428.21,585.08,431.23,481.74,537.7
1651,OK,18,12,944,944,409.21,429.35,585.7,430.72,483.24,538.02
1652,OK,21,13,941,941,410.36,428.7,586.35,430.61,484.15,538.29
1653,OK,19,12,942,942,409.8,428.83,585.95,430.7,483.73,538.07
1654,OK,20,13,942,942,410.36,428.51,586.59,432.01,483.6,538.37
1655,OK,20,14,940,940,409.6,429.46,585.37,432.24,482.58,538.87
1656,OK,18,12,944,944,409.76,428.99,586.4,430.7,483.86,538.56
1657,OK,18,13,944,944,409.84,429.29,586.35,432.12,483.23,540.22
1658,OK,19,13,943,943,409.68,429.1,586.07,431.67,482.92,539.51
1659,OK,18,11,944,944,409.21,429.08,585.71,430.45,483.15,537.97
1660,OK,17,11,946,946,409.86,428.13,586.72,431.53,483.43,538.69
1661,OK,18,12,945,945,409.94,428.52,586.73,431.6,483.34,539.2
1662,OK,15,10,948,948,409.23,427.84,586.55,431.58,481.76,538.44
1663,OK,17,13,943,943,408.52,429.54,584.83,431.78,481.02,538.45
1664,OK,15,9,951,951,409.31,428.2,587.13,430.94,483.07,538.82
1665,OK,16,11,944,944,407.63,429.28,584.15,430.59,481.49,536.21
1666,OK,18,9,945,945,408.67,427.92,585.33,429.2,483.52,535.08
1667,OK,16,10,944,944,407.92,428.46,584.53,429.93,481.73,535.9
1668,OK,16,11,944,944,408.35,428.18,584.81,430.7,481.27,537.41
1669,OK,18,13,943,943,408.9,427.92,585.32,431.01,481.59,538.84
1670,OK,17,11,944,944,408.93,427.25,585.45,430.35,481.48,538.6
1671,OK,17,13,942,942,408.07,428.1,584.33,430.25,480.97,539.37
1672,OK,18,13,942,942,408.77,427.51,585.02,430.71,482.33,539.53
1673,OK,18,16,939,939,407.6,428.61,583.25,431.63,479.67,540.71
1674,OK,17,12,942,942,408.36,427.55,584.54,430.31,481.22,538.64
1675,OK,17,12,943,943,407.85,427.42,584.14,428.94,481.88,537.89
1676,OK,19,13,940,940,408.68,428.2,584.57,430.07,482.91,538.68
1677,OK,16,11,945,945,407.39,427.83,584.04,429.99,481.17,538.65
1678,OK,15,10,946,946,407.25,428.18,584.21,429.47,481.68,538.16
1679,OK,17,11,945,945,408.0,428.18,584.71,429.65,482.13,537.7
1680,OK,16,10,947,947,408.67,427.24,585.77,430.7,482.41,538.09
1681,OK,17,11,944,944,408.38,428.18,584.98,429.9,482.7,536.99
1682,OK,16,10,946,946,408.31,428.48,585.24,430.41,481.47,538.15
1683,OK,18,11,945,945,408.9,428.77,585.71,430.37,483.57,537.49
1684,OK,16,11,946,946,408.93,428.39,585.9,431.55,482.11,538.09
1685,OK,19,14,941,941,408.99,428.92,585.04,431.68,482.74,538.36
1686,OK,19,13,943,943,409.93,429.16,586.34,431.38,483.82,538.56
1687,OK,19,14,943,943,409.21,429.46,585.53,432.23,482.89,539.21
1688,OK,17,11,947,947,409.45,428.07,586.49,431.59,482.33,538.23
1689,OK,18,10,944,944,409.55,427.95,586.12,430.71,483.21,536.35
1690,OK,18,11,945,945,409.35,428.16,586.07,431.22,482.83,536.88
1691,OK,15,10,949,949,408.2,428.0,585.62,431.66,481.36,538.53
1692,OK,14,9,950,950,407.99,429.16,585.72,430.62,482.56,538.29
1693,OK,14,8,950,950,408.73,428.55,586.31,431.15,482.29,537.53
1694,OK,11,5,957,957,408.41,427.48,587.29,431.0,481.95,538.38
1695,OK,12,7,954,954,407.99,428.71,586.37,431.32,481.65,538.83
1696,OK,11,3,958,958,407.95,427.98,587.15,429.29,483.65,536.79
1697,OK,11,5,957,957,407.64,427.94,586.65,429.93,482.51,537.83
1698,OK,13,7,951,951,407.64,428.22,585.59,430.02,481.35,536.32
1699,OK,17,12,945,945,408.31,429.94,585.11,431.49,482.69,538.54
1700,OK,13,6,952,952,407.78,427.76,585.88,430.07,482.28,536.7
1701,OK,20,11,943,943,409.12,428.83,585.58,429.57,484.83,535.66
1702,OK,15,7,949,949,407.91,427.22,585.33,429.23,482.48,534.9
1703,OK,15,9,948,948,407.67,428.15,585.0,430.09,481.89,537.14
1704,OK,15,9,948,948,408.0,427.66,585.31,430.1,482.06,537.82
1705,OK,18,11,945,945,409.15,428.13,585.86,429.78,483.96,538.37
1706,OK,18,11,944,944,408.54,427.84,585.07,430.12,483.26,538.7
1707,OK,15,10,947,947,407.4,427.33,584.57,429.9,480.83,538.8
1708,OK,17,12,945,945,407.72,428.28,584.55,429.94,482.54,538.95
1709,OK,13,6,952,952,407.16,426.72,585.19,429.19,482.9,536.94
1710,OK,13,6,952,952,407.31,427.55,585.37,428.75,483.54,537.64
1711,OK,16,12,944,944,408.09,428.03,584.58,430.56,481.55,540.26
1712,OK,18,13,942,942,409.42,427.51,585.63,431.0,482.33,539.71
1713,OK,15,9,948,948,408.56,427.29,585.78,430.6,482.68,538.75
1714,OK,17,11,946,946,409.1,427.7,586.04,430.36,483.39,539.89
1715,OK,17,12,942,942,408.02,428.42,584.27,430.29,481.66,538.03
1716,OK,17,11,945,945,408.14,428.11,584.8,430.66,481.89,538.11
1717,OK,17,10,946,946,408.91,428.38,585.84,430.1,484.0,537.4
1718,OK,15,9,949,949,407.67,428.5,585.09,429.96,482.6,536.8
1719,OK,15,9,949,949,407.18,429.57,584.59,429.99,482.61,536.79
1720,OK,16,8,949,949,408.01,428.31,585.46,429.96,483.27,536.25
1721,OK,17,10,947,947,408.5,429.16,585.62,430.44,483.58,537.05
1722,OK,17,10,947,947,409.03,429.26,586.11,430.84,484.08,537.32
1723,OK,17,10,947,947,409.07,428.39,586.24,430.85,483.44,537.07
1724,OK,18,11,944,944,408.94,428.57,585.54,431.51,483.68,536.76
1725,OK,19,12,942,942,409.31,429.18,585.49,431.33,483.82,537.03
1726,OK,17,10,946,946,408.37,428.54,585.32,430.55,483.68,537.1
1727,OK,16,8,949,949,408.28,428.93,585.79,429.44,483.78,536.16
1728,OK,15,9,948,948,407.88,429.35,585.25,430.65,482.55,536.55
1729,OK,15,8,950,950,408.06,429.33,585.65,429.71,483.78,536.62
1730,OK,15,8,948,948,407.7,429.36,585.08,429.85,483.4,536.37
1731,OK,13,7,953,953,407.43,428.81,585.71,431.0,482.34,537.29
1732,OK,12,5,955,955,407.02,428.75,585.66,429.97,482.52,536.07
1733,OK,13,6,952,952,407.45,428.53,585.59,430.09,482.2,536.02
1734,OK,16,9,948,948,408.54,429.13,585.79,430.85,483.22,536.71
1735,OK,13,7,953,953,407.49,428.77,585.79,430.11,483.2,536.96
1736,OK,14,7,950,950,407.79,428.44,585.45,429.99,483.2,536.29
1737,OK,15,10,946,946,407.46,428.16,584.4,430.19,481.41,536.92
1738,OK,16,9,949,949,408.4,427.99,585.93,429.98,483.69,538.08
1739,OK,16,9,948,948,408.2,427.7,585.46,429.5,483.24,537.51
1740,OK,17,10,946,946,409.06,427.85,585.98,429.91,484.3,538.41
1741,OK,16,10,946,946,407.8,427.42,584.71,429.23,482.13,538.0
1742,OK,13,6,952,952,407.42,426.49,585.54,428.11,482.94,536.93
1743,OK,15,9,948,948,407.45,428.27,584.75,430.19,482.04,538.23
1744,OK,13,7,952,952,407.27,427.31,585.21,430.85,482.06,537.35
1745,OK,12,6,954,954,407.01,427.67,585.35,430.19,482.5,537.58
1746,OK,14,7,950,950,407.42,427.55,585.17,429.34,483.11,536.97
1747,OK,15,7,951,951,408.27,427.2,586.21,429.09,484.43,536.36
1748,OK,13,6,953,953,407.26,427.04,585.49,429.53,482.21,536.55
1749,OK,12,5,954,954,407.43,427.13,585.78,429.6,482.65,536.73
1750,OK,14,7,951,951,407.12,428.53,584.94,429.85,482.52,536.49
1751,OK,15,8,948,948,407.35,428.1,584.74,429.86,482.4,536.27
1752,OK,13,8,950,950,406.99,428.62,584.68,430.53,481.28,537.03
1753,OK,15,10,946,946,407.39,429.25,584.39,431.05,481.76,536.73
1754,OK,14,8,951,951,407.73,428.28,585.53,430.4,482.26,537.75
1755,OK,15,7,950,950,408.34,427.92,586.09,429.93,483.17,536.07
1756,OK,16,10,946,946,407.69,429.45,584.69,431.15,482.68,537.6
1757,OK,13,6,954,954,407.56,428.86,585.99,429.94,483.37,536.95
1758,OK,14,9,950,950,407.89,429.0,585.52,431.61,482.48,537.77
1759,OK,14,8,953,953,408.75,428.76,586.92,431.46,483.68,538.03
1760,OK,19,11,945,945,409.79,428.69,586.56,430.7,484.51,537.15
1761,OK,17,10,947,947,409.06,428.76,586.14,430.56,483.99,536.93
1762,OK,15,11,946,946,407.24,429.95,584.15,431.77,481.76,537.44
1763,OK,14,7,950,950,407.07,429.2,584.76,429.78,482.92,535.15
1764,OK,12,5,955,955,406.74,428.18,585.42,429.45,482.3,535.29
1765,OK,11,6,955,955,406.67,428.87,585.26,430.11,481.91,537.56
1766,OK,12,8,951,951,406.35,429.26,584.12,430.26,480.45,537.03
1767,OK,13,6,952,952,407.18,429.14,585.31,429.95,483.18,535.69
1768,OK,15,8,948,948,406.74,429.84,584.07,429.07,483.45,534.66
1769,OK,16,11,944,944,407.1,429.96,583.73,430.97,481.71,537.11
1770,OK,15,9,949,949,407.17,428.69,584.67,430.35,482.3,537.22
1771,OK,12,4,956,956,407.81,426.87,586.59,428.95,484.12,536.22
1772,OK,17,10,947,947,408.33,428.28,585.49,430.04,483.55,537.57
1773,OK,15,7,950,950,408.06,426.36,585.79,428.71,483.23,537.44
1774,OK,13,7,952,952,407.28,427.6,585.42,428.95,483.04,537.88
1775,OK,14,8,949,949,406.88,427.86,584.46,428.93,482.12,536.67
1776,OK,14,10,948,948,407.0,428.4,584.3,430.77,481.83,539.37
1777,OK,13,9,951,951,406.94,428.41,584.81,430.12,481.81,539.55
1778,OK,11,6,954,954,406.06,427.83,584.56,429.53,481.9,537.85
1779,OK,14,7,950,950,407.35,427.37,585.07,428.9,482.59,536.75
1780,OK,12,7,952,952,406.54,427.77,584.64,429.37,481.95,537.43
1781,OK,14,8,949,949,406.75,427.2,584.26,429.34,481.34,537.01
1782,OK,15,8,949,949,406.53,428.49,583.99,428.53,483.06,536.44
1783,OK,14,9,948,948,406.69,428.44,583.96,429.73,481.65,538.26
1784,OK,14,7,950,950,407.13,427.95,584.8,428.97,482.63,537.03
1785,OK,12,6,954,954,407.05,427.3,585.43,430.05,482.23,537.45
1786,OK,15,9,949,949,407.1,428.02,584.65,430.23,482.31,538.43
1787,OK,18,11,945,945,408.22,428.37,585.02,429.68,483.43,537.93
1788,OK,15,8,949,949,407.64,428.52,585.22,429.41,483.15,537.01
1789,OK,15,9,948,948,407.9,428.49,585.11,430.0,483.27,537.52
1790,OK,15,8,949,949,407.52,428.69,585.1,429.44,483.13,536.66
1791,OK,15,7,952,952,408.34,428.3,586.37,429.41,484.68,537.56
1792,OK,14,6,952,952,408.09,427.03,586.06,429.21,483.64,536.37
1793,OK,18,10,944,944,408.49,428.52,585.14,428.82,484.07,536.49
1794,OK,16,12,944,944,407.64,430.17,584.22,429.86,482.06,538.29
1795,OK,14,9,950,950,407.49,428.95,585.19,430.48,481.89,538.48
1796,OK,12,6,954,954,406.99,428.27,585.38,429.61,483.2,537.07
1797,OK,15,8,948,948,408.07,427.86,585.4,430.26,482.89,536.89
1798,OK,15,9,949,949,407.04,428.83,584.62,429.68,482.74,536.91
1799,OK,12,5,955,955,406.52,428.25,585.19,429.19,482.98,536.15
