k,status,x,y,w,h,rx,ry,lx,ly,nx,ny
0,FAILED,,,,,,,,,,
1,OK,42,99,988,988,441.52,516.63,625.27,536.01,540.37,660.95
2,OK,39,99,990,990,439.91,517.49,624.06,536.41,538.01,661.18
3,OK,41,99,992,992,441.17,517.95,625.8,536.57,541.34,662.75
4,OK,38,99,995,995,438.32,520.05,623.59,536.63,539.55,663.98
5,OK,39,100,993,993,438.88,520.5,623.91,537.1,539.76,664.98
6,OK,40,102,991,991,438.48,521.16,623.12,536.83,539.92,665.85
7,OK,37,100,994,994,437.97,521.39,623.3,536.91,539.18,666.28
8,OK,35,99,998,998,437.07,523.06,623.11,538.01,539.24,667.07
9,OK,37,101,995,995,437.22,522.94,622.76,538.22,539.39,666.54
10,OK,37,103,995,995,437.84,523.6,623.18,539.83,538.73,668.7
11,OK,39,105,990,990,437.2,523.8,621.62,539.35,539.64,668.48
12,OK,41,105,991,991,438.46,523.32,623.09,538.56,541.47,669.51
13,OK,36,100,996,996,436.22,522.45,621.92,537.44,539.21,667.31
14,OK,38,102,994,994,438.42,521.19,623.5,538.57,540.18,669.79
15,OK,42,109,987,987,438.55,524.17,622.36,540.78,539.57,672.03
16,OK,44,110,987,987,439.99,525.32,623.94,540.9,542.9,673.86
17,OK,44,108,989,989,440.37,525.83,624.76,539.43,543.79,672.71
18,OK,46,108,990,990,441.92,527.41,626.73,539.11,548.19,673.13
19,OK,46,110,989,989,441.65,528.43,626.31,540.34,547.15,675.31
20,OK,47,111,987,987,441.86,527.84,626.15,539.98,546.57,674.16
21,OK,46,108,990,990,442.53,527.31,627.32,539.42,547.33,672.9
22,OK,45,107,992,992,442.92,527.94,627.93,540.6,548.36,672.79
23,OK,49,109,990,990,446.65,527.26,631.0,543.75,549.57,673.88
24,OK,54,112,985,985,448.67,526.34,632.29,542.38,552.55,673.82
25,OK,59,115,981,981,451.68,526.92,634.32,544.6,556.28,674.59
26,OK,62,118,975,975,452.09,527.83,633.59,546.08,556.0,674.78
27,OK,58,113,984,984,452.31,527.23,635.33,546.04,557.13,674.24
28,OK,58,116,978,978,450.36,527.69,632.47,544.71,554.17,674.4
29,OK,55,115,980,980,449.09,527.64,631.66,543.78,551.44,675.4
30,OK,58,114,982,982,451.15,528.46,634.22,543.25,556.23,674.51
31,OK,61,112,980,980,452.7,528.13,635.51,541.02,559.74,671.27
32,OK,67,115,973,973,454.4,527.69,635.93,539.44,560.89,669.62
33,OK,71,114,970,970,457.2,526.17,638.16,537.89,565.33,667.62
34,OK,72,117,966,966,457.69,525.74,637.98,538.36,563.76,668.39
35,OK,72,116,971,971,459.97,526.89,641.11,540.48,565.24,669.97
36,OK,78,123,960,960,461.69,527.21,640.71,540.76,565.46,673.23
37,OK,75,121,969,969,461.71,528.34,642.44,542.05,566.73,676.13
38,OK,78,121,964,964,462.52,527.89,642.37,540.69,567.95,673.67
39,OK,76,122,965,965,461.66,527.24,641.48,541.79,565.74,674.57
40,OK,75,118,967,967,461.17,525.41,641.41,540.46,565.62,670.83
41,OK,70,116,973,973,459.11,526.07,640.37,541.39,563.42,671.59
42,OK,73,118,969,969,460.2,526.68,640.75,542.09,563.66,671.1
43,OK,70,114,979,979,460.91,526.5,643.36,541.39,567.26,673.04
44,OK,71,118,973,973,460.64,525.45,641.69,543.35,564.54,673.62
45,OK,71,117,975,975,461.08,526.22,642.73,541.77,565.73,674.19
46,OK,69,116,976,976,459.56,526.26,641.38,543.05,564.01,675.03
47,OK,69,116,974,974,458.73,527.43,640.21,542.25,563.08,672.11
48,OK,69,117,970,970,458.43,525.28,639.11,542.56,559.74,672.02
49,OK,69,115,977,977,459.5,525.64,641.47,541.5,564.21,672.56
50,OK,78,123,963,963,462.35,528.0,641.8,542.91,566.4,673.97
51,OK,75,121,966,966,461.77,527.22,641.84,542.6,565.57,673.86
52,OK,76,122,966,966,461.79,528.63,641.96,543.25,566.45,675.75
53,OK,70,119,972,972,459.6,527.03,640.71,542.79,563.58,675.36
54,OK,69,116,974,974,459.57,525.95,640.99,542.23,562.59,673.04
55,OK,70,118,970,970,459.67,525.15,640.34,541.94,561.9,672.71
56,OK,73,120,967,967,459.93,526.54,640.15,541.91,562.36,673.28
57,OK,71,118,971,971,459.49,526.68,640.42,541.58,563.17,673.7
58,OK,66,114,976,976,458.15,525.44,640.07,541.49,560.86,672.32
59,OK,66,113,979,979,458.33,525.05,640.68,541.1,561.18,672.69
60,OK,69,115,975,975,459.18,525.21,640.85,540.77,562.43,672.25
61,OK,68,115,976,976,459.39,524.57,641.03,541.9,561.9,672.84
62,OK,68,116,975,975,458.33,525.77,640.07,541.34,561.63,673.6
63,OK,66,113,978,978,458.56,524.29,640.59,541.65,561.81,671.8
64,OK,66,113,978,978,458.32,523.57,640.45,540.74,561.82,671.94
65,OK,72,119,968,968,459.1,526.37,639.5,541.11,564.24,672.66
66,OK,74,118,967,967,460.19,523.68,640.28,539.82,563.82,671.78
67,OK,77,116,967,967,461.87,522.49,642.23,536.26,568.4,670.04
68,OK,75,115,971,971,462.13,522.72,643.11,537.32,568.39,670.25
69,OK,71,113,975,975,459.82,523.31,641.72,537.05,565.27,671.29
70,OK,72,114,973,973,459.5,523.24,641.07,535.8,566.7,670.88
71,OK,71,115,975,975,459.56,524.46,641.46,537.68,565.78,672.98
72,OK,72,115,973,973,460.38,523.25,641.84,538.08,566.42,673.02
73,OK,75,118,968,968,461.44,523.98,641.87,538.61,566.59,673.65
74,OK,74,114,975,975,462.73,523.22,644.56,538.03,568.95,672.21
75,OK,80,122,964,964,465.34,525.47,644.83,543.23,570.76,674.55
76,OK,74,117,975,975,463.92,524.96,645.19,544.23,568.91,674.56
77,OK,73,116,974,974,461.89,525.43,643.4,540.25,568.89,673.44
78,OK,75,119,967,967,459.66,526.5,640.08,537.92,566.77,672.11
79,OK,76,117,969,969,461.35,525.5,642.25,537.23,569.61,671.62
80,OK,73,113,975,975,460.43,525.74,642.41,536.34,570.05,670.83
81,OK,71,114,974,974,458.54,525.89,640.46,536.44,566.97,671.3
82,OK,75,117,968,968,460.41,526.07,641.15,537.19,568.05,671.3
83,OK,71,115,975,975,459.06,526.05,641.04,538.07,565.99,672.34
84,OK,69,111,978,978,459.03,525.15,641.63,536.58,566.11,671.1
85,OK,70,115,975,975,458.55,526.89,640.55,537.7,565.64,672.03
86,OK,69,113,978,978,459.12,526.31,641.66,537.54,567.05,673.03
87,OK,69,115,976,976,458.83,526.76,641.03,538.94,565.23,673.44
88,OK,68,112,980,980,458.94,526.51,641.91,538.08,566.43,672.93
89,OK,68,111,981,981,459.05,525.01,642.2,537.06,566.77,672.06
90,OK,69,114,976,976,458.51,525.96,640.59,538.69,564.91,672.07
91,OK,69,115,974,974,458.4,525.93,640.02,539.83,563.76,672.55
92,OK,72,120,969,969,458.77,527.6,639.45,541.58,563.15,674.25
93,OK,71,117,975,975,460.16,526.93,642.02,540.82,566.33,674.6
94,OK,74,123,965,965,460.06,527.77,639.89,543.28,563.65,675.16
95,OK,71,119,972,972,459.65,528.55,640.81,543.11,564.15,674.73
96,OK,72,122,970,970,459.47,530.49,640.3,544.18,564.46,676.8
97,OK,70,118,976,976,460.65,528.92,642.43,545.51,565.42,676.36
98,OK,73,115,978,978,462.32,527.6,644.61,542.66,570.94,674.67
99,OK,72,118,974,974,459.79,529.48,641.44,542.89,567.51,675.52
100,OK,77,125,963,963,461.09,530.15,640.54,544.7,566.71,676.19
101,OK,75,124,966,966,460.18,530.06,640.38,543.58,565.8,677.25
102,OK,75,124,967,967,460.76,529.9,641.06,544.5,565.77,677.16
103,OK,77,124,963,963,461.82,528.41,641.2,543.87,566.32,675.23
104,OK,76,123,964,964,462.25,526.67,641.69,544.08,565.63,674.76
105,OK,70,117,973,973,459.15,526.35,640.38,542.38,564.06,673.27
106,OK,67,114,976,976,457.48,524.79,639.32,541.18,561.63,672.91
107,OK,65,114,979,979,457.08,525.02,639.46,542.08,561.55,673.38
108,OK,69,116,975,975,459.01,525.2,640.56,542.42,563.16,673.23
109,OK,68,113,981,981,461.18,523.97,643.56,543.93,564.34,673.99
110,OK,71,116,974,974,462.08,523.23,643.22,543.36,565.14,672.86
111,OK,74,117,970,970,462.96,522.17,643.26,542.45,565.81,671.96
112,OK,77,120,967,967,463.63,524.7,643.52,543.24,567.7,673.56
113,OK,76,119,969,969,463.35,524.56,643.82,541.96,568.21,674.18
114,OK,76,119,969,969,462.75,525.7,643.18,541.97,568.59,673.64
115,OK,78,120,968,968,464.64,524.69,644.78,542.55,569.85,674.97
116,OK,81,123,963,963,465.42,526.14,644.59,543.81,569.99,674.28
117,OK,81,123,964,964,466.15,526.51,645.55,543.87,571.52,675.73
118,OK,79,122,966,966,464.8,527.13,644.64,543.89,569.78,676.26
119,OK,81,124,964,964,465.56,527.23,645.0,544.18,571.05,677.2
120,OK,79,122,968,968,465.75,526.7,645.91,545.15,571.19,676.7
121,OK,79,122,966,966,464.52,527.31,644.42,543.87,571.05,676.33
122,OK,79,124,962,962,463.53,525.79,642.54,544.05,567.04,675.78
123,OK,77,121,967,967,462.86,526.02,642.98,542.97,568.58,674.28
124,OK,77,122,966,966,463.34,526.32,643.0,545.49,566.84,675.77
125,OK,80,126,962,962,465.07,526.65,643.85,546.24,568.64,677.73
126,OK,80,126,963,963,464.86,527.42,644.16,545.37,569.24,678.08
127,OK,80,125,964,964,465.34,528.24,644.84,544.99,570.77,677.51
128,OK,85,128,957,957,466.5,527.84,644.61,545.23,571.75,676.76
129,OK,84,128,959,959,466.34,528.02,644.83,545.88,571.29,678.14
130,OK,78,124,964,964,463.4,528.22,642.92,544.66,568.59,676.67
131,OK,80,124,963,963,463.93,526.15,643.11,543.95,568.82,676.18
132,OK,79,124,964,964,464.33,526.96,643.73,544.29,569.37,676.65
133,OK,82,124,962,962,466.46,525.57,645.33,544.63,571.84,676.22
134,OK,83,126,960,960,466.57,525.61,645.09,544.4,571.19,677.34
135,OK,80,124,966,966,466.25,526.66,645.94,545.91,570.89,678.1
136,OK,81,125,965,965,466.3,527.72,645.85,545.95,571.74,678.97
137,OK,83,124,963,963,466.95,524.61,645.97,544.45,572.43,675.54
138,OK,73,117,975,975,462.22,526.31,643.81,542.97,568.46,674.49
139,OK,77,120,967,967,463.68,523.79,643.58,543.15,567.55,672.74
140,OK,76,119,969,969,462.88,525.21,643.33,543.04,567.48,672.64
141,OK,75,118,968,968,463.23,522.65,643.13,543.72,565.27,671.52
142,OK,75,117,968,968,463.94,521.33,643.8,542.74,565.37,670.16
143,OK,76,117,967,967,463.49,521.46,643.39,540.83,566.42,669.21
144,OK,79,121,962,962,464.64,522.94,643.52,542.87,566.64,671.12
145,OK,75,119,967,967,462.87,522.46,642.43,543.86,564.18,671.25
146,OK,73,119,967,967,461.36,523.53,641.08,543.6,562.74,671.25
147,OK,70,115,973,973,460.83,522.3,641.7,542.76,562.36,670.99
148,OK,71,118,969,969,460.63,522.88,640.63,544.07,561.04,670.77
149,OK,70,115,975,975,460.86,523.19,642.16,542.48,564.36,671.18
150,OK,72,118,968,968,460.69,523.68,640.72,542.42,563.15,671.75
151,OK,71,120,967,967,459.14,524.81,639.01,543.5,560.27,673.15
152,OK,71,119,967,967,457.77,524.63,637.93,540.76,561.39,671.88
153,OK,69,112,975,975,458.52,521.86,640.16,536.96,564.44,668.81
154,OK,68,111,976,976,457.75,522.08,639.65,537.35,564.65,669.34
155,OK,69,112,971,971,457.31,519.68,638.13,537.25,560.59,666.82
156,OK,65,110,976,976,456.8,520.13,638.38,538.62,560.23,668.16
157,OK,65,106,980,980,456.64,519.54,639.18,535.33,562.3,666.51
158,OK,72,106,977,977,460.18,517.86,642.29,532.3,569.7,664.41
159,OK,70,108,975,975,458.39,517.36,640.11,532.81,565.43,665.09
160,OK,66,99,987,987,459.11,515.03,642.97,530.55,567.17,662.9
161,OK,62,98,988,988,456.81,514.93,640.94,531.16,563.26,662.76
162,OK,65,97,991,991,461.37,512.81,645.81,531.37,567.33,663.3
163,OK,67,101,987,987,461.79,513.52,645.33,532.33,567.78,665.16
164,OK,79,112,962,962,461.75,516.51,640.83,533.41,569.65,661.53
165,OK,80,112,962,962,462.84,516.18,642.1,532.55,570.37,663.43
166,OK,69,107,972,972,458.6,516.27,639.67,532.86,562.72,663.36
167,OK,67,105,977,977,457.68,516.1,639.6,532.58,561.48,662.99
168,OK,66,106,977,977,456.3,517.66,638.38,533.37,561.29,663.17
169,OK,67,106,977,977,456.45,518.85,638.64,533.61,562.77,663.03
170,OK,65,105,978,978,457.37,517.45,639.45,535.61,560.42,663.42
171,OK,63,103,982,982,456.97,517.3,639.83,534.3,561.44,663.13
172,OK,65,103,981,981,457.68,516.88,640.4,533.73,562.83,661.57
173,OK,64,103,982,982,457.78,516.75,640.63,534.58,561.47,662.73
174,OK,62,101,986,986,455.56,518.58,639.52,532.79,563.3,662.42
175,OK,60,99,991,991,455.06,519.03,639.92,532.96,562.58,663.54
176,OK,62,100,988,988,457.26,518.56,641.4,533.76,563.95,663.52
177,OK,63,102,984,984,457.45,517.78,640.75,533.94,562.52,662.82
178,OK,61,103,982,982,455.81,517.4,638.65,535.25,558.67,663.62
179,OK,63,103,981,981,455.57,517.26,638.28,533.99,559.45,661.44
180,OK,62,102,984,984,455.93,518.33,639.31,533.25,561.85,662.68
181,OK,65,103,981,981,457.48,516.95,640.36,532.49,562.95,662.38
182,OK,69,102,978,978,460.1,513.44,642.15,530.8,566.03,659.89
183,OK,72,100,978,978,461.94,511.5,644.05,528.84,569.16,659.24
184,OK,70,99,981,981,461.52,511.57,644.3,528.13,568.9,658.83
185,OK,69,100,980,980,460.46,511.74,642.77,529.86,566.66,659.76
186,OK,68,98,983,983,460.34,511.94,643.41,529.22,567.53,659.39
187,OK,70,100,983,983,461.31,513.05,644.35,530.53,569.28,660.61
188,OK,68,98,984,984,461.72,512.38,644.94,529.56,568.47,659.72
189,OK,70,100,981,981,461.76,511.75,644.36,529.52,567.82,661.28
190,OK,70,103,978,978,461.92,511.89,643.74,531.89,565.87,662.18
191,OK,60,97,998,998,460.03,516.42,645.72,535.5,566.48,667.95
192,OK,56,94,1004,1004,459.48,513.99,646.15,534.5,565.05,669.67
193,OK,57,95,1000,1000,458.89,511.65,644.54,533.69,563.58,667.89
194,OK,61,94,1005,1005,462.56,512.81,649.33,533.39,570.08,670.49
195,OK,76,109,978,978,465.55,519.54,647.75,534.74,574.38,670.22
196,OK,75,105,982,982,466.91,517.92,649.73,534.93,575.04,667.36
197,OK,79,109,975,975,467.31,518.1,648.95,534.92,574.61,665.53
198,OK,82,116,968,968,467.28,523.32,647.88,536.77,576.0,670.67
199,OK,76,109,980,980,467.48,521.04,649.98,537.66,575.05,670.52
200,OK,75,114,976,976,464.28,524.06,646.22,538.31,572.74,673.92
201,OK,72,115,975,975,460.62,525.51,642.48,538.76,568.11,672.77
202,OK,73,115,974,974,460.45,525.4,642.15,537.28,569.77,672.78
203,OK,78,119,967,967,463.08,525.39,643.39,538.66,570.5,673.64
204,OK,76,112,977,977,464.0,525.68,646.36,536.96,574.11,670.47
205,OK,79,110,979,979,468.19,522.52,650.91,535.61,578.26,669.02
206,OK,82,111,977,977,469.22,522.8,651.62,535.01,580.92,670.57
207,OK,78,103,984,984,468.25,520.94,651.95,532.53,580.81,665.14
208,OK,70,98,995,995,465.83,518.67,651.55,531.5,576.78,665.07
209,OK,80,96,982,982,470.15,513.94,653.29,527.46,580.94,654.34
210,OK,74,86,989,989,467.28,508.19,651.86,520.11,578.18,647.26
211,OK,79,87,987,987,470.66,507.95,654.76,520.3,582.48,647.26
212,OK,77,88,988,988,470.13,510.62,654.57,522.88,580.39,648.94
213,OK,75,87,990,990,471.67,507.17,655.78,526.94,577.68,648.63
214,OK,76,88,989,989,471.51,508.39,655.42,527.64,576.67,647.59
215,OK,75,92,993,993,470.42,514.98,655.72,528.69,579.73,655.01
216,OK,76,98,992,992,471.48,519.47,656.47,534.08,580.54,662.71
217,OK,82,111,978,978,472.53,523.73,654.8,539.74,579.22,668.88
218,OK,79,113,975,975,470.36,523.32,651.69,542.48,572.34,667.77
219,OK,82,117,969,969,469.74,525.8,650.17,543.09,572.61,668.84
220,OK,83,117,967,967,470.4,525.54,650.44,542.18,572.89,666.77
221,OK,81,115,971,971,470.17,524.54,650.76,542.87,571.64,668.22
222,OK,78,114,972,972,469.31,523.93,649.97,544.45,569.09,667.46
223,OK,82,116,971,971,472.41,523.53,652.69,544.82,571.92,667.96
224,OK,83,116,972,972,472.9,524.86,653.62,545.14,575.79,670.67
225,OK,77,116,978,978,470.11,525.21,651.73,546.41,571.26,674.25
226,OK,69,111,992,992,468.84,526.1,653.06,548.05,570.65,678.62
227,OK,79,116,978,978,472.5,523.9,654.01,546.58,573.74,674.88
228,OK,81,117,976,976,473.45,524.35,654.66,546.5,575.3,674.65
229,OK,83,120,974,974,473.59,528.23,654.61,547.98,576.39,677.67
230,OK,71,114,990,990,467.99,530.14,652.33,548.39,572.08,680.02
231,OK,67,113,996,996,466.79,529.58,652.17,548.19,571.37,683.45
232,OK,71,115,991,991,468.96,528.22,652.99,549.97,571.29,682.66
233,OK,68,113,994,994,466.86,529.37,651.88,547.97,572.17,682.45
234,OK,68,113,997,997,467.35,529.99,652.77,549.12,572.33,682.65
235,OK,69,117,991,991,467.97,529.89,652.09,551.2,569.43,684.14
236,OK,70,120,988,988,467.51,532.18,651.13,552.53,569.02,686.49
237,OK,68,115,995,995,467.75,530.43,652.79,550.64,571.22,684.2
238,OK,69,115,993,993,466.58,531.01,651.54,548.74,571.94,683.36
239,OK,67,114,996,996,466.69,531.57,652.04,549.99,571.28,683.98
240,OK,69,118,991,991,466.56,530.78,650.8,550.79,569.7,686.44
241,OK,74,119,986,986,469.74,530.47,652.95,551.95,573.92,684.38
242,OK,76,123,980,980,469.67,530.98,651.7,552.24,572.62,684.67
243,OK,74,118,987,987,469.54,528.84,652.69,551.25,573.0,683.66
244,OK,76,122,980,980,469.75,529.96,651.64,552.19,572.33,683.8
245,OK,75,122,984,984,470.93,531.08,653.5,553.97,573.48,687.26
246,OK,80,128,977,977,471.62,533.22,652.95,555.3,573.76,688.84
247,OK,75,124,985,985,470.12,533.13,652.94,555.08,572.65,689.2
248,OK,72,122,986,986,469.36,532.12,652.52,554.11,570.73,688.12
249,OK,77,126,978,978,471.14,530.92,652.46,555.32,571.94,686.99
250,OK,80,125,975,975,471.59,529.29,652.62,551.9,573.34,683.44
251,OK,80,122,974,974,471.03,528.94,652.09,548.99,573.32,680.86
252,OK,82,126,969,969,469.47,531.92,649.61,551.01,573.63,680.48
253,OK,81,124,968,968,469.53,530.43,649.51,549.42,571.95,677.76
254,OK,81,119,975,975,471.2,527.46,652.57,547.02,575.25,675.67
255,OK,81,120,975,975,469.99,528.67,651.34,546.86,575.55,677.26
256,OK,76,117,982,982,468.95,529.36,651.77,546.86,574.93,679.1
257,OK,78,118,982,982,470.4,528.86,653.08,548.08,576.28,680.59
258,OK,74,113,987,987,469.59,526.0,653.17,545.98,573.13,677.12
259,OK,76,114,981,981,470.11,524.36,652.48,544.81,572.42,674.37
260,OK,73,113,987,987,469.41,525.46,652.78,545.98,572.18,676.29
261,OK,77,118,979,979,469.91,525.71,651.79,546.89,572.75,677.86
262,OK,81,119,971,971,470.12,523.39,650.45,545.26,572.42,675.08
263,OK,80,119,968,968,469.6,522.42,649.14,545.37,570.27,673.61
264,OK,78,115,973,973,468.54,520.82,649.21,542.74,570.0,671.54
265,OK,81,119,969,969,468.73,524.76,649.02,543.24,572.65,672.77
266,OK,84,119,969,969,471.5,524.84,651.82,543.8,575.94,673.37
267,OK,85,117,970,970,472.11,524.45,652.58,542.27,578.27,672.36
268,OK,83,118,970,970,470.56,525.28,651.15,542.77,575.52,673.47
269,OK,84,120,967,967,470.95,526.44,651.04,543.4,574.64,672.36
270,OK,81,118,975,975,469.77,526.63,651.42,543.39,575.52,675.31
271,OK,81,119,973,973,469.96,526.94,651.12,544.14,574.94,674.65
272,OK,80,117,972,972,469.23,525.45,650.2,542.97,573.52,673.46
273,OK,81,117,971,971,468.95,525.12,649.74,542.14,573.21,671.86
274,OK,81,118,971,971,469.0,526.41,649.8,542.76,573.67,672.54
275,OK,82,115,972,972,471.82,523.66,652.65,541.47,575.54,670.02
276,OK,86,115,972,972,474.92,524.21,655.67,544.13,580.5,669.43
277,OK,89,118,966,966,474.52,523.88,654.24,542.27,580.14,669.06
278,OK,79,115,974,974,469.2,525.17,650.48,542.79,574.07,671.77
279,OK,78,116,975,975,467.96,525.17,649.25,544.11,571.53,671.86
280,OK,76,115,976,976,467.28,525.96,649.0,544.01,570.73,672.68
281,OK,78,118,973,973,467.58,525.81,648.62,544.37,569.97,673.4
282,OK,80,118,971,971,467.67,525.63,648.44,542.85,572.0,672.38
283,OK,77,118,972,972,466.96,526.56,647.86,545.01,569.91,673.71
284,OK,74,115,978,978,466.97,525.13,648.83,545.02,569.7,674.4
285,OK,75,114,979,979,466.33,524.98,648.52,543.8,571.23,673.16
286,OK,70,112,984,984,464.2,527.64,647.42,544.29,570.11,673.99
287,OK,78,117,975,975,467.63,525.23,649.24,542.14,573.51,674.35
288,OK,79,117,975,975,468.0,526.64,649.71,542.3,574.06,674.5
289,OK,78,115,978,978,468.76,526.51,650.98,542.49,575.14,674.01
290,OK,82,119,973,973,469.88,528.15,651.2,543.14,576.85,674.46
291,OK,83,119,970,970,469.81,528.28,650.7,542.77,576.43,673.43
292,OK,86,122,964,964,471.42,527.08,650.99,543.86,576.54,672.72
293,OK,86,121,967,967,471.81,526.97,651.9,544.44,576.81,673.91
294,OK,88,122,964,964,473.32,525.92,652.54,544.94,577.36,673.77
295,OK,91,125,961,961,474.3,527.37,653.08,545.62,579.06,673.82
296,OK,88,123,966,966,473.88,528.04,653.49,546.71,578.84,675.32
297,OK,89,123,966,966,474.19,528.27,654.05,545.68,580.1,675.27
298,OK,87,121,972,972,474.64,528.64,655.66,545.58,581.99,676.94
299,OK,90,122,965,965,474.9,526.62,654.53,544.97,580.39,672.91
300,OK,90,124,962,962,473.88,527.53,652.77,546.31,579.2,674.91
301,OK,85,122,969,969,471.01,528.77,651.41,545.65,576.85,675.12
302,OK,76,116,981,981,467.46,527.41,650.04,545.04,574.41,676.49
303,OK,78,120,976,976,468.24,528.84,649.78,547.86,574.56,678.59
304,OK,83,123,971,971,469.83,529.92,650.47,548.69,575.91,676.78
305,OK,82,122,971,971,469.72,529.02,650.45,547.24,575.63,676.84
306,OK,87,128,965,965,471.66,532.37,651.12,550.67,577.78,678.65
307,OK,86,127,965,965,470.37,531.48,649.86,550.23,575.92,678.17
308,OK,83,124,971,971,470.31,529.73,650.79,550.27,575.89,678.11
309,OK,80,121,975,975,469.13,529.78,650.52,547.66,575.86,677.82
310,OK,83,123,975,975,473.13,529.57,654.23,550.26,578.23,680.43
311,OK,86,121,974,974,475.39,527.03,656.26,548.46,580.61,679.88
312,OK,87,121,970,970,475.4,525.13,655.6,546.35,579.55,676.75
313,OK,88,119,970,970,475.57,524.46,655.94,544.13,580.86,674.94
314,OK,87,119,969,969,474.44,524.23,654.68,544.0,579.04,672.7
315,OK,89,123,963,963,473.96,524.65,652.88,545.08,577.68,673.16
316,OK,89,122,962,962,473.57,524.84,652.36,544.31,577.28,671.47
317,OK,91,124,957,957,473.39,525.2,651.49,543.64,577.03,671.09
318,OK,91,125,958,958,474.36,525.77,652.42,545.04,578.0,673.22
319,OK,91,125,959,959,474.38,526.44,652.76,545.31,578.1,673.09
320,OK,89,121,967,967,474.56,526.97,654.71,543.75,580.3,673.62
321,OK,85,119,970,970,472.8,526.63,653.57,542.55,578.17,673.96
322,OK,88,121,965,965,473.19,526.29,652.83,543.41,577.94,672.36
323,OK,88,121,964,964,472.72,526.72,652.21,542.98,577.92,672.51
324,OK,90,123,960,960,473.4,527.06,652.18,543.19,578.83,672.66
325,OK,89,121,964,964,473.91,526.35,653.52,542.45,579.72,673.04
326,OK,90,120,965,965,474.67,525.82,654.37,542.09,580.4,671.27
327,OK,85,119,971,971,472.18,527.12,653.06,542.4,578.19,673.43
328,OK,90,123,962,962,474.04,527.54,653.08,544.79,579.99,673.78
329,OK,91,122,964,964,474.76,526.62,654.18,543.44,581.65,673.6
330,OK,93,124,960,960,475.59,527.06,654.35,544.03,582.16,673.37
331,OK,86,121,972,972,473.96,529.76,655.01,545.58,581.25,677.5
332,OK,84,119,976,976,473.74,529.46,655.52,545.49,581.11,677.92
333,OK,86,122,972,972,473.62,530.7,654.78,546.25,580.77,678.56
334,OK,85,122,972,972,473.29,529.59,654.36,546.07,579.47,678.19
335,OK,79,117,982,982,471.09,531.29,654.22,544.92,579.29,678.59
336,OK,79,119,981,981,471.08,529.79,653.68,546.78,576.9,680.69
337,OK,84,126,971,971,471.53,531.89,652.39,548.66,577.31,682.09
338,OK,89,131,958,958,471.46,532.47,649.83,549.7,576.82,679.84
339,OK,81,123,975,975,470.47,530.54,651.76,549.46,575.08,680.48
340,OK,84,123,974,974,473.22,530.31,654.47,548.33,578.85,680.79
341,OK,88,129,965,965,473.72,530.61,653.07,550.01,578.56,681.69
342,OK,83,126,971,971,471.99,531.71,652.59,550.97,575.3,681.78
343,OK,83,126,971,971,471.99,531.08,652.49,550.41,575.3,682.27
344,OK,84,124,972,972,472.4,531.46,653.2,549.53,577.63,680.33
345,OK,88,127,965,965,472.81,530.44,652.33,548.49,577.86,679.17
346,OK,85,124,970,970,473.2,529.62,653.66,549.05,577.15,678.99
347,OK,86,127,966,966,472.52,530.61,652.1,549.59,577.16,680.52
348,OK,87,128,965,965,472.19,530.98,651.6,550.08,576.36,681.2
349,OK,92,131,954,954,473.36,529.99,650.79,549.16,576.2,677.11
350,OK,95,132,950,950,474.69,529.4,651.38,547.95,578.35,676.09
351,OK,94,130,952,952,474.11,530.01,651.29,546.87,578.06,675.36
352,OK,92,130,955,955,473.78,528.09,651.28,547.89,576.07,677.2
353,OK,94,127,957,957,476.14,525.59,653.79,546.8,580.54,674.88
354,OK,91,123,960,960,474.5,524.93,652.99,544.95,579.3,672.95
355,OK,92,127,957,957,473.43,527.58,651.61,545.28,578.37,675.34
356,OK,91,128,957,957,473.33,528.27,651.51,545.39,576.38,675.64
357,OK,93,125,960,960,476.05,527.73,654.71,545.24,581.56,674.34
358,OK,92,125,962,962,475.64,528.79,654.69,545.82,581.91,676.49
359,OK,97,128,958,958,478.35,528.79,656.55,546.97,584.94,677.93
360,OK,91,124,966,966,476.58,528.49,656.42,545.83,583.01,677.93
361,OK,90,122,969,969,476.62,526.27,656.81,545.78,582.53,677.03
362,OK,90,121,971,971,476.66,527.29,657.35,545.91,583.25,677.03
363,OK,89,122,970,970,476.91,527.27,657.27,547.58,582.15,676.8
364,OK,94,125,962,962,478.18,528.03,656.99,548.04,583.36,675.87
365,OK,92,123,967,967,477.31,528.46,657.08,548.39,582.86,675.56
366,OK,89,119,968,968,475.99,523.85,655.85,545.06,580.93,672.77
367,OK,87,119,971,971,473.99,525.59,654.61,544.96,580.67,673.55
368,OK,81,117,973,973,470.09,525.0,651.12,543.32,575.13,672.91
369,OK,85,120,965,965,470.19,524.49,649.82,542.21,574.42,671.18
370,OK,87,120,965,965,472.64,524.62,652.22,543.42,577.1,671.59
371,OK,83,116,971,971,471.59,523.68,652.15,542.62,574.95,670.37
372,OK,82,115,975,975,471.3,524.33,652.72,542.2,576.08,671.39
373,OK,84,118,969,969,471.15,525.12,651.47,542.4,576.51,671.17
374,OK,85,120,967,967,469.54,527.43,649.74,543.02,576.38,672.37
375,OK,79,116,974,974,468.22,525.82,649.58,542.62,573.83,672.69
376,OK,82,118,970,970,469.34,526.48,650.1,542.34,575.8,671.82
377,OK,83,118,969,969,469.06,525.86,649.6,542.16,574.88,671.26
378,OK,83,119,969,969,469.84,525.84,650.2,542.88,575.3,672.25
379,OK,82,118,968,968,469.19,525.38,649.39,542.66,573.74,670.99
380,OK,80,116,975,975,467.99,526.17,649.76,541.63,575.89,672.9
381,OK,78,117,974,974,467.38,527.58,648.86,542.78,573.68,673.62
382,OK,81,118,973,973,468.42,528.37,649.77,542.69,576.69,673.85
383,OK,84,121,968,968,470.07,527.6,650.39,544.04,576.55,674.3
384,OK,82,121,969,969,468.84,527.61,649.29,544.54,574.39,674.36
385,OK,80,121,970,970,467.2,529.41,647.97,545.08,573.38,675.75
386,OK,81,123,972,972,468.98,531.03,649.82,549.35,574.89,678.31
387,OK,81,119,974,974,469.26,528.77,650.68,546.18,576.44,675.91
388,OK,85,122,969,969,471.55,528.6,651.87,546.99,577.15,675.57
389,OK,82,121,973,973,470.33,528.73,651.45,547.25,575.82,677.61
390,OK,81,120,974,974,470.19,528.51,651.46,546.79,575.98,676.48
391,OK,78,118,976,976,468.71,527.75,650.4,545.43,574.07,675.99
392,OK,79,119,974,974,468.11,528.62,649.46,545.75,573.87,675.82
393,OK,78,116,980,980,468.75,529.29,651.4,543.97,576.04,676.59
394,OK,85,127,965,965,471.12,530.35,650.68,548.81,575.02,679.23
395,OK,87,127,963,963,471.92,529.67,650.94,549.41,574.93,678.46
396,OK,84,128,964,964,470.64,529.97,649.64,551.29,572.11,679.51
397,OK,87,127,964,964,472.37,529.65,651.63,548.78,577.45,679.1
398,OK,77,122,977,977,467.23,530.65,649.08,547.96,572.94,681.41
399,OK,80,126,968,968,467.29,530.78,647.58,548.07,571.99,681.41
400,OK,82,124,971,971,468.93,530.29,649.62,547.94,575.63,679.95
401,OK,88,129,962,962,472.06,530.74,650.92,550.2,577.12,679.9
402,OK,86,129,965,965,471.62,531.23,650.75,552.5,574.85,680.24
403,OK,84,126,969,969,472.06,530.71,652.2,550.66,575.66,679.8
404,OK,85,127,967,967,471.58,530.66,651.33,551.02,574.76,680.17
405,OK,87,127,964,964,472.86,530.36,652.04,550.52,576.74,677.7
406,OK,88,128,963,963,473.24,530.06,652.16,550.97,576.94,677.76
407,OK,88,129,963,963,472.89,531.83,652.0,550.66,577.4,680.2
408,OK,88,129,962,962,472.61,532.24,651.67,549.93,577.71,680.86
409,OK,87,129,965,965,472.59,531.6,651.98,550.87,577.12,680.93
410,OK,82,123,974,974,471.77,530.25,652.81,549.69,576.67,680.5
411,OK,76,121,982,982,470.44,530.47,652.91,551.85,574.2,683.74
412,OK,85,126,969,969,471.94,530.46,651.89,551.35,576.32,680.77
413,OK,85,124,969,969,472.27,528.18,652.33,549.5,576.49,678.9
414,OK,83,124,971,971,471.41,528.9,651.73,550.16,575.8,679.85
415,OK,81,122,975,975,471.51,528.86,652.7,549.98,575.63,679.3
416,OK,79,123,977,977,470.94,529.6,652.44,551.21,574.18,682.46
417,OK,80,122,976,976,472.04,528.47,653.15,551.27,575.25,681.6
418,OK,81,121,977,977,471.44,528.9,652.97,549.32,576.75,679.51
419,OK,81,120,976,976,471.71,528.12,653.12,548.3,577.15,679.54
420,OK,85,122,971,971,472.93,527.59,653.42,548.25,578.28,678.07
421,OK,81,120,972,972,469.76,528.42,650.84,544.16,575.4,676.73
422,OK,75,114,980,980,467.44,525.44,650.03,542.38,572.66,674.93
423,OK,70,108,986,986,464.43,523.38,648.21,538.97,569.79,672.45
424,OK,67,107,988,988,463.32,522.82,647.44,539.52,568.15,672.14
425,OK,81,119,970,970,467.98,524.56,648.22,544.8,574.25,674.16
426,OK,79,117,972,972,466.81,524.58,647.62,542.95,572.83,672.7
427,OK,72,108,985,985,465.15,521.83,648.71,538.02,572.17,670.5
428,OK,71,109,983,983,464.0,522.49,647.15,538.37,570.12,670.66
429,OK,68,110,983,983,461.55,522.76,644.7,539.02,566.67,671.17
430,OK,68,112,978,978,459.98,523.88,642.18,539.67,563.42,672.04
431,OK,70,113,975,975,459.78,524.2,641.69,537.56,564.44,669.8
432,OK,70,111,976,976,461.46,522.09,643.35,538.09,565.25,669.08
433,OK,71,111,975,975,461.36,521.22,643.05,537.06,565.71,668.53
434,OK,72,113,973,973,461.19,522.36,642.46,537.69,565.81,668.79
435,OK,70,111,978,978,460.9,522.65,643.19,537.22,566.23,670.65
436,OK,76,118,965,965,462.61,522.1,642.24,539.62,564.19,671.07
437,OK,79,115,970,970,466.45,522.66,647.02,540.87,571.44,669.98
438,OK,79,118,969,969,465.49,523.81,645.86,541.58,571.37,672.41
439,OK,72,109,981,981,463.6,520.98,646.41,536.9,569.48,670.63
440,OK,68,107,984,984,462.72,519.55,645.74,538.3,566.79,670.65
441,OK,75,116,967,967,462.89,519.8,642.87,538.0,564.97,670.28
442,OK,71,112,974,974,461.92,520.55,643.28,538.01,564.73,670.21
443,OK,73,115,971,971,461.73,521.42,642.44,538.73,564.43,670.4
444,OK,78,115,964,964,463.92,519.98,643.37,536.73,567.06,667.54
445,OK,76,114,966,966,463.01,519.11,642.78,536.83,565.28,667.19
446,OK,71,106,980,980,461.93,519.37,644.6,533.46,569.08,665.59
447,OK,73,107,976,976,463.35,519.16,645.28,533.96,569.04,664.57
448,OK,69,103,984,984,464.0,518.54,647.36,534.85,568.29,664.98
449,OK,73,105,981,981,465.43,517.99,648.12,534.3,570.15,664.62
450,OK,79,109,973,973,467.17,519.03,648.53,534.79,572.25,663.55
451,OK,78,108,974,974,467.65,518.72,649.13,534.69,573.18,664.52
452,OK,76,106,980,980,467.48,519.45,650.19,533.96,574.48,665.95
453,OK,83,115,964,964,467.91,520.26,647.66,535.36,572.98,667.44
454,OK,80,114,967,967,466.42,520.37,646.47,537.46,570.28,666.96
455,OK,78,113,971,971,465.95,521.26,647.03,535.69,571.14,668.01
456,OK,78,117,965,965,463.96,521.63,643.77,537.26,567.87,668.85
457,OK,83,121,958,958,466.29,523.51,644.86,538.93,569.65,669.31
458,OK,81,116,964,964,466.53,521.33,646.17,537.28,570.27,667.42
459,OK,79,113,969,969,466.17,520.57,646.67,536.72,571.23,666.65
460,OK,81,115,966,966,466.29,522.78,646.32,537.03,572.26,667.73
461,OK,80,115,967,967,466.63,521.61,646.71,537.46,570.7,667.91
462,OK,81,116,965,965,466.25,521.62,646.11,536.91,570.73,666.95
463,OK,79,114,968,968,465.93,521.61,646.28,536.88,570.6,667.38
464,OK,76,110,976,976,465.65,522.05,647.72,536.09,572.15,668.71
465,OK,92,125,955,955,471.39,525.39,649.12,543.53,577.89,671.53
466,OK,82,115,969,969,467.38,522.24,648.0,537.33,575.04,668.79
467,OK,78,110,974,974,466.09,521.4,647.88,534.39,574.76,666.62
468,OK,78,113,972,972,465.8,523.47,647.02,537.9,572.3,669.14
469,OK,79,115,969,969,464.95,523.05,645.65,537.36,571.16,668.32
470,OK,76,116,968,968,462.56,523.79,643.14,537.43,568.94,669.72
471,OK,75,116,970,970,462.89,523.55,643.69,538.75,568.4,671.31
472,OK,72,113,976,976,461.44,525.55,643.41,539.13,569.03,671.65
473,OK,68,108,986,986,461.27,524.77,645.14,539.28,569.14,670.25
474,OK,70,109,985,985,462.72,524.37,646.24,539.98,570.66,670.25
475,OK,77,119,974,974,465.21,527.89,646.37,546.42,573.24,675.17
476,OK,77,119,973,973,464.81,527.51,645.74,546.38,571.97,673.64
477,OK,70,116,976,976,459.74,529.13,641.6,544.13,566.72,673.35
478,OK,73,118,973,973,461.29,528.8,642.79,543.07,567.91,672.53
479,OK,73,114,979,979,462.79,527.15,645.47,540.89,570.51,672.53
480,OK,69,109,986,986,461.94,526.52,645.88,539.23,570.95,671.92
481,OK,73,115,978,978,462.83,527.94,645.29,541.94,571.03,674.14
482,OK,74,117,975,975,463.01,527.02,644.71,542.06,569.94,673.89
483,OK,78,119,971,971,464.76,528.75,645.91,541.87,572.26,674.59
484,OK,79,121,967,967,463.91,529.19,644.36,540.97,570.86,674.1
485,OK,76,119,970,970,464.0,528.84,644.97,541.7,568.2,674.1
486,OK,80,121,968,968,465.79,530.67,646.56,542.09,571.91,675.48
487,OK,81,125,967,967,466.93,530.65,647.12,545.91,572.55,678.36
488,OK,77,122,972,972,463.76,532.43,645.02,546.0,572.56,678.58
489,OK,76,122,972,972,463.71,531.75,644.99,546.03,571.22,679.02
490,OK,72,120,978,978,461.97,531.9,644.29,547.79,569.11,680.06
491,OK,82,131,962,962,467.41,532.9,646.35,551.13,571.12,683.22
492,OK,80,129,966,966,466.21,533.04,646.08,550.01,570.76,682.49
493,OK,83,133,960,960,465.88,534.72,644.56,551.41,571.54,683.95
494,OK,79,132,963,963,463.17,534.47,642.36,551.91,567.83,683.16
495,OK,77,129,966,966,462.9,534.45,642.75,551.88,567.26,682.33
496,OK,64,118,984,984,457.49,533.24,640.93,549.0,563.66,679.24
497,OK,62,119,980,980,453.39,533.39,636.1,547.61,559.52,677.62
498,OK,62,119,982,982,454.22,534.42,637.36,548.47,560.92,680.32
499,OK,62,118,983,983,453.9,533.98,637.17,547.62,561.35,677.95
500,OK,64,121,977,977,453.65,533.41,635.88,547.55,559.72,678.56
501,OK,58,116,987,987,452.64,533.33,636.82,546.84,558.99,679.44
502,OK,55,114,988,988,450.3,532.49,634.64,546.16,556.91,676.83
503,OK,58,114,985,985,451.5,530.28,635.02,545.92,557.74,674.79
504,OK,62,120,974,974,451.62,529.5,632.76,549.01,556.54,675.63
505,OK,57,115,982,982,450.53,528.0,632.99,549.52,555.61,675.18
506,OK,53,112,989,989,449.35,527.58,633.29,547.41,554.49,675.05
507,OK,57,112,985,985,449.77,529.52,633.44,544.82,557.79,672.76
508,OK,56,111,988,988,450.74,528.54,634.75,544.85,558.73,673.35
509,OK,59,116,979,979,449.84,529.23,632.29,545.19,556.21,672.79
510,OK,59,114,982,982,450.77,528.91,633.8,545.0,558.18,673.1
511,OK,56,113,985,985,449.31,529.18,632.8,545.49,555.71,673.5
512,OK,53,111,987,987,447.33,529.55,631.24,544.43,554.65,672.95
513,OK,53,112,985,985,446.81,525.8,629.89,546.56,552.29,672.61
514,OK,46,110,991,991,443.12,527.7,627.26,549.28,548.13,673.31
515,OK,45,109,991,991,442.29,526.62,626.36,548.01,546.85,671.11
516,OK,43,107,989,989,439.91,526.04,623.67,546.9,543.46,666.93
517,OK,43,108,986,986,439.81,525.53,622.89,547.12,541.14,667.13
518,OK,42,109,989,989,439.85,528.07,623.77,547.68,541.87,669.46
519,OK,45,107,993,993,443.51,526.88,627.98,548.07,546.29,669.67
520,OK,56,113,980,980,449.81,524.78,631.7,547.34,551.63,670.45
521,OK,59,114,979,979,452.44,524.06,634.01,547.01,553.56,671.02
522,OK,59,113,979,979,452.03,523.83,633.73,545.87,553.78,670.05
523,OK,57,113,982,982,451.82,526.97,634.12,548.64,554.48,671.76
524,OK,62,115,977,977,452.43,527.75,634.23,547.04,557.41,670.28
525,OK,63,118,972,972,452.41,528.49,633.31,546.51,556.78,671.41
526,OK,62,116,974,974,451.25,528.25,632.59,545.39,556.98,669.66
527,OK,62,118,972,972,451.6,528.34,632.4,546.69,555.83,671.62
528,OK,64,117,971,971,452.5,526.62,633.17,545.03,556.63,669.81
529,OK,62,115,974,974,452.13,525.92,633.41,544.53,556.9,669.6
530,OK,61,114,977,977,451.38,525.95,633.23,544.14,556.87,669.83
531,OK,59,116,976,976,450.08,527.24,631.78,545.76,554.52,671.57
532,OK,57,115,980,980,450.04,527.78,632.3,546.93,554.27,672.67
533,OK,58,113,980,980,450.57,526.32,632.83,545.33,555.37,671.54
534,OK,59,115,978,978,450.39,527.11,632.38,545.53,554.95,671.77
535,OK,60,115,979,979,450.72,528.46,633.01,545.57,556.51,672.3
536,OK,60,116,976,976,450.78,528.6,632.62,545.01,556.29,671.71
537,OK,61,115,977,977,451.18,526.05,632.98,544.92,556.21,670.58
538,OK,61,115,978,978,451.52,528.42,633.65,544.8,558.42,671.65
539,OK,60,116,978,978,450.82,530.3,632.98,545.96,557.13,672.23
540,OK,59,113,983,983,451.09,529.43,634.12,545.84,557.97,672.29
541,OK,58,115,980,980,449.96,529.2,632.47,547.02,554.94,672.79
542,OK,60,114,978,978,450.63,528.76,632.74,545.13,557.0,671.04
543,OK,59,116,978,978,450.82,528.8,632.82,546.22,556.02,672.72
544,OK,57,115,980,980,449.49,529.17,632.01,546.67,554.67,672.45
545,OK,53,109,989,989,449.42,525.5,633.22,546.96,554.17,671.41
546,OK,59,113,980,980,450.71,526.64,633.09,544.73,556.41,671.64
547,OK,62,113,977,977,452.49,524.22,634.02,544.31,556.77,668.69
548,OK,61,110,980,980,453.15,523.77,635.32,543.24,558.86,667.9
549,OK,62,112,976,976,452.48,524.22,634.19,542.24,557.66,667.94
550,OK,61,113,975,975,451.35,523.11,632.6,543.1,555.93,667.16
551,OK,61,113,975,975,450.07,523.81,631.48,542.26,555.48,667.47
552,OK,59,109,981,981,451.66,522.68,634.01,542.89,556.95,667.16
553,OK,58,108,984,984,451.37,522.99,634.41,542.6,557.21,667.51
554,OK,57,106,987,987,451.87,522.15,635.39,541.42,557.88,667.15
555,OK,57,105,988,988,451.35,522.46,635.19,541.19,559.59,668.11
556,OK,56,103,991,991,450.93,521.46,635.46,539.56,559.07,666.1
557,OK,52,99,997,997,450.7,519.71,636.05,539.57,557.45,666.18
558,OK,55,101,993,993,451.6,519.43,636.18,540.02,558.47,664.82
559,OK,55,105,989,989,449.45,521.86,633.27,541.83,556.73,666.64
560,OK,56,102,987,987,450.11,517.03,633.31,539.3,557.06,662.3
561,OK,59,105,978,978,449.26,518.68,631.22,537.55,556.99,660.54
562,OK,62,108,973,973,448.61,519.5,629.71,537.41,557.36,661.44
563,OK,58,107,974,974,447.38,518.63,628.52,537.44,552.8,660.28
564,OK,58,105,977,977,447.65,518.09,629.48,535.98,554.88,660.34
565,OK,56,104,975,975,445.8,514.89,627.09,535.15,550.89,657.52
566,OK,53,96,984,984,446.07,511.6,629.04,530.79,553.11,655.5
567,OK,56,94,987,987,449.47,508.92,632.97,529.64,557.74,656.62
568,OK,56,96,978,978,447.84,506.88,629.39,528.82,553.23,653.62
569,OK,58,98,974,974,447.29,505.9,628.08,528.83,552.85,653.02
570,OK,58,99,969,969,445.71,505.98,625.65,527.53,549.88,650.91
571,OK,62,99,965,965,446.84,505.23,626.44,523.92,551.64,649.2
572,OK,61,96,972,972,450.04,503.97,630.63,524.2,554.63,649.97
573,OK,65,98,971,971,454.41,502.47,634.7,524.49,557.35,653.78
574,OK,68,100,965,965,455.88,501.44,634.77,525.52,556.21,651.77
575,OK,65,95,973,973,455.38,499.64,635.75,524.21,557.36,651.19
576,OK,63,95,975,975,454.01,501.35,635.06,523.6,556.05,651.79
577,OK,66,91,979,979,456.82,499.94,638.88,520.1,562.23,650.48
578,OK,73,91,972,972,461.13,497.63,641.83,517.37,568.23,648.24
579,OK,75,92,969,969,461.21,496.36,641.26,517.09,567.44,646.85
580,OK,83,98,959,959,465.25,497.34,643.04,520.35,570.83,645.81
581,OK,82,96,961,961,465.38,495.77,643.91,517.34,571.05,645.97
582,OK,79,89,968,968,466.15,491.5,646.01,512.04,570.64,645.98
583,OK,78,90,962,962,462.75,492.04,641.82,509.05,567.09,643.19
584,OK,93,97,942,942,469.66,489.82,645.12,505.32,571.07,639.33
585,OK,95,95,940,940,472.22,485.4,647.06,503.75,571.49,636.95
586,OK,100,93,935,935,474.88,481.89,648.46,502.43,573.13,629.03
587,OK,103,93,935,935,477.41,480.26,651.0,501.74,577.12,629.12
588,OK,99,93,939,939,475.59,482.99,649.9,504.29,573.84,630.79
589,OK,102,94,934,934,478.21,480.94,651.37,504.3,574.59,629.97
590,OK,111,96,925,925,481.52,479.52,653.27,500.15,579.45,627.69
591,OK,109,94,929,929,482.02,477.61,654.35,500.41,579.37,628.72
592,OK,102,91,934,934,478.29,476.8,651.38,500.39,573.89,627.65
593,OK,100,88,939,939,478.03,474.81,651.97,499.64,573.37,628.0
594,OK,96,85,944,944,476.92,474.23,651.73,499.13,572.75,628.56
595,OK,95,82,951,951,478.82,472.71,654.88,497.59,574.1,629.91
596,OK,92,78,958,958,479.48,472.52,657.06,495.81,575.39,630.37
597,OK,109,76,953,953,492.35,469.2,669.04,493.32,589.66,624.21
598,OK,105,73,958,958,491.32,468.82,668.97,491.79,589.67,624.58
599,OK,95,76,958,958,481.32,469.95,658.89,494.2,578.73,629.35
600,OK,90,77,956,956,474.54,471.42,651.7,495.15,573.31,628.42
601,OK,80,77,963,963,466.76,473.06,645.58,495.31,566.21,632.02
602,OK,77,75,969,969,465.35,475.34,645.24,496.73,568.01,632.97
603,OK,76,74,969,969,464.81,474.84,644.91,495.87,566.59,631.91
604,OK,76,74,968,968,465.41,473.61,645.04,495.89,565.71,631.97
605,OK,76,73,970,970,466.11,473.48,646.07,496.38,566.97,632.32
606,OK,80,75,965,965,467.59,472.75,646.64,495.77,567.65,631.34
607,OK,78,73,968,968,467.45,472.03,647.06,494.74,567.41,630.9
608,OK,82,73,964,964,469.23,470.94,648.29,492.54,569.45,629.4
609,OK,88,75,958,958,474.07,468.7,651.43,494.1,571.41,628.24
610,OK,81,69,968,968,470.92,469.23,650.49,491.58,570.45,626.72
611,OK,81,67,966,966,470.52,466.39,649.93,488.4,568.65,623.63
612,OK,80,57,971,971,468.19,463.47,648.97,479.91,573.32,614.23
613,OK,70,53,980,980,463.53,464.45,646.15,479.93,566.79,615.37
614,OK,57,40,999,999,458.13,460.69,644.39,475.89,562.08,610.71
615,OK,60,40,993,993,458.61,458.1,643.63,473.69,562.74,606.3
616,OK,58,31,997,997,457.7,453.41,643.61,467.35,563.26,598.07
617,OK,69,39,989,989,461.12,457.79,645.67,471.5,573.56,602.76
618,OK,63,34,997,997,459.13,457.27,645.23,469.72,570.07,602.01
619,OK,67,32,992,992,462.31,451.12,647.15,466.24,572.07,597.68
620,OK,67,27,991,991,462.75,443.5,647.06,462.55,569.83,591.43
621,OK,67,29,982,982,459.87,443.13,642.85,458.96,566.29,589.19
622,OK,65,27,983,983,458.17,441.21,641.19,458.01,562.92,587.36
623,OK,65,27,975,975,454.09,439.87,636.04,452.71,560.93,582.53
624,OK,66,26,975,975,454.29,439.86,636.37,451.17,561.3,580.49
625,OK,73,26,968,968,458.53,437.84,639.19,449.29,567.06,578.18
626,OK,74,26,964,964,456.71,437.25,636.83,446.68,565.29,575.35
627,OK,75,27,964,964,458.04,437.82,638.05,448.24,566.5,576.54
628,OK,75,29,966,966,459.15,439.79,639.51,451.45,568.44,579.94
629,OK,71,29,970,970,457.8,439.44,638.75,453.14,565.11,582.9
630,OK,71,32,969,969,457.86,440.78,638.39,456.13,563.57,585.09
631,OK,63,25,980,980,454.38,440.92,637.19,454.29,562.21,582.76
632,OK,66,30,973,973,453.7,441.35,635.13,455.68,560.23,584.31
633,OK,68,31,970,970,454.09,442.09,634.98,455.8,561.64,583.87
634,OK,70,33,966,966,455.2,440.68,635.3,455.84,561.17,583.82
635,OK,69,34,968,968,454.95,443.9,635.44,456.82,561.78,585.88
636,OK,67,31,975,975,455.78,443.03,637.49,457.5,562.38,586.88
637,OK,63,26,985,985,455.55,442.26,639.15,457.18,563.15,587.03
638,OK,63,28,983,983,456.11,442.25,639.16,459.13,561.9,588.86
639,OK,66,31,977,977,456.99,441.6,638.88,459.52,561.14,588.94
640,OK,66,29,980,980,458.14,440.99,640.4,459.55,563.05,588.21
641,OK,70,34,974,974,457.73,444.89,639.21,459.64,566.44,590.04
642,OK,70,34,977,977,458.66,445.8,640.72,461.47,567.77,590.41
643,OK,67,31,982,982,458.34,444.34,641.23,461.93,566.33,591.45
644,OK,70,31,978,978,459.3,443.74,641.4,460.35,568.04,589.93
645,OK,68,32,976,976,457.11,444.39,639.02,459.71,565.35,589.39
646,OK,69,35,975,975,456.88,445.62,638.67,460.45,565.25,591.3
647,OK,65,31,985,985,455.98,447.58,639.62,461.97,566.56,592.16
648,OK,62,31,991,991,455.3,449.99,640.02,464.2,566.59,595.28
649,OK,63,33,993,993,456.65,454.1,641.74,468.85,570.73,598.09
650,OK,60,28,1001,1001,455.3,454.98,642.09,466.29,571.99,596.99
651,OK,56,30,998,998,452.94,454.84,639.0,468.9,565.34,597.72
652,OK,60,33,993,993,453.84,454.52,638.98,468.73,566.43,597.88
653,OK,58,33,995,995,453.94,454.13,639.45,469.31,565.11,598.43
654,OK,53,26,1006,1006,453.98,454.15,641.6,468.36,566.14,598.67
655,OK,55,30,1003,1003,454.27,455.45,641.23,469.89,565.86,600.29
656,OK,54,29,1004,1004,453.54,455.54,640.78,468.71,565.14,600.12
657,OK,51,26,1009,1009,452.29,454.99,640.5,467.45,564.58,599.31
658,OK,53,27,1002,1002,451.74,453.65,638.72,466.64,563.95,597.58
659,OK,54,30,999,999,451.5,454.09,637.87,467.0,563.06,597.82
660,OK,51,29,1004,1004,451.48,455.2,638.62,469.69,561.48,600.64
661,OK,54,29,1003,1003,452.84,455.38,640.11,467.88,564.73,598.58
662,OK,58,28,1005,1005,456.72,454.73,644.14,468.97,571.32,599.83
663,OK,59,29,998,998,455.38,452.83,641.56,466.87,567.92,598.08
664,OK,52,26,1006,1006,453.09,453.96,640.77,467.47,564.11,598.99
665,OK,54,29,1003,1003,453.21,454.79,640.28,468.23,564.03,599.56
666,OK,55,28,1003,1003,454.04,452.6,641.03,467.28,564.99,598.98
667,OK,57,29,999,999,453.79,452.67,640.21,466.16,565.54,597.93
668,OK,55,28,1002,1002,453.72,454.04,640.75,466.7,565.43,598.6
669,OK,55,30,1000,1000,453.79,454.34,640.38,467.85,564.22,599.17
670,OK,54,28,1002,1002,453.65,453.56,640.54,467.1,564.72,599.03
671,OK,57,28,1002,1002,455.57,453.11,642.56,466.8,568.21,598.23
672,OK,56,26,1004,1004,455.77,452.42,643.12,466.27,567.94,597.57
673,OK,57,28,1000,1000,455.28,453.05,641.86,467.0,566.21,597.41
674,OK,56,20,1004,1004,456.36,445.44,643.24,463.13,567.04,590.61
675,OK,56,25,998,998,454.73,448.03,640.66,465.13,563.34,591.54
676,OK,64,29,991,991,458.53,447.54,643.02,465.65,568.05,592.72
677,OK,61,29,992,992,457.83,447.79,642.29,467.4,564.64,593.35
678,OK,65,32,990,990,460.97,449.2,645.01,469.33,568.91,596.28
679,OK,67,33,989,989,461.45,448.81,645.34,468.82,568.66,596.14
680,OK,62,27,996,996,459.81,448.28,645.24,466.49,567.85,593.39
681,OK,63,30,992,992,459.45,448.87,644.1,467.88,566.3,595.53
682,OK,73,35,985,985,464.68,448.82,647.8,468.71,574.72,596.63
683,OK,69,32,990,990,464.08,447.33,648.11,467.58,573.37,597.0
684,OK,67,33,990,990,463.5,448.98,647.27,470.99,569.77,597.7
685,OK,64,33,994,994,463.01,450.35,647.75,471.43,568.48,599.77
686,OK,66,34,996,996,465.57,451.28,650.45,474.2,570.87,602.13
687,OK,68,36,995,995,467.11,451.42,651.51,475.79,571.97,602.41
688,OK,70,39,990,990,465.71,454.55,649.66,475.74,572.51,604.74
689,OK,69,39,991,991,465.5,453.86,649.57,474.77,572.29,604.0
690,OK,72,42,984,984,465.3,454.41,648.18,474.85,572.53,603.96
691,OK,67,37,993,993,464.16,453.22,648.49,475.52,570.56,602.95
692,OK,66,39,992,992,462.15,455.42,646.54,476.23,570.47,604.5
693,OK,59,38,996,996,456.16,458.06,641.54,476.61,565.46,605.46
694,OK,60,42,990,990,454.8,461.03,639.29,477.05,564.24,606.02
695,OK,62,43,988,988,455.4,460.1,639.43,477.47,564.78,605.82
696,OK,57,38,997,997,454.19,460.14,639.94,475.94,563.95,605.51
697,OK,58,41,993,993,453.78,460.72,638.85,476.42,562.82,606.16
698,OK,59,45,987,987,453.62,460.57,637.43,477.68,560.38,607.94
699,OK,61,45,987,987,454.41,461.03,638.17,477.87,562.02,608.0
700,OK,61,45,986,986,454.28,461.27,638.1,476.58,563.11,607.69
701,OK,59,43,991,991,454.23,460.34,638.82,477.21,561.76,607.35
702,OK,63,45,987,987,455.54,460.78,639.29,477.69,565.11,606.88
703,OK,62,49,980,980,453.55,462.66,636.04,479.51,560.44,608.81
704,OK,58,45,986,986,451.99,461.45,635.64,477.71,558.28,608.09
705,OK,58,45,988,988,453.86,459.76,637.58,480.0,558.55,608.48
706,OK,54,41,994,994,452.6,459.11,637.6,478.11,557.73,607.95
707,OK,53,41,994,994,452.59,459.44,637.55,478.21,556.28,608.6
708,OK,52,40,999,999,453.08,459.62,638.94,478.12,557.16,609.3
709,OK,57,42,992,992,455.65,459.42,640.24,478.28,559.42,608.53
710,OK,61,46,987,987,457.07,459.27,640.64,478.29,560.05,609.91
711,OK,65,46,985,985,459.52,457.35,642.67,477.38,563.24,610.1
712,OK,62,46,987,987,457.68,458.86,641.28,477.55,561.92,611.72
713,OK,66,48,984,984,460.33,459.62,643.49,478.03,564.94,612.11
714,OK,69,44,988,988,465.76,456.67,649.34,478.31,569.67,609.0
715,OK,66,35,999,999,466.06,453.58,651.71,474.36,571.32,604.21
716,OK,51,24,1015,1015,459.01,450.81,647.83,470.59,564.34,601.38
717,OK,54,26,1011,1011,460.23,450.56,648.33,470.41,565.7,602.29
718,OK,50,24,1015,1015,458.12,450.53,646.9,470.58,562.2,602.86
719,OK,52,31,1006,1006,455.04,454.77,642.42,471.06,561.3,605.26
720,OK,41,24,1015,1015,449.65,454.06,638.73,469.89,553.8,601.09
721,OK,40,20,1019,1019,450.5,451.57,640.33,468.39,553.38,599.35
722,OK,39,12,1028,1028,454.35,446.34,645.38,467.82,557.62,596.36
723,OK,42,6,1036,1036,457.94,444.08,650.81,462.61,566.05,594.9
724,OK,48,1,1036,1036,463.76,439.38,656.47,459.86,573.45,590.19
725,OK,74,11,1002,1002,475.28,434.35,661.56,454.68,583.58,579.65
726,OK,86,13,990,990,480.84,431.5,664.75,452.41,590.04,575.04
727,OK,90,16,991,991,483.89,435.38,668.26,453.45,594.5,578.14
728,OK,84,25,991,991,478.75,442.74,663.06,462.0,587.41,588.85
729,OK,77,20,1005,1005,478.54,443.11,665.31,464.62,586.54,591.46
730,OK,92,31,981,981,483.67,444.76,665.99,465.43,589.54,588.47
731,OK,95,34,977,977,485.84,445.08,667.51,465.58,591.06,588.89
732,OK,88,34,985,985,483.23,447.55,666.22,469.43,586.17,593.97
733,OK,84,33,987,987,480.39,448.03,663.7,470.17,583.21,594.82
734,OK,80,34,993,993,478.88,450.3,663.28,473.1,582.29,599.26
735,OK,78,34,994,994,478.15,450.89,662.71,473.73,580.98,600.92
736,OK,84,40,982,982,477.57,451.94,659.9,474.01,581.97,600.64
737,OK,77,32,995,995,475.91,448.94,660.72,471.31,580.28,599.18
738,OK,79,32,990,990,476.19,447.17,659.92,470.94,580.96,596.11
739,OK,78,30,992,992,476.31,445.67,660.16,470.0,580.55,595.97
740,OK,77,27,995,995,476.5,442.84,660.76,468.81,579.82,593.26
741,OK,83,29,991,991,479.57,443.81,663.36,468.3,585.77,593.14
742,OK,72,13,1011,1011,476.83,436.6,664.75,458.41,583.32,588.78
743,OK,70,7,1014,1014,475.85,434.66,664.65,452.26,585.44,585.52
744,OK,77,8,1003,1003,477.91,430.84,664.71,448.95,586.42,578.66
745,OK,79,7,999,999,478.22,428.33,664.15,447.45,585.98,575.61
746,OK,81,12,988,988,476.29,430.03,660.25,447.56,583.46,574.45
747,OK,79,12,990,990,475.47,430.28,659.81,448.43,581.7,575.0
748,OK,72,4,1003,1003,471.04,428.66,658.05,444.23,581.88,574.14
749,OK,71,5,1003,1003,469.39,429.82,656.53,443.43,581.16,575.4
750,OK,70,2,1002,1002,469.42,425.99,656.28,440.79,579.72,573.68
751,OK,70,2,1000,1000,469.83,424.32,656.18,441.12,578.07,571.94
752,OK,72,4,1000,1000,471.05,427.65,657.52,442.25,580.59,573.56
753,OK,75,12,994,994,471.83,432.0,656.95,448.97,580.8,579.16
754,OK,74,12,996,996,472.12,431.48,657.28,451.09,579.93,579.45
755,OK,76,13,995,995,472.11,431.12,657.27,449.52,581.36,580.56
756,OK,72,9,1003,1003,471.96,431.0,658.53,449.95,581.04,579.92
757,OK,74,11,1000,1000,473.16,431.44,659.21,450.81,582.33,581.77
758,OK,72,10,1000,1000,471.71,431.08,657.79,450.41,580.16,580.19
759,OK,72,12,1000,1000,471.15,433.49,657.36,451.72,580.93,582.34
760,OK,73,12,1003,1003,472.94,434.9,659.66,453.52,583.17,583.3
761,OK,73,16,1000,1000,472.38,436.69,658.46,456.27,581.7,586.47
762,OK,73,14,1002,1002,472.5,435.93,658.94,454.24,583.1,585.16
763,OK,69,11,1011,1011,471.57,437.09,659.81,455.51,583.26,586.52
764,OK,67,11,1008,1008,468.91,436.77,656.65,454.69,579.34,585.25
765,OK,67,10,1011,1011,470.24,436.21,658.45,454.36,581.09,585.28
766,OK,67,11,1011,1011,470.58,437.63,658.73,457.11,580.52,586.13
767,OK,66,11,1013,1013,470.81,437.71,659.3,457.36,579.61,586.65
768,OK,66,11,1015,1015,471.98,437.87,660.61,458.82,579.89,589.32
769,OK,64,14,1014,1014,470.47,440.43,658.89,461.35,578.16,592.61
770,OK,67,14,1012,1012,471.96,438.8,660.08,459.63,580.07,590.84
771,OK,69,14,1008,1008,472.35,437.36,659.62,458.99,580.33,588.34
772,OK,62,7,1020,1020,470.58,436.02,660.26,457.15,579.41,587.59
773,OK,62,7,1018,1018,469.81,436.17,658.95,457.39,578.69,586.77
774,OK,69,12,1008,1008,471.89,437.47,659.37,457.21,581.56,586.61
775,OK,80,24,992,992,476.82,440.28,660.84,463.25,584.86,589.27
776,OK,74,18,1002,1002,475.2,438.57,661.24,460.6,582.36,588.48
777,OK,73,21,1000,1000,474.05,440.61,659.82,462.4,581.05,591.53
778,OK,75,22,999,999,474.49,441.41,660.16,462.64,582.24,591.78
779,OK,77,25,996,996,475.41,442.17,660.34,464.51,582.68,593.28
780,OK,75,23,998,998,474.49,442.04,659.94,463.73,582.52,592.64
781,OK,73,22,1003,1003,473.52,441.86,659.79,464.12,581.9,593.7
782,OK,70,22,1004,1004,472.44,442.15,658.74,465.11,579.54,594.79
783,OK,77,25,997,997,474.76,443.06,659.91,464.9,583.07,593.01
784,OK,78,26,994,994,475.58,442.66,660.07,464.93,583.16,592.29
785,OK,83,28,991,991,478.09,442.82,662.25,464.42,587.13,593.67
786,OK,80,27,992,992,476.65,443.21,660.88,464.85,584.98,593.24
787,OK,80,27,993,993,476.41,443.12,660.85,465.55,584.1,593.31
788,OK,85,32,986,986,478.69,445.37,661.74,468.16,586.63,593.36
789,OK,89,37,976,976,479.07,445.11,659.98,469.78,584.94,593.79
790,OK,88,36,978,978,478.64,444.57,659.88,469.03,584.99,593.45
791,OK,99,46,960,960,483.06,445.35,660.07,475.11,586.61,593.43
792,OK,95,44,965,965,481.33,444.84,659.3,474.53,584.41,594.04
793,OK,91,39,974,974,479.82,446.13,660.32,470.03,586.32,594.66
794,OK,86,36,980,980,478.22,446.63,660.02,470.25,584.54,595.06
795,OK,85,36,980,980,476.81,446.72,658.78,469.49,583.3,594.77
796,OK,84,34,985,985,477.37,447.04,660.25,469.76,584.68,595.32
797,OK,83,37,983,983,477.11,447.12,659.09,473.11,581.66,596.86
798,OK,84,35,985,985,477.15,447.63,659.88,470.68,583.58,595.8
799,OK,88,41,975,975,478.06,447.85,658.85,472.22,583.33,596.64
800,OK,94,44,967,967,480.43,447.36,659.44,472.94,584.91,595.47
801,OK,91,42,973,973,479.99,448.28,660.33,473.24,585.33,596.47
802,OK,92,44,970,970,480.64,449.47,660.36,474.06,585.04,596.43
803,OK,93,45,970,970,481.46,450.11,660.96,476.37,585.48,597.87
804,OK,93,44,973,973,481.52,450.78,661.68,476.14,586.98,598.54
805,OK,91,45,973,973,480.64,450.35,660.67,477.3,583.7,599.82
806,OK,94,47,971,971,482.01,451.66,661.81,477.41,586.45,599.69
807,OK,91,45,975,975,481.31,451.13,661.74,477.08,584.7,600.13
808,OK,96,48,967,967,482.88,451.3,661.95,476.76,586.39,599.7
809,OK,97,50,964,964,483.27,451.97,661.82,476.95,586.27,599.82
810,OK,97,48,964,964,482.93,450.96,661.5,476.27,586.26,597.68
811,OK,90,43,976,976,480.96,451.64,662.04,475.24,586.24,599.13
812,OK,90,44,975,975,480.48,451.38,661.19,476.25,584.39,599.99
813,OK,91,44,975,975,481.12,451.19,661.76,475.81,585.39,599.77
814,OK,86,40,980,980,479.39,450.29,660.91,475.17,583.15,599.17
815,OK,89,42,979,979,480.95,450.65,662.43,474.8,586.25,600.45
816,OK,91,44,977,977,481.58,451.75,662.78,475.68,586.15,601.3
817,OK,91,46,973,973,480.71,452.34,661.31,475.42,584.58,601.61
818,OK,89,43,978,978,480.78,452.17,662.12,475.68,584.71,601.63
819,OK,91,45,975,975,480.85,451.7,661.64,474.95,585.26,600.75
820,OK,90,43,977,977,480.4,450.85,661.65,473.93,586.35,600.0
821,OK,89,42,977,977,479.12,450.98,660.3,474.07,585.13,599.47
822,OK,90,42,976,976,480.26,450.49,661.37,473.06,586.33,598.98
823,OK,91,45,973,973,480.13,450.94,660.64,474.44,585.45,599.96
824,OK,94,46,973,973,482.49,451.79,663.0,475.6,588.83,601.35
825,OK,91,46,974,974,481.09,452.07,661.55,476.88,585.48,602.47
826,OK,92,49,972,972,482.38,452.32,662.24,479.18,585.36,604.3
827,OK,95,52,967,967,482.71,453.76,661.61,479.65,585.74,604.35
828,OK,93,48,972,972,482.25,452.99,662.35,478.38,586.63,604.01
829,OK,95,50,969,969,482.16,453.57,661.66,478.61,586.85,603.42
830,OK,94,51,969,969,482.47,453.03,661.65,479.69,585.45,603.92
831,OK,99,55,960,960,484.09,454.18,661.7,480.59,586.04,604.49
832,OK,99,53,965,965,485.64,453.35,664.0,480.7,587.7,603.65
833,OK,102,56,959,959,487.04,453.3,664.03,482.51,587.56,603.87
834,OK,103,60,954,954,486.99,454.66,662.94,484.68,585.63,605.64
835,OK,104,61,953,953,487.23,454.65,662.6,486.07,585.93,605.19
836,OK,97,55,963,963,483.92,453.59,661.66,483.28,583.75,605.13
837,OK,104,65,949,949,486.14,455.67,660.84,486.58,583.87,607.11
838,OK,101,62,953,953,484.51,455.4,660.07,485.96,583.26,607.18
839,OK,100,63,954,954,483.71,456.54,659.57,486.41,582.7,608.68
840,OK,101,65,951,951,483.95,457.32,659.28,487.01,582.21,609.01
841,OK,100,62,954,954,483.58,457.52,659.8,485.3,583.34,607.18
842,OK,95,60,962,962,482.72,457.2,660.27,486.65,582.48,610.44
843,OK,101,68,953,953,483.88,461.48,660.01,488.38,583.67,613.84
844,OK,98,66,958,958,484.04,460.65,660.95,489.59,582.74,615.63
845,OK,95,64,963,963,482.68,460.73,660.65,488.5,582.2,615.81
846,OK,98,63,963,963,485.42,459.2,663.0,489.11,584.59,614.86
847,OK,101,66,958,958,487.74,460.06,664.31,490.86,585.49,616.05
848,OK,101,65,958,958,486.98,460.74,663.99,489.11,585.87,614.92
849,OK,109,74,944,944,489.07,461.89,663.24,491.05,587.45,616.21
850,OK,109,73,947,947,490.11,460.83,664.53,491.58,588.24,617.11
851,OK,106,71,951,951,487.9,461.58,663.62,489.67,587.94,617.66
852,OK,106,71,951,951,488.02,461.54,663.46,490.56,586.4,617.92
853,OK,102,71,952,952,485.58,461.44,661.32,490.12,583.92,618.94
854,OK,105,72,949,949,486.42,461.32,661.63,490.09,584.49,616.9
855,OK,101,68,955,955,485.85,460.18,662.05,489.88,583.48,616.06
856,OK,102,69,952,952,485.24,460.86,661.07,489.39,583.81,615.57
857,OK,98,63,961,961,484.66,458.82,662.16,486.91,583.43,614.08
858,OK,89,56,975,975,481.52,458.76,661.86,485.66,581.49,614.76
859,OK,89,56,972,972,480.95,458.95,660.81,485.22,580.37,612.74
860,OK,90,58,970,970,481.3,458.59,660.45,487.03,579.45,614.47
861,OK,84,55,976,976,478.73,457.92,659.22,485.77,577.02,614.52
862,OK,87,57,973,973,479.21,458.25,659.05,485.71,578.8,614.47
863,OK,89,57,970,970,480.15,457.32,659.38,485.88,579.23,613.1
864,OK,86,55,976,976,479.33,458.39,659.8,485.57,579.08,614.74
865,OK,83,52,982,982,479.54,457.25,661.11,485.38,579.33,614.8
866,OK,84,53,981,981,479.09,458.03,660.51,484.83,579.14,614.83
867,OK,88,56,974,974,480.67,458.5,660.72,486.22,579.79,614.74
868,OK,86,53,978,978,480.3,457.35,661.13,484.8,580.96,614.39
869,OK,85,52,981,981,479.97,456.11,661.16,484.65,579.92,615.11
870,OK,89,56,973,973,480.69,457.11,660.57,485.25,580.86,614.55
871,OK,87,54,976,976,480.3,457.42,660.81,484.7,579.68,614.53
872,OK,85,50,982,982,480.2,456.56,661.98,482.3,581.46,612.91
873,OK,87,53,979,979,479.98,457.5,661.16,483.37,581.53,614.72
874,OK,91,56,973,973,482.13,456.7,662.02,484.66,581.94,614.52
875,OK,85,54,976,976,479.19,457.19,659.74,484.63,577.77,613.92
876,OK,86,57,975,975,479.25,458.33,659.25,487.3,577.13,616.81
877,OK,93,59,971,971,484.18,458.61,663.27,488.39,583.83,616.36
878,OK,83,51,982,982,480.09,456.22,661.49,485.42,579.18,613.39
879,OK,89,56,972,972,481.24,457.42,660.85,485.2,579.94,613.92
880,OK,91,57,971,971,483.08,456.3,662.11,486.57,581.18,613.96
881,OK,94,59,967,967,483.55,456.67,661.98,485.75,582.97,612.97
882,OK,91,57,970,970,481.52,457.47,660.8,484.83,581.38,613.44
883,OK,91,57,970,970,482.23,457.18,661.54,485.04,581.47,613.75
884,OK,98,62,960,960,484.31,458.57,661.58,486.5,583.09,612.95
885,OK,104,67,951,951,486.1,458.71,661.7,486.7,584.83,612.04
886,OK,107,66,950,950,489.14,459.38,664.6,487.29,588.62,610.54
887,OK,94,56,968,968,483.79,456.77,662.7,484.58,583.79,610.17
888,OK,101,63,959,959,486.13,458.39,663.34,485.79,586.16,612.48
889,OK,100,64,956,956,484.14,459.33,661.16,485.0,584.31,613.22
890,OK,97,58,966,966,484.7,458.54,663.71,483.18,586.31,612.89
891,OK,98,60,965,965,484.7,458.61,663.47,483.78,586.05,613.6
892,OK,96,58,969,969,484.88,458.37,664.39,483.4,586.71,613.91
893,OK,92,56,972,972,482.62,458.64,662.77,483.47,583.51,614.17
894,OK,90,56,972,972,481.37,458.79,661.45,483.15,582.48,613.83
895,OK,89,53,976,976,481.67,457.04,662.47,482.65,583.34,614.02
896,OK,90,56,973,973,480.95,457.69,661.16,483.46,581.67,614.32
897,OK,88,53,979,979,480.7,457.74,662.11,482.58,582.7,614.86
898,OK,90,55,975,975,480.98,459.01,661.78,482.22,582.73,614.16
899,OK,86,52,980,980,480.12,458.02,661.82,482.38,582.82,613.88
900,OK,90,56,972,972,481.01,457.98,660.87,484.25,581.82,614.5
901,OK,88,54,976,976,480.09,457.81,660.94,483.23,581.73,614.16
902,OK,86,53,977,977,478.78,458.01,659.76,483.11,579.44,612.97
903,OK,89,56,973,973,479.64,458.88,659.81,483.98,580.68,613.93
904,OK,92,56,970,970,481.64,457.64,661.21,483.24,583.67,612.88
905,OK,91,56,970,970,481.17,457.48,660.61,484.13,581.95,612.91
906,OK,88,55,973,973,478.99,458.07,659.26,483.57,579.66,611.99
907,OK,86,54,975,975,477.62,459.09,658.47,482.97,579.18,612.06
908,OK,89,58,966,966,478.65,459.34,657.5,484.95,577.63,611.78
909,OK,92,60,965,965,479.84,459.67,658.61,484.59,580.14,612.7
910,OK,90,55,973,973,481.06,457.36,661.0,484.02,582.14,612.63
911,OK,89,56,972,972,480.38,457.87,660.18,484.38,580.83,613.68
912,OK,90,57,971,971,480.75,458.02,660.4,484.17,581.42,613.78
913,OK,87,57,971,971,478.51,458.28,658.1,485.16,577.2,613.87
914,OK,88,58,970,970,479.03,458.84,658.49,485.86,578.18,614.81
915,OK,86,52,978,978,478.99,457.13,660.16,482.57,580.51,612.85
916,OK,86,54,976,976,479.3,457.92,659.8,484.81,579.21,614.01
917,OK,86,54,976,976,479.9,457.31,660.27,485.11,579.78,613.73
918,OK,89,56,973,973,480.02,457.5,659.9,484.79,580.23,613.74
919,OK,87,54,976,976,479.2,458.15,660.05,483.26,580.62,613.53
920,OK,88,54,976,976,480.4,457.69,660.93,484.25,581.48,614.89
921,OK,87,53,978,978,480.54,457.19,661.44,483.85,581.65,614.17
922,OK,92,55,974,974,483.4,457.95,663.42,485.88,585.26,613.86
923,OK,86,50,985,985,481.37,458.1,663.78,484.06,584.38,614.8
924,OK,87,53,978,978,479.62,458.73,660.96,482.43,581.95,613.54
925,OK,86,52,978,978,479.86,457.75,661.07,482.01,581.47,613.2
926,OK,81,41,993,993,478.92,453.83,663.19,476.7,582.97,608.91
927,OK,76,37,998,998,476.64,453.56,661.99,475.8,581.03,608.58
928,OK,80,36,995,995,478.49,451.93,663.32,473.57,584.87,604.56
929,OK,77,35,997,997,477.1,452.0,662.34,473.74,580.67,603.82
930,OK,76,35,997,997,476.26,451.71,661.52,472.49,580.05,604.3
931,OK,72,28,1005,1005,475.03,448.47,661.67,470.49,581.2,601.74
932,OK,72,29,1002,1002,474.35,448.06,660.38,470.39,580.55,601.13
933,OK,71,25,1007,1007,474.63,445.05,661.55,468.71,580.49,599.59
934,OK,71,22,1008,1008,474.42,444.91,661.76,466.49,583.09,597.47
935,OK,72,23,1006,1006,474.35,444.72,661.31,466.03,582.82,597.87
936,OK,70,20,1012,1012,474.59,444.67,662.6,466.38,583.78,598.04
937,OK,70,22,1011,1011,473.6,445.68,661.49,466.16,582.97,598.14
938,OK,70,22,1011,1011,473.99,445.84,661.74,467.6,582.2,599.07
939,OK,73,23,1007,1007,474.0,445.35,661.34,464.61,584.37,597.13
940,OK,73,21,1008,1008,474.72,444.99,662.35,464.09,586.76,596.55
941,OK,87,38,981,981,476.2,450.07,658.69,468.35,586.99,597.08
942,OK,77,29,997,997,472.97,450.02,658.79,466.24,584.8,597.52
943,OK,78,31,993,993,473.43,448.48,658.25,467.0,583.61,597.49
944,OK,80,36,986,986,473.11,450.59,656.59,468.97,582.01,599.57
945,OK,84,43,976,976,473.93,452.65,655.5,470.82,581.12,601.04
946,OK,91,52,967,967,476.18,454.98,655.75,477.12,583.16,604.09
947,OK,86,48,973,973,473.74,454.8,654.58,475.53,580.28,603.93
948,OK,85,48,973,973,473.25,454.96,654.01,475.45,579.6,603.13
949,OK,86,48,973,973,473.49,455.76,654.36,475.07,580.79,603.77
950,OK,86,47,973,973,474.07,455.13,654.96,474.39,581.47,602.98
951,OK,87,48,970,970,474.27,455.76,654.74,474.73,581.05,602.52
952,OK,88,47,971,971,475.12,454.45,655.7,474.38,581.19,601.39
953,OK,88,47,970,970,474.9,453.73,655.26,473.27,581.97,601.48
954,OK,88,50,969,969,474.63,455.22,654.69,476.19,580.08,602.77
955,OK,86,52,970,970,474.4,456.9,654.44,479.03,578.36,606.21
956,OK,94,61,956,956,477.11,459.74,654.43,482.6,579.59,608.01
957,OK,93,59,960,960,476.63,459.28,654.83,481.21,581.55,608.41
958,OK,89,58,962,962,474.14,458.76,652.77,479.79,577.68,609.25
959,OK,89,58,962,962,474.73,458.39,653.22,481.04,577.42,609.77
960,OK,88,58,960,960,473.37,458.4,651.7,480.05,575.31,608.22
961,OK,85,55,968,968,473.43,459.05,653.1,480.85,576.56,610.03
962,OK,83,54,970,970,472.0,459.0,652.12,480.64,574.44,609.53
963,OK,85,56,966,966,472.44,458.77,651.74,481.36,574.26,609.17
964,OK,85,57,966,966,473.04,458.22,652.11,482.63,574.35,611.28
965,OK,82,55,971,971,470.93,458.96,651.28,481.11,573.58,610.1
966,OK,83,57,969,969,471.79,459.65,651.61,482.81,574.02,611.07
967,OK,83,57,969,969,471.9,458.96,651.51,482.72,572.85,611.42
968,OK,80,54,973,973,470.41,459.55,651.12,481.8,572.82,610.44
969,OK,83,56,971,971,472.01,459.41,652.24,482.19,574.02,611.62
970,OK,83,55,970,970,471.96,459.76,652.09,481.76,574.34,611.06
971,OK,83,55,970,970,473.07,457.89,652.79,482.08,574.45,610.85
972,OK,83,57,968,968,471.68,459.58,651.26,482.62,573.68,611.18
973,OK,79,54,974,974,470.75,459.76,651.42,482.58,572.77,611.34
974,OK,81,56,970,970,470.32,460.06,650.34,482.5,571.88,612.51
975,OK,86,55,967,967,472.98,458.02,652.64,479.47,576.09,609.09
976,OK,86,52,971,971,474.17,457.22,654.52,479.14,578.89,606.52
977,OK,89,50,969,969,474.58,455.28,654.8,475.17,581.42,604.38
978,OK,84,44,979,979,475.05,452.85,656.93,474.53,581.14,603.31
979,OK,92,56,965,965,477.47,457.19,656.7,479.15,582.73,608.79
980,OK,83,50,976,976,474.15,458.01,655.32,479.62,578.51,608.79
981,OK,81,48,981,981,472.73,457.45,655.04,477.97,579.45,608.34
982,OK,83,50,975,975,471.61,458.32,652.96,477.59,577.82,607.31
983,OK,81,47,979,979,471.64,457.52,653.72,476.16,578.89,607.0
984,OK,83,50,974,974,472.15,458.07,653.23,477.42,578.77,606.35
985,OK,79,44,984,984,472.88,456.57,655.76,477.28,579.34,607.05
986,OK,82,47,978,978,473.23,456.82,655.12,476.96,579.59,606.82
987,OK,80,45,980,980,471.97,455.98,654.2,475.21,578.74,604.95
988,OK,80,45,980,980,471.53,456.53,653.82,475.74,578.6,605.46
989,OK,79,47,978,978,471.28,455.84,652.86,477.95,575.55,606.19
990,OK,77,44,983,983,470.35,455.15,653.03,476.1,575.87,604.86
991,OK,90,54,967,967,476.36,456.26,655.7,479.62,581.58,606.33
992,OK,79,48,979,979,471.69,455.26,653.08,479.61,575.6,606.82
993,OK,75,42,985,985,470.91,452.63,653.43,477.79,573.1,603.49
994,OK,77,44,983,983,471.73,453.02,653.84,478.6,574.24,604.91
995,OK,76,47,981,981,470.02,455.54,651.93,479.55,572.94,607.7
996,OK,74,46,985,985,469.39,456.38,652.19,479.83,572.49,608.61
997,OK,78,50,978,978,470.59,457.51,652.03,481.1,573.05,609.47
998,OK,77,48,979,979,469.6,456.6,651.31,479.45,572.36,607.15
999,OK,81,48,976,976,471.92,457.0,653.1,478.56,576.22,605.2
1000,OK,78,45,981,981,470.93,455.34,652.99,478.04,574.24,603.8
1001,OK,79,47,979,979,470.76,456.34,652.58,478.63,574.98,605.9
1002,OK,78,47,979,979,470.87,456.14,652.5,479.16,573.4,606.12
1003,OK,76,45,980,980,470.31,454.54,652.04,477.87,572.69,604.97
1004,OK,74,38,989,989,470.03,452.72,653.57,475.11,574.53,601.49
1005,OK,81,47,976,976,472.05,454.99,653.22,477.98,575.75,604.16
1006,OK,79,48,977,977,470.81,455.44,651.88,479.36,574.57,605.97
1007,OK,80,51,972,972,469.67,456.47,650.02,479.55,573.66,607.59
1008,OK,82,52,970,970,469.62,457.11,649.57,479.52,574.61,607.24
1009,OK,86,56,967,967,470.95,459.31,650.53,480.81,578.26,609.33
1010,OK,82,52,971,971,468.85,457.92,649.34,478.06,576.65,606.79
1011,OK,75,48,981,981,466.91,457.83,649.24,478.2,573.43,608.42
1012,OK,76,49,979,979,467.04,457.69,648.96,479.2,572.62,608.98
1013,OK,74,48,980,980,466.46,458.41,648.54,478.94,571.65,608.79
1014,OK,72,47,984,984,465.88,458.83,648.89,478.63,572.07,609.98
1015,OK,67,44,990,990,463.59,458.39,647.55,478.96,570.08,610.27
1016,OK,66,42,992,992,463.19,457.73,647.63,478.35,570.25,609.18
1017,OK,84,53,971,971,470.47,457.34,650.73,479.66,578.8,607.98
1018,OK,77,47,982,982,468.2,457.81,650.76,478.45,576.74,608.98
1019,OK,80,51,972,972,468.94,457.65,649.47,478.93,573.84,607.05
1020,OK,77,48,979,979,469.47,456.39,651.15,479.6,573.18,607.98
1021,OK,80,50,974,974,470.56,456.58,651.45,478.88,573.94,607.34
1022,OK,78,42,987,987,472.44,453.92,655.68,476.51,578.09,605.35
1023,OK,77,42,987,987,471.94,454.98,655.31,476.15,578.06,605.76
1024,OK,76,42,987,987,471.4,454.5,654.72,476.4,576.86,604.9
1025,OK,78,41,987,987,472.09,453.81,655.47,475.31,578.39,603.7
1026,OK,75,35,995,995,472.11,452.43,656.91,473.65,580.14,602.7
1027,OK,74,34,997,997,471.57,452.22,656.86,473.29,579.9,602.79
1028,OK,77,39,989,989,472.16,453.05,655.79,474.5,578.53,603.65
1029,OK,75,38,990,990,471.7,452.28,655.64,474.07,577.22,603.36
1030,OK,70,34,999,999,469.55,452.97,655.23,473.5,576.73,603.32
1031,OK,75,40,989,989,470.21,453.87,654.01,474.37,576.66,603.93
1032,OK,76,41,986,986,471.16,454.24,654.29,475.32,576.88,603.49
1033,OK,75,41,989,989,470.7,454.14,654.47,475.81,575.53,605.62
1034,OK,75,38,992,992,472.84,453.82,657.26,474.24,578.62,605.57
1035,OK,80,43,985,985,474.44,453.95,657.36,476.04,578.73,605.42
1036,OK,79,39,988,988,473.84,453.35,657.35,474.34,580.8,603.73
1037,OK,78,41,986,986,472.6,454.14,655.78,475.06,578.68,604.16
1038,OK,87,48,972,972,474.69,456.07,655.46,475.76,582.02,603.54
1039,OK,82,44,979,979,473.19,454.03,655.09,475.63,579.61,602.33
1040,OK,77,39,989,989,472.51,452.86,656.12,475.45,578.5,603.64
1041,OK,80,41,985,985,473.62,452.97,656.58,474.8,579.24,602.88
1042,OK,79,43,983,983,472.83,453.64,655.32,476.46,577.06,604.21
1043,OK,79,42,985,985,472.27,455.06,655.26,475.96,578.44,604.19
1044,OK,78,41,987,987,472.49,454.53,655.68,476.55,578.23,604.3
1045,OK,79,47,980,980,472.31,456.35,654.19,478.5,576.32,606.88
1046,OK,75,47,984,984,470.25,458.1,652.94,479.66,573.82,609.53
1047,OK,78,48,983,983,471.67,457.79,654.19,480.03,575.39,609.4
1048,OK,79,49,981,981,472.05,458.45,654.12,481.0,575.53,609.76
1049,OK,82,53,975,975,472.88,458.73,653.79,482.27,576.41,609.85
1050,OK,76,49,982,982,469.31,459.69,651.81,480.03,573.71,611.12
1051,OK,80,53,975,975,470.8,460.18,651.87,481.23,574.57,611.06
1052,OK,80,54,976,976,471.35,460.42,652.45,482.68,574.52,612.5
1053,OK,79,52,979,979,471.74,459.2,653.35,481.98,574.73,611.58
1054,OK,80,54,974,974,470.44,460.38,651.38,482.22,573.34,612.02
1055,OK,80,54,973,973,470.74,459.47,651.3,481.73,572.51,610.57
1056,OK,82,57,969,969,470.45,460.73,650.17,483.7,572.21,611.37
1057,OK,83,59,968,968,472.15,461.28,651.56,485.47,572.83,613.71
1058,OK,84,59,967,967,472.21,460.73,651.48,484.7,573.26,612.96
1059,OK,84,57,968,968,472.99,460.82,652.58,483.13,575.05,611.81
1060,OK,89,59,965,965,474.61,460.25,653.64,483.06,577.91,611.85
1061,OK,92,59,964,964,477.93,460.05,656.8,483.39,582.07,611.18
1062,OK,92,61,963,963,477.51,460.53,656.0,484.92,579.62,612.52
1063,OK,82,56,975,975,473.13,460.51,654.06,483.78,576.37,614.08
1064,OK,78,54,979,979,471.45,460.6,652.99,484.4,573.27,614.53
1065,OK,80,57,973,973,471.32,460.55,651.65,484.81,571.46,614.49
1066,OK,84,58,969,969,472.6,460.64,652.21,484.48,573.8,613.24
1067,OK,80,55,975,975,471.79,459.5,652.42,484.59,572.82,613.11
1068,OK,81,56,972,972,471.66,459.94,652.02,483.41,572.93,612.66
1069,OK,80,53,977,977,471.51,459.04,652.79,482.29,574.28,611.91
1070,OK,79,54,976,976,471.06,460.01,652.18,482.69,573.21,612.9
1071,OK,79,53,977,977,471.14,459.38,652.45,482.05,573.13,611.64
1072,OK,80,52,976,976,471.32,459.06,652.6,480.78,574.46,610.84
1073,OK,81,57,971,971,470.89,459.83,650.91,483.58,572.4,613.2
1074,OK,81,55,975,975,472.21,459.86,653.08,482.92,574.35,612.77
1075,OK,86,60,966,966,474.26,460.31,653.33,484.97,575.04,614.57
1076,OK,84,57,970,970,473.91,459.67,653.63,484.32,574.98,612.89
1077,OK,88,62,963,963,474.34,460.69,652.77,484.83,575.37,613.4
1078,OK,83,57,970,970,472.15,460.29,651.89,484.28,574.15,612.67
1079,OK,82,57,972,972,472.3,460.48,652.45,484.26,573.66,613.66
1080,OK,81,55,975,975,472.44,459.41,653.16,483.43,574.23,612.73
1081,OK,83,58,968,968,471.93,460.88,651.53,484.03,573.23,612.54
1082,OK,85,58,967,967,472.72,460.31,652.1,483.49,573.91,611.4
1083,OK,96,63,959,959,478.45,461.36,656.3,484.66,582.83,612.67
1084,OK,82,53,976,976,472.89,460.77,654.29,481.6,578.1,611.99
1085,OK,80,53,977,977,472.54,458.73,653.76,482.91,574.1,612.22
1086,OK,81,54,975,975,472.98,459.06,653.74,482.5,574.44,611.93
1087,OK,81,53,976,976,473.07,459.58,654.17,481.89,575.41,612.51
1088,OK,85,59,967,967,473.16,460.53,652.49,483.72,574.08,612.6
1089,OK,85,59,967,967,473.45,459.33,652.68,484.07,574.37,613.14
1090,OK,80,54,975,975,470.6,459.57,651.63,482.14,573.6,611.35
1091,OK,82,58,969,969,470.88,460.34,650.67,483.47,573.02,612.77
1092,OK,88,62,964,964,475.69,460.86,654.1,487.4,576.83,613.89
1093,OK,88,55,968,968,475.21,459.71,654.85,482.63,580.55,608.78
1094,OK,80,50,978,978,471.26,459.23,652.97,480.8,576.63,609.3
1095,OK,80,51,978,978,471.22,459.22,652.85,480.68,576.19,610.15
1096,OK,77,52,977,977,468.26,459.99,649.86,479.99,572.08,610.37
1097,OK,80,53,972,972,468.35,460.65,649.28,478.22,574.19,608.64
1098,OK,84,55,966,966,469.54,460.13,649.2,479.3,575.99,607.38
1099,OK,76,45,984,984,467.96,458.97,651.16,476.54,576.8,607.11
1100,OK,78,45,981,981,470.24,455.48,652.67,475.14,575.92,604.94
1101,OK,70,34,996,996,468.32,452.27,653.55,472.21,576.36,601.8
1102,OK,68,30,1003,1003,469.59,449.29,655.87,471.49,577.15,602.11
1103,OK,66,26,1010,1010,469.7,449.25,657.32,470.92,578.66,602.55
1104,OK,70,27,1005,1005,470.31,448.03,657.08,468.64,580.87,600.1
1105,OK,72,31,999,999,469.76,450.21,655.73,468.99,580.32,601.27
1106,OK,71,29,1001,1001,468.9,449.57,655.17,467.81,580.18,599.82
1107,OK,67,28,1004,1004,467.71,449.76,654.53,467.87,578.79,601.44
1108,OK,70,28,1003,1003,469.05,449.31,655.69,468.0,580.28,601.05
1109,OK,74,31,997,997,471.12,449.17,656.49,469.03,581.96,600.54
1110,OK,71,29,1001,1001,469.85,447.98,656.02,468.27,580.25,600.33
1111,OK,74,31,996,996,470.2,448.45,655.43,467.89,581.5,599.95
1112,OK,68,24,1007,1007,468.49,447.14,655.76,466.41,579.98,599.2
1113,OK,65,24,1008,1008,467.35,447.35,654.78,467.31,577.29,599.91
1114,OK,67,26,1004,1004,467.92,447.69,654.72,467.57,578.67,599.86
1115,OK,65,26,1006,1006,466.75,448.91,653.93,467.78,576.62,600.39
1116,OK,70,34,995,995,467.11,451.32,652.31,470.19,575.99,601.39
1117,OK,79,47,978,978,468.67,457.08,650.64,475.95,576.35,606.11
1118,OK,66,33,998,998,465.11,452.93,650.9,471.45,572.34,602.38
1119,OK,69,34,994,994,466.2,452.14,651.1,471.07,573.89,602.12
1120,OK,60,29,1006,1006,462.74,451.97,650.02,470.77,570.16,603.0
1121,OK,62,31,1003,1003,462.72,453.38,649.35,471.5,570.22,603.15
1122,OK,73,47,981,981,465.02,458.95,647.6,476.36,571.47,607.0
1123,OK,82,52,972,972,470.13,459.06,650.61,480.71,576.79,608.11
1124,OK,78,49,977,977,467.94,457.33,649.59,477.91,574.55,607.11
1125,OK,80,49,973,973,468.15,456.67,649.12,475.06,573.87,605.29
1126,OK,81,50,970,970,467.61,457.07,648.27,474.5,574.31,604.72
1127,OK,78,47,975,975,466.32,455.66,647.79,472.84,573.4,604.65
1128,OK,80,47,977,977,468.14,455.18,649.84,474.7,577.03,605.1
1129,OK,82,47,976,976,469.3,455.99,651.04,473.49,579.93,606.33
1130,OK,85,50,971,971,470.24,456.0,651.0,474.53,580.15,605.65
1131,OK,79,45,976,976,466.88,454.28,648.44,472.97,577.83,604.12
1132,OK,75,44,981,981,465.01,454.74,647.48,473.59,575.45,605.02
1133,OK,70,43,985,985,460.88,458.01,644.41,474.01,572.99,605.59
1134,OK,66,45,983,983,456.04,461.02,639.43,475.18,568.12,604.45
1135,OK,61,44,988,988,454.43,463.03,638.73,476.62,565.38,607.06
1136,OK,62,45,987,987,454.94,462.05,638.96,476.86,564.91,607.14
1137,OK,61,45,988,988,454.46,463.34,638.63,477.59,564.26,607.81
1138,OK,62,44,990,990,455.71,463.7,640.43,477.44,567.03,608.56
1139,OK,62,46,984,984,453.86,464.64,637.44,477.51,564.06,606.7
1140,OK,60,45,988,988,453.44,464.8,637.65,478.24,564.21,607.56
1141,OK,53,31,1009,1009,453.98,459.51,642.21,472.18,567.0,605.07
1142,OK,54,33,1004,1004,453.51,459.71,640.96,471.65,566.53,604.82
1143,OK,52,30,1010,1010,454.17,459.3,642.62,471.92,566.71,606.01
1144,OK,53,34,1004,1004,453.12,460.74,640.5,473.13,563.32,606.58
1145,OK,55,41,994,994,451.63,462.69,637.13,475.87,560.37,606.88
1146,OK,54,41,995,995,450.89,463.83,636.7,474.96,560.05,606.82
1147,OK,50,37,1002,1002,450.17,463.52,637.21,474.11,560.17,607.43
1148,OK,53,39,997,997,450.79,462.69,636.94,473.67,559.9,606.42
1149,OK,55,38,998,998,453.23,461.94,639.42,475.2,562.91,607.25
1150,OK,59,43,993,993,454.36,462.63,639.55,476.05,563.47,609.29
1151,OK,60,45,988,988,453.96,462.66,638.3,476.53,562.59,609.15
1152,OK,57,41,994,994,452.84,462.15,638.32,475.15,562.43,607.53
1153,OK,57,43,990,990,451.27,463.8,636.09,475.66,561.08,606.9
1154,OK,64,49,980,980,453.77,464.9,636.76,477.04,563.29,607.81
1155,OK,65,50,980,980,454.45,465.09,637.45,476.59,564.65,610.02
1156,OK,61,45,987,987,453.88,463.07,638.23,474.1,563.64,607.48
1157,OK,63,46,984,984,454.21,463.79,637.9,474.57,564.65,608.17
1158,OK,60,45,990,990,453.38,465.3,638.2,474.9,565.11,610.2
1159,OK,58,46,991,991,452.51,464.13,637.47,476.6,562.19,612.2
1160,OK,57,48,986,986,450.88,464.26,634.88,477.81,557.89,612.15
1161,OK,54,44,994,994,450.11,464.98,635.61,476.55,559.74,612.28
1162,OK,54,43,995,995,451.05,463.04,636.66,476.1,559.99,611.29
1163,OK,54,44,993,993,449.88,462.12,635.15,476.04,557.77,611.19
1164,OK,54,42,994,994,450.71,462.24,636.2,474.68,559.86,611.28
1165,OK,55,42,995,995,451.55,461.54,637.04,475.24,560.1,611.51
1166,OK,60,44,990,990,455.13,461.32,639.71,475.47,564.3,611.32
1167,OK,67,48,983,983,458.46,460.77,641.66,475.99,567.32,611.55
1168,OK,70,50,979,979,459.65,460.46,641.98,476.53,567.51,611.23
1169,OK,71,51,975,975,459.01,459.11,640.75,474.98,567.0,609.57
1170,OK,64,44,987,987,457.11,459.67,641.12,473.26,566.15,608.48
1171,OK,61,38,992,992,457.32,456.57,642.3,471.54,565.2,604.62
1172,OK,57,31,1003,1003,455.58,457.05,642.75,469.56,567.58,601.53
1173,OK,48,25,1013,1013,450.97,457.48,640.13,468.62,562.5,600.28
1174,OK,43,28,1008,1008,447.01,457.91,635.19,469.05,554.61,600.7
1175,OK,44,31,1005,1005,445.92,458.4,633.53,469.99,552.72,602.72
1176,OK,44,30,1008,1008,447.04,459.61,635.36,469.85,555.31,604.38
1177,OK,43,30,1009,1009,445.99,459.39,634.39,469.82,553.89,603.96
1178,OK,43,33,1007,1007,445.33,462.16,633.47,470.98,553.35,605.63
1179,OK,42,29,1010,1010,447.77,459.05,636.36,470.18,553.57,604.11
1180,OK,37,21,1023,1023,448.84,456.23,639.73,468.56,553.45,601.93
1181,OK,39,20,1019,1019,450.21,453.26,640.32,467.51,552.7,599.48
1182,OK,30,4,1040,1040,449.04,448.64,643.17,460.52,554.44,594.26
1183,OK,29,5,1037,1037,447.05,447.35,640.64,460.34,550.81,594.09
1184,OK,30,6,1033,1033,446.39,448.48,639.27,461.05,549.35,590.89
1185,OK,23,6,1042,1042,443.63,452.09,638.17,463.88,548.78,596.02
1186,OK,38,9,1032,1032,452.45,450.67,645.25,461.32,560.61,594.52
1187,OK,40,12,1029,1029,452.91,451.81,644.96,463.79,559.93,595.95
1188,OK,39,13,1030,1030,453.95,451.54,645.9,467.08,559.68,598.26
1189,OK,43,18,1025,1025,454.16,453.33,645.39,467.33,561.73,600.31
1190,OK,37,19,1026,1026,450.91,455.1,642.2,470.7,554.11,603.05
1191,OK,38,25,1020,1020,449.73,456.62,639.86,473.07,553.17,605.35
1192,OK,36,25,1019,1019,446.4,457.83,636.29,473.05,549.27,604.35
1193,OK,35,26,1020,1020,445.53,460.12,635.8,475.02,550.04,606.19
1194,OK,32,27,1018,1018,441.53,461.19,631.54,474.1,546.38,605.63
1195,OK,31,28,1018,1018,440.56,461.98,630.56,473.83,545.61,607.04
1196,OK,32,27,1018,1018,442.12,460.27,631.97,474.39,546.51,605.45
1197,OK,40,32,1013,1013,445.81,462.69,634.9,474.72,553.14,607.56
1198,OK,40,31,1015,1015,447.16,461.98,636.57,473.55,553.95,608.83
1199,OK,39,33,1015,1015,447.02,464.22,636.56,476.22,552.03,610.58
1200,OK,37,30,1018,1018,446.5,463.19,636.54,475.61,551.3,609.12
1201,OK,40,33,1011,1011,446.32,462.46,634.97,475.44,550.96,607.48
1202,OK,37,30,1018,1018,447.24,462.62,637.15,475.99,551.71,608.87
1203,OK,46,36,1008,1008,450.17,464.6,638.36,476.45,556.55,609.91
1204,OK,41,32,1019,1019,450.53,462.99,640.48,477.67,555.95,613.14
1205,OK,42,33,1017,1017,450.91,464.14,640.74,477.28,556.18,612.75
1206,OK,44,33,1017,1017,451.71,463.85,641.52,476.53,557.64,612.15
1207,OK,46,35,1013,1013,452.65,463.2,641.55,477.27,558.11,611.88
1208,OK,44,34,1015,1015,450.59,464.32,640.11,476.64,557.35,612.46
1209,OK,50,38,1007,1007,452.97,464.49,640.98,477.04,559.22,611.73
1210,OK,53,42,999,999,453.19,464.95,639.55,478.09,558.12,611.41
1211,OK,51,42,1003,1003,453.48,465.42,640.55,479.0,558.35,613.79
1212,OK,53,43,1003,1003,454.81,466.5,641.86,479.9,561.02,615.39
1213,OK,54,46,999,999,453.98,467.6,640.41,480.04,559.26,616.71
1214,OK,57,48,995,995,455.14,468.7,640.84,479.88,561.76,617.28
1215,OK,56,47,996,996,454.8,467.83,640.68,479.86,560.88,617.3
1216,OK,57,49,993,993,454.79,467.92,640.19,479.81,560.4,617.78
1217,OK,57,49,993,993,454.38,467.28,639.7,480.5,559.28,617.02
1218,OK,56,49,993,993,454.14,467.56,639.37,480.84,558.73,617.31
1219,OK,60,53,987,987,455.89,468.16,639.92,482.67,559.24,617.35
1220,OK,62,54,984,984,456.86,468.54,640.38,482.28,560.96,618.46
1221,OK,61,51,990,990,458.01,467.71,642.56,482.4,562.42,618.56
1222,OK,62,54,989,989,458.54,468.2,642.77,483.82,562.39,620.0
1223,OK,60,52,991,991,458.66,466.83,643.17,484.54,560.49,619.95
1224,OK,50,44,1006,1006,455.25,467.35,642.82,482.9,557.69,620.51
1225,OK,59,52,993,993,457.98,467.98,643.03,484.35,560.05,620.87
1226,OK,52,46,1004,1004,456.76,466.97,643.73,484.43,559.23,621.23
1227,OK,63,55,987,987,459.51,469.33,643.27,486.37,561.07,619.53
1228,OK,54,49,998,998,456.33,468.42,642.1,486.7,556.89,620.38
1229,OK,61,57,986,986,458.82,469.21,642.26,488.15,558.47,621.53
1230,OK,58,54,992,992,458.53,468.79,642.97,488.1,558.64,622.15
1231,OK,59,54,990,990,458.27,469.25,642.51,487.49,558.17,620.8
1232,OK,61,57,989,989,459.63,469.36,643.56,488.88,559.75,623.08
1233,OK,72,66,972,972,463.83,470.2,644.34,491.36,562.3,623.76
1234,OK,67,62,979,979,462.47,468.48,644.29,490.32,560.03,623.26
1235,OK,70,65,975,975,463.94,469.58,644.98,491.6,561.26,623.66
1236,OK,77,70,964,964,466.55,469.81,645.26,493.34,562.47,623.39
1237,OK,78,72,962,962,467.26,469.96,645.61,494.06,562.25,624.91
1238,OK,79,70,966,966,468.56,469.15,647.65,492.97,566.19,625.48
1239,OK,82,72,961,961,469.76,467.47,647.78,492.75,565.98,625.31
1240,OK,79,72,964,964,468.3,469.47,647.13,492.57,564.52,627.74
1241,OK,80,73,962,962,469.45,468.81,647.76,493.37,565.17,628.44
1242,OK,85,78,955,955,470.67,469.46,647.48,494.4,565.43,628.75
1243,OK,80,69,968,968,470.78,468.25,650.07,492.76,567.89,627.16
1244,OK,81,68,966,966,471.37,467.99,650.43,491.97,568.61,623.94
1245,OK,78,66,971,971,470.27,466.89,650.23,491.79,567.34,624.47
1246,OK,76,67,972,972,468.39,469.09,648.76,492.3,567.18,626.15
1247,OK,78,67,969,969,468.62,467.13,648.21,491.08,567.58,624.01
1248,OK,74,64,974,974,468.03,466.19,648.38,491.24,564.74,624.28
1249,OK,72,63,979,979,467.24,467.0,648.76,490.94,565.39,625.94
1250,OK,72,62,979,979,466.52,466.87,648.3,489.51,565.08,624.43
1251,OK,69,59,985,985,466.69,465.24,649.33,489.46,565.5,624.93
1252,OK,66,54,990,990,465.85,464.74,649.45,488.4,566.24,623.2
1253,OK,68,55,989,989,465.8,464.75,649.4,487.44,567.52,622.54
1254,OK,67,54,988,988,464.59,466.26,648.4,486.0,567.25,621.69
1255,OK,73,58,979,979,464.62,466.52,646.77,484.8,569.07,619.25
1256,OK,62,42,996,996,460.57,462.32,646.32,476.08,567.8,611.83
1257,OK,48,31,1015,1015,455.73,458.44,644.85,474.79,560.29,610.22
1258,OK,59,38,1000,1000,459.37,458.97,645.66,475.31,565.62,610.09
1259,OK,60,39,997,997,459.31,457.52,644.9,475.97,564.56,609.12
1260,OK,52,32,1004,1004,455.83,454.72,642.74,473.56,559.14,605.55
1261,OK,51,30,1006,1006,455.41,454.06,642.8,471.43,559.76,604.66
1262,OK,52,29,1009,1009,457.61,452.72,645.26,472.58,561.04,605.29
1263,OK,51,31,1009,1009,457.35,454.48,644.93,474.33,560.13,606.67
1264,OK,53,27,1012,1012,459.88,452.58,648.0,473.54,564.16,604.7
1265,OK,51,26,1017,1017,459.97,452.83,649.1,472.73,565.34,606.69
1266,OK,55,29,1011,1011,461.07,452.66,649.03,473.34,566.24,606.54
1267,OK,69,44,991,991,464.63,457.76,648.91,477.61,573.01,610.61
1268,OK,57,35,1004,1004,460.4,455.7,647.01,476.35,564.61,609.69
1269,OK,46,23,1022,1022,458.36,451.9,648.35,472.79,562.65,607.59
1270,OK,52,27,1014,1014,460.23,452.64,648.78,472.75,565.39,606.12
1271,OK,50,23,1019,1019,460.03,451.02,649.42,471.79,564.95,604.0
1272,OK,55,26,1013,1013,461.67,450.88,650.08,471.49,567.16,603.19
1273,OK,54,29,1009,1009,459.26,452.95,646.82,473.6,562.99,604.65
1274,OK,52,31,1007,1007,457.58,454.04,644.8,473.88,560.48,605.04
1275,OK,56,36,998,998,457.31,456.51,643.2,473.63,560.85,605.0
1276,OK,54,35,1002,1002,457.39,456.39,643.89,474.36,561.01,606.75
1277,OK,58,35,1000,1000,460.26,455.82,646.48,473.61,564.21,605.84
1278,OK,55,31,1006,1006,460.15,454.03,647.35,472.71,564.16,605.43
1279,OK,60,37,996,996,461.25,455.13,646.47,475.06,563.92,606.58
1280,OK,68,46,985,985,462.24,459.15,645.73,476.13,567.46,608.58
1281,OK,67,47,983,983,460.74,459.2,643.77,476.77,564.15,608.96
1282,OK,73,48,985,985,467.4,459.29,650.38,480.01,572.09,610.69
1283,OK,72,45,987,987,467.29,457.23,650.78,478.07,571.85,609.02
1284,OK,68,42,990,990,464.51,458.1,648.82,476.73,569.65,608.16
1285,OK,75,46,981,981,466.81,457.19,649.31,475.33,572.65,607.38
1286,OK,71,44,985,985,465.11,456.53,648.31,475.82,569.61,607.11
1287,OK,72,43,985,985,465.71,456.2,649.05,473.99,570.98,605.65
1288,OK,77,47,979,979,467.86,456.82,650.03,475.95,573.25,607.39
1289,OK,72,42,989,989,466.93,455.56,650.86,475.39,574.03,606.72
1290,OK,72,44,985,985,465.5,456.71,648.64,476.05,571.06,606.11
1291,OK,69,43,986,986,462.89,457.75,646.34,475.85,570.37,606.82
1292,OK,67,43,988,988,461.93,457.87,645.73,476.51,568.63,607.3
1293,OK,70,46,981,981,461.16,459.09,643.9,475.17,567.77,606.6
1294,OK,73,45,983,983,464.59,456.95,647.56,474.47,573.74,607.21
1295,OK,71,42,987,987,464.53,455.27,648.19,474.71,572.04,606.69
1296,OK,69,43,987,987,462.92,455.99,646.67,474.55,570.69,606.83
1297,OK,58,31,1003,1003,460.37,452.3,646.91,472.57,566.08,603.06
1298,OK,53,26,1008,1008,458.19,449.78,645.68,469.58,563.69,600.53
1299,OK,59,25,1009,1009,462.4,447.19,649.85,469.51,570.21,599.77
1300,OK,60,22,1010,1010,463.9,445.8,651.57,466.95,573.63,597.69
1301,OK,62,22,1008,1008,465.04,445.01,652.37,466.36,574.44,598.28
1302,OK,63,26,1005,1005,464.05,446.79,650.75,467.94,572.79,599.87
1303,OK,64,28,1003,1003,464.69,447.76,650.98,469.38,572.71,600.65
1304,OK,64,27,1005,1005,464.96,447.9,651.91,468.13,574.98,600.06
1305,OK,64,22,1008,1008,465.96,444.73,653.35,465.12,577.49,597.16
1306,OK,66,29,1000,1000,465.3,447.94,651.22,468.79,574.43,599.66
1307,OK,63,30,1002,1002,463.3,450.42,649.67,469.84,571.91,603.0
1308,OK,62,30,1002,1002,463.06,450.65,649.39,471.11,570.85,602.84
1309,OK,76,46,981,981,466.39,455.83,648.78,475.7,574.81,607.61
1310,OK,67,35,998,998,465.91,453.65,651.54,473.03,575.07,605.67
1311,OK,60,29,1008,1008,463.52,451.58,650.88,472.34,572.14,605.81
1312,OK,61,32,1003,1003,462.82,451.3,649.21,472.53,569.69,604.59
1313,OK,61,32,1003,1003,463.16,450.67,649.47,472.76,568.98,604.43
1314,OK,67,34,999,999,466.28,452.24,651.97,472.5,573.96,604.49
1315,OK,68,32,1003,1003,469.24,451.22,655.62,472.97,577.56,604.26
1316,OK,61,26,1013,1013,467.02,449.09,655.07,471.42,574.64,604.18
1317,OK,58,22,1019,1019,466.27,448.15,655.39,471.1,574.77,603.55
1318,OK,56,20,1019,1019,464.38,446.73,653.7,469.05,572.67,601.72
1319,OK,56,21,1019,1019,464.55,446.81,653.7,470.08,571.41,602.7
1320,OK,56,19,1018,1018,465.45,444.78,654.32,469.24,571.39,600.67
1321,OK,58,20,1016,1016,465.77,444.97,654.31,467.99,572.61,600.07
1322,OK,59,21,1012,1012,465.91,444.26,653.68,467.98,571.34,598.79
1323,OK,61,22,1009,1009,464.98,444.31,652.41,466.29,572.5,598.18
1324,OK,56,20,1013,1013,461.56,445.31,650.05,464.57,570.05,597.85
1325,OK,57,22,1008,1008,460.97,445.79,648.52,465.61,568.69,598.12
1326,OK,57,21,1012,1012,462.64,446.07,650.89,465.76,571.06,598.15
1327,OK,56,20,1015,1015,462.56,445.45,651.11,466.75,569.77,598.71
1328,OK,57,19,1014,1014,464.08,444.77,652.58,465.64,571.35,597.25
1329,OK,58,20,1012,1012,463.43,444.68,651.58,466.07,570.53,597.29
1330,OK,54,17,1018,1018,461.55,446.17,650.93,465.43,570.62,597.41
1331,OK,56,19,1016,1016,462.79,445.91,651.69,466.75,570.77,597.99
1332,OK,58,21,1013,1013,463.59,446.18,652.02,466.51,572.15,598.18
1333,OK,59,21,1013,1013,464.43,446.45,652.71,466.82,572.31,598.81
1334,OK,61,22,1010,1010,465.3,446.88,653.01,467.51,573.28,598.79
1335,OK,57,21,1012,1012,463.33,446.0,651.38,466.73,570.52,598.44
1336,OK,55,19,1018,1018,462.38,447.25,651.71,466.83,571.51,599.78
1337,OK,57,21,1016,1016,462.64,448.97,651.79,467.39,573.32,600.01
1338,OK,70,40,990,990,464.73,455.9,648.99,474.12,574.89,605.72
1339,OK,78,49,979,979,466.48,458.32,648.52,477.82,577.35,608.09
1340,OK,79,50,975,975,465.69,459.19,647.03,477.81,576.57,607.28
1341,OK,69,44,986,986,461.25,458.94,644.9,476.41,571.29,607.92
1342,OK,67,45,985,985,459.36,459.94,642.77,476.27,567.89,607.83
1343,OK,66,46,985,985,459.09,460.78,642.54,477.77,566.58,608.7
1344,OK,71,50,979,979,461.12,461.7,643.31,479.17,569.48,609.21
1345,OK,66,46,986,986,459.4,462.5,643.21,478.08,567.6,609.48
1346,OK,69,48,982,982,460.58,462.09,643.68,477.32,569.81,609.5
1347,OK,70,50,979,979,459.71,461.99,642.15,477.58,568.96,608.98
1348,OK,64,46,986,986,457.98,462.05,641.73,477.51,566.06,608.77
1349,OK,62,42,992,992,457.54,462.04,642.45,476.61,566.67,608.45
1350,OK,63,45,991,991,457.68,463.52,642.44,477.36,567.75,610.85
1351,OK,65,47,987,987,457.57,464.24,641.7,476.76,567.96,611.25
1352,OK,66,46,988,988,458.56,464.33,642.89,476.61,570.85,610.9
1353,OK,62,44,992,992,457.1,462.46,642.15,476.97,567.24,610.86
1354,OK,58,41,999,999,455.5,464.18,641.84,476.66,566.43,611.4
1355,OK,58,44,994,994,453.65,466.31,639.23,477.01,564.13,611.45
1356,OK,61,46,992,992,456.59,465.09,641.5,479.21,565.2,612.99
1357,OK,62,46,992,992,457.18,465.98,642.16,479.09,567.96,613.23
1358,OK,64,48,991,991,458.41,464.67,643.04,480.51,567.54,613.8
1359,OK,66,50,986,986,459.66,464.85,643.34,480.9,567.94,613.8
1360,OK,67,51,983,983,458.67,464.64,641.9,479.72,566.35,613.5
1361,OK,72,54,977,977,461.47,464.04,643.47,480.79,569.3,613.15
1362,OK,68,49,986,986,461.09,463.14,644.67,480.03,569.66,613.19
1363,OK,72,55,976,976,460.86,465.27,642.73,481.32,568.79,613.55
1364,OK,73,57,977,977,462.52,464.7,644.28,483.78,568.95,616.36
1365,OK,73,55,979,979,464.16,462.98,646.14,483.11,570.38,615.17
1366,OK,71,53,983,983,463.44,463.26,646.34,482.69,570.28,615.79
1367,OK,69,53,985,985,462.76,464.21,645.91,483.87,568.81,617.38
1368,OK,68,50,991,991,464.31,463.27,648.62,483.25,571.07,617.08
1369,OK,75,54,983,983,467.96,463.05,650.48,485.03,573.16,616.8
1370,OK,75,54,980,980,467.78,462.54,649.81,484.03,572.41,615.57
1371,OK,76,55,976,976,467.43,461.43,648.48,484.41,570.36,614.45
1372,OK,73,55,981,981,466.47,462.11,648.55,485.0,569.89,616.62
1373,OK,71,52,986,986,465.96,462.61,649.12,483.94,570.64,616.73
1374,OK,74,53,983,983,467.37,462.13,649.87,484.2,572.35,615.59
1375,OK,72,52,984,984,466.69,462.15,649.45,484.35,571.29,616.27
1376,OK,73,55,982,982,467.68,461.88,649.74,486.18,570.39,618.91
1377,OK,73,54,984,984,468.34,462.0,650.79,485.48,572.38,619.19
1378,OK,73,54,982,982,467.49,461.62,649.62,485.31,570.79,617.62
1379,OK,73,54,978,978,465.59,460.89,647.04,483.82,568.13,614.78
1380,OK,71,51,984,984,464.52,461.32,647.54,481.4,570.18,615.45
1381,OK,73,55,978,978,464.47,462.4,646.23,482.56,569.46,615.65
1382,OK,75,54,979,979,466.63,461.96,648.58,482.71,571.15,614.48
1383,OK,73,52,982,982,467.51,460.6,649.65,484.44,570.22,614.31
1384,OK,72,54,982,982,466.51,462.11,648.73,485.42,568.86,616.82
1385,OK,72,55,981,981,466.52,462.28,648.54,485.54,568.24,616.97
1386,OK,70,51,986,986,465.95,461.78,649.0,484.43,568.63,616.07
1387,OK,74,52,982,982,468.62,461.56,650.84,484.74,571.67,614.64
1388,OK,72,52,982,982,465.94,461.13,648.36,483.21,569.38,614.21
1389,OK,72,51,985,985,466.62,461.14,649.49,483.22,570.15,614.52
1390,OK,71,53,983,983,464.61,463.33,647.36,483.5,568.43,616.41
1391,OK,72,53,982,982,465.59,463.12,648.13,483.26,570.33,615.71
1392,OK,67,50,989,989,463.73,462.81,647.61,483.25,568.19,616.6
1393,OK,73,55,978,978,464.48,463.31,646.26,482.81,569.35,615.68
1394,OK,79,55,979,979,469.44,462.51,651.23,484.5,576.63,615.14
1395,OK,76,53,983,983,468.56,463.02,651.04,484.99,574.54,615.28
1396,OK,71,51,986,986,465.02,462.99,648.25,483.64,571.63,614.73
1397,OK,65,48,991,991,459.46,465.3,644.13,480.69,568.35,614.83
1398,OK,56,43,998,998,455.89,464.09,641.84,480.8,562.35,613.35
1399,OK,61,47,991,991,457.41,462.97,641.9,481.15,563.13,612.89
1400,OK,56,43,998,998,456.38,461.28,641.91,481.43,561.21,614.25
1401,OK,56,44,998,998,456.47,462.4,642.22,481.48,561.96,616.0
1402,OK,57,44,996,996,456.89,461.97,642.3,480.21,562.22,614.72
1403,OK,55,40,1004,1004,457.33,461.28,644.18,479.73,564.21,614.71
1404,OK,63,48,988,988,457.67,462.52,641.65,479.94,564.62,613.75
1405,OK,60,45,995,995,457.04,463.22,642.31,480.42,565.14,612.9
1406,OK,63,47,995,995,459.4,463.98,644.55,482.15,568.42,615.79
1407,OK,66,45,990,990,460.07,461.31,644.36,478.25,570.01,611.18
1408,OK,63,40,999,999,459.76,461.05,646.1,475.34,571.52,611.15
1409,OK,69,42,989,989,462.53,458.76,646.78,474.44,573.12,606.86
1410,OK,63,38,994,994,459.65,457.94,644.78,473.91,568.49,605.6
1411,OK,60,35,1000,1000,459.57,457.47,645.77,474.2,568.4,605.51
1412,OK,61,34,1000,1000,459.69,456.62,645.96,472.66,569.58,603.65
1413,OK,62,37,997,997,459.67,457.65,645.47,473.45,569.42,605.76
1414,OK,64,36,996,996,460.91,457.34,646.59,473.03,571.16,604.46
1415,OK,64,40,995,995,460.6,459.02,646.1,474.62,570.55,607.41
1416,OK,62,40,996,996,459.06,460.66,644.78,475.31,569.54,609.22
1417,OK,63,43,995,995,459.14,461.24,644.55,476.72,568.75,611.08
1418,OK,66,44,989,989,459.39,460.58,643.76,475.93,568.63,609.35
1419,OK,58,40,998,998,456.42,461.19,642.55,475.77,566.27,609.75
1420,OK,62,43,994,994,458.14,462.29,643.45,477.72,567.52,611.84
1421,OK,65,47,991,991,460.12,462.34,644.67,479.07,568.76,613.76
1422,OK,69,52,983,983,461.76,462.43,644.7,480.92,568.35,614.97
1423,OK,75,50,983,983,466.86,460.07,649.43,481.46,574.53,612.63
1424,OK,71,52,978,978,461.66,461.13,643.65,479.1,568.89,612.65
1425,OK,62,47,988,988,456.84,463.02,640.93,478.17,564.58,611.99
1426,OK,61,45,991,991,456.0,462.64,640.66,477.7,564.64,611.52
1427,OK,58,45,993,993,454.39,463.32,639.55,478.07,562.29,612.93
1428,OK,59,44,994,994,455.63,463.39,641.06,477.02,564.86,612.49
1429,OK,63,47,990,990,457.67,463.67,642.28,477.64,566.92,614.49
1430,OK,66,45,988,988,460.01,460.78,644.15,475.86,568.91,611.31
1431,OK,68,50,982,982,460.36,461.92,643.3,478.78,567.22,612.34
1432,OK,65,46,988,988,459.32,461.79,643.46,477.63,567.62,611.75
1433,OK,65,48,988,988,458.32,463.9,642.53,477.76,568.71,613.4
1434,OK,61,45,992,992,456.96,463.08,641.89,477.89,565.56,612.95
1435,OK,68,50,983,983,459.61,463.79,642.88,477.71,568.23,612.74
1436,OK,68,48,985,985,461.0,461.43,644.48,477.3,569.17,612.06
1437,OK,61,43,996,996,460.07,461.18,645.57,478.0,566.69,612.69
1438,OK,65,47,988,988,460.24,461.77,644.31,478.53,566.84,612.09
1439,OK,71,53,977,977,460.27,463.28,642.42,478.3,567.71,611.96
1440,OK,67,51,982,982,458.04,464.84,641.26,478.55,567.15,613.07
1441,OK,64,50,985,985,456.64,465.68,640.29,479.27,564.39,613.43
1442,OK,66,51,982,982,458.19,464.39,641.26,479.04,565.33,612.93
1443,OK,68,50,985,985,460.47,463.18,643.93,479.46,568.1,612.92
1444,OK,69,53,981,981,460.28,464.1,643.17,479.72,567.9,615.14
1445,OK,67,49,984,984,459.1,464.0,642.55,478.51,567.87,612.71
1446,OK,64,50,986,986,456.52,466.19,640.55,479.36,565.46,614.61
1447,OK,63,49,989,989,456.18,466.09,640.7,479.12,565.93,614.27
1448,OK,61,49,990,990,456.44,466.29,641.15,479.82,565.06,615.05
1449,OK,66,53,982,982,458.18,465.72,641.15,480.64,565.92,615.01
1450,OK,66,54,981,981,457.26,465.62,640.09,480.74,564.35,615.92
1451,OK,65,52,985,985,458.17,465.05,641.77,480.49,565.14,615.67
1452,OK,70,55,979,979,458.94,466.34,641.59,480.42,568.3,615.22
1453,OK,66,52,982,982,457.22,465.85,640.42,479.54,566.26,613.61
1454,OK,64,51,985,985,456.54,465.74,640.27,479.81,565.08,614.91
1455,OK,63,51,986,986,457.29,465.06,641.1,480.63,564.2,615.44
1456,OK,63,51,987,987,457.18,466.37,641.18,481.12,564.64,615.83
1457,OK,64,49,989,989,458.63,464.42,642.99,480.24,566.62,615.1
1458,OK,67,52,983,983,458.62,465.16,641.85,480.87,566.48,614.98
1459,OK,68,54,980,980,458.9,465.32,641.53,481.73,565.94,615.58
1460,OK,64,50,988,988,458.23,464.96,642.24,481.25,566.18,615.51
1461,OK,68,53,982,982,459.47,465.31,642.49,481.63,567.45,616.02
1462,OK,71,57,977,977,461.01,465.54,642.92,482.43,568.01,616.28
1463,OK,74,57,974,974,461.94,465.95,643.37,482.27,569.49,615.64
1464,OK,72,57,977,977,461.77,465.08,643.58,482.76,567.43,616.2
1465,OK,70,55,980,980,461.81,465.2,644.23,482.61,567.72,616.36
1466,OK,67,51,986,986,461.62,464.15,645.09,481.86,568.42,615.76
1467,OK,66,51,986,986,459.75,465.77,643.47,480.84,567.89,616.3
1468,OK,69,53,983,983,460.15,465.02,643.39,480.07,568.44,615.63
1469,OK,66,49,987,987,459.35,464.15,643.35,478.96,568.64,613.84
1470,OK,67,48,988,988,459.47,464.5,643.78,478.96,570.48,614.21
1471,OK,67,51,985,985,459.01,465.71,642.73,479.55,568.67,614.95
1472,OK,63,48,990,990,458.83,464.17,643.24,479.78,566.78,615.29
1473,OK,69,53,982,982,460.27,464.92,643.24,480.98,568.31,615.06
1474,OK,72,52,983,983,464.31,464.31,647.15,483.18,571.9,614.05
1475,OK,69,52,985,985,462.24,464.93,645.66,481.71,569.87,615.04
1476,OK,72,54,981,981,462.37,465.1,645.07,481.97,571.12,614.92
1477,OK,70,54,981,981,460.39,465.55,643.19,481.22,569.14,615.03
1478,OK,69,56,978,978,458.44,466.92,640.79,481.63,566.75,616.02
1479,OK,63,52,987,987,457.39,465.99,641.4,481.43,564.39,616.51
1480,OK,67,51,985,985,460.34,463.75,643.74,481.21,567.34,614.83
1481,OK,69,54,979,979,459.65,464.41,641.95,481.4,565.46,614.68
1482,OK,66,50,985,985,459.56,463.11,642.94,480.25,566.02,614.03
1483,OK,65,51,987,987,459.51,464.33,643.36,481.3,566.04,615.25
1484,OK,70,54,981,981,461.9,463.9,644.48,482.38,567.5,615.25
1485,OK,73,57,973,973,461.49,464.17,642.62,482.15,566.22,614.31
1486,OK,67,53,982,982,460.11,464.09,642.96,481.74,566.23,615.12
1487,OK,69,54,980,980,460.43,464.5,642.9,482.11,567.06,615.36
1488,OK,66,53,982,982,459.23,464.89,642.13,482.04,564.75,615.48
1489,OK,69,54,981,981,460.88,465.24,643.6,482.18,567.41,615.65
1490,OK,71,56,976,976,461.42,465.7,643.13,482.4,567.17,615.14
1491,OK,77,61,968,968,463.11,466.28,643.36,483.29,569.39,615.47
1492,OK,79,61,966,966,463.77,466.09,643.75,482.16,570.54,614.17
1493,OK,76,59,970,970,462.96,466.4,643.71,481.89,570.13,615.42
1494,OK,76,58,973,973,463.32,465.21,644.47,482.3,570.22,615.3
1495,OK,65,52,984,984,457.99,464.71,641.34,481.29,564.68,615.09
1496,OK,61,49,990,990,456.77,466.54,641.31,480.94,564.43,616.19
1497,OK,63,51,987,987,457.44,465.56,641.24,481.93,563.51,615.72
1498,OK,60,48,993,993,457.01,464.98,642.11,481.16,563.39,615.62
1499,OK,69,55,980,980,461.17,465.88,643.59,483.1,566.64,616.28
1500,OK,80,60,969,969,466.54,464.83,646.84,483.59,572.97,615.63
1501,OK,74,53,983,983,466.27,463.44,649.12,482.59,573.6,615.09
1502,OK,65,44,993,993,462.04,459.91,646.81,478.24,569.09,612.47
1503,OK,65,44,988,988,460.08,460.02,644.06,476.28,566.29,608.94
1504,OK,62,40,994,994,459.58,458.46,644.76,474.57,566.64,608.32
1505,OK,62,37,994,994,460.24,456.22,645.53,471.35,566.9,605.73
1506,OK,61,30,1000,1000,462.42,449.06,648.28,469.31,568.34,601.49
1507,OK,63,26,1001,1001,462.83,446.81,649.17,465.59,570.49,597.15
1508,OK,75,41,984,984,464.48,456.71,648.06,470.67,578.07,603.69
1509,OK,62,36,993,993,458.5,455.31,643.51,471.23,566.26,602.35
1510,OK,56,23,1001,1001,456.08,446.31,642.62,462.35,564.42,592.47
1511,OK,65,31,980,980,457.78,442.92,640.05,462.04,561.8,589.97
1512,OK,69,32,976,976,459.42,441.89,641.01,460.43,564.26,589.52
1513,OK,67,32,975,975,456.32,442.95,638.04,458.6,561.66,589.11
1514,OK,67,31,974,974,456.01,442.93,637.56,457.73,562.47,586.96
1515,OK,62,32,974,974,451.26,445.0,632.98,458.5,556.47,588.07
1516,OK,64,33,975,975,452.7,445.92,634.54,459.43,559.82,588.96
1517,OK,65,33,979,979,452.98,449.78,635.74,460.1,564.37,590.89
1518,OK,61,30,985,985,452.26,450.0,636.14,460.64,562.32,589.58
1519,OK,68,34,975,975,454.46,448.32,636.43,459.0,565.7,589.52
1520,OK,66,33,977,977,454.21,447.55,636.59,459.22,563.99,589.93
1521,OK,66,34,978,978,453.68,449.34,636.16,460.68,565.14,591.5
1522,OK,63,32,978,978,452.52,446.95,634.87,460.47,561.43,590.02
1523,OK,63,32,981,981,452.82,446.46,635.83,459.94,562.44,590.84
1524,OK,57,23,993,993,452.22,443.76,637.27,458.86,561.26,588.43
1525,OK,62,31,980,980,452.59,446.69,635.42,460.11,561.23,590.05
1526,OK,64,33,979,979,452.73,447.78,635.41,461.14,562.89,590.43
1527,OK,58,27,991,991,451.71,448.55,636.64,461.71,561.84,590.85
1528,OK,55,26,997,997,452.49,449.35,638.38,463.05,561.96,593.72
1529,OK,52,25,1002,1002,452.1,450.8,639.05,463.9,561.93,596.33
1530,OK,52,25,1002,1002,451.62,451.26,638.49,464.34,561.85,595.84
1531,OK,60,40,984,984,451.11,458.53,634.79,471.3,561.12,600.6
1532,OK,52,29,996,996,450.26,452.15,636.03,466.23,558.49,595.9
1533,OK,49,25,1001,1001,448.76,449.31,635.31,464.41,556.17,593.96
1534,OK,44,21,1008,1008,448.12,448.52,636.04,463.56,555.33,594.29
1535,OK,47,26,999,999,447.18,448.43,633.45,463.97,552.37,594.25
1536,OK,45,23,1005,1005,447.6,448.51,635.05,463.3,554.3,594.64
1537,OK,51,27,994,994,448.86,448.03,634.19,462.0,556.32,594.03
1538,OK,48,24,1000,1000,447.63,448.37,634.16,461.8,555.45,593.89
1539,OK,49,26,999,999,448.92,448.91,635.2,464.43,555.74,595.2
1540,OK,50,27,995,995,448.32,447.99,633.75,463.39,554.73,594.04
1541,OK,49,23,1000,1000,448.2,448.25,634.9,460.29,556.53,593.62
1542,OK,56,28,989,989,450.46,446.43,634.93,458.74,559.03,591.61
1543,OK,50,24,1000,1000,448.95,449.26,635.62,460.63,558.8,594.51
1544,OK,56,28,989,989,449.84,447.12,634.42,458.92,558.35,592.33
1545,OK,50,28,996,996,446.95,454.26,633.07,463.3,557.95,594.15
1546,OK,52,22,997,997,450.87,443.52,636.63,458.96,558.06,589.5
1547,OK,56,28,984,984,450.43,443.54,633.8,458.31,555.51,589.3
1548,OK,58,31,981,981,450.52,443.6,633.35,459.0,554.57,590.88
1549,OK,59,30,979,979,451.47,441.5,633.69,459.16,554.24,589.62
1550,OK,58,29,984,984,452.04,443.63,635.32,459.88,557.11,590.4
1551,OK,53,31,991,991,449.17,450.37,634.04,464.22,556.39,595.84
1552,OK,52,28,990,990,449.46,445.68,633.95,461.82,553.48,592.62
1553,OK,55,29,986,986,450.35,445.39,634.17,460.61,555.29,591.66
1554,OK,59,30,979,979,449.9,444.11,632.41,458.42,554.9,588.67
1555,OK,53,25,988,988,448.76,443.96,633.07,457.95,554.41,588.33
1556,OK,54,24,991,991,449.81,444.1,634.63,458.03,557.26,587.5
1557,OK,55,28,988,988,450.17,446.58,634.4,460.69,557.05,590.73
1558,OK,48,20,1002,1002,448.56,445.91,635.41,459.81,557.24,590.09
1559,OK,50,20,1000,1000,449.04,444.77,635.46,459.47,557.9,589.02
1560,OK,48,22,1001,1001,446.84,447.17,633.64,460.42,556.44,590.72
1561,OK,39,22,1009,1009,443.32,449.61,631.57,463.95,549.38,596.08
1562,OK,40,22,1011,1011,444.65,450.35,633.16,465.42,551.87,597.91
1563,OK,38,19,1016,1016,445.39,449.91,634.8,465.72,552.49,598.03
1564,OK,40,20,1015,1015,446.74,450.13,636.06,464.97,554.23,598.41
1565,OK,39,19,1017,1017,446.61,450.41,636.33,463.86,554.26,598.1
1566,OK,39,17,1019,1019,447.22,448.76,637.23,463.75,554.63,595.98
1567,OK,40,19,1016,1016,447.33,450.6,636.88,463.36,554.95,597.44
1568,OK,44,26,1007,1007,447.61,452.05,635.46,466.68,552.48,599.46
1569,OK,41,26,1009,1009,447.73,452.36,635.67,468.93,549.54,601.0
1570,OK,44,28,1007,1007,448.23,454.4,636.08,468.48,552.35,602.48
1571,OK,42,29,1008,1008,447.24,456.79,635.49,468.44,552.52,603.57
1572,OK,46,32,1003,1003,447.75,457.55,634.94,469.7,552.99,602.86
1573,OK,39,25,1014,1014,446.28,457.16,635.51,468.97,551.56,602.88
1574,OK,41,28,1010,1010,447.05,456.77,635.6,469.54,550.89,603.78
1575,OK,34,16,1026,1026,447.62,452.16,639.03,466.77,551.88,600.29
1576,OK,31,10,1035,1035,447.76,449.61,640.7,465.24,551.88,597.9
1577,OK,35,13,1027,1027,448.38,450.22,639.92,463.32,553.72,596.08
1578,OK,31,6,1036,1036,448.25,448.15,641.5,462.27,554.16,594.52
1579,OK,32,5,1036,1036,448.66,446.41,641.98,459.82,555.29,593.48
1580,OK,28,4,1036,1036,446.44,445.87,639.74,459.65,549.71,592.26
1581,OK,25,-4,1048,1048,447.0,445.08,642.73,454.09,554.93,590.96
1582,OK,27,-9,1053,1053,449.39,441.72,646.08,451.6,558.49,588.82
1583,OK,37,-5,1030,1030,452.15,434.67,644.24,448.59,557.15,579.29
1584,OK,39,-6,1028,1028,453.06,433.63,644.77,446.99,558.74,577.62
1585,OK,40,-8,1031,1031,453.95,432.59,646.39,444.84,561.43,576.51
1586,OK,53,-2,1015,1015,458.56,431.41,648.02,443.1,568.38,574.67
1587,OK,59,-6,1013,1013,463.39,425.92,652.48,438.62,572.85,567.82
1588,OK,75,1,993,993,470.5,426.05,655.73,439.75,579.69,561.69
1589,OK,70,-2,997,997,467.92,422.44,653.88,436.84,575.39,563.42
1590,OK,72,-3,995,995,469.03,421.43,654.67,435.18,577.33,560.78
1591,OK,70,-2,996,996,467.1,423.6,652.93,435.74,576.82,563.39
1592,OK,69,0,994,994,466.22,422.5,651.6,437.66,574.84,564.86
1593,OK,68,-3,997,997,464.67,423.4,650.76,435.96,574.78,562.24
1594,OK,65,5,994,994,462.42,427.37,647.73,441.15,570.0,570.19
1595,OK,49,-3,1010,1010,455.05,427.46,643.4,440.76,560.47,570.25
1596,OK,50,0,1010,1010,456.77,429.38,644.64,448.32,561.2,572.87
1597,OK,47,1,1010,1010,454.15,430.06,642.14,449.39,556.86,572.86
1598,OK,49,6,1006,1006,454.56,432.29,641.78,451.81,556.73,577.89
1599,OK,54,9,1001,1001,456.65,432.31,642.66,453.34,559.43,577.08
1600,OK,43,4,1021,1021,454.97,435.24,644.74,457.05,556.18,582.72
1601,OK,37,-1,1032,1032,454.59,435.93,646.38,457.82,556.67,583.66
1602,OK,45,8,1018,1018,455.11,440.15,644.6,459.33,558.43,585.61
1603,OK,47,10,1017,1017,455.75,441.07,645.17,459.14,560.35,585.96
1604,OK,47,9,1021,1021,457.0,441.07,647.05,459.85,562.26,587.94
1605,OK,49,15,1015,1015,456.19,444.78,645.22,462.06,561.61,590.62
1606,OK,51,14,1018,1018,460.02,444.29,649.49,462.63,566.33,593.03
1607,OK,54,14,1016,1016,462.64,442.75,651.58,462.82,568.48,592.53
1608,OK,53,16,1014,1014,460.35,444.27,649.01,463.51,565.62,593.28
1609,OK,54,22,1006,1006,458.68,447.12,645.92,465.07,563.69,595.16
1610,OK,52,20,1008,1008,457.46,446.48,645.0,465.81,561.46,592.66
1611,OK,62,28,997,997,460.94,449.01,646.64,466.83,567.32,595.48
1612,OK,59,26,1002,1002,459.94,451.16,646.68,466.66,567.33,596.43
1613,OK,56,24,1008,1008,459.57,451.33,647.49,466.38,568.23,597.91
1614,OK,52,21,1016,1016,458.25,452.66,647.76,467.18,568.43,599.78
1615,OK,48,20,1021,1021,456.27,453.43,646.74,467.97,565.38,600.13
1616,OK,44,24,1016,1016,453.73,455.05,642.99,472.17,557.54,600.48
1617,OK,48,29,1009,1009,454.21,456.41,642.1,474.44,557.59,601.6
1618,OK,47,29,1008,1008,452.51,457.59,640.38,473.87,556.26,601.53
1619,OK,46,29,1011,1011,452.55,456.82,640.81,473.69,555.32,602.97
1620,OK,44,27,1014,1014,452.77,457.97,641.65,474.14,556.27,603.06
1621,OK,54,35,1001,1001,455.43,459.64,642.03,474.4,560.75,604.73
1622,OK,53,37,1001,1001,454.2,461.88,641.01,474.85,560.03,606.4
1623,OK,57,41,994,994,454.56,463.67,640.04,475.34,560.74,607.88
1624,OK,56,40,996,996,455.18,462.87,640.98,475.06,561.73,608.7
1625,OK,63,45,987,987,456.52,463.33,640.7,474.91,563.96,607.73
1626,OK,64,45,986,986,457.68,462.61,641.75,475.04,564.99,608.48
1627,OK,67,45,987,987,460.89,460.72,644.97,475.38,567.29,608.93
1628,OK,61,40,995,995,459.9,457.51,644.99,476.42,564.1,607.24
1629,OK,62,38,994,994,460.41,456.58,645.27,475.41,566.31,604.33
1630,OK,61,38,994,994,458.55,458.41,643.65,475.23,565.26,604.4
1631,OK,55,37,998,998,455.63,459.04,641.44,475.85,561.38,604.9
1632,OK,57,39,997,997,455.91,460.18,641.78,476.14,561.79,606.37
1633,OK,59,39,995,995,456.65,460.47,642.12,475.54,564.32,605.87
1634,OK,62,41,992,992,458.36,460.21,643.35,475.59,565.3,607.01
1635,OK,68,45,987,987,461.59,459.58,645.47,476.15,568.61,608.17
1636,OK,67,44,986,986,461.12,459.65,644.84,476.61,567.86,607.62
1637,OK,77,50,977,977,465.19,459.74,647.06,478.2,574.08,608.31
1638,OK,78,52,975,975,466.43,460.26,647.79,480.11,573.83,609.34
1639,OK,71,46,987,987,465.42,459.05,648.97,479.31,571.09,609.8
1640,OK,63,39,999,999,463.13,457.56,649.0,477.3,568.56,608.58
1641,OK,73,50,980,980,466.75,459.31,648.83,480.49,568.89,610.2
1642,OK,74,53,975,975,466.08,459.78,647.2,481.48,566.37,610.38
1643,OK,67,45,989,989,464.47,458.72,648.22,479.83,566.34,609.46
1644,OK,69,45,987,987,465.18,458.02,648.46,479.6,567.2,608.79
1645,OK,68,47,984,984,464.29,459.08,647.05,480.44,565.78,609.24
1646,OK,67,46,987,987,463.15,459.01,646.77,478.86,565.92,609.45
1647,OK,68,48,984,984,464.95,459.13,647.6,481.17,565.47,610.55
1648,OK,68,45,988,988,465.42,458.89,649.05,479.48,568.06,610.1
1649,OK,71,48,984,984,467.16,458.94,649.92,481.19,568.21,611.04
1650,OK,66,42,990,990,464.3,457.4,648.21,478.68,565.87,607.82
1651,OK,66,40,993,993,464.56,456.37,649.11,477.68,567.77,606.21
1652,OK,62,34,1003,1003,464.64,455.51,650.99,476.39,569.64,605.62
1653,OK,64,39,994,994,463.59,457.02,648.24,477.79,567.31,606.06
1654,OK,66,39,992,992,464.31,457.36,648.92,476.21,569.28,604.89
1655,OK,64,38,995,995,462.56,456.81,647.7,475.96,567.02,604.64
1656,OK,64,36,996,996,463.78,455.82,648.97,475.67,568.27,603.52
1657,OK,59,31,1003,1003,462.46,453.0,648.93,474.09,565.92,601.26
1658,OK,67,33,998,998,466.95,453.43,652.46,474.23,573.15,601.66
1659,OK,62,25,1008,1008,466.27,449.02,653.56,470.68,572.64,598.19
1660,OK,58,22,1010,1010,464.49,446.86,651.93,469.64,569.28,597.75
1661,OK,52,17,1017,1017,460.86,446.09,650.09,465.76,566.52,595.33
1662,OK,51,14,1019,1019,460.56,443.68,649.93,464.31,565.72,593.72
1663,OK,52,17,1008,1008,458.02,442.33,645.43,462.78,560.81,590.72
1664,OK,55,20,1004,1004,458.45,443.73,645.3,463.06,562.28,592.1
1665,OK,50,14,1017,1017,460.45,441.54,649.27,464.26,562.38,592.77
1666,OK,49,13,1019,1019,460.62,441.52,649.81,464.52,562.66,592.67
1667,OK,51,15,1018,1018,461.4,443.78,650.53,465.28,564.59,594.61
1668,OK,61,19,1005,1005,465.39,440.79,652.03,463.71,568.2,591.39
1669,OK,56,12,1014,1014,464.38,438.33,652.59,460.98,568.39,589.72
1670,OK,62,17,1004,1004,465.56,438.03,651.96,460.86,569.48,589.47
1671,OK,62,18,1003,1003,465.03,438.39,651.33,460.74,569.27,588.96
1672,OK,57,14,1012,1012,464.19,438.67,651.98,461.74,568.05,590.1
1673,OK,62,21,1000,1000,464.23,441.27,649.88,463.34,567.94,591.48
1674,OK,64,21,999,999,465.28,440.7,650.85,462.34,569.58,589.94
1675,OK,65,22,997,997,465.71,440.35,650.89,462.1,569.47,589.78
1676,OK,68,24,995,995,466.58,440.53,651.34,462.72,571.09,590.39
1677,OK,66,21,998,998,466.13,439.57,651.42,461.8,571.26,590.03
1678,OK,62,20,1002,1002,464.9,439.94,650.93,463.11,569.09,591.12
1679,OK,63,23,998,998,464.08,442.64,649.41,464.16,568.45,592.27
1680,OK,63,22,998,998,464.14,441.62,649.63,462.53,568.59,590.39
1681,OK,66,23,997,997,465.52,441.52,650.81,462.69,570.85,590.28
1682,OK,68,23,995,995,466.89,441.36,651.66,462.86,572.21,589.68
1683,OK,70,26,990,990,466.8,442.35,650.8,463.0,571.98,590.12
1684,OK,69,26,991,991,466.27,441.36,650.21,464.11,569.99,590.54
1685,OK,67,25,992,992,465.36,441.06,649.52,464.38,568.74,590.83
1686,OK,67,25,993,993,465.69,440.34,649.89,463.67,568.72,590.39
1687,OK,65,24,996,996,465.73,440.84,650.43,464.56,568.85,591.7
1688,OK,65,24,996,996,465.76,440.73,650.48,464.56,569.14,591.59
1689,OK,64,24,998,998,465.93,441.38,650.95,465.6,568.92,593.3
1690,OK,64,21,1002,1002,466.57,440.92,652.37,464.75,570.82,593.11
1691,OK,63,21,1002,1002,465.63,441.19,651.52,464.53,569.66,592.39
1692,OK,64,24,998,998,465.45,442.14,650.62,464.99,569.27,592.7
1693,OK,64,25,997,997,464.13,443.0,649.27,464.99,567.56,592.81
1694,OK,65,24,996,996,465.89,441.44,650.65,464.77,569.06,592.28
1695,OK,68,28,991,991,465.47,442.92,649.54,464.92,569.29,592.65
1696,OK,65,23,1001,1001,466.78,442.09,652.56,464.87,571.65,593.6
1697,OK,64,24,998,998,465.5,442.05,650.68,465.0,569.23,592.95
1698,OK,64,24,997,997,464.57,441.68,649.58,464.46,567.71,591.72
1699,OK,62,24,997,997,462.34,443.02,647.7,463.74,566.26,591.93
1700,OK,63,25,994,994,462.74,443.06,647.37,464.03,566.53,591.55
1701,OK,64,25,997,997,464.22,442.51,649.34,465.3,567.6,592.58
1702,OK,66,26,995,995,465.0,442.95,649.86,465.11,569.61,592.86
1703,OK,69,27,994,994,467.38,442.97,651.88,465.39,572.77,593.92
1704,OK,68,26,996,996,467.96,443.06,652.71,466.26,573.21,593.94
1705,OK,65,25,997,997,464.45,443.26,649.61,464.68,569.81,593.79
1706,OK,61,22,1003,1003,463.67,442.88,649.92,465.39,568.0,593.66
1707,OK,64,23,1003,1003,466.05,443.48,652.3,465.52,572.36,594.95
1708,OK,63,23,1005,1005,465.53,444.18,652.09,466.66,571.52,594.9
1709,OK,61,21,1007,1007,465.03,443.29,652.09,465.89,570.7,594.62
1710,OK,62,22,1006,1006,465.88,444.07,652.76,466.57,572.01,595.58
1711,OK,61,21,1011,1011,465.7,444.5,653.45,467.09,572.67,596.57
1712,OK,61,23,1009,1009,465.23,447.32,652.63,469.0,571.88,597.79
1713,OK,80,36,985,985,472.14,453.66,655.89,467.77,581.14,596.8
1714,OK,75,26,997,997,472.94,446.55,658.5,464.33,582.17,594.53
1715,OK,71,21,1005,1005,472.19,444.99,659.24,463.56,581.79,593.59
1716,OK,73,23,1001,1001,473.05,444.72,659.33,463.97,581.16,592.73
1717,OK,71,21,1003,1003,471.86,443.08,658.42,462.91,580.02,592.36
1718,OK,70,20,1003,1003,470.92,442.21,657.59,461.61,579.23,590.88
1719,OK,73,26,989,989,467.54,442.13,651.53,461.4,575.05,589.67
1720,OK,71,26,987,987,466.65,439.66,650.05,460.61,571.55,588.15
1721,OK,74,25,983,983,466.88,438.68,649.9,456.69,572.49,585.91
1722,OK,74,23,987,987,467.61,439.01,651.37,455.9,574.58,584.58
1723,OK,75,22,985,985,467.65,437.63,651.08,453.95,575.44,584.13
1724,OK,74,20,989,989,468.72,435.55,652.77,453.85,575.45,583.54
1725,OK,76,18,987,987,468.89,435.13,652.93,450.1,577.29,580.99
1726,OK,76,18,986,986,469.02,434.35,652.8,448.88,577.6,580.63
1727,OK,77,17,985,985,469.49,432.83,653.11,448.68,577.03,579.14
1728,OK,73,14,990,990,469.33,431.67,653.74,448.19,576.3,578.17
1729,OK,84,21,979,979,473.37,434.33,655.65,451.72,582.56,577.96
1730,OK,82,19,981,981,472.58,433.52,655.24,451.4,580.47,577.46
1731,OK,76,17,987,987,469.67,433.47,653.48,450.2,576.5,579.38
1732,OK,75,17,990,990,470.74,434.76,655.11,451.9,578.66,581.7
1733,OK,71,15,996,996,469.58,435.31,655.15,451.39,577.61,582.96
1734,OK,70,16,998,998,469.48,436.76,655.35,454.79,576.34,584.73
1735,OK,83,23,987,987,475.45,438.14,659.07,457.99,585.22,584.59
1736,OK,84,20,987,987,477.12,435.34,660.55,456.84,585.24,581.71
1737,OK,85,21,980,980,477.21,433.07,658.91,456.64,582.34,578.75
1738,OK,89,27,966,966,475.51,433.35,654.92,454.69,580.44,577.34
1739,OK,89,26,970,970,477.37,432.53,657.36,454.64,580.84,579.03
1740,OK,89,25,970,970,477.25,433.72,657.73,452.43,581.18,577.05
1741,OK,92,31,962,962,477.04,435.93,655.95,454.6,579.77,579.26
1742,OK,87,26,969,969,474.52,434.84,654.84,453.19,578.51,576.88
1743,OK,78,20,984,984,472.13,434.91,655.11,455.16,576.72,580.53
1744,OK,71,19,993,993,468.36,437.26,653.05,456.69,573.94,583.44
1745,OK,71,19,991,991,468.82,435.41,652.91,457.3,573.05,583.44
1746,OK,64,16,1001,1001,466.06,436.7,652.02,458.02,569.93,586.33
1747,OK,60,9,1013,1013,466.94,434.49,655.08,457.61,571.93,585.1
1748,OK,55,7,1021,1021,465.1,437.31,654.92,458.54,571.01,587.01
1749,OK,54,7,1022,1022,465.44,438.43,655.47,459.49,571.51,589.03
1750,OK,67,15,1005,1005,468.7,437.6,655.32,460.44,576.15,586.49
1751,OK,62,13,1008,1008,466.46,437.46,653.42,460.92,572.69,586.51
1752,OK,67,22,993,993,466.18,437.78,650.22,462.79,569.24,586.21
1753,OK,63,15,1006,1006,467.52,436.88,653.97,462.17,571.29,586.79
1754,OK,71,26,990,990,468.21,440.87,651.74,465.26,573.14,589.28
1755,OK,75,31,984,984,468.01,443.91,650.83,465.28,574.69,591.5
1756,OK,75,32,983,983,468.34,443.12,650.67,466.38,573.75,592.03
1757,OK,73,31,985,985,467.84,442.74,650.46,466.59,572.47,591.82
1758,OK,75,33,982,982,468.45,444.07,650.68,467.11,572.5,593.36
1759,OK,67,27,992,992,465.22,443.81,649.43,466.53,569.82,592.29
1760,OK,72,31,984,984,466.48,444.17,649.04,467.88,570.86,591.55
1761,OK,73,33,982,982,465.65,445.86,648.02,467.32,571.35,592.72
1762,OK,73,33,983,983,466.49,445.61,648.94,468.11,570.91,592.85
1763,OK,68,28,992,992,465.48,445.39,649.65,467.15,570.83,592.9
1764,OK,71,31,994,994,468.92,447.64,653.5,470.34,575.62,597.09
1765,OK,72,29,996,996,470.18,446.91,655.04,469.65,577.83,596.93
1766,OK,84,43,979,979,474.86,450.65,656.06,477.22,581.31,600.39
1767,OK,82,39,984,984,475.1,449.8,657.43,475.4,583.33,599.54
1768,OK,74,29,995,995,471.17,446.8,655.83,469.28,579.52,595.82
1769,OK,80,37,978,978,471.03,447.58,652.68,468.79,576.85,594.07
1770,OK,76,34,984,984,469.44,448.96,652.45,468.08,576.87,594.78
1771,OK,75,34,988,988,469.76,449.97,653.43,469.5,578.04,597.02
1772,OK,73,34,990,990,468.62,450.89,652.77,470.7,575.98,598.01
1773,OK,70,30,995,995,467.58,448.73,652.59,469.44,575.08,596.34
1774,OK,69,29,999,999,467.83,449.11,653.62,469.54,575.52,597.13
1775,OK,69,30,996,996,467.79,449.59,653.01,470.19,574.57,597.31
1776,OK,66,25,1004,1004,467.66,448.65,654.39,469.33,575.06,595.7
1777,OK,73,33,992,992,470.78,448.88,654.96,471.48,576.69,597.87
1778,OK,71,31,995,995,468.07,449.14,653.03,468.91,576.09,597.12
1779,OK,72,33,993,993,468.74,450.13,653.28,470.39,575.67,598.79
1780,OK,75,38,990,990,470.27,453.55,654.18,474.32,577.79,602.98
1781,OK,65,30,1001,1001,466.71,450.69,652.76,471.77,572.05,600.15
1782,OK,67,32,997,997,466.56,451.24,651.91,471.57,571.8,599.19
1783,OK,67,33,997,997,467.0,453.0,652.49,472.4,572.0,601.05
1784,OK,65,32,1001,1001,465.35,453.51,651.66,471.08,571.59,602.33
1785,OK,57,19,1016,1016,465.34,444.77,654.04,466.53,570.78,598.43
1786,OK,54,12,1020,1020,464.01,440.96,653.76,460.23,570.4,595.01
1787,OK,58,15,1014,1014,465.44,441.71,654.23,460.28,571.93,593.52
1788,OK,59,11,1013,1013,465.28,437.26,653.93,455.2,572.16,588.18
1789,OK,50,-1,1027,1027,461.36,433.79,652.76,449.58,569.62,582.8
1790,OK,62,12,1005,1005,463.72,438.29,650.93,455.46,571.06,582.4
1791,OK,50,1,1020,1020,459.86,435.23,650.06,450.0,566.76,579.96
1792,OK,49,-1,1022,1022,459.65,433.87,650.2,448.66,566.62,579.26
1793,OK,51,0,1023,1023,460.81,434.66,651.56,449.12,569.2,580.18
1794,OK,54,3,1017,1017,461.49,435.66,651.14,450.71,569.16,580.75
1795,OK,51,2,1019,1019,459.83,434.84,649.68,451.12,566.49,580.84
1796,OK,46,-1,1018,1018,455.93,432.88,645.72,448.52,560.12,577.02
1797,OK,50,3,1013,1013,456.28,433.83,645.2,448.22,562.15,577.88
1798,OK,49,3,1013,1013,456.63,432.84,645.45,449.38,560.3,578.73
1799,OK,49,2,1020,1020,459.4,433.83,649.5,450.49,565.52,581.94
