k,status,x,y,w,h,rx,ry,lx,ly,nx,ny
0,FAILED,,,,,,,,,,
1,OK,190,45,750,750,466.6,370.18,659.63,372.67,568.28,470.11
2,OK,190,45,750,750,466.44,369.74,659.56,373.01,567.69,470.18
3,OK,189,46,751,751,465.6,370.3,658.89,372.93,566.05,471.12
4,OK,190,45,751,751,465.68,370.1,659.1,371.67,567.64,470.72
5,OK,187,41,754,754,465.0,369.69,659.21,371.3,567.09,467.39
6,OK,192,46,748,748,466.9,370.48,659.67,371.29,569.3,469.46
7,OK,189,43,752,752,465.97,370.19,659.69,372.03,567.8,468.73
8,OK,191,45,751,751,466.28,371.03,659.78,371.73,569.47,470.0
9,OK,190,43,753,753,466.11,370.43,660.02,371.38,569.04,468.41
10,OK,188,42,756,756,466.49,370.6,661.15,373.5,569.27,468.5
11,OK,188,42,756,756,466.31,371.32,661.12,373.43,569.68,468.82
12,OK,191,43,751,751,466.41,369.51,659.71,370.42,569.13,466.75
13,OK,190,43,748,748,465.62,369.0,658.4,369.83,567.49,465.96
14,OK,190,43,751,751,465.84,369.77,659.17,370.67,568.13,467.08
15,OK,190,43,752,752,466.66,369.9,660.44,371.27,569.79,468.19
16,OK,191,41,751,751,468.6,366.94,662.07,372.19,567.92,462.81
17,OK,192,44,749,749,468.32,369.42,661.2,372.81,568.23,465.74
18,OK,190,42,753,753,466.7,369.18,660.51,371.51,568.68,467.1
19,OK,188,42,752,752,465.05,368.66,658.75,371.14,566.36,467.73
20,OK,188,44,752,752,465.15,369.53,658.9,372.53,566.66,470.03
21,OK,187,42,755,755,464.73,369.44,659.06,371.76,566.27,469.06
22,OK,188,42,755,755,465.88,368.78,660.26,371.6,567.19,469.33
23,OK,186,40,756,756,465.2,368.71,659.85,370.63,567.18,467.49
24,OK,187,42,755,755,465.26,369.2,659.58,371.17,567.0,468.78
25,OK,188,41,753,753,464.98,368.17,658.92,370.18,566.31,466.08
26,OK,187,40,754,754,464.95,368.37,659.11,369.65,567.38,466.8
27,OK,190,41,750,750,466.2,367.75,659.36,368.86,567.9,465.04
28,OK,190,45,749,749,465.54,368.97,658.42,370.9,566.09,469.97
29,OK,188,42,753,753,465.1,368.25,659.08,370.47,566.75,468.03
30,OK,190,42,753,753,468.19,367.66,662.08,372.64,568.77,466.19
31,OK,192,40,752,752,469.21,367.5,662.95,372.79,569.99,462.08
32,OK,188,39,756,756,467.47,367.85,662.07,372.59,567.73,465.4
33,OK,189,40,754,754,466.95,367.93,661.07,371.65,568.68,466.15
34,OK,191,44,749,749,466.9,368.16,659.89,371.33,567.64,466.97
35,OK,190,45,751,751,466.62,368.95,660.03,372.31,567.44,469.45
36,OK,189,42,753,753,465.61,369.05,659.54,371.18,567.63,466.8
37,OK,191,46,751,751,467.22,370.44,660.53,373.66,568.87,470.49
38,OK,188,41,755,755,465.86,368.81,660.32,371.21,567.93,466.74
39,OK,190,44,751,751,466.63,368.95,660.03,371.96,568.05,468.92
40,OK,190,43,752,752,467.93,368.82,661.63,373.11,568.92,467.78
41,OK,192,40,754,754,470.46,368.79,664.54,376.03,571.25,462.19
42,OK,191,38,756,756,470.21,369.18,664.8,374.94,571.47,461.36
43,OK,192,40,754,754,470.89,368.54,665.07,374.99,571.28,463.88
44,OK,191,43,753,753,468.75,368.99,662.51,374.14,569.58,468.07
45,OK,189,42,755,755,466.59,369.59,661.01,371.77,568.74,467.89
46,OK,188,44,753,753,465.42,370.27,659.27,372.4,567.14,468.79
47,OK,188,44,754,754,466.45,370.63,660.7,373.2,568.37,470.82
48,OK,191,46,750,750,467.45,370.63,660.56,373.66,569.23,470.26
49,OK,190,41,755,755,467.52,369.39,662.01,373.02,569.93,466.78
50,OK,190,43,754,754,467.39,370.65,661.56,374.07,569.79,469.0
51,OK,189,41,754,754,467.18,369.78,661.23,372.86,569.02,466.11
52,OK,191,44,751,751,466.6,370.54,660.12,372.43,569.32,467.42
53,OK,190,42,754,754,467.29,370.43,661.42,373.53,570.08,467.77
54,OK,191,43,753,753,467.91,370.11,661.92,372.82,570.63,467.03
55,OK,189,43,753,753,466.65,370.15,660.56,373.35,568.31,467.76
56,OK,189,43,755,755,467.22,370.74,661.62,373.53,569.46,467.96
57,OK,189,42,754,754,467.06,369.61,661.3,372.44,569.51,467.31
58,OK,189,42,756,756,466.82,370.19,661.43,373.15,570.23,469.24
59,OK,192,38,754,754,469.89,368.1,663.96,373.64,571.38,460.25
60,OK,189,39,757,757,468.5,367.16,663.32,373.13,568.63,464.03
61,OK,190,42,753,753,466.82,369.05,660.81,372.25,569.21,466.89
62,OK,188,42,754,754,465.97,369.45,660.17,371.5,568.74,469.42
63,OK,189,42,755,755,466.3,370.0,660.82,371.83,569.05,467.18
64,OK,187,40,758,758,466.69,369.61,662.01,373.08,569.26,468.13
65,OK,191,43,752,752,468.22,370.26,661.77,372.86,570.8,467.33
66,OK,189,41,757,757,467.07,370.04,661.95,371.72,571.49,467.69
67,OK,189,41,757,757,467.43,370.07,662.34,373.75,570.68,467.77
68,OK,191,42,752,752,467.96,369.66,661.71,373.38,570.05,466.38
69,OK,190,42,755,755,467.01,369.92,661.42,372.56,569.8,468.19
70,OK,192,43,755,755,468.83,370.53,663.27,374.25,572.05,469.45
71,OK,192,44,755,755,469.49,371.7,663.83,374.65,573.31,469.71
72,OK,192,44,757,757,470.15,372.05,665.14,376.19,573.58,470.41
73,OK,189,40,762,762,469.54,371.67,665.73,375.58,573.18,469.22
74,OK,191,42,758,758,469.73,371.96,664.85,374.34,574.07,470.11
75,OK,192,44,755,755,469.33,371.05,663.86,375.44,572.47,470.28
76,OK,191,41,756,756,470.87,370.19,665.5,376.18,571.72,466.6
77,OK,194,42,754,754,471.78,372.51,666.0,377.09,573.68,463.45
78,OK,192,42,757,757,470.69,371.11,665.72,375.86,572.96,468.49
79,OK,191,44,757,757,469.94,371.61,664.92,377.24,572.13,471.24
80,OK,189,42,760,760,469.41,370.66,665.17,375.53,572.68,471.47
81,OK,192,44,756,756,469.84,371.05,664.56,375.17,573.45,470.94
82,OK,192,45,754,754,469.7,371.17,663.82,375.25,572.97,471.34
83,OK,190,42,760,760,470.22,371.0,665.93,376.0,573.58,471.65
84,OK,192,44,757,757,470.0,371.72,665.02,376.35,573.71,471.3
85,OK,192,44,756,756,470.35,371.5,665.05,376.94,572.66,469.88
86,OK,191,44,756,756,469.27,372.06,663.98,375.43,573.28,472.08
87,OK,191,42,758,758,469.56,371.22,664.68,374.82,573.17,470.77
88,OK,191,44,756,756,469.09,371.37,663.77,374.74,572.83,472.07
89,OK,191,44,757,757,469.04,371.41,664.08,375.19,572.61,471.59
90,OK,191,45,755,755,468.16,371.07,662.65,374.17,571.38,471.87
91,OK,189,43,757,757,467.66,371.15,662.55,374.09,570.62,470.44
92,OK,191,42,758,758,469.06,371.18,664.3,374.06,573.37,469.44
93,OK,190,40,758,758,470.63,369.82,665.79,374.84,571.79,466.1
94,OK,195,44,750,750,472.04,370.1,665.04,375.02,571.92,466.01
95,OK,191,41,756,756,470.22,369.34,664.76,373.95,571.39,466.56
96,OK,192,43,755,755,469.77,369.19,664.25,373.96,571.59,470.1
97,OK,193,46,749,749,468.33,369.61,661.37,370.87,571.03,470.03
98,OK,190,42,755,755,468.13,369.4,662.49,372.28,570.57,468.42
99,OK,190,43,757,757,468.44,370.55,663.34,373.94,571.76,471.34
100,OK,191,44,754,754,469.15,370.72,663.2,374.28,571.44,470.38
101,OK,193,45,755,755,470.16,370.55,664.47,375.08,572.84,472.02
102,OK,191,44,757,757,469.62,370.63,664.49,375.31,572.37,471.67
103,OK,192,45,754,754,469.51,370.79,663.75,375.43,571.97,472.26
104,OK,188,41,760,760,468.69,370.55,664.29,374.75,571.27,471.0
105,OK,191,44,757,757,469.16,370.93,664.02,375.61,571.95,471.82
106,OK,192,45,757,757,469.36,372.19,664.43,375.65,573.43,472.35
107,OK,192,44,757,757,469.57,370.85,664.52,374.94,573.46,472.43
108,OK,193,44,756,756,470.9,370.72,665.48,376.19,573.83,472.34
109,OK,195,42,755,755,473.38,370.75,667.75,377.15,574.77,465.04
110,OK,193,40,758,758,473.09,368.94,668.26,376.77,573.64,465.42
111,OK,191,42,760,760,471.12,370.93,666.85,376.85,573.66,471.06
112,OK,194,44,754,754,472.71,369.55,666.81,376.38,573.91,470.12
113,OK,193,45,754,754,471.4,369.85,665.46,376.54,572.92,471.94
114,OK,193,43,757,757,472.37,368.81,667.13,375.87,574.05,470.11
115,OK,195,44,755,755,472.15,369.02,666.46,375.6,574.99,471.69
116,OK,193,44,756,756,471.23,369.95,665.79,376.02,573.57,471.98
117,OK,193,45,755,755,471.04,370.42,665.41,376.02,573.42,472.3
118,OK,195,47,753,753,472.03,370.22,665.99,376.44,574.06,473.2
119,OK,191,43,759,759,470.33,370.94,665.86,376.58,573.89,471.49
120,OK,193,44,755,755,470.69,371.37,665.02,375.53,572.84,470.1
121,OK,193,46,755,755,470.88,371.31,665.32,377.1,572.79,471.89
122,OK,192,44,757,757,470.49,371.24,665.29,376.22,573.5,471.38
123,OK,191,44,757,757,468.95,371.25,663.85,375.65,571.82,470.93
124,OK,191,43,757,757,469.7,370.32,664.5,375.11,572.4,469.59
125,OK,193,44,755,755,471.2,369.57,665.63,376.1,572.35,469.45
126,OK,193,40,756,756,472.16,370.83,666.71,377.41,572.61,462.6
127,OK,193,43,754,754,472.04,369.33,666.14,376.51,571.72,467.12
128,OK,191,42,759,759,470.87,370.25,666.1,377.46,572.09,469.88
129,OK,192,43,757,757,470.46,370.3,665.48,374.81,573.29,469.5
130,OK,191,44,754,754,469.21,370.77,663.38,374.28,571.18,470.23
131,OK,189,43,752,752,466.16,369.41,659.88,372.17,567.76,468.86
132,OK,193,41,747,747,467.18,367.19,659.66,367.69,569.39,461.35
133,OK,194,43,743,743,466.84,366.41,658.27,366.7,568.83,462.21
134,OK,191,43,745,745,464.56,368.19,656.56,366.97,566.34,462.5
135,OK,191,43,738,738,463.23,366.49,653.25,363.2,563.74,459.84
136,OK,193,43,737,737,464.48,365.07,654.21,362.22,563.65,460.19
137,OK,190,41,742,742,464.23,366.35,655.22,363.44,562.34,459.57
138,OK,194,37,744,744,470.36,360.01,662.04,364.57,565.8,455.94
139,OK,187,39,742,742,462.68,362.06,653.68,359.93,558.03,459.98
140,OK,184,45,741,741,458.38,366.23,649.23,361.35,555.53,467.09
141,OK,181,43,742,742,454.06,366.87,644.82,356.34,554.92,467.08
142,OK,168,37,750,750,447.36,367.49,640.11,356.2,544.21,462.4
143,OK,165,41,744,744,440.5,370.35,631.69,356.25,538.55,464.22
144,OK,167,47,734,734,439.22,370.22,627.99,357.71,535.58,465.31
145,OK,170,50,724,724,438.61,369.11,624.76,357.78,532.88,462.18
146,OK,163,48,725,725,433.81,363.21,620.55,358.31,524.36,459.25
147,OK,160,52,718,718,429.89,360.92,614.72,358.5,516.91,463.32
148,OK,141,41,742,742,420.62,360.68,611.8,359.54,508.7,464.48
149,OK,139,37,746,746,419.04,360.15,611.1,360.28,509.78,460.59
150,OK,134,26,759,759,413.75,361.63,609.18,356.9,515.47,452.44
151,OK,128,25,762,762,408.94,364.3,605.04,358.82,511.33,451.96
152,OK,124,27,758,758,405.12,363.62,600.42,360.63,504.93,450.55
153,OK,128,30,752,752,407.54,363.29,601.13,360.61,505.36,450.98
154,OK,130,28,758,758,410.21,366.91,605.28,359.26,511.37,451.69
155,OK,134,30,756,756,413.18,366.34,607.76,360.18,514.92,454.7
156,OK,140,33,757,757,418.76,371.07,613.52,360.91,521.46,457.73
157,OK,142,31,757,757,421.98,367.07,616.83,359.26,522.01,456.58
158,OK,150,31,752,752,427.63,368.0,621.06,358.3,528.58,452.79
159,OK,153,25,751,751,429.35,366.42,622.27,353.56,530.52,440.72
160,OK,157,26,752,752,434.53,364.9,627.9,353.46,535.63,445.81
161,OK,154,29,752,752,431.02,370.18,624.09,354.83,534.13,449.43
162,OK,160,39,743,743,434.2,368.21,625.41,358.97,534.08,457.52
163,OK,158,35,748,748,435.03,368.28,627.57,359.95,533.2,455.04
164,OK,162,43,741,741,437.04,370.68,627.66,363.38,532.24,459.55
165,OK,163,45,737,737,436.43,369.1,626.3,363.47,530.84,461.1
166,OK,161,45,738,738,435.34,370.01,625.31,363.51,530.72,461.36
167,OK,160,46,740,740,434.8,370.97,625.36,364.13,530.74,464.65
168,OK,161,45,738,738,435.86,370.51,625.98,364.46,530.83,462.18
169,OK,160,42,743,743,435.76,370.19,627.04,363.51,532.32,460.06
170,OK,161,44,742,742,437.47,371.51,628.45,365.1,532.61,462.95
171,OK,162,48,741,741,437.78,373.39,628.65,366.97,531.78,467.59
172,OK,163,46,742,742,439.59,372.17,630.62,367.12,533.27,465.93
173,OK,165,47,740,740,440.3,371.92,630.69,365.72,534.69,465.87
174,OK,169,48,742,742,444.31,372.37,635.45,369.5,540.81,468.25
175,OK,172,48,741,741,446.43,370.23,637.4,368.73,543.87,467.69
176,OK,172,46,741,741,447.44,371.21,638.17,368.69,542.66,463.94
177,OK,174,44,748,748,450.45,373.27,643.13,370.38,549.28,464.36
178,OK,166,44,744,744,442.83,371.64,634.32,366.52,539.22,464.05
179,OK,165,42,746,746,441.8,370.33,633.87,367.06,538.84,463.01
180,OK,165,44,745,745,441.65,369.22,633.5,366.36,537.83,465.03
181,OK,163,43,745,745,439.48,369.77,631.36,365.5,535.67,463.74
182,OK,163,44,743,743,439.59,369.45,631.04,365.17,533.99,462.84
183,OK,165,47,739,739,440.24,370.16,630.59,367.08,534.17,464.66
184,OK,166,47,741,741,440.6,369.92,631.52,366.42,536.47,466.94
185,OK,167,46,745,745,442.24,370.85,634.01,367.09,540.58,467.1
186,OK,167,46,746,746,443.74,371.41,635.77,368.78,541.96,467.95
187,OK,171,49,743,743,445.21,371.88,636.63,369.98,543.43,469.3
188,OK,169,46,746,746,444.3,372.44,636.4,368.34,543.94,468.24
189,OK,172,49,739,739,445.54,370.27,635.94,368.65,542.3,468.37
190,OK,169,44,745,745,444.76,368.37,636.7,367.36,541.49,464.48
191,OK,168,45,744,744,443.75,369.9,635.38,366.39,541.07,465.97
192,OK,170,47,742,742,445.28,370.71,636.34,367.7,541.85,468.03
193,OK,173,41,745,745,449.45,367.69,641.38,367.04,544.73,460.34
194,OK,171,36,752,752,450.44,368.23,644.16,367.79,547.86,457.73
195,OK,174,43,746,746,450.82,371.91,642.88,369.12,548.23,463.15
196,OK,175,46,742,742,449.72,373.16,640.76,369.12,547.11,463.51
197,OK,173,43,741,741,448.3,369.62,639.06,366.64,543.67,459.24
198,OK,173,42,746,746,449.94,370.34,642.16,368.17,546.48,461.01
199,OK,176,42,742,742,451.72,368.09,642.79,367.95,547.57,459.78
200,OK,174,42,744,744,450.92,368.72,642.58,368.08,547.18,459.85
201,OK,176,40,744,744,451.95,367.06,643.61,368.2,548.44,456.99
202,OK,177,43,741,741,452.05,367.48,643.01,368.85,547.85,458.52
203,OK,175,40,746,746,451.33,366.62,643.49,368.83,548.8,460.02
204,OK,178,42,742,742,452.07,366.06,643.24,367.33,551.3,460.6
205,OK,180,45,739,739,452.97,367.44,643.21,368.08,551.37,462.16
206,OK,181,47,737,737,452.85,368.81,642.54,366.38,552.2,462.56
207,OK,184,50,732,732,453.67,369.53,642.25,367.49,552.26,464.95
208,OK,186,52,731,731,454.49,370.0,642.82,367.29,554.17,465.84
209,OK,181,51,734,734,451.21,372.19,640.18,367.1,551.01,467.99
210,OK,180,49,736,736,452.09,370.88,641.73,367.01,550.59,466.08
211,OK,180,48,739,739,452.14,370.8,642.33,366.07,552.74,466.11
212,OK,178,46,743,743,453.15,370.88,644.54,370.68,550.97,464.69
213,OK,180,45,740,740,454.58,371.14,645.26,369.25,551.87,461.26
214,OK,179,45,743,743,453.81,370.23,645.31,370.1,551.76,463.68
215,OK,182,46,738,738,454.26,369.69,644.43,369.04,553.07,462.56
216,OK,182,45,738,738,455.02,368.71,645.03,369.89,552.75,460.64
217,OK,181,46,737,737,453.47,369.47,643.26,369.05,551.59,460.39
218,OK,180,43,741,741,453.28,367.69,644.24,368.54,552.15,459.55
219,OK,180,46,738,738,452.56,369.05,642.7,369.96,550.54,462.48
220,OK,180,45,740,740,454.1,367.82,644.69,369.35,552.47,462.68
221,OK,182,46,740,740,455.1,368.01,645.64,368.67,554.08,465.15
222,OK,182,47,741,741,454.74,369.37,645.7,369.07,554.89,465.71
223,OK,185,49,734,734,455.98,367.92,645.07,368.29,555.0,465.65
224,OK,184,50,734,734,454.19,369.55,643.3,368.21,554.25,466.39
225,OK,180,45,741,741,453.66,367.59,644.42,368.99,551.95,463.55
226,OK,180,38,743,743,454.86,367.33,646.29,367.09,553.36,452.25
227,OK,179,42,742,742,454.42,367.52,645.59,368.6,551.87,458.43
228,OK,180,45,743,743,454.06,368.71,645.43,370.3,552.57,463.86
229,OK,180,49,740,740,453.52,370.03,644.18,371.51,551.7,467.64
230,OK,181,46,739,739,453.21,367.45,643.58,368.63,552.28,462.7
231,OK,178,43,740,740,451.77,367.04,642.33,367.4,550.55,460.73
232,OK,181,45,736,736,453.06,366.66,642.56,366.82,551.69,459.71
233,OK,180,47,737,737,451.39,368.42,641.23,367.87,550.11,462.87
234,OK,180,46,735,735,451.36,367.61,640.68,366.25,549.79,459.92
235,OK,181,45,737,737,452.13,367.8,641.99,365.74,552.2,460.14
236,OK,180,46,735,735,450.8,368.35,640.18,366.19,549.86,460.38
237,OK,181,45,734,734,451.92,367.48,640.97,365.97,550.83,457.89
238,OK,181,46,736,736,452.13,368.1,641.8,367.02,551.22,460.96
239,OK,181,47,734,734,452.12,367.54,641.14,367.51,550.74,461.46
240,OK,183,51,731,731,452.51,368.1,640.86,368.22,550.04,464.75
241,OK,182,48,734,734,452.81,368.71,641.83,367.72,551.67,463.55
242,OK,182,45,736,736,452.97,367.88,642.59,365.71,552.49,459.64
243,OK,181,46,737,737,452.53,368.05,642.26,366.46,551.93,461.47
244,OK,183,47,735,735,453.57,368.34,642.76,366.11,551.89,460.79
245,OK,182,46,735,735,453.27,367.28,642.6,367.49,550.18,460.6
246,OK,183,48,732,732,453.94,367.16,642.54,366.77,550.8,461.08
247,OK,184,47,733,733,454.43,367.73,643.33,367.14,552.18,459.93
248,OK,185,45,733,733,455.56,366.59,644.38,365.75,553.54,456.96
249,OK,183,45,736,736,456.45,367.5,645.91,369.35,552.8,458.04
250,OK,178,38,744,744,454.21,366.2,645.85,366.11,551.59,454.6
251,OK,179,43,743,743,453.33,368.5,644.58,369.49,551.35,459.15
252,OK,183,49,734,734,453.96,369.38,642.9,369.87,551.87,463.68
253,OK,185,48,733,733,454.51,368.42,643.4,368.33,553.46,460.9
254,OK,185,48,731,731,454.59,367.92,642.85,367.51,553.07,459.72
255,OK,183,45,735,735,454.5,367.38,643.79,368.18,551.91,457.87
256,OK,186,47,731,731,455.73,367.01,643.9,367.03,552.76,457.91
257,OK,185,47,733,733,454.54,368.42,643.28,367.17,553.3,460.08
258,OK,184,48,733,733,454.61,367.52,643.42,367.59,551.87,461.16
259,OK,183,46,735,735,454.41,366.31,643.83,366.97,552.09,459.95
260,OK,183,45,738,738,454.88,369.29,645.06,369.68,554.04,459.85
261,OK,184,39,741,741,457.3,366.22,648.24,366.94,555.64,452.29
262,OK,184,44,736,736,456.51,367.01,646.08,368.38,553.61,456.35
263,OK,181,43,742,742,455.17,369.34,646.34,370.28,554.74,458.32
264,OK,183,48,737,737,454.39,370.57,644.21,370.55,553.75,461.75
265,OK,183,47,736,736,454.24,369.84,643.76,368.71,553.76,462.46
266,OK,184,48,734,734,454.37,369.16,643.35,369.25,553.26,462.65
267,OK,183,47,734,734,454.35,368.12,643.45,367.94,553.05,461.38
268,OK,183,46,734,734,453.45,367.56,642.56,367.18,552.44,460.54
269,OK,183,48,734,734,453.55,368.34,642.53,367.33,552.58,462.52
270,OK,182,47,735,735,452.71,368.17,642.02,366.38,552.13,461.17
271,OK,183,50,735,735,453.47,369.92,642.85,367.96,553.62,466.47
272,OK,183,45,737,737,455.68,368.65,645.53,368.12,552.31,459.32
273,OK,183,45,741,741,456.86,369.11,647.73,369.48,553.87,461.16
274,OK,183,46,740,740,457.02,369.07,647.68,368.89,555.17,464.29
275,OK,185,47,738,738,458.82,368.8,648.98,368.46,555.35,464.98
276,OK,173,49,744,744,450.87,371.58,642.56,366.97,545.16,474.57
277,OK,157,53,756,756,437.91,378.74,631.96,364.18,535.4,490.93
278,OK,150,53,756,756,431.7,383.67,625.73,368.03,527.8,487.16
279,OK,158,62,750,750,437.41,383.62,630.33,371.88,533.49,496.74
280,OK,167,55,757,757,447.55,378.99,642.44,371.96,545.62,492.47
281,OK,176,55,756,756,455.21,381.26,649.89,375.49,555.6,488.55
282,OK,177,52,765,765,458.87,380.44,655.92,377.83,562.0,489.87
283,OK,186,53,757,757,465.65,374.17,660.45,380.16,565.28,485.37
284,OK,190,48,758,758,469.43,371.64,664.51,379.64,571.28,479.87
285,OK,185,47,759,759,463.64,374.01,659.06,378.15,566.86,477.75
286,OK,187,53,749,749,462.56,375.51,655.33,378.82,564.16,477.47
287,OK,182,56,745,745,456.31,376.17,648.2,377.3,556.28,480.45
288,OK,180,54,743,743,453.71,374.55,645.0,373.26,553.32,476.76
289,OK,181,56,746,746,456.24,379.55,648.33,378.93,557.11,480.13
290,OK,183,54,748,748,457.03,383.14,649.76,378.49,561.17,476.08
291,OK,184,53,749,749,458.81,381.32,651.73,378.26,562.47,475.86
292,OK,181,52,753,753,457.6,378.97,651.66,379.15,559.44,477.34
293,OK,184,57,744,744,457.71,380.49,649.45,380.0,558.64,478.03
294,OK,184,55,747,747,458.17,379.38,650.52,378.75,560.53,477.91
295,OK,184,53,749,749,459.37,377.82,652.19,377.35,561.98,476.87
296,OK,185,54,751,751,459.92,380.35,653.36,379.27,563.8,479.78
297,OK,184,50,754,754,460.99,377.87,655.32,377.64,565.27,477.65
298,OK,184,49,757,757,461.96,377.15,657.03,378.26,564.66,478.17
299,OK,186,52,755,755,462.33,378.49,656.82,377.87,566.91,479.92
300,OK,187,55,748,748,461.95,378.03,654.55,379.01,564.32,480.92
301,OK,184,51,755,755,461.62,377.57,655.97,378.21,564.51,478.76
302,OK,187,52,752,752,463.26,377.5,656.84,378.06,566.78,479.16
303,OK,188,56,749,749,462.6,378.92,655.54,379.21,565.94,481.38
304,OK,187,54,753,753,462.4,378.33,656.42,378.73,566.67,481.67
305,OK,186,54,751,751,462.18,377.42,655.63,378.48,564.93,480.35
306,OK,188,53,751,751,462.71,378.25,656.14,378.03,567.3,479.84
307,OK,185,53,753,753,461.38,379.08,655.2,378.26,565.45,480.97
308,OK,183,49,759,759,461.6,378.01,656.99,377.08,566.59,480.41
309,OK,186,52,753,753,461.71,378.17,655.66,377.74,565.6,479.99
310,OK,185,50,757,757,462.49,377.66,657.38,377.05,566.81,479.67
311,OK,186,51,754,754,462.32,377.87,656.61,376.71,568.19,480.6
312,OK,186,51,755,755,462.2,377.7,656.71,377.3,567.0,479.39
313,OK,184,49,758,758,462.15,376.97,657.41,376.52,568.17,480.9
314,OK,187,51,755,755,463.19,379.37,657.75,377.64,569.16,477.58
315,OK,185,48,755,755,462.62,374.93,656.98,376.64,565.23,475.01
316,OK,181,45,760,760,461.72,375.39,657.54,377.43,564.03,474.84
317,OK,184,46,756,756,461.82,374.68,656.53,374.76,565.06,473.44
318,OK,183,46,756,756,461.44,375.34,656.15,375.52,563.67,472.58
319,OK,185,47,752,752,462.13,375.25,655.87,375.54,563.66,471.57
320,OK,186,46,750,750,462.62,373.62,655.75,374.63,563.44,468.16
321,OK,186,47,748,748,461.67,375.43,654.36,375.36,563.07,467.49
322,OK,187,48,749,749,462.81,374.54,655.61,376.41,563.9,469.26
323,OK,189,49,746,746,464.4,374.53,656.51,376.28,565.14,469.41
324,OK,188,49,750,750,465.06,375.21,658.15,378.46,566.03,472.07
325,OK,189,48,751,751,464.75,374.63,658.16,377.7,566.62,471.55
326,OK,190,49,748,748,465.3,373.94,658.04,377.45,567.38,472.03
327,OK,189,47,750,750,465.53,373.54,658.77,376.79,566.86,469.37
328,OK,189,47,750,750,465.85,373.54,658.9,377.03,567.24,470.63
329,OK,187,45,757,757,466.14,373.68,661.07,377.48,568.23,470.76
330,OK,192,51,748,748,467.09,378.87,659.8,379.54,570.04,471.89
331,OK,189,47,750,750,465.85,375.01,659.09,378.43,566.92,469.17
332,OK,186,46,754,754,464.68,374.01,658.75,378.29,564.98,470.59
333,OK,186,45,756,756,463.82,374.14,658.47,377.11,566.92,471.73
334,OK,188,48,753,753,464.83,374.76,658.81,376.39,567.9,472.57
335,OK,184,44,760,760,464.08,375.8,659.91,377.28,567.91,472.14
336,OK,186,46,756,756,463.69,375.63,658.35,376.49,567.63,472.93
337,OK,187,47,754,754,464.48,375.63,658.65,377.42,567.18,472.26
338,OK,184,45,759,759,462.89,374.28,658.34,376.52,565.92,472.93
339,OK,184,45,758,758,463.76,375.01,658.91,378.41,566.52,472.95
340,OK,186,48,754,754,463.34,375.74,657.63,376.92,566.72,474.95
341,OK,187,48,753,753,463.3,374.7,657.14,376.73,566.18,473.94
342,OK,185,46,756,756,463.49,374.6,658.11,375.88,567.13,473.6
343,OK,188,45,754,754,465.56,372.98,659.73,375.95,567.98,470.84
344,OK,189,43,753,753,466.42,373.23,660.35,374.7,568.1,464.17
345,OK,192,44,752,752,468.29,376.49,661.95,378.59,571.54,463.42
346,OK,193,46,747,747,467.79,372.22,660.25,376.42,569.43,464.5
347,OK,190,47,751,751,465.64,373.91,659.08,377.11,567.98,469.88
348,OK,188,46,752,752,465.07,374.72,658.66,376.44,567.94,470.19
349,OK,186,48,753,753,462.64,375.1,656.69,376.41,565.8,472.74
350,OK,189,50,749,749,464.34,375.01,657.25,377.64,566.41,472.0
351,OK,189,52,747,747,463.16,376.56,655.64,378.65,565.42,473.67
352,OK,190,54,741,741,463.02,376.58,653.79,378.08,563.34,471.2
353,OK,188,53,745,745,462.32,376.29,654.16,378.08,563.18,473.43
354,OK,191,55,740,740,463.96,377.15,654.49,379.37,564.72,471.9
355,OK,193,55,740,740,466.06,376.67,656.51,380.56,565.24,473.31
356,OK,190,51,751,751,465.71,378.41,659.18,379.97,568.44,472.9
357,OK,190,52,747,747,464.35,376.59,656.74,379.37,565.49,473.22
358,OK,185,48,751,751,462.32,374.75,655.84,378.01,562.86,470.79
359,OK,186,49,752,752,463.07,376.08,656.8,378.55,565.18,472.9
360,OK,189,52,746,746,463.81,375.76,655.88,378.48,565.42,472.9
361,OK,188,51,749,749,463.39,374.96,656.37,378.33,565.39,473.41
362,OK,186,48,752,752,462.96,375.61,656.65,377.55,565.98,472.56
363,OK,185,48,754,754,462.71,375.57,656.96,378.31,565.87,474.05
364,OK,187,48,753,753,463.25,376.11,657.31,378.0,566.62,472.92
365,OK,185,47,756,756,462.42,375.43,657.09,377.16,566.62,475.31
366,OK,184,44,758,758,463.39,374.91,658.56,376.9,566.74,471.55
367,OK,186,48,754,754,463.01,376.91,657.12,377.65,566.18,473.41
368,OK,185,48,754,754,462.41,375.82,656.7,377.8,565.33,474.6
369,OK,185,47,755,755,462.1,374.95,656.58,376.87,565.27,472.47
370,OK,192,53,746,746,465.67,380.82,657.87,380.0,569.46,473.36
371,OK,191,51,750,750,465.57,379.72,658.71,379.36,570.41,474.18
372,OK,187,47,754,754,464.52,375.17,658.81,377.66,567.45,472.11
373,OK,188,45,754,754,464.93,373.42,659.17,376.35,568.06,470.71
374,OK,184,48,756,756,461.99,376.29,656.78,377.87,565.4,476.32
375,OK,186,50,754,754,463.17,376.65,657.36,377.89,567.07,477.25
376,OK,188,52,753,753,463.63,377.03,657.44,378.48,567.53,478.67
377,OK,188,51,751,751,463.31,375.82,656.78,377.48,566.67,476.01
378,OK,189,52,751,751,463.89,376.36,657.3,377.35,567.69,477.29
379,OK,188,49,750,750,463.99,375.05,657.26,376.61,566.68,473.36
380,OK,192,50,746,746,465.18,374.03,657.4,375.83,568.97,471.99
381,OK,189,48,751,751,464.19,374.43,657.65,375.09,568.43,472.09
382,OK,191,50,748,748,464.97,375.15,657.64,376.58,568.71,472.56
383,OK,193,52,745,745,465.76,375.45,657.53,376.68,568.91,472.14
384,OK,192,47,749,749,465.96,374.81,658.78,374.48,570.57,468.04
385,OK,191,47,748,748,465.16,374.72,657.71,374.9,568.74,469.08
386,OK,191,48,747,747,464.77,374.47,657.13,375.24,567.95,468.57
387,OK,193,49,742,742,465.07,373.29,656.19,374.21,567.8,466.68
388,OK,194,50,741,741,466.41,375.46,657.27,377.31,567.58,464.06
389,OK,189,49,746,746,464.5,373.56,656.7,377.29,565.12,468.6
390,OK,187,48,751,751,463.2,374.5,656.57,376.95,565.46,471.53
391,OK,187,48,750,750,462.63,374.18,655.85,376.61,565.45,472.2
392,OK,185,47,752,752,461.81,374.87,655.57,376.42,565.0,471.55
393,OK,186,48,750,750,462.39,374.18,655.65,377.2,564.62,471.85
394,OK,188,50,746,746,461.96,375.07,654.13,376.56,563.97,470.64
395,OK,185,51,750,750,460.84,376.89,654.09,377.28,563.87,476.17
396,OK,184,49,751,751,459.59,375.29,652.89,375.19,562.37,473.34
397,OK,184,48,752,752,460.12,375.92,653.73,375.41,563.83,473.51
398,OK,185,51,753,753,460.98,377.09,654.83,378.08,564.55,476.76
399,OK,187,51,748,748,461.93,376.71,654.48,377.73,564.72,473.19
400,OK,187,51,750,750,462.72,376.23,655.97,378.83,565.22,475.46
401,OK,192,54,744,744,464.67,379.49,656.4,378.75,569.12,473.09
402,OK,191,53,747,747,464.81,378.82,657.17,378.56,568.64,474.23
403,OK,187,54,749,749,462.19,377.23,655.03,379.34,564.98,479.09
404,OK,186,55,748,748,461.21,378.22,653.86,379.17,563.93,479.46
405,OK,184,55,748,748,458.96,379.1,651.55,378.03,561.94,479.54
406,OK,186,50,749,749,460.21,376.94,653.14,375.36,563.43,473.83
407,OK,184,47,748,748,460.14,375.08,652.73,374.7,561.51,468.07
408,OK,187,53,745,745,459.95,377.21,651.87,376.47,562.14,473.82
409,OK,189,61,743,743,460.14,381.52,651.49,379.6,564.94,484.77
410,OK,187,59,745,745,458.78,381.6,650.67,379.46,564.48,482.78
411,OK,182,56,744,744,455.54,378.12,647.28,377.99,556.73,478.22
412,OK,184,56,742,742,457.02,377.7,648.09,376.73,559.39,478.39
413,OK,185,57,742,742,457.35,378.79,648.41,376.97,560.56,479.36
414,OK,183,52,744,744,456.9,377.15,648.45,374.17,559.18,473.69
415,OK,183,53,743,743,456.32,377.54,647.57,374.71,557.33,472.06
416,OK,184,53,738,738,455.88,376.3,645.82,372.59,555.93,470.26
417,OK,185,57,734,734,455.2,382.52,644.28,376.72,554.77,469.24
418,OK,187,52,734,734,458.35,374.62,647.43,372.95,556.69,464.63
419,OK,183,53,734,734,455.29,373.89,644.45,375.08,551.24,467.09
420,OK,182,49,738,738,455.41,371.74,645.6,371.71,552.71,464.72
421,OK,182,51,736,736,455.41,371.76,644.94,372.7,551.48,465.99
422,OK,185,51,735,735,456.73,371.45,646.07,372.66,553.15,464.52
423,OK,182,50,736,736,455.88,370.46,645.39,372.59,551.05,464.88
424,OK,185,52,732,732,456.54,371.28,644.97,372.8,552.02,465.27
425,OK,184,51,734,734,455.91,372.04,644.88,372.83,552.31,464.76
426,OK,181,50,738,738,455.09,371.68,645.04,373.37,550.9,466.15
427,OK,183,49,734,734,455.19,369.75,644.33,371.82,551.22,462.95
428,OK,183,48,738,738,456.57,370.33,646.53,372.26,553.16,462.96
429,OK,184,49,735,735,455.75,370.45,644.97,371.75,551.64,461.63
430,OK,185,50,734,734,457.08,371.55,646.11,373.11,553.77,461.74
431,OK,185,51,734,734,457.28,371.84,646.26,373.16,553.74,463.51
432,OK,184,48,738,738,456.86,372.54,647.02,373.41,554.21,462.23
433,OK,184,50,737,737,456.59,372.81,646.39,373.33,553.7,463.12
434,OK,186,48,740,740,458.98,375.31,649.6,375.92,558.07,460.86
435,OK,183,45,745,745,457.63,371.62,649.63,373.93,556.71,462.9
436,OK,180,46,746,746,456.3,372.84,648.57,374.15,554.67,466.22
437,OK,178,46,747,747,454.92,372.21,647.31,373.83,552.84,466.8
438,OK,180,45,747,747,455.93,371.49,648.2,373.06,554.63,464.7
439,OK,183,49,741,741,457.04,372.16,647.96,374.49,554.35,465.37
440,OK,183,50,738,738,457.31,371.35,647.38,374.5,553.5,465.9
441,OK,183,47,744,744,458.02,372.37,649.52,375.16,556.81,466.09
442,OK,187,49,745,745,460.85,373.91,652.7,375.48,561.93,467.68
443,OK,187,51,743,743,461.13,373.97,652.48,376.51,560.81,469.04
444,OK,187,50,747,747,461.13,375.27,653.61,376.93,562.64,470.43
445,OK,186,50,744,744,460.35,375.13,652.02,375.76,561.19,469.46
446,OK,185,50,744,744,459.7,376.42,651.33,376.08,559.96,469.39
447,OK,182,49,748,748,457.83,377.57,650.46,375.89,558.89,469.59
448,OK,187,52,743,743,458.87,377.35,650.22,375.31,561.52,469.71
449,OK,186,52,745,745,459.08,378.57,650.92,376.27,562.21,472.5
450,OK,187,54,742,742,459.1,377.83,650.08,375.75,561.72,473.57
451,OK,186,52,742,742,458.55,377.17,649.77,374.62,561.29,470.48
452,OK,184,47,744,744,457.93,374.69,649.58,373.07,559.87,465.67
453,OK,186,49,744,744,458.56,377.24,650.22,374.31,561.77,467.39
454,OK,190,55,739,739,460.89,381.8,651.26,378.83,563.38,468.5
455,OK,186,50,745,745,459.27,377.27,651.15,376.35,561.03,467.46
456,OK,185,51,744,744,458.58,377.28,650.17,376.37,560.11,469.72
457,OK,183,48,746,746,457.91,376.57,649.93,375.22,559.78,467.42
458,OK,186,50,742,742,458.85,375.48,649.88,373.65,560.38,469.35
459,OK,184,46,745,745,457.68,373.89,649.44,372.29,559.05,464.56
460,OK,181,42,751,751,457.24,373.73,650.67,372.29,558.52,462.54
461,OK,179,41,753,753,456.4,371.31,650.38,371.7,556.74,462.79
462,OK,179,43,751,751,456.75,369.96,650.23,373.33,555.83,465.42
463,OK,181,42,749,749,457.78,369.17,650.67,374.18,557.22,462.22
464,OK,178,34,763,763,458.92,371.06,655.35,374.83,561.14,458.63
465,OK,182,35,759,759,460.68,370.96,656.19,376.16,563.98,456.19
466,OK,180,37,757,757,459.1,368.71,654.06,374.28,559.81,459.98
467,OK,182,42,753,753,459.66,370.16,653.61,372.75,560.53,465.17
468,OK,189,47,748,748,463.89,371.18,656.59,370.95,567.14,471.08
469,OK,185,37,749,749,460.9,366.22,653.92,364.02,562.46,457.42
470,OK,186,41,741,741,460.28,365.76,651.04,365.15,557.15,457.89
471,OK,190,41,737,737,462.79,363.55,652.6,361.83,560.04,456.11
472,OK,185,40,736,736,457.32,365.67,646.68,357.48,555.66,454.66
473,OK,184,37,739,739,456.48,363.55,646.67,354.4,555.7,453.26
474,OK,186,31,739,739,459.77,359.79,650.02,353.87,556.93,445.09
475,OK,186,41,731,731,457.35,359.06,645.62,355.96,552.4,454.88
476,OK,188,42,728,728,458.01,358.85,645.38,356.31,552.72,455.96
477,OK,190,44,718,718,457.27,356.15,642.19,353.65,550.14,452.51
478,OK,188,40,719,719,454.63,353.56,639.72,350.88,547.86,446.74
479,OK,181,38,722,722,451.03,350.96,637.12,351.82,541.18,447.89
480,OK,175,34,728,728,445.24,353.21,632.74,350.16,539.24,445.83
481,OK,171,36,729,729,440.8,358.03,628.4,349.54,535.67,446.45
482,OK,172,44,722,722,440.57,360.31,626.5,353.07,533.48,454.8
483,OK,176,45,726,726,443.79,363.09,630.64,355.01,540.88,458.09
484,OK,177,46,725,725,444.45,362.47,631.11,354.77,540.24,457.4
485,OK,177,43,726,726,445.22,361.07,632.14,354.77,542.26,455.23
486,OK,177,43,728,728,446.22,361.24,633.73,355.39,543.31,455.89
487,OK,174,47,720,720,442.52,359.71,627.89,356.09,534.46,456.74
488,OK,175,36,724,724,444.01,350.96,630.57,351.59,536.73,445.67
489,OK,170,38,723,723,438.31,352.77,624.61,350.49,532.51,446.5
490,OK,165,42,727,727,433.56,358.48,620.81,352.58,529.86,456.27
491,OK,162,42,730,730,433.26,361.46,621.22,354.05,528.5,456.44
492,OK,160,41,734,734,431.52,365.66,620.38,356.14,528.79,455.55
493,OK,162,37,738,738,435.79,366.45,625.54,356.86,531.74,451.31
494,OK,167,38,736,736,440.28,363.49,629.85,356.68,535.22,452.58
495,OK,166,37,736,736,439.01,364.63,628.5,356.37,535.32,451.42
496,OK,165,43,734,734,436.6,370.42,625.4,359.96,533.05,456.58
497,OK,164,45,735,735,437.0,369.92,625.97,360.62,531.3,460.67
498,OK,164,43,738,738,438.92,368.83,628.74,360.83,533.91,459.75
499,OK,176,46,734,734,447.09,371.03,635.8,361.8,544.82,460.53
500,OK,178,49,730,730,448.66,371.72,636.45,363.54,545.27,462.0
501,OK,178,54,726,726,447.73,372.79,634.65,364.71,542.6,465.68
502,OK,175,51,731,731,446.06,372.2,634.31,364.83,541.08,465.26
503,OK,170,54,729,729,440.23,373.81,627.7,365.11,534.42,467.94
504,OK,168,52,735,735,440.48,374.1,629.61,366.11,536.28,469.07
505,OK,171,55,732,732,441.86,375.64,630.22,367.12,538.92,472.19
506,OK,172,52,733,733,443.31,373.17,631.95,366.22,538.46,467.83
507,OK,175,49,734,734,447.87,370.51,636.81,366.94,542.54,464.88
508,OK,181,48,735,735,452.06,376.63,641.08,366.62,550.16,459.46
509,OK,179,46,739,739,451.07,377.13,641.13,366.12,550.64,459.71
510,OK,176,45,736,736,449.37,369.64,638.89,363.81,544.83,460.04
511,OK,174,46,738,738,448.35,369.44,638.38,365.52,543.2,463.04
512,OK,178,50,730,730,449.21,369.6,637.26,365.33,543.24,462.63
513,OK,177,50,733,733,448.51,370.13,637.34,365.71,543.29,464.92
514,OK,178,47,732,732,450.05,369.54,638.56,364.4,544.84,460.58
515,OK,178,48,733,733,449.58,370.98,638.23,364.66,544.92,461.19
516,OK,177,46,735,735,449.32,369.49,638.65,364.99,544.46,460.12
517,OK,176,46,736,736,449.64,370.64,639.03,365.3,545.39,460.19
518,OK,177,47,734,734,449.4,369.49,638.37,365.74,544.64,461.32
519,OK,180,49,730,730,451.03,370.53,638.95,365.75,545.86,460.28
520,OK,183,48,727,727,452.15,369.14,639.22,364.27,546.8,456.8
521,OK,180,46,734,734,451.52,370.56,640.51,365.27,548.15,458.95
522,OK,180,47,736,736,452.45,371.2,642.04,366.36,550.68,461.97
523,OK,179,45,739,739,451.99,371.75,642.2,366.01,550.33,460.21
524,OK,179,47,738,738,451.76,373.96,641.68,367.93,549.99,462.56
525,OK,183,49,733,733,452.9,372.5,641.57,366.5,550.86,460.79
526,OK,183,48,734,734,453.45,373.1,642.48,366.81,552.79,461.33
527,OK,183,49,733,733,453.19,372.06,641.87,366.83,550.77,461.29
528,OK,184,49,731,731,453.21,372.66,641.31,366.81,551.21,460.03
529,OK,186,53,729,729,454.39,373.34,642.17,368.1,552.45,463.83
530,OK,185,49,732,732,455.03,372.93,643.43,367.63,553.95,461.25
531,OK,186,53,729,729,454.34,378.3,642.01,369.53,552.2,461.72
532,OK,183,53,732,732,452.89,380.68,641.0,369.49,551.65,463.97
533,OK,186,51,728,728,454.8,375.15,642.26,367.11,553.09,459.97
534,OK,186,52,728,728,455.6,373.6,642.98,369.11,552.61,462.36
535,OK,188,53,726,726,456.36,372.5,643.32,368.02,552.81,462.66
536,OK,189,49,728,728,458.24,370.16,645.7,367.2,554.08,459.12
537,OK,189,50,728,728,458.77,369.41,646.26,367.54,554.35,460.95
538,OK,188,47,732,732,458.46,370.7,647.0,367.21,555.42,458.92
539,OK,192,54,723,723,459.5,369.59,645.84,367.48,554.45,461.54
540,OK,191,48,727,727,459.02,368.88,646.3,365.43,555.85,455.26
541,OK,191,48,727,727,458.67,370.44,645.76,365.96,556.54,455.3
542,OK,190,46,728,728,458.7,369.54,646.08,365.16,556.41,454.45
543,OK,190,47,727,727,458.02,369.24,645.33,365.06,556.23,454.63
544,OK,190,46,730,730,458.91,369.76,646.98,365.67,557.4,455.41
545,OK,190,45,730,730,459.29,368.65,647.32,365.22,557.43,454.39
546,OK,191,46,730,730,460.03,370.01,648.07,366.13,559.05,455.04
547,OK,188,41,736,736,460.23,369.83,649.67,366.4,558.94,450.68
548,OK,189,41,737,737,460.16,369.31,649.99,366.16,559.79,451.54
549,OK,190,45,733,733,460.04,369.54,648.92,366.62,559.03,453.95
550,OK,191,44,733,733,459.85,369.45,648.53,364.97,559.89,454.33
551,OK,193,47,729,729,460.42,370.08,648.21,365.48,560.89,455.5
552,OK,190,45,732,732,459.62,369.58,648.13,365.56,559.4,455.15
553,OK,191,46,729,729,459.14,368.59,646.95,364.65,558.42,454.91
554,OK,191,46,731,731,459.41,370.15,647.54,365.58,559.36,454.5
555,OK,193,48,726,726,459.53,370.32,646.58,365.48,560.15,455.49
556,OK,191,45,732,732,460.09,368.97,648.51,365.78,560.11,456.16
557,OK,192,46,731,731,460.2,368.87,648.53,364.57,560.45,456.07
558,OK,193,47,729,729,460.36,368.73,648.2,365.2,559.91,455.76
559,OK,192,47,730,730,460.56,369.99,648.58,365.28,559.74,457.52
560,OK,191,46,733,733,460.87,369.38,649.66,365.51,560.0,457.63
561,OK,191,47,732,732,461.46,370.17,649.85,366.63,560.19,458.3
562,OK,192,49,730,730,461.18,370.89,649.21,367.05,560.35,460.38
563,OK,193,50,730,730,461.34,370.74,649.34,366.94,560.75,462.56
564,OK,193,53,730,730,461.46,372.99,649.45,368.54,561.14,465.89
565,OK,191,53,730,730,459.67,373.51,647.7,368.85,558.5,466.13
566,OK,193,52,729,729,460.67,371.8,648.3,367.75,559.62,463.68
567,OK,193,51,730,730,461.76,372.12,649.79,368.46,560.69,462.92
568,OK,193,51,728,728,461.49,371.37,649.02,367.74,560.09,462.07
569,OK,195,54,726,726,462.82,372.23,649.74,369.18,561.4,464.46
570,OK,193,50,730,730,461.71,372.54,649.56,367.57,561.62,461.59
571,OK,195,53,728,728,462.94,372.72,650.49,368.11,562.49,463.62
572,OK,194,52,730,730,461.92,372.76,649.9,368.44,562.1,464.15
573,OK,196,55,726,726,463.17,372.25,650.04,368.72,562.21,465.55
574,OK,194,48,730,730,463.31,371.36,651.28,368.38,562.0,457.5
575,OK,190,45,736,736,461.33,373.53,650.71,368.12,561.15,455.88
576,OK,193,46,732,732,462.58,372.09,651.11,366.43,562.24,454.83
577,OK,193,47,733,733,462.83,371.81,651.56,368.16,562.75,458.0
578,OK,193,49,732,732,462.93,372.22,651.43,368.42,562.42,461.31
579,OK,196,55,728,728,463.73,373.6,651.25,370.41,562.7,466.7
580,OK,194,55,726,726,462.52,372.86,649.5,370.34,559.92,465.23
581,OK,195,54,730,730,462.92,374.17,650.97,370.14,563.78,466.73
582,OK,196,54,728,728,464.19,372.79,651.72,369.95,563.75,464.77
583,OK,196,53,729,729,463.35,373.14,651.04,369.12,563.85,463.8
584,OK,197,53,728,728,464.72,372.73,652.3,369.21,564.75,464.02
585,OK,198,52,726,726,464.62,373.46,651.52,368.84,564.0,459.15
586,OK,199,50,727,727,464.97,373.6,652.05,367.51,565.84,456.61
587,OK,196,47,732,732,464.51,371.9,653.09,366.28,565.61,457.47
588,OK,196,47,733,733,464.09,373.06,652.79,366.02,567.29,457.03
589,OK,195,45,735,735,463.65,372.15,652.73,365.41,565.88,455.62
590,OK,193,44,738,738,463.01,372.64,652.93,365.21,566.43,458.38
591,OK,192,45,738,738,462.95,372.91,652.82,366.5,565.67,458.83
592,OK,192,44,740,740,462.81,372.79,653.32,366.84,566.18,458.38
593,OK,195,44,737,737,464.35,372.04,654.19,365.79,568.22,456.92
594,OK,199,45,731,731,467.47,370.32,655.71,365.92,567.68,452.62
595,OK,192,42,739,739,463.44,371.17,653.59,365.9,565.42,455.37
596,OK,194,47,734,734,462.77,371.31,651.87,366.73,565.18,460.55
597,OK,195,47,735,735,464.05,371.9,653.34,367.2,567.03,459.84
598,OK,195,48,735,735,464.07,371.9,653.35,367.34,566.87,460.61
599,OK,196,50,732,732,463.45,373.9,651.89,368.13,567.1,461.19
600,OK,193,47,737,737,462.95,373.67,652.7,367.8,566.05,459.97
601,OK,196,48,735,735,464.1,373.4,653.2,367.59,567.37,461.09
602,OK,197,48,733,733,463.82,373.3,652.37,365.96,567.93,459.49
603,OK,196,46,734,734,464.03,373.04,652.91,365.1,568.68,458.38
604,OK,197,48,732,732,464.24,373.19,652.6,365.53,567.84,458.69
605,OK,197,48,733,733,464.14,373.1,652.91,366.18,567.85,458.91
606,OK,197,48,733,733,464.36,373.45,653.11,366.46,568.92,459.15
607,OK,195,46,734,734,463.67,373.19,652.45,365.49,567.72,457.99
608,OK,194,46,736,736,463.12,373.58,652.58,366.33,567.69,459.2
609,OK,197,46,733,733,463.73,372.29,652.27,364.83,568.46,456.91
610,OK,196,47,734,734,464.62,372.99,653.46,366.73,568.75,458.85
611,OK,199,48,731,731,464.82,372.16,653.06,364.46,569.37,458.29
612,OK,200,50,727,727,465.29,372.21,652.36,365.47,568.3,459.07
613,OK,199,50,730,730,465.57,373.79,653.36,367.29,569.46,460.83
614,OK,198,46,733,733,464.95,371.86,653.72,364.56,569.52,456.61
615,OK,198,48,729,729,464.43,372.24,652.16,365.41,567.04,456.26
616,OK,197,49,731,731,463.94,373.31,652.15,367.23,567.12,458.69
617,OK,197,51,730,730,464.36,374.06,652.37,368.7,566.72,461.79
618,OK,196,47,735,735,464.06,373.46,653.3,366.76,568.14,459.26
619,OK,198,50,730,730,464.62,373.82,652.4,366.82,568.51,459.74
620,OK,198,42,731,731,466.96,368.24,655.33,364.36,566.3,449.27
621,OK,195,43,736,736,466.09,369.66,655.56,366.12,566.76,454.17
622,OK,194,46,739,739,464.47,372.46,654.72,368.3,567.83,460.21
623,OK,191,46,740,740,462.84,373.33,653.43,368.57,565.85,462.45
624,OK,193,46,738,738,463.91,372.45,653.98,367.81,566.53,460.9
625,OK,195,49,735,735,464.18,372.85,653.52,368.3,566.22,461.62
626,OK,196,48,734,734,464.8,373.23,653.92,369.26,566.69,460.66
627,OK,194,45,737,737,464.2,371.25,654.13,368.51,566.06,457.39
628,OK,195,46,735,735,465.19,371.15,654.6,368.56,565.96,457.61
629,OK,193,41,739,739,464.76,369.31,655.12,366.4,565.87,452.62
630,OK,194,41,737,737,464.98,368.47,654.69,366.38,566.09,451.4
631,OK,194,41,737,737,465.04,368.7,654.77,365.77,565.63,450.81
632,OK,193,40,739,739,464.73,368.98,655.02,366.43,565.65,451.83
633,OK,192,39,740,740,464.09,369.93,654.55,366.74,565.71,451.49
634,OK,193,42,738,738,464.86,369.75,654.85,368.14,565.54,455.04
635,OK,192,40,739,739,464.28,368.98,654.51,366.88,564.55,451.14
636,OK,194,41,739,739,464.69,370.05,655.11,366.53,566.39,451.88
637,OK,192,39,741,741,464.19,368.29,655.1,366.27,565.56,452.23
638,OK,194,44,736,736,464.96,369.77,654.52,369.94,564.81,455.96
639,OK,194,44,736,736,464.57,370.62,654.17,368.9,565.0,455.74
640,OK,193,42,738,738,464.97,369.77,654.99,367.78,565.61,453.82
641,OK,194,40,738,738,464.86,369.89,654.97,366.75,566.57,451.51
642,OK,194,41,737,737,464.49,369.69,654.4,366.29,566.03,450.79
643,OK,193,39,738,738,463.79,369.16,653.82,366.14,565.38,449.97
644,OK,194,41,735,735,463.54,369.87,652.84,366.39,564.93,448.38
645,OK,194,40,732,732,463.72,368.25,652.14,365.5,563.32,445.27
646,OK,196,41,730,730,463.99,369.9,652.07,364.93,564.4,445.9
647,OK,195,43,730,730,463.59,370.35,651.53,365.42,563.61,449.05
648,OK,193,41,733,733,462.71,369.76,651.38,365.2,562.34,446.92
649,OK,195,43,730,730,463.59,369.99,651.47,365.72,564.29,449.12
650,OK,194,43,733,733,462.87,370.45,651.64,365.47,564.71,450.74
651,OK,194,43,733,733,463.06,370.34,651.7,366.32,563.74,451.61
652,OK,192,42,734,734,461.51,370.3,650.58,365.6,562.04,450.32
653,OK,194,43,732,732,463.05,369.83,651.68,366.96,563.65,450.28
654,OK,194,43,732,732,462.81,370.04,651.31,365.57,564.28,450.57
655,OK,194,43,734,734,463.33,370.94,652.28,366.2,564.75,452.91
656,OK,197,45,731,731,464.85,369.86,653.18,366.73,566.64,452.41
657,OK,195,37,734,734,465.03,366.46,654.17,363.23,564.75,443.4
658,OK,193,36,739,739,464.58,366.42,654.84,364.33,564.31,445.54
659,OK,195,41,735,735,464.44,369.07,653.74,365.45,566.48,449.26
660,OK,196,43,732,732,464.98,369.15,653.45,367.03,566.41,451.69
661,OK,196,42,734,734,464.72,368.67,653.89,366.95,567.55,451.24
662,OK,198,44,732,732,466.75,368.49,655.4,367.47,568.2,452.86
663,OK,198,43,733,733,466.86,367.65,655.54,366.79,568.07,452.63
664,OK,199,47,731,731,466.74,369.27,655.01,368.38,567.52,455.7
665,OK,198,46,732,732,467.43,368.83,656.0,368.89,567.69,456.31
666,OK,201,46,729,729,468.16,367.7,656.01,367.75,569.64,453.6
667,OK,200,42,734,734,467.96,367.86,657.1,365.91,571.56,451.26
668,OK,201,47,729,729,468.38,367.63,656.11,368.84,568.01,454.54
669,OK,197,43,734,734,467.05,367.68,656.21,367.39,567.68,453.42
670,OK,199,45,733,733,468.46,367.03,657.18,367.95,568.16,454.85
671,OK,198,41,736,736,469.25,367.85,658.92,368.56,569.57,450.84
672,OK,198,41,736,736,469.68,366.21,659.2,369.48,568.97,450.77
673,OK,195,37,743,743,467.22,367.83,658.48,367.31,569.51,448.68
674,OK,198,44,733,733,467.06,367.86,655.93,367.12,567.37,453.89
675,OK,199,45,731,731,467.08,369.0,655.34,367.28,567.7,452.81
676,OK,195,41,736,736,465.5,367.64,655.07,367.03,566.02,452.61
677,OK,197,43,734,734,466.41,368.53,655.56,365.75,568.25,453.43
678,OK,197,44,736,736,466.79,369.14,656.31,367.11,568.65,456.53
679,OK,196,44,736,736,466.29,369.48,655.93,367.41,568.47,457.17
680,OK,198,43,737,737,467.19,368.45,656.94,366.93,570.15,456.12
681,OK,199,46,735,735,468.02,369.15,657.27,368.02,571.01,457.88
682,OK,200,45,734,734,467.76,369.44,656.77,366.41,571.95,457.65
683,OK,202,47,732,732,469.07,370.06,657.69,366.44,574.23,459.43
684,OK,202,47,734,734,469.63,369.83,658.58,367.57,574.82,460.67
685,OK,205,50,729,729,470.03,370.21,657.86,367.61,574.85,460.93
686,OK,205,44,735,735,473.11,369.22,662.41,370.12,577.03,452.37
687,OK,203,42,740,740,472.8,369.97,663.31,370.08,578.23,454.94
688,OK,200,44,739,739,469.69,368.8,660.05,366.86,574.54,458.6
689,OK,201,45,738,738,470.8,369.2,660.88,368.67,575.24,459.5
690,OK,200,43,740,740,470.84,368.12,661.5,367.87,575.08,458.81
691,OK,203,47,735,735,471.09,368.63,660.5,367.81,575.75,460.63
692,OK,203,47,735,735,471.33,368.54,660.59,367.54,575.45,460.28
693,OK,204,47,734,734,471.38,368.98,660.36,367.34,576.34,460.54
694,OK,201,45,738,738,470.6,368.13,660.74,367.78,575.25,460.24
695,OK,205,48,733,733,471.98,368.27,660.86,367.9,575.98,460.22
696,OK,205,46,735,735,472.83,367.33,662.25,367.59,577.15,459.31
697,OK,202,45,738,738,471.46,368.03,661.46,368.16,576.53,459.93
698,OK,204,45,737,737,472.56,367.25,662.38,367.75,577.21,459.25
699,OK,205,47,735,735,473.31,367.44,662.5,368.91,577.87,459.98
700,OK,203,44,738,738,471.99,368.31,661.98,368.38,577.24,459.47
701,OK,203,45,737,737,471.58,367.66,661.51,368.32,575.95,459.01
702,OK,204,47,734,734,472.37,368.47,661.42,368.77,576.54,460.09
703,OK,204,46,737,737,472.54,369.02,662.38,369.95,577.17,458.62
704,OK,205,46,734,734,473.38,368.51,662.43,370.29,577.86,458.35
705,OK,204,45,738,738,473.78,370.7,663.75,371.75,578.93,457.98
706,OK,203,42,740,740,473.06,372.3,663.63,372.5,578.05,452.66
707,OK,205,46,736,736,473.85,371.81,663.48,371.96,577.96,457.52
708,OK,205,48,734,734,472.72,370.92,661.78,370.56,577.47,459.85
709,OK,204,47,737,737,473.03,369.7,662.76,371.73,576.68,460.91
710,OK,204,47,737,737,473.09,369.82,662.78,371.35,576.76,459.58
711,OK,204,46,738,738,473.34,371.4,663.52,372.5,578.23,459.49
712,OK,202,45,740,740,472.24,371.2,662.73,372.89,576.86,459.41
713,OK,201,42,742,742,472.17,370.09,663.27,370.55,576.49,457.22
714,OK,201,41,745,745,471.87,369.72,663.73,369.54,578.47,457.36
715,OK,200,42,742,742,471.83,368.71,662.97,370.2,576.2,456.67
716,OK,201,42,743,743,471.58,369.22,662.89,368.27,576.92,457.35
717,OK,199,41,742,742,470.6,368.42,661.68,368.37,574.9,457.1
718,OK,201,42,741,741,471.51,368.81,662.32,368.59,575.45,457.25
719,OK,201,43,740,740,471.53,368.62,662.01,369.12,575.36,457.35
720,OK,200,42,740,740,471.33,368.79,661.87,369.03,574.71,456.75
721,OK,198,43,743,743,470.94,369.28,662.2,370.97,573.37,457.89
722,OK,199,43,741,741,470.84,369.89,661.59,370.59,573.59,457.54
723,OK,200,41,742,742,471.73,368.76,662.75,370.33,575.11,455.63
724,OK,201,42,741,741,472.4,368.55,663.31,370.06,575.12,455.7
725,OK,201,41,743,743,473.12,368.36,664.58,369.52,576.95,456.26
726,OK,199,39,746,746,472.19,368.16,664.3,369.62,576.66,456.59
727,OK,201,41,744,744,474.15,368.79,665.68,370.48,578.05,456.89
728,OK,201,38,746,746,473.7,368.53,665.86,369.1,578.64,454.93
729,OK,200,38,748,748,473.64,368.94,666.23,368.66,578.42,455.28
730,OK,200,39,747,747,473.8,369.04,666.09,369.28,577.72,455.03
731,OK,198,35,750,750,473.07,368.51,666.23,368.34,577.82,453.0
732,OK,202,42,743,743,473.84,369.12,665.31,371.43,577.3,456.96
733,OK,201,43,741,741,471.97,369.68,662.82,371.05,574.76,457.58
734,OK,200,40,742,742,471.96,368.83,663.16,370.46,575.67,453.8
735,OK,200,43,740,740,471.2,369.11,661.88,371.12,573.76,456.96
736,OK,203,44,736,736,472.95,368.55,662.47,370.22,575.55,455.17
737,OK,203,44,736,736,473.17,368.12,662.8,370.39,575.48,454.82
738,OK,204,42,739,739,473.76,368.47,664.16,370.43,577.15,453.65
739,OK,204,42,741,741,475.2,368.81,665.99,370.14,579.34,454.67
740,OK,205,43,737,737,474.4,368.23,664.14,369.99,577.26,453.3
741,OK,203,42,738,738,473.1,368.52,663.29,370.19,576.14,454.44
742,OK,201,41,740,740,471.96,367.67,662.45,369.71,574.99,454.59
743,OK,204,43,735,735,472.55,368.61,661.8,369.9,575.85,452.21
744,OK,206,45,733,733,473.87,368.57,662.72,369.33,577.12,453.19
745,OK,203,40,740,740,473.05,369.15,663.66,369.27,577.84,452.48
746,OK,199,33,751,751,473.88,367.18,667.24,370.89,578.52,447.81
747,OK,199,38,745,745,471.99,368.29,663.74,369.78,575.68,452.21
748,OK,207,46,733,733,473.82,367.8,662.65,370.35,577.89,455.75
749,OK,205,43,736,736,473.25,367.07,662.81,369.7,578.28,455.6
750,OK,204,45,737,737,472.6,368.03,662.33,369.89,577.86,457.84
751,OK,204,44,737,737,472.28,368.5,662.21,368.98,577.0,456.18
752,OK,202,42,740,740,472.78,368.48,663.37,368.16,576.93,457.29
753,OK,204,44,738,738,472.77,368.45,662.83,368.78,578.32,458.28
754,OK,200,42,742,742,471.57,367.82,662.56,367.58,576.34,458.69
755,OK,202,43,740,740,473.02,366.86,663.55,367.72,577.13,459.06
756,OK,205,43,736,736,473.99,366.91,663.59,367.74,578.62,456.14
757,OK,206,44,735,735,474.24,366.08,663.41,368.83,577.84,456.11
758,OK,210,48,729,729,475.76,366.54,663.42,369.15,579.23,457.43
759,OK,203,41,741,741,473.38,368.2,664.3,369.48,577.6,453.78
760,OK,199,35,745,745,472.13,366.35,664.06,370.2,575.73,446.77
761,OK,201,42,739,739,471.27,366.03,661.6,370.28,573.76,454.25
762,OK,198,41,740,740,469.78,366.52,660.34,368.93,572.19,455.93
763,OK,202,43,739,739,471.87,367.41,662.23,369.56,576.16,457.03
764,OK,203,43,736,736,472.19,366.68,661.79,368.02,575.54,454.99
765,OK,203,42,739,739,472.25,367.98,662.6,368.54,576.72,454.73
766,OK,206,46,731,731,473.13,367.35,661.45,368.12,576.47,454.31
767,OK,206,46,732,732,473.68,367.08,662.13,369.91,576.66,456.42
768,OK,206,47,731,731,472.96,367.97,661.23,370.47,576.84,456.55
769,OK,204,45,734,734,471.45,367.91,660.53,370.1,576.15,455.99
770,OK,203,43,736,736,472.24,367.35,661.82,369.14,575.92,455.38
771,OK,201,43,740,740,471.81,368.07,662.29,369.69,576.15,457.49
772,OK,205,45,736,736,473.28,368.2,662.9,369.07,578.51,457.53
773,OK,201,43,739,739,472.2,368.92,662.43,371.75,574.63,455.32
774,OK,200,33,749,749,474.58,366.48,667.5,372.12,578.03,446.55
775,OK,198,34,751,751,472.65,367.69,666.05,370.26,577.41,449.9
776,OK,200,40,743,743,471.99,368.31,663.26,370.64,574.78,454.21
777,OK,205,44,736,736,474.33,367.06,663.98,370.31,578.09,455.34
778,OK,203,42,738,738,473.4,366.58,663.5,369.3,577.53,455.02
779,OK,206,46,735,735,473.6,367.75,662.77,370.24,578.15,457.58
780,OK,204,44,737,737,473.34,367.66,663.07,368.83,577.45,455.89
781,OK,205,45,737,737,473.35,368.2,663.09,370.54,578.37,457.37
782,OK,201,42,740,740,472.21,367.31,662.73,368.56,576.45,456.26
783,OK,205,46,735,735,473.2,367.48,662.61,370.12,577.1,457.73
784,OK,203,43,739,739,472.98,367.36,663.42,368.04,576.9,457.32
785,OK,203,43,738,738,472.68,367.88,662.74,368.48,577.28,456.43
786,OK,202,42,740,740,472.63,367.87,663.34,369.28,577.59,455.89
787,OK,203,43,738,738,472.87,367.78,662.94,369.63,576.72,457.3
788,OK,208,47,733,733,474.46,368.16,663.14,369.6,579.2,457.49
789,OK,204,44,736,736,473.42,367.15,663.03,369.44,576.72,456.92
790,OK,200,43,741,741,471.69,366.74,662.44,369.14,574.81,458.94
791,OK,205,46,734,734,473.41,366.76,662.45,368.46,577.44,458.96
792,OK,204,46,736,736,473.13,367.38,662.76,369.43,577.02,460.54
793,OK,206,46,733,733,473.59,366.47,662.37,368.46,576.56,457.45
794,OK,204,44,735,735,473.39,365.16,662.62,368.19,575.8,456.1
795,OK,213,49,724,724,477.26,365.71,663.72,368.32,580.56,455.36
796,OK,211,48,726,726,476.46,365.87,663.39,369.22,579.29,455.91
797,OK,202,36,743,743,474.61,366.5,665.9,371.55,577.26,446.93
798,OK,199,35,746,746,472.62,367.29,664.87,369.4,576.59,447.87
799,OK,203,40,738,738,473.29,367.01,663.45,370.05,576.14,450.37
800,OK,203,40,740,740,474.17,367.39,664.78,369.36,578.04,453.41
801,OK,204,41,741,741,474.0,367.84,664.72,369.57,578.83,454.27
802,OK,205,42,738,738,474.39,368.13,664.42,368.76,578.67,455.1
803,OK,203,41,740,740,473.78,367.32,664.35,368.86,577.88,454.36
804,OK,203,41,740,740,474.16,367.58,664.76,369.52,577.6,455.45
805,OK,202,37,746,746,475.07,369.28,667.18,371.14,579.77,450.8
806,OK,197,29,756,756,474.41,367.19,668.96,371.64,579.61,444.98
807,OK,203,36,745,745,475.35,368.04,667.3,372.75,578.81,447.22
808,OK,203,41,741,741,474.64,369.24,665.39,372.01,576.11,452.88
809,OK,205,39,737,737,474.61,367.15,664.32,365.51,577.4,448.33
810,OK,195,39,742,742,468.7,367.99,659.66,363.4,569.19,455.67
811,OK,193,39,742,742,467.1,367.78,658.09,364.02,565.63,455.8
812,OK,185,35,740,740,460.01,368.49,650.31,358.78,555.58,447.29
813,OK,180,39,738,738,452.67,369.24,642.41,357.77,551.24,454.38
814,OK,167,34,736,736,439.52,370.23,628.31,351.67,538.01,443.64
815,OK,157,32,742,742,432.44,371.61,622.32,350.39,529.84,446.63
816,OK,155,37,747,747,429.42,378.29,620.45,354.44,531.07,454.2
817,OK,159,42,736,736,431.13,378.26,619.3,355.64,530.7,454.69
818,OK,163,61,727,727,430.16,394.18,615.7,368.2,530.06,467.28
819,OK,160,64,739,739,430.9,398.63,619.37,372.42,533.36,481.38
820,OK,154,63,745,745,426.56,400.16,617.1,377.16,530.56,481.68
821,OK,155,70,738,738,427.89,402.43,616.96,383.34,527.2,486.23
822,OK,154,71,740,740,425.78,404.19,614.95,381.74,527.73,490.56
823,OK,153,74,739,739,422.9,405.08,611.89,381.64,527.75,492.87
824,OK,147,68,742,742,417.73,404.56,607.4,380.17,524.81,486.99
825,OK,147,70,742,742,417.55,404.85,607.42,382.26,524.25,489.14
826,OK,145,67,748,748,417.45,404.02,608.88,382.83,525.78,490.28
827,OK,146,69,744,744,417.69,403.71,608.28,382.72,524.65,490.18
828,OK,146,72,743,743,417.12,407.41,606.89,381.88,523.31,491.64
829,OK,146,66,751,751,419.13,405.4,610.86,380.4,528.56,489.49
830,OK,152,69,740,740,422.64,400.89,612.26,382.11,528.2,488.46
831,OK,151,69,740,740,422.59,399.97,612.24,382.24,525.4,488.68
832,OK,155,71,736,736,425.86,395.65,615.03,382.03,526.97,489.66
833,OK,157,71,737,737,427.37,396.52,616.67,381.15,529.91,490.24
834,OK,158,70,734,734,426.88,395.04,615.4,380.28,529.22,488.34
835,OK,155,69,736,736,424.72,397.25,613.3,378.19,528.52,487.59
836,OK,148,68,743,743,420.76,398.42,611.23,381.02,523.93,489.76
837,OK,154,67,742,742,425.14,399.68,615.62,383.96,529.63,484.78
838,OK,155,69,741,741,425.28,400.26,615.31,383.09,530.22,486.73
839,OK,150,66,746,746,424.11,400.71,615.44,382.49,527.95,488.14
840,OK,153,66,748,748,427.67,399.6,619.83,384.84,530.78,489.02
841,OK,154,62,753,753,430.69,398.74,624.2,385.16,532.97,485.29
842,OK,161,66,743,743,434.47,395.28,625.62,385.71,534.1,484.43
843,OK,162,67,745,745,435.52,397.52,627.02,386.3,536.99,486.71
844,OK,163,69,742,742,436.28,398.62,626.95,387.34,537.54,487.95
845,OK,166,69,742,742,439.3,398.25,630.25,388.46,541.01,486.78
846,OK,166,69,740,740,438.55,397.0,628.99,387.2,539.59,487.35
847,OK,164,69,741,741,436.58,396.36,627.25,387.42,536.88,486.53
848,OK,161,68,744,744,434.94,397.34,626.18,386.82,536.0,488.68
849,OK,162,67,742,742,435.73,396.28,626.66,385.56,536.59,486.56
850,OK,161,67,742,742,434.49,395.79,625.43,385.96,534.87,486.14
851,OK,161,63,747,747,435.24,398.52,627.2,386.34,537.6,480.44
852,OK,157,62,750,750,433.54,398.77,626.05,384.14,536.17,483.19
853,OK,165,68,744,744,437.89,396.99,629.19,387.86,540.48,487.87
854,OK,161,66,748,748,435.34,398.34,627.72,387.16,538.6,487.8
855,OK,162,67,747,747,435.91,398.03,627.98,387.65,538.36,487.54
856,OK,162,68,744,744,435.15,397.98,626.38,387.65,537.38,488.01
857,OK,163,68,743,743,435.99,396.36,627.21,387.76,537.61,487.83
858,OK,164,71,737,737,436.24,396.02,625.99,389.82,534.25,485.08
859,OK,166,71,734,734,436.66,394.64,625.6,389.11,535.52,485.19
860,OK,167,74,731,731,436.25,394.31,624.51,389.0,534.65,486.5
861,OK,165,73,734,734,435.97,395.97,625.0,388.61,535.5,488.66
862,OK,167,73,732,732,436.21,395.07,624.65,388.64,535.82,487.98
863,OK,165,71,733,733,435.2,393.06,624.04,388.5,532.82,484.62
864,OK,168,73,728,728,436.59,391.88,624.16,387.24,533.95,484.57
865,OK,165,71,733,733,435.53,392.31,624.31,387.79,532.68,484.35
866,OK,161,68,737,737,433.81,392.25,623.58,387.48,530.66,483.61
867,OK,165,70,735,735,435.7,393.73,624.9,386.89,534.74,484.54
868,OK,160,66,741,741,433.12,397.24,623.72,386.06,533.53,480.96
869,OK,164,69,737,737,434.21,397.15,623.84,386.51,535.14,482.53
870,OK,165,70,732,732,435.27,393.86,623.71,387.3,533.0,483.0
871,OK,166,70,731,731,436.01,392.09,624.15,386.58,532.57,482.33
872,OK,165,71,733,733,435.7,393.15,624.47,387.68,532.64,484.26
873,OK,166,71,732,732,436.36,393.66,624.89,387.39,533.82,483.6
874,OK,167,70,732,732,437.87,391.61,626.48,387.05,534.88,483.38
875,OK,168,72,733,733,438.77,392.51,627.47,388.18,535.36,485.73
876,OK,165,70,736,736,437.26,393.47,626.74,387.71,534.48,486.39
877,OK,168,73,733,733,438.26,393.89,627.01,388.59,535.44,487.77
878,OK,168,71,732,732,437.83,393.94,626.24,387.6,536.05,485.12
879,OK,169,74,731,731,438.64,394.68,626.68,387.8,537.17,486.86
880,OK,168,69,736,736,439.11,396.96,628.41,387.03,539.46,483.91
881,OK,166,70,734,734,436.43,396.65,625.2,385.07,535.47,483.33
882,OK,167,69,735,735,437.75,394.33,626.77,385.87,536.92,483.82
883,OK,168,71,732,732,438.18,393.78,626.49,386.65,536.07,485.49
884,OK,169,72,732,732,439.19,393.41,627.52,387.37,537.14,487.56
885,OK,171,74,729,729,439.3,393.52,626.96,387.38,537.37,486.04
886,OK,170,74,731,731,439.5,394.2,627.62,388.76,537.04,488.33
887,OK,172,74,727,727,439.3,393.68,626.52,386.77,537.14,485.66
888,OK,172,74,727,727,440.02,393.22,627.19,387.22,537.09,485.61
889,OK,170,74,729,729,438.82,393.85,626.6,388.4,535.93,485.82
890,OK,168,72,733,733,438.74,394.06,627.37,388.15,536.42,485.8
891,OK,167,71,732,732,437.44,393.43,625.88,387.65,534.73,484.68
892,OK,168,71,733,733,438.57,392.9,627.17,387.28,536.53,484.44
893,OK,171,72,729,729,440.0,391.66,627.76,386.99,537.03,483.16
894,OK,170,69,733,733,440.86,390.28,629.6,386.97,537.13,481.97
895,OK,167,69,733,733,438.35,390.72,627.0,386.31,534.37,481.99
896,OK,166,70,733,733,437.37,391.35,626.1,386.6,534.2,483.2
897,OK,165,67,734,734,436.71,390.37,625.75,385.34,533.67,481.42
898,OK,167,69,731,731,437.3,390.22,625.42,385.75,532.67,480.91
899,OK,168,69,731,731,438.54,389.77,626.89,386.07,534.25,480.84
900,OK,168,68,731,731,439.25,389.07,627.51,385.41,533.69,479.79
901,OK,171,71,725,725,439.67,389.88,626.31,386.42,533.71,479.52
902,OK,169,70,726,726,439.39,389.01,626.28,386.47,532.77,478.95
903,OK,167,70,728,728,437.84,390.23,625.42,386.89,531.45,479.6
904,OK,168,71,729,729,437.51,391.67,625.3,386.49,532.91,481.38
905,OK,168,68,728,728,436.79,394.79,624.12,384.25,534.81,474.5
906,OK,169,67,731,731,438.16,393.69,626.36,385.06,536.21,476.25
907,OK,170,69,728,728,439.33,392.13,626.76,386.33,536.18,477.33
908,OK,169,70,726,726,438.47,391.6,625.3,387.72,533.53,477.29
909,OK,172,71,724,724,440.76,390.71,627.17,387.2,534.77,477.46
910,OK,173,70,724,724,441.46,389.59,627.8,385.93,535.51,476.79
911,OK,174,72,722,722,442.33,389.2,628.31,387.27,535.95,478.95
912,OK,173,73,724,724,441.6,390.09,628.11,387.6,535.36,481.22
913,OK,174,73,723,723,442.59,389.34,628.69,387.44,535.97,479.66
914,OK,176,72,722,722,444.64,388.17,630.66,387.1,537.48,478.64
915,OK,175,72,723,723,443.67,388.32,629.9,386.27,537.01,478.93
916,OK,177,71,721,721,444.95,386.69,630.76,386.56,537.62,476.85
917,OK,178,74,718,718,444.96,388.16,629.88,386.63,538.01,479.35
918,OK,176,72,721,721,444.05,387.81,629.69,387.63,536.02,477.93
919,OK,175,72,722,722,443.32,388.25,629.16,386.45,536.75,479.94
920,OK,175,71,722,722,443.75,387.93,629.77,386.12,536.25,477.66
921,OK,176,72,724,724,443.81,392.57,630.35,387.82,539.32,478.01
922,OK,172,70,725,725,439.29,395.14,625.81,384.0,536.49,475.51
923,OK,178,75,719,719,444.33,392.37,629.52,388.62,538.36,478.08
924,OK,175,72,722,722,442.62,391.11,628.45,386.46,536.58,477.71
925,OK,174,71,724,724,442.01,389.99,628.39,387.69,536.82,478.46
926,OK,175,73,722,722,442.72,390.14,628.65,386.55,537.69,480.43
927,OK,173,72,726,726,442.7,390.44,629.55,387.09,537.76,482.97
928,OK,176,72,723,723,444.14,389.23,630.47,387.74,538.13,478.4
929,OK,175,72,727,727,444.2,390.05,631.44,387.13,539.11,483.0
930,OK,175,71,727,727,444.45,389.32,631.79,387.4,539.57,480.8
931,OK,177,71,727,727,446.07,388.03,633.45,387.29,540.93,480.39
932,OK,175,72,726,726,444.93,389.45,632.02,388.24,538.99,481.99
933,OK,174,67,731,731,443.61,394.14,631.61,385.01,540.77,475.88
934,OK,175,70,731,731,444.72,395.74,632.82,386.23,543.16,479.48
935,OK,177,71,730,730,445.83,393.48,633.86,386.84,545.14,482.25
936,OK,175,72,729,729,444.2,391.95,631.83,386.42,541.66,484.16
937,OK,176,78,724,724,443.87,392.13,630.3,390.05,538.96,490.47
938,OK,169,73,726,726,438.39,391.55,625.28,385.78,533.77,484.06
939,OK,170,72,727,727,438.13,395.2,625.26,386.13,535.01,481.22
940,OK,169,73,726,726,438.05,392.99,624.75,383.66,533.84,484.85
941,OK,174,77,723,723,441.47,390.04,627.58,385.71,536.29,489.89
942,OK,168,75,728,728,438.01,389.29,625.39,384.72,532.86,491.17
943,OK,179,76,712,712,444.42,382.38,627.69,383.3,535.09,482.17
944,OK,179,75,712,712,444.11,381.12,627.56,383.33,534.19,480.63
945,OK,170,68,720,720,438.72,378.7,624.1,380.07,528.99,476.75
946,OK,165,69,728,728,435.11,383.95,622.66,381.94,529.28,483.24
947,OK,157,66,736,736,430.45,382.43,620.12,383.82,525.46,486.2
948,OK,151,62,741,741,424.0,382.33,614.9,380.21,523.54,484.31
949,OK,153,65,739,739,424.68,384.38,614.97,384.04,524.44,485.62
950,OK,166,77,736,736,434.06,396.26,623.54,389.91,540.73,498.49
951,OK,164,76,741,741,435.54,396.81,626.28,394.14,538.62,497.28
952,OK,172,79,735,735,442.95,393.53,632.26,398.49,540.39,497.28
953,OK,178,82,729,729,445.65,393.59,633.37,394.8,545.29,499.69
954,OK,176,81,729,729,444.51,393.12,632.26,394.65,542.38,496.89
955,OK,178,83,725,725,445.41,392.57,632.13,394.04,541.9,496.93
956,OK,177,81,725,725,445.14,392.45,631.9,394.92,541.13,494.14
957,OK,178,81,724,724,444.81,391.81,631.33,392.95,542.47,494.48
958,OK,173,78,732,732,442.69,396.5,631.26,397.57,542.2,492.64
959,OK,172,75,733,733,440.95,397.26,629.77,395.94,541.3,487.35
960,OK,168,75,731,731,436.4,395.24,624.68,391.67,536.35,487.59
961,OK,171,78,725,725,436.51,395.59,623.27,390.94,536.17,488.25
962,OK,171,76,729,729,438.36,392.61,626.17,390.57,537.8,489.43
963,OK,172,78,726,726,439.46,392.2,626.48,390.0,537.55,491.25
964,OK,169,75,730,730,438.28,391.98,626.22,389.41,536.39,489.62
965,OK,171,78,724,724,438.37,391.77,624.9,390.61,534.47,489.63
966,OK,165,67,734,734,437.71,385.41,626.8,387.28,532.77,483.6
967,OK,165,66,735,735,436.71,385.41,626.11,385.57,533.66,481.79
968,OK,166,65,735,735,437.9,383.84,627.21,385.29,534.87,480.81
969,OK,168,65,732,732,438.85,382.68,627.28,385.26,536.31,478.77
970,OK,169,66,730,730,438.34,383.57,626.4,385.26,535.63,479.41
971,OK,167,65,732,732,438.06,384.19,626.48,385.3,534.91,478.63
972,OK,165,66,733,733,436.44,385.43,625.31,386.02,533.07,478.45
973,OK,166,66,732,732,436.89,384.91,625.49,386.21,533.24,480.43
974,OK,163,65,734,734,435.63,384.86,624.65,386.19,531.55,480.14
975,OK,165,67,732,732,436.22,385.49,624.86,386.36,532.41,481.69
976,OK,167,69,730,730,437.32,386.11,625.31,387.29,533.32,481.57
977,OK,168,71,728,728,438.01,386.82,625.45,387.82,533.37,483.43
978,OK,163,70,734,734,434.84,390.42,623.87,389.08,531.32,485.76
979,OK,164,67,736,736,435.33,394.08,624.72,387.64,535.49,480.92
980,OK,165,68,733,733,436.37,391.27,625.23,388.45,532.96,479.4
981,OK,167,72,731,731,437.32,391.44,625.6,388.5,533.33,485.05
982,OK,166,72,731,731,436.32,390.84,624.7,388.79,532.61,484.6
983,OK,167,70,732,732,437.38,390.29,625.89,387.32,534.79,484.33
984,OK,170,70,729,729,439.63,387.47,627.47,386.86,535.14,482.25
985,OK,169,71,729,729,439.38,387.94,627.12,386.94,534.58,483.36
986,OK,172,73,727,727,440.67,388.94,627.99,388.21,535.96,484.95
987,OK,170,72,726,726,440.03,387.38,626.91,387.6,533.92,482.8
988,OK,172,73,725,725,441.16,387.62,627.87,388.18,534.26,482.65
989,OK,174,73,724,724,443.37,386.36,629.83,388.39,536.14,483.65
990,OK,180,76,719,719,446.74,385.34,631.96,388.26,540.14,483.57
991,OK,182,76,718,718,448.14,385.14,633.11,388.36,541.5,483.52
992,OK,181,75,719,719,448.0,384.2,633.06,389.62,539.85,482.86
993,OK,178,73,721,721,445.56,383.69,631.35,387.04,537.91,481.52
994,OK,173,75,725,725,440.82,390.62,627.58,388.26,536.14,485.08
995,OK,171,68,731,731,440.57,390.5,628.71,385.36,537.88,478.23
996,OK,173,73,725,725,440.46,391.7,627.14,387.04,537.35,481.53
997,OK,171,73,727,727,439.77,390.06,626.99,388.06,535.43,483.57
998,OK,173,71,724,724,442.1,386.72,628.6,386.68,536.59,480.16
999,OK,175,73,723,723,442.91,386.82,629.18,386.47,537.48,481.86
1000,OK,176,72,722,722,444.77,385.48,630.66,387.41,538.09,480.02
1001,OK,178,73,720,720,445.82,384.39,631.26,387.42,538.81,480.49
1002,OK,179,73,721,721,446.48,384.58,632.25,387.31,540.15,481.39
1003,OK,182,76,717,717,448.04,384.8,632.62,388.9,540.75,481.92
1004,OK,182,76,717,717,448.13,384.1,632.66,388.38,540.83,481.97
1005,OK,178,72,723,723,446.42,383.92,632.55,387.61,539.83,482.08
1006,OK,175,72,724,724,444.29,386.06,630.69,388.48,537.92,482.56
1007,OK,179,77,718,718,445.96,387.06,630.93,389.04,539.18,484.03
1008,OK,180,75,718,718,447.06,384.67,632.06,388.5,539.56,483.34
1009,OK,182,76,717,717,447.2,384.7,631.9,388.11,540.7,483.13
1010,OK,182,76,717,717,447.54,384.11,632.22,387.81,540.56,482.49
1011,OK,181,75,718,718,447.94,385.67,632.76,388.74,540.8,481.57
1012,OK,185,79,713,713,449.34,385.82,632.88,389.46,541.91,482.5
1013,OK,187,80,710,710,449.2,389.0,631.96,389.49,544.08,481.78
1014,OK,187,78,710,710,449.08,388.62,631.91,388.59,543.79,478.67
1015,OK,183,77,714,714,447.15,389.95,631.04,389.05,542.73,478.67
1016,OK,186,78,711,711,448.5,389.35,631.52,388.5,542.98,477.66
1017,OK,186,77,711,711,448.84,389.23,632.0,389.36,542.99,476.23
1018,OK,187,78,709,709,449.82,387.63,632.36,389.47,542.69,475.52
1019,OK,188,78,709,709,449.42,388.42,632.09,389.33,543.84,477.08
1020,OK,186,76,712,712,449.42,387.94,632.8,389.2,543.89,475.71
1021,OK,185,75,712,712,448.88,387.74,632.14,389.6,542.51,474.27
1022,OK,188,77,708,708,449.67,388.26,632.12,388.19,544.02,475.47
1023,OK,187,76,711,711,449.36,387.44,632.49,388.34,543.71,475.36
1024,OK,186,77,711,711,448.61,388.2,631.62,388.93,542.71,475.57
1025,OK,187,75,710,710,449.83,387.39,632.59,388.84,542.97,473.69
1026,OK,184,71,714,714,449.2,384.37,632.98,386.94,542.2,470.58
1027,OK,186,73,711,711,450.05,384.35,633.14,388.2,542.03,471.7
1028,OK,183,70,717,717,448.63,384.3,633.19,386.47,542.3,471.12
1029,OK,182,71,717,717,448.38,385.18,633.12,388.82,541.16,471.63
1030,OK,181,70,718,718,447.74,385.12,632.68,388.54,541.43,472.75
1031,OK,179,69,720,720,446.72,385.66,632.16,388.36,540.3,472.31
1032,OK,183,70,716,716,448.57,385.15,632.86,387.61,541.72,470.96
1033,OK,178,62,727,727,446.88,385.32,634.18,382.99,543.38,466.73
1034,OK,177,62,727,727,445.71,384.89,633.06,382.29,540.75,468.01
1035,OK,181,65,722,722,449.36,381.17,635.33,385.05,542.57,469.15
1036,OK,178,62,723,723,446.6,378.7,632.66,382.73,539.37,465.44
1037,OK,180,63,720,720,447.4,378.91,632.91,382.3,539.92,466.66
1038,OK,179,63,721,721,446.34,378.16,632.13,381.7,538.94,467.58
1039,OK,178,62,722,722,445.77,378.94,631.8,381.25,539.86,466.01
1040,OK,180,63,718,718,445.83,376.86,630.82,377.9,540.88,468.6
1041,OK,181,63,719,719,447.39,375.51,632.45,378.53,541.15,467.46
1042,OK,184,63,714,714,448.88,376.42,632.82,378.15,542.09,464.19
1043,OK,184,62,716,716,449.86,375.93,634.19,377.94,543.67,463.85
1044,OK,185,64,713,713,449.28,377.31,632.89,378.75,542.6,463.92
1045,OK,184,62,717,717,449.62,376.17,634.19,378.07,542.84,464.0
1046,OK,185,65,713,713,448.64,377.79,632.31,378.93,542.03,464.63
1047,OK,184,64,715,715,449.1,377.2,633.22,379.24,541.92,465.73
1048,OK,184,64,715,715,448.76,378.12,632.92,378.59,542.95,465.45
1049,OK,185,65,713,713,449.13,377.55,632.72,378.49,542.64,464.08
1050,OK,184,64,714,714,448.65,377.8,632.43,378.51,541.62,465.41
1051,OK,186,65,712,712,449.53,378.09,633.04,378.44,543.91,464.37
1052,OK,184,64,714,714,448.45,378.22,632.26,377.95,541.95,464.65
1053,OK,185,63,714,714,448.95,377.65,632.9,377.02,543.73,463.95
1054,OK,186,63,714,714,450.77,376.34,634.57,378.06,544.49,463.26
1055,OK,188,61,717,717,452.54,377.88,637.33,377.89,547.43,461.66
1056,OK,192,68,708,708,453.68,378.1,636.05,379.44,547.38,465.57
1057,OK,188,62,715,715,451.83,377.49,636.09,377.14,546.71,461.3
1058,OK,189,65,710,710,452.22,377.71,635.0,379.43,546.25,462.74
1059,OK,189,66,710,710,452.84,377.02,635.7,379.97,545.46,464.36
1060,OK,188,65,713,713,452.38,376.32,636.01,379.84,545.75,465.7
1061,OK,186,64,714,714,451.21,375.38,635.17,379.27,544.51,465.45
1062,OK,187,62,714,714,451.85,375.71,635.63,378.37,544.65,462.64
1063,OK,189,64,713,713,453.15,375.94,636.69,378.82,546.46,464.27
1064,OK,187,65,714,714,452.44,376.33,636.33,380.68,544.09,465.87
1065,OK,190,64,712,712,454.07,375.43,637.33,379.28,546.73,464.05
1066,OK,190,64,712,712,454.04,376.33,637.29,378.09,547.42,463.38
1067,OK,191,64,711,711,454.34,374.74,637.36,378.41,546.45,463.22
1068,OK,191,63,712,712,454.75,375.01,638.19,378.15,547.91,462.89
1069,OK,187,63,714,714,451.61,375.33,635.58,378.4,544.46,463.4
1070,OK,190,65,711,711,452.25,376.83,635.48,378.23,546.21,464.46
1071,OK,187,62,715,715,451.35,375.43,635.61,377.92,544.92,463.26
1072,OK,186,63,714,714,450.61,377.1,634.64,377.87,544.58,463.36
1073,OK,189,64,713,713,452.42,375.75,636.16,378.42,546.25,464.15
1074,OK,189,62,715,715,453.51,375.48,637.63,378.45,547.13,462.96
1075,OK,191,64,712,712,454.5,376.89,637.82,378.49,548.89,463.06
1076,OK,189,63,715,715,453.5,375.98,637.54,378.65,547.51,463.42
1077,OK,190,64,711,711,453.14,376.07,636.38,377.89,547.01,462.56
1078,OK,191,64,712,712,454.75,376.25,638.13,379.04,548.75,463.56
1079,OK,189,61,716,716,454.05,377.41,638.56,378.28,549.02,460.49
1080,OK,191,64,713,713,454.23,375.61,637.94,378.39,548.01,463.3
1081,OK,181,62,722,722,447.91,386.59,633.8,383.34,543.47,462.13
1082,OK,184,66,719,719,450.92,384.81,636.05,385.95,544.46,465.97
1083,OK,186,64,718,718,453.87,378.72,638.62,385.54,545.21,464.67
1084,OK,186,65,719,719,453.27,380.02,638.35,385.36,545.61,467.13
1085,OK,188,66,715,715,452.93,378.64,637.15,382.11,545.44,466.3
1086,OK,189,68,713,713,453.56,380.22,637.23,383.87,545.66,467.28
1087,OK,187,62,719,719,453.36,379.15,638.48,381.03,548.03,463.15
1088,OK,188,67,713,713,453.09,379.43,636.61,382.79,544.85,465.94
1089,OK,188,66,713,713,452.54,378.74,636.15,383.0,543.98,464.05
1090,OK,191,68,711,711,454.47,379.09,637.66,383.9,546.24,465.18
1091,OK,188,65,714,714,453.38,379.62,637.25,383.27,545.98,464.49
1092,OK,189,68,714,714,453.68,383.23,637.56,385.4,547.23,467.47
1093,OK,184,65,720,720,449.27,388.89,634.55,384.76,546.55,463.78
1094,OK,184,65,721,721,450.57,386.24,636.18,384.67,545.45,464.8
1095,OK,188,68,717,717,454.09,383.21,638.64,387.32,546.79,467.94
1096,OK,188,68,715,715,452.75,381.62,636.79,385.19,545.25,466.74
1097,OK,188,67,713,713,452.7,379.71,636.19,383.74,544.15,465.29
1098,OK,190,69,711,711,454.14,378.46,637.15,384.4,544.73,466.78
1099,OK,189,69,711,711,452.37,379.89,635.5,383.97,544.3,466.77
1100,OK,185,64,716,716,451.24,378.31,635.57,382.13,543.76,465.75
1101,OK,184,62,718,718,450.59,376.65,635.59,379.27,544.4,464.06
1102,OK,183,62,719,719,449.78,376.59,634.95,379.22,543.13,464.65
1103,OK,182,59,720,720,449.54,375.76,635.08,378.68,543.45,462.6
1104,OK,182,60,718,718,448.86,374.98,633.89,377.64,541.26,462.68
1105,OK,181,59,721,721,448.21,375.05,634.01,376.88,541.56,463.05
1106,OK,183,63,720,720,450.36,381.77,635.74,384.04,543.89,463.48
1107,OK,180,62,722,722,447.53,385.0,633.58,383.92,542.86,462.44
1108,OK,180,65,722,722,447.86,385.27,633.95,385.19,542.95,467.66
1109,OK,178,63,724,724,447.11,379.79,633.54,383.14,540.01,468.68
1110,OK,176,62,726,726,445.05,380.75,631.95,382.15,540.06,469.61
1111,OK,174,61,726,726,443.69,379.17,630.66,381.03,538.18,468.92
1112,OK,175,63,725,725,443.09,381.04,629.85,382.82,537.57,469.68
1113,OK,174,61,729,729,443.75,380.59,631.4,382.31,538.48,469.73
1114,OK,174,62,726,726,443.72,381.31,630.72,382.65,538.24,469.97
1115,OK,174,61,727,727,443.8,380.57,630.99,382.18,538.48,468.21
1116,OK,176,62,725,725,444.3,379.7,631.02,382.07,538.45,467.53
1117,OK,179,64,726,726,447.23,386.25,634.16,385.78,543.61,468.26
1118,OK,180,63,725,725,448.35,382.87,635.07,384.44,543.02,468.07
1119,OK,177,61,724,724,447.36,377.29,633.66,382.39,539.06,467.15
1120,OK,174,58,728,728,444.4,376.04,631.79,379.09,538.24,467.3
1121,OK,173,55,729,729,442.93,375.69,630.6,374.68,537.62,463.34
1122,OK,178,54,723,723,446.4,371.37,632.61,373.08,539.86,458.97
1123,OK,180,50,728,728,449.0,370.07,636.41,370.49,545.48,457.78
1124,OK,178,48,731,731,448.35,368.04,636.5,370.14,545.43,457.24
1125,OK,170,45,736,736,441.58,369.36,631.02,365.91,540.67,459.21
1126,OK,168,43,738,738,439.95,370.09,630.02,367.46,539.46,456.32
1127,OK,167,45,731,731,438.46,366.95,626.62,366.78,533.31,454.08
1128,OK,168,45,728,728,438.68,366.67,626.12,365.59,533.55,453.22
1129,OK,163,43,735,735,436.12,366.01,625.3,367.71,530.75,453.61
1130,OK,158,42,740,740,431.55,370.86,622.11,367.09,530.15,456.28
1131,OK,161,46,730,730,430.82,371.03,618.8,364.99,528.42,455.28
1132,OK,163,51,727,727,431.62,374.18,618.89,367.98,528.69,458.79
1133,OK,161,40,734,734,433.14,369.91,622.12,364.83,529.75,447.8
1134,OK,165,45,731,731,435.51,370.59,623.74,369.15,531.57,451.67
1135,OK,164,46,733,733,434.67,371.19,623.47,369.47,531.01,454.72
1136,OK,162,46,734,734,433.53,372.82,622.55,368.52,531.63,457.09
1137,OK,163,47,732,732,432.53,372.85,620.93,366.96,531.41,456.94
1138,OK,164,50,730,730,433.06,372.9,621.14,368.45,530.94,459.73
1139,OK,165,47,729,729,433.38,370.89,621.0,364.41,532.64,455.04
1140,OK,164,51,727,727,432.39,372.7,619.56,367.95,529.03,458.7
1141,OK,163,52,730,730,433.15,374.81,621.24,371.72,530.24,461.85
1142,OK,159,53,729,729,427.7,378.22,615.39,371.17,526.11,459.59
1143,OK,162,55,727,727,429.47,378.66,616.6,374.79,526.99,460.06
1144,OK,161,54,730,730,430.07,377.22,618.14,374.28,528.53,462.27
1145,OK,164,52,728,728,432.11,376.45,619.46,372.22,530.76,458.3
1146,OK,165,53,725,725,432.44,375.7,619.04,372.07,530.23,458.11
1147,OK,163,53,728,728,432.35,374.06,619.95,372.05,528.03,460.98
1148,OK,165,53,725,725,432.58,374.95,619.26,371.8,528.88,457.33
1149,OK,167,56,723,723,431.64,384.19,617.62,375.4,532.2,455.88
1150,OK,167,58,724,724,432.28,386.74,618.5,377.42,533.05,459.75
1151,OK,168,62,725,725,435.8,385.08,622.43,382.25,532.28,466.31
1152,OK,170,63,722,722,437.5,383.8,623.55,382.89,533.04,466.6
1153,OK,171,62,723,723,437.39,381.26,623.64,381.18,533.81,466.74
1154,OK,170,62,725,725,437.97,381.69,624.77,381.59,533.9,468.24
1155,OK,171,64,723,723,438.44,380.44,624.74,381.78,533.56,470.84
1156,OK,171,62,727,727,440.05,380.25,627.28,383.31,535.24,469.77
1157,OK,169,62,729,729,438.2,381.55,625.84,382.98,534.36,471.42
1158,OK,170,64,725,725,436.97,383.56,623.82,382.18,534.99,469.59
1159,OK,169,62,726,726,436.97,382.79,624.03,381.6,534.34,469.08
1160,OK,168,60,728,728,437.48,379.89,624.88,381.37,533.42,469.11
1161,OK,171,65,724,724,438.62,381.31,625.2,383.72,535.0,472.13
1162,OK,173,64,727,727,438.37,389.74,625.66,384.21,540.12,469.0
1163,OK,168,64,728,728,436.2,389.78,623.56,384.57,534.91,470.64
1164,OK,169,60,731,731,439.46,381.46,627.72,382.42,534.84,468.16
1165,OK,170,58,731,731,439.93,379.95,628.1,382.18,536.2,465.4
1166,OK,171,61,729,729,440.23,383.26,628.02,385.22,537.15,466.94
1167,OK,171,61,728,728,440.87,383.02,628.29,385.0,537.09,466.2
1168,OK,171,60,728,728,440.54,380.55,628.04,383.76,535.74,466.87
1169,OK,169,59,728,728,438.25,377.97,625.75,381.73,534.15,467.47
1170,OK,170,62,725,725,436.95,378.2,623.81,378.46,535.01,469.93
1171,OK,167,65,723,723,434.05,379.39,620.14,377.36,530.66,475.02
1172,OK,153,57,730,730,422.3,379.12,610.15,371.4,521.74,470.35
1173,OK,158,62,716,716,423.18,374.2,607.63,369.89,517.42,468.3
1174,OK,147,58,727,727,416.93,371.21,604.27,371.44,510.21,472.45
1175,OK,138,50,732,732,410.74,371.42,599.23,369.24,504.43,462.38
1176,OK,142,49,721,721,410.25,365.14,596.06,365.03,501.34,454.02
1177,OK,138,42,722,722,408.05,362.54,593.96,360.93,498.95,445.31
1178,OK,141,40,728,728,414.05,356.66,601.23,366.04,502.42,447.06
1179,OK,150,42,725,725,418.76,362.81,605.4,365.71,512.48,445.09
1180,OK,146,40,723,723,415.06,359.61,601.35,363.41,507.17,442.39
1181,OK,135,35,731,731,410.04,358.48,598.23,363.92,497.38,440.28
1182,OK,142,42,725,725,413.95,358.81,600.59,367.75,501.02,446.16
1183,OK,141,39,733,733,414.95,361.11,603.63,365.92,505.51,447.77
1184,OK,145,40,728,728,417.63,358.09,605.08,363.72,508.0,447.23
1185,OK,144,38,734,734,419.97,359.64,608.95,365.94,507.88,447.41
1186,OK,155,35,732,732,427.51,361.1,615.91,363.95,520.99,441.39
1187,OK,165,44,724,724,434.48,363.78,621.0,365.71,527.87,449.06
1188,OK,166,49,725,725,435.83,367.96,622.51,368.67,528.47,455.01
1189,OK,165,48,724,724,434.61,369.29,621.07,368.17,527.64,453.2
1190,OK,161,35,737,737,434.34,367.69,624.04,367.24,530.69,440.01
1191,OK,163,43,734,734,434.9,372.9,623.9,369.01,530.9,449.13
1192,OK,166,47,731,731,437.16,372.44,625.42,373.06,531.5,452.15
1193,OK,166,52,729,729,435.65,376.06,623.3,374.07,531.71,458.01
1194,OK,165,58,727,727,433.84,382.02,621.0,378.97,530.52,461.52
1195,OK,165,57,730,730,435.42,379.25,623.36,378.82,531.96,465.74
1196,OK,172,59,724,724,439.69,379.37,626.24,379.19,536.24,462.72
1197,OK,172,56,727,727,439.84,377.82,627.17,378.25,536.68,460.83
1198,OK,169,52,732,732,439.67,375.61,628.21,377.68,536.61,460.48
1199,OK,171,53,731,731,441.34,375.78,629.71,377.44,537.82,460.78
1200,OK,165,50,732,732,436.15,375.66,624.72,373.92,533.54,458.94
1201,OK,166,55,727,727,433.51,381.75,620.73,376.91,531.81,457.59
1202,OK,162,58,733,733,431.48,386.74,620.17,381.13,531.12,464.73
1203,OK,158,59,735,735,426.84,394.96,615.86,385.04,528.66,463.22
1204,OK,151,55,741,741,423.67,392.59,614.35,384.7,523.33,463.24
1205,OK,150,55,738,738,421.78,390.62,611.76,382.45,521.56,461.65
1206,OK,151,55,738,738,422.71,390.09,612.55,381.88,523.51,462.15
1207,OK,159,60,728,728,425.61,388.0,613.03,379.95,526.79,464.5
1208,OK,157,59,728,728,424.53,389.12,611.91,379.91,524.4,463.39
1209,OK,157,61,729,729,425.29,387.48,612.88,380.45,524.01,466.46
1210,OK,161,61,725,725,427.29,386.63,613.92,380.7,526.2,462.5
1211,OK,158,59,728,728,426.09,387.28,613.38,380.42,524.4,463.64
1212,OK,159,59,727,727,426.25,385.67,613.41,378.3,524.72,463.11
1213,OK,153,56,733,733,424.08,384.93,612.77,379.24,521.17,461.95
1214,OK,152,56,737,737,424.81,387.82,614.46,382.54,522.1,464.39
1215,OK,150,54,739,739,422.71,393.94,613.01,386.51,522.05,457.77
1216,OK,155,59,735,735,426.25,389.62,615.59,384.54,523.64,466.66
1217,OK,156,66,737,737,427.88,392.25,617.52,387.71,526.04,478.7
1218,OK,153,59,737,737,426.14,384.34,615.97,379.16,522.93,473.38
1219,OK,154,66,739,739,426.42,388.94,616.76,382.78,525.01,484.72
1220,OK,152,70,736,736,424.17,394.08,613.33,383.69,522.83,488.3
1221,OK,149,72,738,738,421.96,396.02,611.69,383.39,520.8,493.12
1222,OK,151,85,731,731,419.18,403.85,606.89,389.02,519.8,504.65
1223,OK,154,91,728,728,423.06,412.93,610.13,399.67,521.33,504.01
1224,OK,154,85,749,749,428.52,410.54,621.24,400.64,531.65,512.55
1225,OK,154,88,750,750,428.3,414.38,620.94,400.81,533.48,518.65
1226,OK,153,87,750,750,427.48,414.31,620.16,400.66,532.49,517.72
1227,OK,151,86,744,744,423.47,412.18,614.55,397.47,527.4,512.28
1228,OK,149,88,745,745,421.93,411.94,613.56,400.67,524.65,515.08
1229,OK,148,86,745,745,421.04,410.67,612.75,400.71,524.4,511.26
1230,OK,146,89,744,744,419.17,413.23,610.51,400.7,523.12,515.89
1231,OK,147,90,741,741,418.55,413.38,609.05,400.71,521.53,514.17
1232,OK,149,91,740,740,421.08,412.24,611.36,402.06,522.83,515.73
1233,OK,152,91,742,742,423.79,414.05,614.38,401.25,527.37,517.79
1234,OK,153,87,741,741,424.15,410.09,614.64,397.41,526.94,512.18
1235,OK,153,84,742,742,426.09,408.55,616.92,397.95,526.96,508.67
1236,OK,155,86,743,743,429.07,408.45,620.25,399.74,529.3,510.03
1237,OK,159,88,737,737,430.5,407.91,620.3,402.22,528.73,508.84
1238,OK,154,85,740,740,428.93,410.25,619.47,403.98,525.11,503.31
1239,OK,159,87,737,737,430.9,407.69,620.59,402.44,528.38,505.61
1240,OK,157,87,734,734,428.57,406.42,617.53,400.97,526.0,505.57
1241,OK,155,86,739,739,426.91,407.07,616.98,399.03,526.21,507.15
1242,OK,155,85,738,738,427.25,406.38,617.08,399.09,526.02,506.16
1243,OK,155,86,738,738,427.24,408.04,617.1,398.92,525.85,507.09
1244,OK,157,87,735,735,428.27,407.82,617.48,399.87,527.08,505.79
1245,OK,159,88,735,735,429.14,408.69,618.33,399.09,529.45,506.28
1246,OK,158,87,737,737,429.54,406.77,619.24,399.58,528.83,506.9
1247,OK,158,86,737,737,429.55,406.15,619.4,399.61,528.88,506.51
1248,OK,157,86,736,736,428.48,406.7,617.97,399.32,528.05,506.82
1249,OK,156,85,738,738,428.18,406.45,617.97,398.13,527.91,506.46
1250,OK,157,87,737,737,428.24,407.06,617.74,398.15,527.04,507.46
1251,OK,157,85,738,738,428.96,406.17,618.93,399.39,528.11,505.71
1252,OK,160,89,733,733,430.42,406.23,619.15,400.57,528.09,507.04
1253,OK,159,87,736,736,431.08,406.89,620.56,400.91,529.9,506.97
1254,OK,157,86,736,736,429.12,408.98,618.47,400.46,526.99,503.39
1255,OK,159,87,733,733,430.01,408.52,618.81,403.08,525.65,501.77
1256,OK,158,84,741,741,431.11,406.89,621.9,401.73,529.57,505.68
1257,OK,159,86,739,739,430.38,407.06,620.48,400.1,530.64,506.68
1258,OK,161,87,736,736,431.6,406.84,620.96,399.8,531.89,507.35
1259,OK,163,88,732,732,432.51,406.23,620.91,399.22,532.37,507.08
1260,OK,162,88,735,735,432.41,405.77,621.58,399.58,531.87,507.47
1261,OK,162,87,736,736,432.72,405.96,622.31,400.0,532.62,507.25
1262,OK,162,87,735,735,432.51,405.98,621.75,398.61,532.59,507.14
1263,OK,159,84,737,737,429.8,405.77,619.35,395.57,531.07,504.13
1264,OK,160,81,739,739,431.38,404.08,621.55,394.72,533.34,502.3
1265,OK,159,80,741,741,430.41,404.55,620.99,394.8,532.56,502.23
1266,OK,159,83,739,739,430.33,405.16,620.47,396.89,531.11,504.28
1267,OK,159,82,740,740,431.07,405.02,621.42,395.71,533.03,505.01
1268,OK,161,85,737,737,431.2,404.69,620.93,396.63,532.05,505.66
1269,OK,161,85,736,736,431.95,405.47,621.25,396.83,532.57,506.26
1270,OK,159,83,740,740,431.87,404.72,622.25,397.05,532.62,505.59
1271,OK,157,76,746,746,432.46,405.49,624.29,396.18,532.2,498.6
1272,OK,155,74,748,748,430.5,403.52,622.89,395.35,531.67,496.91
1273,OK,158,81,742,742,431.23,404.95,622.12,396.21,532.96,503.99
1274,OK,159,81,741,741,430.84,405.14,621.52,396.06,532.79,501.7
1275,OK,161,82,739,739,432.4,403.34,622.58,396.53,533.02,502.43
1276,OK,159,80,743,743,431.97,403.84,623.23,397.0,533.02,502.44
1277,OK,161,79,743,743,433.48,403.1,624.68,396.1,535.3,501.9
1278,OK,159,79,743,743,432.34,402.69,623.57,396.0,533.68,500.88
1279,OK,161,81,739,739,432.67,403.13,622.91,396.34,534.1,500.65
1280,OK,162,80,739,739,433.3,401.83,623.63,395.88,534.73,499.19
1281,OK,161,78,738,738,432.75,400.95,622.65,395.62,532.78,497.65
1282,OK,164,80,736,736,435.27,400.13,624.79,396.35,534.7,498.69
1283,OK,165,79,734,734,435.9,398.49,624.84,395.89,534.6,496.76
1284,OK,166,79,732,732,436.15,398.2,624.7,396.19,534.83,494.26
1285,OK,168,81,731,731,437.31,398.15,625.7,396.81,535.96,495.56
1286,OK,167,80,731,731,435.98,398.17,624.17,395.27,534.22,495.11
1287,OK,167,82,732,732,436.33,399.72,624.93,397.19,535.4,497.78
1288,OK,164,79,735,735,435.16,403.06,624.51,399.82,532.81,492.03
1289,OK,162,77,739,739,434.54,400.13,624.8,397.96,533.63,493.26
1290,OK,163,77,736,736,434.78,399.15,624.24,397.05,534.01,493.65
1291,OK,165,79,736,736,435.96,400.09,625.58,398.21,536.27,495.43
1292,OK,168,81,733,733,437.17,399.45,625.98,398.62,536.79,495.36
1293,OK,169,83,729,729,436.85,398.57,624.68,397.21,535.53,496.6
1294,OK,167,80,733,733,436.71,398.07,625.57,397.02,535.53,494.78
1295,OK,165,78,734,734,435.91,397.36,624.98,395.16,535.05,494.39
1296,OK,164,77,734,734,435.55,396.94,624.55,394.49,533.89,493.72
1297,OK,167,79,731,731,436.23,396.57,624.51,395.51,533.64,493.08
1298,OK,167,79,731,731,436.3,396.93,624.58,395.62,534.23,492.68
1299,OK,165,77,733,733,435.39,396.17,624.23,395.55,532.86,491.69
1300,OK,166,79,733,733,436.1,397.51,624.98,396.57,534.53,494.05
1301,OK,166,79,732,732,436.43,396.99,624.99,395.41,534.8,494.6
1302,OK,162,74,740,740,434.42,398.45,625.04,394.59,534.74,492.37
1303,OK,162,76,738,738,434.4,400.34,624.54,398.63,532.64,491.81
1304,OK,162,75,738,738,433.9,398.86,623.85,395.98,533.39,492.37
1305,OK,161,77,738,738,432.97,398.77,622.93,396.09,532.31,495.52
1306,OK,163,79,732,732,433.26,398.07,621.82,394.7,531.76,494.9
1307,OK,162,78,735,735,432.83,399.18,622.07,394.78,531.91,494.64
1308,OK,163,78,734,734,433.43,398.73,622.53,394.87,532.15,494.27
1309,OK,163,78,736,736,433.35,400.19,622.94,394.67,534.02,494.58
1310,OK,162,79,736,736,432.54,402.19,621.98,396.59,533.21,496.14
1311,OK,162,80,736,736,432.62,401.84,622.1,396.12,533.67,497.24
1312,OK,159,78,739,739,430.48,402.78,620.69,395.98,531.94,496.37
1313,OK,157,77,742,742,429.26,403.5,620.28,396.46,531.38,496.86
1314,OK,159,79,741,741,430.87,404.72,621.45,395.91,533.79,499.6
1315,OK,160,78,741,741,432.19,402.09,622.91,397.14,533.55,497.75
1316,OK,160,77,741,741,431.03,403.42,621.69,395.41,533.79,496.01
1317,OK,160,79,739,739,431.24,403.92,621.35,395.91,533.37,498.08
1318,OK,158,78,739,739,431.55,406.09,621.88,400.13,529.03,491.97
1319,OK,157,77,743,743,430.39,404.25,621.54,397.42,531.04,495.27
1320,OK,159,78,736,736,430.42,402.42,619.82,395.67,530.47,493.96
1321,OK,159,78,738,738,430.46,402.9,620.35,395.37,531.09,495.9
1322,OK,159,78,737,737,429.67,401.95,619.45,394.21,530.13,495.12
1323,OK,161,77,735,735,431.34,399.6,620.48,392.81,531.77,493.71
1324,OK,160,76,736,736,430.66,400.17,619.95,392.07,531.07,493.16
1325,OK,158,75,740,740,430.34,400.27,620.71,393.24,531.18,494.34
1326,OK,162,79,735,735,432.41,400.75,621.72,394.4,532.33,495.25
1327,OK,160,79,736,736,431.86,400.38,621.35,396.29,531.21,496.33
1328,OK,162,78,737,737,432.99,400.15,622.84,395.7,533.77,495.41
1329,OK,160,79,738,738,431.68,402.04,621.59,395.93,532.44,498.23
1330,OK,159,78,736,736,430.48,400.73,619.82,394.22,530.34,495.03
1331,OK,159,78,738,738,430.66,402.1,620.46,394.03,531.84,496.12
1332,OK,160,78,736,736,430.9,401.38,620.37,394.1,531.39,496.07
1333,OK,160,78,736,736,430.86,400.66,620.29,393.83,530.83,495.14
1334,OK,160,79,735,735,430.93,400.49,620.08,394.3,530.24,496.11
1335,OK,161,78,737,737,431.66,400.98,621.34,393.87,532.55,496.43
1336,OK,163,80,735,735,432.33,400.81,621.41,394.3,533.73,496.85
1337,OK,161,78,737,737,431.67,400.77,621.35,394.83,532.52,496.17
1338,OK,160,78,736,736,431.62,400.4,620.99,394.37,531.45,495.35
1339,OK,161,79,735,735,431.44,400.81,620.73,394.19,531.49,494.53
1340,OK,161,78,736,736,432.04,400.48,621.43,394.06,531.86,495.84
1341,OK,160,79,734,734,430.84,401.28,619.75,394.35,530.64,495.49
1342,OK,160,77,736,736,431.49,399.94,620.96,393.35,531.73,493.68
1343,OK,162,78,735,735,432.73,400.15,621.85,394.49,531.72,494.61
1344,OK,158,75,740,740,431.43,400.99,621.82,394.74,531.17,492.64
1345,OK,161,77,737,737,432.63,401.29,622.38,397.22,530.96,492.4
1346,OK,161,78,736,736,432.17,400.2,621.74,395.71,531.17,494.48
1347,OK,162,78,737,737,433.65,399.87,623.37,395.94,533.22,494.89
1348,OK,161,78,736,736,432.69,399.87,622.23,395.56,532.4,495.69
1349,OK,163,78,734,734,433.3,400.09,622.24,394.62,533.56,493.96
1350,OK,162,78,734,734,432.33,400.43,621.21,394.33,532.24,493.48
1351,OK,163,78,736,736,433.8,399.76,623.25,395.11,533.8,495.09
1352,OK,163,77,736,736,434.29,398.81,623.72,394.82,534.72,493.35
1353,OK,161,75,739,739,433.94,396.92,624.17,395.32,532.74,493.27
1354,OK,164,78,736,736,435.08,398.21,624.62,395.76,534.2,495.11
1355,OK,164,79,735,735,434.27,399.27,623.55,394.64,534.89,495.44
1356,OK,163,77,737,737,434.2,399.06,623.86,394.89,534.96,494.63
1357,OK,163,80,734,734,433.54,400.23,622.53,394.57,533.78,496.64
1358,OK,160,80,735,735,431.21,401.36,620.45,395.41,530.07,496.12
1359,OK,162,80,735,735,432.76,399.22,621.95,395.75,531.11,496.9
1360,OK,163,77,734,734,433.56,398.29,622.55,394.26,533.11,493.63
1361,OK,162,76,736,736,433.39,397.2,623.04,393.71,532.81,493.35
1362,OK,163,76,736,736,433.63,398.0,623.04,392.53,533.89,493.56
1363,OK,164,76,735,735,434.02,397.56,623.37,392.67,534.11,491.66
1364,OK,161,73,740,740,432.96,399.94,623.42,392.73,533.96,491.06
1365,OK,161,72,740,740,432.87,398.5,623.24,391.83,534.42,489.96
1366,OK,162,74,738,738,433.34,399.54,623.29,391.63,535.03,490.87
1367,OK,162,74,739,739,433.36,399.43,623.5,392.35,534.7,491.18
1368,OK,163,75,736,736,433.42,399.5,622.95,392.38,534.33,490.79
1369,OK,163,75,737,737,434.61,400.84,624.37,397.63,533.09,488.67
1370,OK,164,74,738,738,434.95,400.38,624.91,395.87,536.29,489.3
1371,OK,160,71,742,742,432.81,398.9,623.73,393.54,534.33,488.3
1372,OK,166,73,737,737,435.46,396.74,625.29,390.93,538.16,488.67
1373,OK,169,75,733,733,436.85,395.89,625.59,390.68,539.77,489.11
1374,OK,168,75,735,735,436.61,396.91,625.96,391.11,539.38,491.24
1375,OK,167,74,737,737,437.37,396.32,627.05,393.8,538.96,490.42
1376,OK,166,75,736,736,436.85,396.79,626.49,395.1,537.45,492.0
1377,OK,167,76,732,732,436.41,396.05,624.98,394.11,535.85,490.34
1378,OK,165,75,736,736,436.22,396.5,625.67,394.02,536.74,491.49
1379,OK,166,78,733,733,435.65,397.88,624.56,395.51,534.69,492.18
1380,OK,168,77,733,733,437.12,397.02,625.94,395.27,536.87,491.29
1381,OK,167,76,736,736,437.19,397.72,626.79,396.77,538.2,492.36
1382,OK,167,78,734,734,438.36,401.72,627.45,401.03,536.97,489.37
1383,OK,165,74,738,738,436.81,400.67,626.74,397.16,537.3,487.92
1384,OK,165,75,737,737,435.88,398.23,625.62,395.61,536.44,489.33
1385,OK,166,76,734,734,435.84,398.89,624.87,395.78,536.39,490.43
1386,OK,169,75,734,734,438.79,396.01,627.81,394.47,539.72,490.33
1387,OK,170,78,731,731,438.66,397.74,626.83,395.56,538.52,490.38
1388,OK,170,78,730,730,438.77,396.81,626.91,396.23,537.22,490.5
1389,OK,170,78,733,733,439.58,397.47,628.32,397.52,538.69,492.14
1390,OK,170,80,729,729,438.96,397.6,626.62,398.05,536.98,491.4
1391,OK,169,79,730,730,438.27,397.04,626.33,396.65,536.94,492.31
1392,OK,169,80,730,730,438.3,397.05,626.31,397.74,536.01,492.78
1393,OK,167,78,733,733,437.26,398.21,626.02,398.05,536.03,491.84
1394,OK,167,79,732,732,437.0,396.39,625.45,396.74,535.53,493.99
1395,OK,165,80,734,734,436.08,397.75,625.15,396.97,534.85,497.27
1396,OK,164,79,736,736,435.18,399.4,624.84,396.95,534.23,496.81
1397,OK,163,78,743,743,437.15,403.27,628.58,402.93,536.06,495.49
1398,OK,165,77,743,743,439.15,402.35,630.63,404.02,537.22,494.29
1399,OK,165,81,739,739,438.21,401.46,628.43,403.74,535.35,497.61
1400,OK,163,78,744,744,438.24,401.15,629.95,403.66,537.35,498.22
1401,OK,163,79,744,744,437.63,402.63,629.32,403.57,537.1,499.48
1402,OK,164,78,742,742,437.93,401.04,629.11,403.0,537.36,497.81
1403,OK,165,81,739,739,437.17,401.67,627.59,403.43,536.0,499.32
1404,OK,164,79,741,741,437.68,401.16,628.43,403.24,536.71,497.75
1405,OK,163,78,744,744,437.45,401.97,629.16,403.45,537.83,498.47
1406,OK,165,80,741,741,438.45,401.07,629.18,403.38,536.72,499.66
1407,OK,165,80,741,741,437.92,401.23,628.75,402.49,536.98,498.98
1408,OK,169,83,733,733,439.27,399.36,627.96,402.54,536.61,498.24
1409,OK,168,83,731,731,438.36,399.05,626.59,401.46,535.05,496.14
1410,OK,168,83,730,730,438.46,399.18,626.35,401.61,534.57,496.18
1411,OK,168,82,731,731,437.9,399.27,626.09,401.48,535.35,495.55
1412,OK,169,84,731,731,439.23,399.34,627.49,402.51,535.42,497.6
1413,OK,167,82,732,732,438.01,399.66,626.65,401.98,534.68,496.6
1414,OK,167,81,735,735,437.85,400.73,627.1,401.85,536.43,496.67
1415,OK,166,80,741,741,438.79,401.16,629.62,402.94,538.72,498.25
1416,OK,166,81,739,739,438.58,401.65,628.92,403.7,537.44,497.74
1417,OK,168,83,734,734,439.07,401.48,628.15,404.31,536.79,497.45
1418,OK,167,84,733,733,438.66,405.02,627.37,406.08,534.62,494.81
1419,OK,168,78,736,736,440.59,402.66,630.16,404.42,537.73,489.65
1420,OK,166,78,740,740,439.88,402.39,630.56,404.79,537.18,493.42
1421,OK,167,82,735,735,438.7,400.54,628.05,403.72,535.87,496.52
1422,OK,168,82,732,732,438.55,399.79,626.98,401.55,535.78,495.6
1423,OK,168,82,733,733,438.32,400.91,627.07,401.51,535.67,496.25
1424,OK,168,82,732,732,438.16,400.78,626.76,401.75,535.81,496.47
1425,OK,167,83,735,735,439.32,400.05,628.61,404.21,535.82,498.35
1426,OK,167,82,736,736,439.4,401.01,628.97,403.83,537.05,498.65
1427,OK,167,81,738,738,440.39,401.78,630.46,403.54,537.89,498.45
1428,OK,170,85,733,733,441.47,401.27,630.15,405.06,537.43,500.57
1429,OK,169,85,733,733,440.63,401.34,629.36,405.27,536.39,499.96
1430,OK,169,85,732,732,440.8,401.47,629.3,404.76,536.83,499.98
1431,OK,167,81,738,738,440.98,400.65,630.98,404.28,537.69,499.03
1432,OK,170,84,732,732,442.99,402.78,631.4,408.16,536.8,494.74
1433,OK,168,80,740,740,442.68,402.45,633.14,407.62,538.43,496.33
1434,OK,167,84,739,739,441.01,403.54,631.32,406.78,537.44,501.67
1435,OK,169,82,736,736,441.36,401.44,630.89,403.94,537.95,498.05
1436,OK,169,82,736,736,441.21,401.48,630.72,404.29,538.38,498.83
1437,OK,166,80,741,741,439.79,400.7,630.52,403.17,538.63,498.42
1438,OK,163,76,742,742,437.39,398.08,628.45,398.75,536.13,496.14
1439,OK,170,78,736,736,442.34,394.47,631.9,397.19,539.42,496.28
1440,OK,176,79,730,730,446.2,389.44,634.24,390.51,542.88,498.13
1441,OK,179,71,732,732,449.8,383.08,638.36,384.35,547.86,491.12
1442,OK,181,62,737,737,451.36,381.67,641.01,376.47,552.27,480.99
1443,OK,183,53,738,738,454.1,372.82,644.14,369.3,555.66,474.09
1444,OK,185,52,727,727,452.13,367.0,639.19,361.92,550.39,466.68
1445,OK,186,42,723,723,452.35,352.78,638.63,350.36,548.54,456.08
1446,OK,187,19,732,732,455.37,332.98,643.85,332.27,557.37,439.07
1447,OK,173,-16,771,771,453.0,317.66,651.41,310.96,564.34,425.24
1448,OK,162,-31,778,778,446.92,306.96,647.22,299.59,555.61,413.8
1449,OK,158,-66,798,798,452.39,280.23,657.79,279.78,559.63,387.25
1450,OK,156,-95,823,823,460.2,268.94,672.18,268.69,568.54,364.48
1451,OK,151,-122,844,844,464.19,252.58,681.57,254.37,573.9,347.22
1452,OK,148,-127,851,851,461.04,252.46,680.07,244.89,575.53,348.84
1453,OK,155,-119,851,851,467.64,259.97,686.88,256.45,583.47,353.83
1454,OK,175,-83,819,819,474.32,280.23,685.15,278.94,589.46,372.87
1455,OK,174,-66,806,806,472.54,291.07,680.06,290.57,579.5,384.21
1456,OK,192,-32,771,771,474.72,305.25,673.42,303.08,580.56,403.64
1457,OK,188,-32,772,772,473.63,307.81,672.34,310.97,577.01,400.27
1458,OK,187,-19,764,764,469.03,313.75,665.71,316.95,571.99,411.03
1459,OK,170,-36,777,777,457.31,314.89,657.43,311.51,558.82,391.49
1460,OK,161,-32,782,782,448.92,317.4,650.24,310.9,554.89,404.58
1461,OK,160,-33,771,771,447.41,311.35,645.94,309.86,544.62,394.09
1462,OK,153,-32,773,773,440.47,316.44,639.63,312.14,538.81,394.43
1463,OK,151,-26,777,777,437.41,323.07,637.27,314.12,541.23,405.9
1464,OK,149,-21,781,781,436.78,329.16,637.61,319.81,541.3,414.29
1465,OK,141,-25,790,790,433.52,330.73,636.8,321.62,538.66,415.02
1466,OK,146,-15,783,783,432.84,335.29,634.11,324.02,541.05,422.65
1467,OK,143,-12,787,787,431.33,338.58,633.91,331.14,539.96,428.42
1468,OK,131,-20,809,809,426.34,341.33,634.61,333.28,540.63,430.95
1469,OK,128,-23,810,810,424.02,340.67,632.42,330.89,538.52,428.78
1470,OK,127,-21,812,812,422.76,344.63,631.56,335.17,538.86,431.43
1471,OK,128,-14,805,805,422.73,345.61,629.86,336.99,533.8,435.5
1472,OK,125,-16,813,813,423.37,349.27,632.51,339.96,535.98,435.64
1473,OK,131,-8,802,802,426.21,351.81,632.79,345.4,535.56,439.05
1474,OK,137,-5,799,799,431.62,349.94,637.46,348.76,538.51,439.49
1475,OK,149,4,787,787,439.15,349.73,641.7,351.9,544.28,443.53
1476,OK,151,-1,786,786,440.86,351.37,643.16,347.82,547.25,435.12
1477,OK,151,1,788,788,441.62,353.38,644.61,350.11,547.55,438.66
1478,OK,154,7,782,782,443.06,355.68,644.54,351.72,546.97,442.8
1479,OK,155,9,776,776,443.37,353.63,643.3,352.14,543.97,442.15
1480,OK,156,1,779,779,444.6,346.81,645.3,346.23,545.67,434.38
1481,OK,153,-1,784,784,443.23,347.69,645.13,345.25,546.75,437.05
1482,OK,154,-5,794,794,447.91,346.4,652.46,348.28,553.08,437.5
1483,OK,165,0,786,786,455.36,345.65,657.88,349.32,559.79,439.96
1484,OK,167,-5,785,785,456.93,343.64,659.09,346.86,561.48,430.4
1485,OK,171,3,776,776,459.04,343.75,658.88,349.42,560.71,436.8
1486,OK,165,2,789,789,456.59,346.8,659.67,351.14,561.6,443.09
1487,OK,165,6,781,781,453.56,349.49,654.64,350.64,557.32,443.43
1488,OK,160,5,787,787,450.09,352.91,652.82,350.64,555.06,445.08
1489,OK,164,6,782,782,452.71,351.65,654.14,351.43,557.11,443.96
1490,OK,167,6,781,781,454.64,352.18,655.74,351.98,560.36,440.57
1491,OK,167,9,775,775,453.18,351.66,652.71,351.14,556.38,440.64
1492,OK,166,10,774,774,451.37,354.17,650.78,350.41,555.73,443.51
1493,OK,162,15,776,776,448.81,356.09,648.69,354.32,552.2,452.51
1494,OK,161,16,778,778,448.25,358.05,648.5,355.73,551.97,454.57
1495,OK,161,18,776,776,447.61,358.75,647.45,356.12,551.63,456.36
1496,OK,159,16,776,776,446.17,357.62,645.92,354.2,549.57,452.86
1497,OK,162,16,770,770,446.87,354.76,645.22,353.1,548.91,449.85
1498,OK,163,15,771,771,447.07,353.91,645.67,351.78,550.31,448.82
1499,OK,162,12,774,774,448.3,353.39,647.71,351.18,550.77,447.26
1500,OK,161,8,778,778,449.27,352.39,649.61,349.95,552.44,444.04
1501,OK,162,6,780,780,451.22,351.81,652.06,350.68,554.0,442.53
1502,OK,162,6,782,782,451.17,352.48,652.68,351.76,554.68,442.97
1503,OK,165,9,778,778,453.07,352.9,653.41,351.8,556.11,445.51
1504,OK,165,12,777,777,453.59,352.32,653.66,354.54,553.55,446.81
1505,OK,166,14,774,774,454.13,352.32,653.44,355.51,554.04,448.99
1506,OK,170,13,773,773,456.82,353.44,655.79,358.17,555.71,443.9
1507,OK,169,11,775,775,457.89,350.34,657.26,356.97,556.38,442.43
1508,OK,167,15,775,775,455.65,354.25,655.22,359.3,553.83,447.53
1509,OK,162,10,779,779,452.24,350.91,652.77,356.16,550.23,444.9
1510,OK,164,12,776,776,453.97,350.83,653.71,357.1,551.6,447.27
1511,OK,162,11,781,781,453.14,350.48,654.1,357.97,550.71,448.1
1512,OK,168,15,773,773,455.34,351.18,654.36,357.19,553.58,448.97
1513,OK,163,11,779,779,452.7,351.31,653.33,355.56,551.82,446.76
1514,OK,162,12,778,778,452.6,351.19,652.87,356.3,550.57,448.89
1515,OK,162,11,779,779,452.33,350.52,652.96,355.86,551.16,447.36
1516,OK,165,12,777,777,454.45,350.94,654.53,357.11,553.0,447.78
1517,OK,164,12,777,777,453.59,350.88,653.71,356.4,552.01,447.14
1518,OK,162,9,781,781,453.54,349.97,654.49,356.53,551.54,446.13
1519,OK,165,12,775,775,453.55,349.91,653.14,355.21,551.25,446.38
1520,OK,165,13,774,774,453.85,351.1,653.19,355.8,552.27,446.68
1521,OK,171,11,772,772,458.43,352.83,657.17,358.05,556.24,440.52
1522,OK,174,14,766,766,459.19,352.63,656.38,358.26,557.47,440.13
1523,OK,174,14,769,769,459.9,351.41,657.92,357.73,557.17,443.38
1524,OK,166,10,776,776,455.56,349.81,655.26,355.15,552.87,443.85
1525,OK,164,9,778,778,454.14,350.78,654.41,355.37,552.11,444.78
1526,OK,164,8,780,780,455.53,349.76,656.3,355.28,553.79,443.79
1527,OK,164,10,780,780,455.03,350.85,655.74,356.02,553.21,447.39
1528,OK,171,12,774,774,459.13,350.55,658.4,356.51,558.09,444.99
1529,OK,171,13,774,774,459.1,351.35,658.43,356.54,559.18,446.55
1530,OK,169,12,775,775,457.15,350.49,656.61,355.77,555.71,446.63
1531,OK,168,12,774,774,456.96,348.56,656.27,356.15,553.76,447.12
1532,OK,168,14,777,777,457.79,349.93,657.64,359.19,555.19,451.01
1533,OK,165,10,785,785,457.53,349.94,659.38,359.63,555.83,450.01
1534,OK,165,11,784,784,457.49,350.81,659.18,359.76,556.12,451.18
1535,OK,171,15,775,775,459.71,353.98,659.15,360.38,558.06,447.44
1536,OK,170,13,776,776,459.39,351.9,659.18,358.57,558.09,447.24
1537,OK,169,14,776,776,459.45,351.49,659.07,359.87,556.72,449.92
1538,OK,170,13,776,776,459.97,349.45,659.57,359.4,557.16,449.07
1539,OK,170,13,777,777,459.75,348.33,659.64,359.2,556.61,449.48
1540,OK,170,13,777,777,460.16,348.26,660.05,359.7,557.28,449.14
1541,OK,169,13,776,776,458.59,348.47,658.15,358.97,555.68,450.06
1542,OK,170,16,775,775,459.21,349.94,658.42,360.38,556.31,452.34
1543,OK,168,12,780,780,459.25,349.61,659.96,360.38,556.49,450.67
1544,OK,168,13,779,779,458.74,349.33,659.3,358.3,556.87,450.88
1545,OK,168,13,778,778,458.77,350.18,659.01,358.9,556.74,451.04
1546,OK,169,13,777,777,459.12,348.65,658.98,358.81,556.9,449.5
1547,OK,169,12,778,778,459.51,348.25,659.67,358.77,557.44,448.68
1548,OK,171,16,773,773,459.34,348.45,658.2,358.49,556.67,450.67
1549,OK,168,12,780,780,459.55,349.08,660.12,359.8,556.82,450.12
1550,OK,173,12,776,776,461.64,352.16,661.32,358.65,561.65,446.25
1551,OK,169,5,782,782,460.19,348.56,661.4,354.55,560.19,442.2
1552,OK,169,12,779,779,459.45,350.56,659.84,358.78,557.22,448.84
1553,OK,169,12,779,779,460.17,348.51,660.63,359.16,557.46,449.3
1554,OK,173,16,771,771,459.64,349.63,657.94,358.35,557.33,449.34
1555,OK,170,15,776,776,458.93,350.73,658.59,358.8,558.42,451.34
1556,OK,170,13,777,777,459.54,348.82,659.46,359.18,556.99,449.59
1557,OK,169,13,778,778,459.52,349.21,659.59,358.83,557.77,450.39
1558,OK,170,13,779,779,459.71,350.27,660.26,358.69,558.3,449.52
1559,OK,168,12,781,781,459.6,349.98,660.39,360.26,557.2,450.21
1560,OK,171,14,779,779,460.59,350.81,660.91,360.29,559.31,451.0
1561,OK,172,15,778,778,461.68,353.06,661.86,361.92,560.89,452.22
1562,OK,172,16,778,778,461.96,352.89,662.1,361.86,561.55,452.67
1563,OK,172,16,777,777,461.48,352.67,661.49,361.36,560.48,451.81
1564,OK,169,13,780,780,459.6,351.53,660.33,360.08,558.19,451.1
1565,OK,169,14,780,780,460.45,351.68,661.21,361.33,558.92,451.66
1566,OK,172,16,778,778,462.41,352.99,662.5,362.12,561.32,452.71
1567,OK,171,7,783,783,461.78,350.7,663.18,358.68,562.3,442.84
1568,OK,170,7,786,786,461.4,353.16,663.72,358.7,564.61,444.88
1569,OK,174,17,779,779,462.52,356.49,662.96,363.7,563.51,453.6
1570,OK,174,16,777,777,462.82,353.45,662.65,361.96,563.12,451.59
1571,OK,175,17,778,778,463.73,355.05,664.03,363.78,564.2,453.16
1572,OK,174,18,778,778,462.98,356.39,663.14,363.91,563.63,454.66
1573,OK,178,21,774,774,465.05,356.04,664.19,364.56,565.65,455.96
1574,OK,176,20,776,776,464.41,355.87,664.07,364.53,564.52,456.07
1575,OK,178,21,773,773,464.88,355.17,663.83,364.45,564.39,455.61
1576,OK,177,20,774,774,464.66,354.86,663.81,365.08,563.96,455.94
1577,OK,173,18,781,781,463.41,355.67,664.26,365.08,564.13,456.08
1578,OK,177,22,776,776,465.87,356.53,665.35,367.1,566.02,458.57
1579,OK,178,21,777,777,466.71,356.72,666.68,366.86,567.26,457.97
1580,OK,178,22,777,777,466.5,356.42,666.33,367.41,566.87,459.6
1581,OK,180,23,773,773,467.07,356.19,665.99,366.68,566.4,458.08
1582,OK,179,23,774,774,466.48,356.61,665.69,366.94,566.84,458.53
1583,OK,180,24,771,771,466.11,356.67,664.55,366.97,565.4,457.44
1584,OK,177,21,776,776,465.81,355.51,665.3,366.63,565.3,457.9
1585,OK,179,14,779,779,467.61,352.94,668.0,364.67,568.3,448.79
1586,OK,181,20,774,774,469.22,354.5,668.12,367.67,568.15,454.47
1587,OK,180,24,772,772,467.07,356.13,665.55,367.06,566.64,459.1
1588,OK,181,25,773,773,467.7,355.84,666.51,367.91,567.29,460.13
1589,OK,181,25,771,771,467.79,355.88,666.02,367.54,566.22,458.86
1590,OK,179,23,773,773,466.35,355.61,665.09,366.83,565.33,458.77
1591,OK,178,21,778,778,467.62,355.61,667.51,368.19,567.55,459.39
1592,OK,179,21,779,779,467.73,356.85,668.16,367.53,569.67,459.22
1593,OK,180,22,776,776,468.63,356.52,668.12,368.46,569.25,459.24
1594,OK,182,24,772,772,468.53,356.42,667.02,367.65,568.89,459.93
1595,OK,181,24,774,774,468.74,356.54,667.77,368.02,569.73,460.71
1596,OK,183,28,769,769,468.6,357.07,666.22,369.57,568.33,461.63
1597,OK,183,26,771,771,468.99,356.35,667.22,368.47,569.35,461.41
1598,OK,184,27,770,770,469.81,356.75,667.68,368.32,570.86,461.77
1599,OK,183,24,775,775,469.52,356.68,668.8,368.01,571.02,460.65
1600,OK,182,25,773,773,468.55,357.95,667.34,369.29,568.7,460.14
1601,OK,182,17,777,777,470.05,355.04,669.76,366.46,570.76,450.39
1602,OK,181,18,779,779,469.53,355.65,669.91,367.3,571.24,454.22
1603,OK,182,24,773,773,468.11,356.51,666.86,367.25,568.94,459.03
1604,OK,181,24,773,773,467.06,357.16,666.03,366.56,568.56,459.84
1605,OK,180,24,773,773,466.39,357.36,665.17,366.03,567.42,458.99
1606,OK,179,23,776,776,466.67,357.9,666.23,367.24,568.51,459.68
1607,OK,179,24,773,773,465.8,357.13,664.82,365.92,566.59,459.43
1608,OK,179,25,772,772,465.95,358.26,664.58,366.58,566.68,460.11
1609,OK,179,24,772,772,466.36,356.51,665.05,366.68,566.07,459.23
1610,OK,181,22,772,772,466.83,355.71,665.54,365.29,567.94,457.44
1611,OK,182,24,773,773,468.55,355.45,667.19,367.21,569.23,459.96
1612,OK,181,23,774,774,469.24,354.92,668.23,367.45,568.72,458.86
1613,OK,180,21,776,776,468.11,354.33,667.64,366.55,568.64,459.25
1614,OK,180,21,776,776,468.03,354.8,667.61,366.61,568.31,457.86
1615,OK,180,21,776,776,467.94,354.88,667.39,367.02,568.34,458.9
1616,OK,182,24,773,773,468.65,356.62,667.34,368.06,569.38,458.35
1617,OK,178,12,779,779,467.54,350.91,667.87,362.51,568.16,446.87
1618,OK,178,17,781,781,468.27,355.1,669.11,366.5,568.71,453.49
1619,OK,182,25,771,771,468.06,356.39,666.18,367.92,567.7,458.7
1620,OK,180,23,775,775,468.2,356.55,667.33,368.63,567.47,459.12
1621,OK,181,23,775,775,468.0,356.86,667.2,367.62,568.5,459.45
1622,OK,183,26,771,771,469.07,357.2,667.29,369.24,569.11,459.93
1623,OK,180,24,774,774,468.07,357.34,667.13,368.81,567.37,460.25
1624,OK,182,24,774,774,468.99,356.7,668.13,368.06,569.63,460.77
1625,OK,180,23,776,776,468.46,356.69,667.99,368.47,569.0,460.82
1626,OK,180,22,776,776,468.77,356.41,668.21,367.76,569.49,459.62
1627,OK,182,23,774,774,469.05,356.69,668.0,367.84,569.49,459.39
1628,OK,182,25,773,773,468.82,357.02,667.5,368.13,569.1,460.64
1629,OK,181,24,775,775,468.34,357.25,667.7,368.5,569.35,460.97
1630,OK,180,22,778,778,468.26,357.34,668.44,367.28,570.28,459.9
1631,OK,183,22,775,775,470.18,356.83,669.32,368.53,570.66,457.16
1632,OK,178,10,786,786,469.34,353.14,671.48,365.29,572.1,448.09
1633,OK,179,20,779,779,468.27,357.03,668.64,367.97,569.38,456.97
1634,OK,179,21,777,777,467.09,355.98,666.97,367.33,567.68,457.7
1635,OK,178,23,777,777,466.13,357.38,665.93,367.28,567.21,459.89
1636,OK,179,25,771,771,464.36,358.66,662.84,365.79,565.76,459.2
1637,OK,183,27,767,767,466.77,357.74,664.08,364.79,568.51,459.65
1638,OK,179,23,772,772,464.6,357.1,663.2,364.18,566.33,457.56
1639,OK,177,22,775,775,463.4,357.61,662.89,364.47,566.26,457.15
1640,OK,178,21,772,772,463.83,356.0,662.61,363.26,566.15,454.77
1641,OK,176,17,777,777,463.07,355.44,663.09,361.79,565.88,452.2
1642,OK,177,20,777,777,463.84,356.37,663.85,363.92,566.44,456.03
1643,OK,178,24,774,774,463.96,359.1,663.27,365.49,566.48,460.02
1644,OK,176,22,774,774,463.34,356.52,662.55,363.96,564.64,457.82
1645,OK,176,22,774,774,463.67,356.31,662.97,364.3,564.44,458.26
1646,OK,174,19,780,780,462.47,357.32,663.33,365.06,565.21,456.84
1647,OK,171,10,784,784,462.42,353.32,664.18,361.56,564.6,446.62
1648,OK,172,11,785,785,462.23,355.72,664.26,360.55,565.97,448.44
1649,OK,174,16,777,777,461.69,353.84,661.73,360.77,562.64,451.13
1650,OK,169,14,783,783,459.8,353.69,661.4,360.81,560.53,452.99
1651,OK,173,18,782,782,464.3,355.25,665.48,365.88,564.8,457.66
1652,OK,178,21,775,775,465.59,354.39,664.84,365.23,565.27,457.39
1653,OK,175,21,775,775,463.09,355.59,662.55,364.8,563.07,456.69
1654,OK,175,19,776,776,463.09,356.27,662.68,364.3,563.68,455.0
1655,OK,178,21,774,774,464.62,357.1,663.85,364.34,566.79,455.3
1656,OK,178,20,776,776,464.45,357.94,664.33,363.16,567.66,456.19
1657,OK,179,23,774,774,465.08,358.36,664.32,364.55,568.49,458.79
1658,OK,181,25,771,771,466.0,357.72,664.32,365.77,567.43,460.2
1659,OK,177,21,776,776,463.82,358.65,663.51,364.84,567.0,457.78
1660,OK,180,24,770,770,465.17,356.99,663.46,364.76,566.92,457.15
1661,OK,182,27,767,767,465.4,357.97,662.78,364.84,566.66,459.18
1662,OK,181,25,771,771,465.97,357.79,664.31,365.29,567.02,459.15
1663,OK,179,24,773,773,464.84,357.95,663.71,365.17,567.12,459.07
1664,OK,182,26,769,769,465.63,359.11,663.58,364.78,568.48,459.61
1665,OK,179,24,773,773,465.41,357.48,664.21,366.08,566.36,459.0
1666,OK,180,24,772,772,467.14,356.27,665.6,367.66,566.87,458.87
1667,OK,177,14,780,780,466.82,354.52,667.46,363.0,568.47,449.34
1668,OK,175,20,777,777,462.78,356.87,662.84,364.94,563.55,455.79
1669,OK,180,23,772,772,465.92,357.25,664.5,366.57,567.3,457.01
1670,OK,181,24,771,771,466.21,357.45,664.52,366.75,566.96,457.44
1671,OK,178,23,772,772,464.99,357.41,663.62,365.24,565.35,457.87
1672,OK,175,21,776,776,463.69,357.71,663.48,365.72,564.22,458.21
1673,OK,179,25,772,772,465.61,358.27,664.2,366.43,566.6,460.85
1674,OK,177,23,774,774,464.76,357.65,664.04,366.11,565.34,458.28
1675,OK,177,19,780,780,466.01,357.44,666.78,367.08,567.68,456.17
1676,OK,180,14,775,775,468.04,352.52,667.44,361.67,567.89,445.81
1677,OK,174,12,781,781,463.78,353.22,664.68,361.24,564.15,447.79
1678,OK,179,16,776,776,467.12,354.02,666.69,364.22,568.43,450.87
1679,OK,177,18,777,777,465.2,355.41,665.23,363.74,566.63,454.02
1680,OK,180,24,772,772,466.8,356.74,665.29,367.19,567.56,458.83
1681,OK,181,25,773,773,467.13,357.01,665.95,367.67,568.47,460.08
1682,OK,179,24,777,777,466.46,358.57,666.3,368.41,568.76,461.2
1683,OK,179,23,777,777,466.47,358.28,666.29,367.41,568.6,459.79
1684,OK,180,26,775,775,466.8,359.55,666.14,368.3,569.29,463.1
1685,OK,179,24,776,776,466.71,358.66,666.22,369.03,568.24,461.4
1686,OK,183,27,771,771,468.36,358.26,666.73,368.95,569.56,462.26
1687,OK,183,25,770,770,468.65,355.9,666.82,366.1,570.17,460.19
1688,OK,187,28,765,765,469.56,355.63,666.49,365.11,571.86,460.0
1689,OK,186,27,765,765,469.3,353.75,666.0,364.82,570.28,459.73
1690,OK,185,24,767,767,469.09,351.42,666.21,363.65,569.27,458.19
1691,OK,186,25,765,765,469.19,351.26,665.82,363.56,568.71,457.93
1692,OK,186,25,765,765,469.24,351.91,665.94,363.58,569.28,457.91
1693,OK,183,25,768,768,467.99,353.06,665.6,364.31,568.31,460.31
1694,OK,188,30,763,763,469.9,354.89,666.06,366.03,570.23,461.57
1695,OK,184,26,769,769,467.96,354.71,665.67,364.43,569.91,461.35
1696,OK,186,27,764,764,469.12,353.37,665.72,364.32,569.07,460.11
1697,OK,184,25,767,767,467.76,352.71,665.09,363.05,568.62,458.3
1698,OK,184,23,766,766,467.94,351.62,665.09,361.02,568.34,457.15
1699,OK,182,21,771,771,466.83,352.17,665.08,361.26,568.73,456.51
1700,OK,185,23,765,765,467.87,351.51,664.76,360.38,569.38,455.73
1701,OK,184,24,766,766,467.63,352.82,664.71,361.58,569.42,457.73
1702,OK,183,24,768,768,467.34,353.97,664.95,362.38,569.64,459.44
1703,OK,183,24,768,768,467.01,354.58,664.65,362.82,569.53,458.47
1704,OK,184,26,769,769,468.04,355.32,665.83,364.76,570.07,460.58
1705,OK,187,22,770,770,472.26,356.5,670.34,367.76,574.41,453.64
1706,OK,183,17,779,779,470.58,355.74,670.89,366.77,573.97,452.27
1707,OK,181,19,779,779,469.29,356.67,669.56,368.38,571.48,455.11
1708,OK,183,23,774,774,469.23,357.9,668.2,368.06,571.29,458.66
1709,OK,182,24,775,775,468.36,358.29,667.83,368.68,570.46,460.32
1710,OK,181,25,775,775,468.29,358.16,667.53,369.0,569.81,461.27
1711,OK,182,25,775,775,468.25,358.64,667.55,368.39,570.4,461.21
1712,OK,180,22,776,776,468.02,357.6,667.63,367.99,569.52,459.03
1713,OK,180,23,776,776,467.51,357.33,667.03,368.25,568.88,459.55
1714,OK,179,21,779,779,467.07,357.76,667.37,367.41,569.2,458.28
1715,OK,179,24,776,776,467.05,358.39,666.6,368.74,568.74,461.04
1716,OK,179,22,778,778,467.06,357.7,667.29,367.93,569.18,459.93
1717,OK,179,23,779,779,468.17,356.7,668.39,369.34,569.25,461.05
1718,OK,181,23,777,777,468.97,356.39,668.65,368.86,570.28,460.02
1719,OK,180,22,778,778,468.41,357.53,668.43,367.94,570.97,460.61
1720,OK,183,24,776,776,470.89,356.97,670.42,370.49,573.19,460.85
1721,OK,184,25,775,775,470.67,356.02,669.79,370.02,572.01,461.16
1722,OK,185,26,773,773,471.21,356.56,669.89,369.94,572.33,461.29
1723,OK,182,25,775,775,469.63,357.51,668.81,370.07,570.77,461.38
1724,OK,180,24,776,776,468.13,357.29,667.67,369.34,568.89,460.91
1725,OK,183,18,777,777,470.98,353.9,670.57,367.05,572.86,452.77
1726,OK,181,20,778,778,470.17,355.97,669.98,369.47,570.53,456.71
1727,OK,183,25,773,773,470.22,356.76,668.82,369.45,570.39,460.11
1728,OK,184,26,772,772,470.52,355.92,668.87,369.39,571.77,461.54
1729,OK,183,22,778,778,471.01,355.83,670.9,368.12,574.03,460.08
1730,OK,184,24,774,774,470.52,356.07,669.46,368.91,572.21,459.72
1731,OK,185,25,773,773,471.32,355.27,669.85,369.66,571.89,460.67
1732,OK,184,24,774,774,470.54,356.33,669.43,368.95,572.21,460.39
1733,OK,183,26,771,771,468.57,358.28,666.96,368.46,570.1,460.57
1734,OK,181,23,776,776,469.02,357.85,668.64,369.01,570.87,460.51
1735,OK,187,26,771,771,472.94,356.37,671.07,370.68,572.87,458.57
1736,OK,193,26,767,767,476.47,357.66,673.66,371.55,578.34,454.2
1737,OK,184,17,781,781,472.36,355.8,673.13,369.04,575.72,453.52
1738,OK,182,22,776,776,469.62,357.42,669.18,368.61,571.06,458.75
1739,OK,183,25,773,773,469.68,357.8,668.5,369.89,569.81,459.74
1740,OK,180,22,780,780,468.37,358.28,668.93,369.38,571.9,461.08
1741,OK,180,21,780,780,468.19,358.02,668.72,368.31,572.01,460.49
1742,OK,180,23,779,779,467.83,358.18,668.23,368.46,570.88,461.12
1743,OK,178,21,780,780,466.91,358.6,667.69,368.04,570.66,460.65
1744,OK,179,21,780,780,467.97,357.84,668.48,368.71,571.27,460.23
1745,OK,182,23,776,776,469.26,357.79,668.91,368.89,571.79,460.28
1746,OK,181,24,776,776,468.21,358.2,667.87,368.67,571.28,460.88
1747,OK,181,23,776,776,468.99,357.74,668.46,368.68,571.18,459.79
1748,OK,181,22,779,779,468.73,357.64,669.17,368.59,572.16,460.53
1749,OK,180,21,781,781,467.27,359.18,668.33,367.36,572.95,460.71
1750,OK,179,21,780,780,467.7,358.51,668.31,367.99,571.67,460.54
1751,OK,179,22,780,780,467.27,359.66,667.89,368.15,571.32,461.23
1752,OK,182,23,777,777,469.16,357.96,669.11,368.69,572.64,460.04
1753,OK,182,24,777,777,469.08,358.34,668.9,369.42,572.26,461.2
1754,OK,182,23,779,779,469.91,357.83,670.11,370.26,573.09,461.06
1755,OK,183,24,777,777,469.77,357.86,669.46,369.1,573.22,460.99
1756,OK,183,22,779,779,469.97,357.42,670.16,369.44,573.97,460.24
1757,OK,180,21,782,782,468.77,358.78,669.92,368.87,573.47,461.68
1758,OK,189,22,774,774,474.52,359.21,673.46,370.09,578.51,454.91
1759,OK,186,21,777,777,473.18,358.27,673.12,369.15,576.12,454.35
1760,OK,185,26,775,775,470.77,359.78,670.04,369.19,574.73,461.94
1761,OK,184,26,775,775,469.47,360.51,668.99,369.08,573.26,462.46
1762,OK,184,27,774,774,470.71,360.08,669.72,370.46,573.78,464.08
1763,OK,185,27,774,774,470.94,359.92,670.15,370.03,575.01,463.66
1764,OK,188,27,772,772,472.51,359.4,671.11,369.04,576.48,462.02
1765,OK,187,27,773,773,471.77,359.85,670.61,368.83,575.26,462.09
1766,OK,187,27,772,772,472.33,359.87,671.01,369.62,575.6,462.5
1767,OK,186,27,772,772,471.73,359.18,670.3,368.88,574.9,462.75
1768,OK,186,27,772,772,470.99,360.75,669.68,368.37,575.23,462.69
1769,OK,187,27,773,773,471.78,359.6,670.64,368.73,575.59,462.19
1770,OK,187,26,772,772,472.21,359.27,670.87,368.98,575.94,461.21
1771,OK,188,28,771,771,472.33,360.0,670.7,368.77,576.09,463.01
1772,OK,185,23,778,778,472.06,359.3,672.13,369.37,576.0,459.75
1773,OK,189,20,781,781,477.34,359.72,678.16,372.6,581.27,454.9
1774,OK,189,23,776,776,476.07,359.53,675.65,372.0,578.37,456.38
1775,OK,185,22,780,780,473.57,360.83,674.21,371.17,577.81,459.02
1776,OK,187,27,773,773,471.88,360.42,670.83,369.35,576.22,461.98
1777,OK,183,26,775,775,468.89,360.04,668.34,368.91,572.64,463.13
1778,OK,184,24,774,774,470.94,355.78,669.97,369.08,571.84,460.24
1779,OK,179,20,779,779,468.81,354.31,669.1,368.07,568.59,457.42
1780,OK,178,21,777,777,466.14,356.55,665.96,366.42,567.09,457.44
1781,OK,177,13,775,775,464.67,351.99,664.09,361.06,563.98,444.86
1782,OK,178,17,766,766,462.03,351.83,659.31,358.06,561.76,446.49
1783,OK,172,17,763,763,455.37,347.24,651.72,353.88,552.94,446.22
1784,OK,171,23,752,752,452.38,347.51,645.87,353.62,546.44,447.66
1785,OK,162,24,753,753,441.8,351.39,635.65,352.32,538.66,449.7
1786,OK,154,32,752,752,435.39,354.28,629.11,355.2,529.26,461.52
1787,OK,154,32,753,753,433.74,356.64,627.67,354.3,530.4,460.6
1788,OK,155,32,751,751,434.21,355.92,627.75,353.88,529.97,459.75
1789,OK,164,33,745,745,439.6,355.19,631.34,351.29,537.11,456.86
1790,OK,164,32,744,744,440.32,356.6,632.01,353.64,537.84,453.58
1791,OK,165,25,752,752,442.64,356.34,636.08,349.33,544.06,450.32
1792,OK,164,29,748,748,440.48,357.51,632.93,350.49,540.2,453.04
1793,OK,167,38,737,737,440.51,356.58,630.24,353.68,535.44,458.75
1794,OK,168,31,737,737,442.33,350.09,632.22,351.41,535.31,448.74
1795,OK,170,34,735,735,443.66,350.38,632.9,350.71,536.37,451.61
1796,OK,167,29,740,740,443.04,349.91,633.64,348.89,537.37,449.52
1797,OK,169,29,741,741,443.81,350.59,634.63,348.27,539.57,449.01
1798,OK,170,26,742,742,445.71,347.79,636.83,346.23,541.56,448.82
1799,OK,175,25,741,741,450.13,344.73,640.91,343.78,545.93,446.66
