k,status,x,y,w,h,rx,ry,lx,ly,nx,ny
0,FAILED,,,,,,,,,,
1,OK,-35,-26,750,750,269.46,323.47,408.28,302.93,343.09,385.15
2,OK,-67,-64,813,813,262.44,320.6,412.28,294.56,340.72,376.75
3,OK,-72,-101,862,862,273.25,311.46,432.33,285.11,366.5,363.34
4,OK,-72,-111,880,880,278.66,312.01,440.82,283.9,378.07,361.15
5,OK,-72,-127,902,902,283.9,310.2,449.1,275.83,391.61,356.61
6,OK,-71,-135,918,918,291.54,307.42,460.58,277.55,400.72,356.09
7,OK,-71,-139,921,921,292.41,305.14,462.3,276.83,402.45,352.71
8,OK,-60,-114,884,884,289.02,309.34,452.12,281.69,394.8,360.53
9,OK,-62,-109,874,874,284.85,309.43,445.99,281.57,385.69,361.02
10,OK,-52,-56,789,789,266.14,318.59,412.36,298.23,345.55,369.09
11,OK,-44,-63,795,795,274.58,315.21,421.54,292.33,359.94,364.31
12,OK,-40,-55,778,778,275.27,312.96,419.99,297.11,351.06,363.23
13,OK,-39,-55,792,792,280.58,314.44,428.48,307.43,359.97,372.33
14,OK,-14,-61,792,792,305.97,312.19,454.13,313.4,384.94,358.13
15,OK,-40,-75,834,834,295.28,315.76,451.24,314.24,380.96,369.12
16,OK,-53,-93,870,870,297.81,314.93,460.6,314.04,385.06,370.19
17,OK,-70,-113,914,914,299.4,324.43,470.26,319.71,390.86,367.04
18,OK,-74,-116,938,938,303.66,334.95,478.97,326.3,399.11,377.19
19,OK,-66,-104,949,949,314.22,348.4,491.47,338.95,414.51,397.54
20,OK,-58,-92,969,969,330.6,362.91,511.82,361.2,432.47,423.33
21,OK,-68,-90,1005,1005,335.41,375.5,523.38,373.33,439.92,451.4
22,OK,-80,-73,1018,1018,331.32,387.59,521.76,387.9,432.11,484.89
23,OK,-68,-57,995,995,331.33,392.04,517.33,390.86,434.35,489.65
24,OK,-62,-50,989,989,334.33,393.9,519.34,393.49,438.95,494.76
25,OK,-65,-49,987,987,330.26,397.13,514.84,396.13,435.28,492.3
26,OK,-68,-46,989,989,327.27,401.27,512.14,398.01,433.6,498.24
27,OK,-68,-33,981,981,323.54,409.56,507.02,406.58,430.59,506.88
28,OK,-76,-29,996,996,323.55,418.26,509.92,417.16,428.85,521.98
29,OK,-68,-17,986,986,325.56,423.71,509.9,423.01,433.15,528.89
30,OK,-68,0,985,985,325.49,434.84,509.79,435.95,431.58,549.33
31,OK,-73,11,989,989,324.42,441.2,509.35,446.36,425.41,567.75
32,OK,-78,10,995,995,322.97,441.94,509.02,448.63,423.26,570.24
33,OK,-77,10,992,992,323.25,440.77,508.6,448.18,423.07,568.74
34,OK,-77,11,990,990,322.41,440.7,507.45,446.59,422.84,568.65
35,OK,-79,5,998,998,322.18,440.16,508.86,444.39,424.52,567.65
36,OK,-77,6,995,995,322.42,439.51,508.44,443.67,425.09,566.25
37,OK,-78,7,995,995,321.85,439.64,507.85,443.85,423.91,567.42
38,OK,-82,-2,1000,1000,320.25,437.23,507.22,439.55,424.22,558.72
39,OK,-85,-19,1008,1008,320.25,427.3,508.79,430.68,423.71,541.63
40,OK,-74,-20,991,991,322.27,420.18,507.62,422.99,428.39,529.38
41,OK,-71,-33,986,986,323.87,407.39,508.26,408.92,428.29,512.43
42,OK,-76,-55,999,999,324.22,394.9,510.96,399.4,429.93,492.14
43,OK,-77,-66,1000,1000,324.05,387.35,511.03,390.02,429.71,481.04
44,OK,-75,-67,996,996,324.42,385.31,510.76,389.03,428.7,476.53
45,OK,-83,-72,1010,1010,322.41,385.69,511.24,389.26,427.44,480.25
46,OK,-81,-59,1000,1000,321.44,391.52,508.49,396.18,424.56,489.03
47,OK,-85,-52,998,998,316.36,396.72,502.91,402.46,419.92,494.44
48,OK,-82,-39,989,989,313.5,406.87,498.54,409.31,418.14,502.13
49,OK,-89,-36,999,999,311.22,413.04,498.13,413.1,416.22,514.68
50,OK,-85,-25,993,993,312.7,419.54,498.41,419.4,417.03,524.25
51,OK,-85,-25,996,996,313.43,420.37,499.67,419.48,419.94,526.23
52,OK,-87,-27,1000,1000,314.07,420.07,501.1,420.51,420.03,525.87
53,OK,-82,-27,997,997,315.43,419.08,501.91,418.34,423.69,523.96
54,OK,-81,-26,993,993,315.79,419.23,501.57,419.6,422.77,522.28
55,OK,-87,-37,996,996,313.8,409.81,500.14,412.05,416.98,512.5
56,OK,-85,-53,1001,1001,316.2,397.96,503.46,401.21,421.97,495.24
57,OK,-84,-65,1006,1006,320.32,389.95,508.37,393.45,425.21,484.63
58,OK,-75,-68,999,999,326.57,381.27,513.1,391.22,429.41,476.34
59,OK,-72,-61,993,993,324.72,391.69,510.43,396.16,432.18,476.35
60,OK,-76,-64,999,999,323.88,389.89,510.64,394.08,430.4,478.55
61,OK,-82,-64,1008,1008,321.27,391.59,509.74,397.54,428.84,486.67
62,OK,-77,-50,994,994,321.14,395.7,506.86,404.64,427.61,495.82
63,OK,-83,-40,992,992,315.17,405.29,500.64,410.38,419.99,504.47
64,OK,-84,-35,991,991,312.49,409.58,497.74,410.66,417.26,510.07
65,OK,-90,-37,999,999,310.43,411.29,497.31,412.81,415.83,512.84
66,OK,-93,-38,1002,1002,309.12,412.04,496.5,412.49,414.55,514.86
67,OK,-92,-40,1003,1003,309.91,410.4,497.52,411.56,415.51,512.11
68,OK,-91,-39,998,998,309.62,410.04,496.31,410.43,414.07,511.04
69,OK,-87,-48,1002,1002,314.1,402.88,501.35,408.25,420.34,501.76
70,OK,-81,-54,996,996,319.6,390.88,505.62,400.88,421.55,492.75
71,OK,-77,-69,998,998,324.94,380.15,511.34,390.07,425.92,476.39
72,OK,-73,-75,990,990,325.67,373.13,510.73,381.46,427.55,464.52
73,OK,-72,-77,997,997,329.87,369.44,515.9,381.52,430.33,467.82
74,OK,-73,-79,1001,1001,331.47,370.86,518.29,382.75,429.83,465.77
75,OK,-64,-72,991,991,335.3,370.91,520.15,383.94,435.12,470.44
76,OK,-66,-67,993,993,335.03,375.8,520.32,389.18,433.5,476.68
77,OK,-68,-63,993,993,331.8,381.68,517.3,390.55,432.31,480.28
78,OK,-66,-60,994,994,332.97,386.92,518.64,395.25,436.5,484.35
79,OK,-68,-56,992,992,330.84,388.52,516.06,398.38,434.43,486.81
80,OK,-63,-51,989,989,332.77,390.24,517.47,400.5,438.21,491.71
81,OK,-65,-51,990,990,330.7,392.07,515.67,399.19,437.84,492.77
82,OK,-70,-47,989,989,326.75,394.82,511.38,406.06,430.28,495.25
83,OK,-71,-53,993,993,325.88,392.24,511.43,400.42,431.37,489.8
84,OK,-75,-60,997,997,323.9,388.13,510.29,395.8,429.79,485.64
85,OK,-78,-65,1002,1002,324.24,384.72,511.37,394.9,428.94,482.94
86,OK,-76,-63,996,996,324.53,384.18,510.55,392.52,428.07,482.51
87,OK,-69,-64,990,990,328.63,380.13,513.61,388.76,431.96,479.15
88,OK,-66,-66,989,989,330.36,378.99,515.15,387.55,433.93,472.81
89,OK,-63,-65,991,991,335.07,377.18,520.17,386.47,438.04,478.64
90,OK,-64,-77,1005,1005,338.76,375.38,526.54,382.95,445.25,471.05
91,OK,-60,-62,988,988,335.94,379.52,520.52,387.04,439.88,480.85
92,OK,-68,-65,990,990,329.76,381.65,514.84,388.19,432.75,475.54
93,OK,-68,-60,986,986,327.37,383.52,511.63,388.83,431.01,480.26
94,OK,-76,-62,998,998,323.6,387.71,510.13,393.63,429.61,485.29
95,OK,-80,-60,1000,1000,320.36,393.22,507.42,397.43,427.36,485.64
96,OK,-79,-61,1000,1000,321.14,391.59,508.16,394.11,427.88,486.92
97,OK,-72,-62,994,994,325.64,387.08,511.57,389.73,432.59,482.32
98,OK,-67,-63,994,994,330.62,385.3,516.45,390.48,437.23,480.52
99,OK,-61,-62,992,992,336.2,385.69,521.76,390.51,441.77,481.13
100,OK,-60,-62,992,992,337.71,384.24,523.21,389.7,442.75,482.94
101,OK,-64,-67,1003,1003,336.49,386.06,524.08,391.43,444.59,481.2
102,OK,-55,-52,981,981,335.56,387.89,519.08,390.06,444.63,488.4
103,OK,-58,-47,977,977,330.83,393.74,513.52,396.14,438.29,487.1
104,OK,-57,-42,975,975,329.96,396.53,512.27,394.98,439.4,494.69
105,OK,-67,-43,982,982,324.7,402.47,508.36,400.8,433.16,494.97
106,OK,-61,-40,978,978,328.17,400.84,511.09,399.42,437.03,499.69
107,OK,-56,-38,971,971,331.47,397.43,513.13,400.16,437.39,495.31
108,OK,-51,-38,970,970,335.8,395.12,517.08,399.51,442.01,497.0
109,OK,-50,-46,977,977,338.76,391.53,521.38,394.54,446.82,491.9
110,OK,-51,-49,981,981,340.23,391.67,523.7,396.28,447.3,488.94
111,OK,-47,-54,987,987,345.98,388.99,530.58,393.02,455.55,487.95
112,OK,-55,-64,1002,1002,345.65,387.02,532.94,391.87,453.69,484.72
113,OK,-47,-58,988,988,346.81,384.83,531.51,389.46,456.18,485.56
114,OK,-52,-67,998,998,346.27,383.9,532.79,388.55,455.81,479.04
115,OK,-55,-73,1005,1005,344.09,383.1,532.07,387.85,456.01,473.89
116,OK,-53,-71,1003,1003,345.01,382.78,532.51,388.33,458.55,476.12
117,OK,-45,-67,993,993,348.3,377.75,533.91,383.96,462.76,477.58
118,OK,-44,-67,989,989,348.3,379.22,533.18,384.02,460.52,473.87
119,OK,-48,-72,993,993,346.23,378.05,531.88,382.82,458.46,469.2
120,OK,-55,-80,1004,1004,344.05,378.32,531.74,381.32,456.33,465.43
121,OK,-53,-76,995,995,342.84,376.84,528.92,380.59,453.27,465.14
122,OK,-57,-78,998,998,340.96,376.24,527.56,379.31,451.0,465.15
123,OK,-57,-79,998,998,340.64,375.32,527.27,377.56,451.58,464.42
124,OK,-57,-78,998,998,340.29,376.58,527.02,377.73,451.19,466.42
125,OK,-55,-77,995,995,340.64,375.66,526.75,376.89,451.39,464.08
126,OK,-59,-81,1000,1000,338.55,375.23,525.65,377.2,450.05,462.21
127,OK,-57,-78,997,997,339.3,376.46,525.85,377.59,451.22,463.7
128,OK,-55,-77,995,995,339.2,375.7,525.33,376.93,452.29,465.48
129,OK,-45,-79,990,990,347.09,368.73,532.13,374.16,460.65,461.38
130,OK,-42,-90,1005,1005,359.67,363.79,547.54,369.4,467.04,459.26
131,OK,-30,-104,1020,1020,384.21,353.7,573.85,374.33,482.43,449.48
132,OK,-8,-96,1018,1018,406.01,355.92,594.5,383.12,501.81,458.05
133,OK,15,-81,1007,1007,424.64,361.42,610.45,392.42,518.51,468.95
134,OK,36,-74,991,991,439.91,366.09,622.83,395.46,531.07,461.44
135,OK,55,-67,991,991,457.62,366.96,639.6,402.52,552.87,471.35
136,OK,55,-62,985,985,458.08,368.12,638.43,405.87,546.58,474.94
137,OK,51,-61,987,987,452.82,373.29,634.45,406.52,545.56,474.64
138,OK,47,-61,987,987,450.3,374.0,631.39,410.01,540.08,473.43
139,OK,33,-70,1000,1000,442.25,370.05,626.07,404.59,533.0,472.77
140,OK,23,-78,1013,1013,436.47,368.82,623.1,401.22,529.04,472.09
141,OK,22,-81,1002,1002,429.68,363.13,614.75,392.3,525.1,464.06
142,OK,25,-86,991,991,428.23,350.65,610.64,383.03,520.81,451.56
143,OK,20,-102,983,983,418.91,341.24,601.26,364.03,513.67,425.88
144,OK,20,-109,962,962,408.84,337.06,588.3,350.56,504.27,400.22
145,OK,24,-112,934,934,400.25,324.06,574.65,335.35,496.21,381.42
146,OK,5,-119,921,921,376.18,313.09,548.38,317.99,468.91,368.03
147,OK,-5,-114,908,908,361.81,310.54,531.53,317.95,452.82,366.05
148,OK,-18,-104,900,900,342.93,318.31,511.25,324.35,438.4,370.86
149,OK,-32,-91,897,897,325.13,329.37,492.86,329.65,423.41,385.28
150,OK,-67,-111,922,922,305.44,326.29,477.86,326.16,398.26,374.2
151,OK,-64,-109,919,919,305.17,325.85,476.95,328.18,400.54,374.51
152,OK,-78,-133,947,947,302.32,320.77,479.34,318.76,400.12,361.97
153,OK,-80,-147,963,963,306.37,314.81,486.49,310.1,407.28,355.82
154,OK,-83,-156,967,967,304.7,305.82,485.48,302.78,406.68,350.43
155,OK,-76,-150,961,961,306.18,301.25,485.9,300.5,412.62,359.32
156,OK,-86,-168,963,963,297.6,283.99,477.76,280.7,403.5,344.54
157,OK,-83,-181,974,974,304.58,274.56,486.71,268.61,412.48,340.93
158,OK,-66,-204,983,983,326.3,256.78,510.05,259.11,433.41,317.79
159,OK,-57,-186,986,986,335.47,272.19,519.79,272.97,446.22,341.43
160,OK,-11,-127,943,943,362.32,304.53,538.78,303.37,470.51,384.27
161,OK,-31,-136,988,988,360.73,325.07,545.41,320.55,473.14,394.45
162,OK,-27,-99,987,987,365.08,351.35,549.67,349.04,475.81,438.75
163,OK,-44,-95,1012,1012,361.19,364.21,550.44,363.97,468.91,458.71
164,OK,-60,-93,1024,1024,350.04,371.79,541.57,370.01,459.72,468.09
165,OK,-65,-84,1022,1022,342.37,379.72,533.44,375.8,454.89,476.67
166,OK,-87,-84,1037,1037,329.52,384.57,523.52,380.77,437.29,486.32
167,OK,-84,-85,1023,1023,327.34,380.08,518.73,377.74,431.3,474.54
168,OK,-81,-93,1016,1016,328.19,372.88,518.23,374.32,431.48,457.23
169,OK,-71,-102,1006,1006,330.84,365.39,518.97,363.68,439.79,438.45
170,OK,-66,-108,984,984,326.87,354.0,510.97,354.71,433.1,415.06
171,OK,-54,-95,948,948,323.3,349.34,500.56,348.11,428.16,409.91
172,OK,-54,-94,931,931,316.78,344.61,490.81,341.0,419.18,399.91
173,OK,-66,-104,932,932,308.55,334.58,482.85,334.24,404.57,390.07
174,OK,-78,-116,944,944,300.79,330.62,477.36,327.57,400.64,382.93
175,OK,-86,-112,944,944,294.13,336.04,470.59,333.2,389.99,387.01
176,OK,-103,-110,968,968,285.35,347.54,466.24,341.27,386.4,405.01
177,OK,-105,-110,980,980,287.63,349.37,470.82,346.14,391.13,413.66
178,OK,-113,-105,993,993,286.91,350.26,472.62,353.75,387.72,430.51
179,OK,-114,-104,999,999,286.67,353.95,473.54,356.4,390.61,436.65
180,OK,-100,-97,977,977,290.75,354.57,473.55,353.24,394.5,428.48
181,OK,-97,-95,973,973,293.2,353.38,475.15,354.81,395.55,428.41
182,OK,-95,-88,962,962,290.78,356.71,470.74,355.49,391.3,430.12
183,OK,-107,-110,985,985,288.09,352.58,472.25,349.07,389.95,413.42
184,OK,-99,-110,972,972,292.15,350.56,473.84,346.66,391.57,405.05
185,OK,-82,-103,952,952,299.68,344.59,477.74,341.46,399.95,404.93
186,OK,-79,-98,940,940,298.82,343.0,474.52,338.22,396.48,404.37
187,OK,-63,-91,924,924,307.46,345.23,480.18,342.19,405.73,400.21
188,OK,-62,-93,930,930,309.65,343.32,483.51,339.29,410.32,403.04
189,OK,-58,-97,938,938,316.08,343.47,491.44,339.83,419.1,403.19
190,OK,-61,-98,946,946,315.91,344.88,492.75,340.79,420.61,408.49
191,OK,-70,-105,961,961,312.53,347.96,492.3,343.97,418.5,404.68
192,OK,-84,-111,981,981,307.92,350.9,491.38,347.5,412.76,409.85
193,OK,-81,-98,967,967,305.02,356.53,485.78,348.37,409.05,418.09
194,OK,-83,-96,966,966,302.84,356.76,483.28,347.6,408.83,423.07
195,OK,-90,-102,981,981,301.34,357.9,484.71,349.41,407.69,423.78
196,OK,-87,-100,976,976,302.31,359.06,484.64,349.77,408.84,422.1
197,OK,-93,-109,991,991,302.46,357.4,487.6,349.87,410.15,419.32
198,OK,-94,-112,991,991,301.64,356.34,486.86,348.09,409.48,415.16
199,OK,-96,-118,993,993,300.43,351.65,486.03,344.95,407.38,409.62
200,OK,-99,-121,999,999,300.84,349.1,487.56,345.51,405.92,409.03
201,OK,-85,-96,971,971,303.16,364.1,484.75,360.57,407.29,416.23
202,OK,-81,-87,958,958,302.75,366.03,481.93,360.76,405.34,420.75
203,OK,-87,-99,974,974,303.25,364.87,485.35,360.32,406.79,415.23
204,OK,-79,-94,973,973,309.1,365.15,491.02,364.42,413.99,419.55
205,OK,-73,-89,966,966,312.66,364.43,493.24,361.7,418.81,425.67
206,OK,-73,-92,971,971,313.77,365.0,495.26,360.34,420.73,424.02
207,OK,-75,-95,975,975,312.53,364.92,494.7,358.82,421.1,423.6
208,OK,-74,-95,975,975,313.01,361.37,495.36,356.09,423.52,426.88
209,OK,-74,-94,971,971,311.99,358.51,493.5,354.15,419.81,425.98
210,OK,-77,-100,979,979,311.8,358.05,494.63,349.93,422.36,425.05
211,OK,-73,-96,973,973,313.63,358.23,495.44,350.02,423.09,427.11
212,OK,-83,-108,993,993,312.33,357.23,497.87,350.13,422.23,423.98
213,OK,-89,-115,1009,1009,313.27,352.75,502.04,350.53,423.17,427.69
214,OK,-90,-116,1009,1009,310.99,355.68,499.45,348.06,422.93,425.12
215,OK,-84,-108,994,994,312.25,358.24,498.09,353.71,422.3,423.14
216,OK,-65,-97,958,958,316.48,353.18,495.54,348.97,423.18,412.94
217,OK,-49,-91,943,943,325.43,349.0,501.81,353.13,431.33,409.88
218,OK,-36,-88,937,937,336.08,349.75,511.34,352.07,440.93,409.61
219,OK,-43,-98,962,962,341.6,352.2,521.41,359.4,445.89,411.93
220,OK,-39,-75,957,957,340.25,365.27,519.24,366.51,448.57,441.2
221,OK,-63,-77,996,996,334.63,376.63,520.95,375.65,442.96,466.06
222,OK,-73,-66,1005,1005,328.6,386.43,516.48,388.13,437.03,485.71
223,OK,-75,-65,1005,1005,327.87,386.77,515.68,392.17,434.2,484.85
224,OK,-73,-63,1004,1004,329.04,390.2,516.69,394.29,436.55,487.2
225,OK,-76,-64,1008,1008,327.56,389.25,516.02,394.28,434.33,489.26
226,OK,-83,-74,1019,1019,325.04,385.41,515.53,387.56,432.1,484.72
227,OK,-73,-65,1002,1002,326.1,388.21,513.46,387.52,437.31,484.29
228,OK,-78,-74,1004,1004,323.56,382.46,511.24,384.88,430.95,473.97
229,OK,-74,-88,1003,1003,326.62,370.41,514.11,374.29,434.86,455.3
230,OK,-63,-84,977,977,328.12,366.2,510.54,376.65,430.98,437.06
231,OK,-52,-74,943,943,326.81,362.13,502.68,374.92,424.53,426.69
232,OK,-62,-79,935,935,313.42,357.31,488.22,364.43,409.47,416.28
233,OK,-76,-90,946,946,304.36,353.5,481.21,357.72,402.93,411.9
234,OK,-85,-104,944,944,295.65,343.91,472.28,344.26,390.83,393.11
235,OK,-86,-109,945,945,293.62,336.59,470.31,337.95,390.07,388.75
236,OK,-89,-110,940,940,291.28,331.85,467.17,333.71,383.64,387.6
237,OK,-72,-99,906,906,296.63,321.62,465.8,331.29,382.6,382.49
238,OK,-74,-102,912,912,294.39,324.06,464.79,331.75,384.54,381.14
239,OK,-83,-102,920,920,288.14,332.0,460.2,334.2,381.81,383.4
240,OK,-100,-105,952,952,280.71,345.4,458.57,337.78,382.64,402.11
241,OK,-97,-98,959,959,284.08,352.46,463.3,345.33,390.53,413.19
242,OK,-72,-75,953,953,301.75,369.87,479.2,353.15,418.37,441.8
243,OK,-103,-91,1033,1033,301.71,387.18,494.4,372.93,428.65,470.17
244,OK,-102,-66,1033,1033,298.46,415.48,489.33,385.09,435.53,500.18
245,OK,-98,-50,1023,1023,298.32,424.14,487.09,392.7,434.39,514.55
246,OK,-90,-42,1013,1013,302.33,426.53,489.78,398.66,436.71,516.87
247,OK,-87,-37,1003,1003,302.01,427.56,487.59,400.63,434.58,515.35
248,OK,-93,-48,1018,1018,303.18,424.14,492.02,400.05,435.23,510.99
249,OK,-94,-45,1012,1012,301.1,424.31,488.84,399.68,430.03,511.74
250,OK,-96,-51,1013,1013,298.6,420.17,486.57,396.36,427.69,502.42
251,OK,-101,-61,1025,1025,299.19,416.3,489.7,394.15,428.93,496.99
252,OK,-110,-83,1042,1042,300.38,402.18,494.33,383.65,425.88,484.83
253,OK,-103,-84,1034,1034,302.88,399.03,495.23,378.77,430.51,478.55
254,OK,-82,-86,1001,1001,311.17,380.24,498.2,370.33,432.69,453.55
255,OK,-69,-80,966,966,312.91,371.17,493.5,364.36,426.23,438.34
256,OK,-63,-76,956,956,314.59,369.74,493.33,362.86,427.7,438.67
257,OK,-62,-73,952,952,314.69,368.78,492.74,364.93,425.86,439.3
258,OK,-64,-77,954,954,314.57,368.06,492.99,363.52,424.19,434.66
259,OK,-65,-84,969,969,318.91,367.48,500.13,368.42,428.61,433.06
260,OK,-78,-89,990,990,316.56,367.42,501.63,365.37,425.6,446.87
261,OK,-76,-86,991,991,319.14,367.98,504.49,369.36,426.44,451.24
262,OK,-79,-78,993,993,315.51,377.99,501.17,374.68,426.77,460.4
263,OK,-95,-75,1009,1009,309.3,384.15,497.89,387.84,415.72,472.47
264,OK,-96,-72,1008,1008,309.11,386.88,497.53,391.57,414.12,476.44
265,OK,-94,-65,1005,1005,308.93,389.19,496.89,395.11,413.48,483.73
266,OK,-94,-66,1007,1007,309.85,388.17,498.01,394.6,414.19,483.31
267,OK,-99,-73,1013,1013,307.13,387.46,496.55,392.04,412.77,476.91
268,OK,-99,-74,1011,1011,306.47,387.69,495.52,390.44,412.58,473.61
269,OK,-96,-87,1008,1008,309.13,377.36,497.6,380.06,414.14,455.65
270,OK,-90,-91,1003,1003,311.68,370.13,499.18,374.92,417.21,447.59
271,OK,-86,-87,988,988,310.16,370.0,494.98,369.88,414.13,444.87
272,OK,-71,-77,954,954,310.7,367.94,489.05,366.34,412.78,434.67
273,OK,-69,-76,944,944,308.91,363.99,485.52,366.17,408.88,428.67
274,OK,-71,-80,945,945,308.12,362.11,484.78,365.29,406.65,421.75
275,OK,-62,-68,925,925,308.55,360.71,481.62,362.64,405.04,428.25
276,OK,-62,-69,926,926,309.39,360.45,482.6,362.72,406.61,427.74
277,OK,-65,-73,933,933,309.72,360.29,484.24,363.52,406.21,425.45
278,OK,-66,-75,932,932,309.89,359.93,484.14,364.52,403.8,421.1
279,OK,-73,-84,947,947,308.85,362.5,485.91,364.63,403.74,415.29
280,OK,-74,-80,946,946,308.35,363.38,485.29,364.91,402.28,422.98
281,OK,-71,-72,943,943,308.97,367.66,485.35,367.79,404.04,430.97
282,OK,-68,-67,944,944,312.78,367.34,489.23,370.85,407.76,441.08
283,OK,-85,-82,981,981,310.16,366.26,493.65,368.46,409.96,449.87
284,OK,-89,-85,986,986,308.81,364.6,493.27,366.35,407.48,452.44
285,OK,-87,-85,986,986,310.54,362.98,494.96,367.76,409.75,452.15
286,OK,-86,-82,981,981,309.59,363.17,493.05,368.73,407.69,451.32
287,OK,-87,-82,982,982,308.81,364.6,492.49,368.58,407.85,452.32
288,OK,-86,-81,980,980,310.27,364.01,493.42,369.72,407.9,452.58
289,OK,-86,-81,980,980,309.05,364.28,492.34,368.81,408.51,453.24
290,OK,-85,-82,981,981,310.13,363.34,493.5,367.97,408.66,452.25
291,OK,-88,-86,988,988,311.63,362.11,496.3,369.2,409.52,451.7
292,OK,-93,-102,999,999,310.52,354.06,497.29,356.87,409.87,439.78
293,OK,-87,-109,992,992,312.82,354.67,498.3,354.16,412.83,420.91
294,OK,-88,-116,1004,1004,315.01,352.49,502.74,351.64,419.47,420.59
295,OK,-75,-105,989,989,321.26,351.77,506.2,354.04,424.93,426.27
296,OK,-74,-106,988,988,322.25,352.1,506.95,355.53,426.4,423.67
297,OK,-72,-102,988,988,325.66,353.28,510.43,357.49,427.58,428.78
298,OK,-68,-97,981,981,326.04,352.77,509.37,359.13,427.21,431.04
299,OK,-70,-99,984,984,325.3,354.95,509.19,361.71,428.38,428.09
300,OK,-77,-104,994,994,323.12,355.81,508.83,362.73,425.79,428.25
301,OK,-79,-106,999,999,322.09,355.33,508.85,361.82,425.52,427.46
302,OK,-75,-103,991,991,323.12,355.0,508.35,361.04,426.1,426.94
303,OK,-71,-92,980,980,325.76,349.88,508.8,359.46,422.65,443.06
304,OK,-78,-99,994,994,323.69,351.59,509.45,359.46,422.17,440.57
305,OK,-72,-98,989,989,325.82,351.48,510.69,358.24,426.27,438.62
306,OK,-74,-102,993,993,325.7,353.08,511.27,359.77,427.12,432.96
307,OK,-74,-105,993,993,324.93,352.59,510.64,358.76,428.22,426.92
308,OK,-75,-109,996,996,324.46,351.57,510.64,359.35,428.93,423.13
309,OK,-69,-104,983,983,323.9,351.0,507.67,356.99,428.61,420.31
310,OK,-64,-100,972,972,325.26,348.87,506.95,357.03,428.62,420.56
311,OK,-68,-99,978,978,324.89,350.97,507.71,357.4,426.81,427.78
312,OK,-71,-95,986,986,323.92,355.49,508.15,363.37,428.43,437.46
313,OK,-62,-86,963,963,322.17,357.61,502.12,364.92,425.94,430.31
314,OK,-73,-96,981,981,318.99,356.06,502.32,363.23,424.52,428.84
315,OK,-72,-94,978,978,319.01,356.59,501.88,363.03,423.59,430.83
316,OK,-75,-94,981,981,317.77,359.7,501.26,364.65,421.95,430.14
317,OK,-75,-94,983,983,318.15,360.56,501.97,365.08,422.53,431.81
318,OK,-74,-93,981,981,318.48,360.31,501.93,363.9,422.95,433.59
319,OK,-76,-93,980,980,316.43,361.72,499.61,365.06,420.57,432.52
320,OK,-77,-95,982,982,316.18,360.31,499.78,363.39,420.55,430.81
321,OK,-77,-95,985,985,317.13,360.84,501.35,364.76,421.68,432.25
322,OK,-77,-97,985,985,317.5,360.21,501.56,365.41,422.09,427.88
323,OK,-76,-100,990,990,320.22,359.69,505.17,366.87,425.97,427.95
324,OK,-68,-91,977,977,322.38,359.77,505.09,364.32,427.94,433.17
325,OK,-71,-93,978,978,320.03,359.41,502.82,363.44,425.47,430.62
326,OK,-70,-93,977,977,319.54,360.1,502.22,365.93,425.36,428.75
327,OK,-74,-96,982,982,318.81,360.59,502.41,366.34,424.97,428.16
328,OK,-72,-95,982,982,319.95,360.07,503.44,366.27,427.06,429.62
329,OK,-75,-100,989,989,320.21,358.89,505.13,365.77,426.49,426.51
330,OK,-73,-98,987,987,321.05,359.18,505.55,366.6,427.26,427.81
331,OK,-76,-103,992,992,320.72,357.49,505.98,365.81,427.72,425.13
332,OK,-75,-98,987,987,319.78,357.97,504.14,366.12,424.62,428.93
333,OK,-69,-91,978,978,322.2,359.68,504.98,364.65,428.26,434.07
334,OK,-76,-100,994,994,321.91,358.75,507.75,363.18,428.14,434.7
335,OK,-77,-97,996,996,322.16,358.69,508.41,364.42,426.93,440.66
336,OK,-73,-93,989,989,322.07,360.93,507.07,364.86,428.36,440.87
337,OK,-68,-86,977,977,322.55,361.45,505.21,365.36,427.96,440.84
338,OK,-65,-85,973,973,322.68,362.51,504.59,365.76,428.52,439.54
339,OK,-63,-80,976,976,327.7,364.75,510.1,372.27,432.9,449.47
340,OK,-71,-86,990,990,324.27,368.33,509.48,372.04,432.54,449.48
341,OK,-67,-73,987,987,328.08,373.17,512.55,381.89,433.14,462.96
342,OK,-66,-65,982,982,328.29,377.47,511.7,388.0,431.93,470.77
343,OK,-71,-61,989,989,324.04,386.81,508.91,390.44,430.02,478.76
344,OK,-67,-55,988,988,327.83,390.9,512.53,397.11,435.0,485.19
345,OK,-57,-31,966,966,329.7,398.92,510.3,406.01,433.59,501.89
346,OK,-57,-31,968,968,331.0,399.69,511.82,406.68,433.45,503.66
347,OK,-58,-25,973,973,332.64,403.63,514.46,411.22,433.79,514.91
348,OK,-51,-18,961,961,334.61,404.95,514.06,413.4,435.16,516.5
349,OK,-59,-29,975,975,332.24,402.93,514.56,409.74,434.26,511.35
350,OK,-59,-33,972,972,332.15,397.65,513.7,407.02,432.69,504.6
351,OK,-60,-41,976,976,330.81,396.2,513.02,406.24,435.11,492.94
352,OK,-74,-64,993,993,324.91,385.18,510.68,388.9,428.0,478.89
353,OK,-69,-76,988,988,328.68,367.88,513.16,377.39,429.28,463.58
354,OK,-59,-83,976,976,331.57,361.12,514.05,367.36,435.69,445.82
355,OK,-67,-97,985,985,329.63,350.77,513.54,361.55,429.4,435.64
356,OK,-57,-92,966,966,329.72,353.18,510.28,359.22,432.32,426.35
357,OK,-61,-100,966,966,325.89,351.7,506.45,358.74,429.76,411.73
358,OK,-52,-97,950,950,327.33,346.7,504.94,351.37,431.73,408.46
359,OK,-48,-94,946,946,330.06,342.95,506.73,352.52,432.51,410.62
360,OK,-54,-102,955,955,328.52,339.96,506.69,351.68,428.42,405.98
361,OK,-53,-99,947,947,325.89,340.58,502.9,346.88,427.45,404.75
362,OK,-50,-95,939,939,325.0,341.11,500.56,345.17,425.5,406.75
363,OK,-54,-101,952,952,326.39,341.2,504.26,348.52,428.83,405.76
364,OK,-47,-91,938,938,327.5,342.5,502.86,350.01,429.15,410.29
365,OK,-55,-99,952,952,326.4,344.36,504.25,351.44,428.51,406.89
366,OK,-58,-97,957,957,324.2,347.82,503.09,353.17,427.49,413.44
367,OK,-60,-93,962,962,323.76,352.57,503.57,356.59,428.37,422.12
368,OK,-74,-102,993,993,325.32,349.1,510.59,361.37,427.05,433.49
369,OK,-78,-104,1000,1000,322.47,353.28,509.33,358.79,428.47,436.3
370,OK,-77,-98,1001,1001,324.83,356.27,511.66,368.29,429.54,443.3
371,OK,-77,-96,1001,1001,325.4,357.83,512.34,369.14,429.08,444.78
372,OK,-70,-92,991,991,327.54,356.6,512.53,367.34,431.54,445.77
373,OK,-61,-79,973,973,327.39,365.19,509.3,371.15,432.35,447.21
374,OK,-66,-88,974,974,322.74,362.74,504.82,366.85,428.3,433.93
375,OK,-58,-82,953,953,321.75,361.94,500.05,361.89,425.37,427.44
376,OK,-56,-96,951,951,321.86,347.23,499.78,351.23,429.17,410.1
377,OK,-52,-94,940,940,322.53,342.95,498.37,346.17,426.41,409.03
378,OK,-51,-91,926,926,317.54,340.97,490.65,339.63,421.0,404.65
379,OK,-50,-95,926,926,319.16,336.51,492.39,340.75,421.04,397.69
380,OK,-48,-93,922,922,320.52,335.83,492.81,341.9,420.2,397.96
381,OK,-42,-87,915,915,322.32,337.29,493.31,342.7,423.11,400.26
382,OK,-43,-90,918,918,323.14,337.41,494.8,343.41,424.25,398.66
383,OK,-37,-83,908,908,324.46,340.53,494.19,344.68,426.23,400.89
384,OK,-47,-92,919,919,319.09,335.51,491.01,337.61,420.03,398.06
385,OK,-57,-103,930,930,314.83,332.56,488.75,333.66,415.3,392.89
386,OK,-54,-94,924,924,314.03,337.56,486.73,334.08,417.4,401.28
387,OK,-59,-89,928,928,312.26,347.72,485.89,346.59,412.83,404.76
388,OK,-62,-89,935,935,310.55,346.86,485.4,344.7,413.59,410.51
389,OK,-76,-102,958,958,306.58,349.42,485.73,346.87,411.51,407.16
390,OK,-82,-105,967,967,304.16,348.75,484.86,342.26,408.57,412.22
391,OK,-81,-104,968,968,305.99,349.27,487.01,343.32,410.86,414.72
392,OK,-70,-103,965,965,313.64,348.6,494.04,344.02,421.26,412.21
393,OK,-58,-100,956,956,321.16,347.29,499.9,347.84,429.87,410.01
394,OK,-41,-89,931,931,327.4,344.12,501.57,344.94,434.49,408.56
395,OK,-41,-91,930,930,328.43,341.63,502.3,341.61,433.79,407.3
396,OK,-30,-85,915,915,332.69,338.8,503.79,340.95,436.68,404.68
397,OK,-31,-91,918,918,334.61,336.33,506.28,341.75,435.7,398.83
398,OK,-31,-91,919,919,335.15,335.64,506.9,343.0,435.58,397.45
399,OK,-31,-87,913,913,332.46,335.64,503.09,341.92,433.28,400.43
400,OK,-29,-84,910,910,331.53,337.44,501.7,340.87,435.91,403.06
401,OK,-35,-86,922,922,330.42,340.91,502.86,343.28,437.06,408.14
402,OK,-31,-77,919,919,333.02,346.91,504.73,354.77,437.36,414.34
403,OK,-43,-91,940,940,328.83,348.06,504.56,348.32,439.28,411.04
404,OK,-45,-87,943,943,327.95,352.66,504.24,351.27,437.68,416.73
405,OK,-51,-86,950,950,324.53,355.88,502.2,352.08,436.08,424.19
406,OK,-59,-83,968,968,324.58,365.01,505.6,362.11,435.19,438.73
407,OK,-66,-97,982,982,323.87,354.79,507.46,352.89,434.98,435.2
408,OK,-64,-98,979,979,323.21,353.59,506.24,350.74,435.37,429.9
409,OK,-50,-93,961,961,329.89,352.12,509.61,354.61,440.57,422.32
410,OK,-38,-85,942,942,333.24,351.69,509.45,346.84,445.06,423.42
411,OK,-31,-83,932,932,336.84,348.08,511.2,349.2,446.87,417.95
412,OK,-24,-83,926,926,339.07,346.15,512.2,343.18,452.9,416.28
413,OK,-21,-82,916,916,339.95,343.06,511.25,345.12,449.85,408.91
414,OK,-21,-81,915,915,338.4,343.34,509.61,341.58,449.25,410.54
415,OK,-30,-89,925,925,333.76,342.31,506.72,338.48,445.58,406.1
416,OK,-29,-84,918,918,334.26,342.64,505.89,341.88,440.97,408.16
417,OK,-22,-76,904,904,334.41,343.91,503.55,344.91,441.96,407.63
418,OK,-27,-81,915,915,333.61,342.31,504.76,344.15,441.46,409.8
419,OK,-39,-88,931,931,327.63,345.98,501.7,345.93,439.31,408.26
420,OK,-40,-89,936,936,328.33,349.05,503.34,348.56,441.15,409.23
421,OK,-43,-86,941,941,327.68,352.1,503.6,349.39,439.99,417.77
422,OK,-42,-84,945,945,329.76,354.22,506.55,353.53,441.98,423.15
423,OK,-40,-83,942,942,331.24,352.93,507.39,352.07,443.32,423.94
424,OK,-35,-81,940,940,335.78,354.86,511.49,350.51,447.7,425.78
425,OK,-25,-78,934,934,342.97,355.06,517.64,357.3,454.34,423.1
426,OK,-22,-77,926,926,343.25,352.15,516.46,352.93,453.67,420.14
427,OK,-26,-84,931,931,339.61,349.97,513.61,346.47,451.79,414.86
428,OK,-31,-93,938,938,337.48,344.86,512.89,340.91,451.7,410.89
429,OK,-28,-84,919,919,332.79,343.64,504.68,342.02,444.89,408.15
430,OK,-34,-86,927,927,330.7,345.9,504.13,344.7,442.51,409.69
431,OK,-46,-93,938,938,323.68,347.09,499.11,344.76,436.1,407.87
432,OK,-56,-100,954,954,319.52,347.7,497.95,343.52,434.27,409.1
433,OK,-60,-100,961,961,319.36,348.59,499.07,344.77,431.91,415.09
434,OK,-57,-89,951,951,319.28,358.3,497.18,355.06,428.58,415.84
435,OK,-48,-92,949,949,326.49,353.72,503.87,349.02,438.24,414.42
436,OK,-44,-97,951,951,331.82,346.78,509.73,344.49,441.6,411.06
437,OK,-42,-107,952,952,335.71,342.67,513.69,337.25,444.73,398.34
438,OK,-24,-100,941,941,348.69,338.93,524.65,339.3,456.04,402.31
439,OK,-14,-93,922,922,354.0,336.51,526.21,344.23,455.68,396.8
440,OK,-10,-106,917,917,352.87,327.71,524.35,329.8,459.0,376.83
441,OK,-1,-95,901,901,357.23,324.51,525.62,331.05,457.4,384.1
442,OK,-17,-116,912,912,346.32,317.82,516.95,319.78,446.62,363.01
443,OK,-18,-114,904,904,342.35,312.66,511.41,317.03,442.77,361.52
444,OK,-26,-122,912,912,336.18,311.28,506.63,315.62,438.97,356.0
445,OK,-42,-136,933,933,329.11,308.54,503.61,313.41,432.88,349.15
446,OK,-35,-121,912,912,328.27,311.44,498.77,316.44,429.39,357.72
447,OK,-29,-105,897,897,328.29,316.33,496.0,321.83,427.77,368.09
448,OK,-25,-98,899,899,331.26,321.62,499.2,328.38,433.99,378.27
449,OK,-33,-101,906,906,327.27,323.23,496.66,329.22,429.55,379.07
450,OK,-29,-100,912,912,330.96,328.77,501.44,331.56,438.49,382.97
451,OK,-31,-90,910,910,330.03,331.95,500.18,335.72,434.74,397.69
452,OK,-24,-78,909,909,333.07,339.15,502.98,344.08,442.22,411.44
453,OK,-33,-80,924,924,333.49,341.58,506.02,351.07,439.67,417.94
454,OK,-27,-56,912,912,332.6,362.28,503.18,366.2,441.85,437.66
455,OK,-35,-58,940,940,335.58,371.28,511.45,374.92,447.59,451.53
456,OK,-43,-71,965,965,338.02,366.8,518.42,372.87,451.45,453.64
457,OK,-48,-74,972,972,337.08,367.24,518.78,372.95,448.84,454.04
458,OK,-45,-75,970,970,339.66,365.51,520.96,371.35,451.1,451.89
459,OK,-45,-78,969,969,339.05,363.82,520.18,368.43,449.82,446.69
460,OK,-28,-69,932,932,341.1,361.5,515.35,368.16,448.95,430.29
461,OK,-33,-81,939,939,337.19,353.71,512.71,360.38,447.47,420.14
462,OK,-27,-77,921,921,335.86,348.16,507.98,354.28,445.43,415.96
463,OK,-31,-80,921,921,332.88,345.18,505.15,349.31,440.92,412.76
464,OK,-34,-84,920,920,328.9,344.17,501.01,346.45,437.76,408.41
465,OK,-38,-89,925,925,326.99,341.27,500.06,343.83,434.75,404.41
466,OK,-41,-91,930,930,327.23,342.21,501.14,347.42,434.76,403.53
467,OK,-49,-92,941,941,323.81,345.3,499.75,347.69,431.69,411.16
468,OK,-57,-91,950,950,321.37,353.6,499.04,357.54,427.57,413.83
469,OK,-58,-78,949,949,318.83,359.29,496.32,359.51,424.82,433.28
470,OK,-74,-87,978,978,316.32,364.48,499.2,364.13,423.85,439.98
471,OK,-80,-86,993,993,316.36,365.79,502.12,369.41,423.26,453.2
472,OK,-81,-78,984,984,313.09,371.42,497.17,374.44,417.62,456.91
473,OK,-92,-71,1000,1000,309.37,384.12,496.39,387.6,413.15,473.53
474,OK,-96,-71,1012,1012,308.3,388.04,497.55,389.39,417.11,482.14
475,OK,-100,-62,1006,1006,304.19,393.6,492.38,395.12,408.25,487.88
476,OK,-93,-40,994,994,305.15,407.08,491.09,407.02,409.9,508.34
477,OK,-79,-5,968,968,308.69,424.19,489.83,425.1,410.76,533.55
478,OK,-82,2,975,975,308.38,430.47,490.76,433.68,411.5,547.0
479,OK,-88,-11,991,991,308.17,428.73,493.46,428.25,414.5,540.24
480,OK,-84,-24,994,994,313.87,419.75,499.84,419.71,421.12,528.06
481,OK,-95,-63,1006,1006,309.38,392.09,497.54,392.04,413.54,488.49
482,OK,-95,-84,1006,1006,310.02,373.61,498.1,374.79,412.03,464.93
483,OK,-90,-108,1004,1004,312.73,356.29,500.6,356.75,418.18,432.06
484,OK,-81,-110,973,973,309.41,346.81,491.44,343.63,410.15,407.41
485,OK,-64,-97,937,937,311.91,340.18,487.25,340.76,409.79,403.44
486,OK,-72,-106,941,941,306.25,336.7,482.24,335.55,402.4,393.8
487,OK,-73,-117,944,944,307.39,325.98,483.9,331.64,402.7,383.05
488,OK,-75,-121,940,940,304.78,323.77,480.56,323.92,398.64,374.26
489,OK,-77,-129,945,945,304.81,319.81,481.56,323.44,397.97,365.54
490,OK,-79,-133,950,950,305.68,318.23,483.2,324.74,398.96,362.53
491,OK,-77,-132,945,945,304.81,318.1,481.54,322.18,397.99,361.06
492,OK,-76,-136,948,948,307.23,316.47,484.43,321.24,400.63,357.49
493,OK,-52,-110,919,919,317.25,325.4,489.15,329.38,410.96,371.45
494,OK,-32,-90,903,903,327.91,332.85,496.86,334.51,425.96,388.88
495,OK,-42,-102,928,928,329.02,333.26,502.58,336.77,428.63,390.07
496,OK,-49,-97,930,930,324.94,337.58,498.91,340.08,420.99,398.36
497,OK,-63,-95,946,946,316.22,345.98,493.24,345.32,416.29,411.65
498,OK,-84,-95,967,967,304.57,356.9,485.36,353.54,404.2,421.63
499,OK,-90,-85,977,977,303.51,362.53,486.32,361.85,402.67,444.45
500,OK,-92,-86,988,988,305.44,361.66,490.18,365.19,407.32,453.52
501,OK,-91,-76,990,990,305.56,373.04,490.63,374.37,411.86,465.76
502,OK,-93,-72,988,988,303.51,377.32,488.25,379.06,407.17,467.8
503,OK,-93,-63,988,988,303.15,384.07,487.92,384.22,406.65,479.13
504,OK,-95,-64,999,999,305.42,387.79,492.28,386.21,409.83,483.25
505,OK,-98,-66,1006,1006,304.94,391.49,493.09,390.85,411.45,484.34
506,OK,-97,-64,1009,1009,306.15,394.02,494.78,390.81,414.0,487.69
507,OK,-91,-66,1005,1005,310.94,390.76,498.83,389.2,417.68,483.9
508,OK,-91,-72,1004,1004,311.7,384.7,499.52,383.66,416.76,477.41
509,OK,-90,-80,1006,1006,313.56,379.22,501.68,381.33,419.3,467.28
510,OK,-88,-96,1000,1000,313.01,364.67,499.96,364.61,417.9,445.13
511,OK,-91,-100,1005,1005,311.77,359.44,499.75,357.78,416.71,446.46
512,OK,-85,-104,995,995,311.22,360.84,497.06,351.72,420.89,430.01
513,OK,-75,-97,981,981,316.57,358.2,500.0,354.62,423.53,431.12
514,OK,-82,-103,1003,1003,318.47,359.17,505.99,360.77,426.74,436.94
515,OK,-74,-91,991,991,321.59,361.64,506.77,367.4,429.48,444.81
516,OK,-77,-82,990,990,321.1,367.59,506.03,374.79,424.35,455.83
517,OK,-75,-72,993,993,322.83,374.87,508.3,385.23,427.31,468.87
518,OK,-79,-67,998,998,319.85,383.59,506.54,387.72,428.7,478.91
519,OK,-74,-62,995,995,322.64,384.98,508.61,390.89,430.37,482.41
520,OK,-70,-63,992,992,326.01,383.15,511.47,389.89,434.2,480.69
521,OK,-72,-65,997,997,325.69,383.07,512.11,389.94,433.37,480.13
522,OK,-74,-68,995,995,324.05,381.38,510.03,387.62,430.62,475.2
523,OK,-72,-70,996,996,326.09,380.22,512.32,387.12,432.88,474.01
524,OK,-70,-71,996,996,328.39,376.78,514.33,387.18,435.11,472.87
525,OK,-69,-67,991,991,327.26,378.68,512.38,387.87,432.86,473.83
526,OK,-73,-68,997,997,325.42,381.1,511.61,389.86,431.58,475.39
527,OK,-77,-72,1001,1001,323.2,380.58,510.15,389.6,429.83,472.1
528,OK,-78,-72,1002,1002,323.04,380.31,510.19,389.6,429.62,473.44
529,OK,-78,-73,1003,1003,323.02,380.54,510.46,389.68,429.89,472.41
530,OK,-77,-74,1000,1000,323.38,380.4,510.22,387.98,430.67,469.23
531,OK,-74,-73,997,997,324.86,378.12,511.08,387.98,431.85,468.31
532,OK,-77,-75,1003,1003,319.57,388.93,507.17,387.64,435.34,465.06
533,OK,-74,-92,1001,1001,324.63,372.24,511.92,372.55,434.38,444.69
534,OK,-73,-104,1003,1003,325.25,357.52,512.81,360.58,437.03,435.08
535,OK,-74,-108,998,998,324.58,354.18,511.17,357.83,432.9,426.45
536,OK,-53,-98,963,963,327.85,352.14,507.99,352.89,439.04,414.62
537,OK,-60,-111,972,972,325.17,348.26,507.02,349.02,436.06,401.4
538,OK,-50,-100,946,946,326.27,343.22,503.2,344.62,432.74,403.98
539,OK,-51,-104,948,948,324.91,341.92,502.14,340.71,433.15,400.12
540,OK,-52,-102,943,943,322.54,339.53,498.85,338.5,428.18,400.93
541,OK,-51,-104,945,945,324.02,338.39,500.78,339.53,430.49,397.35
542,OK,-56,-109,952,952,323.56,336.15,501.55,341.61,427.6,396.32
543,OK,-49,-99,939,939,323.78,339.57,499.48,341.92,429.86,400.31
544,OK,-47,-93,926,926,321.65,340.04,494.79,338.5,425.44,402.61
545,OK,-45,-95,930,930,325.4,337.15,499.35,340.68,428.63,402.97
546,OK,-49,-97,937,937,323.99,338.8,499.23,339.01,428.13,403.33
547,OK,-48,-93,933,933,323.89,339.19,498.4,340.87,426.46,406.38
548,OK,-48,-97,937,937,324.28,339.28,499.59,341.21,428.29,403.72
549,OK,-53,-99,942,942,322.29,340.93,498.54,340.37,426.52,403.96
550,OK,-50,-97,939,939,323.24,339.3,498.77,341.41,428.85,404.21
551,OK,-42,-89,931,931,327.27,344.68,501.31,347.41,433.21,407.0
552,OK,-35,-80,923,923,330.65,349.86,503.15,357.03,436.74,410.47
553,OK,-51,-89,946,946,325.17,358.79,502.0,362.76,430.64,408.44
554,OK,-54,-95,956,956,325.48,355.08,504.26,358.28,434.55,409.9
555,OK,-54,-101,957,957,324.36,349.23,503.36,349.81,434.21,405.43
556,OK,-63,-114,979,979,325.7,348.09,508.71,350.78,436.09,401.48
557,OK,-55,-99,967,967,329.43,355.13,510.06,365.65,437.02,408.01
558,OK,-53,-97,960,960,329.27,355.56,508.39,367.05,436.72,405.12
559,OK,-45,-84,934,934,326.19,357.08,500.8,359.88,432.48,408.86
560,OK,-43,-83,935,935,327.16,357.14,501.99,360.55,433.54,409.46
561,OK,-49,-88,941,941,324.54,356.38,500.47,359.03,430.33,407.26
562,OK,-55,-91,947,947,322.43,359.46,499.5,360.39,426.34,405.61
563,OK,-47,-86,936,936,325.33,356.03,500.32,356.69,430.72,408.8
564,OK,-50,-97,942,942,324.86,351.47,501.07,348.14,429.3,399.91
565,OK,-58,-95,931,931,313.02,349.55,486.7,337.98,415.8,397.17
566,OK,-88,-116,957,957,294.74,349.57,473.16,335.28,397.76,381.99
567,OK,-84,-96,918,918,281.08,349.34,452.14,334.56,383.88,385.29
568,OK,-88,-85,891,891,273.02,354.91,437.59,328.88,360.65,379.13
569,OK,-110,-88,900,900,253.76,359.49,419.58,330.75,344.83,379.98
570,OK,-116,-90,910,910,247.46,366.29,415.06,336.37,347.77,380.35
571,OK,-130,-89,935,935,240.54,377.24,412.42,344.94,348.44,396.7
572,OK,-144,-85,952,952,233.59,387.68,407.81,351.21,343.53,412.98
573,OK,-148,-89,964,964,234.66,388.31,410.78,349.63,347.15,417.86
574,OK,-154,-90,972,972,231.33,390.83,408.15,348.45,345.71,423.92
575,OK,-154,-89,982,982,232.47,396.58,410.66,352.32,354.1,431.01
576,OK,-156,-85,985,985,231.8,399.66,409.96,352.56,352.54,438.38
577,OK,-167,-93,1008,1008,230.09,401.23,413.77,358.79,352.38,442.36
578,OK,-169,-99,1014,1014,231.34,397.4,416.28,355.3,352.89,441.22
579,OK,-159,-91,1001,1001,236.23,398.57,418.96,357.65,354.55,441.25
580,OK,-164,-95,1018,1018,239.73,399.36,425.83,358.98,359.16,450.17
581,OK,-158,-84,1015,1015,240.87,407.11,426.05,365.24,366.15,460.68
582,OK,-158,-76,1025,1025,244.09,414.63,430.09,368.46,371.43,481.73
583,OK,-153,-69,1014,1014,244.88,418.92,428.7,372.61,371.31,481.0
584,OK,-146,-62,1011,1011,250.03,420.46,432.95,372.94,378.25,490.33
585,OK,-135,-54,1006,1006,258.88,424.22,442.19,381.58,386.74,495.9
586,OK,-132,-52,1001,1001,258.59,423.32,440.35,378.69,387.0,496.84
587,OK,-134,-49,1002,1002,258.41,426.95,440.28,381.55,385.84,500.14
588,OK,-133,-49,1000,1000,259.56,426.27,440.8,380.24,385.73,499.55
589,OK,-132,-56,1004,1004,261.98,422.11,444.57,378.33,386.85,493.48
590,OK,-124,-56,993,993,264.03,419.94,444.88,377.6,389.89,481.27
591,OK,-125,-52,995,995,263.72,420.87,444.55,377.09,391.78,491.95
592,OK,-116,-47,981,981,265.31,419.53,443.95,377.67,394.25,488.76
593,OK,-116,-49,982,982,266.51,420.04,445.11,376.96,395.24,487.36
594,OK,-124,-54,994,994,265.89,422.13,446.25,377.04,390.64,488.33
595,OK,-119,-53,988,988,267.7,420.44,446.95,375.82,393.75,484.04
596,OK,-119,-55,993,993,267.62,422.42,446.8,373.36,397.11,484.17
597,OK,-121,-54,993,993,267.34,422.25,447.76,378.36,393.31,484.59
598,OK,-123,-57,1003,1003,269.08,422.88,450.89,376.63,397.45,490.05
599,OK,-125,-53,1004,1004,267.46,425.0,448.86,376.73,396.7,497.34
600,OK,-110,-40,982,982,272.4,426.27,450.59,382.02,401.12,499.68
601,OK,-114,-40,986,986,271.22,429.44,449.99,384.2,398.1,500.52
602,OK,-106,-31,979,979,275.49,434.05,453.73,392.23,402.51,503.68
603,OK,-110,-31,985,985,273.83,434.73,452.27,388.85,401.59,511.0
604,OK,-110,-34,989,989,275.63,434.47,455.01,389.66,402.94,508.64
605,OK,-115,-38,1000,1000,275.92,435.29,457.54,390.43,404.14,511.62
606,OK,-121,-51,1021,1021,277.67,434.98,462.53,387.06,408.62,507.87
607,OK,-117,-44,1007,1007,277.65,435.72,460.09,388.7,404.73,506.81
608,OK,-114,-42,999,999,277.23,433.11,458.11,386.53,402.48,504.26
609,OK,-115,-43,1002,1002,277.23,432.82,459.27,388.05,404.38,505.87
610,OK,-124,-48,1015,1015,273.98,432.12,458.6,387.87,401.19,509.69
611,OK,-126,-46,1010,1010,271.01,431.49,454.67,387.22,397.02,509.86
612,OK,-121,-42,999,999,268.8,431.36,450.02,386.11,398.26,506.38
613,OK,-118,-41,991,991,267.92,429.89,447.31,383.53,397.64,502.49
614,OK,-121,-40,987,987,266.01,430.81,445.7,388.78,390.12,497.33
615,OK,-123,-39,986,986,263.91,428.87,443.51,387.1,388.15,501.9
616,OK,-130,-42,996,996,260.37,430.23,441.66,387.64,385.27,504.26
617,OK,-132,-41,1001,1001,260.23,431.24,442.54,388.54,386.4,509.96
618,OK,-129,-38,996,996,261.19,435.03,442.08,390.69,386.99,509.04
619,OK,-116,-32,985,985,268.58,434.59,449.55,400.09,393.42,504.63
620,OK,-111,-25,975,975,269.04,435.34,447.35,397.56,394.18,509.07
621,OK,-114,-23,981,981,268.82,435.83,448.42,398.77,394.11,517.32
622,OK,-117,-25,988,988,268.69,437.55,449.2,397.7,396.42,520.38
623,OK,-113,-23,982,982,271.25,436.78,450.85,398.44,396.39,519.36
624,OK,-121,-30,997,997,269.23,437.11,451.13,396.04,395.26,519.92
625,OK,-109,-33,991,991,277.91,437.78,459.5,400.29,403.39,506.36
626,OK,-106,-31,985,985,278.21,435.72,458.42,397.21,403.79,507.25
627,OK,-118,-44,1005,1005,274.43,432.45,457.19,388.59,402.75,507.42
628,OK,-120,-43,998,998,271.6,430.31,453.7,389.05,397.09,503.28
629,OK,-126,-58,1015,1015,270.43,423.45,454.61,377.42,400.76,498.63
630,OK,-123,-48,1001,1001,269.08,424.36,450.95,380.17,395.93,502.68
631,OK,-126,-49,1002,1002,266.57,424.52,448.7,380.38,393.26,502.65
632,OK,-119,-41,993,993,268.31,427.61,449.08,384.92,395.82,503.97
633,OK,-118,-39,988,988,268.66,428.24,449.15,388.3,395.04,503.12
634,OK,-113,-37,987,987,272.5,431.67,453.74,397.02,397.27,498.99
635,OK,-117,-42,992,992,271.23,428.52,451.98,386.88,398.16,500.85
636,OK,-117,-42,990,990,269.95,426.88,450.25,384.85,396.86,501.69
637,OK,-122,-49,1002,1002,269.35,423.3,451.78,380.11,397.75,502.47
638,OK,-109,-36,985,985,274.82,433.24,454.29,391.63,402.29,499.88
639,OK,-115,-37,996,996,274.61,433.59,456.37,392.45,401.8,510.44
640,OK,-113,-34,992,992,275.56,431.28,456.95,392.41,400.74,512.45
641,OK,-114,-34,990,990,274.46,431.89,455.65,393.42,397.59,510.65
642,OK,-109,-29,984,984,276.44,432.21,456.34,393.79,400.74,513.1
643,OK,-113,-31,989,989,274.08,432.78,454.53,392.05,398.95,513.73
644,OK,-114,-33,995,995,274.21,434.03,455.86,393.45,402.75,515.8
645,OK,-112,-32,984,984,270.53,433.53,449.75,391.32,400.08,509.05
646,OK,-118,-40,990,990,267.82,430.0,448.26,388.17,396.47,502.13
647,OK,-121,-49,999,999,267.68,425.17,449.75,383.23,397.46,497.32
648,OK,-123,-47,996,996,267.14,429.22,449.24,390.38,393.4,492.58
649,OK,-125,-50,999,999,265.75,422.98,448.25,383.14,392.45,496.23
650,OK,-126,-58,1006,1006,267.57,417.87,451.25,377.47,396.47,492.82
651,OK,-122,-55,1000,1000,268.09,420.54,450.14,377.95,398.26,491.19
652,OK,-122,-53,999,999,267.95,422.99,449.7,379.99,396.91,492.41
653,OK,-122,-52,1001,1001,269.28,420.29,451.65,378.31,396.68,496.81
654,OK,-99,-28,970,970,279.58,432.61,457.57,397.76,404.84,500.14
655,OK,-109,-40,988,988,277.07,429.39,458.16,392.42,403.08,498.32
656,OK,-117,-48,1002,1002,274.01,428.35,456.17,384.41,403.52,500.29
657,OK,-116,-48,1000,1000,274.84,425.24,456.86,381.88,404.13,500.47
658,OK,-118,-49,1003,1003,273.51,425.69,455.86,381.58,402.98,501.55
659,OK,-116,-46,992,992,271.58,423.66,452.22,381.46,399.02,499.32
660,OK,-119,-38,991,991,268.21,426.88,449.67,388.73,393.42,507.62
661,OK,-126,-44,998,998,264.46,427.38,446.91,387.88,391.54,503.04
662,OK,-127,-52,1002,1002,264.42,421.99,448.01,384.75,391.9,496.62
663,OK,-134,-58,1009,1009,260.27,421.15,444.78,381.72,388.87,491.75
664,OK,-138,-63,1014,1014,259.38,419.89,444.75,380.2,387.17,489.62
665,OK,-134,-61,1001,1001,258.75,416.68,442.17,379.65,381.77,479.87
666,OK,-136,-62,1008,1008,259.71,417.81,444.59,381.1,384.92,486.48
667,OK,-131,-57,1002,1002,261.42,416.39,445.56,381.28,387.78,489.53
668,OK,-120,-50,990,990,267.89,418.86,450.16,385.81,392.53,489.19
669,OK,-114,-50,989,989,271.39,418.3,452.76,382.32,398.35,487.81
670,OK,-119,-53,1000,1000,271.94,420.32,454.4,379.24,399.02,494.58
671,OK,-113,-52,1000,1000,277.93,420.0,460.7,380.49,405.63,497.0
672,OK,-115,-57,1011,1011,280.71,419.34,465.78,380.91,407.92,497.03
673,OK,-115,-55,1009,1009,281.71,420.0,466.68,382.96,405.32,497.43
674,OK,-116,-54,1009,1009,280.88,421.22,465.84,383.39,402.99,498.29
675,OK,-119,-60,1014,1014,280.16,418.47,465.85,380.08,404.21,495.3
676,OK,-113,-58,1003,1003,279.8,416.63,463.32,377.45,405.45,489.15
677,OK,-125,-69,1017,1017,274.48,412.96,460.74,374.44,399.98,486.05
678,OK,-121,-63,1001,1001,271.8,412.99,454.99,374.72,394.91,480.3
679,OK,-128,-70,1010,1010,268.85,411.51,453.96,373.52,394.0,479.11
680,OK,-110,-46,979,979,273.62,417.13,453.99,385.88,395.71,485.6
681,OK,-120,-52,996,996,270.27,419.52,452.75,382.24,394.86,492.33
682,OK,-120,-52,998,998,270.04,421.28,452.22,380.68,397.12,494.24
683,OK,-122,-57,1003,1003,269.81,419.1,453.06,378.65,397.86,490.01
684,OK,-118,-50,996,996,272.79,425.95,454.91,386.4,396.16,490.8
685,OK,-114,-50,995,995,275.57,423.31,457.17,382.61,400.14,491.69
686,OK,-118,-56,1004,1004,274.68,421.22,457.42,378.29,403.41,493.53
687,OK,-123,-55,1008,1008,272.22,423.12,455.21,377.63,399.39,498.42
688,OK,-113,-54,1003,1003,279.4,421.88,462.39,380.44,405.84,493.95
689,OK,-120,-56,1011,1011,277.09,424.19,461.11,380.64,402.47,497.18
690,OK,-118,-52,1005,1005,276.59,426.86,459.08,381.86,402.03,497.49
691,OK,-113,-48,1001,1001,279.22,426.68,461.94,385.81,404.01,498.65
692,OK,-115,-48,1003,1003,280.11,427.1,462.97,385.49,402.4,500.62
693,OK,-115,-51,1013,1013,283.06,429.39,467.26,384.99,408.03,503.17
694,OK,-112,-51,1011,1011,284.19,429.3,468.11,385.23,409.9,502.47
695,OK,-116,-55,1014,1014,282.4,426.48,467.05,383.02,408.6,500.71
696,OK,-113,-56,1009,1009,280.19,425.05,463.41,379.57,410.65,494.2
697,OK,-110,-46,997,997,280.17,426.35,462.09,385.72,405.82,498.07
698,OK,-108,-39,989,989,277.96,428.41,458.35,387.62,404.82,503.88
699,OK,-119,-46,1002,1002,272.12,429.18,454.41,386.04,402.54,503.92
700,OK,-118,-49,1001,1001,273.43,425.61,456.14,385.09,401.2,498.42
701,OK,-123,-53,1007,1007,272.04,424.44,455.47,381.98,397.91,498.31
702,OK,-115,-47,994,994,274.93,425.3,455.6,381.29,400.63,498.44
703,OK,-116,-57,1008,1008,279.33,420.73,463.15,378.68,405.81,495.68
704,OK,-113,-58,1007,1007,282.36,418.91,466.42,378.57,406.6,492.68
705,OK,-112,-62,1015,1015,286.22,419.37,471.59,378.37,411.76,492.27
706,OK,-100,-49,1001,1001,291.91,428.95,474.96,389.91,416.98,493.98
707,OK,-96,-46,1003,1003,297.01,426.01,481.23,390.55,422.63,502.04
708,OK,-99,-53,1013,1013,297.83,422.15,484.04,387.31,424.97,501.37
709,OK,-99,-54,1010,1010,297.47,422.28,482.59,384.66,423.18,498.95
710,OK,-90,-50,998,998,300.45,422.6,483.46,385.89,427.03,495.64
711,OK,-96,-55,1011,1011,299.13,421.57,484.51,384.01,427.19,498.16
712,OK,-97,-54,1009,1009,297.86,421.9,482.75,384.24,425.25,497.11
713,OK,-94,-52,1002,1002,298.3,421.3,482.09,384.48,424.44,496.78
714,OK,-92,-50,992,992,296.16,421.69,477.63,382.88,421.82,491.11
715,OK,-107,-58,1008,1008,288.12,421.77,471.68,378.41,414.63,493.61
716,OK,-115,-57,1010,1010,281.36,423.48,464.67,377.89,407.59,495.84
717,OK,-103,-37,979,979,280.68,428.5,459.95,390.89,403.23,495.83
718,OK,-110,-38,988,988,277.35,428.59,457.71,388.66,402.18,504.01
719,OK,-115,-37,997,997,272.95,431.93,454.89,391.15,402.12,511.93
720,OK,-118,-42,996,996,272.38,428.92,453.86,386.6,398.72,505.7
721,OK,-109,-46,993,993,278.1,424.53,458.72,381.14,406.08,497.74
722,OK,-107,-48,990,990,281.24,423.7,461.58,381.51,405.24,493.16
723,OK,-116,-57,1010,1010,282.19,424.14,466.97,384.72,404.75,492.54
724,OK,-98,-39,983,983,288.63,427.31,469.01,391.55,409.05,495.47
725,OK,-111,-57,1010,1010,286.35,424.18,470.31,381.37,410.49,493.42
726,OK,-96,-50,996,996,295.1,422.02,477.62,384.76,418.87,493.96
727,OK,-96,-51,1002,1002,295.98,424.45,479.03,384.68,423.21,497.1
728,OK,-94,-51,1003,1003,298.29,421.72,482.25,385.05,424.45,497.79
729,OK,-98,-51,1010,1010,297.31,424.95,482.49,387.22,424.26,502.0
730,OK,-105,-57,1022,1022,295.99,426.04,483.19,387.18,423.77,503.23
731,OK,-104,-57,1018,1018,295.22,424.9,481.62,386.13,422.26,500.11
732,OK,-99,-54,1008,1008,296.76,421.64,481.97,386.04,422.09,497.85
733,OK,-86,-31,982,982,298.95,430.62,480.26,400.97,420.75,506.15
734,OK,-109,-46,1004,1004,287.34,430.48,470.63,389.68,408.1,502.16
735,OK,-114,-53,1005,1005,281.48,424.6,464.85,383.69,404.06,495.09
736,OK,-124,-54,1011,1011,272.37,423.02,456.65,380.3,397.69,500.4
737,OK,-119,-52,997,997,270.42,421.32,452.69,381.56,396.93,492.02
738,OK,-120,-58,998,998,271.48,415.52,454.55,379.17,395.45,484.9
739,OK,-116,-49,985,985,269.97,419.12,451.85,389.21,392.25,481.86
740,OK,-122,-61,1002,1002,270.92,415.76,454.16,376.26,395.47,485.35
741,OK,-126,-65,1008,1008,269.16,416.58,452.98,374.78,394.93,483.42
742,OK,-126,-66,1013,1013,272.04,413.36,457.38,374.44,396.99,486.3
743,OK,-119,-58,999,999,273.29,417.55,456.0,378.38,396.78,485.86
744,OK,-120,-51,1002,1002,273.32,423.9,455.76,380.73,398.41,498.81
745,OK,-102,-35,977,977,280.94,430.3,460.26,394.96,403.12,495.01
746,OK,-109,-44,993,993,279.02,428.56,460.04,387.43,404.61,497.07
747,OK,-107,-40,986,986,281.51,426.12,462.15,389.2,402.01,499.03
748,OK,-105,-37,988,988,284.57,427.56,466.0,392.86,403.97,504.16
749,OK,-108,-41,994,994,284.8,430.23,466.76,391.9,404.07,501.06
750,OK,-115,-49,1013,1013,284.18,430.98,468.94,389.36,406.06,505.34
751,OK,-111,-47,1014,1014,288.23,431.53,473.38,390.29,412.47,509.64
752,OK,-108,-47,1011,1011,289.47,427.85,474.71,390.25,412.5,507.73
753,OK,-112,-53,1016,1016,288.3,425.95,474.02,386.12,411.96,504.13
754,OK,-113,-52,1013,1013,285.5,427.94,470.23,386.11,409.13,501.99
755,OK,-113,-54,1010,1010,286.02,424.71,470.76,385.51,407.58,498.38
756,OK,-115,-55,1010,1010,283.57,423.42,468.16,383.21,404.94,496.77
757,OK,-120,-63,1020,1020,283.03,420.29,469.61,380.63,405.39,494.35
758,OK,-102,-56,999,999,291.58,413.24,476.63,387.8,411.45,487.09
759,OK,-107,-57,993,993,284.81,412.14,469.18,390.56,401.51,476.71
760,OK,-107,-64,990,990,285.48,408.36,469.09,384.62,400.49,466.83
761,OK,-115,-87,1010,1010,287.16,395.38,475.26,378.09,400.21,450.45
762,OK,-109,-91,1001,1001,288.75,387.66,475.58,375.89,400.32,437.93
763,OK,-100,-81,962,962,289.14,379.55,468.99,373.95,383.59,423.81
764,OK,-104,-77,952,952,284.76,371.79,462.67,366.19,371.59,430.85
765,OK,-101,-69,937,937,283.84,366.05,459.03,366.66,363.3,432.26
766,OK,-109,-78,945,945,279.77,361.11,456.4,364.78,358.02,425.57
767,OK,-127,-84,965,965,271.33,359.92,451.63,368.0,349.15,432.87
768,OK,-138,-88,973,973,265.1,359.8,446.86,367.57,340.85,432.43
769,OK,-142,-86,958,958,259.01,359.93,438.01,369.04,327.31,423.43
770,OK,-142,-84,950,950,254.53,360.38,432.02,367.96,323.15,419.67
771,OK,-135,-91,952,952,258.75,359.86,436.63,365.84,334.76,407.5
772,OK,-135,-84,942,942,255.08,361.09,431.16,367.53,329.22,411.33
773,OK,-149,-69,929,929,240.84,365.68,414.52,372.8,303.97,422.6
774,OK,-177,-79,962,962,228.72,370.9,408.41,381.57,290.57,428.95
775,OK,-207,-91,1014,1014,217.54,384.88,407.27,385.43,289.44,448.08
776,OK,-196,-81,1000,1000,222.45,383.9,409.38,386.65,293.02,453.87
777,OK,-207,-97,1030,1030,222.79,388.78,415.47,390.97,297.91,447.93
778,OK,-203,-87,1021,1021,224.26,388.76,415.24,392.97,294.98,455.32
779,OK,-207,-87,1029,1029,224.45,390.17,416.72,396.29,294.27,460.91
780,OK,-212,-96,1040,1040,224.32,388.62,418.72,395.23,295.78,456.09
781,OK,-214,-99,1044,1044,223.64,388.57,418.74,395.75,295.08,455.35
782,OK,-202,-93,1021,1021,228.6,376.15,419.2,387.94,293.94,452.42
783,OK,-196,-90,1012,1012,229.2,373.96,418.06,384.99,296.74,452.86
784,OK,-196,-87,1007,1007,226.08,373.34,414.15,382.84,294.53,454.18
785,OK,-200,-92,1014,1014,226.43,373.48,415.73,384.41,294.36,451.62
786,OK,-193,-81,1001,1001,227.38,374.52,414.31,385.07,293.54,458.91
787,OK,-202,-89,1016,1016,225.67,375.05,415.33,385.85,293.12,457.73
788,OK,-199,-87,1015,1015,226.64,376.68,416.28,387.0,294.58,458.38
789,OK,-198,-90,1013,1013,227.75,373.03,416.76,386.37,293.81,453.99
790,OK,-199,-93,1019,1019,227.89,374.28,418.11,385.31,297.93,452.96
791,OK,-205,-98,1026,1026,226.96,372.38,418.4,385.26,294.7,451.31
792,OK,-203,-95,1021,1021,226.99,373.51,417.59,386.22,293.23,451.79
793,OK,-197,-91,1016,1016,229.93,374.4,419.62,386.65,297.76,454.54
794,OK,-196,-89,1011,1011,228.78,372.29,417.33,386.42,295.2,452.84
795,OK,-196,-90,1008,1008,228.63,369.44,416.48,385.63,293.81,451.95
796,OK,-197,-91,1011,1011,228.89,369.77,417.34,386.07,293.69,451.45
797,OK,-187,-81,992,992,230.64,371.23,415.65,385.2,295.64,453.7
798,OK,-188,-81,994,994,230.54,371.09,415.94,385.61,295.48,453.92
799,OK,-189,-84,997,997,230.7,370.95,416.67,384.83,295.47,451.95
800,OK,-189,-81,996,996,231.24,371.59,416.93,386.29,294.46,455.63
801,OK,-185,-79,987,987,231.35,371.08,415.64,382.7,293.4,453.05
802,OK,-189,-84,996,996,231.19,370.49,416.88,384.59,295.17,451.68
803,OK,-203,-94,1025,1025,225.2,382.92,416.8,388.26,297.94,451.5
804,OK,-202,-91,1021,1021,224.27,387.63,415.17,392.44,297.11,449.62
805,OK,-211,-96,1037,1037,222.15,389.39,416.1,393.42,295.13,454.48
806,OK,-202,-87,1021,1021,225.11,387.48,415.95,393.07,297.18,456.19
807,OK,-199,-82,1014,1014,225.83,386.49,415.27,393.89,296.43,461.07
808,OK,-202,-96,1033,1033,230.5,378.85,423.48,389.72,302.45,456.59
809,OK,-175,-86,994,994,239.13,377.54,424.8,384.87,312.56,442.63
810,OK,-158,-88,977,977,248.24,370.66,430.89,370.45,322.26,430.4
811,OK,-143,-93,972,972,259.45,366.16,441.26,363.07,336.79,421.58
812,OK,-120,-96,963,963,276.25,364.06,456.24,359.41,357.63,409.53
813,OK,-110,-95,955,955,282.82,360.07,461.36,356.11,363.05,405.94
814,OK,-97,-86,943,943,289.91,360.48,466.37,360.37,371.21,411.56
815,OK,-98,-86,947,947,289.25,364.85,466.32,361.94,373.39,412.33
816,OK,-88,-69,934,934,298.12,367.19,472.71,362.79,372.85,431.23
817,OK,-82,-58,936,936,304.62,371.88,479.68,375.75,380.29,447.36
818,OK,-100,-66,960,960,295.6,378.47,475.13,379.79,376.07,450.13
819,OK,-94,-40,922,922,288.47,382.87,460.85,379.17,359.99,461.64
820,OK,-111,-51,954,954,284.22,384.88,462.57,383.88,359.17,468.02
821,OK,-106,-47,948,948,284.69,391.41,461.88,384.53,364.02,466.19
822,OK,-103,-41,944,944,287.25,391.37,463.68,386.26,363.26,473.71
823,OK,-104,-37,940,940,283.55,395.63,459.24,391.56,360.77,474.11
824,OK,-108,-32,948,948,281.65,399.29,458.86,392.31,363.01,489.4
825,OK,-107,-30,948,948,282.76,399.21,459.94,392.74,363.36,492.96
826,OK,-118,-38,959,959,277.23,397.99,456.49,394.2,357.03,487.18
827,OK,-118,-47,960,960,278.38,395.56,457.88,390.85,356.42,473.23
828,OK,-106,-48,945,945,283.47,388.4,460.08,381.95,360.6,462.92
829,OK,-97,-48,928,928,286.57,382.24,460.0,373.65,361.25,454.62
830,OK,-110,-78,966,966,289.22,378.03,469.85,371.32,368.1,436.69
831,OK,-106,-84,971,971,292.52,374.78,473.86,365.73,375.46,433.22
832,OK,-95,-89,969,969,299.78,366.73,480.94,361.11,389.15,427.13
833,OK,-112,-122,1008,1008,300.24,360.9,488.67,358.88,390.5,405.59
834,OK,-99,-105,991,991,303.8,365.37,489.02,360.36,397.27,418.9
835,OK,-94,-96,975,975,303.56,366.66,485.84,363.71,392.49,418.73
836,OK,-103,-100,989,989,300.21,368.24,485.11,365.08,389.41,423.32
837,OK,-106,-87,995,995,299.35,374.12,485.43,375.06,390.88,446.03
838,OK,-108,-82,999,999,297.33,380.88,484.21,377.93,391.97,456.22
839,OK,-110,-74,996,996,296.29,384.8,482.53,381.29,387.36,466.42
840,OK,-117,-74,1011,1011,294.67,389.78,483.74,384.66,388.45,474.84
841,OK,-123,-78,1016,1016,291.58,390.02,481.58,385.35,383.71,473.91
842,OK,-118,-70,1006,1006,292.07,392.56,480.08,386.55,384.54,477.97
843,OK,-121,-70,1010,1010,289.28,398.18,477.9,389.6,385.21,476.47
844,OK,-122,-76,1015,1015,290.32,392.17,479.98,384.3,385.45,475.26
845,OK,-114,-85,1006,1006,295.81,378.98,483.99,378.17,388.2,458.79
846,OK,-118,-105,1018,1018,297.49,368.59,487.92,367.11,390.6,441.52
847,OK,-114,-112,1011,1011,299.33,358.61,488.32,351.99,388.84,431.89
848,OK,-114,-117,1013,1013,301.3,356.77,490.64,350.22,389.55,425.93
849,OK,-108,-122,1003,1003,303.47,351.83,490.97,350.31,389.88,407.5
850,OK,-98,-122,991,991,309.38,343.54,494.81,341.56,393.02,405.3
851,OK,-85,-109,955,955,307.4,343.47,485.77,335.11,388.88,397.35
852,OK,-83,-111,940,940,306.55,338.1,482.3,334.3,381.32,382.42
853,OK,-82,-106,930,930,303.64,334.35,477.54,336.43,376.26,383.19
854,OK,-97,-117,954,954,295.36,338.18,473.87,339.23,375.49,382.52
855,OK,-101,-96,951,951,291.42,349.17,469.29,354.66,369.44,406.42
856,OK,-116,-88,961,961,280.85,359.85,460.65,362.74,357.36,422.76
857,OK,-145,-98,990,990,267.96,362.35,453.1,365.73,340.7,430.65
858,OK,-150,-89,992,992,262.26,364.16,447.74,370.78,337.4,447.64
859,OK,-161,-73,988,988,250.76,378.56,435.52,380.9,323.69,464.08
860,OK,-167,-68,993,993,245.26,385.14,431.02,382.84,321.55,472.86
861,OK,-171,-72,1001,1001,242.76,385.61,429.85,381.26,323.68,473.29
862,OK,-172,-71,1000,1000,242.9,384.86,429.83,380.44,321.07,475.47
863,OK,-168,-77,996,996,246.26,379.9,432.59,378.33,322.37,463.79
864,OK,-164,-94,1006,1006,253.33,371.29,441.47,373.77,331.12,445.78
865,OK,-160,-94,1000,1000,255.33,368.08,442.3,368.51,332.66,444.29
866,OK,-159,-96,999,999,254.93,369.31,441.69,367.49,332.52,438.02
867,OK,-149,-97,994,994,263.58,371.13,449.4,370.77,341.13,430.04
868,OK,-149,-98,999,999,264.59,371.64,451.42,373.34,343.37,430.25
869,OK,-147,-96,1001,1001,266.62,371.15,453.91,372.34,346.89,436.58
870,OK,-139,-94,991,991,269.83,371.4,455.19,373.35,351.28,429.89
871,OK,-137,-95,991,991,269.88,370.84,455.19,372.57,353.73,429.46
872,OK,-140,-92,988,988,267.64,372.19,452.35,371.94,349.21,432.23
873,OK,-151,-98,1011,1011,265.53,373.18,454.56,373.1,348.76,441.62
874,OK,-146,-103,1004,1004,269.52,366.8,457.31,368.51,350.47,430.7
875,OK,-145,-92,1000,1000,268.03,373.28,455.05,374.05,349.79,443.94
876,OK,-149,-94,1014,1014,268.35,379.29,458.02,378.07,352.84,449.19
877,OK,-148,-91,1011,1011,268.38,379.6,457.38,380.66,351.98,447.96
878,OK,-155,-89,1019,1019,265.74,383.45,456.28,385.4,347.79,455.82
879,OK,-141,-65,988,988,266.52,391.06,451.36,387.99,348.0,469.93
880,OK,-144,-71,996,996,267.76,390.29,454.12,391.44,347.99,463.51
881,OK,-148,-80,1010,1010,269.06,390.16,457.96,393.53,350.99,459.01
882,OK,-142,-75,1003,1003,271.48,388.05,459.08,392.05,353.49,463.08
883,OK,-144,-75,1004,1004,270.94,389.48,458.77,391.87,352.66,463.53
884,OK,-148,-74,1007,1007,267.23,391.96,455.55,390.87,350.31,466.63
885,OK,-143,-71,998,998,268.38,392.55,455.0,391.5,351.85,464.97
886,OK,-140,-69,993,993,270.17,389.04,455.84,391.13,350.3,464.63
887,OK,-144,-72,1003,1003,268.32,393.14,455.89,391.01,353.57,467.46
888,OK,-142,-72,1006,1006,270.46,394.19,458.64,390.92,357.58,470.25
889,OK,-144,-74,1008,1008,270.13,393.06,458.61,390.24,356.41,469.36
890,OK,-145,-73,1008,1008,268.76,394.54,457.24,390.27,356.32,469.72
891,OK,-144,-70,1000,1000,268.06,388.45,455.09,386.54,351.05,472.74
892,OK,-145,-76,1006,1006,269.85,382.58,457.92,382.9,352.91,472.92
893,OK,-140,-76,1001,1001,271.7,380.65,458.87,380.44,355.89,469.35
894,OK,-131,-71,987,987,272.94,377.62,457.51,377.3,360.48,468.46
895,OK,-135,-75,990,990,271.52,374.42,456.72,375.3,356.67,465.27
896,OK,-133,-79,987,987,271.98,370.52,456.53,371.66,355.85,457.41
897,OK,-128,-74,977,977,273.37,373.05,456.18,374.12,357.17,455.29
898,OK,-119,-74,965,965,273.2,377.83,453.48,371.4,363.93,441.45
899,OK,-120,-78,964,964,273.44,374.8,453.62,371.49,361.97,435.87
900,OK,-118,-81,957,957,274.77,361.0,453.79,359.86,356.3,433.68
901,OK,-125,-95,964,964,271.48,352.43,451.72,353.06,352.9,421.99
902,OK,-121,-100,953,953,272.87,342.55,450.99,347.24,348.62,408.23
903,OK,-133,-116,974,974,269.42,339.93,451.5,343.8,348.15,401.23
904,OK,-131,-112,970,970,270.62,340.92,451.92,344.65,348.09,404.25
905,OK,-128,-108,959,959,270.0,340.52,449.25,344.13,342.96,401.3
906,OK,-124,-106,955,955,271.78,338.14,450.43,339.19,345.91,404.33
907,OK,-126,-111,955,955,269.19,338.62,447.72,335.18,345.21,396.45
908,OK,-120,-104,941,941,269.51,335.79,445.41,333.23,343.93,398.05
909,OK,-129,-107,956,956,267.2,341.11,445.91,337.6,342.97,403.99
910,OK,-115,-104,939,939,274.02,337.8,449.61,339.97,346.29,391.85
911,OK,-109,-106,939,939,278.79,334.39,454.28,339.12,354.51,390.25
912,OK,-107,-106,936,936,279.51,333.56,454.45,337.92,355.34,389.59
913,OK,-106,-104,930,930,276.78,334.63,450.76,335.21,354.31,388.76
914,OK,-112,-111,944,944,276.73,334.54,453.3,334.03,356.31,388.47
915,OK,-119,-115,955,955,273.65,338.31,452.32,339.99,354.02,386.29
916,OK,-114,-102,936,936,271.07,343.65,446.14,342.17,350.31,390.43
917,OK,-104,-97,921,921,275.04,340.96,447.34,344.44,352.27,383.89
918,OK,-103,-103,922,922,275.93,337.68,448.33,342.81,354.6,377.07
919,OK,-109,-112,932,932,275.23,335.35,449.53,340.61,353.31,370.35
920,OK,-109,-114,933,933,275.13,334.53,449.5,339.53,352.13,368.62
921,OK,-104,-98,918,918,273.69,341.26,445.29,343.27,352.3,381.26
922,OK,-118,-107,949,949,268.15,349.65,445.36,340.27,355.63,389.57
923,OK,-116,-108,953,953,272.16,350.24,450.43,345.6,360.64,388.99
924,OK,-120,-95,968,968,274.74,366.32,455.8,362.52,363.91,415.51
925,OK,-126,-84,1010,1010,282.82,392.42,471.44,382.74,381.56,456.08
926,OK,-105,-37,976,976,289.39,406.66,471.85,400.36,386.37,498.71
927,OK,-102,-9,968,968,287.75,430.39,468.46,419.61,386.62,525.65
928,OK,-101,-12,974,974,289.52,432.2,471.3,420.34,392.74,525.07
929,OK,-108,-8,990,990,287.69,439.41,472.51,428.54,395.02,540.71
930,OK,-104,0,984,984,288.9,442.29,472.57,431.18,395.61,548.38
931,OK,-94,13,973,973,290.62,451.78,472.33,440.34,402.62,553.74
932,OK,-98,16,978,978,290.98,454.2,473.63,446.02,399.85,560.57
933,OK,-98,17,977,977,291.82,452.51,474.4,446.46,398.4,561.31
934,OK,-99,19,970,970,289.57,451.68,470.86,447.01,392.0,559.76
935,OK,-123,-8,1008,1008,283.27,445.51,471.51,435.74,386.22,551.66
936,OK,-105,1,963,963,285.13,433.01,465.09,427.23,377.09,533.89
937,OK,-109,-8,973,973,285.19,432.49,466.8,422.31,379.56,529.4
938,OK,-105,-16,974,974,288.85,424.43,470.88,417.18,384.87,522.63
939,OK,-104,-20,977,977,291.24,422.27,473.83,414.78,387.41,518.72
940,OK,-104,-21,980,980,292.29,424.19,475.31,413.74,389.88,519.09
941,OK,-103,-21,981,981,292.6,425.75,475.73,414.08,391.31,519.55
942,OK,-103,-18,983,983,294.33,425.43,478.03,416.78,390.03,525.76
943,OK,-106,-27,986,986,292.66,421.47,476.73,409.63,390.45,516.47
944,OK,-106,-27,980,980,290.77,417.76,473.81,408.39,387.16,513.09
945,OK,-104,-18,978,978,291.8,424.43,474.58,415.67,388.05,523.04
946,OK,-104,-16,982,982,292.91,427.6,476.28,417.68,389.91,528.66
947,OK,-103,-10,974,974,291.47,429.07,473.54,421.5,387.16,530.32
948,OK,-102,-11,977,977,290.96,431.35,473.42,421.99,391.2,528.81
949,OK,-101,-13,976,976,291.07,431.55,473.33,422.32,392.79,524.72
950,OK,-100,-12,973,973,291.11,430.73,472.83,422.64,391.95,522.87
951,OK,-99,-12,972,972,292.17,430.39,473.8,422.59,392.26,522.27
952,OK,-100,-11,971,971,290.82,430.56,472.25,421.19,389.23,522.62
953,OK,-100,-9,969,969,290.46,430.15,471.34,420.32,387.44,525.36
954,OK,-101,-16,975,975,291.26,428.33,473.19,416.29,390.35,521.34
955,OK,-99,-22,981,981,295.8,424.62,479.15,416.71,395.99,517.07
956,OK,-100,-26,980,980,295.91,422.49,479.0,414.85,394.38,511.26
957,OK,-98,-27,979,979,295.92,420.85,478.79,412.89,395.85,509.08
958,OK,-95,-17,969,969,296.88,420.44,478.0,414.41,392.36,517.52
959,OK,-95,-20,970,970,295.96,419.73,477.27,413.42,393.97,514.13
960,OK,-96,-17,969,969,295.99,419.96,477.12,415.57,391.43,516.4
961,OK,-95,-15,967,967,295.33,421.59,476.15,416.58,390.74,518.18
962,OK,-104,-24,984,984,293.02,421.53,476.86,414.99,391.37,517.95
963,OK,-106,-18,978,978,290.79,424.58,473.62,417.65,384.93,521.55
964,OK,-96,-13,968,968,295.71,425.37,476.66,419.57,391.3,520.45
965,OK,-97,-10,966,966,294.38,426.18,474.98,420.76,387.42,523.19
966,OK,-99,-11,967,967,292.49,426.61,473.26,420.41,386.61,522.48
967,OK,-103,-16,972,972,289.44,425.1,470.94,415.68,386.16,520.89
968,OK,-105,-19,970,970,287.94,421.67,469.11,413.99,383.29,514.49
969,OK,-103,-26,972,972,289.6,416.96,471.22,409.55,386.77,507.79
970,OK,-105,-17,964,964,286.17,419.97,466.26,411.81,379.68,514.3
971,OK,-105,-15,962,962,285.04,421.22,464.74,412.5,377.59,515.75
972,OK,-108,-23,972,972,286.57,419.67,468.29,413.33,380.18,510.15
973,OK,-105,-21,967,967,285.97,420.62,466.63,413.0,380.37,508.8
974,OK,-102,-18,960,960,285.89,423.65,465.16,413.64,382.46,506.65
975,OK,-102,-13,960,960,286.0,424.35,465.37,415.36,382.2,514.7
976,OK,-102,-16,965,965,287.35,422.46,467.71,415.72,382.89,514.59
977,OK,-110,-26,979,979,286.15,419.61,469.07,412.31,381.76,511.85
978,OK,-105,-25,973,973,288.36,419.29,470.16,410.73,384.15,507.06
979,OK,-103,-22,967,967,288.73,416.77,469.46,410.15,382.01,509.25
980,OK,-111,-33,980,980,285.67,416.41,468.71,407.4,381.21,503.26
981,OK,-107,-23,970,970,285.75,418.93,467.01,410.93,381.41,509.34
982,OK,-105,-20,966,966,285.59,420.07,466.04,412.84,380.25,509.92
983,OK,-101,-18,960,960,287.04,420.77,466.34,412.21,382.44,508.54
984,OK,-102,-18,959,959,285.95,421.82,465.03,411.97,379.52,506.17
985,OK,-98,-14,954,954,286.62,423.66,464.82,412.97,382.66,508.5
986,OK,-105,-19,965,965,284.1,423.7,464.27,411.89,380.84,509.28
987,OK,-102,-17,961,961,286.68,421.69,466.16,413.23,380.67,510.22
988,OK,-100,-21,963,963,288.41,419.58,468.33,410.4,384.6,505.77
989,OK,-105,-18,967,967,286.21,420.98,466.98,413.58,380.37,514.6
990,OK,-104,-20,964,964,286.66,418.18,466.83,411.09,380.97,510.02
991,OK,-106,-22,967,967,283.75,420.22,464.32,409.01,381.61,507.92
992,OK,-108,-24,969,969,282.0,420.66,462.89,408.38,381.1,505.73
993,OK,-106,-23,965,965,282.53,419.31,462.65,409.29,380.16,504.89
994,OK,-106,-21,963,963,281.76,421.81,461.53,410.68,379.57,505.65
995,OK,-110,-24,969,969,280.33,422.99,460.99,409.77,378.0,504.5
996,OK,-108,-23,967,967,281.53,422.2,461.93,409.77,379.37,504.85
997,OK,-108,-27,966,966,281.37,420.62,461.59,407.22,378.86,499.58
998,OK,-109,-28,967,967,280.41,420.34,460.49,404.57,379.17,499.43
999,OK,-109,-26,967,967,280.45,419.52,460.71,405.05,378.82,502.83
1000,OK,-105,-18,957,957,280.7,423.62,459.18,409.39,377.27,503.75
1001,OK,-108,-21,966,966,281.77,421.78,461.88,408.07,379.72,509.33
1002,OK,-108,-19,966,966,282.63,422.9,462.83,410.81,378.97,512.53
1003,OK,-107,-23,968,968,282.95,421.99,463.59,409.26,381.02,506.49
1004,OK,-105,-24,964,964,283.11,420.61,462.9,407.27,382.31,502.37
1005,OK,-109,-26,966,966,279.9,422.25,459.9,406.77,378.9,501.39
1006,OK,-109,-23,963,963,278.45,422.06,457.91,406.55,376.63,503.22
1007,OK,-111,-23,966,966,278.3,422.06,458.43,409.1,376.33,505.92
1008,OK,-108,-20,961,961,279.34,422.47,458.76,410.53,376.33,504.9
1009,OK,-106,-13,955,955,279.75,422.85,458.07,412.71,374.03,511.99
1010,OK,-108,-14,958,958,279.26,423.95,458.14,412.51,373.83,512.21
1011,OK,-117,-17,969,969,275.12,426.24,455.88,412.7,369.37,515.16
1012,OK,-119,-21,972,972,274.51,425.27,455.78,411.64,369.13,512.99
1013,OK,-113,-19,963,963,276.7,422.82,456.31,410.56,371.15,508.66
1014,OK,-113,-21,964,964,276.99,422.58,456.9,410.45,371.72,505.81
1015,OK,-114,-28,968,968,276.87,421.33,457.21,405.77,373.45,498.97
1016,OK,-102,-21,952,952,282.07,422.7,459.45,408.21,377.55,495.05
1017,OK,-102,-22,951,951,281.94,421.26,459.21,406.28,376.39,494.04
1018,OK,-108,-30,965,965,282.1,414.55,462.2,404.09,375.85,494.73
1019,OK,-108,-33,967,967,283.11,414.2,463.67,402.64,378.37,492.48
1020,OK,-105,-30,964,964,284.55,414.77,464.58,404.25,380.52,496.41
1021,OK,-107,-30,967,967,282.99,416.35,463.55,404.55,378.96,495.61
1022,OK,-106,-27,964,964,283.41,418.49,463.4,406.81,380.18,498.6
1023,OK,-104,-24,962,962,283.75,420.81,463.16,407.16,381.93,500.73
1024,OK,-104,-17,958,958,283.97,421.36,462.86,410.67,378.24,509.36
1025,OK,-103,-12,957,957,283.32,424.06,461.92,412.96,377.51,514.53
1026,OK,-109,-20,966,966,281.55,423.04,461.74,410.29,377.95,510.37
1027,OK,-107,-16,959,959,279.98,421.88,458.92,410.28,375.3,510.77
1028,OK,-116,-30,973,973,276.31,422.67,457.44,405.24,374.76,499.74
1029,OK,-116,-27,965,965,274.7,419.61,454.75,407.42,368.28,498.46
1030,OK,-127,-39,980,980,270.98,414.57,453.95,404.14,364.3,492.68
1031,OK,-119,-32,966,966,272.6,417.79,452.78,404.86,366.67,491.98
1032,OK,-125,-39,979,979,271.56,415.54,454.15,402.98,366.18,492.04
1033,OK,-117,-33,966,966,274.51,415.0,454.89,404.86,367.67,491.76
1034,OK,-109,-25,954,954,276.8,419.88,454.76,407.86,370.49,491.3
1035,OK,-111,-29,965,965,277.31,421.02,457.15,405.64,374.81,493.81
1036,OK,-120,-39,978,978,276.1,417.89,458.54,405.26,371.9,490.13
1037,OK,-113,-33,970,970,279.63,414.95,460.76,405.62,375.1,494.72
1038,OK,-109,-29,967,967,280.19,416.21,460.59,403.03,377.64,498.73
1039,OK,-112,-34,975,975,281.46,413.94,463.53,402.43,377.72,498.37
1040,OK,-109,-35,974,974,286.31,409.12,468.5,404.15,379.47,497.56
1041,OK,-113,-42,983,983,286.09,407.12,469.94,402.58,379.74,494.47
1042,OK,-111,-36,974,974,285.14,407.69,467.19,402.74,376.5,497.13
1043,OK,-112,-31,970,970,282.38,411.43,463.59,404.47,374.41,501.96
1044,OK,-111,-33,972,972,281.36,414.48,462.92,404.17,378.36,497.78
1045,OK,-109,-28,969,969,282.07,415.28,463.02,405.45,378.9,503.27
1046,OK,-110,-27,968,968,281.36,415.57,462.07,406.04,377.0,503.48
1047,OK,-110,-28,971,971,281.89,416.8,463.14,406.79,378.52,502.82
1048,OK,-107,-31,968,968,283.88,414.69,464.62,404.77,380.37,497.78
1049,OK,-110,-35,974,974,284.17,412.34,466.09,403.25,379.23,497.91
1050,OK,-108,-29,967,967,285.03,409.89,465.81,403.95,376.49,502.52
1051,OK,-109,-31,971,971,284.85,409.62,466.3,403.98,377.21,502.07
1052,OK,-111,-37,977,977,284.39,409.92,466.89,401.74,380.3,497.29
1053,OK,-104,-23,956,956,281.32,421.91,459.42,406.48,379.1,496.65
1054,OK,-106,-21,954,954,279.08,421.65,456.89,406.12,375.23,499.96
1055,OK,-112,-23,966,966,277.7,422.28,457.96,409.22,374.76,505.51
1056,OK,-109,-20,963,963,278.65,423.05,458.16,409.1,376.19,507.79
1057,OK,-110,-17,961,961,277.5,424.83,456.58,408.84,374.47,509.71
1058,OK,-111,-20,965,965,278.23,423.73,458.11,408.12,375.79,508.4
1059,OK,-108,-27,967,967,281.4,417.97,462.03,407.73,378.83,500.18
1060,OK,-109,-33,970,970,284.14,411.86,465.41,405.69,377.89,496.64
1061,OK,-106,-40,975,975,287.97,407.55,470.31,402.59,384.14,489.78
1062,OK,-98,-37,961,961,290.38,410.1,469.98,402.94,384.56,481.34
1063,OK,-102,-35,962,962,288.27,413.85,467.93,404.4,381.17,484.55
1064,OK,-102,-30,957,957,286.52,414.69,465.26,406.32,376.86,486.69
1065,OK,-107,-32,967,967,285.37,415.67,465.83,404.73,378.33,493.49
1066,OK,-110,-36,977,977,285.77,414.39,468.09,403.14,380.38,497.02
1067,OK,-109,-38,978,978,286.87,412.63,469.42,402.31,382.76,494.69
1068,OK,-106,-32,973,973,286.15,415.59,467.79,404.21,383.48,498.37
1069,OK,-107,-32,972,972,285.32,416.14,466.82,405.1,382.24,497.72
1070,OK,-107,-30,967,967,283.94,415.43,464.52,405.28,378.08,496.37
1071,OK,-107,-31,966,966,284.68,414.44,465.22,406.05,378.79,495.44
1072,OK,-107,-31,967,967,283.71,414.56,464.42,405.23,379.15,495.81
1073,OK,-107,-29,967,967,283.32,416.87,463.93,406.04,379.9,498.42
1074,OK,-104,-21,961,961,283.45,417.79,462.96,407.88,379.68,506.13
1075,OK,-107,-21,963,963,281.11,419.6,460.9,407.39,377.28,506.7
1076,OK,-112,-27,968,968,278.86,419.6,459.35,405.0,376.22,502.09
1077,OK,-107,-25,960,960,281.25,418.34,460.45,406.65,376.77,498.73
1078,OK,-109,-33,971,971,283.16,415.88,464.5,405.0,378.67,493.88
1079,OK,-109,-33,969,969,282.41,414.97,463.2,402.02,378.99,494.57
1080,OK,-108,-36,970,970,285.02,411.31,466.24,401.11,379.71,493.2
1081,OK,-110,-39,976,976,284.51,412.36,466.58,399.81,381.09,493.49
1082,OK,-110,-40,981,981,286.02,412.1,469.16,401.65,382.59,493.39
1083,OK,-106,-34,977,977,288.37,413.4,470.76,402.82,385.38,499.97
1084,OK,-104,-29,974,974,289.89,414.13,471.85,404.55,385.3,507.4
1085,OK,-104,-24,971,971,288.65,418.96,469.9,407.31,384.44,510.79
1086,OK,-106,-28,975,975,287.22,418.37,469.06,405.14,384.69,507.31
1087,OK,-107,-30,974,974,286.63,417.0,468.41,406.29,384.25,503.86
1088,OK,-105,-19,961,961,282.74,421.04,462.05,407.5,379.4,509.01
1089,OK,-109,-21,964,964,279.34,424.0,458.75,406.89,377.93,508.0
1090,OK,-111,-24,966,966,278.03,423.08,457.9,405.59,376.58,503.86
1091,OK,-110,-26,967,967,279.2,419.97,459.36,403.11,378.37,502.85
1092,OK,-107,-26,967,967,281.9,419.73,462.26,406.41,380.22,502.46
1093,OK,-108,-30,969,969,282.82,416.69,463.59,403.73,379.94,498.84
1094,OK,-111,-40,981,981,284.47,412.67,467.46,399.76,382.12,494.62
1095,OK,-108,-35,977,977,286.24,412.82,468.76,403.24,382.59,498.09
1096,OK,-106,-24,971,971,287.31,418.05,468.47,406.11,381.67,510.34
1097,OK,-107,-22,970,970,286.51,421.3,467.5,407.72,380.97,512.23
1098,OK,-102,-21,969,969,289.28,420.23,470.21,409.07,384.86,511.5
1099,OK,-103,-24,972,972,289.83,419.29,471.26,408.72,386.26,510.45
1100,OK,-105,-26,973,973,288.24,417.92,469.88,406.69,383.51,509.07
1101,OK,-111,-34,980,980,286.68,415.01,469.77,404.99,381.73,503.33
1102,OK,-111,-40,984,984,287.75,411.47,471.62,403.68,382.71,497.88
1103,OK,-106,-35,972,972,286.98,413.48,468.52,402.8,383.96,495.24
1104,OK,-104,-25,962,962,283.77,417.48,463.26,405.96,382.1,501.85
1105,OK,-108,-27,967,967,281.52,420.2,461.91,406.41,379.75,499.68
1106,OK,-106,-22,956,956,279.99,423.76,458.05,406.94,376.76,496.8
1107,OK,-107,-24,958,958,278.53,423.04,456.86,405.15,376.33,497.07
1108,OK,-107,-28,966,966,282.3,418.8,462.44,405.74,380.04,497.79
1109,OK,-110,-36,973,973,281.56,414.82,462.81,399.45,381.16,494.73
1110,OK,-117,-54,991,991,284.25,404.91,469.33,394.49,381.17,484.25
1111,OK,-119,-68,1003,1003,285.54,397.99,472.85,388.78,385.21,473.04
1112,OK,-121,-82,1006,1006,285.43,387.91,473.39,379.03,385.54,459.27
1113,OK,-120,-89,1010,1010,287.97,385.86,476.61,377.36,388.15,450.72
1114,OK,-107,-74,982,982,292.51,389.01,475.99,380.93,385.03,450.02
1115,OK,-115,-73,996,996,287.97,394.44,473.65,379.11,386.59,464.95
1116,OK,-118,-72,1000,1000,286.7,395.23,473.18,379.92,385.94,469.13
1117,OK,-112,-69,997,997,290.78,394.8,477.0,385.45,388.43,468.52
1118,OK,-121,-76,1016,1016,289.27,397.1,479.02,386.21,390.43,473.96
1119,OK,-104,-57,985,985,294.37,401.81,478.34,392.49,390.52,473.76
1120,OK,-115,-68,1007,1007,292.45,398.09,480.61,388.8,389.64,478.33
1121,OK,-118,-74,1013,1013,291.63,395.88,480.74,385.38,390.96,474.78
1122,OK,-112,-74,1011,1011,295.3,393.63,484.21,387.07,396.5,471.93
1123,OK,-115,-76,1014,1014,294.11,394.87,483.49,385.54,395.5,472.54
1124,OK,-119,-71,1011,1011,290.5,396.14,479.54,388.89,387.52,476.15
1125,OK,-121,-65,1006,1006,287.9,397.52,475.91,388.94,383.7,483.84
1126,OK,-117,-58,998,998,286.17,403.54,472.52,393.78,385.76,483.94
1127,OK,-109,-47,973,973,283.68,408.96,465.31,397.62,379.72,475.19
1128,OK,-120,-55,989,989,280.34,405.36,464.91,393.1,376.16,480.56
1129,OK,-119,-57,988,988,281.01,402.95,465.5,392.54,377.02,477.53
1130,OK,-120,-59,992,992,282.3,401.38,467.65,391.66,378.89,477.68
1131,OK,-116,-58,985,985,281.5,404.49,465.09,388.87,379.47,471.56
1132,OK,-121,-68,994,994,279.75,404.4,464.88,386.65,380.99,464.39
1133,OK,-122,-75,1006,1006,283.2,394.89,470.98,381.98,386.02,467.84
1134,OK,-132,-88,1021,1021,280.42,389.57,471.14,380.09,381.15,460.09
1135,OK,-124,-85,1001,1001,280.27,387.41,467.14,375.93,380.2,449.45
1136,OK,-117,-85,991,991,281.97,386.14,466.94,373.86,382.82,441.42
1137,OK,-122,-89,992,992,278.01,384.41,463.13,370.9,378.56,438.18
1138,OK,-126,-92,996,996,276.31,383.85,462.03,369.33,376.5,437.09
1139,OK,-123,-87,1003,1003,279.99,385.8,467.06,371.7,382.79,449.34
1140,OK,-125,-81,1003,1003,280.5,387.01,467.87,376.63,379.77,458.81
1141,OK,-123,-73,998,998,280.04,390.56,466.27,378.97,380.29,467.65
1142,OK,-125,-77,1003,1003,280.46,391.64,467.73,379.26,379.79,463.42
1143,OK,-118,-67,990,990,282.71,390.92,467.49,380.04,380.11,470.54
1144,OK,-121,-71,996,996,281.87,392.05,467.76,379.76,380.79,469.71
1145,OK,-118,-63,989,989,282.09,401.56,466.67,388.48,378.53,468.18
1146,OK,-126,-66,1004,1004,280.59,400.98,468.06,389.11,378.92,477.85
1147,OK,-119,-57,995,995,282.68,400.58,468.7,393.73,380.32,484.62
1148,OK,-117,-48,986,986,283.04,401.13,467.43,395.14,377.24,492.38
1149,OK,-128,-60,1007,1007,279.89,402.11,468.0,392.24,377.54,489.6
1150,OK,-120,-59,997,997,282.12,401.28,468.34,391.07,382.41,482.81
1151,OK,-119,-58,995,995,281.81,401.99,467.49,390.39,382.23,483.03
1152,OK,-119,-55,991,991,280.67,405.33,465.53,392.1,380.28,482.49
1153,OK,-122,-57,994,994,280.34,405.73,465.89,393.05,378.66,480.7
1154,OK,-117,-53,986,986,281.59,406.3,465.58,393.0,379.53,481.76
1155,OK,-107,-50,979,979,288.38,406.74,471.13,395.93,384.91,478.38
1156,OK,-106,-48,977,977,288.59,407.48,470.95,395.8,385.21,479.72
1157,OK,-116,-54,987,987,282.27,407.37,466.17,391.16,380.5,479.09
1158,OK,-117,-53,988,988,283.57,405.97,467.99,393.73,380.07,482.93
1159,OK,-121,-57,996,996,282.34,402.87,468.34,393.63,379.27,485.47
1160,OK,-123,-57,997,997,280.26,404.35,466.5,393.68,377.83,484.56
1161,OK,-123,-58,997,997,279.98,403.4,466.11,392.77,377.67,483.17
1162,OK,-126,-62,1001,1001,278.46,400.61,465.45,390.81,376.65,480.65
1163,OK,-125,-61,998,998,278.98,402.44,465.34,391.64,376.85,480.29
1164,OK,-124,-61,1001,1001,280.12,403.59,467.0,391.52,379.11,480.7
1165,OK,-123,-67,1006,1006,282.92,400.86,470.87,391.01,383.29,477.95
1166,OK,-123,-61,1001,1001,281.23,403.92,467.95,391.1,380.16,482.49
1167,OK,-124,-64,1003,1003,281.62,401.6,468.74,388.85,380.78,480.23
1168,OK,-127,-72,1013,1013,282.22,399.11,471.32,387.11,382.98,476.47
1169,OK,-119,-63,999,999,284.03,400.73,470.49,390.07,384.05,477.9
1170,OK,-124,-62,1002,1002,281.26,403.2,468.21,391.28,381.04,480.8
1171,OK,-121,-55,996,996,281.37,406.73,467.25,394.98,380.02,485.94
1172,OK,-115,-50,987,987,283.65,406.96,467.91,396.61,381.26,484.6
1173,OK,-113,-53,991,991,286.03,406.31,471.04,395.57,385.7,483.5
1174,OK,-119,-60,1000,1000,284.05,404.53,470.61,392.45,384.74,482.98
1175,OK,-125,-67,1007,1007,282.45,400.39,470.54,389.7,381.03,477.16
1176,OK,-127,-70,1010,1010,281.4,400.37,469.89,388.23,380.66,476.41
1177,OK,-121,-62,999,999,282.13,402.32,468.57,390.82,381.86,477.88
1178,OK,-119,-53,991,991,282.74,405.03,467.82,395.72,378.61,485.16
1179,OK,-120,-47,986,986,279.3,409.95,463.47,399.48,376.41,488.98
1180,OK,-122,-50,989,989,278.2,407.85,462.97,398.24,374.81,486.75
1181,OK,-117,-45,982,982,281.12,408.33,464.58,399.95,376.82,489.26
1182,OK,-113,-44,978,978,282.16,408.05,464.85,399.89,378.72,487.17
1183,OK,-109,-47,973,973,283.74,409.4,465.23,396.8,380.6,476.89
1184,OK,-106,-45,971,971,285.91,409.02,467.11,396.16,382.69,477.81
1185,OK,-109,-47,976,976,284.8,410.22,466.54,394.04,383.68,481.27
1186,OK,-107,-46,979,979,287.36,408.53,470.04,396.15,385.64,483.95
1187,OK,-107,-45,976,976,288.6,407.69,470.93,398.67,383.83,484.1
1188,OK,-113,-52,988,988,287.42,405.34,471.9,396.28,383.48,483.76
1189,OK,-114,-53,990,990,286.1,404.67,471.15,396.17,384.38,484.27
1190,OK,-122,-70,997,997,283.07,401.04,469.07,388.56,376.5,461.9
1191,OK,-120,-71,989,989,283.45,396.97,468.02,386.16,373.69,455.11
1192,OK,-121,-86,997,997,283.55,388.44,469.73,378.86,378.34,441.54
1193,OK,-122,-92,1002,1002,282.15,388.75,469.24,376.77,382.49,436.95
1194,OK,-126,-87,992,992,277.98,379.57,463.11,368.26,370.47,445.59
1195,OK,-126,-95,994,994,278.7,373.31,464.41,363.77,370.52,436.32
1196,OK,-120,-95,976,976,280.63,365.59,462.97,358.54,365.28,424.85
1197,OK,-115,-120,998,998,294.61,364.01,481.0,355.81,381.82,399.64
1198,OK,-99,-131,1019,1019,316.53,360.99,507.08,356.21,408.41,398.08
1199,OK,-83,-118,1005,1005,335.93,357.85,523.32,371.49,410.08,404.5
1200,OK,-91,-118,1012,1012,330.56,363.47,519.55,374.11,405.25,407.83
1201,OK,-115,-122,1025,1025,308.04,367.89,499.8,368.13,391.13,412.92
1202,OK,-127,-106,1009,1009,291.5,366.65,480.27,368.84,369.25,429.74
1203,OK,-133,-91,981,981,274.01,368.07,457.55,370.67,349.64,428.82
1204,OK,-145,-95,977,977,258.91,373.97,441.43,366.95,336.42,416.29
1205,OK,-170,-107,1009,1009,247.43,375.76,435.88,365.24,326.51,423.81
1206,OK,-173,-101,1008,1008,241.04,381.24,428.93,365.06,327.76,433.65
1207,OK,-177,-100,1012,1012,238.94,386.7,427.78,373.88,326.03,432.08
1208,OK,-184,-86,1018,1018,234.28,395.07,423.49,374.27,321.65,461.44
1209,OK,-191,-94,1034,1034,234.64,397.51,426.85,376.18,322.85,459.29
1210,OK,-191,-90,1030,1030,233.75,397.18,425.42,377.73,319.55,462.74
1211,OK,-189,-94,1026,1026,232.74,396.41,423.37,374.03,321.21,454.43
1212,OK,-185,-95,1023,1023,236.64,390.33,427.28,374.29,321.33,451.48
1213,OK,-188,-95,1022,1022,234.99,387.24,425.79,375.79,317.05,452.09
1214,OK,-185,-89,1013,1013,233.63,390.31,422.56,375.86,315.03,451.32
1215,OK,-184,-82,1004,1004,231.61,392.81,418.83,377.36,312.01,456.1
1216,OK,-183,-75,1005,1005,232.23,398.16,419.42,380.28,314.12,466.54
1217,OK,-177,-69,1003,1003,235.9,398.55,422.83,383.77,320.41,473.42
1218,OK,-179,-74,1012,1012,237.66,400.63,426.44,386.42,323.02,472.12
1219,OK,-177,-70,1010,1010,239.41,402.01,427.91,388.54,323.63,475.41
1220,OK,-174,-68,1007,1007,240.42,402.62,428.26,388.72,325.28,474.54
1221,OK,-167,-56,989,989,239.88,404.23,424.27,389.07,323.56,480.45
1222,OK,-169,-61,1000,1000,241.9,404.88,428.42,390.82,327.29,481.59
1223,OK,-168,-61,1000,1000,242.46,405.31,428.98,390.7,329.24,481.52
1224,OK,-167,-59,1003,1003,244.03,406.03,431.12,391.25,331.11,485.72
1225,OK,-164,-56,998,998,245.49,405.11,431.77,392.58,332.49,488.05
1226,OK,-161,-53,998,998,249.13,406.33,435.68,399.74,334.34,489.05
1227,OK,-156,-48,992,992,252.07,409.61,437.54,405.34,336.5,489.26
1228,OK,-156,-52,997,997,252.77,410.37,439.12,404.88,338.16,484.57
1229,OK,-153,-49,997,997,254.71,413.76,441.09,406.36,343.69,488.74
1230,OK,-149,-42,991,991,254.71,414.89,439.83,405.81,345.49,496.15
1231,OK,-148,-40,988,988,253.75,417.78,438.12,404.11,347.1,497.6
1232,OK,-148,-31,984,984,251.51,422.76,434.64,405.4,346.18,509.21
1233,OK,-149,-29,985,985,250.17,425.45,433.34,405.24,346.05,512.12
1234,OK,-142,-21,976,976,254.14,427.18,436.06,411.9,347.25,515.02
1235,OK,-145,-23,984,984,253.55,428.08,436.94,412.08,349.28,518.7
1236,OK,-147,-30,984,984,252.26,425.19,435.5,407.11,346.52,508.34
1237,OK,-148,-37,986,986,253.5,418.89,437.59,406.83,345.52,500.67
1238,OK,-151,-55,997,997,254.28,409.92,440.36,398.87,347.8,482.08
1239,OK,-156,-62,1007,1007,253.47,406.98,441.62,397.75,347.71,480.87
1240,OK,-158,-63,1008,1008,252.04,408.14,440.15,396.63,346.49,480.82
1241,OK,-155,-58,1002,1002,252.58,409.61,439.56,397.63,346.42,483.12
1242,OK,-155,-58,1000,1000,251.96,408.37,438.6,396.38,345.04,483.21
1243,OK,-152,-48,993,993,251.15,416.3,436.14,400.26,344.84,489.32
1244,OK,-144,-33,982,982,255.14,420.74,438.3,406.58,348.42,503.59
1245,OK,-142,-26,979,979,255.08,427.34,437.17,408.6,349.05,508.05
1246,OK,-142,-26,987,987,257.19,429.08,440.85,411.22,353.95,514.07
1247,OK,-141,-19,983,983,257.9,431.93,441.09,415.68,352.28,521.57
1248,OK,-142,-20,986,986,258.08,432.37,442.05,418.48,352.55,522.05
1249,OK,-145,-24,989,989,257.38,429.4,441.93,415.65,350.03,518.14
1250,OK,-132,-22,976,976,264.1,426.11,446.02,412.08,358.0,513.94
1251,OK,-133,-32,979,979,262.94,421.4,445.46,406.58,357.84,500.73
1252,OK,-141,-39,982,982,260.53,415.6,443.83,405.51,349.1,494.56
1253,OK,-146,-51,991,991,259.75,410.25,444.74,398.72,346.48,485.05
1254,OK,-138,-49,985,985,263.32,406.11,447.45,399.05,353.48,484.45
1255,OK,-139,-50,985,985,262.46,405.75,446.59,397.37,353.14,482.76
1256,OK,-144,-58,997,997,261.16,406.15,447.08,392.21,355.67,481.31
1257,OK,-144,-59,996,996,260.66,402.81,446.56,390.9,355.61,482.04
1258,OK,-146,-61,993,993,258.88,402.51,444.12,389.88,350.27,474.5
1259,OK,-149,-63,998,998,257.44,404.59,443.61,391.13,350.13,474.76
1260,OK,-149,-60,994,994,257.2,406.72,442.68,395.27,347.79,474.8
1261,OK,-145,-58,996,996,260.72,407.08,446.52,394.83,354.22,481.0
1262,OK,-141,-57,995,995,263.59,401.96,449.14,388.56,355.72,485.56
1263,OK,-140,-52,990,990,261.7,404.29,446.1,387.7,357.21,490.19
1264,OK,-136,-42,983,983,261.92,409.09,444.89,391.34,357.08,498.58
1265,OK,-141,-43,988,988,260.04,411.48,443.81,391.44,355.72,501.12
1266,OK,-140,-41,989,989,261.55,410.25,445.93,394.68,355.8,505.22
1267,OK,-137,-39,983,983,261.0,411.81,444.0,393.38,356.23,502.73
1268,OK,-145,-51,995,995,260.26,405.57,445.58,388.4,352.43,495.64
1269,OK,-142,-58,989,989,263.01,398.04,447.71,387.71,350.39,479.2
1270,OK,-149,-67,1006,1006,261.99,394.36,449.9,383.86,353.83,483.91
1271,OK,-151,-69,1007,1007,260.15,393.53,448.05,379.54,351.73,482.58
1272,OK,-151,-70,1006,1006,260.3,392.66,448.13,381.9,350.23,480.25
1273,OK,-151,-71,1004,1004,260.28,391.53,447.75,380.65,349.47,477.24
1274,OK,-148,-69,998,998,260.62,390.15,447.11,380.36,348.85,475.86
1275,OK,-147,-65,995,995,260.34,391.96,446.18,382.3,347.89,477.95
1276,OK,-145,-62,996,996,261.08,399.5,446.9,385.28,353.1,481.17
1277,OK,-141,-59,993,993,264.0,396.42,449.36,384.78,353.84,484.97
1278,OK,-142,-59,992,992,264.09,395.31,449.37,385.19,351.9,484.4
1279,OK,-147,-65,1009,1009,264.32,398.9,452.51,383.97,355.76,487.05
1280,OK,-139,-57,989,989,264.14,405.01,448.56,391.56,354.41,477.14
1281,OK,-126,-42,967,967,267.48,409.26,447.97,398.24,356.47,479.12
1282,OK,-134,-46,979,979,264.73,411.71,447.24,397.8,355.36,482.51
1283,OK,-135,-47,980,980,264.76,411.04,447.63,398.34,354.67,482.76
1284,OK,-138,-55,991,991,265.57,408.04,450.2,392.61,357.89,479.88
1285,OK,-133,-59,986,986,268.77,403.12,452.86,391.72,360.24,472.56
1286,OK,-133,-68,990,990,269.53,400.08,454.46,389.67,363.46,460.05
1287,OK,-144,-73,1006,1006,264.81,400.8,452.37,386.74,360.91,468.17
1288,OK,-141,-70,1000,1000,264.79,400.58,451.04,384.44,360.85,468.39
1289,OK,-145,-77,1008,1008,263.95,398.98,451.81,382.6,361.46,463.33
1290,OK,-148,-86,1017,1017,264.85,396.36,454.58,383.26,360.68,454.92
1291,OK,-152,-93,1019,1019,264.72,391.23,455.0,379.74,356.07,446.55
1292,OK,-152,-95,1018,1018,263.85,390.45,453.93,379.46,356.22,444.06
1293,OK,-140,-85,993,993,265.35,384.69,450.83,374.45,355.32,442.5
1294,OK,-138,-86,988,988,265.87,383.73,450.32,373.67,355.43,438.2
1295,OK,-142,-87,996,996,264.2,388.56,450.1,377.32,356.02,440.99
1296,OK,-154,-88,1018,1018,262.61,394.43,452.79,383.78,354.04,453.64
1297,OK,-148,-83,1005,1005,262.28,390.81,450.11,382.95,352.35,452.51
1298,OK,-149,-82,1007,1007,261.51,392.02,449.72,384.42,352.88,454.73
1299,OK,-153,-83,1008,1008,259.14,393.25,447.55,384.84,349.01,453.65
1300,OK,-151,-81,1005,1005,260.54,391.95,448.28,384.85,348.51,453.72
1301,OK,-153,-87,1012,1012,260.09,392.16,449.17,382.45,351.7,450.89
1302,OK,-154,-89,1014,1014,260.17,391.85,449.46,381.21,352.94,450.95
1303,OK,-150,-87,1008,1008,261.87,389.85,450.22,380.89,352.16,448.98
1304,OK,-146,-87,1005,1005,263.62,388.67,451.44,380.23,354.76,446.54
1305,OK,-148,-92,1006,1006,262.45,388.54,450.27,376.42,354.03,440.24
1306,OK,-149,-95,1012,1012,264.04,388.52,453.0,378.32,355.79,438.91
1307,OK,-149,-94,1013,1013,263.74,389.61,453.04,379.94,356.07,441.14
1308,OK,-147,-93,1009,1009,264.19,389.13,452.68,378.52,355.68,439.9
1309,OK,-146,-90,1000,1000,262.66,388.05,449.18,374.97,353.42,439.52
1310,OK,-145,-90,998,998,263.26,383.39,449.77,374.85,352.02,439.39
1311,OK,-144,-94,994,994,263.33,381.23,449.0,373.86,350.73,429.37
1312,OK,-147,-92,997,997,260.14,385.18,446.36,375.79,350.13,432.51
1313,OK,-152,-85,1002,1002,257.59,392.24,444.33,377.28,348.47,448.73
1314,OK,-154,-84,1004,1004,257.89,389.41,445.39,381.0,345.97,451.93
1315,OK,-155,-85,1009,1009,256.9,391.99,445.34,382.37,347.53,452.04
1316,OK,-155,-85,1010,1010,256.9,393.99,445.33,381.88,349.42,453.07
1317,OK,-156,-85,1014,1014,257.97,393.29,447.44,383.19,349.55,457.73
1318,OK,-147,-86,1001,1001,261.36,389.39,448.3,380.31,352.1,444.01
1319,OK,-143,-92,996,996,262.82,388.03,448.8,376.91,355.9,431.16
1320,OK,-147,-86,994,994,259.06,387.9,444.33,372.96,350.15,442.18
1321,OK,-144,-84,993,993,260.8,386.97,446.13,375.09,352.23,443.11
1322,OK,-142,-83,991,991,261.75,386.65,446.78,375.4,352.12,443.73
1323,OK,-149,-88,1002,1002,261.48,387.43,448.52,377.05,350.76,444.22
1324,OK,-141,-85,997,997,265.25,387.21,451.6,380.11,356.43,443.71
1325,OK,-148,-90,1011,1011,263.75,390.41,452.58,381.62,356.25,445.98
1326,OK,-154,-92,1014,1014,261.42,387.6,450.94,378.98,351.42,447.94
1327,OK,-152,-95,1016,1016,263.39,382.64,453.31,375.03,354.9,448.05
1328,OK,-150,-96,1014,1014,264.38,376.89,454.06,373.0,354.9,447.85
1329,OK,-152,-98,1017,1017,264.03,377.61,454.24,372.78,354.55,445.05
1330,OK,-149,-94,1008,1008,264.7,374.22,453.17,371.46,352.61,447.43
1331,OK,-149,-95,1011,1011,264.87,374.15,454.01,372.14,352.57,447.04
1332,OK,-148,-91,1004,1004,264.46,376.03,452.22,374.05,351.63,448.54
1333,OK,-157,-100,1016,1016,259.91,374.69,449.88,371.22,347.88,443.85
1334,OK,-158,-97,1015,1015,257.73,376.21,447.59,372.62,345.7,447.21
1335,OK,-158,-91,1015,1015,258.94,378.51,448.75,377.08,345.64,454.37
1336,OK,-151,-82,1001,1001,260.44,379.71,447.69,378.14,345.73,457.99
1337,OK,-151,-82,1002,1002,261.58,382.29,449.04,379.6,346.67,459.01
1338,OK,-152,-86,1006,1006,261.84,380.96,450.07,380.26,346.22,455.35
1339,OK,-153,-90,1010,1010,261.94,379.86,450.78,377.28,348.05,452.17
1340,OK,-152,-87,1004,1004,260.5,379.34,448.36,376.88,346.22,453.39
1341,OK,-154,-89,1006,1006,260.09,377.87,448.31,375.53,345.31,453.11
1342,OK,-157,-91,1011,1011,258.36,379.3,447.34,374.94,343.99,451.9
1343,OK,-153,-86,1008,1008,261.56,380.64,450.15,379.4,347.2,456.45
1344,OK,-152,-80,1002,1002,261.7,381.31,449.1,381.77,344.21,461.46
1345,OK,-154,-81,1006,1006,260.48,383.2,448.55,382.5,344.83,462.72
1346,OK,-151,-79,1002,1002,261.81,380.61,449.18,381.19,344.84,464.01
1347,OK,-145,-65,991,991,261.69,388.63,447.02,385.87,345.89,473.45
1348,OK,-149,-64,992,992,258.68,392.42,443.97,383.84,344.48,477.41
1349,OK,-152,-68,1004,1004,260.51,393.52,448.02,382.52,347.67,481.19
1350,OK,-146,-61,994,994,263.37,393.6,449.09,387.51,346.58,482.78
1351,OK,-145,-59,997,997,261.99,402.81,448.11,392.01,351.52,481.77
1352,OK,-145,-59,996,996,262.19,399.69,448.13,389.4,351.09,484.41
1353,OK,-150,-64,998,998,260.66,395.0,447.19,387.15,345.76,479.9
1354,OK,-145,-64,991,991,262.9,391.72,448.08,385.91,345.76,473.58
1355,OK,-142,-74,991,991,264.37,384.04,449.57,378.37,350.06,461.63
1356,OK,-143,-69,991,991,265.06,384.35,450.37,382.2,347.84,470.63
1357,OK,-139,-62,983,983,264.24,389.07,448.03,382.18,349.5,472.71
1358,OK,-141,-60,983,983,262.91,390.25,446.67,385.21,345.68,474.39
1359,OK,-143,-61,992,992,263.76,395.7,449.04,386.49,351.15,480.3
1360,OK,-145,-65,1001,1001,263.82,397.91,450.68,387.13,353.82,477.79
1361,OK,-145,-61,998,998,263.0,403.9,449.1,390.54,353.78,479.55
1362,OK,-139,-52,988,988,264.47,407.66,448.86,395.28,355.23,483.72
1363,OK,-137,-51,986,986,264.59,410.15,448.58,396.93,355.53,481.27
1364,OK,-136,-52,985,985,265.99,410.09,449.83,397.73,354.89,477.97
1365,OK,-136,-63,994,994,270.51,402.0,456.21,394.94,360.42,469.66
1366,OK,-129,-64,989,989,275.02,399.04,459.87,392.51,364.32,465.23
1367,OK,-132,-65,991,991,272.47,400.86,457.59,391.05,362.21,465.87
1368,OK,-129,-66,990,990,274.67,398.88,459.53,388.81,365.36,464.78
1369,OK,-129,-64,986,986,274.73,400.09,458.97,391.04,362.62,463.77
1370,OK,-121,-56,977,977,279.84,397.53,462.59,394.76,364.11,469.01
1371,OK,-123,-54,979,979,277.9,402.16,460.84,394.75,364.06,473.41
1372,OK,-118,-45,970,970,278.3,407.4,459.49,397.81,366.5,477.97
1373,OK,-109,-35,959,959,280.1,410.14,459.24,400.56,370.39,483.51
1374,OK,-109,-29,953,953,278.91,414.23,456.93,405.21,366.69,484.42
1375,OK,-114,-35,960,960,277.67,412.61,457.09,404.07,366.04,483.34
1376,OK,-127,-50,980,980,272.41,405.09,455.46,394.25,363.32,481.54
1377,OK,-138,-62,1001,1001,271.13,399.0,458.18,391.03,360.55,482.92
1378,OK,-138,-63,996,996,271.21,392.78,457.37,387.79,357.02,480.34
1379,OK,-136,-67,995,995,271.17,392.74,457.16,387.31,359.12,471.01
1380,OK,-136,-71,991,991,269.71,390.8,455.0,384.58,356.32,460.99
1381,OK,-140,-76,999,999,269.45,390.38,456.11,383.92,355.92,459.49
1382,OK,-142,-80,1001,1001,268.22,386.85,455.33,379.71,356.2,456.97
1383,OK,-138,-79,997,997,270.41,385.88,456.81,379.6,357.56,455.37
1384,OK,-137,-80,997,997,270.6,385.02,456.92,377.12,359.54,456.46
1385,OK,-142,-86,1006,1006,269.47,382.95,457.52,376.9,358.82,454.72
1386,OK,-148,-81,1007,1007,266.05,383.88,454.4,380.82,351.25,462.38
1387,OK,-147,-90,1008,1008,267.65,376.09,456.13,375.36,352.73,452.95
1388,OK,-146,-95,1007,1007,266.31,376.63,454.58,372.17,353.73,442.14
1389,OK,-148,-95,1010,1010,267.68,377.51,456.53,374.32,352.77,444.1
1390,OK,-143,-93,1004,1004,269.73,376.74,457.5,373.57,355.91,443.85
1391,OK,-142,-87,1004,1004,269.12,380.76,456.78,376.43,358.0,452.41
1392,OK,-137,-77,994,994,271.9,384.18,457.72,380.56,357.16,459.37
1393,OK,-137,-76,997,997,272.46,385.96,458.96,381.58,357.01,462.08
1394,OK,-137,-67,992,992,271.75,391.61,457.26,385.95,354.76,469.73
1395,OK,-130,-49,981,981,270.58,401.58,453.83,393.25,358.41,486.12
1396,OK,-140,-64,1002,1002,270.55,397.18,457.86,392.57,358.45,480.33
1397,OK,-138,-63,995,995,270.86,394.95,456.84,389.16,354.73,477.55
1398,OK,-138,-72,1001,1001,273.37,390.94,460.55,387.19,358.8,467.17
1399,OK,-136,-77,1004,1004,275.89,389.68,463.65,387.75,362.5,462.31
1400,OK,-131,-69,995,995,277.31,390.06,463.43,385.71,362.22,468.5
1401,OK,-139,-65,1002,1002,273.2,394.27,460.47,390.28,357.9,481.31
1402,OK,-128,-54,985,985,273.28,402.61,457.28,395.01,363.1,478.04
1403,OK,-120,-49,979,979,281.15,394.51,464.3,394.18,366.85,486.79
1404,OK,-116,-37,969,969,282.29,400.75,463.55,397.89,364.15,495.55
1405,OK,-123,-33,984,984,279.47,409.43,463.49,405.85,366.52,512.26
1406,OK,-100,-6,959,959,290.94,418.74,470.29,422.34,377.72,525.51
1407,OK,-106,-4,973,973,292.98,424.03,474.75,431.2,377.58,536.95
1408,OK,-95,3,957,957,296.93,422.57,475.63,432.53,381.61,535.09
1409,OK,-98,2,969,969,299.11,425.72,480.02,437.47,382.9,541.54
1410,OK,-101,2,971,971,298.47,424.83,479.5,439.53,380.36,543.04
1411,OK,-101,2,973,973,298.11,426.12,479.71,438.94,381.39,544.74
1412,OK,-104,3,975,975,296.76,427.41,478.68,439.83,379.83,547.97
1413,OK,-102,1,975,975,296.76,428.43,478.96,437.06,383.03,545.21
1414,OK,-93,30,953,953,296.78,443.67,474.67,454.78,381.9,563.35
1415,OK,-100,22,985,985,305.15,443.18,488.47,461.95,388.63,575.86
1416,OK,-99,25,983,983,303.43,447.43,486.59,462.57,389.61,578.64
1417,OK,-107,19,988,988,299.23,443.65,483.47,458.6,384.62,575.59
1418,OK,-112,19,988,988,295.03,442.95,479.34,456.88,378.5,576.65
1419,OK,-112,15,991,991,295.46,441.85,480.29,455.75,379.56,572.95
1420,OK,-108,16,980,980,294.2,439.2,477.07,450.77,378.83,567.07
1421,OK,-105,2,973,973,291.96,430.12,473.8,435.41,380.65,544.87
1422,OK,-98,-5,958,958,291.9,421.29,471.12,422.49,382.11,528.06
1423,OK,-105,-32,971,971,292.12,402.82,473.65,404.19,378.22,502.67
1424,OK,-107,-45,974,974,293.89,392.71,475.88,399.44,376.82,487.99
1425,OK,-119,-67,989,989,286.32,393.83,471.3,392.03,371.7,462.06
1426,OK,-118,-88,1002,1002,292.62,378.41,480.01,381.11,381.37,448.02
1427,OK,-114,-93,994,994,294.22,367.62,479.99,373.04,379.76,439.33
1428,OK,-122,-100,1003,1003,291.22,364.38,478.75,367.08,374.59,437.73
1429,OK,-113,-97,984,984,293.26,364.49,477.38,365.97,374.28,425.14
1430,OK,-110,-93,977,977,293.01,364.91,475.69,366.8,373.57,425.08
1431,OK,-113,-99,984,984,293.22,366.04,477.17,366.62,374.69,421.58
1432,OK,-113,-99,987,987,293.98,364.82,478.57,367.79,374.49,422.51
1433,OK,-116,-104,996,996,295.29,364.19,481.59,368.4,376.78,423.01
1434,OK,-117,-110,1002,1002,297.85,361.95,485.13,368.18,377.06,417.67
1435,OK,-109,-104,990,990,299.54,361.31,484.63,368.03,380.57,418.55
1436,OK,-102,-92,972,972,299.04,362.15,480.63,369.04,378.24,423.11
1437,OK,-101,-91,973,973,299.16,362.86,480.96,370.01,380.0,424.08
1438,OK,-105,-98,979,979,297.92,365.35,481.05,369.16,378.91,414.93
1439,OK,-122,-99,1006,1006,292.39,369.62,480.54,370.63,376.26,438.45
1440,OK,-122,-96,1007,1007,291.43,374.12,479.77,375.23,378.38,440.14
1441,OK,-118,-72,993,993,288.99,384.95,474.77,384.22,375.78,464.03
1442,OK,-121,-66,1000,1000,288.46,392.87,475.42,390.49,377.15,476.6
1443,OK,-109,-43,971,971,286.85,402.42,468.35,396.1,376.07,485.65
1444,OK,-106,-43,974,974,291.32,398.29,473.41,395.96,380.31,491.22
1445,OK,-112,-33,969,969,284.38,405.04,465.44,398.98,370.91,500.27
1446,OK,-114,-25,970,970,282.56,413.18,463.77,405.03,369.8,512.48
1447,OK,-120,-25,980,980,279.54,417.46,462.51,406.75,369.5,518.67
1448,OK,-112,-12,959,959,279.58,421.83,458.78,412.92,365.8,517.33
1449,OK,-110,-7,952,952,280.34,423.06,458.18,416.1,364.65,519.19
1450,OK,-112,-7,953,953,277.48,423.27,455.57,416.37,361.82,518.9
1451,OK,-115,-11,958,958,277.32,421.09,456.45,415.2,361.2,519.61
1452,OK,-114,-8,953,953,274.99,423.47,453.06,414.14,360.37,518.92
1453,OK,-111,-9,947,947,274.9,421.22,451.79,412.48,360.88,512.57
1454,OK,-111,-18,954,954,278.92,415.46,457.2,408.01,364.35,508.08
1455,OK,-112,-24,955,955,279.8,409.7,458.43,406.01,361.23,498.86
1456,OK,-117,-29,960,960,278.48,406.52,457.9,402.22,359.75,498.56
1457,OK,-116,-32,960,960,278.35,404.04,457.76,399.01,360.6,496.27
1458,OK,-123,-39,971,971,276.28,404.98,457.74,398.57,358.89,490.83
1459,OK,-125,-41,974,974,276.06,401.08,458.07,395.79,357.27,495.52
1460,OK,-128,-45,980,980,276.35,399.19,459.64,394.97,357.76,494.33
1461,OK,-126,-52,982,982,277.33,397.27,460.84,392.44,361.1,484.68
1462,OK,-121,-46,976,976,280.19,398.46,462.63,392.55,363.93,489.92
1463,OK,-128,-53,989,989,279.32,397.42,464.17,392.06,361.87,489.07
1464,OK,-133,-61,997,997,276.33,395.63,462.56,386.96,361.67,484.49
1465,OK,-135,-63,1000,1000,275.35,394.33,462.19,386.26,361.32,484.19
1466,OK,-135,-69,998,998,275.55,392.44,462.11,385.06,359.37,471.85
1467,OK,-132,-60,981,981,272.85,385.3,456.23,381.53,351.54,477.19
1468,OK,-133,-64,985,985,271.7,385.9,455.83,380.64,354.65,473.88
1469,OK,-133,-67,982,982,271.87,380.84,455.56,377.34,353.04,469.53
1470,OK,-135,-73,985,985,270.8,376.61,454.95,374.92,351.39,463.55
1471,OK,-137,-75,988,988,270.34,377.43,454.99,373.37,352.72,463.69
1472,OK,-129,-69,971,971,272.34,374.89,453.96,372.83,350.37,458.33
1473,OK,-133,-73,985,985,270.05,388.06,453.88,376.91,357.85,457.21
1474,OK,-130,-76,983,983,273.08,380.6,456.7,372.36,359.04,455.26
1475,OK,-129,-73,976,976,272.23,379.95,454.62,371.83,356.26,455.82
1476,OK,-129,-69,977,977,272.16,380.85,454.82,375.68,355.27,460.89
1477,OK,-129,-65,973,973,272.29,380.68,454.25,377.08,352.67,463.61
1478,OK,-135,-64,981,981,270.67,383.65,454.05,380.46,349.44,470.83
1479,OK,-141,-67,990,990,268.86,384.17,454.04,382.99,347.29,473.47
1480,OK,-147,-62,998,998,265.6,391.74,452.07,385.47,346.69,486.72
1481,OK,-143,-54,995,995,266.27,397.28,452.15,388.23,350.52,494.12
1482,OK,-144,-56,997,997,266.92,395.97,453.16,388.37,348.91,493.65
1483,OK,-144,-58,997,997,267.09,394.48,453.28,385.61,349.14,490.89
1484,OK,-141,-56,997,997,268.24,395.49,454.55,387.03,352.74,493.22
1485,OK,-142,-55,993,993,265.81,398.0,451.16,387.2,350.44,491.2
1486,OK,-144,-55,996,996,265.17,398.83,451.03,387.44,351.36,493.05
1487,OK,-148,-57,1002,1002,263.33,400.39,450.29,388.83,350.58,494.26
1488,OK,-146,-57,999,999,263.48,398.94,450.02,387.67,350.83,491.02
1489,OK,-140,-53,988,988,264.51,399.05,449.0,387.32,352.99,489.26
1490,OK,-140,-54,989,989,264.53,396.93,449.25,386.53,352.67,488.73
1491,OK,-140,-56,990,990,265.94,396.13,450.92,386.27,352.16,486.99
1492,OK,-141,-58,991,991,266.82,392.71,451.99,385.1,350.45,485.5
1493,OK,-136,-57,989,989,270.01,391.38,454.96,386.81,354.47,485.2
1494,OK,-129,-54,981,981,272.74,393.85,456.2,388.07,358.66,481.22
1495,OK,-117,-50,966,966,278.22,396.55,458.71,390.17,364.6,473.2
1496,OK,-129,-56,988,988,275.76,396.02,460.22,384.58,363.17,485.71
1497,OK,-124,-64,988,988,279.84,391.38,464.38,381.2,369.02,474.21
1498,OK,-121,-61,980,980,280.51,388.71,463.6,380.95,367.24,473.71
1499,OK,-114,-54,966,966,281.97,388.27,462.51,382.21,366.01,474.15
1500,OK,-125,-60,985,985,278.81,391.38,462.83,382.69,364.07,477.38
1501,OK,-126,-56,983,983,278.04,391.6,461.78,384.88,361.7,482.53
1502,OK,-129,-62,990,990,276.44,392.11,461.46,383.39,363.93,478.51
1503,OK,-135,-59,993,993,272.33,394.82,457.78,385.52,358.59,485.03
1504,OK,-138,-61,997,997,271.47,394.33,457.83,387.66,357.14,484.2
1505,OK,-132,-66,990,990,274.67,390.6,459.73,383.26,359.94,471.24
1506,OK,-129,-68,986,986,275.51,390.58,459.7,381.48,361.39,465.76
1507,OK,-131,-67,991,991,276.24,392.92,461.41,385.53,361.03,468.52
1508,OK,-135,-61,997,997,274.21,396.03,460.52,386.42,359.24,484.67
1509,OK,-134,-58,993,993,273.95,391.93,459.52,385.21,357.29,488.89
1510,OK,-136,-59,994,994,273.93,390.96,459.7,385.86,356.42,489.24
1511,OK,-133,-55,991,991,274.77,389.25,460.17,387.77,356.97,491.66
1512,OK,-133,-54,990,990,275.02,391.7,460.16,388.16,358.11,493.72
1513,OK,-130,-54,985,985,275.2,392.21,459.44,387.57,357.37,487.97
1514,OK,-127,-50,976,976,275.34,392.46,457.9,388.08,356.84,486.97
1515,OK,-126,-45,975,975,274.81,395.53,457.09,391.08,356.81,491.26
1516,OK,-127,-48,977,977,273.51,396.44,456.15,391.0,358.07,487.55
1517,OK,-128,-48,979,979,273.77,395.88,456.86,390.01,358.49,489.11
1518,OK,-124,-45,975,975,275.66,395.72,457.84,390.13,360.84,491.91
1519,OK,-123,-43,973,973,275.67,397.14,457.46,390.25,360.27,492.64
1520,OK,-122,-42,968,968,275.39,397.97,456.28,390.59,359.98,490.18
1521,OK,-122,-42,968,968,274.9,398.39,455.76,390.39,359.89,490.38
1522,OK,-124,-43,970,970,274.13,398.06,455.39,391.41,358.57,489.92
1523,OK,-126,-44,976,976,273.51,400.76,455.95,394.31,359.5,491.37
1524,OK,-127,-44,979,979,273.65,401.26,456.7,394.44,358.91,494.05
1525,OK,-127,-42,975,975,273.48,400.42,455.78,394.26,357.35,493.52
1526,OK,-121,-37,964,964,275.58,400.39,455.82,393.37,357.82,493.64
1527,OK,-121,-37,965,965,275.75,399.87,456.05,393.93,357.76,494.4
1528,OK,-120,-37,965,965,275.71,400.83,455.97,393.57,358.94,493.87
1529,OK,-124,-37,969,969,273.36,401.89,454.42,393.16,357.6,497.66
1530,OK,-130,-41,981,981,272.51,402.75,455.77,395.09,356.35,499.92
1531,OK,-129,-42,978,978,271.87,402.69,454.49,393.86,357.63,496.67
1532,OK,-128,-38,975,975,271.43,405.02,453.54,395.07,356.53,498.44
1533,OK,-125,-36,971,971,271.44,405.31,452.66,394.44,359.0,499.2
1534,OK,-130,-37,976,976,269.8,405.95,452.1,396.82,356.63,501.22
1535,OK,-126,-34,971,971,270.65,407.11,451.97,397.5,356.74,501.61
1536,OK,-128,-34,972,972,271.46,405.77,453.2,398.84,355.17,502.09
1537,OK,-130,-34,974,974,270.16,407.06,452.21,398.58,354.38,503.34
1538,OK,-128,-33,971,971,270.23,406.78,451.71,398.06,354.67,501.73
1539,OK,-130,-33,972,972,268.78,408.59,450.39,399.32,354.33,502.81
1540,OK,-133,-34,974,974,266.14,409.75,447.89,398.32,351.33,502.42
1541,OK,-133,-30,969,969,264.62,410.98,445.42,398.24,348.61,503.86
1542,OK,-129,-27,965,965,266.85,410.24,447.15,402.27,350.07,505.51
1543,OK,-129,-25,967,967,266.39,415.38,446.97,405.31,351.71,507.24
1544,OK,-134,-31,977,977,265.1,413.23,447.39,400.33,352.37,509.2
1545,OK,-133,-29,976,976,266.4,413.77,448.49,402.12,352.71,511.06
1546,OK,-133,-29,977,977,266.42,414.65,448.67,402.18,353.16,510.49
1547,OK,-138,-30,985,985,265.0,414.63,448.93,403.11,352.85,515.24
1548,OK,-142,-32,989,989,262.95,413.92,447.71,404.02,348.97,515.26
1549,OK,-139,-33,983,983,264.18,412.07,447.58,400.49,349.15,510.9
1550,OK,-137,-37,985,985,265.54,409.63,449.42,397.51,353.0,507.26
1551,OK,-132,-34,975,975,266.57,407.82,448.7,397.46,352.71,505.28
1552,OK,-133,-34,977,977,266.43,408.38,448.8,397.49,353.15,506.13
1553,OK,-131,-34,975,975,267.84,407.16,450.03,398.46,354.82,503.6
1554,OK,-129,-33,969,969,267.9,410.58,449.0,402.36,352.76,497.21
1555,OK,-134,-46,980,980,268.79,402.65,451.9,393.68,352.3,490.44
1556,OK,-136,-52,984,984,269.27,398.54,453.27,392.05,350.76,485.0
1557,OK,-136,-51,985,985,268.43,396.08,452.51,389.3,351.76,489.34
1558,OK,-140,-59,991,991,266.89,394.23,452.05,386.51,351.63,482.3
1559,OK,-139,-58,983,983,265.81,392.08,449.5,383.92,347.12,479.55
1560,OK,-134,-60,976,976,270.45,384.37,452.91,383.55,346.88,472.49
1561,OK,-138,-62,982,982,268.18,386.83,451.87,382.81,347.71,474.51
1562,OK,-140,-70,993,993,268.38,390.24,454.04,382.93,351.62,467.18
1563,OK,-142,-66,995,995,266.58,389.42,452.42,380.9,351.04,477.01
1564,OK,-145,-82,1003,1003,269.2,376.7,456.7,377.61,349.44,462.06
1565,OK,-134,-88,984,984,273.55,363.84,457.49,364.36,352.0,444.94
1566,OK,-129,-90,983,983,275.92,366.12,459.8,362.14,357.16,438.7
1567,OK,-99,-79,955,955,291.56,370.28,470.11,366.55,377.08,429.49
1568,OK,-94,-89,977,977,307.64,366.11,490.05,378.19,390.87,426.52
1569,OK,-66,-61,968,968,331.99,374.61,510.66,404.08,414.89,457.6
1570,OK,-63,-46,961,961,331.41,383.07,508.97,410.94,413.95,471.38
1571,OK,-66,-36,954,954,329.25,387.79,506.63,407.91,404.4,485.4
1572,OK,-56,-23,944,944,334.6,390.48,509.43,415.15,411.86,496.23
1573,OK,-50,3,916,916,329.55,402.92,498.68,429.91,402.42,507.28
1574,OK,-64,3,926,926,321.57,407.77,493.62,427.81,392.26,514.59
1575,OK,-96,4,952,952,309.55,414.07,484.58,446.67,363.43,531.53
1576,OK,-106,7,966,966,304.54,421.35,482.52,452.94,360.65,542.99
1577,OK,-112,22,969,969,300.11,430.58,478.09,464.34,354.93,564.89
1578,OK,-124,17,981,981,293.62,433.2,474.28,465.05,348.61,565.12
1579,OK,-127,22,979,979,290.54,438.8,471.28,468.45,344.48,569.87
1580,OK,-124,27,962,962,286.26,438.44,464.0,466.25,339.93,565.38
1581,OK,-127,25,966,966,285.37,437.71,463.34,469.23,338.73,563.54
1582,OK,-131,25,973,973,283.66,441.04,463.05,471.51,337.67,566.8
1583,OK,-132,29,970,970,281.09,443.54,460.01,473.95,336.77,570.18
1584,OK,-124,41,950,950,280.17,448.83,455.76,476.21,334.16,570.72
1585,OK,-125,53,941,941,272.74,458.02,447.6,477.28,330.66,578.9
1586,OK,-125,53,943,943,273.83,457.85,448.89,479.18,331.36,581.26
1587,OK,-132,48,955,955,271.91,457.94,449.32,478.24,331.26,582.14
1588,OK,-132,47,954,954,271.28,458.19,448.72,477.36,331.02,582.22
1589,OK,-135,42,963,963,270.94,456.43,449.9,476.13,331.86,580.57
1590,OK,-127,52,944,944,272.06,459.65,447.71,477.47,331.04,580.9
1591,OK,-137,41,966,966,271.67,458.08,451.26,477.23,331.78,582.32
1592,OK,-130,46,953,953,274.47,456.47,451.58,476.35,330.92,579.26
1593,OK,-125,50,943,943,274.97,456.38,450.3,475.79,331.02,577.8
1594,OK,-127,49,948,948,275.0,457.97,451.15,478.04,331.07,579.24
1595,OK,-127,52,944,944,273.11,460.65,448.82,477.9,330.84,579.34
1596,OK,-136,39,967,967,273.57,455.86,453.36,475.92,331.68,580.01
1597,OK,-132,46,955,955,272.52,456.49,450.16,475.93,330.5,580.26
1598,OK,-131,47,955,955,272.75,457.48,450.37,476.44,330.73,582.08
1599,OK,-134,44,961,961,272.92,456.71,451.43,476.89,331.63,582.05
1600,OK,-135,45,963,963,271.1,459.49,450.34,477.05,332.16,584.5
1601,OK,-134,49,959,959,270.13,463.15,448.64,479.69,331.82,584.91
1602,OK,-143,37,976,976,269.48,457.76,451.05,476.27,331.06,583.18
1603,OK,-142,36,976,976,271.45,456.33,452.8,477.12,330.56,582.77
1604,OK,-143,36,976,976,269.94,457.59,451.32,477.74,330.22,581.24
1605,OK,-139,40,970,970,270.86,459.72,451.31,479.35,331.27,582.08
1606,OK,-137,43,967,967,270.92,460.09,450.78,479.58,331.3,582.53
1607,OK,-140,39,975,975,271.24,459.42,452.64,478.27,333.41,583.75
1608,OK,-141,38,976,976,271.59,459.38,452.98,479.09,332.63,583.76
1609,OK,-135,43,965,965,273.07,457.54,452.23,478.89,332.36,582.74
1610,OK,-134,46,960,960,272.29,459.11,450.76,478.09,331.88,584.02
1611,OK,-142,38,977,977,268.64,460.55,450.74,476.07,332.58,584.17
1612,OK,-135,43,964,964,270.54,461.43,450.14,477.44,334.57,581.75
1613,OK,-137,39,970,970,272.79,457.93,453.24,477.59,334.37,581.46
1614,OK,-126,50,949,949,275.89,457.49,452.22,478.34,333.38,580.15
1615,OK,-130,47,954,954,274.79,457.64,452.12,477.91,332.22,581.01
1616,OK,-131,47,958,958,274.69,459.01,452.56,479.97,332.85,582.54
1617,OK,-137,40,971,971,273.47,458.66,453.89,478.88,332.58,582.87
1618,OK,-128,50,951,951,274.63,459.29,451.36,479.85,331.68,581.89
1619,OK,-129,48,954,954,274.43,459.01,451.65,479.37,333.09,581.64
1620,OK,-126,52,947,947,274.87,459.59,450.85,480.36,331.81,580.08
1621,OK,-130,48,954,954,274.36,459.52,451.64,480.36,331.39,580.08
1622,OK,-137,41,968,968,273.35,458.53,453.31,478.07,332.65,582.44
1623,OK,-133,44,958,958,273.19,458.83,451.18,478.59,331.53,578.89
1624,OK,-121,57,934,934,275.26,459.2,448.73,480.39,331.37,579.1
1625,OK,-124,54,941,941,274.65,458.62,449.48,479.51,331.49,580.11
1626,OK,-136,40,966,966,272.44,457.48,452.05,477.54,332.29,580.1
1627,OK,-135,41,963,963,272.39,458.31,451.56,477.57,331.44,578.06
1628,OK,-131,46,955,955,273.76,458.02,451.08,478.75,330.24,579.13
1629,OK,-126,51,945,945,275.6,457.87,450.92,480.62,330.18,578.5
1630,OK,-130,50,952,952,274.91,458.12,451.53,480.88,330.14,583.19
1631,OK,-126,54,945,945,275.38,458.55,450.56,481.4,330.03,582.42
1632,OK,-130,49,953,953,273.35,459.65,450.48,478.89,331.29,581.68
1633,OK,-131,47,954,954,273.78,458.28,450.99,478.8,331.35,579.85
1634,OK,-126,53,945,945,274.21,458.17,449.79,479.27,330.51,581.82
1635,OK,-125,54,942,942,275.49,458.52,450.27,480.49,330.81,580.65
1636,OK,-126,52,945,945,275.88,458.27,451.1,480.97,330.33,578.74
1637,OK,-130,48,953,953,273.65,458.95,450.65,479.63,331.31,580.16
1638,OK,-126,51,944,944,274.53,458.76,450.01,479.08,330.68,577.56
1639,OK,-118,60,928,928,274.97,459.65,447.33,479.72,331.29,578.82
1640,OK,-119,60,928,928,275.2,458.71,447.54,479.63,329.3,579.67
1641,OK,-127,51,944,944,273.19,458.83,448.57,478.46,331.1,578.39
1642,OK,-130,47,951,951,271.83,458.88,448.68,477.43,331.33,577.15
1643,OK,-119,58,931,931,275.53,458.93,448.37,479.45,331.66,577.65
1644,OK,-117,60,929,929,277.36,457.71,449.26,482.51,330.77,578.86
1645,OK,-114,63,923,923,277.92,458.67,448.89,482.01,331.09,578.5
1646,OK,-113,63,920,920,277.77,458.38,448.44,480.14,332.02,578.57
1647,OK,-115,62,924,924,277.06,458.35,448.45,480.56,331.43,578.89
1648,OK,-112,64,918,918,277.76,458.62,447.97,480.58,332.16,576.73
1649,OK,-114,63,920,920,276.82,458.52,447.61,480.03,331.16,578.64
1650,OK,-115,61,922,922,276.32,458.68,447.5,479.81,330.3,576.72
1651,OK,-121,56,934,934,274.75,459.15,448.38,478.68,332.43,578.67
1652,OK,-112,65,917,917,277.75,458.63,447.84,480.4,331.14,578.12
1653,OK,-113,64,918,918,275.95,458.96,446.52,478.62,331.08,578.6
1654,OK,-123,52,938,938,274.26,457.35,448.56,477.27,330.95,575.96
1655,OK,-123,50,941,941,274.93,456.73,449.72,476.79,331.73,574.74
1656,OK,-120,55,933,933,275.32,457.06,448.58,477.1,331.44,575.42
1657,OK,-109,65,912,912,278.75,456.05,447.89,478.85,331.24,576.42
1658,OK,-115,59,922,922,277.45,455.84,448.51,477.61,330.85,574.18
1659,OK,-114,60,922,922,276.19,457.77,447.61,476.72,332.54,575.59
1660,OK,-123,51,938,938,274.42,456.21,448.69,476.22,331.09,574.22
1661,OK,-115,60,922,922,276.84,456.5,447.98,477.87,330.58,576.42
1662,OK,-118,61,927,927,274.69,461.11,447.03,480.9,329.86,577.04
1663,OK,-124,50,943,943,275.21,456.62,450.22,477.86,332.1,576.05
1664,OK,-119,54,930,930,276.14,455.99,448.67,477.37,329.74,572.85
1665,OK,-118,56,927,927,275.87,454.84,447.97,476.43,329.01,573.71
1666,OK,-118,56,928,928,277.31,454.44,449.28,477.51,330.2,574.24
1667,OK,-116,56,927,927,277.08,454.34,449.13,476.02,331.19,573.16
1668,OK,-114,58,928,928,279.15,460.09,451.51,481.11,335.06,574.97
1669,OK,-115,59,925,925,276.76,458.4,448.66,478.11,331.33,574.74
1670,OK,-118,53,932,932,278.77,453.35,451.57,476.65,331.22,573.15
1671,OK,-112,58,919,919,278.54,453.85,449.19,474.78,332.02,570.66
1672,OK,-114,58,922,922,276.6,455.12,447.94,474.6,331.75,573.63
1673,OK,-113,58,918,918,276.84,454.28,447.35,474.7,331.14,570.4
1674,OK,-118,53,929,929,276.25,454.47,448.72,475.28,330.79,570.71
1675,OK,-124,48,940,940,274.68,455.27,449.31,475.74,330.66,571.75
1676,OK,-128,43,948,948,274.69,453.53,450.66,474.58,330.57,571.86
1677,OK,-126,44,947,947,275.51,452.62,451.33,474.64,330.97,571.04
1678,OK,-118,55,929,929,276.46,455.36,448.87,476.27,330.59,573.02
1679,OK,-116,57,926,926,277.6,454.51,449.39,476.7,331.32,575.5
1680,OK,-120,58,932,932,275.0,459.54,448.29,479.28,331.16,578.73
1681,OK,-120,59,930,930,274.91,460.1,447.68,480.34,330.16,578.39
1682,OK,-131,42,954,954,273.32,454.7,450.65,474.65,330.99,573.79
1683,OK,-127,45,947,947,274.28,454.01,450.17,474.6,330.06,572.06
1684,OK,-128,42,947,947,274.72,452.47,450.48,474.03,328.85,568.35
1685,OK,-120,52,932,932,276.95,452.85,449.71,475.9,330.16,572.7
1686,OK,-113,59,918,918,276.95,454.43,447.43,475.55,330.84,571.86
1687,OK,-120,55,930,930,275.16,454.63,447.89,475.7,329.78,575.2
1688,OK,-129,43,948,948,273.08,452.99,449.16,473.8,329.11,571.42
1689,OK,-131,42,950,950,272.69,452.8,449.17,474.07,328.62,571.43
1690,OK,-126,48,942,942,273.57,454.97,448.66,474.82,329.14,574.52
1691,OK,-129,48,946,946,272.84,454.4,448.42,475.64,329.05,577.57
1692,OK,-127,52,941,941,272.67,455.61,447.34,477.37,327.89,579.39
1693,OK,-127,52,942,942,272.4,456.61,447.31,477.28,328.86,580.26
1694,OK,-122,55,936,936,274.01,459.51,447.94,479.08,331.46,577.68
1695,OK,-133,44,967,967,274.58,459.61,454.41,478.4,336.08,586.67
1696,OK,-127,58,953,953,274.75,471.45,452.44,485.31,335.24,591.14
1697,OK,-135,48,971,971,273.35,466.47,454.38,480.77,337.53,593.4
1698,OK,-134,54,969,969,272.09,470.56,452.88,482.86,338.23,599.68
1699,OK,-134,58,967,967,271.7,472.64,452.19,485.05,337.75,604.38
1700,OK,-135,57,971,971,271.57,472.84,452.89,484.15,339.49,606.33
1701,OK,-139,50,978,978,270.98,470.56,453.53,482.24,339.19,602.69
1702,OK,-126,63,949,949,271.14,473.43,448.29,484.26,337.13,596.25
1703,OK,-137,41,971,971,268.25,464.36,449.63,472.28,338.99,583.72
1704,OK,-132,46,960,960,270.1,463.51,449.31,474.37,336.4,585.01
1705,OK,-136,39,969,969,269.41,460.41,450.33,471.77,336.26,580.04
1706,OK,-121,54,939,939,272.29,464.63,447.62,475.41,336.2,577.08
1707,OK,-137,33,974,974,273.61,454.97,455.17,469.19,336.6,578.0
1708,OK,-123,47,945,945,279.12,455.04,454.83,474.27,331.28,573.46
1709,OK,-120,42,950,950,284.46,450.48,460.62,474.26,338.12,572.45
1710,OK,-121,43,953,953,285.05,450.25,461.59,475.08,337.95,575.65
1711,OK,-123,37,961,961,286.16,446.28,463.89,473.55,340.62,575.09
1712,OK,-118,47,942,942,280.75,456.67,456.01,473.76,338.22,572.54
1713,OK,-117,53,936,936,279.29,459.48,453.67,474.67,336.74,576.75
1714,OK,-124,45,947,947,278.93,453.22,455.0,473.24,332.36,573.48
1715,OK,-122,46,947,947,280.26,453.1,456.17,474.28,333.87,575.76
1716,OK,-126,43,952,952,280.55,452.04,457.07,475.16,333.0,576.36
1717,OK,-122,47,946,946,281.33,452.37,456.72,475.63,333.1,576.56
1718,OK,-124,42,951,951,279.81,452.08,456.6,472.12,334.52,572.81
1719,OK,-132,40,964,964,277.15,455.7,456.62,473.02,334.56,579.83
1720,OK,-138,35,974,974,276.08,453.75,457.15,473.05,332.38,581.82
1721,OK,-130,41,960,960,278.65,454.58,456.76,477.08,333.57,577.72
1722,OK,-129,44,959,959,279.64,455.3,457.39,479.3,333.09,579.9
1723,OK,-123,50,951,951,280.88,457.15,457.27,480.0,335.31,581.93
1724,OK,-125,52,952,952,279.29,459.44,456.09,481.02,335.72,586.99
1725,OK,-123,57,948,948,277.62,465.51,454.01,483.08,336.55,587.94
1726,OK,-115,63,936,936,280.71,467.85,455.08,483.99,339.0,587.24
1727,OK,-129,47,961,961,276.9,462.35,456.06,477.85,337.35,585.85
1728,OK,-128,49,962,962,278.26,461.19,457.47,477.83,339.02,591.25
1729,OK,-125,52,960,960,280.75,461.46,459.15,481.26,340.31,592.72
1730,OK,-126,49,962,962,281.6,459.62,460.24,481.74,339.87,589.85
1731,OK,-126,49,962,962,282.11,458.56,460.34,483.09,339.62,590.49
1732,OK,-128,47,965,965,280.86,458.51,459.8,482.33,339.01,588.25
1733,OK,-128,45,962,962,280.22,457.74,458.65,480.48,337.52,584.17
1734,OK,-125,52,955,955,279.44,458.95,456.69,481.12,336.42,589.58
1735,OK,-125,50,956,956,280.85,458.57,458.07,482.18,336.96,587.24
1736,OK,-131,43,967,967,278.72,457.57,458.27,479.69,335.83,584.25
1737,OK,-131,40,967,967,279.21,455.38,458.77,476.88,336.08,581.42
1738,OK,-132,43,962,962,275.92,456.72,454.89,475.13,333.02,583.88
1739,OK,-140,35,978,978,273.72,455.77,455.79,473.29,334.4,585.44
1740,OK,-144,31,988,988,274.27,454.91,457.91,475.58,334.48,586.41
1741,OK,-141,35,979,979,274.47,454.2,456.32,476.23,332.51,583.01
1742,OK,-136,37,970,970,276.25,454.67,456.56,474.42,333.13,580.86
1743,OK,-119,55,942,942,278.85,464.11,454.34,480.45,338.66,581.04
1744,OK,-130,46,960,960,275.83,462.04,454.62,477.61,335.55,582.39
1745,OK,-125,47,952,952,279.22,457.94,456.36,476.29,335.5,579.4
1746,OK,-130,41,963,963,278.51,455.27,457.76,473.73,335.82,580.71
1747,OK,-127,43,959,959,278.87,456.12,457.33,474.18,336.62,580.03
1748,OK,-125,45,952,952,278.68,455.4,455.66,474.11,334.92,577.89
1749,OK,-133,41,967,967,276.75,455.85,456.49,475.98,334.09,583.31
1750,OK,-137,36,974,974,276.55,454.94,457.38,476.24,334.41,581.17
1751,OK,-134,40,967,967,276.47,454.23,456.24,473.71,333.41,582.05
1752,OK,-135,36,971,971,277.88,452.87,458.18,474.17,333.91,579.12
1753,OK,-122,47,945,945,279.14,453.63,454.81,473.64,333.45,574.77
1754,OK,-122,46,949,949,281.44,453.51,457.73,473.83,335.44,577.29
1755,OK,-120,47,945,945,282.16,452.04,457.72,472.82,335.77,576.79
1756,OK,-119,48,945,945,282.32,452.69,457.91,472.57,337.5,577.53
1757,OK,-123,46,948,948,279.75,454.13,455.99,473.39,334.15,577.77
1758,OK,-128,46,951,951,276.43,453.8,452.96,474.81,330.13,578.2
1759,OK,-131,42,957,957,275.14,452.66,452.76,474.19,331.42,578.29
1760,OK,-116,56,929,929,276.85,455.85,449.46,475.25,332.88,576.39
1761,OK,-123,46,944,944,276.58,452.19,451.84,473.04,333.96,574.43
1762,OK,-124,46,938,938,273.76,449.62,448.18,468.44,330.54,571.98
1763,OK,-132,37,954,954,273.77,445.39,450.8,467.27,329.1,572.4
1764,OK,-136,35,963,963,272.08,448.76,451.22,467.72,329.78,575.4
1765,OK,-130,41,955,955,274.63,450.71,452.16,469.88,330.86,576.6
1766,OK,-129,43,961,961,277.81,452.93,456.68,471.02,335.32,585.4
1767,OK,-125,45,961,961,281.61,453.91,460.63,470.59,339.62,588.98
1768,OK,-114,51,953,953,287.55,456.4,465.1,471.44,347.93,590.64
1769,OK,-110,58,947,947,288.21,461.32,464.91,473.87,350.1,596.07
1770,OK,-117,62,959,959,284.71,469.78,463.92,479.14,349.96,607.89
1771,OK,-117,71,950,950,280.95,478.6,458.68,482.42,346.38,613.36
1772,OK,-113,88,926,926,274.31,483.94,447.55,486.94,341.05,616.84
1773,OK,-118,86,928,928,269.76,485.54,443.37,485.51,337.23,616.21
1774,OK,-138,69,961,961,261.46,483.29,441.21,480.45,332.9,616.84
1775,OK,-137,70,959,959,260.95,485.23,440.18,480.12,334.67,617.32
1776,OK,-134,74,955,955,262.74,485.94,441.2,480.74,335.27,619.69
1777,OK,-132,75,950,950,262.88,485.84,440.43,481.05,335.98,617.17
1778,OK,-130,75,948,948,264.81,484.7,442.1,481.26,335.89,616.01
1779,OK,-128,79,942,942,264.51,485.44,440.61,481.48,334.67,617.91
1780,OK,-126,81,938,938,264.99,486.63,440.38,482.64,333.77,616.8
1781,OK,-124,82,939,939,265.96,487.59,441.54,482.5,337.65,617.98
1782,OK,-130,76,945,945,262.87,485.5,439.52,479.45,333.86,614.91
1783,OK,-146,67,964,964,257.22,483.55,437.41,479.5,325.99,617.75
1784,OK,-125,85,935,935,265.15,490.35,440.09,489.01,333.08,615.97
1785,OK,-127,79,943,943,265.35,486.11,441.65,483.18,335.04,616.22
1786,OK,-129,77,944,944,264.46,483.79,440.92,481.77,333.72,615.66
1787,OK,-119,89,929,929,268.04,487.86,441.82,487.06,335.16,619.72
1788,OK,-121,82,935,935,268.71,484.04,443.5,484.58,335.91,614.51
1789,OK,-123,78,934,934,267.31,481.96,441.98,481.04,334.84,609.84
1790,OK,-125,73,940,940,267.87,479.75,443.69,480.1,334.35,607.17
1791,OK,-128,69,945,945,266.94,476.72,443.59,478.99,333.18,605.29
1792,OK,-117,79,926,926,269.72,480.38,442.91,480.56,336.86,604.04
1793,OK,-131,57,948,948,267.54,469.28,444.68,474.47,330.86,592.02
1794,OK,-131,49,940,940,266.67,456.61,442.23,466.16,324.83,576.87
1795,OK,-130,33,941,941,269.87,438.35,444.77,457.38,324.02,559.0
1796,OK,-133,21,949,949,273.75,427.0,449.55,452.1,320.47,550.93
1797,OK,-114,38,920,920,282.65,436.15,452.83,462.14,324.91,548.19
1798,OK,-108,44,915,915,285.42,437.21,454.35,464.17,329.96,552.21
1799,OK,-127,28,962,962,286.67,433.44,463.31,467.83,334.75,568.54
