k,status,x,y,w,h,rx,ry,lx,ly,nx,ny
0,FAILED,,,,,,,,,,
1,OK,116,52,700,700,374.1,361.3,553.86,373.46,468.06,438.1
2,OK,117,55,697,697,373.38,362.15,552.59,373.45,468.61,439.68
3,OK,119,59,693,693,372.86,363.05,551.0,373.62,468.11,442.57
4,OK,116,55,696,696,372.72,362.16,551.53,373.08,467.56,440.16
5,OK,116,54,699,699,373.41,361.34,552.94,373.24,467.19,439.74
6,OK,117,54,696,696,373.59,361.36,552.41,372.72,467.97,438.62
7,OK,117,56,695,695,372.88,362.15,551.42,373.28,465.98,439.63
8,OK,114,57,694,694,371.32,363.36,549.7,373.45,463.35,440.12
9,OK,115,59,690,690,370.22,363.44,547.53,374.71,462.37,440.57
10,OK,118,62,687,687,370.26,363.13,547.02,373.77,463.59,441.81
11,OK,117,60,689,689,371.43,362.69,548.43,374.47,464.05,439.87
12,OK,118,60,689,689,372.05,362.36,549.18,373.9,464.3,440.97
13,OK,114,56,696,696,370.99,363.52,549.85,374.39,464.16,439.71
14,OK,114,58,694,694,370.01,364.59,548.38,374.55,464.46,441.01
15,OK,113,58,694,694,369.29,364.44,547.92,374.07,463.04,441.95
16,OK,110,56,698,698,367.81,365.26,547.29,374.07,461.09,442.32
17,OK,113,61,691,691,367.88,366.01,545.64,374.38,460.48,442.71
18,OK,111,58,695,695,367.6,366.19,546.47,375.32,460.5,441.06
19,OK,106,54,705,705,366.94,367.05,548.19,377.15,459.32,441.8
20,OK,109,58,699,699,367.6,367.21,547.3,377.2,458.56,443.24
21,OK,110,57,696,696,367.84,371.04,546.79,381.29,459.97,434.68
22,OK,103,53,707,707,364.4,369.38,546.31,378.98,456.82,439.06
23,OK,102,50,710,710,366.39,366.14,548.92,378.55,457.31,439.36
24,OK,102,49,714,714,367.19,366.81,550.72,378.85,459.32,440.05
25,OK,103,49,713,713,366.73,367.09,550.06,378.53,459.94,439.17
26,OK,101,48,716,716,366.71,366.74,550.64,378.78,460.62,439.46
27,OK,104,51,710,710,367.19,366.4,549.82,378.12,460.47,441.42
28,OK,103,52,710,710,366.4,366.45,549.03,377.44,458.4,443.14
29,OK,103,51,710,710,366.41,366.56,549.0,377.77,459.1,441.21
30,OK,102,50,712,712,366.78,366.82,549.85,377.99,459.61,441.22
31,OK,102,49,714,714,367.29,366.91,550.91,378.83,460.8,440.76
32,OK,105,53,709,709,367.32,367.38,549.72,378.08,459.88,442.88
33,OK,102,49,715,715,366.76,366.44,550.62,377.55,460.49,441.51
34,OK,104,51,710,710,367.04,366.73,549.47,377.65,459.88,441.45
35,OK,103,52,711,711,366.45,366.5,549.19,377.81,458.99,442.04
36,OK,100,49,716,716,365.67,367.07,549.72,378.32,458.95,441.43
37,OK,101,49,715,715,366.03,367.09,549.83,378.9,459.18,439.99
38,OK,103,52,710,710,366.35,368.33,549.08,378.22,459.72,442.22
39,OK,100,50,714,714,364.68,368.92,548.34,377.24,458.19,441.39
40,OK,101,49,714,714,365.53,368.33,549.3,377.43,458.9,440.81
41,OK,103,51,712,712,366.75,368.09,550.04,376.7,460.72,442.39
42,OK,104,52,710,710,366.57,367.84,549.3,376.18,460.52,442.08
43,OK,109,57,698,698,367.76,364.83,547.48,372.71,460.34,444.08
44,OK,107,54,704,704,367.35,364.4,548.48,372.93,460.09,444.68
45,OK,109,54,703,703,369.16,362.27,550.03,372.82,460.52,442.82
46,OK,110,56,700,700,368.95,363.4,549.03,372.89,461.21,444.59
47,OK,110,57,699,699,368.73,363.93,548.68,372.85,460.5,444.53
48,OK,111,56,700,700,370.03,364.4,550.06,373.34,463.18,443.78
49,OK,112,57,698,698,370.26,364.38,549.81,373.03,463.01,443.9
50,OK,111,55,701,701,370.17,364.0,550.47,373.86,462.95,442.97
51,OK,113,56,699,699,370.45,363.55,550.33,373.29,463.87,443.04
52,OK,112,57,699,699,370.47,364.29,550.4,373.01,463.54,443.7
53,OK,108,51,707,707,370.54,363.48,552.28,373.54,462.51,440.84
54,OK,109,52,707,707,370.53,363.86,552.47,373.9,464.09,442.95
55,OK,106,51,708,708,367.84,364.58,549.9,373.49,461.77,442.89
56,OK,108,55,704,704,368.81,364.47,549.96,373.14,462.23,446.23
57,OK,107,54,706,706,368.22,364.57,549.88,373.17,461.76,445.19
58,OK,110,54,705,705,369.98,364.14,551.21,374.08,463.75,444.09
59,OK,108,52,707,707,370.48,364.01,552.22,374.18,462.22,441.11
60,OK,109,55,702,702,369.65,364.13,550.26,373.98,461.06,444.12
61,OK,111,56,701,701,370.17,364.33,550.39,373.99,463.28,443.68
62,OK,110,57,701,701,369.16,364.29,549.36,373.56,461.39,445.33
63,OK,111,58,699,699,369.84,364.2,549.51,374.17,462.15,445.44
64,OK,111,57,699,699,369.45,363.95,549.33,373.6,461.9,444.28
65,OK,109,53,704,704,370.36,364.14,551.49,373.75,462.24,441.98
66,OK,104,50,710,710,366.82,370.6,549.42,381.45,460.02,434.63
67,OK,102,50,714,714,365.21,372.65,548.83,382.8,461.12,437.49
68,OK,102,51,715,715,365.36,371.6,549.16,383.37,461.51,438.71
69,OK,102,55,709,709,363.69,373.22,546.09,382.82,458.61,441.04
70,OK,101,55,708,708,363.1,373.03,545.22,382.6,456.59,441.04
71,OK,100,56,707,707,361.81,373.73,543.57,382.6,455.08,440.48
72,OK,101,56,707,707,362.26,373.29,544.15,382.63,455.04,441.49
73,OK,98,54,712,712,361.86,373.94,545.08,383.8,456.4,441.25
74,OK,97,53,714,714,362.13,374.09,545.68,384.35,455.85,441.44
75,OK,98,53,712,712,362.51,373.16,545.53,384.37,455.44,441.21
76,OK,99,53,713,713,362.95,371.93,546.2,383.51,456.73,441.63
77,OK,100,52,712,712,363.47,371.55,546.45,382.6,458.19,440.49
78,OK,102,54,708,708,363.91,371.61,545.83,382.79,458.3,439.86
79,OK,104,54,706,706,364.78,370.04,546.33,379.34,459.72,440.66
80,OK,105,54,706,706,364.89,369.73,546.53,378.71,461.13,440.86
81,OK,105,54,706,706,364.81,370.33,546.37,378.35,460.97,439.88
82,OK,104,53,707,707,363.85,370.12,545.68,378.22,459.93,439.27
83,OK,104,53,706,706,364.56,370.81,546.16,378.37,460.27,438.89
84,OK,104,53,707,707,363.57,370.84,545.64,378.23,460.22,439.04
85,OK,102,50,711,711,363.85,370.84,546.86,379.16,460.31,436.58
86,OK,103,51,709,709,363.34,371.46,545.7,378.98,460.13,435.83
87,OK,104,53,707,707,364.02,371.17,546.03,378.96,460.85,437.4
88,OK,101,51,711,711,362.39,371.93,545.48,379.25,458.08,437.36
89,OK,101,51,708,708,362.04,371.79,544.35,377.66,458.3,435.66
90,OK,102,51,709,709,362.17,371.66,544.82,377.37,459.28,436.38
91,OK,103,51,706,706,363.59,371.52,545.18,378.54,459.27,434.96
92,OK,104,52,704,704,363.47,371.21,544.78,378.43,458.97,433.38
93,OK,103,51,707,707,362.71,371.94,544.68,377.88,459.44,433.28
94,OK,103,51,706,706,363.51,371.56,545.23,378.65,458.02,433.18
95,OK,102,50,708,708,362.91,371.35,545.08,377.32,459.12,435.46
96,OK,102,50,708,708,362.77,371.02,544.99,377.53,458.25,434.9
97,OK,104,52,704,704,363.93,370.37,545.22,377.33,458.93,434.83
98,OK,101,49,710,710,362.37,371.69,545.03,377.77,458.58,434.2
99,OK,103,51,706,706,362.55,372.41,544.36,378.6,458.55,433.19
100,OK,103,52,707,707,363.24,371.76,545.2,378.53,458.51,434.96
101,OK,103,51,706,706,363.09,372.32,544.84,378.25,458.77,433.67
102,OK,103,52,705,705,362.9,371.18,544.41,377.87,457.71,434.62
103,OK,104,53,705,705,363.13,372.19,544.7,378.99,458.36,434.9
104,OK,102,51,709,709,362.52,371.72,545.08,378.61,458.93,435.4
105,OK,102,50,707,707,362.3,372.35,544.42,378.39,458.26,431.78
106,OK,101,49,710,710,362.37,371.09,545.04,377.81,458.98,434.97
107,OK,102,50,709,709,361.96,371.98,544.42,377.31,459.51,435.2
108,OK,101,50,710,710,362.22,371.84,545.16,376.81,460.1,435.79
109,OK,103,53,705,705,362.68,371.55,544.23,378.4,458.1,435.64
110,OK,101,52,708,708,361.91,371.6,544.29,378.08,457.73,437.33
111,OK,100,51,710,710,361.2,372.04,544.11,377.76,458.73,437.6
112,OK,101,51,709,709,362.26,371.04,544.75,377.9,458.44,436.06
113,OK,99,50,712,712,361.1,371.74,544.35,377.67,457.44,437.96
114,OK,104,53,705,705,362.47,370.7,544.05,376.8,459.47,437.3
115,OK,105,55,703,703,363.16,371.14,544.04,377.76,458.99,438.43
116,OK,106,57,701,701,363.51,371.5,543.96,377.66,459.38,439.53
117,OK,101,52,708,708,361.99,371.54,544.16,378.24,458.41,437.13
118,OK,104,54,704,704,362.9,371.91,544.08,378.09,460.17,437.71
119,OK,103,53,706,706,362.4,371.12,544.06,377.39,459.48,437.89
120,OK,100,49,712,712,361.42,371.96,544.61,379.03,459.07,436.04
121,OK,104,54,704,704,363.1,371.54,544.41,378.34,459.45,438.22
122,OK,101,52,708,708,362.31,371.73,544.55,379.5,458.01,437.41
123,OK,103,54,706,706,362.44,372.12,544.07,379.88,458.94,438.69
124,OK,99,52,711,711,361.02,372.68,543.93,380.61,457.12,438.46
125,OK,99,52,710,710,360.87,373.08,543.62,380.46,457.44,437.9
126,OK,100,51,710,710,361.55,372.53,544.3,380.39,458.12,436.61
127,OK,103,53,706,706,362.4,373.2,543.97,380.94,459.12,436.55
128,OK,102,54,707,707,362.61,372.44,544.54,380.95,458.28,437.4
129,OK,101,50,711,711,362.17,372.26,545.25,380.23,459.25,435.47
130,OK,100,52,711,711,362.53,372.56,545.38,381.62,457.93,437.9
131,OK,106,54,702,702,364.07,373.61,544.86,380.72,460.07,433.67
132,OK,103,52,709,709,363.81,374.12,546.19,383.2,460.74,433.93
133,OK,104,55,703,703,362.25,374.03,543.17,381.26,457.68,434.72
134,OK,106,55,702,702,364.15,372.31,544.84,380.22,460.57,437.32
135,OK,104,52,706,706,363.98,370.67,545.74,377.85,459.79,436.67
136,OK,102,52,707,707,362.76,370.61,544.65,377.88,457.14,437.37
137,OK,107,55,700,700,365.05,373.7,545.08,381.28,460.41,432.61
138,OK,106,57,699,699,362.51,373.73,542.51,379.83,458.18,435.87
139,OK,102,52,709,709,363.5,370.9,545.87,379.92,458.57,437.82
140,OK,102,52,707,707,363.4,370.9,545.19,379.25,457.67,436.88
141,OK,105,53,704,704,364.86,369.71,546.04,378.58,459.55,437.63
142,OK,107,57,700,700,365.81,369.81,545.96,379.1,458.77,439.92
143,OK,105,54,705,705,365.35,369.64,546.63,378.82,459.68,438.3
144,OK,103,52,709,709,364.53,369.92,546.9,378.57,460.27,438.56
145,OK,106,55,702,702,365.34,369.7,545.98,378.91,459.66,438.63
146,OK,103,52,708,708,364.09,371.24,546.38,378.91,459.91,438.56
147,OK,102,51,711,711,364.05,370.66,547.02,379.49,459.4,437.8
148,OK,105,54,704,704,364.43,371.08,545.67,378.77,459.71,438.34
149,OK,101,51,710,710,363.68,370.58,546.45,379.11,458.3,437.9
150,OK,105,54,704,704,365.41,370.43,546.45,379.17,459.87,438.6
151,OK,103,53,706,706,363.82,371.18,545.56,378.63,458.73,437.11
152,OK,101,50,710,710,362.94,371.68,545.66,378.92,459.11,436.6
153,OK,100,49,712,712,362.82,371.37,546.12,379.01,459.16,435.46
154,OK,101,48,712,712,363.38,371.96,546.56,379.49,460.06,433.71
155,OK,103,49,711,711,363.41,371.89,546.54,378.6,461.38,433.19
156,OK,104,50,707,707,363.81,371.37,545.86,377.72,460.21,431.93
157,OK,103,49,709,709,364.05,371.7,546.44,378.7,460.56,431.21
158,OK,102,47,712,712,363.85,371.85,547.05,379.32,460.66,431.55
159,OK,101,48,712,712,363.07,372.36,546.32,378.23,460.48,433.12
160,OK,103,49,709,709,363.54,371.98,546.03,378.5,460.11,432.31
161,OK,103,50,709,709,364.12,371.64,546.57,379.0,460.51,432.76
162,OK,103,50,709,709,363.59,371.03,546.01,377.52,459.66,433.86
163,OK,102,49,711,711,363.08,370.63,546.05,377.02,460.82,434.42
164,OK,101,48,713,713,363.15,370.42,546.57,377.67,460.05,435.11
165,OK,101,49,712,712,363.34,371.28,546.6,378.01,460.26,436.32
166,OK,102,51,709,709,363.15,371.43,545.64,378.69,459.3,436.06
167,OK,101,48,713,713,363.1,370.98,546.62,377.89,459.88,434.99
168,OK,102,49,710,710,364.14,371.12,546.79,378.61,460.29,434.9
169,OK,105,51,709,709,365.93,369.91,548.33,377.97,462.65,436.87
170,OK,103,50,711,711,365.05,368.98,548.02,376.71,460.61,437.43
171,OK,104,53,706,706,364.95,368.8,546.69,376.82,458.58,439.82
172,OK,103,51,709,709,364.81,368.91,547.17,377.51,458.85,437.48
173,OK,103,51,708,708,365.21,369.57,547.5,377.23,459.64,437.94
174,OK,100,49,715,715,364.49,369.97,548.46,378.36,458.86,438.0
175,OK,102,51,710,710,364.59,370.04,547.24,378.37,458.65,439.73
176,OK,102,49,714,714,365.6,369.51,549.32,378.18,461.25,438.94
177,OK,104,51,708,708,365.44,369.87,547.52,377.77,460.4,437.94
178,OK,104,53,707,707,364.87,369.9,546.81,378.32,458.79,439.22
179,OK,104,52,709,709,365.32,370.65,547.74,378.66,459.5,438.77
180,OK,103,52,708,708,364.69,370.26,546.79,377.87,459.64,438.05
181,OK,104,52,708,708,365.35,370.05,547.45,378.3,460.23,438.25
182,OK,105,53,707,707,364.95,370.47,546.86,378.53,460.51,437.94
183,OK,99,47,716,716,363.59,369.47,547.85,377.76,459.27,437.74
184,OK,102,52,708,708,364.04,370.14,546.13,377.59,458.79,438.19
185,OK,102,51,709,709,363.89,369.76,546.36,377.36,458.05,437.38
186,OK,102,51,708,708,363.91,369.71,546.06,377.55,458.89,436.76
187,OK,103,50,708,708,363.88,369.81,546.14,377.32,459.24,436.04
188,OK,103,50,708,708,364.13,369.82,546.49,376.64,459.08,434.83
189,OK,102,50,710,710,363.83,370.24,546.52,377.8,459.86,436.32
190,OK,102,49,710,710,363.64,369.58,546.47,376.95,459.46,435.59
191,OK,102,51,709,709,363.74,370.23,546.08,378.64,458.33,436.71
192,OK,104,54,705,705,364.2,370.2,545.63,377.84,458.24,438.02
193,OK,104,53,704,704,363.79,370.25,545.09,377.44,458.73,437.12
194,OK,104,53,707,707,364.55,370.08,546.38,377.96,459.76,439.06
195,OK,100,50,713,713,363.39,370.74,546.76,379.07,458.89,438.91
196,OK,105,54,705,705,364.54,370.91,545.92,378.64,459.76,438.12
197,OK,101,51,711,711,362.98,370.84,546.07,378.74,458.3,437.25
198,OK,101,52,709,709,362.62,371.88,545.13,379.68,456.6,438.11
199,OK,100,52,710,710,362.58,372.21,545.31,379.83,458.05,438.88
200,OK,101,52,711,711,363.14,372.08,546.05,380.19,458.4,438.65
201,OK,100,52,711,711,362.5,372.14,545.43,380.26,457.36,439.48
202,OK,100,52,712,712,362.56,372.77,545.76,381.59,458.21,439.3
203,OK,101,53,708,708,363.39,372.37,545.41,381.53,457.18,438.5
204,OK,100,51,712,712,362.65,372.51,545.78,380.83,457.85,438.33
205,OK,104,55,704,704,363.89,372.12,544.93,381.26,457.9,438.23
206,OK,100,52,711,711,362.8,371.94,545.64,380.78,456.65,438.33
207,OK,102,52,708,708,363.45,372.13,545.57,380.41,458.2,437.6
208,OK,101,53,711,711,362.56,373.06,545.5,381.25,458.01,439.34
209,OK,104,54,707,707,364.27,371.6,546.26,380.39,458.78,439.62
210,OK,102,53,708,708,363.28,371.81,545.54,380.14,458.79,438.53
211,OK,106,56,703,703,364.31,372.28,545.11,379.64,459.84,438.97
212,OK,104,53,706,706,364.81,371.27,546.58,379.48,459.67,438.04
213,OK,101,51,712,712,363.58,372.26,546.69,380.2,459.87,438.45
214,OK,103,54,707,707,363.47,372.44,545.42,380.88,458.84,438.88
215,OK,102,52,710,710,364.1,372.07,546.81,381.15,459.37,438.86
216,OK,100,52,712,712,363.46,372.46,546.63,382.2,458.73,439.1
217,OK,101,53,711,711,363.07,372.68,545.94,381.12,459.24,439.38
218,OK,102,53,710,710,363.34,372.09,546.08,381.51,459.77,440.27
219,OK,102,54,709,709,363.68,372.58,546.07,381.84,458.74,439.12
220,OK,102,53,711,711,363.45,372.6,546.29,381.47,459.16,439.46
221,OK,102,53,710,710,363.86,372.33,546.49,381.15,459.81,439.29
222,OK,101,52,713,713,364.2,371.83,547.57,381.51,459.59,440.28
223,OK,102,54,709,709,363.83,372.74,546.21,382.01,458.97,439.27
224,OK,101,52,713,713,363.44,372.63,546.82,381.67,459.8,440.76
225,OK,100,52,715,715,363.55,373.47,547.45,383.04,460.08,440.82
226,OK,101,53,713,713,363.57,373.38,547.0,384.0,459.04,441.13
227,OK,101,52,713,713,363.96,372.36,547.37,382.27,460.01,440.13
228,OK,102,52,713,713,364.33,372.38,547.7,383.14,460.55,439.66
229,OK,100,49,718,718,364.26,372.2,548.82,382.7,461.95,439.55
230,OK,101,52,712,712,363.99,372.59,547.05,383.07,459.12,439.54
231,OK,100,51,715,715,363.23,372.41,547.16,381.63,458.84,439.1
232,OK,101,52,713,713,363.99,372.46,547.44,382.09,459.23,440.02
233,OK,103,54,711,711,364.42,372.89,547.23,382.74,460.92,440.25
234,OK,102,53,711,711,363.55,372.0,546.44,380.13,460.58,441.02
235,OK,106,56,705,705,364.93,371.18,546.23,380.3,460.44,440.94
236,OK,104,54,706,706,364.34,370.44,545.96,378.8,459.91,440.57
237,OK,106,54,705,705,365.36,369.72,546.85,378.6,460.09,439.77
238,OK,108,55,700,700,365.75,368.66,545.83,376.25,461.42,439.13
239,OK,112,59,694,694,367.22,367.84,545.68,376.37,461.63,439.9
240,OK,113,60,692,692,368.03,367.19,546.08,376.31,462.26,440.71
241,OK,112,57,696,696,368.98,365.9,547.91,375.76,462.8,439.24
242,OK,112,56,698,698,369.15,366.26,548.6,375.95,463.51,439.35
243,OK,110,56,700,700,367.54,367.4,547.68,375.48,463.28,440.85
244,OK,113,59,695,695,368.37,368.26,547.28,376.57,463.71,440.11
245,OK,111,56,701,701,368.62,368.1,549.1,376.24,464.94,439.9
246,OK,110,55,701,701,368.33,366.59,548.58,375.28,462.39,439.52
247,OK,110,54,699,699,367.87,365.87,547.75,375.5,461.29,437.3
248,OK,109,53,702,702,368.5,366.51,549.06,375.78,463.02,437.92
249,OK,109,53,703,703,368.06,365.95,548.86,375.57,462.93,438.07
250,OK,110,56,699,699,367.67,366.46,547.52,376.06,462.29,439.75
251,OK,112,56,699,699,369.38,366.05,549.24,375.65,463.53,440.87
252,OK,116,60,688,688,368.77,369.3,545.85,377.05,463.64,435.59
253,OK,115,55,695,695,369.32,368.1,548.19,376.08,467.08,431.98
254,OK,116,59,691,691,370.21,366.06,547.79,377.02,463.6,437.71
255,OK,116,59,691,691,370.4,365.81,548.05,376.1,463.96,438.56
256,OK,118,60,689,689,371.21,364.98,548.34,375.65,465.16,439.08
257,OK,116,60,691,691,370.44,365.27,548.02,375.18,464.28,440.45
258,OK,114,59,692,692,369.37,365.14,547.48,374.38,463.03,441.67
259,OK,115,60,691,691,368.9,365.02,546.72,373.96,462.6,441.57
260,OK,117,62,687,687,368.96,362.48,545.79,371.01,463.29,444.77
261,OK,116,62,686,686,369.54,361.76,546.05,371.3,461.79,444.5
262,OK,117,63,687,687,370.59,361.52,547.36,371.52,462.95,445.67
263,OK,118,61,687,687,371.01,360.9,547.73,371.27,463.11,443.55
264,OK,117,60,689,689,371.21,361.06,548.34,371.81,463.02,443.32
265,OK,116,61,688,688,369.85,362.09,546.89,371.11,461.7,444.29
266,OK,116,60,691,691,370.33,362.22,548.11,371.91,463.14,444.71
267,OK,114,59,692,692,370.78,361.56,548.75,371.68,461.84,443.51
268,OK,116,59,693,693,372.09,362.38,550.21,372.5,463.05,443.52
269,OK,115,57,695,695,371.98,361.65,550.61,371.69,463.92,441.71
270,OK,115,56,696,696,373.21,361.63,552.0,373.11,465.27,441.72
271,OK,115,56,696,696,372.75,362.02,551.62,372.78,464.8,440.98
272,OK,115,57,695,695,372.29,361.04,550.9,371.83,464.23,442.16
273,OK,113,55,698,698,371.63,361.77,551.04,372.72,462.7,441.45
274,OK,116,59,693,693,372.61,361.84,550.71,373.14,462.35,442.79
275,OK,115,57,694,694,372.27,362.07,550.76,372.35,463.42,442.2
276,OK,116,57,694,694,372.81,361.41,551.31,372.12,464.19,442.08
277,OK,118,59,691,691,372.94,361.67,550.71,371.94,464.99,442.24
278,OK,116,57,695,695,372.94,362.32,551.68,373.43,464.65,441.8
279,OK,115,58,694,694,371.88,362.24,550.49,371.94,463.74,443.23
280,OK,115,58,695,695,371.98,362.46,550.66,372.96,463.18,443.05
281,OK,115,58,695,695,372.16,362.31,550.78,373.4,463.6,442.27
282,OK,115,57,695,695,372.24,362.5,551.0,372.19,464.19,442.45
283,OK,115,56,696,696,372.61,362.58,551.53,373.04,464.19,441.71
284,OK,115,56,697,697,372.79,362.56,551.94,373.2,464.86,441.98
285,OK,113,55,701,701,372.68,362.58,552.85,373.43,464.74,442.93
286,OK,115,57,695,695,372.42,362.23,551.01,373.38,463.9,441.62
287,OK,114,58,694,694,371.34,362.41,549.83,373.21,462.57,442.74
288,OK,116,59,692,692,372.47,362.9,550.4,373.66,463.85,443.32
289,OK,114,57,696,696,372.06,362.92,550.99,373.23,463.36,442.02
290,OK,115,60,693,693,370.47,363.74,548.72,374.47,463.09,443.45
291,OK,112,55,699,699,371.03,362.95,550.82,374.25,462.2,441.18
292,OK,112,54,700,700,370.72,363.75,550.76,374.9,463.27,440.62
293,OK,113,55,698,698,371.26,363.36,550.87,373.82,463.56,440.8
294,OK,113,58,694,694,370.39,363.68,548.95,373.54,461.15,441.82
295,OK,111,55,698,698,370.15,363.08,549.68,373.42,461.33,441.6
296,OK,111,57,697,697,369.28,363.15,548.55,373.33,460.8,442.05
297,OK,113,58,693,693,369.19,363.59,547.48,372.76,460.48,441.39
298,OK,114,58,693,693,370.01,362.99,548.31,373.0,460.91,441.33
299,OK,112,59,693,693,368.97,364.45,547.14,373.51,459.86,442.53
300,OK,110,57,697,697,368.41,364.08,547.65,373.47,459.58,442.27
301,OK,110,59,694,694,367.86,364.48,546.46,373.24,458.82,443.32
302,OK,111,58,695,695,368.25,364.67,547.09,374.11,458.9,442.21
303,OK,109,56,698,698,367.94,364.44,547.36,373.76,459.63,442.12
304,OK,113,60,692,692,369.22,365.01,547.12,374.34,460.5,443.4
305,OK,111,57,696,696,368.5,365.91,547.67,373.65,461.13,441.85
306,OK,109,53,705,705,368.77,369.28,549.96,379.21,463.98,436.6
307,OK,107,56,703,703,366.28,370.5,547.24,379.21,460.94,439.61
308,OK,106,55,704,704,366.36,369.53,547.49,377.53,459.61,440.51
309,OK,107,53,706,706,368.25,368.06,549.79,377.41,461.23,439.36
310,OK,113,53,703,703,372.02,369.13,552.75,381.03,467.47,433.88
311,OK,112,46,711,711,375.48,367.29,557.79,384.38,468.28,427.97
312,OK,109,41,719,719,375.86,365.11,560.24,381.82,468.97,427.62
313,OK,112,45,719,719,378.91,367.46,563.02,387.46,471.08,430.82
314,OK,115,48,720,720,382.16,367.4,566.45,389.14,476.58,438.73
315,OK,111,49,724,724,382.06,367.7,566.75,392.85,473.08,443.26
316,OK,115,50,723,723,387.18,363.27,570.81,393.69,473.95,444.05
317,OK,114,49,723,723,387.92,361.22,571.25,393.85,471.85,442.94
318,OK,111,46,724,724,387.07,358.79,570.67,391.82,468.63,441.05
319,OK,110,43,726,726,386.03,358.07,570.07,390.9,468.29,438.68
320,OK,109,45,723,723,382.34,360.19,566.34,388.06,467.38,439.85
321,OK,107,48,723,723,379.07,362.24,563.66,386.34,466.26,443.81
322,OK,107,51,718,718,376.94,363.6,560.41,386.76,463.92,446.09
323,OK,107,50,718,718,377.46,363.17,560.79,386.64,464.66,444.74
324,OK,107,51,718,718,377.14,363.23,560.66,385.76,464.73,446.56
325,OK,107,49,720,720,378.12,360.61,562.12,383.82,464.15,446.39
326,OK,103,46,726,726,376.06,360.85,561.89,381.91,464.93,448.02
327,OK,106,46,726,726,378.99,359.18,564.33,383.48,467.23,447.78
328,OK,110,50,717,717,380.12,356.61,562.91,382.69,465.96,447.05
329,OK,116,59,700,700,379.28,357.44,558.13,379.31,464.56,450.37
330,OK,117,61,699,699,378.81,357.64,557.62,379.16,465.2,451.76
331,OK,116,60,698,698,377.66,358.17,556.27,378.24,464.79,451.15
332,OK,116,62,696,696,377.21,358.64,555.31,379.14,463.57,451.18
333,OK,116,61,696,696,376.52,358.83,554.87,378.09,463.78,450.58
334,OK,115,61,696,696,375.94,358.81,554.22,378.33,462.2,450.39
335,OK,117,63,693,693,375.49,359.39,553.06,378.23,462.64,449.24
336,OK,115,60,696,696,375.38,358.78,553.6,377.83,462.6,448.36
337,OK,109,53,708,708,373.42,357.72,554.72,377.45,462.87,447.7
338,OK,109,54,707,707,372.96,358.93,554.2,377.06,462.16,447.74
339,OK,110,56,705,705,372.98,358.94,553.7,377.7,462.07,448.75
340,OK,109,56,703,703,371.79,359.47,551.84,378.72,458.62,445.97
341,OK,104,53,712,712,370.9,360.0,553.39,378.67,459.72,449.83
342,OK,105,54,712,712,372.54,359.11,554.88,379.43,460.04,450.98
343,OK,105,55,706,706,370.93,366.15,551.73,384.6,455.35,442.39
344,OK,106,56,704,704,371.33,362.77,551.56,383.37,455.61,443.7
345,OK,106,56,705,705,370.33,360.72,550.86,380.07,455.58,446.86
346,OK,104,53,711,711,370.66,360.06,552.86,378.55,457.58,448.29
347,OK,108,58,702,702,371.82,360.53,551.52,380.18,457.23,448.38
348,OK,108,57,702,702,371.53,365.58,551.11,386.03,458.27,441.12
349,OK,107,56,704,704,372.27,364.74,552.41,384.83,457.16,442.32
350,OK,107,55,707,707,372.47,363.13,553.49,383.41,457.19,444.58
351,OK,107,57,705,705,371.41,363.84,551.93,382.46,456.78,444.93
352,OK,110,59,699,699,372.27,363.21,551.24,381.71,457.5,444.45
353,OK,110,60,699,699,373.26,361.82,552.01,382.77,456.56,446.07
354,OK,108,54,706,706,373.36,359.14,554.01,379.46,458.46,445.47
355,OK,111,60,698,698,373.12,360.43,551.83,379.02,458.41,449.74
356,OK,106,55,711,711,373.17,359.93,555.16,379.4,459.53,451.37
357,OK,112,63,697,697,374.23,361.6,552.83,380.56,457.55,452.76
358,OK,106,54,710,710,373.39,359.39,555.27,379.33,458.54,449.94
359,OK,106,56,708,708,372.01,360.17,553.37,379.61,458.09,450.69
360,OK,109,59,701,701,372.46,360.72,551.89,379.78,457.75,449.54
361,OK,105,54,711,711,373.45,358.27,555.3,379.84,457.31,449.02
362,OK,108,59,702,702,373.13,360.19,552.95,380.18,456.02,450.75
363,OK,105,54,713,713,372.29,359.62,554.8,379.48,459.81,451.21
364,OK,106,55,711,711,372.26,359.05,554.14,379.79,459.31,451.96
365,OK,110,60,699,699,372.86,359.18,551.76,378.68,457.64,449.32
366,OK,109,57,703,703,372.7,359.46,552.67,379.98,457.74,446.62
367,OK,107,55,704,704,372.12,359.75,552.47,378.93,456.42,446.43
368,OK,106,56,704,704,371.71,360.21,551.95,380.68,455.43,445.98
369,OK,104,53,708,708,371.72,359.54,552.81,380.39,454.6,445.66
370,OK,107,57,703,703,372.21,360.26,552.2,380.09,454.6,445.97
371,OK,104,53,709,709,372.42,359.59,553.91,380.64,454.08,444.92
372,OK,106,54,706,706,373.77,359.98,554.28,381.95,455.18,444.64
373,OK,107,57,703,703,372.62,362.82,552.5,384.46,454.17,443.82
374,OK,104,53,709,709,371.9,361.8,553.11,384.7,454.01,441.59
375,OK,105,56,704,704,371.83,362.24,551.97,383.76,452.92,443.07
376,OK,105,55,707,707,371.2,363.29,552.1,385.09,454.66,443.11
377,OK,104,55,709,709,371.2,364.24,552.7,385.53,454.64,444.12
378,OK,106,58,705,705,371.01,365.66,551.57,385.34,454.91,444.78
379,OK,105,58,704,704,371.41,365.07,551.59,386.09,454.42,445.19
380,OK,105,54,709,709,372.33,362.09,553.95,381.63,456.33,445.66
381,OK,106,55,707,707,371.76,363.14,552.93,381.85,455.88,445.41
382,OK,105,56,707,707,371.29,363.31,552.51,381.43,454.54,445.67
383,OK,105,54,709,709,372.22,362.55,553.71,382.73,456.15,444.89
384,OK,103,53,713,713,371.51,363.02,554.08,383.34,456.19,445.21
385,OK,103,53,712,712,371.98,362.6,554.31,383.48,455.45,445.81
386,OK,101,52,717,717,371.04,364.38,554.62,384.98,455.59,446.51
387,OK,99,49,721,721,371.12,360.1,555.58,381.57,455.35,447.33
388,OK,102,53,712,712,370.68,362.1,553.04,380.99,456.08,448.02
389,OK,102,55,710,710,370.22,362.34,552.19,381.12,454.75,450.11
390,OK,103,56,708,708,369.81,362.98,551.36,380.73,454.42,448.94
391,OK,98,52,716,716,368.09,362.84,551.83,379.68,453.95,449.89
392,OK,100,53,716,716,369.35,365.08,553.09,382.3,456.63,448.98
393,OK,101,55,712,712,368.71,365.34,551.45,381.62,455.9,450.43
394,OK,99,54,715,715,367.43,365.82,550.94,382.09,454.74,449.69
395,OK,99,52,716,716,367.28,366.55,551.0,384.04,456.36,445.74
396,OK,99,52,717,717,367.3,366.83,551.12,384.02,455.69,445.87
397,OK,101,56,710,710,366.95,368.94,549.02,385.53,454.83,446.64
398,OK,100,55,710,710,367.21,368.19,548.95,387.63,452.68,443.5
399,OK,96,52,717,717,365.97,368.46,549.68,386.7,452.04,443.03
400,OK,96,53,714,714,365.62,368.48,548.54,386.59,450.44,443.0
401,OK,98,54,711,711,365.43,367.36,547.79,384.75,451.09,442.87
402,OK,94,50,716,716,364.03,367.28,547.6,384.64,449.2,441.98
403,OK,94,51,714,714,363.77,366.39,546.99,383.71,446.67,441.9
404,OK,93,50,714,714,363.77,366.2,546.75,383.43,446.62,441.18
405,OK,96,52,711,711,363.83,365.63,546.21,383.09,447.78,441.57
406,OK,96,52,710,710,364.89,365.21,546.87,383.07,447.54,441.55
407,OK,98,54,706,706,365.16,364.03,546.1,382.72,446.88,440.88
408,OK,99,54,705,705,365.65,363.63,546.19,382.93,446.83,440.07
409,OK,99,53,706,706,366.34,363.59,547.23,382.88,448.57,439.4
410,OK,98,51,708,708,366.44,363.58,547.8,381.61,448.57,437.91
411,OK,99,51,709,709,366.78,363.58,548.35,382.42,449.75,437.62
412,OK,100,51,706,706,367.31,363.95,548.35,382.25,449.44,436.76
413,OK,100,52,705,705,366.53,363.86,547.11,382.48,448.95,436.81
414,OK,101,51,705,705,367.58,363.17,548.12,382.74,449.41,434.99
415,OK,102,53,703,703,367.61,363.95,547.8,382.64,450.18,436.13
416,OK,100,50,709,709,367.37,364.11,549.16,382.43,450.68,436.26
417,OK,100,52,707,707,366.8,364.25,547.98,382.62,449.17,436.84
418,OK,101,52,706,706,367.77,364.08,548.62,383.25,450.64,437.23
419,OK,102,54,704,704,367.77,364.65,548.25,383.37,451.26,439.83
420,OK,102,53,704,704,367.32,365.03,547.78,383.83,450.94,437.51
421,OK,103,53,704,704,368.57,364.19,548.93,383.27,451.41,437.56
422,OK,105,57,699,699,368.12,364.83,547.1,383.48,451.74,438.85
423,OK,103,55,704,704,368.75,364.58,548.86,384.61,451.76,439.87
424,OK,104,55,702,702,368.3,364.92,548.18,384.45,452.64,438.89
425,OK,104,54,705,705,368.85,364.85,549.43,383.95,453.81,438.97
426,OK,105,54,705,705,369.27,364.72,550.02,383.45,454.74,439.72
427,OK,100,52,708,708,367.35,364.68,548.8,383.63,451.76,439.62
428,OK,99,51,710,710,367.25,363.68,549.0,383.76,451.63,439.49
429,OK,98,52,710,710,366.6,364.81,548.36,384.13,449.77,439.82
430,OK,99,52,710,710,366.55,364.56,548.41,383.77,450.61,440.44
431,OK,96,50,714,714,364.91,365.5,547.91,382.54,450.0,440.2
432,OK,95,49,717,717,363.93,365.15,547.89,382.65,450.91,441.0
433,OK,94,50,716,716,362.46,366.52,546.2,382.68,449.81,441.5
434,OK,93,47,719,719,362.12,366.13,546.64,381.46,450.47,439.54
435,OK,92,47,721,721,361.72,367.33,546.83,382.18,449.81,440.1
436,OK,97,54,709,709,362.2,370.25,544.37,384.05,449.61,439.68
437,OK,98,53,711,711,363.86,371.33,546.44,386.02,452.32,439.31
438,OK,94,52,715,715,362.74,370.31,546.22,385.69,449.04,441.13
439,OK,91,47,723,723,361.91,367.8,547.45,382.83,450.47,441.5
440,OK,92,47,720,720,362.31,366.58,547.05,382.23,449.68,440.64
441,OK,92,48,721,721,362.51,366.98,547.48,383.63,449.71,441.02
442,OK,91,47,720,720,361.76,367.25,546.54,383.0,448.81,440.28
443,OK,90,47,722,722,361.53,367.68,546.87,383.19,448.93,441.2
444,OK,94,51,717,717,363.31,371.77,547.2,388.52,450.18,438.01
445,OK,91,48,720,720,361.09,371.83,545.92,385.58,450.32,439.26
446,OK,92,51,716,716,361.29,370.22,544.88,386.46,447.22,441.16
447,OK,89,47,723,723,360.74,367.96,546.21,384.37,447.33,440.78
448,OK,90,49,718,718,360.82,368.77,545.11,384.62,446.94,440.73
449,OK,94,52,712,712,361.32,369.5,544.08,384.08,447.69,440.86
450,OK,92,51,714,714,361.11,369.54,544.44,384.51,447.16,440.72
451,OK,93,52,714,714,360.87,371.01,544.15,385.71,447.99,441.18
452,OK,92,52,715,715,360.31,370.09,543.93,384.41,446.78,440.98
453,OK,92,51,714,714,360.8,369.61,544.07,385.34,447.07,439.95
454,OK,94,53,713,713,360.97,370.01,544.03,384.79,447.98,440.93
455,OK,92,50,716,716,361.16,369.61,545.06,384.94,447.08,440.18
456,OK,93,51,714,714,361.22,368.89,544.44,384.22,447.27,440.62
457,OK,95,54,708,708,361.43,369.04,543.3,383.89,447.34,441.13
458,OK,93,51,715,715,361.33,369.6,545.02,384.48,447.29,440.48
459,OK,94,53,712,712,361.62,370.36,544.4,385.84,447.42,440.03
460,OK,95,56,708,708,361.89,371.0,543.66,386.43,447.07,442.0
461,OK,92,50,717,717,360.33,370.12,544.43,385.05,448.06,440.24
462,OK,93,52,712,712,360.76,370.04,543.44,385.18,446.7,439.31
463,OK,94,54,710,710,361.13,370.75,543.27,385.81,446.99,440.02
464,OK,95,54,709,709,361.1,370.36,543.06,385.46,446.46,440.07
465,OK,93,53,712,712,360.8,371.11,543.69,385.72,446.84,441.02
466,OK,94,54,710,710,361.34,371.01,543.76,385.64,447.44,439.68
467,OK,94,54,708,708,360.7,370.43,542.55,385.52,445.02,439.72
468,OK,94,54,709,709,360.89,370.36,542.77,385.73,445.09,439.87
469,OK,93,54,710,710,360.58,371.68,542.72,386.7,445.5,439.83
470,OK,92,51,714,714,360.69,371.02,543.89,386.44,446.62,439.23
471,OK,95,55,708,708,361.04,371.92,542.96,386.03,446.49,439.4
472,OK,96,57,707,707,360.9,372.47,542.48,386.77,446.94,440.58
473,OK,96,56,709,709,361.35,373.39,543.46,388.39,448.78,440.5
474,OK,93,54,713,713,360.59,372.71,543.6,387.37,447.39,440.06
475,OK,95,55,709,709,361.12,372.9,543.18,388.05,447.5,438.93
476,OK,95,54,711,711,360.74,372.65,543.16,387.51,448.42,439.17
477,OK,95,55,711,711,361.23,372.9,543.75,387.62,448.63,439.93
478,OK,94,52,714,714,361.44,372.81,544.79,388.01,449.43,439.38
479,OK,93,52,716,716,360.8,373.69,544.64,387.99,449.6,440.79
480,OK,96,52,715,715,362.88,373.33,546.44,388.74,451.74,438.76
481,OK,98,55,711,711,363.24,373.53,545.75,389.25,453.09,439.24
482,OK,98,55,713,713,363.53,374.88,546.6,390.26,453.47,440.23
483,OK,98,56,710,710,364.32,374.38,546.56,391.03,452.31,440.37
484,OK,98,54,712,712,364.53,374.36,547.2,391.12,453.91,438.65
485,OK,102,58,708,708,365.9,375.42,547.27,393.23,456.08,440.73
486,OK,100,54,714,714,366.27,375.24,549.43,393.04,456.58,438.27
487,OK,100,53,716,716,366.32,375.63,550.0,392.73,458.76,438.74
488,OK,100,54,717,717,366.19,375.74,549.97,393.48,458.64,440.48
489,OK,98,56,710,710,363.66,374.8,545.9,390.82,452.53,440.97
490,OK,97,56,712,712,363.72,374.82,546.24,391.73,451.88,441.81
491,OK,98,57,711,711,363.84,375.32,546.16,391.7,451.81,441.75
492,OK,98,54,715,715,363.64,375.5,547.12,391.02,455.57,439.38
493,OK,96,52,716,716,364.18,371.31,547.91,386.74,453.26,442.79
494,OK,94,49,718,718,364.75,367.29,549.01,383.33,450.6,442.32
495,OK,96,49,717,717,365.7,366.6,549.68,382.74,450.69,441.24
496,OK,99,54,709,709,365.85,367.34,547.78,383.31,449.91,442.2
497,OK,96,51,715,715,365.49,366.86,548.87,382.93,450.54,441.69
498,OK,97,51,714,714,366.1,366.65,549.16,383.74,450.8,442.42
499,OK,97,50,716,716,366.69,366.54,550.4,383.56,451.54,441.87
500,OK,96,50,717,717,365.58,367.08,549.38,383.74,451.09,441.9
501,OK,96,52,714,714,365.14,367.41,548.32,384.43,449.78,442.77
502,OK,96,55,711,711,363.33,368.12,545.84,383.5,449.27,444.21
503,OK,97,56,709,709,362.45,369.28,544.49,384.4,448.88,443.45
504,OK,97,55,711,711,362.87,370.05,545.52,384.12,451.73,443.01
505,OK,97,53,713,713,363.4,369.61,546.41,384.19,451.42,442.99
506,OK,96,54,712,712,363.09,369.99,545.83,384.05,451.41,443.54
507,OK,98,56,711,711,363.36,370.52,545.99,385.26,451.79,444.2
508,OK,98,56,709,709,363.6,369.68,545.53,386.14,450.23,443.49
509,OK,96,55,710,710,362.81,369.23,544.99,384.66,450.09,444.07
510,OK,97,56,709,709,362.7,369.39,544.77,385.23,449.3,443.78
511,OK,98,56,708,708,363.46,369.98,545.06,385.76,451.52,444.04
512,OK,97,55,710,710,363.58,369.11,545.73,384.77,449.5,444.64
513,OK,96,54,713,713,363.78,369.12,546.74,385.19,449.83,442.98
514,OK,98,57,709,709,364.03,369.81,545.84,386.11,450.33,444.66
515,OK,98,56,708,708,363.39,369.73,545.13,385.37,450.84,443.95
516,OK,99,58,705,705,362.63,370.76,543.61,385.14,450.5,443.03
517,OK,97,56,708,708,361.78,370.67,543.46,384.93,449.89,443.59
518,OK,97,56,710,710,362.77,370.86,545.11,386.15,451.15,444.93
519,OK,98,56,710,710,363.91,370.02,545.9,386.65,451.7,445.06
520,OK,97,56,712,712,363.76,369.92,546.34,386.18,451.29,446.53
521,OK,99,58,709,709,364.41,370.24,546.2,387.08,451.49,446.53
522,OK,98,57,710,710,364.13,370.38,546.26,386.59,452.1,445.99
523,OK,97,56,713,713,363.8,370.68,546.66,387.51,451.65,445.69
524,OK,97,56,713,713,363.39,370.82,546.33,386.83,452.22,446.21
525,OK,97,54,714,714,364.09,369.69,547.26,386.49,452.69,444.77
526,OK,98,56,712,712,365.08,372.52,547.55,389.63,453.55,444.67
527,OK,100,59,710,710,364.95,376.8,546.99,393.99,455.0,444.09
528,OK,99,58,710,710,364.66,373.76,546.82,390.6,452.28,444.59
529,OK,101,59,709,709,365.66,372.32,547.51,389.85,453.48,445.89
530,OK,101,58,709,709,365.91,371.91,547.76,389.95,453.83,443.94
531,OK,99,55,715,715,367.14,371.27,550.23,390.43,454.8,444.81
532,OK,97,54,717,717,365.81,371.12,549.58,390.31,454.18,444.21
533,OK,100,56,713,713,367.18,371.56,549.68,391.14,455.11,443.62
534,OK,97,53,716,716,366.04,371.56,549.41,390.71,453.97,441.63
535,OK,97,53,718,718,365.81,371.6,549.82,390.68,454.61,444.26
536,OK,97,53,718,718,366.22,371.29,550.05,390.28,454.17,443.67
537,OK,97,54,717,717,366.19,370.84,549.78,390.15,453.63,443.83
538,OK,98,55,715,715,366.06,371.45,549.31,389.83,453.69,444.24
539,OK,97,57,714,714,365.67,374.87,548.64,393.89,452.43,445.19
540,OK,99,57,712,712,365.77,373.8,548.35,391.95,453.01,444.11
541,OK,98,55,713,713,364.49,371.41,547.35,387.67,452.88,442.67
542,OK,98,54,715,715,364.96,370.21,548.45,386.64,454.12,445.04
543,OK,97,54,716,716,365.8,369.5,549.5,386.61,453.97,446.05
544,OK,98,54,714,714,365.87,369.6,548.84,387.03,454.46,444.86
545,OK,96,51,721,721,365.53,370.37,550.36,387.85,454.58,444.42
546,OK,97,53,716,716,365.21,370.69,548.72,388.28,453.85,443.95
547,OK,96,52,721,721,364.63,370.94,549.61,387.59,454.88,445.6
548,OK,95,50,723,723,364.98,370.54,550.36,387.94,454.52,444.61
549,OK,95,51,722,722,364.59,371.0,549.74,387.17,455.58,445.92
550,OK,92,49,726,726,364.05,370.47,550.19,387.09,454.42,445.72
551,OK,93,51,725,725,364.35,372.01,550.23,390.33,453.7,446.33
552,OK,92,50,726,726,364.74,372.02,550.73,390.9,453.22,446.28
553,OK,91,50,726,726,363.63,372.5,549.67,390.3,452.72,446.42
554,OK,94,53,723,723,364.67,373.57,550.09,392.01,453.76,446.87
555,OK,92,51,726,726,364.66,372.78,550.73,391.22,454.13,446.72
556,OK,95,53,723,723,365.38,373.14,550.82,391.43,454.53,447.41
557,OK,94,53,724,724,364.75,373.95,550.28,392.13,454.81,447.59
558,OK,94,53,722,722,364.87,372.89,550.01,391.7,453.28,446.72
559,OK,93,52,724,724,364.42,373.54,549.88,392.37,453.87,446.75
560,OK,92,52,727,727,364.46,372.86,550.68,391.94,453.4,448.24
561,OK,93,51,726,726,365.33,372.26,551.32,391.27,454.62,447.16
562,OK,92,51,726,726,364.65,372.87,550.72,391.41,453.87,447.5
563,OK,94,54,723,723,364.85,373.76,550.26,391.77,453.44,447.32
564,OK,94,54,723,723,365.42,373.0,550.68,391.63,453.65,448.38
565,OK,91,50,728,728,364.77,373.6,551.32,391.87,453.67,447.2
566,OK,92,52,727,727,364.79,373.48,551.16,392.46,452.59,448.79
567,OK,89,51,734,734,363.39,377.97,551.91,392.68,454.9,452.64
568,OK,92,58,731,731,364.62,379.07,551.94,397.08,455.77,459.77
569,OK,92,58,729,729,365.89,373.56,552.56,393.48,453.63,462.03
570,OK,93,57,729,729,365.75,373.46,552.77,390.42,456.29,461.23
571,OK,93,62,723,723,364.18,378.13,549.57,395.42,451.89,460.55
572,OK,90,58,731,731,365.02,375.78,552.46,392.3,453.24,463.52
573,OK,92,56,729,729,365.04,373.91,552.1,389.94,454.45,458.72
574,OK,91,57,726,726,364.31,375.48,550.55,392.49,451.28,457.83
575,OK,89,52,734,734,364.78,370.53,553.0,387.25,454.33,459.39
576,OK,88,52,737,737,364.31,370.97,553.16,389.12,453.33,461.43
577,OK,90,57,731,731,364.22,374.44,551.75,391.3,453.8,461.35
578,OK,92,54,732,732,366.91,366.87,554.44,385.42,455.69,464.45
579,OK,92,51,735,735,368.14,364.16,556.4,384.32,457.03,463.19
580,OK,92,52,733,733,367.32,365.56,555.16,384.06,455.64,462.47
581,OK,94,53,731,731,367.53,365.31,554.84,383.61,456.83,462.56
582,OK,89,54,735,735,364.49,372.78,552.98,389.94,454.4,460.88
583,OK,92,57,733,733,365.95,375.05,554.01,391.22,457.12,463.4
584,OK,89,49,738,738,367.96,367.7,556.97,387.43,455.16,459.99
585,OK,89,47,740,740,368.36,365.96,557.88,385.48,456.31,458.38
586,OK,88,50,736,736,366.93,370.47,555.47,390.8,452.45,455.7
587,OK,91,54,733,733,366.15,372.87,553.82,392.71,454.13,457.69
588,OK,94,51,736,736,370.12,367.49,558.75,387.31,459.57,461.93
589,OK,95,54,730,730,369.39,367.09,556.38,385.49,458.12,463.12
590,OK,97,53,731,731,371.24,364.15,558.45,384.35,460.45,462.11
591,OK,98,52,731,731,371.44,364.07,558.6,383.62,461.12,461.75
592,OK,91,46,743,743,370.81,365.82,560.95,388.54,458.44,457.82
593,OK,91,44,743,743,371.33,365.07,561.32,387.89,458.66,454.39
594,OK,93,47,738,738,371.53,365.07,560.27,386.65,458.47,457.55
595,OK,95,48,735,735,372.04,365.16,560.12,386.18,459.05,455.76
596,OK,91,53,730,730,366.42,372.54,553.37,392.14,453.91,455.51
597,OK,92,48,736,736,369.16,366.99,557.56,387.29,457.84,456.33
598,OK,97,52,729,729,370.74,363.75,557.57,383.29,459.11,459.06
599,OK,97,51,730,730,370.79,363.25,557.81,383.03,460.2,460.02
600,OK,96,49,733,733,370.86,362.93,558.5,383.11,460.63,457.83
601,OK,96,49,733,733,370.84,362.68,558.5,383.15,459.78,457.76
602,OK,97,47,733,733,371.85,361.73,559.6,382.45,461.24,454.92
603,OK,92,42,741,741,371.12,363.49,560.78,384.3,459.91,451.2
604,OK,94,44,736,736,371.25,365.69,559.75,386.1,459.11,450.01
605,OK,92,44,739,739,370.47,365.61,559.63,385.73,457.23,451.95
606,OK,91,45,738,738,369.88,365.2,558.95,384.73,457.53,453.32
607,OK,91,44,739,739,369.07,366.57,558.37,385.69,457.66,450.81
608,OK,92,47,735,735,367.96,368.18,556.33,386.11,456.06,452.0
609,OK,90,44,738,738,367.6,367.65,556.95,385.39,457.01,450.85
610,OK,91,44,736,736,367.7,366.98,556.36,385.27,456.69,448.9
611,OK,94,46,733,733,369.07,366.26,556.88,385.75,457.27,449.67
612,OK,94,46,732,732,368.77,366.07,556.5,384.26,459.04,449.91
613,OK,95,48,731,731,369.49,366.78,556.67,386.57,458.23,450.8
614,OK,92,45,735,735,368.67,365.87,556.84,386.38,455.63,449.34
615,OK,94,46,733,733,369.37,367.17,557.15,385.81,458.22,448.94
616,OK,93,45,733,733,367.56,366.35,555.43,384.31,457.34,448.25
617,OK,91,44,734,734,368.12,364.33,555.98,384.44,455.44,448.08
618,OK,92,45,732,732,368.17,365.15,555.71,383.95,455.39,448.62
619,OK,93,46,731,731,367.51,365.76,554.97,384.14,455.98,448.14
620,OK,92,46,730,730,367.15,366.47,554.28,384.15,454.99,447.57
621,OK,93,46,731,731,367.58,366.32,554.99,384.95,455.8,447.95
622,OK,93,47,728,728,367.02,366.97,553.88,383.64,455.09,447.24
623,OK,93,47,728,728,366.54,367.95,553.47,383.11,455.81,447.77
624,OK,93,45,730,730,367.21,367.42,554.55,383.97,456.68,445.73
625,OK,93,46,729,729,366.43,367.94,553.62,383.54,455.14,446.01
626,OK,93,46,729,729,366.44,368.48,553.54,384.36,455.1,444.82
627,OK,93,46,730,730,367.28,368.21,554.65,384.87,456.9,445.63
628,OK,92,46,731,731,366.05,369.17,553.55,385.17,455.63,445.04
629,OK,91,45,731,731,365.03,369.27,552.46,385.93,453.43,444.39
630,OK,91,45,730,730,365.24,369.35,552.42,385.82,454.1,443.98
631,OK,88,44,735,735,364.07,370.56,552.67,385.9,453.6,445.37
632,OK,87,43,736,736,364.04,369.33,552.93,385.36,453.27,444.91
633,OK,88,43,736,736,363.9,370.39,552.86,386.26,454.03,445.55
634,OK,88,44,734,734,363.98,370.28,552.46,385.65,453.51,445.95
635,OK,91,47,731,731,364.49,371.05,552.15,386.49,454.3,447.03
636,OK,92,47,731,731,365.55,369.91,553.03,386.2,456.0,446.31
637,OK,91,46,733,733,364.53,370.44,552.8,385.98,455.71,446.43
638,OK,92,47,731,731,364.92,371.0,552.67,386.55,455.66,446.94
639,OK,90,46,734,734,364.93,370.76,553.34,386.89,456.81,447.84
640,OK,93,48,731,731,365.47,370.53,553.05,387.34,456.84,447.94
641,OK,93,49,728,728,364.72,370.61,551.6,386.94,456.3,447.84
642,OK,91,47,732,732,364.76,370.64,552.55,387.7,455.44,448.24
643,OK,91,47,732,732,364.94,370.18,552.78,387.46,455.6,448.83
644,OK,91,48,732,732,364.56,371.42,552.3,387.73,455.68,449.18
645,OK,90,47,733,733,363.99,371.32,552.01,387.94,455.11,448.14
646,OK,89,46,733,733,363.63,371.3,551.59,387.86,454.17,446.36
647,OK,89,47,733,733,363.34,372.08,551.61,387.79,454.14,446.72
648,OK,88,46,732,732,361.27,373.01,549.3,386.61,453.19,445.06
649,OK,87,45,732,732,360.72,371.95,548.67,385.75,452.74,444.8
650,OK,88,46,731,731,361.0,371.23,548.69,385.76,452.83,445.2
651,OK,87,46,728,728,360.95,370.64,547.82,385.96,449.46,442.08
652,OK,87,45,726,726,360.55,369.73,546.84,385.44,446.93,440.08
653,OK,86,44,726,726,359.99,367.97,546.26,384.41,446.31,437.93
654,OK,89,46,723,723,361.0,367.62,546.61,384.06,446.38,439.55
655,OK,89,47,721,721,361.36,367.24,546.23,385.0,445.22,438.82
656,OK,90,48,719,719,362.45,366.06,546.61,384.69,444.75,439.79
657,OK,88,47,721,721,361.65,365.8,546.51,384.48,443.34,439.46
658,OK,91,49,716,716,362.64,366.03,546.04,384.99,444.36,439.34
659,OK,92,50,715,715,363.55,365.35,546.59,384.74,444.34,440.71
660,OK,93,51,713,713,363.06,365.92,545.86,384.06,444.75,439.86
661,OK,96,56,705,705,360.56,375.25,541.6,388.99,446.41,435.52
662,OK,90,51,714,714,358.95,373.86,542.37,388.41,444.94,435.84
663,OK,89,50,718,718,359.28,372.45,543.41,389.2,445.16,438.21
664,OK,89,49,720,720,360.06,369.92,544.83,385.87,446.59,440.89
665,OK,90,48,721,721,361.16,368.46,546.17,384.7,447.71,441.29
666,OK,90,47,722,722,361.74,367.47,546.98,383.73,449.23,442.19
667,OK,89,46,723,723,361.39,366.81,546.99,381.98,447.65,440.57
668,OK,90,48,722,722,361.6,368.8,546.81,384.55,449.12,442.9
669,OK,89,50,720,720,359.05,372.7,544.0,386.08,447.46,440.74
670,OK,87,41,728,728,362.12,363.22,548.82,379.26,448.29,440.42
671,OK,88,42,727,727,362.13,362.02,548.77,377.67,448.43,442.15
672,OK,89,43,725,725,362.67,362.46,548.86,377.5,447.23,441.29
673,OK,91,47,718,718,362.68,361.46,547.05,377.34,447.11,442.97
674,OK,91,55,711,711,357.62,372.93,540.43,384.49,444.37,441.3
675,OK,92,54,710,710,359.03,373.42,541.57,386.08,445.65,438.57
676,OK,92,50,716,716,361.69,367.83,545.66,381.99,447.87,442.27
677,OK,95,51,710,710,363.0,364.85,545.36,379.76,447.14,441.59
678,OK,94,49,712,712,362.97,362.36,545.74,376.32,447.29,442.37
679,OK,92,45,721,721,363.24,360.38,548.3,374.35,449.92,443.38
680,OK,94,47,714,714,362.81,360.96,546.27,374.7,447.47,441.28
681,OK,92,47,719,719,362.16,360.61,546.84,375.98,448.03,444.24
682,OK,88,43,724,724,360.95,359.14,546.71,375.27,446.96,444.25
683,OK,90,50,717,717,359.4,368.79,543.53,383.18,446.5,440.72
684,OK,90,50,716,716,359.09,369.66,543.06,382.77,446.88,441.28
685,OK,94,50,715,715,362.64,365.81,546.09,381.97,448.0,440.71
686,OK,94,49,714,714,363.26,363.65,546.59,378.83,448.8,442.24
687,OK,93,48,714,714,362.6,363.13,545.91,378.55,447.43,440.89
688,OK,94,50,713,713,362.53,363.21,545.53,378.08,446.03,442.39
689,OK,92,47,716,716,362.51,362.23,546.23,377.45,445.66,441.09
690,OK,93,49,715,715,362.47,362.33,546.0,377.2,446.57,442.47
691,OK,93,47,716,716,362.9,361.56,546.86,375.98,447.48,441.86
692,OK,94,49,714,714,363.26,362.12,546.64,376.25,447.15,442.98
693,OK,93,48,715,715,362.89,361.09,546.37,377.17,446.6,442.83
694,OK,89,44,722,722,361.41,358.24,546.59,374.71,446.79,444.31
695,OK,88,43,723,723,360.95,355.81,546.35,373.27,445.39,444.17
696,OK,87,43,724,724,360.12,357.71,545.95,373.36,446.24,444.98
697,OK,88,43,725,725,361.28,358.68,547.41,373.83,446.76,444.79
698,OK,91,46,721,721,362.35,359.46,547.56,373.93,447.07,445.82
699,OK,91,45,720,720,362.78,359.45,547.71,374.01,448.65,445.26
700,OK,89,44,722,722,361.55,359.84,546.97,373.97,446.77,444.63
701,OK,91,45,721,721,361.91,360.09,547.02,375.15,448.03,444.29
702,OK,89,44,722,722,361.71,359.25,547.09,375.15,446.33,442.94
703,OK,93,49,716,716,362.45,365.06,546.14,380.78,447.91,442.55
704,OK,93,49,717,717,362.86,364.85,546.95,380.49,447.62,441.57
705,OK,91,47,720,720,363.17,364.87,548.0,380.96,448.11,441.32
706,OK,92,48,719,719,363.24,365.16,547.66,381.51,448.2,442.13
707,OK,93,50,715,715,362.53,365.65,545.87,381.68,447.33,441.5
708,OK,93,50,714,714,362.33,366.38,545.47,383.02,447.38,440.93
709,OK,94,51,714,714,362.78,366.3,546.06,382.93,448.44,441.42
710,OK,93,50,716,716,362.54,366.82,546.15,383.0,448.82,441.64
711,OK,94,51,713,713,362.12,366.67,545.17,381.98,446.93,441.6
712,OK,93,49,717,717,362.35,365.92,546.21,382.39,448.0,441.63
713,OK,91,47,718,718,362.45,365.69,546.66,382.55,447.07,439.25
714,OK,92,49,716,716,362.0,365.64,545.71,382.37,446.73,440.2
715,OK,91,48,718,718,362.26,365.51,546.29,384.08,447.59,441.15
716,OK,91,49,719,719,362.45,364.9,546.8,383.38,447.23,442.34
717,OK,93,51,713,713,362.0,366.83,544.84,383.46,445.7,440.25
718,OK,93,49,717,717,362.77,365.91,546.63,382.83,447.87,440.84
719,OK,94,50,713,713,362.9,365.7,545.66,382.52,446.87,438.94
720,OK,94,50,714,714,362.52,366.32,545.71,382.49,448.07,439.8
721,OK,93,49,715,715,362.38,365.99,545.75,383.31,446.44,439.33
722,OK,93,49,715,715,362.23,366.03,545.76,381.99,447.12,438.48
723,OK,96,51,711,711,363.06,366.75,545.59,382.2,447.88,438.69
724,OK,93,48,717,717,363.17,365.8,547.11,381.32,448.25,439.91
725,OK,93,48,717,717,362.85,365.98,546.82,381.43,447.4,438.89
726,OK,92,48,716,716,361.97,365.93,545.7,380.95,447.96,439.96
727,OK,93,48,717,717,362.47,365.73,546.37,381.9,448.49,439.47
728,OK,92,48,719,719,361.98,366.07,546.45,382.67,447.95,440.37
729,OK,91,48,716,716,361.98,366.22,545.63,382.94,445.88,439.35
730,OK,92,48,717,717,361.89,366.34,545.89,382.53,447.2,439.56
731,OK,91,48,718,718,361.06,366.37,545.49,381.4,446.81,441.63
732,OK,91,49,717,717,360.99,366.68,544.96,381.38,446.52,441.51
733,OK,91,48,719,719,361.66,366.02,546.15,382.39,447.3,441.11
734,OK,88,46,722,722,360.32,366.46,545.62,381.99,446.75,440.73
735,OK,91,48,719,719,361.06,365.93,545.59,382.0,447.09,441.56
736,OK,92,50,717,717,361.63,365.29,545.51,383.12,447.15,442.56
737,OK,89,46,722,722,360.37,366.3,545.58,382.8,447.25,441.37
738,OK,90,47,720,720,361.37,366.57,546.01,382.63,446.6,441.24
739,OK,89,47,721,721,360.01,366.44,545.13,382.21,445.43,440.45
740,OK,90,47,721,721,361.32,365.57,546.19,382.2,446.89,441.29
741,OK,90,48,720,720,361.07,366.22,545.7,382.7,446.76,441.98
742,OK,89,47,721,721,360.45,366.35,545.57,382.15,445.45,441.41
743,OK,89,48,721,721,361.15,366.51,546.03,383.58,446.32,441.3
744,OK,92,47,718,718,362.58,365.83,546.77,382.93,447.5,439.15
745,OK,92,48,719,719,362.32,366.45,546.86,382.57,448.43,440.07
746,OK,90,48,718,718,361.3,366.48,545.61,382.64,446.35,439.91
747,OK,90,47,720,720,362.16,365.92,546.68,384.24,447.04,439.94
748,OK,91,49,716,716,361.98,366.19,545.62,383.77,445.88,440.08
749,OK,92,47,719,719,362.45,365.28,546.77,383.07,447.92,439.55
750,OK,90,46,720,720,362.46,364.92,546.99,383.13,446.64,439.72
751,OK,91,47,719,719,362.2,365.56,546.5,383.43,446.24,438.99
752,OK,92,49,717,717,362.63,365.69,546.39,383.34,447.35,440.45
753,OK,95,52,711,711,362.99,366.48,545.26,383.65,447.16,439.78
754,OK,93,49,714,714,362.67,366.23,545.68,383.88,447.06,438.61
755,OK,93,49,714,714,362.44,366.63,545.62,383.37,446.59,437.97
756,OK,94,50,712,712,363.01,366.84,545.53,384.4,446.73,437.86
757,OK,94,48,714,714,363.29,365.84,546.44,383.01,448.05,437.39
758,OK,93,49,715,715,362.88,366.17,546.25,382.86,447.15,437.83
759,OK,94,50,713,713,362.88,366.46,545.79,383.07,446.68,437.69
760,OK,93,49,714,714,362.4,365.78,545.59,382.5,447.23,437.91
761,OK,92,49,714,714,362.14,365.3,545.19,382.65,445.95,438.2
762,OK,95,51,710,710,362.92,365.6,544.99,382.48,446.68,438.94
763,OK,94,50,713,713,362.19,366.33,545.11,381.99,446.75,439.61
764,OK,93,49,714,714,362.83,365.67,545.92,382.03,446.73,438.88
765,OK,94,51,712,712,361.35,368.65,544.22,383.88,447.73,439.07
766,OK,96,55,707,707,359.92,374.49,541.56,387.35,447.79,435.63
767,OK,93,54,709,709,359.01,372.4,541.19,386.39,444.68,438.26
768,OK,94,52,712,712,360.53,371.1,543.35,385.86,448.55,439.41
769,OK,91,50,716,716,360.47,369.19,544.35,383.58,447.33,441.02
770,OK,93,50,715,715,361.35,368.12,544.95,382.58,447.94,439.86
771,OK,92,48,717,717,361.54,367.51,545.51,382.46,446.77,438.63
772,OK,92,49,716,716,362.28,366.95,546.01,381.99,447.48,439.92
773,OK,91,48,717,717,361.83,366.49,545.89,381.96,446.08,439.21
774,OK,92,49,717,717,362.28,366.53,546.4,382.41,447.54,439.58
775,OK,91,48,718,718,361.64,366.18,545.9,381.87,446.86,440.17
776,OK,91,53,712,712,357.79,371.54,540.75,385.61,444.83,440.1
777,OK,90,51,715,715,358.32,371.52,541.97,386.11,445.03,438.91
778,OK,89,51,717,717,357.6,372.85,541.72,386.24,445.51,438.62
779,OK,90,50,717,717,358.07,372.25,542.42,385.27,445.93,438.91
780,OK,90,50,717,717,357.86,372.21,542.15,385.33,446.19,438.3
781,OK,89,49,718,718,358.6,371.17,542.96,386.28,446.8,438.05
782,OK,90,52,715,715,357.82,371.9,541.26,386.89,444.85,438.91
783,OK,90,53,713,713,357.63,371.56,540.57,387.56,444.38,438.88
784,OK,92,53,711,711,359.41,373.15,541.89,389.87,445.09,434.98
785,OK,91,51,716,716,359.72,375.15,543.34,392.2,447.89,436.13
786,OK,90,52,714,714,358.63,374.49,541.79,390.65,445.14,436.04
787,OK,90,53,712,712,357.91,372.86,540.68,388.98,443.68,438.33
788,OK,88,52,715,715,357.73,372.57,540.91,390.39,442.47,437.48
789,OK,91,55,707,707,357.03,373.12,538.47,388.88,441.41,435.97
790,OK,89,53,711,711,357.32,371.94,539.63,388.83,441.3,436.98
791,OK,90,53,711,711,357.38,371.56,539.58,388.72,441.68,437.57
792,OK,89,52,711,711,356.7,371.43,539.14,388.5,440.41,434.81
793,OK,88,51,712,712,356.97,371.7,539.65,388.68,441.16,434.94
794,OK,87,51,714,714,356.48,372.57,539.69,389.68,441.29,435.7
795,OK,88,52,713,713,357.26,371.98,539.96,389.54,441.2,435.53
796,OK,88,51,712,712,356.6,371.34,539.34,387.92,440.26,435.82
797,OK,87,50,714,714,356.88,371.54,540.02,388.9,441.48,434.83
798,OK,88,51,714,714,357.34,372.01,540.47,389.64,442.28,436.75
799,OK,88,51,717,717,357.35,371.25,541.32,388.74,442.8,438.02
800,OK,89,52,713,713,357.61,371.16,540.5,388.35,442.46,437.88
801,OK,89,52,713,713,357.46,370.7,540.29,388.02,441.47,437.73
802,OK,89,52,712,712,357.6,370.77,540.16,388.0,441.57,438.51
803,OK,89,53,710,710,357.32,370.8,539.49,387.82,441.25,437.97
804,OK,88,52,712,712,357.18,371.23,539.84,388.19,440.7,438.04
805,OK,88,52,712,712,356.37,371.45,539.03,387.67,440.77,437.32
806,OK,89,52,713,713,357.68,370.94,540.37,388.67,441.18,437.93
807,OK,88,53,713,713,356.98,371.3,540.04,387.22,441.35,438.94
808,OK,89,53,713,713,357.14,372.03,539.96,388.07,442.93,438.82
809,OK,90,54,710,710,357.81,372.35,539.9,388.84,442.56,437.63
810,OK,90,53,711,711,357.48,371.46,539.91,387.39,442.5,437.29
811,OK,90,55,708,708,357.36,371.51,538.97,387.79,441.49,438.35
812,OK,92,56,706,706,357.64,371.6,538.91,387.43,442.34,438.97
813,OK,90,54,708,708,356.78,371.4,538.47,387.15,440.81,437.77
814,OK,92,55,706,706,357.89,371.97,539.13,388.13,442.44,437.44
815,OK,89,51,712,712,357.78,371.21,540.29,388.02,441.74,436.38
816,OK,91,56,706,706,357.08,372.01,538.18,387.05,441.13,439.08
817,OK,89,54,708,708,356.53,371.27,538.15,386.64,440.66,438.19
818,OK,91,56,705,705,356.74,371.79,537.8,387.09,440.61,437.41
819,OK,92,56,705,705,357.52,371.87,538.35,387.44,441.5,438.15
820,OK,90,53,711,711,357.6,371.01,539.96,386.65,442.95,438.15
821,OK,90,55,706,706,356.88,371.16,537.96,387.39,439.44,438.26
822,OK,89,54,710,710,356.75,371.11,538.86,387.86,440.42,439.19
823,OK,90,56,707,707,356.26,371.29,537.75,387.18,439.08,439.03
824,OK,87,54,711,711,355.27,371.63,537.75,387.3,439.0,439.44
825,OK,90,56,706,706,355.85,371.8,537.14,386.87,439.6,439.16
826,OK,88,53,711,711,355.98,370.75,538.36,387.68,439.21,437.5
827,OK,89,55,709,709,356.82,371.42,538.71,388.01,439.8,439.96
828,OK,86,51,715,715,355.94,370.01,539.36,386.94,439.75,438.07
829,OK,85,51,715,715,355.14,371.15,538.69,387.13,438.81,438.49
830,OK,86,51,714,714,356.11,370.0,539.31,386.95,439.4,438.12
831,OK,83,50,718,718,354.44,371.4,538.84,387.07,439.12,440.21
832,OK,84,49,719,719,354.62,370.55,539.09,385.45,439.56,439.64
833,OK,84,51,716,716,354.47,371.22,538.35,386.87,438.73,439.29
834,OK,83,49,720,720,354.23,371.06,539.08,386.73,439.64,439.28
835,OK,82,49,719,719,353.99,370.82,538.63,385.91,437.34,438.48
836,OK,82,48,721,721,354.35,370.57,539.35,386.75,439.02,438.61
837,OK,81,48,722,722,353.37,370.89,538.83,385.65,438.6,439.77
838,OK,82,50,720,720,353.37,371.54,538.13,386.55,439.12,440.99
839,OK,81,48,722,722,353.18,371.17,538.56,386.47,438.65,439.67
840,OK,82,49,720,720,353.81,371.19,538.69,386.56,438.6,439.66
841,OK,84,51,716,716,353.98,371.57,537.8,386.37,438.87,439.08
842,OK,84,51,716,716,354.09,370.93,537.96,385.92,438.95,439.88
843,OK,85,50,717,717,354.83,370.3,538.9,385.97,439.32,438.91
844,OK,86,51,714,714,355.02,370.54,538.28,386.16,439.36,439.23
845,OK,88,53,709,709,355.35,373.43,537.51,387.17,439.44,434.13
846,OK,88,52,709,709,355.12,372.9,537.29,386.72,439.36,433.76
847,OK,91,56,702,702,355.78,373.04,536.06,386.82,438.45,435.41
848,OK,93,57,700,700,357.17,373.1,536.95,388.1,439.83,434.85
849,OK,91,55,704,704,357.26,372.63,538.02,387.64,440.09,435.73
850,OK,93,57,700,700,356.55,373.5,536.44,387.43,439.85,435.03
851,OK,94,60,697,697,356.61,373.57,535.46,387.98,438.24,435.34
852,OK,91,58,702,702,356.1,373.14,536.36,387.94,438.62,437.72
853,OK,89,56,706,706,355.95,371.07,537.1,385.75,438.82,439.73
854,OK,90,54,709,709,356.56,369.35,538.52,383.7,440.79,441.0
855,OK,90,54,708,708,356.68,368.37,538.4,382.62,440.61,440.75
856,OK,90,53,707,707,356.8,367.29,538.41,379.19,440.16,439.85
857,OK,90,52,708,708,356.51,366.81,538.5,379.01,440.88,440.31
858,OK,85,48,716,716,355.21,366.65,539.27,379.43,439.46,439.86
859,OK,84,48,716,716,354.71,367.16,538.66,380.26,439.22,439.01
860,OK,84,47,718,718,355.26,366.6,539.72,379.92,440.14,439.45
861,OK,83,45,721,721,354.03,365.97,539.34,377.15,439.73,439.68
862,OK,81,44,725,725,353.96,366.12,540.23,378.76,440.22,440.05
863,OK,82,44,725,725,354.23,365.83,540.68,377.56,441.73,440.49
864,OK,81,43,727,727,354.94,365.95,541.69,379.21,441.52,440.67
865,OK,82,44,725,725,353.71,366.71,540.07,378.99,441.12,440.79
866,OK,83,45,722,722,354.38,366.61,539.97,379.35,441.17,439.79
867,OK,83,45,723,723,354.39,366.72,540.13,379.22,440.88,440.89
868,OK,84,46,721,721,354.87,367.28,540.25,379.43,441.66,439.92
869,OK,83,45,725,725,354.88,366.65,541.1,380.11,442.04,440.65
870,OK,83,46,723,723,354.78,367.77,540.42,381.54,440.58,440.71
871,OK,84,47,721,721,355.31,367.67,540.39,381.74,440.55,439.9
872,OK,82,50,718,718,353.67,369.99,538.09,385.33,437.97,441.0
873,OK,83,51,716,716,352.69,371.83,536.57,385.25,438.14,440.69
874,OK,83,50,717,717,352.77,370.94,536.98,385.32,437.87,438.63
875,OK,81,48,720,720,353.29,370.2,538.17,385.23,437.98,440.02
876,OK,83,49,718,718,354.01,370.55,538.24,385.46,438.8,439.66
877,OK,87,54,710,710,354.3,371.37,536.68,385.41,440.11,440.48
878,OK,85,51,715,715,354.28,370.59,537.79,385.54,438.35,439.9
879,OK,87,54,711,711,355.05,371.06,537.54,386.27,438.71,439.8
880,OK,87,53,711,711,355.51,370.01,537.92,385.75,438.03,439.76
881,OK,86,52,713,713,354.84,370.72,537.94,385.91,437.74,438.96
882,OK,87,55,708,708,354.26,370.96,536.16,385.41,437.45,439.94
883,OK,88,54,709,709,355.25,370.23,537.23,385.58,439.25,439.22
884,OK,88,55,708,708,354.72,370.75,536.61,385.38,438.67,440.13
885,OK,87,54,710,710,354.3,371.18,536.61,385.58,438.8,439.8
886,OK,87,54,709,709,353.85,371.39,535.97,385.51,438.46,439.48
887,OK,86,52,710,710,353.28,371.43,535.61,384.6,438.61,437.72
888,OK,86,53,710,710,352.64,371.75,535.18,384.32,438.3,438.09
889,OK,83,50,714,714,352.52,370.69,535.97,384.08,437.15,437.88
890,OK,84,51,712,712,352.03,371.51,534.93,384.7,436.75,436.99
891,OK,84,50,712,712,352.78,371.64,535.58,386.29,436.41,434.74
892,OK,85,52,711,711,352.54,372.37,535.19,385.48,437.95,435.11
893,OK,82,48,717,717,351.48,372.02,535.68,385.66,436.48,434.59
894,OK,83,49,714,714,351.97,372.03,535.37,386.03,436.53,434.65
895,OK,83,50,714,714,351.71,372.32,535.08,385.71,437.36,435.1
896,OK,84,51,711,711,351.8,372.18,534.41,385.28,436.64,434.91
897,OK,82,48,714,714,351.94,371.62,535.22,385.29,436.41,433.41
898,OK,83,48,716,716,352.28,372.44,536.24,385.82,438.36,434.53
899,OK,82,48,717,717,351.63,372.23,535.73,386.24,436.72,434.18
900,OK,83,50,713,713,351.72,372.08,534.8,385.05,436.01,434.91
901,OK,86,53,709,709,352.73,371.83,534.87,385.43,436.97,436.79
902,OK,85,53,709,709,352.21,371.82,534.43,384.91,436.27,435.74
903,OK,84,52,710,710,351.83,372.32,534.24,385.32,436.11,435.99
904,OK,86,53,709,709,352.97,371.43,534.96,385.2,437.55,437.45
905,OK,86,53,708,708,353.2,371.76,535.15,385.0,437.43,436.57
906,OK,86,54,709,709,352.61,372.34,534.82,384.95,437.29,437.91
907,OK,86,54,708,708,352.85,372.33,534.82,384.65,437.26,437.6
908,OK,84,52,710,710,351.9,372.24,534.26,385.45,436.04,436.38
909,OK,83,51,713,713,351.52,372.59,534.61,385.79,435.44,434.98
910,OK,84,52,711,711,351.31,372.25,533.93,385.55,435.81,435.12
911,OK,82,49,715,715,351.72,372.05,535.24,386.1,436.48,434.77
912,OK,84,50,713,713,351.81,372.47,535.0,386.34,437.01,433.78
913,OK,83,49,714,714,351.56,372.79,534.9,385.47,436.94,434.54
914,OK,80,47,716,716,350.95,371.89,534.9,385.39,435.01,433.32
915,OK,83,50,712,712,351.38,373.06,534.24,385.95,435.8,434.13
916,OK,83,49,715,715,351.73,372.43,535.24,386.59,436.8,433.47
917,OK,86,51,711,711,354.76,372.45,537.07,390.45,437.54,431.6
918,OK,83,47,716,716,354.04,372.69,537.66,389.66,437.07,430.08
919,OK,84,47,716,716,354.73,372.35,538.25,389.48,438.97,429.9
920,OK,86,52,708,708,353.35,373.03,535.17,388.43,435.8,432.94
921,OK,84,51,713,713,352.16,373.03,535.3,387.67,436.62,434.95
922,OK,83,51,715,715,352.69,372.7,536.2,387.74,436.85,435.95
923,OK,83,48,715,715,353.17,373.49,536.56,389.06,436.53,430.3
924,OK,84,49,714,714,353.46,372.66,536.65,387.92,437.97,432.67
925,OK,82,49,716,716,352.36,372.44,536.08,386.99,436.96,435.28
926,OK,82,47,718,718,352.32,371.99,536.69,386.61,437.56,433.82
927,OK,82,46,719,719,352.92,369.72,537.4,385.71,437.62,433.19
928,OK,81,46,718,718,351.87,371.13,536.18,385.33,437.85,433.5
929,OK,83,48,717,717,351.66,369.73,535.97,382.35,438.83,437.19
930,OK,82,46,718,718,352.6,369.24,537.11,383.04,438.0,435.2
931,OK,88,48,708,708,355.43,371.56,537.02,388.63,437.83,425.74
932,OK,86,50,708,708,354.58,371.15,536.24,387.24,436.21,430.76
933,OK,84,50,712,712,352.42,371.53,535.32,385.26,436.64,434.86
934,OK,84,50,712,712,352.38,370.64,535.27,385.05,436.5,435.15
935,OK,85,49,713,713,352.9,369.3,536.18,382.61,438.14,435.85
936,OK,81,45,720,720,352.13,369.63,537.05,383.63,437.83,435.12
937,OK,81,47,718,718,351.59,370.24,535.99,382.8,437.91,435.76
938,OK,83,49,715,715,352.07,370.55,535.76,384.44,437.51,435.11
939,OK,81,49,715,715,350.92,372.08,534.61,385.89,435.09,433.55
940,OK,81,48,717,717,350.64,372.6,534.88,386.2,436.08,433.96
941,OK,81,49,716,716,350.19,372.84,534.15,385.96,436.01,435.28
942,OK,81,49,715,715,350.53,372.57,534.18,386.89,434.94,433.67
943,OK,81,46,718,718,352.51,373.78,536.79,389.53,437.24,429.78
944,OK,84,48,717,717,353.43,374.27,537.38,390.62,438.8,430.56
945,OK,86,50,710,710,354.81,372.49,536.82,389.33,437.8,430.5
946,OK,86,51,711,711,353.83,373.95,536.37,389.82,437.61,430.52
947,OK,84,51,713,713,353.35,373.63,536.19,389.84,436.68,433.25
948,OK,80,47,718,718,351.59,371.32,535.77,387.56,435.71,432.57
949,OK,79,45,720,720,351.07,370.38,535.93,385.95,434.56,432.89
950,OK,79,46,718,718,350.8,371.21,535.17,385.41,433.82,433.28
951,OK,80,48,717,717,351.03,370.91,535.06,386.27,434.77,433.45
952,OK,82,49,714,714,351.32,372.17,534.78,385.78,436.48,433.2
953,OK,85,50,711,711,353.0,371.44,535.51,386.77,435.8,432.59
954,OK,84,51,711,711,352.23,372.07,534.86,386.28,435.77,434.38
955,OK,84,51,711,711,352.12,373.1,534.69,386.53,436.3,432.95
956,OK,85,51,709,709,352.55,371.37,534.52,386.09,436.21,432.93
957,OK,86,53,707,707,352.4,371.47,533.91,385.14,436.04,435.25
958,OK,85,53,709,709,352.37,371.71,534.46,386.11,435.9,436.08
959,OK,84,51,711,711,352.03,372.68,534.72,386.43,436.42,434.18
960,OK,86,53,708,708,352.83,371.62,534.54,385.89,436.79,435.36
961,OK,85,52,709,709,352.8,371.72,534.91,386.54,435.95,433.22
962,OK,83,50,712,712,351.29,371.63,534.16,385.59,435.6,433.6
963,OK,84,52,709,709,351.67,372.07,533.68,386.39,435.03,433.07
964,OK,84,50,711,711,351.48,372.05,534.19,386.16,435.44,431.68
965,OK,84,49,710,710,351.85,371.64,534.04,386.09,435.95,430.81
966,OK,83,49,712,712,351.57,372.25,534.36,386.22,435.57,430.89
967,OK,83,49,713,713,351.24,372.07,534.43,386.0,436.69,431.94
968,OK,84,51,709,709,350.94,372.0,533.18,385.49,435.27,431.99
969,OK,84,50,710,710,351.58,371.7,533.98,385.84,435.28,432.2
970,OK,84,50,711,711,351.47,371.21,534.15,385.25,435.23,433.68
971,OK,83,51,713,713,351.82,372.65,534.8,387.41,436.51,434.58
972,OK,85,51,711,711,352.36,372.21,534.93,386.55,436.59,433.57
973,OK,83,49,715,715,352.77,371.67,536.18,387.81,436.46,434.22
974,OK,82,49,717,717,352.34,375.17,536.42,391.12,437.43,431.96
975,OK,83,50,715,715,353.28,373.19,536.76,390.17,436.85,432.75
976,OK,81,49,717,717,351.21,372.61,535.31,387.03,436.62,435.96
977,OK,80,48,719,719,350.6,372.09,535.28,386.52,435.99,435.53
978,OK,81,49,716,716,351.21,372.03,535.17,386.56,435.6,435.15
979,OK,83,50,713,713,351.83,372.48,534.94,387.24,435.79,433.94
980,OK,84,51,710,710,351.86,372.14,534.1,386.71,435.42,433.54
981,OK,80,47,716,716,350.04,371.69,533.92,385.45,434.68,432.98
982,OK,82,49,712,712,350.74,371.48,533.51,385.6,434.49,432.62
983,OK,84,51,711,711,351.33,371.19,533.89,385.4,435.45,434.69
984,OK,82,49,717,717,351.16,370.37,535.23,384.84,436.95,437.05
985,OK,81,49,716,716,351.15,370.97,535.09,385.0,436.75,437.78
986,OK,83,48,714,714,351.93,368.73,535.26,383.57,436.81,434.17
987,OK,83,48,715,715,351.98,368.8,535.53,383.36,437.57,435.36
988,OK,83,48,715,715,352.41,368.82,535.84,385.24,437.58,433.79
989,OK,82,46,716,716,351.67,368.06,535.34,383.75,436.8,433.18
990,OK,84,47,712,712,352.25,367.94,534.85,383.7,437.69,431.79
991,OK,82,45,715,715,351.41,366.52,534.83,381.88,436.56,429.81
992,OK,83,44,714,714,352.48,364.98,535.61,382.07,436.1,428.91
993,OK,83,43,712,712,351.99,364.45,534.7,380.13,435.95,427.29
994,OK,84,45,711,711,351.45,365.17,533.91,380.5,435.75,427.37
995,OK,82,44,713,713,350.6,365.23,533.6,379.38,434.79,427.82
996,OK,81,42,714,714,351.15,364.34,534.44,378.1,435.15,427.12
997,OK,85,45,709,709,352.97,363.93,534.84,379.65,435.03,427.01
998,OK,83,44,712,712,352.99,363.36,535.56,379.96,434.46,428.79
999,OK,87,47,704,704,354.14,363.55,534.77,380.41,434.61,427.17
1000,OK,86,45,706,706,354.08,363.37,535.18,381.1,434.2,425.55
1001,OK,85,45,708,708,353.13,363.62,534.79,380.47,434.78,426.92
1002,OK,85,45,708,708,353.65,363.79,535.12,380.9,434.56,427.05
1003,OK,83,42,712,712,352.96,363.28,535.4,380.72,433.98,425.17
1004,OK,82,43,713,713,352.1,363.8,535.09,379.92,434.4,426.3
1005,OK,82,43,713,713,351.56,364.78,534.53,380.84,433.85,425.91
1006,OK,82,45,712,712,351.29,365.66,534.09,380.36,435.13,429.73
1007,OK,79,40,718,718,350.63,364.94,534.75,380.99,434.27,426.94
1008,OK,82,44,713,713,351.08,365.15,534.08,381.6,433.47,428.59
1009,OK,81,45,714,714,350.26,367.34,533.59,381.33,434.92,431.27
1010,OK,81,47,715,715,349.96,369.0,533.51,384.3,434.6,431.84
1011,OK,79,45,718,718,349.79,369.1,534.03,384.21,435.03,432.71
1012,OK,79,47,717,717,349.45,369.92,533.48,384.55,433.99,433.45
1013,OK,81,49,714,714,350.12,370.17,533.35,385.18,435.28,435.5
1014,OK,80,47,717,717,349.67,370.34,533.71,385.37,435.15,433.3
1015,OK,81,49,714,714,349.09,371.24,532.56,385.64,435.22,434.5
1016,OK,78,46,718,718,349.28,370.14,533.66,385.42,434.11,434.09
1017,OK,78,45,721,721,348.95,370.11,533.95,385.75,435.16,433.71
1018,OK,77,44,722,722,348.78,370.57,534.14,385.29,434.65,433.95
1019,OK,77,46,720,720,348.64,371.07,533.51,386.32,434.18,434.03
1020,OK,80,49,715,715,349.43,371.23,533.0,386.92,433.24,433.6
1021,OK,79,49,715,715,349.07,370.17,532.67,385.95,433.03,433.99
1022,OK,77,45,721,721,348.52,369.98,533.59,386.2,433.87,433.65
1023,OK,78,44,721,721,349.38,367.7,534.37,383.26,435.23,433.22
1024,OK,82,46,715,715,350.11,367.36,533.93,380.17,437.24,433.38
1025,OK,83,50,708,708,349.92,371.58,531.94,384.44,434.69,430.11
1026,OK,83,49,711,711,351.31,369.79,533.96,384.68,435.34,431.12
1027,OK,84,49,711,711,350.77,370.69,533.42,384.49,437.29,431.0
1028,OK,83,47,714,714,351.75,370.35,535.03,384.46,438.09,432.14
1029,OK,86,51,709,709,351.1,370.94,533.01,385.57,438.92,431.84
1030,OK,81,43,719,719,350.21,366.3,535.12,377.08,438.1,434.1
1031,OK,82,45,718,718,351.46,365.06,536.13,376.64,439.37,437.22
1032,OK,84,46,715,715,352.73,363.0,536.36,375.76,437.96,436.72
1033,OK,85,46,715,715,352.43,363.04,536.36,372.93,440.9,438.42
1034,OK,82,42,720,720,353.21,362.46,538.2,375.98,439.4,435.99
1035,OK,85,44,715,715,354.22,361.7,537.73,376.45,438.18,434.6
1036,OK,84,45,715,715,353.68,363.32,537.21,379.15,436.82,433.04
1037,OK,84,45,714,714,353.64,363.15,536.83,379.61,437.17,433.32
1038,OK,83,45,715,715,352.8,363.91,536.22,379.71,436.38,433.05
1039,OK,81,45,716,716,351.8,364.0,535.46,379.73,435.38,434.4
1040,OK,81,43,718,718,351.95,364.15,536.23,379.36,436.15,433.94
1041,OK,83,46,715,715,352.64,365.65,536.22,380.38,437.03,433.32
1042,OK,81,44,719,719,351.9,364.94,536.39,380.33,436.68,434.02
1043,OK,82,45,717,717,352.36,365.27,536.32,381.33,436.99,434.36
1044,OK,82,43,718,718,351.98,370.09,536.29,385.53,437.89,427.71
1045,OK,77,40,723,723,350.83,367.33,536.3,385.09,434.09,426.28
1046,OK,81,46,717,717,350.93,369.83,534.98,385.89,436.31,431.6
1047,OK,79,43,722,722,350.57,368.96,535.92,384.34,437.03,432.06
1048,OK,80,45,719,719,351.11,368.61,535.52,384.43,436.29,432.02
1049,OK,79,44,720,720,350.22,369.75,535.16,384.46,435.44,431.05
1050,OK,80,46,718,718,349.89,371.14,534.32,384.3,435.92,432.57
1051,OK,79,45,718,718,349.01,371.65,533.53,383.82,435.31,431.35
1052,OK,84,49,712,712,352.1,374.53,534.8,390.27,436.77,428.74
1053,OK,83,48,712,712,351.19,373.62,534.15,387.9,436.47,429.23
1054,OK,81,48,714,714,350.12,373.04,533.42,386.72,435.51,430.44
1055,OK,81,48,715,715,349.48,372.27,533.22,385.5,436.18,432.32
1056,OK,82,50,712,712,349.73,372.64,532.65,385.75,435.67,433.49
1057,OK,80,47,716,716,349.35,371.58,533.32,386.15,434.73,432.5
1058,OK,80,48,714,714,349.4,372.23,532.83,385.63,434.79,432.0
1059,OK,80,48,714,714,349.05,372.27,532.43,386.19,435.13,432.49
1060,OK,82,50,712,712,349.86,372.23,532.62,386.64,434.97,433.45
1061,OK,86,52,708,708,353.13,374.59,534.57,391.81,437.62,430.73
1062,OK,83,49,711,711,352.38,370.83,534.81,388.12,433.74,429.48
1063,OK,84,51,710,710,351.94,371.28,534.12,387.33,435.55,433.18
1064,OK,84,51,708,708,351.22,371.6,533.04,386.93,435.53,432.46
1065,OK,81,50,713,713,350.0,371.99,532.95,387.1,433.96,433.02
1066,OK,81,48,714,714,350.2,371.12,533.35,386.87,434.26,432.74
1067,OK,80,49,714,714,350.23,371.28,533.41,386.82,434.12,434.25
1068,OK,81,48,715,715,349.7,371.18,533.15,386.5,434.81,433.02
1069,OK,79,46,716,716,349.89,369.93,533.71,386.07,433.78,431.93
1070,OK,79,46,717,717,349.88,370.58,533.93,385.71,434.01,431.71
1071,OK,80,47,715,715,349.59,370.67,533.17,385.64,433.09,431.75
1072,OK,79,46,716,716,349.33,370.02,533.13,384.99,433.48,431.56
1073,OK,80,47,715,715,349.63,369.61,533.25,385.11,432.78,432.49
1074,OK,79,47,715,715,349.18,370.71,532.72,385.14,432.71,431.58
1075,OK,79,46,717,717,349.34,368.99,533.48,383.78,433.78,432.24
1076,OK,78,47,717,717,349.34,369.7,533.41,385.27,432.56,432.85
1077,OK,80,47,714,714,349.99,369.65,533.39,384.7,433.03,431.26
1078,OK,80,48,715,715,349.42,370.54,532.97,384.25,434.06,434.03
1079,OK,79,47,715,715,349.36,369.45,532.82,384.65,432.2,431.07
1080,OK,79,45,716,716,349.96,368.67,533.62,384.69,433.2,431.3
1081,OK,81,48,715,715,349.98,369.76,533.62,385.03,434.34,433.57
1082,OK,80,47,714,714,349.58,370.08,533.05,384.39,433.73,432.22
1083,OK,79,48,714,714,349.0,370.91,532.26,385.07,432.89,432.87
1084,OK,78,45,718,718,349.28,369.18,533.4,385.52,433.35,431.25
1085,OK,81,48,713,713,349.77,369.21,532.87,384.63,433.67,431.28
1086,OK,79,46,716,716,349.36,369.43,533.03,384.59,433.74,432.48
1087,OK,81,48,713,713,349.67,369.18,532.67,384.1,433.31,432.9
1088,OK,81,49,711,711,349.47,369.8,531.91,384.95,432.7,431.07
1089,OK,80,47,716,716,350.64,372.18,534.21,388.72,435.31,429.59
1090,OK,80,46,713,713,349.77,369.64,532.77,386.14,432.1,427.36
1091,OK,79,45,714,714,348.94,369.53,532.11,385.96,432.33,428.22
1092,OK,79,46,717,717,348.64,369.86,532.69,386.13,433.84,431.3
1093,OK,80,48,715,715,349.72,368.94,533.09,385.36,433.61,433.44
1094,OK,78,46,718,718,349.01,369.84,533.2,385.18,434.34,433.86
1095,OK,77,44,720,720,348.98,369.44,533.53,386.35,432.85,430.65
1096,OK,78,44,718,718,349.6,368.46,533.63,386.31,433.63,430.49
1097,OK,78,45,717,717,349.26,368.38,532.94,387.08,432.25,429.61
1098,OK,76,43,720,720,348.95,368.58,533.48,386.65,432.18,430.35
1099,OK,78,46,716,716,349.26,369.18,532.88,385.82,432.53,432.2
1100,OK,81,49,712,712,350.49,369.59,533.17,386.7,432.94,432.04
1101,OK,81,48,712,712,349.93,369.73,532.63,386.35,432.91,430.96
1102,OK,81,48,713,713,349.84,369.62,532.81,385.29,432.92,432.49
1103,OK,81,46,713,713,349.09,371.73,532.24,384.91,433.43,426.32
1104,OK,79,46,715,715,348.45,371.51,532.13,385.64,431.8,429.0
1105,OK,82,48,711,711,350.06,369.94,532.54,386.03,432.74,428.92
1106,OK,80,48,712,712,348.69,370.98,531.67,384.75,433.13,430.71
1107,OK,81,49,711,711,349.39,371.41,532.04,385.54,433.21,430.61
1108,OK,80,47,714,714,349.09,370.72,532.43,384.49,433.85,430.98
1109,OK,82,50,709,709,349.49,372.2,531.63,385.71,433.11,429.73
1110,OK,83,51,707,707,349.59,371.75,531.33,384.77,433.54,430.98
1111,OK,82,49,710,710,349.33,371.26,531.71,385.34,433.71,430.16
1112,OK,80,47,712,712,348.66,370.9,531.48,384.1,432.99,430.31
1113,OK,79,46,715,715,348.15,371.79,531.73,385.16,432.66,428.87
1114,OK,81,49,710,710,348.89,371.31,531.32,384.12,433.46,431.74
1115,OK,82,49,710,710,350.14,370.16,532.47,384.91,433.6,430.98
1116,OK,81,48,712,712,349.22,370.9,532.15,385.2,433.52,429.98
1117,OK,82,49,711,711,349.77,370.5,532.23,387.21,433.29,430.37
1118,OK,81,48,712,712,349.82,369.84,532.58,385.79,433.63,430.6
1119,OK,80,47,714,714,349.44,370.25,532.61,386.68,433.21,429.71
1120,OK,82,49,710,710,349.57,369.89,531.74,386.36,433.41,431.29
1121,OK,79,47,714,714,348.82,371.17,532.05,385.99,432.75,430.93
1122,OK,82,49,710,710,349.88,371.0,532.23,385.75,434.67,431.05
1123,OK,82,50,710,710,349.87,371.18,532.18,386.15,434.67,432.12
1124,OK,84,51,707,707,349.85,371.29,531.5,385.58,434.79,431.11
1125,OK,82,50,708,708,349.53,371.05,531.23,385.92,433.17,430.61
1126,OK,81,50,711,711,349.28,370.42,531.79,385.25,432.19,432.67
1127,OK,80,47,714,714,349.27,370.22,532.44,385.64,433.38,431.39
1128,OK,80,47,714,714,349.37,370.05,532.63,386.06,433.44,430.28
1129,OK,81,48,712,712,349.89,369.79,532.54,386.35,433.02,431.41
1130,OK,81,49,713,713,349.67,370.94,532.63,385.88,433.9,431.88
1131,OK,80,47,714,714,349.34,369.49,532.65,384.96,433.36,431.55
1132,OK,80,48,713,713,348.56,369.8,531.69,384.82,432.58,432.11
1133,OK,80,47,714,714,349.71,370.16,532.86,386.16,434.56,431.74
1134,OK,81,48,713,713,349.5,370.15,532.51,386.13,434.1,431.05
1135,OK,81,48,712,712,349.64,370.31,532.4,385.99,433.05,431.62
1136,OK,82,49,711,711,349.98,370.28,532.5,385.28,433.36,431.28
1137,OK,81,49,712,712,350.01,371.38,532.9,385.6,434.36,433.02
1138,OK,81,49,712,712,349.18,371.33,531.98,386.09,434.15,431.69
1139,OK,81,48,713,713,349.35,370.13,532.2,386.13,433.25,430.02
1140,OK,81,49,710,710,348.96,370.86,531.26,384.99,433.57,431.36
1141,OK,82,50,709,709,349.01,371.36,531.13,385.81,433.03,430.27
1142,OK,82,49,711,711,349.61,371.24,532.18,385.12,433.7,430.42
1143,OK,81,48,712,712,349.78,371.21,532.5,385.75,433.33,430.53
1144,OK,81,50,710,710,348.91,371.92,531.32,385.19,433.32,432.68
1145,OK,82,49,711,711,349.62,371.6,532.19,385.58,434.04,431.4
1146,OK,81,48,712,712,349.12,371.22,532.03,385.49,433.9,431.01
1147,OK,81,48,712,712,349.72,370.44,532.41,385.51,434.18,430.95
1148,OK,80,47,714,714,348.93,371.25,532.32,384.62,434.04,431.74
1149,OK,81,48,710,710,348.98,370.73,531.46,384.4,432.38,430.24
1150,OK,82,50,711,711,349.27,370.92,531.96,385.3,433.66,431.95
1151,OK,81,48,712,712,349.75,371.02,532.46,385.47,433.27,431.42
1152,OK,80,48,713,713,348.69,371.21,531.76,385.79,433.01,430.62
1153,OK,82,49,710,710,349.47,371.37,531.85,385.67,434.11,430.55
1154,OK,80,47,714,714,349.21,370.99,532.56,385.24,434.64,431.81
1155,OK,82,49,711,711,349.2,371.4,531.89,385.25,433.96,431.37
1156,OK,80,47,715,715,348.94,371.44,532.68,385.42,434.39,431.23
1157,OK,80,48,712,712,348.74,371.54,531.55,385.42,433.19,430.04
1158,OK,81,49,711,711,349.1,371.63,531.6,385.61,432.86,430.49
1159,OK,81,47,713,713,349.6,371.0,532.68,385.39,433.62,429.72
1160,OK,82,49,711,711,349.92,371.04,532.44,385.45,434.29,430.52
1161,OK,82,50,711,711,349.51,371.51,532.14,385.54,433.81,431.69
1162,OK,82,49,711,711,349.52,371.77,532.22,385.63,434.69,431.11
1163,OK,81,49,712,712,349.57,371.93,532.43,385.87,434.03,432.05
1164,OK,81,48,712,712,349.39,371.8,532.28,385.9,433.79,430.71
1165,OK,80,47,714,714,349.17,372.16,532.59,385.21,433.64,430.65
1166,OK,81,48,712,712,349.22,371.61,532.17,385.17,433.43,430.32
1167,OK,82,48,713,713,349.47,372.13,532.62,385.58,435.0,430.94
1168,OK,82,49,710,710,349.33,371.71,531.68,385.02,433.98,430.79
1169,OK,81,49,713,713,349.01,371.92,532.11,385.94,433.97,431.57
1170,OK,81,49,712,712,349.76,371.32,532.39,386.55,433.78,431.3
1171,OK,81,49,712,712,349.16,372.11,532.08,386.5,434.27,432.45
1172,OK,82,48,714,714,351.36,372.34,534.6,388.68,436.31,430.0
1173,OK,82,47,714,714,351.42,371.72,534.56,387.87,436.11,429.15
1174,OK,80,47,715,715,349.23,372.12,532.92,385.4,434.44,429.28
1175,OK,82,49,713,713,350.26,372.25,533.27,387.26,435.12,430.63
1176,OK,81,47,714,714,350.1,371.16,533.45,386.98,434.56,428.93
1177,OK,81,48,713,713,349.52,371.59,532.33,387.76,433.29,429.48
1178,OK,83,49,708,708,349.78,370.53,531.59,385.86,433.94,429.52
1179,OK,85,52,705,705,350.13,371.37,531.07,386.74,434.7,430.22
1180,OK,81,49,711,711,349.18,371.47,531.83,385.87,433.31,431.31
1181,OK,81,49,713,713,349.36,370.53,532.43,386.01,433.96,431.83
1182,OK,83,49,709,709,349.77,370.43,531.69,385.3,435.23,429.34
1183,OK,80,46,715,715,349.27,369.37,532.68,385.33,433.53,428.95
1184,OK,82,47,711,711,349.47,368.12,531.93,384.24,433.42,428.46
1185,OK,80,43,716,716,348.89,367.27,532.62,382.0,435.35,427.6
1186,OK,76,39,721,721,349.11,365.5,533.99,383.29,431.91,425.55
1187,OK,79,42,714,714,349.03,365.31,532.16,382.53,433.06,424.98
1188,OK,79,42,713,713,348.13,365.72,531.07,381.36,431.7,424.43
1189,OK,79,43,712,712,348.96,366.41,531.41,384.11,431.31,423.65
1190,OK,80,43,713,713,349.23,365.89,532.08,382.95,432.1,423.76
1191,OK,79,41,715,715,348.8,365.46,532.1,382.16,432.43,423.81
1192,OK,81,44,711,711,349.2,366.0,531.49,382.57,432.06,424.73
1193,OK,77,41,717,717,348.58,365.56,532.23,383.8,431.19,423.76
1194,OK,76,39,718,718,348.39,365.91,532.37,383.89,431.35,422.81
1195,OK,78,42,717,717,349.06,366.82,532.75,385.47,431.41,424.01
1196,OK,79,44,712,712,348.9,367.27,531.36,385.25,430.64,424.48
1197,OK,80,44,713,713,348.64,368.08,531.52,384.83,432.36,424.28
1198,OK,78,42,714,714,348.91,366.46,531.91,384.59,431.27,423.97
1199,OK,79,44,714,714,348.12,368.41,531.25,384.86,432.72,426.77
1200,OK,78,43,715,715,348.97,367.25,532.28,386.09,431.09,425.15
1201,OK,79,43,715,715,349.16,367.52,532.45,386.4,431.21,423.58
1202,OK,78,42,714,714,349.03,367.41,531.87,386.62,431.46,421.98
1203,OK,79,43,715,715,348.98,367.66,532.15,386.01,431.51,423.57
1204,OK,80,45,713,713,349.76,367.57,532.35,386.04,431.93,426.19
1205,OK,78,43,715,715,348.9,367.13,532.01,386.41,430.74,424.68
1206,OK,76,41,718,718,348.5,367.99,532.49,386.52,429.66,424.51
1207,OK,78,43,716,716,349.12,367.43,532.61,387.18,431.87,424.92
1208,OK,78,43,714,714,349.44,367.59,532.35,386.02,430.91,424.27
1209,OK,77,42,717,717,348.86,367.67,532.51,387.22,430.05,422.63
1210,OK,76,41,719,719,348.48,367.07,532.57,386.74,430.94,423.95
1211,OK,80,45,713,713,348.98,368.28,531.8,386.27,431.78,426.01
1212,OK,81,46,710,710,349.96,368.02,532.07,385.76,432.54,425.28
1213,OK,78,44,715,715,348.55,367.84,532.0,385.31,431.39,427.21
1214,OK,80,46,712,712,348.95,368.44,531.59,386.32,432.06,426.99
1215,OK,80,44,713,713,349.61,367.17,532.37,386.51,431.49,424.93
1216,OK,78,44,715,715,349.44,369.01,532.63,387.99,430.54,423.55
1217,OK,75,41,720,720,348.44,369.65,532.99,388.09,430.79,424.7
1218,OK,79,44,714,714,348.56,368.79,531.56,386.02,432.28,426.38
1219,OK,79,45,714,714,349.3,368.59,532.38,386.93,432.34,426.34
1220,OK,78,45,714,714,348.73,369.08,531.73,387.1,431.41,426.21
1221,OK,80,46,712,712,348.72,369.45,531.37,385.6,433.39,427.68
1222,OK,81,47,711,711,348.78,370.57,531.24,386.98,433.44,426.64
1223,OK,80,45,715,715,350.07,370.76,533.31,388.01,432.47,425.88
1224,OK,80,44,713,713,348.71,370.16,531.56,386.14,432.62,423.77
1225,OK,80,46,712,712,349.16,370.05,531.83,386.76,433.32,425.95
1226,OK,82,47,709,709,349.7,368.81,531.61,386.0,432.96,425.86
1227,OK,81,47,711,711,349.36,369.96,531.66,387.08,432.39,427.48
1228,OK,80,46,713,713,348.43,369.97,531.35,385.36,433.2,428.14
1229,OK,80,47,712,712,349.23,369.82,531.83,386.23,433.26,428.49
1230,OK,84,50,708,708,349.73,370.83,531.57,385.68,435.48,430.62
1231,OK,80,47,714,714,348.33,372.02,531.84,384.85,434.51,431.05
1232,OK,81,47,713,713,348.81,370.06,531.78,384.57,434.49,429.28
1233,OK,80,47,712,712,349.11,370.43,532.04,384.9,432.95,428.89
1234,OK,81,48,713,713,349.14,371.05,532.33,385.14,433.77,430.52
1235,OK,81,48,713,713,348.0,370.87,531.28,384.26,434.47,430.49
1236,OK,81,48,712,712,349.38,370.73,532.16,385.26,433.47,430.57
1237,OK,78,47,716,716,347.82,371.3,531.74,385.08,433.32,432.01
1238,OK,82,48,711,711,349.55,370.79,532.17,385.44,433.21,429.77
1239,OK,82,48,710,710,348.95,369.9,531.33,384.79,433.91,430.18
1240,OK,82,49,708,708,349.75,370.19,531.58,385.66,432.91,429.93
1241,OK,83,50,709,709,349.26,370.54,531.38,385.71,434.61,430.49
1242,OK,83,50,709,709,349.16,370.81,531.22,385.41,435.11,431.1
1243,OK,78,46,716,716,348.58,370.14,532.19,386.16,431.92,431.01
1244,OK,79,45,717,717,348.9,369.6,532.94,386.4,434.48,428.65
1245,OK,78,44,718,718,349.14,369.77,533.36,386.2,433.76,428.83
1246,OK,79,44,716,716,348.52,369.31,532.2,385.13,433.8,428.36
1247,OK,79,43,716,716,348.69,368.77,532.46,385.21,434.28,426.97
1248,OK,80,46,712,712,348.57,368.98,531.37,385.26,433.44,426.93
1249,OK,79,44,715,715,348.65,368.45,531.92,385.41,433.41,426.81
1250,OK,77,41,718,718,348.29,367.21,532.37,385.41,431.83,424.65
1251,OK,76,41,721,721,348.59,367.01,533.35,386.39,432.49,425.33
1252,OK,78,44,717,717,347.74,369.03,531.79,384.7,433.42,427.9
1253,OK,77,43,718,718,348.16,369.04,532.36,386.41,433.19,427.22
1254,OK,80,46,715,715,348.6,370.22,531.95,386.06,434.25,428.12
1255,OK,79,44,716,716,348.87,370.11,532.64,385.94,434.32,427.5
1256,OK,79,44,717,717,348.46,369.41,532.28,386.29,433.86,427.4
1257,OK,79,45,715,715,348.68,369.51,532.24,385.89,433.44,427.96
1258,OK,78,44,717,717,348.0,369.5,531.92,385.68,432.33,427.12
1259,OK,79,46,715,715,348.81,370.46,532.26,387.13,432.64,427.26
1260,OK,79,45,716,716,349.27,370.39,532.85,386.96,433.39,428.74
1261,OK,79,45,716,716,349.33,371.16,533.19,386.28,434.23,428.44
1262,OK,81,47,713,713,349.37,370.61,532.52,385.29,433.6,430.02
1263,OK,81,48,713,713,349.9,370.99,532.98,386.69,434.04,429.75
1264,OK,81,48,715,715,349.35,371.88,532.86,386.15,435.55,431.46
1265,OK,81,48,713,713,349.48,370.78,532.57,385.9,434.81,431.16
1266,OK,82,50,711,711,349.31,372.2,531.98,386.07,434.44,431.63
1267,OK,80,47,714,714,349.13,370.69,532.36,385.86,433.67,429.79
1268,OK,78,45,718,718,348.66,371.65,532.97,386.02,434.04,430.62
1269,OK,81,49,712,712,350.0,370.49,532.77,386.12,433.55,432.02
1270,OK,80,48,715,715,348.47,372.43,532.24,385.49,434.21,431.41
1271,OK,81,49,712,712,349.12,372.53,531.94,386.02,433.91,431.77
1272,OK,80,48,714,714,349.05,372.28,532.39,385.78,434.34,432.42
1273,OK,80,48,714,714,348.36,372.17,531.84,385.16,434.02,432.71
1274,OK,82,50,710,710,349.3,372.49,531.75,386.11,433.67,431.36
1275,OK,82,49,711,711,349.35,371.2,531.92,386.35,435.07,430.91
1276,OK,81,48,713,713,349.21,370.77,532.32,384.91,435.17,430.79
1277,OK,80,47,715,715,349.2,371.56,532.84,385.23,434.93,431.32
1278,OK,80,47,714,714,349.1,372.15,532.38,385.9,434.78,430.36
1279,OK,84,49,712,712,351.61,372.9,534.29,389.16,437.19,429.34
1280,OK,81,47,714,714,349.95,371.87,533.21,386.17,435.25,430.83
1281,OK,82,47,711,711,349.22,370.09,531.8,385.36,434.42,427.1
1282,OK,83,48,711,711,349.92,370.04,532.34,385.77,435.5,429.82
1283,OK,80,46,715,715,348.18,370.38,531.67,384.81,434.16,429.33
1284,OK,81,47,712,712,349.66,370.7,532.27,386.15,434.97,428.77
1285,OK,81,47,713,713,349.22,370.4,532.14,386.02,434.37,429.19
1286,OK,80,46,714,714,348.32,370.31,531.81,384.1,435.43,429.93
1287,OK,82,47,711,711,350.04,370.8,532.62,386.5,434.35,425.92
1288,OK,81,46,710,710,349.68,370.1,531.67,386.94,431.95,425.32
1289,OK,78,42,716,716,348.6,368.92,532.15,386.11,432.39,423.89
1290,OK,80,46,710,710,348.57,368.67,530.46,386.35,432.14,424.93
1291,OK,79,44,712,712,347.14,368.09,530.0,383.54,432.03,425.46
1292,OK,78,43,715,715,347.39,367.18,530.8,383.07,431.94,425.3
1293,OK,78,44,714,714,346.74,368.64,530.15,383.23,431.7,426.69
1294,OK,78,44,715,715,347.7,367.65,531.08,383.61,432.2,426.97
1295,OK,78,43,717,717,347.45,367.46,531.54,382.1,433.83,428.63
1296,OK,78,43,717,717,347.32,367.91,531.26,383.28,433.06,426.59
1297,OK,77,43,717,717,347.47,367.37,531.5,382.81,432.22,427.27
1298,OK,79,45,714,714,347.96,368.52,531.27,382.91,433.55,429.85
1299,OK,77,43,719,719,348.0,368.68,532.74,382.02,433.28,429.65
1300,OK,80,45,715,715,348.3,368.55,531.91,382.99,434.03,428.76
1301,OK,79,46,717,717,348.45,369.96,532.51,384.65,433.88,431.2
1302,OK,80,46,715,715,349.38,369.37,532.96,383.73,434.16,429.93
1303,OK,82,47,712,712,351.07,371.57,533.39,390.16,434.18,425.4
1304,OK,80,46,714,714,350.19,370.93,533.38,387.41,433.24,427.09
1305,OK,83,49,709,709,349.42,370.34,531.37,385.25,433.68,428.38
1306,OK,79,45,716,716,348.64,370.41,532.47,384.03,434.08,429.05
1307,OK,79,46,717,717,348.45,370.8,532.55,384.5,434.56,430.86
1308,OK,79,46,716,716,349.02,370.15,532.96,384.74,434.41,431.77
1309,OK,80,47,715,715,349.07,370.35,532.74,385.22,433.92,430.82
1310,OK,75,42,722,722,346.73,369.81,532.09,383.65,433.09,430.23
1311,OK,76,43,719,719,347.27,369.5,532.03,383.71,432.25,428.32
1312,OK,75,42,722,722,346.85,369.53,532.3,383.17,432.68,429.88
1313,OK,76,44,718,718,347.03,369.91,531.49,383.78,432.42,430.4
1314,OK,79,45,717,717,348.47,369.86,532.52,383.52,433.97,431.02
1315,OK,79,45,716,716,347.75,369.67,531.8,382.94,434.49,430.82
1316,OK,77,43,720,720,347.96,369.13,532.86,382.47,434.53,430.78
1317,OK,78,44,717,717,347.98,368.33,532.14,381.98,432.93,429.87
1318,OK,78,43,716,716,348.49,367.36,532.2,382.5,432.62,428.51
1319,OK,78,42,719,719,349.03,366.93,533.58,381.51,433.41,429.09
1320,OK,77,41,720,720,348.85,365.89,533.74,379.52,433.85,430.93
1321,OK,81,45,714,714,351.47,363.87,534.58,381.2,434.04,433.44
1322,OK,85,47,709,709,351.88,362.3,533.96,375.23,436.27,434.63
1323,OK,86,47,707,707,352.69,360.06,534.23,374.05,435.77,434.63
1324,OK,85,48,707,707,351.15,361.71,532.78,373.76,435.65,435.8
1325,OK,81,45,716,716,350.49,361.07,534.49,374.28,436.94,439.37
1326,OK,85,48,710,710,351.95,361.18,534.34,376.06,437.49,438.01
1327,OK,86,49,708,708,351.57,369.18,533.45,381.74,438.95,432.27
1328,OK,81,46,719,719,349.33,368.91,534.12,381.91,438.66,436.13
1329,OK,83,47,715,715,350.4,368.45,533.98,382.15,438.1,433.27
1330,OK,85,49,711,711,351.66,367.71,534.37,381.53,437.34,433.98
1331,OK,83,45,715,715,350.86,366.81,534.44,380.17,438.03,432.4
1332,OK,80,43,718,718,350.28,365.75,534.72,378.89,437.35,431.85
1333,OK,81,43,717,717,350.21,365.87,534.3,379.4,437.05,429.46
1334,OK,82,44,715,715,350.83,364.19,534.6,376.32,436.64,431.93
1335,OK,83,43,714,714,351.68,364.48,535.01,378.23,437.46,430.58
1336,OK,81,43,718,718,351.32,365.13,535.74,378.27,437.77,433.41
1337,OK,81,43,717,717,350.97,364.03,535.2,377.38,436.38,432.5
1338,OK,85,47,711,711,350.65,365.2,533.45,375.82,438.49,433.98
1339,OK,84,46,712,712,351.31,364.92,534.25,378.21,437.22,433.3
1340,OK,82,44,716,716,350.83,365.17,534.74,377.9,437.77,433.11
1341,OK,80,42,720,720,350.05,364.83,535.12,377.5,438.02,433.77
1342,OK,79,41,723,723,349.86,366.19,535.69,377.86,438.41,432.47
1343,OK,70,34,734,734,347.89,365.36,536.23,380.39,433.64,430.25
1344,OK,68,32,743,743,347.07,366.76,537.96,379.51,436.16,434.03
1345,OK,66,32,747,747,347.11,365.22,539.16,377.44,436.13,439.67
1346,OK,66,34,745,745,346.84,365.62,538.37,378.4,434.25,440.75
1347,OK,76,45,732,732,350.55,363.95,538.76,376.84,440.34,451.97
1348,OK,74,43,736,736,349.83,363.83,538.85,377.24,440.37,452.14
1349,OK,74,41,736,736,350.24,362.62,539.25,377.29,440.51,449.09
1350,OK,76,43,732,732,350.62,362.09,538.59,376.45,440.78,448.95
1351,OK,77,48,731,731,350.77,362.82,538.64,376.6,440.26,456.43
1352,OK,76,47,733,733,350.8,362.26,538.9,377.24,440.37,456.33
1353,OK,75,47,735,735,350.78,364.11,539.39,378.91,440.36,456.62
1354,OK,74,46,736,736,350.67,364.26,539.63,379.14,439.3,456.98
1355,OK,74,46,737,737,351.25,363.79,540.48,379.3,439.73,457.6
1356,OK,78,49,733,733,351.51,365.19,539.88,377.66,442.97,459.63
1357,OK,72,42,743,743,350.57,365.81,541.55,379.64,441.36,453.79
1358,OK,71,39,744,744,350.69,366.16,541.94,378.7,441.65,451.56
1359,OK,72,37,747,747,351.78,366.41,543.8,380.18,443.32,447.54
1360,OK,72,36,747,747,351.1,364.91,542.99,379.14,443.37,446.43
1361,OK,71,37,747,747,349.63,365.97,541.58,378.83,443.22,449.03
1362,OK,70,38,746,746,349.94,365.74,541.48,380.06,442.17,450.88
1363,OK,73,38,745,745,352.46,362.67,543.66,378.74,442.94,450.23
1364,OK,75,43,740,740,353.13,363.55,543.05,379.97,442.18,454.56
1365,OK,78,44,738,738,355.61,364.83,545.01,380.83,444.96,454.68
1366,OK,79,43,739,739,355.98,365.4,545.77,380.48,445.94,452.57
1367,OK,76,40,743,743,355.34,365.68,545.89,382.17,443.96,448.57
1368,OK,74,38,744,744,354.59,365.65,545.62,381.61,442.74,446.97
1369,OK,71,36,748,748,353.51,366.58,545.36,383.05,441.89,445.79
1370,OK,73,39,742,742,352.9,367.84,543.25,383.94,440.96,445.7
1371,OK,73,38,745,745,353.57,366.58,544.69,382.56,442.03,445.65
1372,OK,71,37,747,747,352.56,366.19,544.27,382.98,441.28,446.48
1373,OK,72,37,745,745,351.72,367.62,543.13,382.56,441.05,443.18
1374,OK,72,37,745,745,351.38,368.65,542.58,383.55,441.95,442.92
1375,OK,76,40,739,739,352.27,369.89,542.06,382.72,442.97,442.24
1376,OK,76,41,737,737,352.31,370.28,541.87,381.54,442.83,442.96
1377,OK,77,44,729,729,350.45,372.31,537.83,382.1,438.28,440.06
1378,OK,78,44,729,729,350.55,374.38,537.92,385.49,439.95,436.62
1379,OK,77,44,727,727,349.09,374.44,536.23,383.83,438.73,436.46
1380,OK,79,45,724,724,349.55,372.52,535.87,380.52,440.16,437.58
1381,OK,76,40,731,731,350.12,367.53,538.07,378.25,438.05,437.69
1382,OK,83,49,715,715,353.15,370.09,536.92,383.98,436.53,435.88
1383,OK,82,47,718,718,354.58,369.78,538.64,387.51,437.08,433.94
1384,OK,77,44,723,723,351.27,369.88,537.0,384.73,433.68,432.86
1385,OK,78,42,724,724,353.0,367.44,538.54,385.21,435.82,432.54
1386,OK,77,41,724,724,351.51,366.0,537.19,382.19,434.15,433.87
1387,OK,78,40,724,724,352.8,364.18,538.47,380.88,434.96,432.13
1388,OK,80,43,718,718,353.21,363.77,537.4,380.4,433.71,432.39
1389,OK,81,42,719,719,353.22,365.49,537.65,382.01,434.69,429.2
1390,OK,81,41,716,716,353.34,367.2,536.95,384.45,433.09,423.56
1391,OK,81,42,718,718,353.73,366.92,537.87,383.87,436.07,428.55
1392,OK,81,42,718,718,353.29,365.46,537.64,381.68,435.29,430.15
1393,OK,82,45,714,714,353.26,365.22,536.6,380.67,434.58,432.13
1394,OK,80,42,718,718,352.72,365.01,536.85,380.85,434.18,430.95
1395,OK,80,44,716,716,351.47,365.89,535.28,380.91,433.85,431.48
1396,OK,79,41,720,720,350.88,365.04,535.89,379.36,434.96,431.17
1397,OK,79,41,720,720,350.86,364.11,535.81,378.26,435.11,432.01
1398,OK,78,41,720,720,350.53,364.6,535.39,379.35,434.35,430.89
1399,OK,81,43,715,715,351.74,362.16,535.44,375.62,432.8,432.49
1400,OK,82,43,717,717,352.53,362.49,536.88,373.81,435.43,434.43
1401,OK,84,45,712,712,353.69,362.51,536.73,374.6,435.95,433.78
1402,OK,86,46,710,710,354.32,362.32,536.87,374.21,437.5,435.01
1403,OK,85,44,715,715,354.03,362.14,537.94,373.44,438.23,434.95
1404,OK,85,44,713,713,354.65,361.39,537.94,373.43,436.88,434.41
1405,OK,83,42,719,719,354.02,360.82,538.78,373.53,438.27,435.07
1406,OK,84,44,715,715,354.45,361.7,538.32,372.94,437.61,436.01
1407,OK,85,45,715,715,354.01,361.93,537.88,373.2,438.65,436.98
1408,OK,86,46,712,712,354.96,362.92,537.99,375.19,438.12,436.92
1409,OK,84,46,715,715,353.39,362.11,537.15,374.38,438.42,438.26
1410,OK,84,46,714,714,353.38,363.03,536.93,374.21,437.86,438.02
1411,OK,85,47,711,711,353.32,360.97,535.85,374.31,436.26,436.86
1412,OK,83,44,715,715,352.26,361.29,536.06,373.22,436.57,436.37
1413,OK,83,46,714,714,352.49,361.75,536.07,374.42,436.72,437.95
1414,OK,83,45,716,716,352.24,363.03,536.27,374.11,437.77,438.93
1415,OK,84,46,712,712,352.09,364.53,535.36,373.43,437.68,435.65
1416,OK,84,45,713,713,352.31,363.88,535.63,373.57,437.04,434.62
1417,OK,85,47,713,713,352.55,362.97,535.97,373.54,438.49,437.94
1418,OK,84,46,713,713,352.39,363.32,535.82,372.77,437.33,436.58
1419,OK,85,46,710,710,352.27,363.46,534.94,373.57,436.68,434.1
1420,OK,85,46,710,710,352.96,363.01,535.42,373.78,437.16,435.57
1421,OK,85,47,711,711,352.63,363.22,535.43,373.99,436.82,437.01
1422,OK,83,44,716,716,352.54,362.9,536.53,374.49,437.65,436.35
1423,OK,84,46,712,712,352.55,364.0,535.54,374.19,437.67,436.06
1424,OK,85,46,712,712,352.24,363.57,535.29,374.31,438.31,435.96
1425,OK,84,46,713,713,351.71,366.39,534.89,378.13,437.98,433.45
1426,OK,82,45,715,715,351.6,366.13,535.32,379.13,436.2,432.61
1427,OK,81,44,719,719,351.07,365.72,535.66,379.06,436.72,434.18
1428,OK,81,43,721,721,351.54,365.29,536.77,379.24,438.23,434.5
1429,OK,82,46,716,716,351.91,366.14,535.87,379.62,437.97,436.07
1430,OK,83,46,716,716,352.11,366.05,536.18,378.69,439.2,436.5
1431,OK,81,45,719,719,351.65,366.7,536.3,379.93,437.83,436.66
1432,OK,83,46,714,714,351.34,364.44,534.94,375.72,436.96,436.23
1433,OK,84,46,713,713,351.76,363.66,535.16,375.48,437.39,435.79
1434,OK,84,46,713,713,351.24,363.61,534.68,374.55,437.23,436.48
1435,OK,84,46,713,713,350.97,363.64,534.45,373.63,438.2,436.48
1436,OK,83,46,714,714,351.49,363.79,535.08,374.27,438.04,437.74
1437,OK,83,47,716,716,351.69,366.76,535.68,378.73,439.6,438.87
1438,OK,81,46,718,718,351.32,366.78,535.91,379.76,437.61,437.53
1439,OK,84,48,714,714,351.65,367.26,535.12,379.91,439.07,436.97
1440,OK,82,46,716,716,351.7,366.95,535.59,379.52,437.68,436.36
1441,OK,83,47,715,715,351.15,366.71,534.95,379.26,438.24,436.29
1442,OK,83,48,715,715,351.4,367.59,535.16,380.22,437.98,437.35
1443,OK,81,45,719,719,350.87,366.81,535.63,378.86,438.38,437.15
1444,OK,86,48,711,711,352.17,363.96,535.07,373.79,439.77,437.69
1445,OK,88,48,709,709,353.36,363.62,535.69,374.86,439.61,436.56
1446,OK,88,49,709,709,353.96,362.64,536.15,374.66,439.65,437.5
1447,OK,90,50,705,705,354.6,363.88,535.89,376.0,439.79,435.93
1448,OK,91,51,703,703,354.56,363.96,535.26,376.24,439.77,435.67
1449,OK,89,50,706,706,353.96,364.14,535.46,375.73,440.15,436.38
1450,OK,87,48,708,708,353.67,363.47,535.48,375.97,439.03,436.03
1451,OK,86,48,710,710,353.68,362.99,536.08,374.84,438.93,437.31
1452,OK,87,49,708,708,353.08,363.24,534.96,375.96,438.32,436.53
1453,OK,85,47,711,711,352.03,363.08,534.84,375.46,437.39,436.47
1454,OK,85,47,711,711,352.78,362.89,535.52,375.19,437.42,436.09
1455,OK,86,48,709,709,352.81,363.18,535.03,375.84,437.75,435.6
1456,OK,86,48,709,709,352.59,362.45,534.63,375.83,436.6,435.99
1457,OK,87,52,702,702,352.13,369.17,532.32,383.33,434.96,429.78
1458,OK,84,50,709,709,351.35,368.17,533.45,381.96,434.5,433.93
1459,OK,85,48,708,708,352.71,363.76,534.65,376.56,436.21,435.79
1460,OK,86,47,708,708,354.18,362.47,535.94,376.47,435.98,434.09
1461,OK,89,49,705,705,354.33,361.84,535.41,376.21,437.54,434.13
1462,OK,86,48,709,709,353.56,362.96,535.64,376.9,437.06,435.25
1463,OK,89,50,704,704,354.28,362.75,535.15,376.35,437.82,434.48
1464,OK,88,50,704,704,354.3,362.29,535.02,377.02,436.71,436.2
1465,OK,90,51,703,703,354.98,362.39,535.42,377.04,437.15,434.82
1466,OK,91,52,701,701,355.61,362.29,535.49,376.69,437.0,435.38
1467,OK,91,52,701,701,355.44,362.34,535.39,377.32,437.06,434.96
1468,OK,88,49,704,704,354.61,361.95,535.47,376.22,436.44,434.82
1469,OK,89,51,701,701,354.73,361.42,534.68,377.05,435.08,433.75
1470,OK,89,50,703,703,354.51,361.93,535.07,376.49,436.86,433.38
1471,OK,90,51,700,700,354.89,362.65,534.66,377.53,436.3,433.28
1472,OK,90,52,699,699,354.66,361.7,533.91,377.84,433.97,433.42
1473,OK,89,51,701,701,354.29,361.86,534.17,376.18,435.07,433.56
1474,OK,91,52,696,696,354.89,362.18,533.54,376.98,434.86,431.86
1475,OK,89,52,699,699,353.44,362.5,532.94,376.88,434.27,432.37
1476,OK,87,50,702,702,353.78,362.23,533.96,378.33,433.7,432.04
1477,OK,87,49,702,702,353.64,361.79,533.8,377.23,433.3,431.63
1478,OK,89,51,701,701,353.98,362.45,533.98,376.98,435.54,433.33
1479,OK,89,50,700,700,354.11,362.83,533.77,378.18,434.44,431.38
1480,OK,88,50,700,700,354.15,362.38,533.64,378.25,433.97,430.18
1481,OK,87,50,705,705,353.44,366.01,534.36,381.63,434.87,431.57
1482,OK,87,49,707,707,354.21,365.93,535.69,382.26,435.76,430.32
1483,OK,85,47,708,708,353.4,365.21,534.93,381.43,434.91,428.94
1484,OK,85,46,708,708,352.65,365.66,534.45,380.91,435.32,428.59
1485,OK,85,46,708,708,352.7,365.29,534.44,381.52,434.52,428.38
1486,OK,86,47,709,709,354.1,364.94,535.86,382.1,435.35,429.36
1487,OK,87,50,706,706,354.52,366.75,535.69,383.39,435.99,430.97
1488,OK,87,50,705,705,354.15,366.1,535.0,382.7,435.25,430.0
1489,OK,86,48,706,706,354.09,366.27,535.05,383.51,435.03,428.99
1490,OK,87,49,706,706,354.29,366.32,535.41,383.28,435.37,429.4
1491,OK,86,49,706,706,354.12,367.01,535.11,383.8,434.95,430.15
1492,OK,88,51,705,705,354.29,366.92,535.15,383.45,435.54,432.47
1493,OK,86,49,706,706,354.3,366.51,535.34,384.13,434.99,429.9
1494,OK,87,49,707,707,354.54,365.86,535.75,383.43,435.97,430.46
1495,OK,87,50,707,707,354.52,366.44,535.8,383.57,435.69,431.06
1496,OK,88,51,705,705,353.98,366.74,534.87,383.44,436.6,431.04
1497,OK,88,51,705,705,354.67,366.12,535.59,382.83,436.47,432.05
1498,OK,87,51,706,706,354.63,366.46,535.74,383.77,436.4,433.03
1499,OK,87,49,707,707,354.44,365.93,535.59,383.32,436.29,431.02
1500,OK,88,51,704,704,354.56,366.36,535.27,382.23,436.02,432.91
1501,OK,91,54,701,701,356.36,366.88,536.07,383.61,436.18,432.91
1502,OK,90,53,703,703,355.76,367.13,536.2,382.88,437.19,433.64
1503,OK,90,53,700,700,356.24,366.66,535.81,383.69,434.64,431.36
1504,OK,89,50,704,704,356.04,367.07,536.61,383.76,435.78,430.24
1505,OK,87,51,704,704,354.77,367.45,535.45,382.44,434.66,431.09
1506,OK,90,52,701,701,355.43,366.84,535.29,382.3,435.18,430.88
1507,OK,91,53,699,699,355.95,366.68,535.24,383.22,434.82,430.51
1508,OK,90,52,701,701,355.49,367.07,535.37,383.22,435.37,430.62
1509,OK,88,52,702,702,355.27,366.51,535.36,383.14,434.48,431.33
1510,OK,88,51,704,704,354.99,366.86,535.69,382.62,434.76,431.7
1511,OK,91,53,699,699,355.89,365.5,535.19,382.39,436.18,431.13
1512,OK,89,52,703,703,355.52,365.88,535.68,383.26,435.43,432.57
1513,OK,90,52,701,701,355.4,366.31,535.3,382.74,434.9,431.21
1514,OK,88,52,702,702,355.17,366.03,535.29,383.25,434.44,431.98
1515,OK,88,51,703,703,355.28,364.99,535.57,382.27,434.05,431.5
1516,OK,87,49,704,704,355.11,365.17,535.53,382.8,433.48,429.95
1517,OK,88,52,702,702,354.67,366.54,534.77,383.2,434.29,431.17
1518,OK,88,50,702,702,355.04,365.91,534.96,382.98,434.7,429.42
1519,OK,89,51,702,702,355.4,365.17,535.37,382.7,434.62,430.52
1520,OK,89,51,702,702,355.66,365.72,535.68,383.71,434.88,429.65
1521,OK,89,50,703,703,355.97,365.55,536.11,384.14,435.3,428.06
1522,OK,94,50,699,699,359.25,366.98,538.02,389.45,438.13,421.66
1523,OK,93,50,702,702,357.83,370.06,537.66,389.59,440.47,424.0
1524,OK,92,53,703,703,358.1,370.79,537.9,391.32,439.99,427.33
1525,OK,93,55,702,702,357.16,373.4,537.27,390.66,441.57,430.39
1526,OK,90,52,711,711,357.24,374.35,539.43,393.9,442.35,431.7
1527,OK,87,53,714,714,356.7,377.0,539.36,397.64,441.01,433.95
1528,OK,82,55,721,721,353.59,380.42,538.18,400.49,438.53,439.72
1529,OK,82,58,718,718,352.89,381.65,536.77,400.25,438.94,444.73
1530,OK,77,57,724,724,350.45,384.14,536.01,402.44,436.22,446.55
1531,OK,77,59,724,724,349.92,384.66,535.42,402.76,436.15,448.32
1532,OK,78,58,722,722,350.6,384.46,535.76,402.3,436.09,445.19
1533,OK,78,54,726,726,352.13,382.54,537.97,402.32,438.19,443.33
1534,OK,83,58,718,718,353.37,381.9,537.27,400.79,438.88,444.63
1535,OK,85,60,712,712,354.93,380.66,537.24,400.61,437.84,441.89
1536,OK,84,60,713,713,352.85,379.66,535.65,398.23,436.98,444.01
1537,OK,78,50,724,724,350.2,378.61,536.37,391.24,437.86,440.99
1538,OK,84,54,715,715,353.36,375.77,536.87,391.28,437.15,439.2
1539,OK,83,51,716,716,353.61,374.57,537.24,391.31,437.1,436.74
1540,OK,84,54,713,713,353.11,373.85,535.95,390.63,436.58,439.33
1541,OK,84,55,713,713,352.89,374.08,535.91,389.0,437.05,441.36
1542,OK,83,52,717,717,352.31,373.42,536.52,387.96,437.92,440.3
1543,OK,81,52,718,718,351.75,372.85,536.05,386.95,436.32,442.69
1544,OK,81,51,718,718,352.02,372.86,536.38,385.96,436.92,442.14
1545,OK,81,53,719,719,352.19,374.24,536.77,388.5,437.41,444.44
1546,OK,84,58,717,717,353.33,380.56,537.03,398.91,439.06,444.21
1547,OK,84,56,722,722,355.99,379.68,540.61,402.14,441.85,444.11
1548,OK,78,53,731,731,352.52,383.24,539.71,402.51,440.04,444.74
1549,OK,80,59,725,725,352.42,384.9,538.16,403.28,439.18,449.15
1550,OK,80,57,727,727,353.04,384.58,539.34,402.38,440.16,447.7
1551,OK,81,59,725,725,353.7,384.5,539.26,404.43,440.48,447.6
1552,OK,82,57,724,724,354.64,384.14,540.03,403.87,441.24,445.32
1553,OK,83,56,725,725,355.06,382.8,540.77,401.75,442.87,445.1
1554,OK,83,56,722,722,354.64,382.18,539.65,399.82,442.51,443.53
1555,OK,85,58,721,721,355.53,382.42,540.26,400.92,442.52,445.42
1556,OK,85,58,718,718,355.62,381.32,539.79,399.2,442.25,443.9
1557,OK,85,55,720,720,355.51,380.35,540.08,397.52,442.46,442.06
1558,OK,84,56,720,720,355.36,379.36,539.94,397.65,441.66,443.73
1559,OK,86,55,718,718,355.14,379.23,539.39,395.59,442.77,441.68
1560,OK,87,57,713,713,356.5,374.47,539.47,391.12,439.23,444.26
1561,OK,85,54,717,717,356.12,372.55,539.94,390.46,438.48,443.61
1562,OK,85,54,717,717,356.56,372.32,540.27,390.84,438.57,443.29
1563,OK,86,55,715,715,355.62,373.27,539.23,389.0,438.85,444.48
1564,OK,88,58,711,711,356.76,374.19,539.24,391.13,439.62,444.58
1565,OK,88,57,714,714,356.14,377.68,539.16,395.06,443.05,443.44
1566,OK,88,57,713,713,357.05,375.79,539.97,393.12,441.26,442.13
1567,OK,91,59,709,709,358.13,374.02,539.84,391.64,441.39,444.49
1568,OK,90,59,710,710,357.45,373.85,539.59,389.73,442.02,446.48
1569,OK,88,53,716,716,357.62,372.28,541.53,386.34,444.25,444.44
1570,OK,90,54,714,714,358.65,371.68,541.87,386.31,444.77,443.26
1571,OK,91,55,712,712,360.7,369.18,543.41,386.12,443.66,444.87
1572,OK,89,53,715,715,359.64,368.6,542.99,385.49,442.41,443.58
1573,OK,90,54,714,714,359.95,368.84,543.14,385.25,442.59,445.22
1574,OK,90,52,717,717,360.12,368.87,544.01,385.09,444.49,443.43
1575,OK,92,56,711,711,360.58,369.26,542.98,385.97,442.73,445.27
1576,OK,94,56,711,711,360.96,369.86,543.54,385.58,445.98,445.46
1577,OK,95,58,707,707,361.83,369.83,543.11,386.54,444.58,443.93
1578,OK,94,56,710,710,362.14,369.28,544.37,385.85,445.11,445.63
1579,OK,95,56,710,710,362.32,369.54,544.48,385.97,446.9,445.01
1580,OK,95,58,709,709,362.49,369.94,544.46,386.08,446.4,447.46
1581,OK,97,60,705,705,362.66,369.79,543.46,386.21,445.76,447.4
1582,OK,96,57,709,709,362.77,369.72,544.64,386.83,446.3,444.91
1583,OK,97,59,705,705,362.95,369.69,543.81,386.09,445.97,445.79
1584,OK,96,57,709,709,362.7,369.42,544.48,385.94,446.75,445.13
1585,OK,97,58,706,706,363.18,369.97,544.25,386.83,446.79,445.51
1586,OK,96,58,706,706,362.68,369.37,543.79,386.61,446.22,445.04
1587,OK,96,58,707,707,362.85,368.49,544.07,386.62,445.42,444.98
1588,OK,95,58,706,706,362.68,368.8,543.56,386.49,444.41,444.9
1589,OK,97,59,703,703,362.93,369.14,543.07,386.95,444.67,443.25
1590,OK,97,59,705,705,362.66,369.58,543.45,386.67,445.38,444.16
1591,OK,96,57,707,707,363.05,368.9,544.12,387.73,445.2,443.3
1592,OK,96,58,704,704,362.39,369.09,542.9,387.27,444.12,443.02
1593,OK,97,59,703,703,362.5,369.31,542.62,387.42,444.46,443.3
1594,OK,97,59,704,704,363.41,369.34,543.91,387.51,445.82,444.35
1595,OK,97,60,703,703,362.2,369.68,542.43,387.17,444.28,444.27
1596,OK,97,59,704,704,362.69,370.01,543.1,387.34,445.47,445.19
1597,OK,96,59,705,705,362.55,369.5,543.39,387.28,444.1,444.82
1598,OK,97,59,705,705,363.39,369.2,543.91,387.87,444.95,444.24
1599,OK,97,60,705,705,362.69,370.02,543.46,387.48,444.99,445.76
1600,OK,97,59,705,705,363.12,370.35,544.0,387.7,446.3,444.82
1601,OK,97,59,705,705,362.93,369.74,543.74,386.55,446.14,445.31
1602,OK,98,60,702,702,363.13,370.05,543.2,387.24,445.9,444.19
1603,OK,98,60,702,702,363.19,370.34,543.06,387.64,445.3,443.56
1604,OK,98,58,705,705,363.89,369.2,544.51,387.23,446.31,442.49
1605,OK,97,58,704,704,363.13,370.25,543.71,387.54,445.17,442.84
1606,OK,96,57,706,706,363.12,369.3,544.12,386.53,444.99,443.1
1607,OK,96,57,707,707,362.77,369.9,544.14,386.83,444.95,442.31
1608,OK,98,58,705,705,363.21,371.22,544.11,387.2,447.06,442.75
1609,OK,98,58,705,705,363.31,371.18,544.21,387.67,446.49,441.1
1610,OK,99,59,703,703,364.23,370.94,544.46,388.73,447.17,441.72
1611,OK,97,57,707,707,363.28,370.81,544.5,387.85,447.22,441.87
1612,OK,98,58,704,704,363.55,370.81,544.03,388.26,446.79,440.62
1613,OK,98,58,705,705,363.84,370.48,544.7,387.78,447.42,441.17
1614,OK,97,57,706,706,363.62,370.91,544.6,388.02,446.94,440.61
1615,OK,96,55,708,708,363.68,370.32,545.19,387.25,447.01,439.99
1616,OK,97,54,710,710,365.01,370.13,547.01,387.42,448.22,440.25
1617,OK,96,54,711,711,364.05,370.59,546.45,387.5,448.52,439.53
1618,OK,97,53,710,710,364.58,370.62,546.81,387.27,448.38,437.82
1619,OK,97,53,710,710,365.1,369.92,547.19,386.91,449.82,438.06
1620,OK,98,54,708,708,365.14,370.09,546.77,386.97,448.65,438.74
1621,OK,96,52,710,710,364.75,369.44,546.74,386.68,447.43,437.67
1622,OK,98,54,706,706,365.01,369.94,546.1,387.06,447.75,437.16
1623,OK,98,53,711,711,365.74,369.67,547.98,387.27,449.85,438.81
1624,OK,98,53,709,709,364.89,370.24,546.88,386.27,449.14,437.72
1625,OK,98,53,710,710,365.96,369.7,548.0,387.81,450.78,438.96
1626,OK,98,55,708,708,364.55,370.96,546.2,386.87,448.93,439.59
1627,OK,97,55,708,708,364.42,371.05,545.93,387.39,448.62,439.52
1628,OK,96,54,710,710,363.86,370.9,545.91,387.36,448.04,438.9
1629,OK,97,55,708,708,364.26,371.09,545.88,387.42,448.48,439.99
1630,OK,95,52,713,713,364.06,369.85,546.8,387.17,448.24,438.6
1631,OK,97,55,708,708,364.84,371.02,546.27,388.63,447.79,438.23
1632,OK,93,51,714,714,364.06,369.13,547.23,386.41,445.77,438.58
1633,OK,94,52,713,713,364.05,369.92,546.84,386.38,446.42,438.58
1634,OK,95,53,712,712,363.95,370.75,546.57,387.27,447.56,439.23
1635,OK,93,51,714,714,363.46,370.0,546.51,387.13,446.24,438.08
1636,OK,97,55,709,709,364.69,371.03,546.38,388.84,447.6,439.43
1637,OK,93,53,712,712,362.05,374.59,544.59,393.01,445.38,435.76
1638,OK,95,55,709,709,361.46,376.28,543.31,392.49,446.69,434.17
1639,OK,93,53,711,711,359.14,373.53,541.88,386.8,446.05,437.71
1640,OK,94,55,709,709,360.94,372.42,542.83,387.32,445.97,439.3
1641,OK,93,54,712,712,361.23,371.34,544.15,386.02,446.09,442.04
1642,OK,93,54,711,711,360.6,372.19,543.21,386.54,445.54,440.05
1643,OK,92,53,713,713,359.95,373.02,543.11,387.4,445.08,439.53
1644,OK,90,52,716,716,359.31,373.61,543.2,387.8,446.39,440.0
1645,OK,90,51,717,717,359.24,373.59,543.32,387.53,446.23,438.02
1646,OK,93,53,713,713,360.1,373.15,543.01,388.21,446.48,438.2
1647,OK,92,53,714,714,359.69,373.91,542.93,388.53,446.84,439.46
1648,OK,92,54,713,713,359.67,373.93,542.72,388.92,446.77,439.38
1649,OK,91,54,712,712,359.45,373.68,542.18,388.31,444.66,439.79
1650,OK,91,54,713,713,358.86,374.26,541.92,389.31,445.28,438.88
1651,OK,95,57,706,706,359.74,373.9,541.06,388.27,445.73,440.0
1652,OK,93,55,709,709,359.72,373.77,541.66,388.98,445.15,438.43
1653,OK,95,57,707,707,359.82,373.79,541.4,388.99,445.53,439.06
1654,OK,93,55,709,709,359.35,373.45,541.23,388.34,444.36,438.74
1655,OK,95,57,705,705,359.83,372.82,540.88,388.02,445.15,438.6
1656,OK,95,57,705,705,359.96,372.98,540.99,388.23,444.64,438.7
1657,OK,94,55,709,709,359.82,372.29,541.7,387.48,445.49,438.36
1658,OK,95,56,707,707,360.34,372.57,541.97,387.03,445.89,438.63
1659,OK,93,53,711,711,360.22,372.43,542.64,387.74,445.55,436.9
1660,OK,91,51,714,714,359.95,372.61,543.27,386.27,446.13,437.41
1661,OK,92,52,714,714,360.61,373.03,543.91,387.45,447.4,438.36
1662,OK,91,51,715,715,359.76,372.72,543.25,387.23,445.05,437.42
1663,OK,93,54,710,710,360.54,372.12,542.77,388.07,444.87,437.97
1664,OK,95,56,706,706,360.82,372.5,542.02,387.59,444.69,439.18
1665,OK,95,56,707,707,360.66,371.58,542.05,387.97,444.65,439.4
1666,OK,93,55,708,708,359.91,371.52,541.67,387.38,444.51,439.67
1667,OK,94,55,709,709,360.07,371.56,541.94,386.92,445.74,440.29
1668,OK,92,54,710,710,360.14,371.76,542.35,388.69,443.93,439.11
1669,OK,96,53,709,709,360.87,372.49,542.89,388.27,448.84,435.56
1670,OK,95,54,710,710,361.27,374.19,543.52,389.2,448.89,436.43
1671,OK,93,51,714,714,360.91,374.47,544.05,389.87,448.28,435.6
1672,OK,91,50,717,717,359.96,374.28,544.14,389.37,447.8,435.3
1673,OK,91,50,716,716,359.68,374.14,543.38,389.06,446.7,436.34
1674,OK,92,53,715,715,359.9,374.29,543.41,388.99,446.6,438.59
1675,OK,92,52,714,714,360.27,374.45,543.59,389.47,447.15,437.53
1676,OK,91,54,712,712,360.0,373.4,542.62,390.96,443.94,438.18
1677,OK,89,54,714,714,359.09,373.21,541.98,391.45,442.67,440.88
1678,OK,96,60,706,706,363.15,378.52,543.47,401.83,444.79,435.98
1679,OK,93,56,711,711,361.6,377.69,543.39,400.12,444.08,435.09
1680,OK,90,51,718,718,361.21,375.47,544.99,395.39,445.37,434.87
1681,OK,89,51,718,718,359.75,375.35,543.7,394.47,444.48,435.5
1682,OK,87,50,720,720,359.1,374.15,543.68,393.02,444.21,437.98
1683,OK,90,54,716,716,359.3,374.97,542.82,392.24,445.44,441.62
1684,OK,87,54,723,723,360.36,380.42,545.26,402.65,445.06,439.54
1685,OK,85,51,724,724,358.03,378.4,543.64,395.86,443.36,439.51
1686,OK,83,52,725,725,356.25,377.0,542.44,391.5,442.32,443.83
1687,OK,80,50,732,732,354.64,377.92,542.78,390.32,444.27,448.93
1688,OK,80,50,732,732,355.48,377.53,543.48,391.28,443.68,449.02
1689,OK,78,46,739,739,355.36,378.03,545.28,391.83,444.38,446.86
1690,OK,82,54,730,730,357.2,383.68,544.31,401.46,443.27,447.24
1691,OK,78,49,736,736,355.23,380.83,544.2,395.85,442.74,447.65
1692,OK,78,48,740,740,356.45,381.24,546.25,398.8,445.65,447.68
1693,OK,79,51,735,735,355.87,380.47,544.58,397.04,443.76,447.31
1694,OK,77,50,739,739,353.89,381.92,543.47,397.84,443.71,449.22
1695,OK,76,49,739,739,353.13,380.88,542.91,396.43,442.75,447.49
1696,OK,77,49,738,738,354.08,381.11,543.55,397.4,444.29,448.57
1697,OK,83,58,725,725,356.34,381.67,541.75,403.42,441.82,447.75
1698,OK,84,58,723,723,356.09,380.63,541.13,400.83,442.2,448.18
1699,OK,82,56,726,726,354.02,381.35,540.23,399.18,442.93,449.67
1700,OK,80,52,728,728,353.09,379.13,539.92,395.85,442.18,445.12
1701,OK,78,51,729,729,350.86,378.72,538.22,392.65,440.42,444.81
1702,OK,77,48,728,728,351.35,376.52,538.22,391.39,437.62,441.0
1703,OK,84,53,719,719,353.87,376.12,538.4,392.15,441.03,441.67
1704,OK,85,52,716,716,353.95,371.77,537.85,385.47,440.91,442.64
1705,OK,87,51,715,715,355.02,369.37,538.63,384.07,441.68,440.54
1706,OK,87,47,716,716,356.22,366.84,540.21,381.16,442.7,437.41
1707,OK,89,46,714,714,356.95,364.95,540.25,379.53,443.68,435.55
1708,OK,93,52,707,707,358.26,364.53,539.57,380.15,444.18,438.25
1709,OK,92,53,709,709,357.29,366.57,539.23,381.21,444.53,441.18
1710,OK,90,53,709,709,355.1,369.3,537.22,382.2,442.35,439.46
1711,OK,97,55,704,704,360.28,363.45,541.22,376.52,448.53,444.32
1712,OK,95,53,709,709,360.73,360.6,542.86,374.59,447.22,447.82
1713,OK,93,51,713,713,360.2,360.07,543.36,374.22,446.71,448.0
1714,OK,94,52,713,713,361.0,360.15,544.23,374.25,448.32,449.17
1715,OK,96,56,708,708,360.08,367.47,542.02,379.85,449.91,447.8
1716,OK,88,49,719,719,359.29,360.4,543.76,375.67,444.27,448.37
1717,OK,84,47,723,723,356.68,360.59,542.26,375.48,442.42,449.16
1718,OK,86,50,719,719,357.03,361.4,541.61,375.9,441.89,449.53
1719,OK,84,49,720,720,355.98,361.48,540.91,375.66,439.66,450.58
1720,OK,83,48,721,721,355.76,360.84,540.92,375.49,439.26,449.41
1721,OK,82,54,716,716,352.52,370.33,536.58,382.85,437.16,449.37
1722,OK,85,50,717,717,355.38,362.66,539.49,375.81,439.94,448.53
1723,OK,82,46,722,722,354.84,362.78,540.41,375.77,440.26,446.14
1724,OK,81,47,720,720,353.03,362.19,538.06,373.59,438.45,448.05
1725,OK,81,46,721,721,352.92,361.42,538.31,372.79,438.09,446.48
1726,OK,82,43,724,724,355.01,357.84,540.89,371.62,440.24,445.55
1727,OK,82,45,721,721,353.4,361.3,538.87,372.58,438.8,444.79
1728,OK,79,44,724,724,352.84,361.65,538.87,373.42,437.52,445.87
1729,OK,81,44,724,724,353.88,361.04,539.84,373.66,439.49,445.55
1730,OK,79,42,726,726,353.0,361.81,539.6,373.43,438.46,444.21
1731,OK,79,43,724,724,351.91,362.46,538.17,372.49,438.36,444.03
1732,OK,78,42,727,727,352.2,360.97,539.11,372.57,437.68,443.8
1733,OK,77,43,726,726,351.0,363.21,537.69,373.83,436.14,444.38
1734,OK,78,44,725,725,352.07,363.33,538.35,375.22,435.56,444.54
1735,OK,76,44,726,726,351.3,363.58,537.94,374.79,435.22,446.46
1736,OK,76,43,729,729,350.62,364.17,537.93,375.46,435.76,446.11
1737,OK,73,43,731,731,349.17,364.62,537.13,375.16,434.33,447.79
1738,OK,73,43,731,731,348.38,363.78,536.35,374.43,434.04,447.57
1739,OK,71,38,737,737,350.03,360.05,539.44,372.68,435.13,446.37
1740,OK,71,40,735,735,348.83,363.38,537.83,373.07,433.33,447.27
1741,OK,72,40,734,734,349.37,363.98,538.21,373.83,434.47,446.59
1742,OK,72,41,735,735,349.52,364.77,538.56,373.48,435.95,447.8
1743,OK,71,40,735,735,348.98,362.85,537.94,372.18,434.11,446.7
1744,OK,73,48,728,728,348.54,372.65,535.57,384.32,433.13,445.99
1745,OK,73,42,730,730,349.0,365.18,536.89,374.39,434.56,445.28
1746,OK,73,40,733,733,348.73,364.5,537.46,372.78,435.87,445.14
1747,OK,72,40,733,733,348.6,363.96,537.33,371.95,434.84,444.47
1748,OK,71,39,735,735,348.36,364.87,537.54,373.14,434.51,444.11
1749,OK,72,40,732,732,348.76,364.07,537.16,372.25,435.0,445.42
1750,OK,72,46,728,728,346.93,372.89,534.09,382.84,431.74,443.51
1751,OK,72,40,733,733,347.86,364.17,536.49,372.45,434.27,444.05
1752,OK,73,39,732,732,348.95,364.16,537.43,372.05,434.98,443.21
1753,OK,73,40,732,732,349.35,363.96,537.7,372.55,435.57,444.14
1754,OK,73,41,732,732,349.76,363.95,537.96,373.48,435.78,445.77
1755,OK,73,40,732,732,349.7,364.04,537.97,373.25,435.65,444.93
1756,OK,70,36,738,738,348.85,364.68,538.84,372.9,435.8,442.52
1757,OK,76,39,731,731,350.71,363.55,538.83,373.64,437.47,441.38
1758,OK,76,38,732,732,351.14,363.73,539.49,372.12,439.16,441.26
1759,OK,75,50,721,721,347.73,372.82,533.15,385.14,430.92,441.46
1760,OK,75,40,730,730,349.66,365.77,537.38,374.6,437.1,440.17
1761,OK,74,38,734,734,350.84,364.1,539.61,373.57,437.47,442.66
1762,OK,74,36,736,736,351.08,363.23,540.45,373.59,438.88,440.54
1763,OK,77,38,731,731,352.06,363.5,540.02,373.63,439.33,438.58
1764,OK,78,39,728,728,352.35,363.29,539.59,373.81,438.78,438.24
1765,OK,79,40,727,727,352.64,362.75,539.55,373.22,438.9,439.64
1766,OK,77,38,732,732,352.56,362.72,540.79,373.5,439.9,440.52
1767,OK,76,38,732,732,351.81,364.05,540.03,374.22,438.58,440.7
1768,OK,77,38,730,730,352.06,363.33,539.79,373.53,438.36,439.27
1769,OK,74,38,735,735,350.81,364.2,539.8,373.33,438.65,442.13
1770,OK,75,37,734,734,351.3,362.94,540.13,373.26,438.39,440.69
1771,OK,74,37,734,734,350.78,363.75,539.62,372.8,438.45,440.9
1772,OK,75,37,735,735,351.61,363.18,540.54,373.56,438.73,440.97
1773,OK,75,37,734,734,351.59,363.1,540.38,372.72,439.52,442.03
1774,OK,76,48,721,721,348.62,371.53,533.97,384.89,432.56,438.78
1775,OK,75,39,732,732,349.91,365.38,538.25,375.07,437.94,440.0
1776,OK,77,37,733,733,352.19,363.38,540.78,373.74,440.02,439.12
1777,OK,78,40,729,729,351.56,363.68,539.04,374.17,439.05,440.6
1778,OK,77,39,730,730,352.43,362.7,540.02,373.53,439.65,440.14
1779,OK,76,46,723,723,348.54,370.87,534.45,381.44,434.21,439.09
1780,OK,78,40,727,727,350.81,363.78,537.88,373.39,437.75,437.83
1781,OK,79,39,727,727,351.92,363.52,539.04,372.83,439.17,437.79
1782,OK,77,38,728,728,351.38,362.69,538.57,372.9,437.88,437.95
1783,OK,76,36,732,732,351.69,362.55,539.98,374.02,439.35,437.27
1784,OK,76,47,722,722,348.7,372.06,534.38,384.32,434.05,437.93
1785,OK,76,42,730,730,350.08,369.28,537.9,378.77,438.98,440.47
1786,OK,75,37,734,734,350.88,364.77,539.61,374.14,439.93,439.87
1787,OK,76,37,733,733,352.12,363.84,540.54,374.92,439.56,437.07
1788,OK,73,34,736,736,349.15,363.96,538.58,371.94,438.6,436.71
1789,OK,75,42,724,724,347.87,367.58,534.03,380.34,435.05,436.03
1790,OK,76,43,725,725,349.14,366.25,535.44,379.03,434.48,437.45
1791,OK,77,40,724,724,349.39,361.42,535.57,371.82,436.07,438.81
1792,OK,80,42,720,720,350.48,360.99,535.59,370.86,437.5,438.4
1793,OK,82,43,716,716,350.92,361.55,534.98,371.69,438.85,437.28
1794,OK,86,47,709,709,350.94,361.97,533.19,372.17,439.18,436.7
1795,OK,80,44,714,714,348.66,366.96,531.97,383.17,433.79,427.16
1796,OK,77,41,719,719,346.99,371.86,531.6,385.12,433.03,422.45
1797,OK,80,45,711,711,346.23,371.97,528.99,383.42,433.68,422.54
1798,OK,78,43,713,713,346.14,368.76,529.15,382.85,431.16,423.15
1799,OK,78,44,713,713,344.62,370.05,527.95,382.07,431.96,424.15
